entity,namespace,local_name,entity_type,comparison_key
http://hl7.org/fhir/AccidentComponent,http://hl7.org/fhir/,AccidentComponent,Class,"('http://hl7.org/fhir/AccidentComponent', 'Class')"
http://hl7.org/fhir/Account,http://hl7.org/fhir/,Account,Class,"('http://hl7.org/fhir/Account', 'Class')"
http://hl7.org/fhir/ActionAssertRuleComponent,http://hl7.org/fhir/,ActionAssertRuleComponent,Class,"('http://hl7.org/fhir/ActionAssertRuleComponent', 'Class')"
http://hl7.org/fhir/ActionAssertRuleParamComponent,http://hl7.org/fhir/,ActionAssertRuleParamComponent,Class,"('http://hl7.org/fhir/ActionAssertRuleParamComponent', 'Class')"
http://hl7.org/fhir/ActionAssertRulesetComponent,http://hl7.org/fhir/,ActionAssertRulesetComponent,Class,"('http://hl7.org/fhir/ActionAssertRulesetComponent', 'Class')"
http://hl7.org/fhir/ActionAssertRulesetRuleComponent,http://hl7.org/fhir/,ActionAssertRulesetRuleComponent,Class,"('http://hl7.org/fhir/ActionAssertRulesetRuleComponent', 'Class')"
http://hl7.org/fhir/ActionAssertRulesetRuleParamComponent,http://hl7.org/fhir/,ActionAssertRulesetRuleParamComponent,Class,"('http://hl7.org/fhir/ActionAssertRulesetRuleParamComponent', 'Class')"
http://hl7.org/fhir/ActivityDefinition,http://hl7.org/fhir/,ActivityDefinition,Class,"('http://hl7.org/fhir/ActivityDefinition', 'Class')"
http://hl7.org/fhir/ActivityDefinitionDynamicValueComponent,http://hl7.org/fhir/,ActivityDefinitionDynamicValueComponent,Class,"('http://hl7.org/fhir/ActivityDefinitionDynamicValueComponent', 'Class')"
http://hl7.org/fhir/ActivityDefinitionParticipantComponent,http://hl7.org/fhir/,ActivityDefinitionParticipantComponent,Class,"('http://hl7.org/fhir/ActivityDefinitionParticipantComponent', 'Class')"
http://hl7.org/fhir/AddedItemComponent,http://hl7.org/fhir/,AddedItemComponent,Class,"('http://hl7.org/fhir/AddedItemComponent', 'Class')"
http://hl7.org/fhir/AddedItemsDetailComponent,http://hl7.org/fhir/,AddedItemsDetailComponent,Class,"('http://hl7.org/fhir/AddedItemsDetailComponent', 'Class')"
http://hl7.org/fhir/Address,http://hl7.org/fhir/,Address,Class,"('http://hl7.org/fhir/Address', 'Class')"
http://hl7.org/fhir/AdjudicationComponent,http://hl7.org/fhir/,AdjudicationComponent,Class,"('http://hl7.org/fhir/AdjudicationComponent', 'Class')"
http://hl7.org/fhir/AdverseEvent,http://hl7.org/fhir/,AdverseEvent,Class,"('http://hl7.org/fhir/AdverseEvent', 'Class')"
http://hl7.org/fhir/AdverseEventSuspectEntityComponent,http://hl7.org/fhir/,AdverseEventSuspectEntityComponent,Class,"('http://hl7.org/fhir/AdverseEventSuspectEntityComponent', 'Class')"
http://hl7.org/fhir/Age,http://hl7.org/fhir/,Age,Class,"('http://hl7.org/fhir/Age', 'Class')"
http://hl7.org/fhir/AgentComponent,http://hl7.org/fhir/,AgentComponent,Class,"('http://hl7.org/fhir/AgentComponent', 'Class')"
http://hl7.org/fhir/AllergyIntolerance,http://hl7.org/fhir/,AllergyIntolerance,Class,"('http://hl7.org/fhir/AllergyIntolerance', 'Class')"
http://hl7.org/fhir/AllergyIntoleranceReactionComponent,http://hl7.org/fhir/,AllergyIntoleranceReactionComponent,Class,"('http://hl7.org/fhir/AllergyIntoleranceReactionComponent', 'Class')"
http://hl7.org/fhir/AnimalComponent,http://hl7.org/fhir/,AnimalComponent,Class,"('http://hl7.org/fhir/AnimalComponent', 'Class')"
http://hl7.org/fhir/Annotation,http://hl7.org/fhir/,Annotation,Class,"('http://hl7.org/fhir/Annotation', 'Class')"
http://hl7.org/fhir/Appointment,http://hl7.org/fhir/,Appointment,Class,"('http://hl7.org/fhir/Appointment', 'Class')"
http://hl7.org/fhir/AppointmentParticipantComponent,http://hl7.org/fhir/,AppointmentParticipantComponent,Class,"('http://hl7.org/fhir/AppointmentParticipantComponent', 'Class')"
http://hl7.org/fhir/AppointmentResponse,http://hl7.org/fhir/,AppointmentResponse,Class,"('http://hl7.org/fhir/AppointmentResponse', 'Class')"
http://hl7.org/fhir/Attachment,http://hl7.org/fhir/,Attachment,Class,"('http://hl7.org/fhir/Attachment', 'Class')"
http://hl7.org/fhir/AuditEvent,http://hl7.org/fhir/,AuditEvent,Class,"('http://hl7.org/fhir/AuditEvent', 'Class')"
http://hl7.org/fhir/AuditEventAgentComponent,http://hl7.org/fhir/,AuditEventAgentComponent,Class,"('http://hl7.org/fhir/AuditEventAgentComponent', 'Class')"
http://hl7.org/fhir/AuditEventAgentNetworkComponent,http://hl7.org/fhir/,AuditEventAgentNetworkComponent,Class,"('http://hl7.org/fhir/AuditEventAgentNetworkComponent', 'Class')"
http://hl7.org/fhir/AuditEventEntityComponent,http://hl7.org/fhir/,AuditEventEntityComponent,Class,"('http://hl7.org/fhir/AuditEventEntityComponent', 'Class')"
http://hl7.org/fhir/AuditEventEntityDetailComponent,http://hl7.org/fhir/,AuditEventEntityDetailComponent,Class,"('http://hl7.org/fhir/AuditEventEntityDetailComponent', 'Class')"
http://hl7.org/fhir/AuditEventSourceComponent,http://hl7.org/fhir/,AuditEventSourceComponent,Class,"('http://hl7.org/fhir/AuditEventSourceComponent', 'Class')"
http://hl7.org/fhir/BackboneElement,http://hl7.org/fhir/,BackboneElement,Class,"('http://hl7.org/fhir/BackboneElement', 'Class')"
http://hl7.org/fhir/Basic,http://hl7.org/fhir/,Basic,Class,"('http://hl7.org/fhir/Basic', 'Class')"
http://hl7.org/fhir/BenefitBalanceComponent,http://hl7.org/fhir/,BenefitBalanceComponent,Class,"('http://hl7.org/fhir/BenefitBalanceComponent', 'Class')"
http://hl7.org/fhir/BenefitComponent,http://hl7.org/fhir/,BenefitComponent,Class,"('http://hl7.org/fhir/BenefitComponent', 'Class')"
http://hl7.org/fhir/BenefitsComponent,http://hl7.org/fhir/,BenefitsComponent,Class,"('http://hl7.org/fhir/BenefitsComponent', 'Class')"
http://hl7.org/fhir/Binary,http://hl7.org/fhir/,Binary,Class,"('http://hl7.org/fhir/Binary', 'Class')"
http://hl7.org/fhir/BodySite,http://hl7.org/fhir/,BodySite,Class,"('http://hl7.org/fhir/BodySite', 'Class')"
http://hl7.org/fhir/Bundle,http://hl7.org/fhir/,Bundle,Class,"('http://hl7.org/fhir/Bundle', 'Class')"
http://hl7.org/fhir/BundleEntryComponent,http://hl7.org/fhir/,BundleEntryComponent,Class,"('http://hl7.org/fhir/BundleEntryComponent', 'Class')"
http://hl7.org/fhir/BundleEntryRequestComponent,http://hl7.org/fhir/,BundleEntryRequestComponent,Class,"('http://hl7.org/fhir/BundleEntryRequestComponent', 'Class')"
http://hl7.org/fhir/BundleEntryResponseComponent,http://hl7.org/fhir/,BundleEntryResponseComponent,Class,"('http://hl7.org/fhir/BundleEntryResponseComponent', 'Class')"
http://hl7.org/fhir/BundleEntrySearchComponent,http://hl7.org/fhir/,BundleEntrySearchComponent,Class,"('http://hl7.org/fhir/BundleEntrySearchComponent', 'Class')"
http://hl7.org/fhir/BundleLinkComponent,http://hl7.org/fhir/,BundleLinkComponent,Class,"('http://hl7.org/fhir/BundleLinkComponent', 'Class')"
http://hl7.org/fhir/CapabilityStatement,http://hl7.org/fhir/,CapabilityStatement,Class,"('http://hl7.org/fhir/CapabilityStatement', 'Class')"
http://hl7.org/fhir/CapabilityStatementDocumentComponent,http://hl7.org/fhir/,CapabilityStatementDocumentComponent,Class,"('http://hl7.org/fhir/CapabilityStatementDocumentComponent', 'Class')"
http://hl7.org/fhir/CapabilityStatementImplementationComponent,http://hl7.org/fhir/,CapabilityStatementImplementationComponent,Class,"('http://hl7.org/fhir/CapabilityStatementImplementationComponent', 'Class')"
http://hl7.org/fhir/CapabilityStatementMessagingComponent,http://hl7.org/fhir/,CapabilityStatementMessagingComponent,Class,"('http://hl7.org/fhir/CapabilityStatementMessagingComponent', 'Class')"
http://hl7.org/fhir/CapabilityStatementMessagingEndpointComponent,http://hl7.org/fhir/,CapabilityStatementMessagingEndpointComponent,Class,"('http://hl7.org/fhir/CapabilityStatementMessagingEndpointComponent', 'Class')"
http://hl7.org/fhir/CapabilityStatementMessagingEventComponent,http://hl7.org/fhir/,CapabilityStatementMessagingEventComponent,Class,"('http://hl7.org/fhir/CapabilityStatementMessagingEventComponent', 'Class')"
http://hl7.org/fhir/CapabilityStatementMessagingSupportedMessageComponent,http://hl7.org/fhir/,CapabilityStatementMessagingSupportedMessageComponent,Class,"('http://hl7.org/fhir/CapabilityStatementMessagingSupportedMessageComponent', 'Class')"
http://hl7.org/fhir/CapabilityStatementRestComponent,http://hl7.org/fhir/,CapabilityStatementRestComponent,Class,"('http://hl7.org/fhir/CapabilityStatementRestComponent', 'Class')"
http://hl7.org/fhir/CapabilityStatementRestOperationComponent,http://hl7.org/fhir/,CapabilityStatementRestOperationComponent,Class,"('http://hl7.org/fhir/CapabilityStatementRestOperationComponent', 'Class')"
http://hl7.org/fhir/CapabilityStatementRestResourceComponent,http://hl7.org/fhir/,CapabilityStatementRestResourceComponent,Class,"('http://hl7.org/fhir/CapabilityStatementRestResourceComponent', 'Class')"
http://hl7.org/fhir/CapabilityStatementRestResourceSearchParamComponent,http://hl7.org/fhir/,CapabilityStatementRestResourceSearchParamComponent,Class,"('http://hl7.org/fhir/CapabilityStatementRestResourceSearchParamComponent', 'Class')"
http://hl7.org/fhir/CapabilityStatementRestSecurityCertificateComponent,http://hl7.org/fhir/,CapabilityStatementRestSecurityCertificateComponent,Class,"('http://hl7.org/fhir/CapabilityStatementRestSecurityCertificateComponent', 'Class')"
http://hl7.org/fhir/CapabilityStatementRestSecurityComponent,http://hl7.org/fhir/,CapabilityStatementRestSecurityComponent,Class,"('http://hl7.org/fhir/CapabilityStatementRestSecurityComponent', 'Class')"
http://hl7.org/fhir/CapabilityStatementSoftwareComponent,http://hl7.org/fhir/,CapabilityStatementSoftwareComponent,Class,"('http://hl7.org/fhir/CapabilityStatementSoftwareComponent', 'Class')"
http://hl7.org/fhir/CarePlan,http://hl7.org/fhir/,CarePlan,Class,"('http://hl7.org/fhir/CarePlan', 'Class')"
http://hl7.org/fhir/CarePlanActivityComponent,http://hl7.org/fhir/,CarePlanActivityComponent,Class,"('http://hl7.org/fhir/CarePlanActivityComponent', 'Class')"
http://hl7.org/fhir/CarePlanActivityDetailComponent,http://hl7.org/fhir/,CarePlanActivityDetailComponent,Class,"('http://hl7.org/fhir/CarePlanActivityDetailComponent', 'Class')"
http://hl7.org/fhir/CareTeam,http://hl7.org/fhir/,CareTeam,Class,"('http://hl7.org/fhir/CareTeam', 'Class')"
http://hl7.org/fhir/CareTeamComponent,http://hl7.org/fhir/,CareTeamComponent,Class,"('http://hl7.org/fhir/CareTeamComponent', 'Class')"
http://hl7.org/fhir/ChargeItem,http://hl7.org/fhir/,ChargeItem,Class,"('http://hl7.org/fhir/ChargeItem', 'Class')"
http://hl7.org/fhir/ChargeItemParticipantComponent,http://hl7.org/fhir/,ChargeItemParticipantComponent,Class,"('http://hl7.org/fhir/ChargeItemParticipantComponent', 'Class')"
http://hl7.org/fhir/Claim,http://hl7.org/fhir/,Claim,Class,"('http://hl7.org/fhir/Claim', 'Class')"
http://hl7.org/fhir/ClaimResponse,http://hl7.org/fhir/,ClaimResponse,Class,"('http://hl7.org/fhir/ClaimResponse', 'Class')"
http://hl7.org/fhir/ClassHistoryComponent,http://hl7.org/fhir/,ClassHistoryComponent,Class,"('http://hl7.org/fhir/ClassHistoryComponent', 'Class')"
http://hl7.org/fhir/ClinicalImpression,http://hl7.org/fhir/,ClinicalImpression,Class,"('http://hl7.org/fhir/ClinicalImpression', 'Class')"
http://hl7.org/fhir/ClinicalImpressionFindingComponent,http://hl7.org/fhir/,ClinicalImpressionFindingComponent,Class,"('http://hl7.org/fhir/ClinicalImpressionFindingComponent', 'Class')"
http://hl7.org/fhir/ClinicalImpressionInvestigationComponent,http://hl7.org/fhir/,ClinicalImpressionInvestigationComponent,Class,"('http://hl7.org/fhir/ClinicalImpressionInvestigationComponent', 'Class')"
http://hl7.org/fhir/CodeSystem,http://hl7.org/fhir/,CodeSystem,Class,"('http://hl7.org/fhir/CodeSystem', 'Class')"
http://hl7.org/fhir/CodeSystemFilterComponent,http://hl7.org/fhir/,CodeSystemFilterComponent,Class,"('http://hl7.org/fhir/CodeSystemFilterComponent', 'Class')"
http://hl7.org/fhir/CodeableConcept,http://hl7.org/fhir/,CodeableConcept,Class,"('http://hl7.org/fhir/CodeableConcept', 'Class')"
http://hl7.org/fhir/Coding,http://hl7.org/fhir/,Coding,Class,"('http://hl7.org/fhir/Coding', 'Class')"
http://hl7.org/fhir/Communication,http://hl7.org/fhir/,Communication,Class,"('http://hl7.org/fhir/Communication', 'Class')"
http://hl7.org/fhir/CommunicationPayloadComponent,http://hl7.org/fhir/,CommunicationPayloadComponent,Class,"('http://hl7.org/fhir/CommunicationPayloadComponent', 'Class')"
http://hl7.org/fhir/CommunicationRequest,http://hl7.org/fhir/,CommunicationRequest,Class,"('http://hl7.org/fhir/CommunicationRequest', 'Class')"
http://hl7.org/fhir/CommunicationRequestPayloadComponent,http://hl7.org/fhir/,CommunicationRequestPayloadComponent,Class,"('http://hl7.org/fhir/CommunicationRequestPayloadComponent', 'Class')"
http://hl7.org/fhir/CommunicationRequestRequesterComponent,http://hl7.org/fhir/,CommunicationRequestRequesterComponent,Class,"('http://hl7.org/fhir/CommunicationRequestRequesterComponent', 'Class')"
http://hl7.org/fhir/CompartmentDefinition,http://hl7.org/fhir/,CompartmentDefinition,Class,"('http://hl7.org/fhir/CompartmentDefinition', 'Class')"
http://hl7.org/fhir/CompartmentDefinitionResourceComponent,http://hl7.org/fhir/,CompartmentDefinitionResourceComponent,Class,"('http://hl7.org/fhir/CompartmentDefinitionResourceComponent', 'Class')"
http://hl7.org/fhir/Composition,http://hl7.org/fhir/,Composition,Class,"('http://hl7.org/fhir/Composition', 'Class')"
http://hl7.org/fhir/CompositionAttesterComponent,http://hl7.org/fhir/,CompositionAttesterComponent,Class,"('http://hl7.org/fhir/CompositionAttesterComponent', 'Class')"
http://hl7.org/fhir/CompositionEventComponent,http://hl7.org/fhir/,CompositionEventComponent,Class,"('http://hl7.org/fhir/CompositionEventComponent', 'Class')"
http://hl7.org/fhir/CompositionRelatesToComponent,http://hl7.org/fhir/,CompositionRelatesToComponent,Class,"('http://hl7.org/fhir/CompositionRelatesToComponent', 'Class')"
http://hl7.org/fhir/ComputableLanguageComponent,http://hl7.org/fhir/,ComputableLanguageComponent,Class,"('http://hl7.org/fhir/ComputableLanguageComponent', 'Class')"
http://hl7.org/fhir/ConceptDefinitionComponent,http://hl7.org/fhir/,ConceptDefinitionComponent,Class,"('http://hl7.org/fhir/ConceptDefinitionComponent', 'Class')"
http://hl7.org/fhir/ConceptDefinitionDesignationComponent,http://hl7.org/fhir/,ConceptDefinitionDesignationComponent,Class,"('http://hl7.org/fhir/ConceptDefinitionDesignationComponent', 'Class')"
http://hl7.org/fhir/ConceptMap,http://hl7.org/fhir/,ConceptMap,Class,"('http://hl7.org/fhir/ConceptMap', 'Class')"
http://hl7.org/fhir/ConceptMapGroupComponent,http://hl7.org/fhir/,ConceptMapGroupComponent,Class,"('http://hl7.org/fhir/ConceptMapGroupComponent', 'Class')"
http://hl7.org/fhir/ConceptMapGroupUnmappedComponent,http://hl7.org/fhir/,ConceptMapGroupUnmappedComponent,Class,"('http://hl7.org/fhir/ConceptMapGroupUnmappedComponent', 'Class')"
http://hl7.org/fhir/ConceptPropertyComponent,http://hl7.org/fhir/,ConceptPropertyComponent,Class,"('http://hl7.org/fhir/ConceptPropertyComponent', 'Class')"
http://hl7.org/fhir/ConceptReferenceComponent,http://hl7.org/fhir/,ConceptReferenceComponent,Class,"('http://hl7.org/fhir/ConceptReferenceComponent', 'Class')"
http://hl7.org/fhir/ConceptReferenceDesignationComponent,http://hl7.org/fhir/,ConceptReferenceDesignationComponent,Class,"('http://hl7.org/fhir/ConceptReferenceDesignationComponent', 'Class')"
http://hl7.org/fhir/ConceptSetComponent,http://hl7.org/fhir/,ConceptSetComponent,Class,"('http://hl7.org/fhir/ConceptSetComponent', 'Class')"
http://hl7.org/fhir/ConceptSetFilterComponent,http://hl7.org/fhir/,ConceptSetFilterComponent,Class,"('http://hl7.org/fhir/ConceptSetFilterComponent', 'Class')"
http://hl7.org/fhir/Condition,http://hl7.org/fhir/,Condition,Class,"('http://hl7.org/fhir/Condition', 'Class')"
http://hl7.org/fhir/ConditionEvidenceComponent,http://hl7.org/fhir/,ConditionEvidenceComponent,Class,"('http://hl7.org/fhir/ConditionEvidenceComponent', 'Class')"
http://hl7.org/fhir/ConditionStageComponent,http://hl7.org/fhir/,ConditionStageComponent,Class,"('http://hl7.org/fhir/ConditionStageComponent', 'Class')"
http://hl7.org/fhir/Consent,http://hl7.org/fhir/,Consent,Class,"('http://hl7.org/fhir/Consent', 'Class')"
http://hl7.org/fhir/ConsentActorComponent,http://hl7.org/fhir/,ConsentActorComponent,Class,"('http://hl7.org/fhir/ConsentActorComponent', 'Class')"
http://hl7.org/fhir/ConsentDataComponent,http://hl7.org/fhir/,ConsentDataComponent,Class,"('http://hl7.org/fhir/ConsentDataComponent', 'Class')"
http://hl7.org/fhir/ConsentPolicyComponent,http://hl7.org/fhir/,ConsentPolicyComponent,Class,"('http://hl7.org/fhir/ConsentPolicyComponent', 'Class')"
http://hl7.org/fhir/ContactComponent,http://hl7.org/fhir/,ContactComponent,Class,"('http://hl7.org/fhir/ContactComponent', 'Class')"
http://hl7.org/fhir/ContactDetail,http://hl7.org/fhir/,ContactDetail,Class,"('http://hl7.org/fhir/ContactDetail', 'Class')"
http://hl7.org/fhir/ContactPoint,http://hl7.org/fhir/,ContactPoint,Class,"('http://hl7.org/fhir/ContactPoint', 'Class')"
http://hl7.org/fhir/Contract,http://hl7.org/fhir/,Contract,Class,"('http://hl7.org/fhir/Contract', 'Class')"
http://hl7.org/fhir/Contributor,http://hl7.org/fhir/,Contributor,Class,"('http://hl7.org/fhir/Contributor', 'Class')"
http://hl7.org/fhir/Count,http://hl7.org/fhir/,Count,Class,"('http://hl7.org/fhir/Count', 'Class')"
http://hl7.org/fhir/Coverage,http://hl7.org/fhir/,Coverage,Class,"('http://hl7.org/fhir/Coverage', 'Class')"
http://hl7.org/fhir/CoverageComponent,http://hl7.org/fhir/,CoverageComponent,Class,"('http://hl7.org/fhir/CoverageComponent', 'Class')"
http://hl7.org/fhir/DataElement,http://hl7.org/fhir/,DataElement,Class,"('http://hl7.org/fhir/DataElement', 'Class')"
http://hl7.org/fhir/DataElementMappingComponent,http://hl7.org/fhir/,DataElementMappingComponent,Class,"('http://hl7.org/fhir/DataElementMappingComponent', 'Class')"
http://hl7.org/fhir/DataRequirement,http://hl7.org/fhir/,DataRequirement,Class,"('http://hl7.org/fhir/DataRequirement', 'Class')"
http://hl7.org/fhir/DataRequirementCodeFilterComponent,http://hl7.org/fhir/,DataRequirementCodeFilterComponent,Class,"('http://hl7.org/fhir/DataRequirementCodeFilterComponent', 'Class')"
http://hl7.org/fhir/DataRequirementDateFilterComponent,http://hl7.org/fhir/,DataRequirementDateFilterComponent,Class,"('http://hl7.org/fhir/DataRequirementDateFilterComponent', 'Class')"
http://hl7.org/fhir/DesignationExcludeComponent,http://hl7.org/fhir/,DesignationExcludeComponent,Class,"('http://hl7.org/fhir/DesignationExcludeComponent', 'Class')"
http://hl7.org/fhir/DesignationExcludeDesignationComponent,http://hl7.org/fhir/,DesignationExcludeDesignationComponent,Class,"('http://hl7.org/fhir/DesignationExcludeDesignationComponent', 'Class')"
http://hl7.org/fhir/DesignationIncludeComponent,http://hl7.org/fhir/,DesignationIncludeComponent,Class,"('http://hl7.org/fhir/DesignationIncludeComponent', 'Class')"
http://hl7.org/fhir/DesignationIncludeDesignationComponent,http://hl7.org/fhir/,DesignationIncludeDesignationComponent,Class,"('http://hl7.org/fhir/DesignationIncludeDesignationComponent', 'Class')"
http://hl7.org/fhir/DetailComponent,http://hl7.org/fhir/,DetailComponent,Class,"('http://hl7.org/fhir/DetailComponent', 'Class')"
http://hl7.org/fhir/DetailsComponent,http://hl7.org/fhir/,DetailsComponent,Class,"('http://hl7.org/fhir/DetailsComponent', 'Class')"
http://hl7.org/fhir/DetectedIssue,http://hl7.org/fhir/,DetectedIssue,Class,"('http://hl7.org/fhir/DetectedIssue', 'Class')"
http://hl7.org/fhir/DetectedIssueMitigationComponent,http://hl7.org/fhir/,DetectedIssueMitigationComponent,Class,"('http://hl7.org/fhir/DetectedIssueMitigationComponent', 'Class')"
http://hl7.org/fhir/Device,http://hl7.org/fhir/,Device,Class,"('http://hl7.org/fhir/Device', 'Class')"
http://hl7.org/fhir/DeviceComponent,http://hl7.org/fhir/,DeviceComponent,Class,"('http://hl7.org/fhir/DeviceComponent', 'Class')"
http://hl7.org/fhir/DeviceComponentProductionSpecificationComponent,http://hl7.org/fhir/,DeviceComponentProductionSpecificationComponent,Class,"('http://hl7.org/fhir/DeviceComponentProductionSpecificationComponent', 'Class')"
http://hl7.org/fhir/DeviceMetric,http://hl7.org/fhir/,DeviceMetric,Class,"('http://hl7.org/fhir/DeviceMetric', 'Class')"
http://hl7.org/fhir/DeviceMetricCalibrationComponent,http://hl7.org/fhir/,DeviceMetricCalibrationComponent,Class,"('http://hl7.org/fhir/DeviceMetricCalibrationComponent', 'Class')"
http://hl7.org/fhir/DeviceRequest,http://hl7.org/fhir/,DeviceRequest,Class,"('http://hl7.org/fhir/DeviceRequest', 'Class')"
http://hl7.org/fhir/DeviceRequestRequesterComponent,http://hl7.org/fhir/,DeviceRequestRequesterComponent,Class,"('http://hl7.org/fhir/DeviceRequestRequesterComponent', 'Class')"
http://hl7.org/fhir/DeviceUdiComponent,http://hl7.org/fhir/,DeviceUdiComponent,Class,"('http://hl7.org/fhir/DeviceUdiComponent', 'Class')"
http://hl7.org/fhir/DeviceUseStatement,http://hl7.org/fhir/,DeviceUseStatement,Class,"('http://hl7.org/fhir/DeviceUseStatement', 'Class')"
http://hl7.org/fhir/DiagnosisComponent,http://hl7.org/fhir/,DiagnosisComponent,Class,"('http://hl7.org/fhir/DiagnosisComponent', 'Class')"
http://hl7.org/fhir/DiagnosticReport,http://hl7.org/fhir/,DiagnosticReport,Class,"('http://hl7.org/fhir/DiagnosticReport', 'Class')"
http://hl7.org/fhir/DiagnosticReportImageComponent,http://hl7.org/fhir/,DiagnosticReportImageComponent,Class,"('http://hl7.org/fhir/DiagnosticReportImageComponent', 'Class')"
http://hl7.org/fhir/DiagnosticReportPerformerComponent,http://hl7.org/fhir/,DiagnosticReportPerformerComponent,Class,"('http://hl7.org/fhir/DiagnosticReportPerformerComponent', 'Class')"
http://hl7.org/fhir/Distance,http://hl7.org/fhir/,Distance,Class,"('http://hl7.org/fhir/Distance', 'Class')"
http://hl7.org/fhir/DocumentManifest,http://hl7.org/fhir/,DocumentManifest,Class,"('http://hl7.org/fhir/DocumentManifest', 'Class')"
http://hl7.org/fhir/DocumentManifestContentComponent,http://hl7.org/fhir/,DocumentManifestContentComponent,Class,"('http://hl7.org/fhir/DocumentManifestContentComponent', 'Class')"
http://hl7.org/fhir/DocumentManifestRelatedComponent,http://hl7.org/fhir/,DocumentManifestRelatedComponent,Class,"('http://hl7.org/fhir/DocumentManifestRelatedComponent', 'Class')"
http://hl7.org/fhir/DocumentReference,http://hl7.org/fhir/,DocumentReference,Class,"('http://hl7.org/fhir/DocumentReference', 'Class')"
http://hl7.org/fhir/DocumentReferenceContentComponent,http://hl7.org/fhir/,DocumentReferenceContentComponent,Class,"('http://hl7.org/fhir/DocumentReferenceContentComponent', 'Class')"
http://hl7.org/fhir/DocumentReferenceContextComponent,http://hl7.org/fhir/,DocumentReferenceContextComponent,Class,"('http://hl7.org/fhir/DocumentReferenceContextComponent', 'Class')"
http://hl7.org/fhir/DocumentReferenceContextRelatedComponent,http://hl7.org/fhir/,DocumentReferenceContextRelatedComponent,Class,"('http://hl7.org/fhir/DocumentReferenceContextRelatedComponent', 'Class')"
http://hl7.org/fhir/DocumentReferenceRelatesToComponent,http://hl7.org/fhir/,DocumentReferenceRelatesToComponent,Class,"('http://hl7.org/fhir/DocumentReferenceRelatesToComponent', 'Class')"
http://hl7.org/fhir/DomainResource,http://hl7.org/fhir/,DomainResource,Class,"('http://hl7.org/fhir/DomainResource', 'Class')"
http://hl7.org/fhir/Dosage,http://hl7.org/fhir/,Dosage,Class,"('http://hl7.org/fhir/Dosage', 'Class')"
http://hl7.org/fhir/Duration,http://hl7.org/fhir/,Duration,Class,"('http://hl7.org/fhir/Duration', 'Class')"
http://hl7.org/fhir/Element,http://hl7.org/fhir/,Element,Class,"('http://hl7.org/fhir/Element', 'Class')"
http://hl7.org/fhir/ElementDefinition,http://hl7.org/fhir/,ElementDefinition,Class,"('http://hl7.org/fhir/ElementDefinition', 'Class')"
http://hl7.org/fhir/ElementDefinitionBaseComponent,http://hl7.org/fhir/,ElementDefinitionBaseComponent,Class,"('http://hl7.org/fhir/ElementDefinitionBaseComponent', 'Class')"
http://hl7.org/fhir/ElementDefinitionBindingComponent,http://hl7.org/fhir/,ElementDefinitionBindingComponent,Class,"('http://hl7.org/fhir/ElementDefinitionBindingComponent', 'Class')"
http://hl7.org/fhir/ElementDefinitionConstraintComponent,http://hl7.org/fhir/,ElementDefinitionConstraintComponent,Class,"('http://hl7.org/fhir/ElementDefinitionConstraintComponent', 'Class')"
http://hl7.org/fhir/ElementDefinitionExampleComponent,http://hl7.org/fhir/,ElementDefinitionExampleComponent,Class,"('http://hl7.org/fhir/ElementDefinitionExampleComponent', 'Class')"
http://hl7.org/fhir/ElementDefinitionMappingComponent,http://hl7.org/fhir/,ElementDefinitionMappingComponent,Class,"('http://hl7.org/fhir/ElementDefinitionMappingComponent', 'Class')"
http://hl7.org/fhir/ElementDefinitionSlicingComponent,http://hl7.org/fhir/,ElementDefinitionSlicingComponent,Class,"('http://hl7.org/fhir/ElementDefinitionSlicingComponent', 'Class')"
http://hl7.org/fhir/ElementDefinitionSlicingDiscriminatorComponent,http://hl7.org/fhir/,ElementDefinitionSlicingDiscriminatorComponent,Class,"('http://hl7.org/fhir/ElementDefinitionSlicingDiscriminatorComponent', 'Class')"
http://hl7.org/fhir/EligibilityRequest,http://hl7.org/fhir/,EligibilityRequest,Class,"('http://hl7.org/fhir/EligibilityRequest', 'Class')"
http://hl7.org/fhir/EligibilityResponse,http://hl7.org/fhir/,EligibilityResponse,Class,"('http://hl7.org/fhir/EligibilityResponse', 'Class')"
http://hl7.org/fhir/Encounter,http://hl7.org/fhir/,Encounter,Class,"('http://hl7.org/fhir/Encounter', 'Class')"
http://hl7.org/fhir/EncounterHospitalizationComponent,http://hl7.org/fhir/,EncounterHospitalizationComponent,Class,"('http://hl7.org/fhir/EncounterHospitalizationComponent', 'Class')"
http://hl7.org/fhir/EncounterLocationComponent,http://hl7.org/fhir/,EncounterLocationComponent,Class,"('http://hl7.org/fhir/EncounterLocationComponent', 'Class')"
http://hl7.org/fhir/EncounterParticipantComponent,http://hl7.org/fhir/,EncounterParticipantComponent,Class,"('http://hl7.org/fhir/EncounterParticipantComponent', 'Class')"
http://hl7.org/fhir/Endpoint,http://hl7.org/fhir/,Endpoint,Class,"('http://hl7.org/fhir/Endpoint', 'Class')"
http://hl7.org/fhir/EnrollmentRequest,http://hl7.org/fhir/,EnrollmentRequest,Class,"('http://hl7.org/fhir/EnrollmentRequest', 'Class')"
http://hl7.org/fhir/EnrollmentResponse,http://hl7.org/fhir/,EnrollmentResponse,Class,"('http://hl7.org/fhir/EnrollmentResponse', 'Class')"
http://hl7.org/fhir/EpisodeOfCare,http://hl7.org/fhir/,EpisodeOfCare,Class,"('http://hl7.org/fhir/EpisodeOfCare', 'Class')"
http://hl7.org/fhir/EpisodeOfCareStatusHistoryComponent,http://hl7.org/fhir/,EpisodeOfCareStatusHistoryComponent,Class,"('http://hl7.org/fhir/EpisodeOfCareStatusHistoryComponent', 'Class')"
http://hl7.org/fhir/ErrorComponent,http://hl7.org/fhir/,ErrorComponent,Class,"('http://hl7.org/fhir/ErrorComponent', 'Class')"
http://hl7.org/fhir/ErrorsComponent,http://hl7.org/fhir/,ErrorsComponent,Class,"('http://hl7.org/fhir/ErrorsComponent', 'Class')"
http://hl7.org/fhir/ExceptActorComponent,http://hl7.org/fhir/,ExceptActorComponent,Class,"('http://hl7.org/fhir/ExceptActorComponent', 'Class')"
http://hl7.org/fhir/ExceptComponent,http://hl7.org/fhir/,ExceptComponent,Class,"('http://hl7.org/fhir/ExceptComponent', 'Class')"
http://hl7.org/fhir/ExceptDataComponent,http://hl7.org/fhir/,ExceptDataComponent,Class,"('http://hl7.org/fhir/ExceptDataComponent', 'Class')"
http://hl7.org/fhir/ExpansionProfile,http://hl7.org/fhir/,ExpansionProfile,Class,"('http://hl7.org/fhir/ExpansionProfile', 'Class')"
http://hl7.org/fhir/ExpansionProfileDesignationComponent,http://hl7.org/fhir/,ExpansionProfileDesignationComponent,Class,"('http://hl7.org/fhir/ExpansionProfileDesignationComponent', 'Class')"
http://hl7.org/fhir/ExpansionProfileExcludedSystemComponent,http://hl7.org/fhir/,ExpansionProfileExcludedSystemComponent,Class,"('http://hl7.org/fhir/ExpansionProfileExcludedSystemComponent', 'Class')"
http://hl7.org/fhir/ExpansionProfileFixedVersionComponent,http://hl7.org/fhir/,ExpansionProfileFixedVersionComponent,Class,"('http://hl7.org/fhir/ExpansionProfileFixedVersionComponent', 'Class')"
http://hl7.org/fhir/ExplanationOfBenefit,http://hl7.org/fhir/,ExplanationOfBenefit,Class,"('http://hl7.org/fhir/ExplanationOfBenefit', 'Class')"
http://hl7.org/fhir/Extension,http://hl7.org/fhir/,Extension,Class,"('http://hl7.org/fhir/Extension', 'Class')"
http://hl7.org/fhir/FamilyMemberHistory,http://hl7.org/fhir/,FamilyMemberHistory,Class,"('http://hl7.org/fhir/FamilyMemberHistory', 'Class')"
http://hl7.org/fhir/FamilyMemberHistoryConditionComponent,http://hl7.org/fhir/,FamilyMemberHistoryConditionComponent,Class,"('http://hl7.org/fhir/FamilyMemberHistoryConditionComponent', 'Class')"
http://hl7.org/fhir/Flag,http://hl7.org/fhir/,Flag,Class,"('http://hl7.org/fhir/Flag', 'Class')"
http://hl7.org/fhir/FriendlyLanguageComponent,http://hl7.org/fhir/,FriendlyLanguageComponent,Class,"('http://hl7.org/fhir/FriendlyLanguageComponent', 'Class')"
http://hl7.org/fhir/Goal,http://hl7.org/fhir/,Goal,Class,"('http://hl7.org/fhir/Goal', 'Class')"
http://hl7.org/fhir/GoalTargetComponent,http://hl7.org/fhir/,GoalTargetComponent,Class,"('http://hl7.org/fhir/GoalTargetComponent', 'Class')"
http://hl7.org/fhir/GraphDefinition,http://hl7.org/fhir/,GraphDefinition,Class,"('http://hl7.org/fhir/GraphDefinition', 'Class')"
http://hl7.org/fhir/GraphDefinitionLinkComponent,http://hl7.org/fhir/,GraphDefinitionLinkComponent,Class,"('http://hl7.org/fhir/GraphDefinitionLinkComponent', 'Class')"
http://hl7.org/fhir/GraphDefinitionLinkTargetCompartmentComponent,http://hl7.org/fhir/,GraphDefinitionLinkTargetCompartmentComponent,Class,"('http://hl7.org/fhir/GraphDefinitionLinkTargetCompartmentComponent', 'Class')"
http://hl7.org/fhir/GraphDefinitionLinkTargetComponent,http://hl7.org/fhir/,GraphDefinitionLinkTargetComponent,Class,"('http://hl7.org/fhir/GraphDefinitionLinkTargetComponent', 'Class')"
http://hl7.org/fhir/Group,http://hl7.org/fhir/,Group,Class,"('http://hl7.org/fhir/Group', 'Class')"
http://hl7.org/fhir/GroupCharacteristicComponent,http://hl7.org/fhir/,GroupCharacteristicComponent,Class,"('http://hl7.org/fhir/GroupCharacteristicComponent', 'Class')"
http://hl7.org/fhir/GroupComponent,http://hl7.org/fhir/,GroupComponent,Class,"('http://hl7.org/fhir/GroupComponent', 'Class')"
http://hl7.org/fhir/GroupMemberComponent,http://hl7.org/fhir/,GroupMemberComponent,Class,"('http://hl7.org/fhir/GroupMemberComponent', 'Class')"
http://hl7.org/fhir/GuarantorComponent,http://hl7.org/fhir/,GuarantorComponent,Class,"('http://hl7.org/fhir/GuarantorComponent', 'Class')"
http://hl7.org/fhir/GuidanceResponse,http://hl7.org/fhir/,GuidanceResponse,Class,"('http://hl7.org/fhir/GuidanceResponse', 'Class')"
http://hl7.org/fhir/HealthcareService,http://hl7.org/fhir/,HealthcareService,Class,"('http://hl7.org/fhir/HealthcareService', 'Class')"
http://hl7.org/fhir/HealthcareServiceAvailableTimeComponent,http://hl7.org/fhir/,HealthcareServiceAvailableTimeComponent,Class,"('http://hl7.org/fhir/HealthcareServiceAvailableTimeComponent', 'Class')"
http://hl7.org/fhir/HealthcareServiceNotAvailableComponent,http://hl7.org/fhir/,HealthcareServiceNotAvailableComponent,Class,"('http://hl7.org/fhir/HealthcareServiceNotAvailableComponent', 'Class')"
http://hl7.org/fhir/HumanName,http://hl7.org/fhir/,HumanName,Class,"('http://hl7.org/fhir/HumanName', 'Class')"
http://hl7.org/fhir/Identifier,http://hl7.org/fhir/,Identifier,Class,"('http://hl7.org/fhir/Identifier', 'Class')"
http://hl7.org/fhir/ImagingManifest,http://hl7.org/fhir/,ImagingManifest,Class,"('http://hl7.org/fhir/ImagingManifest', 'Class')"
http://hl7.org/fhir/ImagingStudy,http://hl7.org/fhir/,ImagingStudy,Class,"('http://hl7.org/fhir/ImagingStudy', 'Class')"
http://hl7.org/fhir/ImagingStudySeriesComponent,http://hl7.org/fhir/,ImagingStudySeriesComponent,Class,"('http://hl7.org/fhir/ImagingStudySeriesComponent', 'Class')"
http://hl7.org/fhir/ImagingStudySeriesInstanceComponent,http://hl7.org/fhir/,ImagingStudySeriesInstanceComponent,Class,"('http://hl7.org/fhir/ImagingStudySeriesInstanceComponent', 'Class')"
http://hl7.org/fhir/Immunization,http://hl7.org/fhir/,Immunization,Class,"('http://hl7.org/fhir/Immunization', 'Class')"
http://hl7.org/fhir/ImmunizationExplanationComponent,http://hl7.org/fhir/,ImmunizationExplanationComponent,Class,"('http://hl7.org/fhir/ImmunizationExplanationComponent', 'Class')"
http://hl7.org/fhir/ImmunizationPractitionerComponent,http://hl7.org/fhir/,ImmunizationPractitionerComponent,Class,"('http://hl7.org/fhir/ImmunizationPractitionerComponent', 'Class')"
http://hl7.org/fhir/ImmunizationReactionComponent,http://hl7.org/fhir/,ImmunizationReactionComponent,Class,"('http://hl7.org/fhir/ImmunizationReactionComponent', 'Class')"
http://hl7.org/fhir/ImmunizationRecommendation,http://hl7.org/fhir/,ImmunizationRecommendation,Class,"('http://hl7.org/fhir/ImmunizationRecommendation', 'Class')"
http://hl7.org/fhir/ImmunizationRecommendationRecommendationComponent,http://hl7.org/fhir/,ImmunizationRecommendationRecommendationComponent,Class,"('http://hl7.org/fhir/ImmunizationRecommendationRecommendationComponent', 'Class')"
http://hl7.org/fhir/ImmunizationRecommendationRecommendationDateCriterionComponent,http://hl7.org/fhir/,ImmunizationRecommendationRecommendationDateCriterionComponent,Class,"('http://hl7.org/fhir/ImmunizationRecommendationRecommendationDateCriterionComponent', 'Class')"
http://hl7.org/fhir/ImmunizationRecommendationRecommendationProtocolComponent,http://hl7.org/fhir/,ImmunizationRecommendationRecommendationProtocolComponent,Class,"('http://hl7.org/fhir/ImmunizationRecommendationRecommendationProtocolComponent', 'Class')"
http://hl7.org/fhir/ImmunizationVaccinationProtocolComponent,http://hl7.org/fhir/,ImmunizationVaccinationProtocolComponent,Class,"('http://hl7.org/fhir/ImmunizationVaccinationProtocolComponent', 'Class')"
http://hl7.org/fhir/ImplementationGuide,http://hl7.org/fhir/,ImplementationGuide,Class,"('http://hl7.org/fhir/ImplementationGuide', 'Class')"
http://hl7.org/fhir/ImplementationGuideDependencyComponent,http://hl7.org/fhir/,ImplementationGuideDependencyComponent,Class,"('http://hl7.org/fhir/ImplementationGuideDependencyComponent', 'Class')"
http://hl7.org/fhir/ImplementationGuideGlobalComponent,http://hl7.org/fhir/,ImplementationGuideGlobalComponent,Class,"('http://hl7.org/fhir/ImplementationGuideGlobalComponent', 'Class')"
http://hl7.org/fhir/ImplementationGuidePackageComponent,http://hl7.org/fhir/,ImplementationGuidePackageComponent,Class,"('http://hl7.org/fhir/ImplementationGuidePackageComponent', 'Class')"
http://hl7.org/fhir/ImplementationGuidePackageResourceComponent,http://hl7.org/fhir/,ImplementationGuidePackageResourceComponent,Class,"('http://hl7.org/fhir/ImplementationGuidePackageResourceComponent', 'Class')"
http://hl7.org/fhir/ImplementationGuidePageComponent,http://hl7.org/fhir/,ImplementationGuidePageComponent,Class,"('http://hl7.org/fhir/ImplementationGuidePageComponent', 'Class')"
http://hl7.org/fhir/InstanceComponent,http://hl7.org/fhir/,InstanceComponent,Class,"('http://hl7.org/fhir/InstanceComponent', 'Class')"
http://hl7.org/fhir/InsuranceComponent,http://hl7.org/fhir/,InsuranceComponent,Class,"('http://hl7.org/fhir/InsuranceComponent', 'Class')"
http://hl7.org/fhir/ItemComponent,http://hl7.org/fhir/,ItemComponent,Class,"('http://hl7.org/fhir/ItemComponent', 'Class')"
http://hl7.org/fhir/ItemDetailComponent,http://hl7.org/fhir/,ItemDetailComponent,Class,"('http://hl7.org/fhir/ItemDetailComponent', 'Class')"
http://hl7.org/fhir/ItemsComponent,http://hl7.org/fhir/,ItemsComponent,Class,"('http://hl7.org/fhir/ItemsComponent', 'Class')"
http://hl7.org/fhir/LegalLanguageComponent,http://hl7.org/fhir/,LegalLanguageComponent,Class,"('http://hl7.org/fhir/LegalLanguageComponent', 'Class')"
http://hl7.org/fhir/Library,http://hl7.org/fhir/,Library,Class,"('http://hl7.org/fhir/Library', 'Class')"
http://hl7.org/fhir/Linkage,http://hl7.org/fhir/,Linkage,Class,"('http://hl7.org/fhir/Linkage', 'Class')"
http://hl7.org/fhir/LinkageItemComponent,http://hl7.org/fhir/,LinkageItemComponent,Class,"('http://hl7.org/fhir/LinkageItemComponent', 'Class')"
http://hl7.org/fhir/List,http://hl7.org/fhir/,List,Class,"('http://hl7.org/fhir/List', 'Class')"
http://hl7.org/fhir/ListEntryComponent,http://hl7.org/fhir/,ListEntryComponent,Class,"('http://hl7.org/fhir/ListEntryComponent', 'Class')"
http://hl7.org/fhir/Location,http://hl7.org/fhir/,Location,Class,"('http://hl7.org/fhir/Location', 'Class')"
http://hl7.org/fhir/LocationPositionComponent,http://hl7.org/fhir/,LocationPositionComponent,Class,"('http://hl7.org/fhir/LocationPositionComponent', 'Class')"
http://hl7.org/fhir/Measure,http://hl7.org/fhir/,Measure,Class,"('http://hl7.org/fhir/Measure', 'Class')"
http://hl7.org/fhir/MeasureGroupComponent,http://hl7.org/fhir/,MeasureGroupComponent,Class,"('http://hl7.org/fhir/MeasureGroupComponent', 'Class')"
http://hl7.org/fhir/MeasureGroupPopulationComponent,http://hl7.org/fhir/,MeasureGroupPopulationComponent,Class,"('http://hl7.org/fhir/MeasureGroupPopulationComponent', 'Class')"
http://hl7.org/fhir/MeasureGroupStratifierComponent,http://hl7.org/fhir/,MeasureGroupStratifierComponent,Class,"('http://hl7.org/fhir/MeasureGroupStratifierComponent', 'Class')"
http://hl7.org/fhir/MeasureReport,http://hl7.org/fhir/,MeasureReport,Class,"('http://hl7.org/fhir/MeasureReport', 'Class')"
http://hl7.org/fhir/MeasureReportGroupComponent,http://hl7.org/fhir/,MeasureReportGroupComponent,Class,"('http://hl7.org/fhir/MeasureReportGroupComponent', 'Class')"
http://hl7.org/fhir/MeasureReportGroupPopulationComponent,http://hl7.org/fhir/,MeasureReportGroupPopulationComponent,Class,"('http://hl7.org/fhir/MeasureReportGroupPopulationComponent', 'Class')"
http://hl7.org/fhir/MeasureReportGroupStratifierComponent,http://hl7.org/fhir/,MeasureReportGroupStratifierComponent,Class,"('http://hl7.org/fhir/MeasureReportGroupStratifierComponent', 'Class')"
http://hl7.org/fhir/MeasureSupplementalDataComponent,http://hl7.org/fhir/,MeasureSupplementalDataComponent,Class,"('http://hl7.org/fhir/MeasureSupplementalDataComponent', 'Class')"
http://hl7.org/fhir/Media,http://hl7.org/fhir/,Media,Class,"('http://hl7.org/fhir/Media', 'Class')"
http://hl7.org/fhir/Medication,http://hl7.org/fhir/,Medication,Class,"('http://hl7.org/fhir/Medication', 'Class')"
http://hl7.org/fhir/MedicationAdministration,http://hl7.org/fhir/,MedicationAdministration,Class,"('http://hl7.org/fhir/MedicationAdministration', 'Class')"
http://hl7.org/fhir/MedicationAdministrationDosageComponent,http://hl7.org/fhir/,MedicationAdministrationDosageComponent,Class,"('http://hl7.org/fhir/MedicationAdministrationDosageComponent', 'Class')"
http://hl7.org/fhir/MedicationAdministrationPerformerComponent,http://hl7.org/fhir/,MedicationAdministrationPerformerComponent,Class,"('http://hl7.org/fhir/MedicationAdministrationPerformerComponent', 'Class')"
http://hl7.org/fhir/MedicationDispense,http://hl7.org/fhir/,MedicationDispense,Class,"('http://hl7.org/fhir/MedicationDispense', 'Class')"
http://hl7.org/fhir/MedicationDispensePerformerComponent,http://hl7.org/fhir/,MedicationDispensePerformerComponent,Class,"('http://hl7.org/fhir/MedicationDispensePerformerComponent', 'Class')"
http://hl7.org/fhir/MedicationDispenseSubstitutionComponent,http://hl7.org/fhir/,MedicationDispenseSubstitutionComponent,Class,"('http://hl7.org/fhir/MedicationDispenseSubstitutionComponent', 'Class')"
http://hl7.org/fhir/MedicationIngredientComponent,http://hl7.org/fhir/,MedicationIngredientComponent,Class,"('http://hl7.org/fhir/MedicationIngredientComponent', 'Class')"
http://hl7.org/fhir/MedicationPackageBatchComponent,http://hl7.org/fhir/,MedicationPackageBatchComponent,Class,"('http://hl7.org/fhir/MedicationPackageBatchComponent', 'Class')"
http://hl7.org/fhir/MedicationPackageComponent,http://hl7.org/fhir/,MedicationPackageComponent,Class,"('http://hl7.org/fhir/MedicationPackageComponent', 'Class')"
http://hl7.org/fhir/MedicationPackageContentComponent,http://hl7.org/fhir/,MedicationPackageContentComponent,Class,"('http://hl7.org/fhir/MedicationPackageContentComponent', 'Class')"
http://hl7.org/fhir/MedicationRequest,http://hl7.org/fhir/,MedicationRequest,Class,"('http://hl7.org/fhir/MedicationRequest', 'Class')"
http://hl7.org/fhir/MedicationRequestDispenseRequestComponent,http://hl7.org/fhir/,MedicationRequestDispenseRequestComponent,Class,"('http://hl7.org/fhir/MedicationRequestDispenseRequestComponent', 'Class')"
http://hl7.org/fhir/MedicationRequestRequesterComponent,http://hl7.org/fhir/,MedicationRequestRequesterComponent,Class,"('http://hl7.org/fhir/MedicationRequestRequesterComponent', 'Class')"
http://hl7.org/fhir/MedicationRequestSubstitutionComponent,http://hl7.org/fhir/,MedicationRequestSubstitutionComponent,Class,"('http://hl7.org/fhir/MedicationRequestSubstitutionComponent', 'Class')"
http://hl7.org/fhir/MedicationStatement,http://hl7.org/fhir/,MedicationStatement,Class,"('http://hl7.org/fhir/MedicationStatement', 'Class')"
http://hl7.org/fhir/MessageDefinition,http://hl7.org/fhir/,MessageDefinition,Class,"('http://hl7.org/fhir/MessageDefinition', 'Class')"
http://hl7.org/fhir/MessageDefinitionAllowedResponseComponent,http://hl7.org/fhir/,MessageDefinitionAllowedResponseComponent,Class,"('http://hl7.org/fhir/MessageDefinitionAllowedResponseComponent', 'Class')"
http://hl7.org/fhir/MessageDefinitionFocusComponent,http://hl7.org/fhir/,MessageDefinitionFocusComponent,Class,"('http://hl7.org/fhir/MessageDefinitionFocusComponent', 'Class')"
http://hl7.org/fhir/MessageDestinationComponent,http://hl7.org/fhir/,MessageDestinationComponent,Class,"('http://hl7.org/fhir/MessageDestinationComponent', 'Class')"
http://hl7.org/fhir/MessageHeader,http://hl7.org/fhir/,MessageHeader,Class,"('http://hl7.org/fhir/MessageHeader', 'Class')"
http://hl7.org/fhir/MessageHeaderResponseComponent,http://hl7.org/fhir/,MessageHeaderResponseComponent,Class,"('http://hl7.org/fhir/MessageHeaderResponseComponent', 'Class')"
http://hl7.org/fhir/MessageSourceComponent,http://hl7.org/fhir/,MessageSourceComponent,Class,"('http://hl7.org/fhir/MessageSourceComponent', 'Class')"
http://hl7.org/fhir/Meta,http://hl7.org/fhir/,Meta,Class,"('http://hl7.org/fhir/Meta', 'Class')"
http://hl7.org/fhir/Money,http://hl7.org/fhir/,Money,Class,"('http://hl7.org/fhir/Money', 'Class')"
http://hl7.org/fhir/NamingSystem,http://hl7.org/fhir/,NamingSystem,Class,"('http://hl7.org/fhir/NamingSystem', 'Class')"
http://hl7.org/fhir/NamingSystemUniqueIdComponent,http://hl7.org/fhir/,NamingSystemUniqueIdComponent,Class,"('http://hl7.org/fhir/NamingSystemUniqueIdComponent', 'Class')"
http://hl7.org/fhir/Narrative,http://hl7.org/fhir/,Narrative,Class,"('http://hl7.org/fhir/Narrative', 'Class')"
http://hl7.org/fhir/NoteComponent,http://hl7.org/fhir/,NoteComponent,Class,"('http://hl7.org/fhir/NoteComponent', 'Class')"
http://hl7.org/fhir/NotesComponent,http://hl7.org/fhir/,NotesComponent,Class,"('http://hl7.org/fhir/NotesComponent', 'Class')"
http://hl7.org/fhir/NutritionOrder,http://hl7.org/fhir/,NutritionOrder,Class,"('http://hl7.org/fhir/NutritionOrder', 'Class')"
http://hl7.org/fhir/NutritionOrderEnteralFormulaAdministrationComponent,http://hl7.org/fhir/,NutritionOrderEnteralFormulaAdministrationComponent,Class,"('http://hl7.org/fhir/NutritionOrderEnteralFormulaAdministrationComponent', 'Class')"
http://hl7.org/fhir/NutritionOrderEnteralFormulaComponent,http://hl7.org/fhir/,NutritionOrderEnteralFormulaComponent,Class,"('http://hl7.org/fhir/NutritionOrderEnteralFormulaComponent', 'Class')"
http://hl7.org/fhir/NutritionOrderOralDietComponent,http://hl7.org/fhir/,NutritionOrderOralDietComponent,Class,"('http://hl7.org/fhir/NutritionOrderOralDietComponent', 'Class')"
http://hl7.org/fhir/NutritionOrderOralDietNutrientComponent,http://hl7.org/fhir/,NutritionOrderOralDietNutrientComponent,Class,"('http://hl7.org/fhir/NutritionOrderOralDietNutrientComponent', 'Class')"
http://hl7.org/fhir/NutritionOrderOralDietTextureComponent,http://hl7.org/fhir/,NutritionOrderOralDietTextureComponent,Class,"('http://hl7.org/fhir/NutritionOrderOralDietTextureComponent', 'Class')"
http://hl7.org/fhir/NutritionOrderSupplementComponent,http://hl7.org/fhir/,NutritionOrderSupplementComponent,Class,"('http://hl7.org/fhir/NutritionOrderSupplementComponent', 'Class')"
http://hl7.org/fhir/Observation,http://hl7.org/fhir/,Observation,Class,"('http://hl7.org/fhir/Observation', 'Class')"
http://hl7.org/fhir/ObservationRelatedComponent,http://hl7.org/fhir/,ObservationRelatedComponent,Class,"('http://hl7.org/fhir/ObservationRelatedComponent', 'Class')"
http://hl7.org/fhir/OperationDefinition,http://hl7.org/fhir/,OperationDefinition,Class,"('http://hl7.org/fhir/OperationDefinition', 'Class')"
http://hl7.org/fhir/OperationDefinitionOverloadComponent,http://hl7.org/fhir/,OperationDefinitionOverloadComponent,Class,"('http://hl7.org/fhir/OperationDefinitionOverloadComponent', 'Class')"
http://hl7.org/fhir/OperationDefinitionParameterBindingComponent,http://hl7.org/fhir/,OperationDefinitionParameterBindingComponent,Class,"('http://hl7.org/fhir/OperationDefinitionParameterBindingComponent', 'Class')"
http://hl7.org/fhir/OperationDefinitionParameterComponent,http://hl7.org/fhir/,OperationDefinitionParameterComponent,Class,"('http://hl7.org/fhir/OperationDefinitionParameterComponent', 'Class')"
http://hl7.org/fhir/OperationOutcome,http://hl7.org/fhir/,OperationOutcome,Class,"('http://hl7.org/fhir/OperationOutcome', 'Class')"
http://hl7.org/fhir/OperationOutcomeIssueComponent,http://hl7.org/fhir/,OperationOutcomeIssueComponent,Class,"('http://hl7.org/fhir/OperationOutcomeIssueComponent', 'Class')"
http://hl7.org/fhir/Organization,http://hl7.org/fhir/,Organization,Class,"('http://hl7.org/fhir/Organization', 'Class')"
http://hl7.org/fhir/OrganizationContactComponent,http://hl7.org/fhir/,OrganizationContactComponent,Class,"('http://hl7.org/fhir/OrganizationContactComponent', 'Class')"
http://hl7.org/fhir/OtherElementComponent,http://hl7.org/fhir/,OtherElementComponent,Class,"('http://hl7.org/fhir/OtherElementComponent', 'Class')"
http://hl7.org/fhir/ParameterComponent,http://hl7.org/fhir/,ParameterComponent,Class,"('http://hl7.org/fhir/ParameterComponent', 'Class')"
http://hl7.org/fhir/ParameterDefinition,http://hl7.org/fhir/,ParameterDefinition,Class,"('http://hl7.org/fhir/ParameterDefinition', 'Class')"
http://hl7.org/fhir/Parameters,http://hl7.org/fhir/,Parameters,Class,"('http://hl7.org/fhir/Parameters', 'Class')"
http://hl7.org/fhir/ParametersParameterComponent,http://hl7.org/fhir/,ParametersParameterComponent,Class,"('http://hl7.org/fhir/ParametersParameterComponent', 'Class')"
http://hl7.org/fhir/Patient,http://hl7.org/fhir/,Patient,Class,"('http://hl7.org/fhir/Patient', 'Class')"
http://hl7.org/fhir/PatientCommunicationComponent,http://hl7.org/fhir/,PatientCommunicationComponent,Class,"('http://hl7.org/fhir/PatientCommunicationComponent', 'Class')"
http://hl7.org/fhir/PatientLinkComponent,http://hl7.org/fhir/,PatientLinkComponent,Class,"('http://hl7.org/fhir/PatientLinkComponent', 'Class')"
http://hl7.org/fhir/PayeeComponent,http://hl7.org/fhir/,PayeeComponent,Class,"('http://hl7.org/fhir/PayeeComponent', 'Class')"
http://hl7.org/fhir/PaymentComponent,http://hl7.org/fhir/,PaymentComponent,Class,"('http://hl7.org/fhir/PaymentComponent', 'Class')"
http://hl7.org/fhir/PaymentNotice,http://hl7.org/fhir/,PaymentNotice,Class,"('http://hl7.org/fhir/PaymentNotice', 'Class')"
http://hl7.org/fhir/PaymentReconciliation,http://hl7.org/fhir/,PaymentReconciliation,Class,"('http://hl7.org/fhir/PaymentReconciliation', 'Class')"
http://hl7.org/fhir/Period,http://hl7.org/fhir/,Period,Class,"('http://hl7.org/fhir/Period', 'Class')"
http://hl7.org/fhir/Person,http://hl7.org/fhir/,Person,Class,"('http://hl7.org/fhir/Person', 'Class')"
http://hl7.org/fhir/PersonLinkComponent,http://hl7.org/fhir/,PersonLinkComponent,Class,"('http://hl7.org/fhir/PersonLinkComponent', 'Class')"
http://hl7.org/fhir/PlanDefinition,http://hl7.org/fhir/,PlanDefinition,Class,"('http://hl7.org/fhir/PlanDefinition', 'Class')"
http://hl7.org/fhir/PlanDefinitionActionComponent,http://hl7.org/fhir/,PlanDefinitionActionComponent,Class,"('http://hl7.org/fhir/PlanDefinitionActionComponent', 'Class')"
http://hl7.org/fhir/PlanDefinitionActionConditionComponent,http://hl7.org/fhir/,PlanDefinitionActionConditionComponent,Class,"('http://hl7.org/fhir/PlanDefinitionActionConditionComponent', 'Class')"
http://hl7.org/fhir/PlanDefinitionActionDynamicValueComponent,http://hl7.org/fhir/,PlanDefinitionActionDynamicValueComponent,Class,"('http://hl7.org/fhir/PlanDefinitionActionDynamicValueComponent', 'Class')"
http://hl7.org/fhir/PlanDefinitionActionParticipantComponent,http://hl7.org/fhir/,PlanDefinitionActionParticipantComponent,Class,"('http://hl7.org/fhir/PlanDefinitionActionParticipantComponent', 'Class')"
http://hl7.org/fhir/PlanDefinitionActionRelatedActionComponent,http://hl7.org/fhir/,PlanDefinitionActionRelatedActionComponent,Class,"('http://hl7.org/fhir/PlanDefinitionActionRelatedActionComponent', 'Class')"
http://hl7.org/fhir/PlanDefinitionGoalComponent,http://hl7.org/fhir/,PlanDefinitionGoalComponent,Class,"('http://hl7.org/fhir/PlanDefinitionGoalComponent', 'Class')"
http://hl7.org/fhir/PlanDefinitionGoalTargetComponent,http://hl7.org/fhir/,PlanDefinitionGoalTargetComponent,Class,"('http://hl7.org/fhir/PlanDefinitionGoalTargetComponent', 'Class')"
http://hl7.org/fhir/Practitioner,http://hl7.org/fhir/,Practitioner,Class,"('http://hl7.org/fhir/Practitioner', 'Class')"
http://hl7.org/fhir/PractitionerQualificationComponent,http://hl7.org/fhir/,PractitionerQualificationComponent,Class,"('http://hl7.org/fhir/PractitionerQualificationComponent', 'Class')"
http://hl7.org/fhir/PractitionerRole,http://hl7.org/fhir/,PractitionerRole,Class,"('http://hl7.org/fhir/PractitionerRole', 'Class')"
http://hl7.org/fhir/PractitionerRoleAvailableTimeComponent,http://hl7.org/fhir/,PractitionerRoleAvailableTimeComponent,Class,"('http://hl7.org/fhir/PractitionerRoleAvailableTimeComponent', 'Class')"
http://hl7.org/fhir/PractitionerRoleNotAvailableComponent,http://hl7.org/fhir/,PractitionerRoleNotAvailableComponent,Class,"('http://hl7.org/fhir/PractitionerRoleNotAvailableComponent', 'Class')"
http://hl7.org/fhir/Primitive,http://hl7.org/fhir/,Primitive,Class,"('http://hl7.org/fhir/Primitive', 'Class')"
http://hl7.org/fhir/Procedure,http://hl7.org/fhir/,Procedure,Class,"('http://hl7.org/fhir/Procedure', 'Class')"
http://hl7.org/fhir/ProcedureComponent,http://hl7.org/fhir/,ProcedureComponent,Class,"('http://hl7.org/fhir/ProcedureComponent', 'Class')"
http://hl7.org/fhir/ProcedureFocalDeviceComponent,http://hl7.org/fhir/,ProcedureFocalDeviceComponent,Class,"('http://hl7.org/fhir/ProcedureFocalDeviceComponent', 'Class')"
http://hl7.org/fhir/ProcedurePerformerComponent,http://hl7.org/fhir/,ProcedurePerformerComponent,Class,"('http://hl7.org/fhir/ProcedurePerformerComponent', 'Class')"
http://hl7.org/fhir/ProcedureRequest,http://hl7.org/fhir/,ProcedureRequest,Class,"('http://hl7.org/fhir/ProcedureRequest', 'Class')"
http://hl7.org/fhir/ProcedureRequestRequesterComponent,http://hl7.org/fhir/,ProcedureRequestRequesterComponent,Class,"('http://hl7.org/fhir/ProcedureRequestRequesterComponent', 'Class')"
http://hl7.org/fhir/ProcessRequest,http://hl7.org/fhir/,ProcessRequest,Class,"('http://hl7.org/fhir/ProcessRequest', 'Class')"
http://hl7.org/fhir/ProcessResponse,http://hl7.org/fhir/,ProcessResponse,Class,"('http://hl7.org/fhir/ProcessResponse', 'Class')"
http://hl7.org/fhir/ProcessResponseProcessNoteComponent,http://hl7.org/fhir/,ProcessResponseProcessNoteComponent,Class,"('http://hl7.org/fhir/ProcessResponseProcessNoteComponent', 'Class')"
http://hl7.org/fhir/PropertyComponent,http://hl7.org/fhir/,PropertyComponent,Class,"('http://hl7.org/fhir/PropertyComponent', 'Class')"
http://hl7.org/fhir/Provenance,http://hl7.org/fhir/,Provenance,Class,"('http://hl7.org/fhir/Provenance', 'Class')"
http://hl7.org/fhir/ProvenanceAgentComponent,http://hl7.org/fhir/,ProvenanceAgentComponent,Class,"('http://hl7.org/fhir/ProvenanceAgentComponent', 'Class')"
http://hl7.org/fhir/ProvenanceEntityComponent,http://hl7.org/fhir/,ProvenanceEntityComponent,Class,"('http://hl7.org/fhir/ProvenanceEntityComponent', 'Class')"
http://hl7.org/fhir/Quantity,http://hl7.org/fhir/,Quantity,Class,"('http://hl7.org/fhir/Quantity', 'Class')"
http://hl7.org/fhir/Questionnaire,http://hl7.org/fhir/,Questionnaire,Class,"('http://hl7.org/fhir/Questionnaire', 'Class')"
http://hl7.org/fhir/QuestionnaireItemComponent,http://hl7.org/fhir/,QuestionnaireItemComponent,Class,"('http://hl7.org/fhir/QuestionnaireItemComponent', 'Class')"
http://hl7.org/fhir/QuestionnaireItemEnableWhenComponent,http://hl7.org/fhir/,QuestionnaireItemEnableWhenComponent,Class,"('http://hl7.org/fhir/QuestionnaireItemEnableWhenComponent', 'Class')"
http://hl7.org/fhir/QuestionnaireItemOptionComponent,http://hl7.org/fhir/,QuestionnaireItemOptionComponent,Class,"('http://hl7.org/fhir/QuestionnaireItemOptionComponent', 'Class')"
http://hl7.org/fhir/QuestionnaireResponse,http://hl7.org/fhir/,QuestionnaireResponse,Class,"('http://hl7.org/fhir/QuestionnaireResponse', 'Class')"
http://hl7.org/fhir/QuestionnaireResponseItemAnswerComponent,http://hl7.org/fhir/,QuestionnaireResponseItemAnswerComponent,Class,"('http://hl7.org/fhir/QuestionnaireResponseItemAnswerComponent', 'Class')"
http://hl7.org/fhir/QuestionnaireResponseItemComponent,http://hl7.org/fhir/,QuestionnaireResponseItemComponent,Class,"('http://hl7.org/fhir/QuestionnaireResponseItemComponent', 'Class')"
http://hl7.org/fhir/Range,http://hl7.org/fhir/,Range,Class,"('http://hl7.org/fhir/Range', 'Class')"
http://hl7.org/fhir/Ratio,http://hl7.org/fhir/,Ratio,Class,"('http://hl7.org/fhir/Ratio', 'Class')"
http://hl7.org/fhir/Reference,http://hl7.org/fhir/,Reference,Class,"('http://hl7.org/fhir/Reference', 'Class')"
http://hl7.org/fhir/ReferralRequest,http://hl7.org/fhir/,ReferralRequest,Class,"('http://hl7.org/fhir/ReferralRequest', 'Class')"
http://hl7.org/fhir/ReferralRequestRequesterComponent,http://hl7.org/fhir/,ReferralRequestRequesterComponent,Class,"('http://hl7.org/fhir/ReferralRequestRequesterComponent', 'Class')"
http://hl7.org/fhir/RelatedArtifact,http://hl7.org/fhir/,RelatedArtifact,Class,"('http://hl7.org/fhir/RelatedArtifact', 'Class')"
http://hl7.org/fhir/RelatedClaimComponent,http://hl7.org/fhir/,RelatedClaimComponent,Class,"('http://hl7.org/fhir/RelatedClaimComponent', 'Class')"
http://hl7.org/fhir/RelatedPerson,http://hl7.org/fhir/,RelatedPerson,Class,"('http://hl7.org/fhir/RelatedPerson', 'Class')"
http://hl7.org/fhir/RequestGroup,http://hl7.org/fhir/,RequestGroup,Class,"('http://hl7.org/fhir/RequestGroup', 'Class')"
http://hl7.org/fhir/RequestGroupActionComponent,http://hl7.org/fhir/,RequestGroupActionComponent,Class,"('http://hl7.org/fhir/RequestGroupActionComponent', 'Class')"
http://hl7.org/fhir/RequestGroupActionConditionComponent,http://hl7.org/fhir/,RequestGroupActionConditionComponent,Class,"('http://hl7.org/fhir/RequestGroupActionConditionComponent', 'Class')"
http://hl7.org/fhir/RequestGroupActionRelatedActionComponent,http://hl7.org/fhir/,RequestGroupActionRelatedActionComponent,Class,"('http://hl7.org/fhir/RequestGroupActionRelatedActionComponent', 'Class')"
http://hl7.org/fhir/ResearchStudy,http://hl7.org/fhir/,ResearchStudy,Class,"('http://hl7.org/fhir/ResearchStudy', 'Class')"
http://hl7.org/fhir/ResearchStudyArmComponent,http://hl7.org/fhir/,ResearchStudyArmComponent,Class,"('http://hl7.org/fhir/ResearchStudyArmComponent', 'Class')"
http://hl7.org/fhir/ResearchSubject,http://hl7.org/fhir/,ResearchSubject,Class,"('http://hl7.org/fhir/ResearchSubject', 'Class')"
http://hl7.org/fhir/Resource,http://hl7.org/fhir/,Resource,Class,"('http://hl7.org/fhir/Resource', 'Class')"
http://hl7.org/fhir/ResourceInteractionComponent,http://hl7.org/fhir/,ResourceInteractionComponent,Class,"('http://hl7.org/fhir/ResourceInteractionComponent', 'Class')"
http://hl7.org/fhir/RiskAssessment,http://hl7.org/fhir/,RiskAssessment,Class,"('http://hl7.org/fhir/RiskAssessment', 'Class')"
http://hl7.org/fhir/RiskAssessmentPredictionComponent,http://hl7.org/fhir/,RiskAssessmentPredictionComponent,Class,"('http://hl7.org/fhir/RiskAssessmentPredictionComponent', 'Class')"
http://hl7.org/fhir/RuleParamComponent,http://hl7.org/fhir/,RuleParamComponent,Class,"('http://hl7.org/fhir/RuleParamComponent', 'Class')"
http://hl7.org/fhir/RulesetRuleComponent,http://hl7.org/fhir/,RulesetRuleComponent,Class,"('http://hl7.org/fhir/RulesetRuleComponent', 'Class')"
http://hl7.org/fhir/RulesetRuleParamComponent,http://hl7.org/fhir/,RulesetRuleParamComponent,Class,"('http://hl7.org/fhir/RulesetRuleParamComponent', 'Class')"
http://hl7.org/fhir/SampledData,http://hl7.org/fhir/,SampledData,Class,"('http://hl7.org/fhir/SampledData', 'Class')"
http://hl7.org/fhir/Schedule,http://hl7.org/fhir/,Schedule,Class,"('http://hl7.org/fhir/Schedule', 'Class')"
http://hl7.org/fhir/SearchParameter,http://hl7.org/fhir/,SearchParameter,Class,"('http://hl7.org/fhir/SearchParameter', 'Class')"
http://hl7.org/fhir/SearchParameterComponentComponent,http://hl7.org/fhir/,SearchParameterComponentComponent,Class,"('http://hl7.org/fhir/SearchParameterComponentComponent', 'Class')"
http://hl7.org/fhir/SectionComponent,http://hl7.org/fhir/,SectionComponent,Class,"('http://hl7.org/fhir/SectionComponent', 'Class')"
http://hl7.org/fhir/Sequence,http://hl7.org/fhir/,Sequence,Class,"('http://hl7.org/fhir/Sequence', 'Class')"
http://hl7.org/fhir/SequenceQualityComponent,http://hl7.org/fhir/,SequenceQualityComponent,Class,"('http://hl7.org/fhir/SequenceQualityComponent', 'Class')"
http://hl7.org/fhir/SequenceReferenceSeqComponent,http://hl7.org/fhir/,SequenceReferenceSeqComponent,Class,"('http://hl7.org/fhir/SequenceReferenceSeqComponent', 'Class')"
http://hl7.org/fhir/SequenceRepositoryComponent,http://hl7.org/fhir/,SequenceRepositoryComponent,Class,"('http://hl7.org/fhir/SequenceRepositoryComponent', 'Class')"
http://hl7.org/fhir/SequenceVariantComponent,http://hl7.org/fhir/,SequenceVariantComponent,Class,"('http://hl7.org/fhir/SequenceVariantComponent', 'Class')"
http://hl7.org/fhir/SeriesComponent,http://hl7.org/fhir/,SeriesComponent,Class,"('http://hl7.org/fhir/SeriesComponent', 'Class')"
http://hl7.org/fhir/ServiceDefinition,http://hl7.org/fhir/,ServiceDefinition,Class,"('http://hl7.org/fhir/ServiceDefinition', 'Class')"
http://hl7.org/fhir/SetupActionAssertComponent,http://hl7.org/fhir/,SetupActionAssertComponent,Class,"('http://hl7.org/fhir/SetupActionAssertComponent', 'Class')"
http://hl7.org/fhir/SetupActionComponent,http://hl7.org/fhir/,SetupActionComponent,Class,"('http://hl7.org/fhir/SetupActionComponent', 'Class')"
http://hl7.org/fhir/SetupActionOperationComponent,http://hl7.org/fhir/,SetupActionOperationComponent,Class,"('http://hl7.org/fhir/SetupActionOperationComponent', 'Class')"
http://hl7.org/fhir/SetupActionOperationRequestHeaderComponent,http://hl7.org/fhir/,SetupActionOperationRequestHeaderComponent,Class,"('http://hl7.org/fhir/SetupActionOperationRequestHeaderComponent', 'Class')"
http://hl7.org/fhir/SignatoryComponent,http://hl7.org/fhir/,SignatoryComponent,Class,"('http://hl7.org/fhir/SignatoryComponent', 'Class')"
http://hl7.org/fhir/Signature,http://hl7.org/fhir/,Signature,Class,"('http://hl7.org/fhir/Signature', 'Class')"
http://hl7.org/fhir/SimpleQuantity,http://hl7.org/fhir/,SimpleQuantity,Class,"('http://hl7.org/fhir/SimpleQuantity', 'Class')"
http://hl7.org/fhir/Slot,http://hl7.org/fhir/,Slot,Class,"('http://hl7.org/fhir/Slot', 'Class')"
http://hl7.org/fhir/SourceElementComponent,http://hl7.org/fhir/,SourceElementComponent,Class,"('http://hl7.org/fhir/SourceElementComponent', 'Class')"
http://hl7.org/fhir/SpecialConditionComponent,http://hl7.org/fhir/,SpecialConditionComponent,Class,"('http://hl7.org/fhir/SpecialConditionComponent', 'Class')"
http://hl7.org/fhir/Specimen,http://hl7.org/fhir/,Specimen,Class,"('http://hl7.org/fhir/Specimen', 'Class')"
http://hl7.org/fhir/SpecimenCollectionComponent,http://hl7.org/fhir/,SpecimenCollectionComponent,Class,"('http://hl7.org/fhir/SpecimenCollectionComponent', 'Class')"
http://hl7.org/fhir/SpecimenContainerComponent,http://hl7.org/fhir/,SpecimenContainerComponent,Class,"('http://hl7.org/fhir/SpecimenContainerComponent', 'Class')"
http://hl7.org/fhir/SpecimenProcessingComponent,http://hl7.org/fhir/,SpecimenProcessingComponent,Class,"('http://hl7.org/fhir/SpecimenProcessingComponent', 'Class')"
http://hl7.org/fhir/StatusHistoryComponent,http://hl7.org/fhir/,StatusHistoryComponent,Class,"('http://hl7.org/fhir/StatusHistoryComponent', 'Class')"
http://hl7.org/fhir/StratifierGroupComponent,http://hl7.org/fhir/,StratifierGroupComponent,Class,"('http://hl7.org/fhir/StratifierGroupComponent', 'Class')"
http://hl7.org/fhir/StratifierGroupPopulationComponent,http://hl7.org/fhir/,StratifierGroupPopulationComponent,Class,"('http://hl7.org/fhir/StratifierGroupPopulationComponent', 'Class')"
http://hl7.org/fhir/StructureDefinition,http://hl7.org/fhir/,StructureDefinition,Class,"('http://hl7.org/fhir/StructureDefinition', 'Class')"
http://hl7.org/fhir/StructureDefinitionDifferentialComponent,http://hl7.org/fhir/,StructureDefinitionDifferentialComponent,Class,"('http://hl7.org/fhir/StructureDefinitionDifferentialComponent', 'Class')"
http://hl7.org/fhir/StructureDefinitionMappingComponent,http://hl7.org/fhir/,StructureDefinitionMappingComponent,Class,"('http://hl7.org/fhir/StructureDefinitionMappingComponent', 'Class')"
http://hl7.org/fhir/StructureDefinitionSnapshotComponent,http://hl7.org/fhir/,StructureDefinitionSnapshotComponent,Class,"('http://hl7.org/fhir/StructureDefinitionSnapshotComponent', 'Class')"
http://hl7.org/fhir/StructureMap,http://hl7.org/fhir/,StructureMap,Class,"('http://hl7.org/fhir/StructureMap', 'Class')"
http://hl7.org/fhir/StructureMapGroupComponent,http://hl7.org/fhir/,StructureMapGroupComponent,Class,"('http://hl7.org/fhir/StructureMapGroupComponent', 'Class')"
http://hl7.org/fhir/StructureMapGroupInputComponent,http://hl7.org/fhir/,StructureMapGroupInputComponent,Class,"('http://hl7.org/fhir/StructureMapGroupInputComponent', 'Class')"
http://hl7.org/fhir/StructureMapGroupRuleComponent,http://hl7.org/fhir/,StructureMapGroupRuleComponent,Class,"('http://hl7.org/fhir/StructureMapGroupRuleComponent', 'Class')"
http://hl7.org/fhir/StructureMapGroupRuleDependentComponent,http://hl7.org/fhir/,StructureMapGroupRuleDependentComponent,Class,"('http://hl7.org/fhir/StructureMapGroupRuleDependentComponent', 'Class')"
http://hl7.org/fhir/StructureMapGroupRuleSourceComponent,http://hl7.org/fhir/,StructureMapGroupRuleSourceComponent,Class,"('http://hl7.org/fhir/StructureMapGroupRuleSourceComponent', 'Class')"
http://hl7.org/fhir/StructureMapGroupRuleTargetComponent,http://hl7.org/fhir/,StructureMapGroupRuleTargetComponent,Class,"('http://hl7.org/fhir/StructureMapGroupRuleTargetComponent', 'Class')"
http://hl7.org/fhir/StructureMapGroupRuleTargetParameterComponent,http://hl7.org/fhir/,StructureMapGroupRuleTargetParameterComponent,Class,"('http://hl7.org/fhir/StructureMapGroupRuleTargetParameterComponent', 'Class')"
http://hl7.org/fhir/StructureMapStructureComponent,http://hl7.org/fhir/,StructureMapStructureComponent,Class,"('http://hl7.org/fhir/StructureMapStructureComponent', 'Class')"
http://hl7.org/fhir/StudyComponent,http://hl7.org/fhir/,StudyComponent,Class,"('http://hl7.org/fhir/StudyComponent', 'Class')"
http://hl7.org/fhir/SubDetailComponent,http://hl7.org/fhir/,SubDetailComponent,Class,"('http://hl7.org/fhir/SubDetailComponent', 'Class')"
http://hl7.org/fhir/Subscription,http://hl7.org/fhir/,Subscription,Class,"('http://hl7.org/fhir/Subscription', 'Class')"
http://hl7.org/fhir/SubscriptionChannelComponent,http://hl7.org/fhir/,SubscriptionChannelComponent,Class,"('http://hl7.org/fhir/SubscriptionChannelComponent', 'Class')"
http://hl7.org/fhir/Substance,http://hl7.org/fhir/,Substance,Class,"('http://hl7.org/fhir/Substance', 'Class')"
http://hl7.org/fhir/SubstanceIngredientComponent,http://hl7.org/fhir/,SubstanceIngredientComponent,Class,"('http://hl7.org/fhir/SubstanceIngredientComponent', 'Class')"
http://hl7.org/fhir/SubstanceInstanceComponent,http://hl7.org/fhir/,SubstanceInstanceComponent,Class,"('http://hl7.org/fhir/SubstanceInstanceComponent', 'Class')"
http://hl7.org/fhir/SupplyDelivery,http://hl7.org/fhir/,SupplyDelivery,Class,"('http://hl7.org/fhir/SupplyDelivery', 'Class')"
http://hl7.org/fhir/SupplyDeliverySuppliedItemComponent,http://hl7.org/fhir/,SupplyDeliverySuppliedItemComponent,Class,"('http://hl7.org/fhir/SupplyDeliverySuppliedItemComponent', 'Class')"
http://hl7.org/fhir/SupplyRequest,http://hl7.org/fhir/,SupplyRequest,Class,"('http://hl7.org/fhir/SupplyRequest', 'Class')"
http://hl7.org/fhir/SupplyRequestOrderedItemComponent,http://hl7.org/fhir/,SupplyRequestOrderedItemComponent,Class,"('http://hl7.org/fhir/SupplyRequestOrderedItemComponent', 'Class')"
http://hl7.org/fhir/SupplyRequestRequesterComponent,http://hl7.org/fhir/,SupplyRequestRequesterComponent,Class,"('http://hl7.org/fhir/SupplyRequestRequesterComponent', 'Class')"
http://hl7.org/fhir/SupportingInformationComponent,http://hl7.org/fhir/,SupportingInformationComponent,Class,"('http://hl7.org/fhir/SupportingInformationComponent', 'Class')"
http://hl7.org/fhir/SystemInteractionComponent,http://hl7.org/fhir/,SystemInteractionComponent,Class,"('http://hl7.org/fhir/SystemInteractionComponent', 'Class')"
http://hl7.org/fhir/TargetElementComponent,http://hl7.org/fhir/,TargetElementComponent,Class,"('http://hl7.org/fhir/TargetElementComponent', 'Class')"
http://hl7.org/fhir/Task,http://hl7.org/fhir/,Task,Class,"('http://hl7.org/fhir/Task', 'Class')"
http://hl7.org/fhir/TaskOutputComponent,http://hl7.org/fhir/,TaskOutputComponent,Class,"('http://hl7.org/fhir/TaskOutputComponent', 'Class')"
http://hl7.org/fhir/TaskRequesterComponent,http://hl7.org/fhir/,TaskRequesterComponent,Class,"('http://hl7.org/fhir/TaskRequesterComponent', 'Class')"
http://hl7.org/fhir/TaskRestrictionComponent,http://hl7.org/fhir/,TaskRestrictionComponent,Class,"('http://hl7.org/fhir/TaskRestrictionComponent', 'Class')"
http://hl7.org/fhir/TeardownActionComponent,http://hl7.org/fhir/,TeardownActionComponent,Class,"('http://hl7.org/fhir/TeardownActionComponent', 'Class')"
http://hl7.org/fhir/TermAgentComponent,http://hl7.org/fhir/,TermAgentComponent,Class,"('http://hl7.org/fhir/TermAgentComponent', 'Class')"
http://hl7.org/fhir/TermComponent,http://hl7.org/fhir/,TermComponent,Class,"('http://hl7.org/fhir/TermComponent', 'Class')"
http://hl7.org/fhir/TermValuedItemComponent,http://hl7.org/fhir/,TermValuedItemComponent,Class,"('http://hl7.org/fhir/TermValuedItemComponent', 'Class')"
http://hl7.org/fhir/TestActionComponent,http://hl7.org/fhir/,TestActionComponent,Class,"('http://hl7.org/fhir/TestActionComponent', 'Class')"
http://hl7.org/fhir/TestReport,http://hl7.org/fhir/,TestReport,Class,"('http://hl7.org/fhir/TestReport', 'Class')"
http://hl7.org/fhir/TestReportParticipantComponent,http://hl7.org/fhir/,TestReportParticipantComponent,Class,"('http://hl7.org/fhir/TestReportParticipantComponent', 'Class')"
http://hl7.org/fhir/TestReportSetupComponent,http://hl7.org/fhir/,TestReportSetupComponent,Class,"('http://hl7.org/fhir/TestReportSetupComponent', 'Class')"
http://hl7.org/fhir/TestReportTeardownComponent,http://hl7.org/fhir/,TestReportTeardownComponent,Class,"('http://hl7.org/fhir/TestReportTeardownComponent', 'Class')"
http://hl7.org/fhir/TestReportTestComponent,http://hl7.org/fhir/,TestReportTestComponent,Class,"('http://hl7.org/fhir/TestReportTestComponent', 'Class')"
http://hl7.org/fhir/TestScript,http://hl7.org/fhir/,TestScript,Class,"('http://hl7.org/fhir/TestScript', 'Class')"
http://hl7.org/fhir/TestScriptDestinationComponent,http://hl7.org/fhir/,TestScriptDestinationComponent,Class,"('http://hl7.org/fhir/TestScriptDestinationComponent', 'Class')"
http://hl7.org/fhir/TestScriptFixtureComponent,http://hl7.org/fhir/,TestScriptFixtureComponent,Class,"('http://hl7.org/fhir/TestScriptFixtureComponent', 'Class')"
http://hl7.org/fhir/TestScriptMetadataCapabilityComponent,http://hl7.org/fhir/,TestScriptMetadataCapabilityComponent,Class,"('http://hl7.org/fhir/TestScriptMetadataCapabilityComponent', 'Class')"
http://hl7.org/fhir/TestScriptMetadataComponent,http://hl7.org/fhir/,TestScriptMetadataComponent,Class,"('http://hl7.org/fhir/TestScriptMetadataComponent', 'Class')"
http://hl7.org/fhir/TestScriptMetadataLinkComponent,http://hl7.org/fhir/,TestScriptMetadataLinkComponent,Class,"('http://hl7.org/fhir/TestScriptMetadataLinkComponent', 'Class')"
http://hl7.org/fhir/TestScriptOriginComponent,http://hl7.org/fhir/,TestScriptOriginComponent,Class,"('http://hl7.org/fhir/TestScriptOriginComponent', 'Class')"
http://hl7.org/fhir/TestScriptRuleComponent,http://hl7.org/fhir/,TestScriptRuleComponent,Class,"('http://hl7.org/fhir/TestScriptRuleComponent', 'Class')"
http://hl7.org/fhir/TestScriptRulesetComponent,http://hl7.org/fhir/,TestScriptRulesetComponent,Class,"('http://hl7.org/fhir/TestScriptRulesetComponent', 'Class')"
http://hl7.org/fhir/TestScriptSetupComponent,http://hl7.org/fhir/,TestScriptSetupComponent,Class,"('http://hl7.org/fhir/TestScriptSetupComponent', 'Class')"
http://hl7.org/fhir/TestScriptTeardownComponent,http://hl7.org/fhir/,TestScriptTeardownComponent,Class,"('http://hl7.org/fhir/TestScriptTeardownComponent', 'Class')"
http://hl7.org/fhir/TestScriptTestComponent,http://hl7.org/fhir/,TestScriptTestComponent,Class,"('http://hl7.org/fhir/TestScriptTestComponent', 'Class')"
http://hl7.org/fhir/TestScriptVariableComponent,http://hl7.org/fhir/,TestScriptVariableComponent,Class,"('http://hl7.org/fhir/TestScriptVariableComponent', 'Class')"
http://hl7.org/fhir/Timing,http://hl7.org/fhir/,Timing,Class,"('http://hl7.org/fhir/Timing', 'Class')"
http://hl7.org/fhir/TimingRepeatComponent,http://hl7.org/fhir/,TimingRepeatComponent,Class,"('http://hl7.org/fhir/TimingRepeatComponent', 'Class')"
http://hl7.org/fhir/TriggerDefinition,http://hl7.org/fhir/,TriggerDefinition,Class,"('http://hl7.org/fhir/TriggerDefinition', 'Class')"
http://hl7.org/fhir/TypeRefComponent,http://hl7.org/fhir/,TypeRefComponent,Class,"('http://hl7.org/fhir/TypeRefComponent', 'Class')"
http://hl7.org/fhir/UsageContext,http://hl7.org/fhir/,UsageContext,Class,"('http://hl7.org/fhir/UsageContext', 'Class')"
http://hl7.org/fhir/ValueSet,http://hl7.org/fhir/,ValueSet,Class,"('http://hl7.org/fhir/ValueSet', 'Class')"
http://hl7.org/fhir/ValueSetComposeComponent,http://hl7.org/fhir/,ValueSetComposeComponent,Class,"('http://hl7.org/fhir/ValueSetComposeComponent', 'Class')"
http://hl7.org/fhir/ValueSetExpansionComponent,http://hl7.org/fhir/,ValueSetExpansionComponent,Class,"('http://hl7.org/fhir/ValueSetExpansionComponent', 'Class')"
http://hl7.org/fhir/ValueSetExpansionContainsComponent,http://hl7.org/fhir/,ValueSetExpansionContainsComponent,Class,"('http://hl7.org/fhir/ValueSetExpansionContainsComponent', 'Class')"
http://hl7.org/fhir/ValueSetExpansionParameterComponent,http://hl7.org/fhir/,ValueSetExpansionParameterComponent,Class,"('http://hl7.org/fhir/ValueSetExpansionParameterComponent', 'Class')"
http://hl7.org/fhir/ValuedItemComponent,http://hl7.org/fhir/,ValuedItemComponent,Class,"('http://hl7.org/fhir/ValuedItemComponent', 'Class')"
http://hl7.org/fhir/VisionPrescription,http://hl7.org/fhir/,VisionPrescription,Class,"('http://hl7.org/fhir/VisionPrescription', 'Class')"
http://hl7.org/fhir/VisionPrescriptionDispenseComponent,http://hl7.org/fhir/,VisionPrescriptionDispenseComponent,Class,"('http://hl7.org/fhir/VisionPrescriptionDispenseComponent', 'Class')"
http://hl7.org/fhir/treeRoot,http://hl7.org/fhir/,treeRoot,Class,"('http://hl7.org/fhir/treeRoot', 'Class')"
http://hl7.org/fhir/xhtml,http://hl7.org/fhir/,xhtml,Class,"('http://hl7.org/fhir/xhtml', 'Class')"
http://hl7.org/fhir/Narrative.div,http://hl7.org/fhir/,Narrative.div,DatatypeProperty,"('http://hl7.org/fhir/Narrative.div', 'DatatypeProperty')"
http://hl7.org/fhir/index,http://hl7.org/fhir/,index,DatatypeProperty,"('http://hl7.org/fhir/index', 'DatatypeProperty')"
http://hl7.org/fhir/value,http://hl7.org/fhir/,value,DatatypeProperty,"('http://hl7.org/fhir/value', 'DatatypeProperty')"
http://hl7.org/fhir/Account.active,http://hl7.org/fhir/,Account.active,ObjectProperty,"('http://hl7.org/fhir/Account.active', 'ObjectProperty')"
http://hl7.org/fhir/Account.balance,http://hl7.org/fhir/,Account.balance,ObjectProperty,"('http://hl7.org/fhir/Account.balance', 'ObjectProperty')"
http://hl7.org/fhir/Account.coverage,http://hl7.org/fhir/,Account.coverage,ObjectProperty,"('http://hl7.org/fhir/Account.coverage', 'ObjectProperty')"
http://hl7.org/fhir/Account.coverage.coverage,http://hl7.org/fhir/,Account.coverage.coverage,ObjectProperty,"('http://hl7.org/fhir/Account.coverage.coverage', 'ObjectProperty')"
http://hl7.org/fhir/Account.coverage.priority,http://hl7.org/fhir/,Account.coverage.priority,ObjectProperty,"('http://hl7.org/fhir/Account.coverage.priority', 'ObjectProperty')"
http://hl7.org/fhir/Account.description,http://hl7.org/fhir/,Account.description,ObjectProperty,"('http://hl7.org/fhir/Account.description', 'ObjectProperty')"
http://hl7.org/fhir/Account.guarantor,http://hl7.org/fhir/,Account.guarantor,ObjectProperty,"('http://hl7.org/fhir/Account.guarantor', 'ObjectProperty')"
http://hl7.org/fhir/Account.guarantor.onHold,http://hl7.org/fhir/,Account.guarantor.onHold,ObjectProperty,"('http://hl7.org/fhir/Account.guarantor.onHold', 'ObjectProperty')"
http://hl7.org/fhir/Account.guarantor.party,http://hl7.org/fhir/,Account.guarantor.party,ObjectProperty,"('http://hl7.org/fhir/Account.guarantor.party', 'ObjectProperty')"
http://hl7.org/fhir/Account.guarantor.period,http://hl7.org/fhir/,Account.guarantor.period,ObjectProperty,"('http://hl7.org/fhir/Account.guarantor.period', 'ObjectProperty')"
http://hl7.org/fhir/Account.identifier,http://hl7.org/fhir/,Account.identifier,ObjectProperty,"('http://hl7.org/fhir/Account.identifier', 'ObjectProperty')"
http://hl7.org/fhir/Account.name,http://hl7.org/fhir/,Account.name,ObjectProperty,"('http://hl7.org/fhir/Account.name', 'ObjectProperty')"
http://hl7.org/fhir/Account.owner,http://hl7.org/fhir/,Account.owner,ObjectProperty,"('http://hl7.org/fhir/Account.owner', 'ObjectProperty')"
http://hl7.org/fhir/Account.period,http://hl7.org/fhir/,Account.period,ObjectProperty,"('http://hl7.org/fhir/Account.period', 'ObjectProperty')"
http://hl7.org/fhir/Account.status,http://hl7.org/fhir/,Account.status,ObjectProperty,"('http://hl7.org/fhir/Account.status', 'ObjectProperty')"
http://hl7.org/fhir/Account.subject,http://hl7.org/fhir/,Account.subject,ObjectProperty,"('http://hl7.org/fhir/Account.subject', 'ObjectProperty')"
http://hl7.org/fhir/Account.type,http://hl7.org/fhir/,Account.type,ObjectProperty,"('http://hl7.org/fhir/Account.type', 'ObjectProperty')"
http://hl7.org/fhir/ActivityDefinition.approvalDate,http://hl7.org/fhir/,ActivityDefinition.approvalDate,ObjectProperty,"('http://hl7.org/fhir/ActivityDefinition.approvalDate', 'ObjectProperty')"
http://hl7.org/fhir/ActivityDefinition.bodySite,http://hl7.org/fhir/,ActivityDefinition.bodySite,ObjectProperty,"('http://hl7.org/fhir/ActivityDefinition.bodySite', 'ObjectProperty')"
http://hl7.org/fhir/ActivityDefinition.code,http://hl7.org/fhir/,ActivityDefinition.code,ObjectProperty,"('http://hl7.org/fhir/ActivityDefinition.code', 'ObjectProperty')"
http://hl7.org/fhir/ActivityDefinition.contact,http://hl7.org/fhir/,ActivityDefinition.contact,ObjectProperty,"('http://hl7.org/fhir/ActivityDefinition.contact', 'ObjectProperty')"
http://hl7.org/fhir/ActivityDefinition.contributor,http://hl7.org/fhir/,ActivityDefinition.contributor,ObjectProperty,"('http://hl7.org/fhir/ActivityDefinition.contributor', 'ObjectProperty')"
http://hl7.org/fhir/ActivityDefinition.copyright,http://hl7.org/fhir/,ActivityDefinition.copyright,ObjectProperty,"('http://hl7.org/fhir/ActivityDefinition.copyright', 'ObjectProperty')"
http://hl7.org/fhir/ActivityDefinition.date,http://hl7.org/fhir/,ActivityDefinition.date,ObjectProperty,"('http://hl7.org/fhir/ActivityDefinition.date', 'ObjectProperty')"
http://hl7.org/fhir/ActivityDefinition.description,http://hl7.org/fhir/,ActivityDefinition.description,ObjectProperty,"('http://hl7.org/fhir/ActivityDefinition.description', 'ObjectProperty')"
http://hl7.org/fhir/ActivityDefinition.dosage,http://hl7.org/fhir/,ActivityDefinition.dosage,ObjectProperty,"('http://hl7.org/fhir/ActivityDefinition.dosage', 'ObjectProperty')"
http://hl7.org/fhir/ActivityDefinition.dynamicValue,http://hl7.org/fhir/,ActivityDefinition.dynamicValue,ObjectProperty,"('http://hl7.org/fhir/ActivityDefinition.dynamicValue', 'ObjectProperty')"
http://hl7.org/fhir/ActivityDefinition.dynamicValue.description,http://hl7.org/fhir/,ActivityDefinition.dynamicValue.description,ObjectProperty,"('http://hl7.org/fhir/ActivityDefinition.dynamicValue.description', 'ObjectProperty')"
http://hl7.org/fhir/ActivityDefinition.dynamicValue.expression,http://hl7.org/fhir/,ActivityDefinition.dynamicValue.expression,ObjectProperty,"('http://hl7.org/fhir/ActivityDefinition.dynamicValue.expression', 'ObjectProperty')"
http://hl7.org/fhir/ActivityDefinition.dynamicValue.language,http://hl7.org/fhir/,ActivityDefinition.dynamicValue.language,ObjectProperty,"('http://hl7.org/fhir/ActivityDefinition.dynamicValue.language', 'ObjectProperty')"
http://hl7.org/fhir/ActivityDefinition.dynamicValue.path,http://hl7.org/fhir/,ActivityDefinition.dynamicValue.path,ObjectProperty,"('http://hl7.org/fhir/ActivityDefinition.dynamicValue.path', 'ObjectProperty')"
http://hl7.org/fhir/ActivityDefinition.effectivePeriod,http://hl7.org/fhir/,ActivityDefinition.effectivePeriod,ObjectProperty,"('http://hl7.org/fhir/ActivityDefinition.effectivePeriod', 'ObjectProperty')"
http://hl7.org/fhir/ActivityDefinition.experimental,http://hl7.org/fhir/,ActivityDefinition.experimental,ObjectProperty,"('http://hl7.org/fhir/ActivityDefinition.experimental', 'ObjectProperty')"
http://hl7.org/fhir/ActivityDefinition.identifier,http://hl7.org/fhir/,ActivityDefinition.identifier,ObjectProperty,"('http://hl7.org/fhir/ActivityDefinition.identifier', 'ObjectProperty')"
http://hl7.org/fhir/ActivityDefinition.jurisdiction,http://hl7.org/fhir/,ActivityDefinition.jurisdiction,ObjectProperty,"('http://hl7.org/fhir/ActivityDefinition.jurisdiction', 'ObjectProperty')"
http://hl7.org/fhir/ActivityDefinition.kind,http://hl7.org/fhir/,ActivityDefinition.kind,ObjectProperty,"('http://hl7.org/fhir/ActivityDefinition.kind', 'ObjectProperty')"
http://hl7.org/fhir/ActivityDefinition.lastReviewDate,http://hl7.org/fhir/,ActivityDefinition.lastReviewDate,ObjectProperty,"('http://hl7.org/fhir/ActivityDefinition.lastReviewDate', 'ObjectProperty')"
http://hl7.org/fhir/ActivityDefinition.library,http://hl7.org/fhir/,ActivityDefinition.library,ObjectProperty,"('http://hl7.org/fhir/ActivityDefinition.library', 'ObjectProperty')"
http://hl7.org/fhir/ActivityDefinition.location,http://hl7.org/fhir/,ActivityDefinition.location,ObjectProperty,"('http://hl7.org/fhir/ActivityDefinition.location', 'ObjectProperty')"
http://hl7.org/fhir/ActivityDefinition.name,http://hl7.org/fhir/,ActivityDefinition.name,ObjectProperty,"('http://hl7.org/fhir/ActivityDefinition.name', 'ObjectProperty')"
http://hl7.org/fhir/ActivityDefinition.participant,http://hl7.org/fhir/,ActivityDefinition.participant,ObjectProperty,"('http://hl7.org/fhir/ActivityDefinition.participant', 'ObjectProperty')"
http://hl7.org/fhir/ActivityDefinition.participant.role,http://hl7.org/fhir/,ActivityDefinition.participant.role,ObjectProperty,"('http://hl7.org/fhir/ActivityDefinition.participant.role', 'ObjectProperty')"
http://hl7.org/fhir/ActivityDefinition.participant.type,http://hl7.org/fhir/,ActivityDefinition.participant.type,ObjectProperty,"('http://hl7.org/fhir/ActivityDefinition.participant.type', 'ObjectProperty')"
http://hl7.org/fhir/ActivityDefinition.product,http://hl7.org/fhir/,ActivityDefinition.product,ObjectProperty,"('http://hl7.org/fhir/ActivityDefinition.product', 'ObjectProperty')"
http://hl7.org/fhir/ActivityDefinition.productCodeableConcept,http://hl7.org/fhir/,ActivityDefinition.productCodeableConcept,ObjectProperty,"('http://hl7.org/fhir/ActivityDefinition.productCodeableConcept', 'ObjectProperty')"
http://hl7.org/fhir/ActivityDefinition.productReference,http://hl7.org/fhir/,ActivityDefinition.productReference,ObjectProperty,"('http://hl7.org/fhir/ActivityDefinition.productReference', 'ObjectProperty')"
http://hl7.org/fhir/ActivityDefinition.publisher,http://hl7.org/fhir/,ActivityDefinition.publisher,ObjectProperty,"('http://hl7.org/fhir/ActivityDefinition.publisher', 'ObjectProperty')"
http://hl7.org/fhir/ActivityDefinition.purpose,http://hl7.org/fhir/,ActivityDefinition.purpose,ObjectProperty,"('http://hl7.org/fhir/ActivityDefinition.purpose', 'ObjectProperty')"
http://hl7.org/fhir/ActivityDefinition.quantity,http://hl7.org/fhir/,ActivityDefinition.quantity,ObjectProperty,"('http://hl7.org/fhir/ActivityDefinition.quantity', 'ObjectProperty')"
http://hl7.org/fhir/ActivityDefinition.relatedArtifact,http://hl7.org/fhir/,ActivityDefinition.relatedArtifact,ObjectProperty,"('http://hl7.org/fhir/ActivityDefinition.relatedArtifact', 'ObjectProperty')"
http://hl7.org/fhir/ActivityDefinition.status,http://hl7.org/fhir/,ActivityDefinition.status,ObjectProperty,"('http://hl7.org/fhir/ActivityDefinition.status', 'ObjectProperty')"
http://hl7.org/fhir/ActivityDefinition.timing,http://hl7.org/fhir/,ActivityDefinition.timing,ObjectProperty,"('http://hl7.org/fhir/ActivityDefinition.timing', 'ObjectProperty')"
http://hl7.org/fhir/ActivityDefinition.timingDateTime,http://hl7.org/fhir/,ActivityDefinition.timingDateTime,ObjectProperty,"('http://hl7.org/fhir/ActivityDefinition.timingDateTime', 'ObjectProperty')"
http://hl7.org/fhir/ActivityDefinition.timingPeriod,http://hl7.org/fhir/,ActivityDefinition.timingPeriod,ObjectProperty,"('http://hl7.org/fhir/ActivityDefinition.timingPeriod', 'ObjectProperty')"
http://hl7.org/fhir/ActivityDefinition.timingRange,http://hl7.org/fhir/,ActivityDefinition.timingRange,ObjectProperty,"('http://hl7.org/fhir/ActivityDefinition.timingRange', 'ObjectProperty')"
http://hl7.org/fhir/ActivityDefinition.timingTiming,http://hl7.org/fhir/,ActivityDefinition.timingTiming,ObjectProperty,"('http://hl7.org/fhir/ActivityDefinition.timingTiming', 'ObjectProperty')"
http://hl7.org/fhir/ActivityDefinition.title,http://hl7.org/fhir/,ActivityDefinition.title,ObjectProperty,"('http://hl7.org/fhir/ActivityDefinition.title', 'ObjectProperty')"
http://hl7.org/fhir/ActivityDefinition.topic,http://hl7.org/fhir/,ActivityDefinition.topic,ObjectProperty,"('http://hl7.org/fhir/ActivityDefinition.topic', 'ObjectProperty')"
http://hl7.org/fhir/ActivityDefinition.transform,http://hl7.org/fhir/,ActivityDefinition.transform,ObjectProperty,"('http://hl7.org/fhir/ActivityDefinition.transform', 'ObjectProperty')"
http://hl7.org/fhir/ActivityDefinition.url,http://hl7.org/fhir/,ActivityDefinition.url,ObjectProperty,"('http://hl7.org/fhir/ActivityDefinition.url', 'ObjectProperty')"
http://hl7.org/fhir/ActivityDefinition.usage,http://hl7.org/fhir/,ActivityDefinition.usage,ObjectProperty,"('http://hl7.org/fhir/ActivityDefinition.usage', 'ObjectProperty')"
http://hl7.org/fhir/ActivityDefinition.useContext,http://hl7.org/fhir/,ActivityDefinition.useContext,ObjectProperty,"('http://hl7.org/fhir/ActivityDefinition.useContext', 'ObjectProperty')"
http://hl7.org/fhir/ActivityDefinition.version,http://hl7.org/fhir/,ActivityDefinition.version,ObjectProperty,"('http://hl7.org/fhir/ActivityDefinition.version', 'ObjectProperty')"
http://hl7.org/fhir/AdverseEvent.category,http://hl7.org/fhir/,AdverseEvent.category,ObjectProperty,"('http://hl7.org/fhir/AdverseEvent.category', 'ObjectProperty')"
http://hl7.org/fhir/AdverseEvent.description,http://hl7.org/fhir/,AdverseEvent.description,ObjectProperty,"('http://hl7.org/fhir/AdverseEvent.description', 'ObjectProperty')"
http://hl7.org/fhir/AdverseEvent.eventParticipant,http://hl7.org/fhir/,AdverseEvent.eventParticipant,ObjectProperty,"('http://hl7.org/fhir/AdverseEvent.eventParticipant', 'ObjectProperty')"
http://hl7.org/fhir/AdverseEvent.identifier,http://hl7.org/fhir/,AdverseEvent.identifier,ObjectProperty,"('http://hl7.org/fhir/AdverseEvent.identifier', 'ObjectProperty')"
http://hl7.org/fhir/AdverseEvent.location,http://hl7.org/fhir/,AdverseEvent.location,ObjectProperty,"('http://hl7.org/fhir/AdverseEvent.location', 'ObjectProperty')"
http://hl7.org/fhir/AdverseEvent.recorder,http://hl7.org/fhir/,AdverseEvent.recorder,ObjectProperty,"('http://hl7.org/fhir/AdverseEvent.recorder', 'ObjectProperty')"
http://hl7.org/fhir/AdverseEvent.referenceDocument,http://hl7.org/fhir/,AdverseEvent.referenceDocument,ObjectProperty,"('http://hl7.org/fhir/AdverseEvent.referenceDocument', 'ObjectProperty')"
http://hl7.org/fhir/AdverseEvent.study,http://hl7.org/fhir/,AdverseEvent.study,ObjectProperty,"('http://hl7.org/fhir/AdverseEvent.study', 'ObjectProperty')"
http://hl7.org/fhir/AdverseEvent.subjectMedicalHistory,http://hl7.org/fhir/,AdverseEvent.subjectMedicalHistory,ObjectProperty,"('http://hl7.org/fhir/AdverseEvent.subjectMedicalHistory', 'ObjectProperty')"
http://hl7.org/fhir/AdverseEvent.suspectEntity,http://hl7.org/fhir/,AdverseEvent.suspectEntity,ObjectProperty,"('http://hl7.org/fhir/AdverseEvent.suspectEntity', 'ObjectProperty')"
http://hl7.org/fhir/AllergyIntolerance.asserter,http://hl7.org/fhir/,AllergyIntolerance.asserter,ObjectProperty,"('http://hl7.org/fhir/AllergyIntolerance.asserter', 'ObjectProperty')"
http://hl7.org/fhir/AllergyIntolerance.identifier,http://hl7.org/fhir/,AllergyIntolerance.identifier,ObjectProperty,"('http://hl7.org/fhir/AllergyIntolerance.identifier', 'ObjectProperty')"
http://hl7.org/fhir/AllergyIntolerance.note,http://hl7.org/fhir/,AllergyIntolerance.note,ObjectProperty,"('http://hl7.org/fhir/AllergyIntolerance.note', 'ObjectProperty')"
http://hl7.org/fhir/AllergyIntolerance.onset,http://hl7.org/fhir/,AllergyIntolerance.onset,ObjectProperty,"('http://hl7.org/fhir/AllergyIntolerance.onset', 'ObjectProperty')"
http://hl7.org/fhir/AllergyIntolerance.reaction,http://hl7.org/fhir/,AllergyIntolerance.reaction,ObjectProperty,"('http://hl7.org/fhir/AllergyIntolerance.reaction', 'ObjectProperty')"
http://hl7.org/fhir/AllergyIntolerance.reaction.description,http://hl7.org/fhir/,AllergyIntolerance.reaction.description,ObjectProperty,"('http://hl7.org/fhir/AllergyIntolerance.reaction.description', 'ObjectProperty')"
http://hl7.org/fhir/AllergyIntolerance.reaction.note,http://hl7.org/fhir/,AllergyIntolerance.reaction.note,ObjectProperty,"('http://hl7.org/fhir/AllergyIntolerance.reaction.note', 'ObjectProperty')"
http://hl7.org/fhir/AllergyIntolerance.verificationStatus,http://hl7.org/fhir/,AllergyIntolerance.verificationStatus,ObjectProperty,"('http://hl7.org/fhir/AllergyIntolerance.verificationStatus', 'ObjectProperty')"
http://hl7.org/fhir/Annotation.author,http://hl7.org/fhir/,Annotation.author,ObjectProperty,"('http://hl7.org/fhir/Annotation.author', 'ObjectProperty')"
http://hl7.org/fhir/Annotation.authorReference,http://hl7.org/fhir/,Annotation.authorReference,ObjectProperty,"('http://hl7.org/fhir/Annotation.authorReference', 'ObjectProperty')"
http://hl7.org/fhir/Annotation.authorString,http://hl7.org/fhir/,Annotation.authorString,ObjectProperty,"('http://hl7.org/fhir/Annotation.authorString', 'ObjectProperty')"
http://hl7.org/fhir/Annotation.text,http://hl7.org/fhir/,Annotation.text,ObjectProperty,"('http://hl7.org/fhir/Annotation.text', 'ObjectProperty')"
http://hl7.org/fhir/Annotation.time,http://hl7.org/fhir/,Annotation.time,ObjectProperty,"('http://hl7.org/fhir/Annotation.time', 'ObjectProperty')"
http://hl7.org/fhir/Appointment.appointmentType,http://hl7.org/fhir/,Appointment.appointmentType,ObjectProperty,"('http://hl7.org/fhir/Appointment.appointmentType', 'ObjectProperty')"
http://hl7.org/fhir/Appointment.comment,http://hl7.org/fhir/,Appointment.comment,ObjectProperty,"('http://hl7.org/fhir/Appointment.comment', 'ObjectProperty')"
http://hl7.org/fhir/Appointment.created,http://hl7.org/fhir/,Appointment.created,ObjectProperty,"('http://hl7.org/fhir/Appointment.created', 'ObjectProperty')"
http://hl7.org/fhir/Appointment.description,http://hl7.org/fhir/,Appointment.description,ObjectProperty,"('http://hl7.org/fhir/Appointment.description', 'ObjectProperty')"
http://hl7.org/fhir/Appointment.end,http://hl7.org/fhir/,Appointment.end,ObjectProperty,"('http://hl7.org/fhir/Appointment.end', 'ObjectProperty')"
http://hl7.org/fhir/Appointment.identifier,http://hl7.org/fhir/,Appointment.identifier,ObjectProperty,"('http://hl7.org/fhir/Appointment.identifier', 'ObjectProperty')"
http://hl7.org/fhir/Appointment.incomingReferral,http://hl7.org/fhir/,Appointment.incomingReferral,ObjectProperty,"('http://hl7.org/fhir/Appointment.incomingReferral', 'ObjectProperty')"
http://hl7.org/fhir/Appointment.indication,http://hl7.org/fhir/,Appointment.indication,ObjectProperty,"('http://hl7.org/fhir/Appointment.indication', 'ObjectProperty')"
http://hl7.org/fhir/Appointment.minutesDuration,http://hl7.org/fhir/,Appointment.minutesDuration,ObjectProperty,"('http://hl7.org/fhir/Appointment.minutesDuration', 'ObjectProperty')"
http://hl7.org/fhir/Appointment.participant,http://hl7.org/fhir/,Appointment.participant,ObjectProperty,"('http://hl7.org/fhir/Appointment.participant', 'ObjectProperty')"
http://hl7.org/fhir/Appointment.participant.actor,http://hl7.org/fhir/,Appointment.participant.actor,ObjectProperty,"('http://hl7.org/fhir/Appointment.participant.actor', 'ObjectProperty')"
http://hl7.org/fhir/Appointment.participant.required,http://hl7.org/fhir/,Appointment.participant.required,ObjectProperty,"('http://hl7.org/fhir/Appointment.participant.required', 'ObjectProperty')"
http://hl7.org/fhir/Appointment.participant.status,http://hl7.org/fhir/,Appointment.participant.status,ObjectProperty,"('http://hl7.org/fhir/Appointment.participant.status', 'ObjectProperty')"
http://hl7.org/fhir/Appointment.participant.type,http://hl7.org/fhir/,Appointment.participant.type,ObjectProperty,"('http://hl7.org/fhir/Appointment.participant.type', 'ObjectProperty')"
http://hl7.org/fhir/Appointment.priority,http://hl7.org/fhir/,Appointment.priority,ObjectProperty,"('http://hl7.org/fhir/Appointment.priority', 'ObjectProperty')"
http://hl7.org/fhir/Appointment.reason,http://hl7.org/fhir/,Appointment.reason,ObjectProperty,"('http://hl7.org/fhir/Appointment.reason', 'ObjectProperty')"
http://hl7.org/fhir/Appointment.requestedPeriod,http://hl7.org/fhir/,Appointment.requestedPeriod,ObjectProperty,"('http://hl7.org/fhir/Appointment.requestedPeriod', 'ObjectProperty')"
http://hl7.org/fhir/Appointment.serviceCategory,http://hl7.org/fhir/,Appointment.serviceCategory,ObjectProperty,"('http://hl7.org/fhir/Appointment.serviceCategory', 'ObjectProperty')"
http://hl7.org/fhir/Appointment.serviceType,http://hl7.org/fhir/,Appointment.serviceType,ObjectProperty,"('http://hl7.org/fhir/Appointment.serviceType', 'ObjectProperty')"
http://hl7.org/fhir/Appointment.slot,http://hl7.org/fhir/,Appointment.slot,ObjectProperty,"('http://hl7.org/fhir/Appointment.slot', 'ObjectProperty')"
http://hl7.org/fhir/Appointment.specialty,http://hl7.org/fhir/,Appointment.specialty,ObjectProperty,"('http://hl7.org/fhir/Appointment.specialty', 'ObjectProperty')"
http://hl7.org/fhir/Appointment.start,http://hl7.org/fhir/,Appointment.start,ObjectProperty,"('http://hl7.org/fhir/Appointment.start', 'ObjectProperty')"
http://hl7.org/fhir/Appointment.status,http://hl7.org/fhir/,Appointment.status,ObjectProperty,"('http://hl7.org/fhir/Appointment.status', 'ObjectProperty')"
http://hl7.org/fhir/Appointment.supportingInformation,http://hl7.org/fhir/,Appointment.supportingInformation,ObjectProperty,"('http://hl7.org/fhir/Appointment.supportingInformation', 'ObjectProperty')"
http://hl7.org/fhir/AppointmentResponse.actor,http://hl7.org/fhir/,AppointmentResponse.actor,ObjectProperty,"('http://hl7.org/fhir/AppointmentResponse.actor', 'ObjectProperty')"
http://hl7.org/fhir/AppointmentResponse.appointment,http://hl7.org/fhir/,AppointmentResponse.appointment,ObjectProperty,"('http://hl7.org/fhir/AppointmentResponse.appointment', 'ObjectProperty')"
http://hl7.org/fhir/AppointmentResponse.comment,http://hl7.org/fhir/,AppointmentResponse.comment,ObjectProperty,"('http://hl7.org/fhir/AppointmentResponse.comment', 'ObjectProperty')"
http://hl7.org/fhir/AppointmentResponse.end,http://hl7.org/fhir/,AppointmentResponse.end,ObjectProperty,"('http://hl7.org/fhir/AppointmentResponse.end', 'ObjectProperty')"
http://hl7.org/fhir/AppointmentResponse.identifier,http://hl7.org/fhir/,AppointmentResponse.identifier,ObjectProperty,"('http://hl7.org/fhir/AppointmentResponse.identifier', 'ObjectProperty')"
http://hl7.org/fhir/AppointmentResponse.participantStatus,http://hl7.org/fhir/,AppointmentResponse.participantStatus,ObjectProperty,"('http://hl7.org/fhir/AppointmentResponse.participantStatus', 'ObjectProperty')"
http://hl7.org/fhir/AppointmentResponse.participantType,http://hl7.org/fhir/,AppointmentResponse.participantType,ObjectProperty,"('http://hl7.org/fhir/AppointmentResponse.participantType', 'ObjectProperty')"
http://hl7.org/fhir/AppointmentResponse.start,http://hl7.org/fhir/,AppointmentResponse.start,ObjectProperty,"('http://hl7.org/fhir/AppointmentResponse.start', 'ObjectProperty')"
http://hl7.org/fhir/AuditEvent.action,http://hl7.org/fhir/,AuditEvent.action,ObjectProperty,"('http://hl7.org/fhir/AuditEvent.action', 'ObjectProperty')"
http://hl7.org/fhir/AuditEvent.agent,http://hl7.org/fhir/,AuditEvent.agent,ObjectProperty,"('http://hl7.org/fhir/AuditEvent.agent', 'ObjectProperty')"
http://hl7.org/fhir/AuditEvent.agent.altId,http://hl7.org/fhir/,AuditEvent.agent.altId,ObjectProperty,"('http://hl7.org/fhir/AuditEvent.agent.altId', 'ObjectProperty')"
http://hl7.org/fhir/AuditEvent.agent.location,http://hl7.org/fhir/,AuditEvent.agent.location,ObjectProperty,"('http://hl7.org/fhir/AuditEvent.agent.location', 'ObjectProperty')"
http://hl7.org/fhir/AuditEvent.agent.media,http://hl7.org/fhir/,AuditEvent.agent.media,ObjectProperty,"('http://hl7.org/fhir/AuditEvent.agent.media', 'ObjectProperty')"
http://hl7.org/fhir/AuditEvent.agent.name,http://hl7.org/fhir/,AuditEvent.agent.name,ObjectProperty,"('http://hl7.org/fhir/AuditEvent.agent.name', 'ObjectProperty')"
http://hl7.org/fhir/AuditEvent.agent.network,http://hl7.org/fhir/,AuditEvent.agent.network,ObjectProperty,"('http://hl7.org/fhir/AuditEvent.agent.network', 'ObjectProperty')"
http://hl7.org/fhir/AuditEvent.agent.network.address,http://hl7.org/fhir/,AuditEvent.agent.network.address,ObjectProperty,"('http://hl7.org/fhir/AuditEvent.agent.network.address', 'ObjectProperty')"
http://hl7.org/fhir/AuditEvent.agent.network.type,http://hl7.org/fhir/,AuditEvent.agent.network.type,ObjectProperty,"('http://hl7.org/fhir/AuditEvent.agent.network.type', 'ObjectProperty')"
http://hl7.org/fhir/AuditEvent.agent.policy,http://hl7.org/fhir/,AuditEvent.agent.policy,ObjectProperty,"('http://hl7.org/fhir/AuditEvent.agent.policy', 'ObjectProperty')"
http://hl7.org/fhir/AuditEvent.agent.purposeOfUse,http://hl7.org/fhir/,AuditEvent.agent.purposeOfUse,ObjectProperty,"('http://hl7.org/fhir/AuditEvent.agent.purposeOfUse', 'ObjectProperty')"
http://hl7.org/fhir/AuditEvent.agent.reference,http://hl7.org/fhir/,AuditEvent.agent.reference,ObjectProperty,"('http://hl7.org/fhir/AuditEvent.agent.reference', 'ObjectProperty')"
http://hl7.org/fhir/AuditEvent.agent.requestor,http://hl7.org/fhir/,AuditEvent.agent.requestor,ObjectProperty,"('http://hl7.org/fhir/AuditEvent.agent.requestor', 'ObjectProperty')"
http://hl7.org/fhir/AuditEvent.agent.role,http://hl7.org/fhir/,AuditEvent.agent.role,ObjectProperty,"('http://hl7.org/fhir/AuditEvent.agent.role', 'ObjectProperty')"
http://hl7.org/fhir/AuditEvent.agent.userId,http://hl7.org/fhir/,AuditEvent.agent.userId,ObjectProperty,"('http://hl7.org/fhir/AuditEvent.agent.userId', 'ObjectProperty')"
http://hl7.org/fhir/AuditEvent.entity,http://hl7.org/fhir/,AuditEvent.entity,ObjectProperty,"('http://hl7.org/fhir/AuditEvent.entity', 'ObjectProperty')"
http://hl7.org/fhir/AuditEvent.entity.description,http://hl7.org/fhir/,AuditEvent.entity.description,ObjectProperty,"('http://hl7.org/fhir/AuditEvent.entity.description', 'ObjectProperty')"
http://hl7.org/fhir/AuditEvent.entity.detail,http://hl7.org/fhir/,AuditEvent.entity.detail,ObjectProperty,"('http://hl7.org/fhir/AuditEvent.entity.detail', 'ObjectProperty')"
http://hl7.org/fhir/AuditEvent.entity.detail.type,http://hl7.org/fhir/,AuditEvent.entity.detail.type,ObjectProperty,"('http://hl7.org/fhir/AuditEvent.entity.detail.type', 'ObjectProperty')"
http://hl7.org/fhir/AuditEvent.entity.detail.value,http://hl7.org/fhir/,AuditEvent.entity.detail.value,ObjectProperty,"('http://hl7.org/fhir/AuditEvent.entity.detail.value', 'ObjectProperty')"
http://hl7.org/fhir/AuditEvent.entity.identifier,http://hl7.org/fhir/,AuditEvent.entity.identifier,ObjectProperty,"('http://hl7.org/fhir/AuditEvent.entity.identifier', 'ObjectProperty')"
http://hl7.org/fhir/AuditEvent.entity.lifecycle,http://hl7.org/fhir/,AuditEvent.entity.lifecycle,ObjectProperty,"('http://hl7.org/fhir/AuditEvent.entity.lifecycle', 'ObjectProperty')"
http://hl7.org/fhir/AuditEvent.entity.name,http://hl7.org/fhir/,AuditEvent.entity.name,ObjectProperty,"('http://hl7.org/fhir/AuditEvent.entity.name', 'ObjectProperty')"
http://hl7.org/fhir/AuditEvent.entity.query,http://hl7.org/fhir/,AuditEvent.entity.query,ObjectProperty,"('http://hl7.org/fhir/AuditEvent.entity.query', 'ObjectProperty')"
http://hl7.org/fhir/AuditEvent.entity.reference,http://hl7.org/fhir/,AuditEvent.entity.reference,ObjectProperty,"('http://hl7.org/fhir/AuditEvent.entity.reference', 'ObjectProperty')"
http://hl7.org/fhir/AuditEvent.entity.role,http://hl7.org/fhir/,AuditEvent.entity.role,ObjectProperty,"('http://hl7.org/fhir/AuditEvent.entity.role', 'ObjectProperty')"
http://hl7.org/fhir/AuditEvent.entity.securityLabel,http://hl7.org/fhir/,AuditEvent.entity.securityLabel,ObjectProperty,"('http://hl7.org/fhir/AuditEvent.entity.securityLabel', 'ObjectProperty')"
http://hl7.org/fhir/AuditEvent.entity.type,http://hl7.org/fhir/,AuditEvent.entity.type,ObjectProperty,"('http://hl7.org/fhir/AuditEvent.entity.type', 'ObjectProperty')"
http://hl7.org/fhir/AuditEvent.outcome,http://hl7.org/fhir/,AuditEvent.outcome,ObjectProperty,"('http://hl7.org/fhir/AuditEvent.outcome', 'ObjectProperty')"
http://hl7.org/fhir/AuditEvent.outcomeDesc,http://hl7.org/fhir/,AuditEvent.outcomeDesc,ObjectProperty,"('http://hl7.org/fhir/AuditEvent.outcomeDesc', 'ObjectProperty')"
http://hl7.org/fhir/AuditEvent.purposeOfEvent,http://hl7.org/fhir/,AuditEvent.purposeOfEvent,ObjectProperty,"('http://hl7.org/fhir/AuditEvent.purposeOfEvent', 'ObjectProperty')"
http://hl7.org/fhir/AuditEvent.recorded,http://hl7.org/fhir/,AuditEvent.recorded,ObjectProperty,"('http://hl7.org/fhir/AuditEvent.recorded', 'ObjectProperty')"
http://hl7.org/fhir/AuditEvent.source,http://hl7.org/fhir/,AuditEvent.source,ObjectProperty,"('http://hl7.org/fhir/AuditEvent.source', 'ObjectProperty')"
http://hl7.org/fhir/AuditEvent.source.identifier,http://hl7.org/fhir/,AuditEvent.source.identifier,ObjectProperty,"('http://hl7.org/fhir/AuditEvent.source.identifier', 'ObjectProperty')"
http://hl7.org/fhir/AuditEvent.source.site,http://hl7.org/fhir/,AuditEvent.source.site,ObjectProperty,"('http://hl7.org/fhir/AuditEvent.source.site', 'ObjectProperty')"
http://hl7.org/fhir/AuditEvent.source.type,http://hl7.org/fhir/,AuditEvent.source.type,ObjectProperty,"('http://hl7.org/fhir/AuditEvent.source.type', 'ObjectProperty')"
http://hl7.org/fhir/AuditEvent.subtype,http://hl7.org/fhir/,AuditEvent.subtype,ObjectProperty,"('http://hl7.org/fhir/AuditEvent.subtype', 'ObjectProperty')"
http://hl7.org/fhir/AuditEvent.type,http://hl7.org/fhir/,AuditEvent.type,ObjectProperty,"('http://hl7.org/fhir/AuditEvent.type', 'ObjectProperty')"
http://hl7.org/fhir/BackboneElement.modifierExtension,http://hl7.org/fhir/,BackboneElement.modifierExtension,ObjectProperty,"('http://hl7.org/fhir/BackboneElement.modifierExtension', 'ObjectProperty')"
http://hl7.org/fhir/Basic.author,http://hl7.org/fhir/,Basic.author,ObjectProperty,"('http://hl7.org/fhir/Basic.author', 'ObjectProperty')"
http://hl7.org/fhir/Basic.code,http://hl7.org/fhir/,Basic.code,ObjectProperty,"('http://hl7.org/fhir/Basic.code', 'ObjectProperty')"
http://hl7.org/fhir/Basic.created,http://hl7.org/fhir/,Basic.created,ObjectProperty,"('http://hl7.org/fhir/Basic.created', 'ObjectProperty')"
http://hl7.org/fhir/Basic.identifier,http://hl7.org/fhir/,Basic.identifier,ObjectProperty,"('http://hl7.org/fhir/Basic.identifier', 'ObjectProperty')"
http://hl7.org/fhir/Basic.subject,http://hl7.org/fhir/,Basic.subject,ObjectProperty,"('http://hl7.org/fhir/Basic.subject', 'ObjectProperty')"
http://hl7.org/fhir/Binary.content,http://hl7.org/fhir/,Binary.content,ObjectProperty,"('http://hl7.org/fhir/Binary.content', 'ObjectProperty')"
http://hl7.org/fhir/Binary.contentType,http://hl7.org/fhir/,Binary.contentType,ObjectProperty,"('http://hl7.org/fhir/Binary.contentType', 'ObjectProperty')"
http://hl7.org/fhir/Binary.securityContext,http://hl7.org/fhir/,Binary.securityContext,ObjectProperty,"('http://hl7.org/fhir/Binary.securityContext', 'ObjectProperty')"
http://hl7.org/fhir/BodySite.active,http://hl7.org/fhir/,BodySite.active,ObjectProperty,"('http://hl7.org/fhir/BodySite.active', 'ObjectProperty')"
http://hl7.org/fhir/BodySite.description,http://hl7.org/fhir/,BodySite.description,ObjectProperty,"('http://hl7.org/fhir/BodySite.description', 'ObjectProperty')"
http://hl7.org/fhir/BodySite.identifier,http://hl7.org/fhir/,BodySite.identifier,ObjectProperty,"('http://hl7.org/fhir/BodySite.identifier', 'ObjectProperty')"
http://hl7.org/fhir/BodySite.image,http://hl7.org/fhir/,BodySite.image,ObjectProperty,"('http://hl7.org/fhir/BodySite.image', 'ObjectProperty')"
http://hl7.org/fhir/Bundle.entry,http://hl7.org/fhir/,Bundle.entry,ObjectProperty,"('http://hl7.org/fhir/Bundle.entry', 'ObjectProperty')"
http://hl7.org/fhir/Bundle.entry.fullUrl,http://hl7.org/fhir/,Bundle.entry.fullUrl,ObjectProperty,"('http://hl7.org/fhir/Bundle.entry.fullUrl', 'ObjectProperty')"
http://hl7.org/fhir/Bundle.entry.link,http://hl7.org/fhir/,Bundle.entry.link,ObjectProperty,"('http://hl7.org/fhir/Bundle.entry.link', 'ObjectProperty')"
http://hl7.org/fhir/Bundle.entry.request,http://hl7.org/fhir/,Bundle.entry.request,ObjectProperty,"('http://hl7.org/fhir/Bundle.entry.request', 'ObjectProperty')"
http://hl7.org/fhir/Bundle.entry.request.ifMatch,http://hl7.org/fhir/,Bundle.entry.request.ifMatch,ObjectProperty,"('http://hl7.org/fhir/Bundle.entry.request.ifMatch', 'ObjectProperty')"
http://hl7.org/fhir/Bundle.entry.request.ifModifiedSince,http://hl7.org/fhir/,Bundle.entry.request.ifModifiedSince,ObjectProperty,"('http://hl7.org/fhir/Bundle.entry.request.ifModifiedSince', 'ObjectProperty')"
http://hl7.org/fhir/Bundle.entry.request.ifNoneExist,http://hl7.org/fhir/,Bundle.entry.request.ifNoneExist,ObjectProperty,"('http://hl7.org/fhir/Bundle.entry.request.ifNoneExist', 'ObjectProperty')"
http://hl7.org/fhir/Bundle.entry.request.ifNoneMatch,http://hl7.org/fhir/,Bundle.entry.request.ifNoneMatch,ObjectProperty,"('http://hl7.org/fhir/Bundle.entry.request.ifNoneMatch', 'ObjectProperty')"
http://hl7.org/fhir/Bundle.entry.request.method,http://hl7.org/fhir/,Bundle.entry.request.method,ObjectProperty,"('http://hl7.org/fhir/Bundle.entry.request.method', 'ObjectProperty')"
http://hl7.org/fhir/Bundle.entry.request.url,http://hl7.org/fhir/,Bundle.entry.request.url,ObjectProperty,"('http://hl7.org/fhir/Bundle.entry.request.url', 'ObjectProperty')"
http://hl7.org/fhir/Bundle.entry.resource,http://hl7.org/fhir/,Bundle.entry.resource,ObjectProperty,"('http://hl7.org/fhir/Bundle.entry.resource', 'ObjectProperty')"
http://hl7.org/fhir/Bundle.entry.response,http://hl7.org/fhir/,Bundle.entry.response,ObjectProperty,"('http://hl7.org/fhir/Bundle.entry.response', 'ObjectProperty')"
http://hl7.org/fhir/Bundle.entry.response.etag,http://hl7.org/fhir/,Bundle.entry.response.etag,ObjectProperty,"('http://hl7.org/fhir/Bundle.entry.response.etag', 'ObjectProperty')"
http://hl7.org/fhir/Bundle.entry.response.lastModified,http://hl7.org/fhir/,Bundle.entry.response.lastModified,ObjectProperty,"('http://hl7.org/fhir/Bundle.entry.response.lastModified', 'ObjectProperty')"
http://hl7.org/fhir/Bundle.entry.response.location,http://hl7.org/fhir/,Bundle.entry.response.location,ObjectProperty,"('http://hl7.org/fhir/Bundle.entry.response.location', 'ObjectProperty')"
http://hl7.org/fhir/Bundle.entry.response.outcome,http://hl7.org/fhir/,Bundle.entry.response.outcome,ObjectProperty,"('http://hl7.org/fhir/Bundle.entry.response.outcome', 'ObjectProperty')"
http://hl7.org/fhir/Bundle.entry.response.status,http://hl7.org/fhir/,Bundle.entry.response.status,ObjectProperty,"('http://hl7.org/fhir/Bundle.entry.response.status', 'ObjectProperty')"
http://hl7.org/fhir/Bundle.entry.search,http://hl7.org/fhir/,Bundle.entry.search,ObjectProperty,"('http://hl7.org/fhir/Bundle.entry.search', 'ObjectProperty')"
http://hl7.org/fhir/Bundle.entry.search.mode,http://hl7.org/fhir/,Bundle.entry.search.mode,ObjectProperty,"('http://hl7.org/fhir/Bundle.entry.search.mode', 'ObjectProperty')"
http://hl7.org/fhir/Bundle.entry.search.score,http://hl7.org/fhir/,Bundle.entry.search.score,ObjectProperty,"('http://hl7.org/fhir/Bundle.entry.search.score', 'ObjectProperty')"
http://hl7.org/fhir/Bundle.identifier,http://hl7.org/fhir/,Bundle.identifier,ObjectProperty,"('http://hl7.org/fhir/Bundle.identifier', 'ObjectProperty')"
http://hl7.org/fhir/Bundle.link,http://hl7.org/fhir/,Bundle.link,ObjectProperty,"('http://hl7.org/fhir/Bundle.link', 'ObjectProperty')"
http://hl7.org/fhir/Bundle.link.relation,http://hl7.org/fhir/,Bundle.link.relation,ObjectProperty,"('http://hl7.org/fhir/Bundle.link.relation', 'ObjectProperty')"
http://hl7.org/fhir/Bundle.link.url,http://hl7.org/fhir/,Bundle.link.url,ObjectProperty,"('http://hl7.org/fhir/Bundle.link.url', 'ObjectProperty')"
http://hl7.org/fhir/Bundle.signature,http://hl7.org/fhir/,Bundle.signature,ObjectProperty,"('http://hl7.org/fhir/Bundle.signature', 'ObjectProperty')"
http://hl7.org/fhir/Bundle.total,http://hl7.org/fhir/,Bundle.total,ObjectProperty,"('http://hl7.org/fhir/Bundle.total', 'ObjectProperty')"
http://hl7.org/fhir/Bundle.type,http://hl7.org/fhir/,Bundle.type,ObjectProperty,"('http://hl7.org/fhir/Bundle.type', 'ObjectProperty')"
http://hl7.org/fhir/CapabilityStatement.acceptUnknown,http://hl7.org/fhir/,CapabilityStatement.acceptUnknown,ObjectProperty,"('http://hl7.org/fhir/CapabilityStatement.acceptUnknown', 'ObjectProperty')"
http://hl7.org/fhir/CapabilityStatement.contact,http://hl7.org/fhir/,CapabilityStatement.contact,ObjectProperty,"('http://hl7.org/fhir/CapabilityStatement.contact', 'ObjectProperty')"
http://hl7.org/fhir/CapabilityStatement.copyright,http://hl7.org/fhir/,CapabilityStatement.copyright,ObjectProperty,"('http://hl7.org/fhir/CapabilityStatement.copyright', 'ObjectProperty')"
http://hl7.org/fhir/CapabilityStatement.date,http://hl7.org/fhir/,CapabilityStatement.date,ObjectProperty,"('http://hl7.org/fhir/CapabilityStatement.date', 'ObjectProperty')"
http://hl7.org/fhir/CapabilityStatement.description,http://hl7.org/fhir/,CapabilityStatement.description,ObjectProperty,"('http://hl7.org/fhir/CapabilityStatement.description', 'ObjectProperty')"
http://hl7.org/fhir/CapabilityStatement.document,http://hl7.org/fhir/,CapabilityStatement.document,ObjectProperty,"('http://hl7.org/fhir/CapabilityStatement.document', 'ObjectProperty')"
http://hl7.org/fhir/CapabilityStatement.document.documentation,http://hl7.org/fhir/,CapabilityStatement.document.documentation,ObjectProperty,"('http://hl7.org/fhir/CapabilityStatement.document.documentation', 'ObjectProperty')"
http://hl7.org/fhir/CapabilityStatement.document.mode,http://hl7.org/fhir/,CapabilityStatement.document.mode,ObjectProperty,"('http://hl7.org/fhir/CapabilityStatement.document.mode', 'ObjectProperty')"
http://hl7.org/fhir/CapabilityStatement.document.profile,http://hl7.org/fhir/,CapabilityStatement.document.profile,ObjectProperty,"('http://hl7.org/fhir/CapabilityStatement.document.profile', 'ObjectProperty')"
http://hl7.org/fhir/CapabilityStatement.experimental,http://hl7.org/fhir/,CapabilityStatement.experimental,ObjectProperty,"('http://hl7.org/fhir/CapabilityStatement.experimental', 'ObjectProperty')"
http://hl7.org/fhir/CapabilityStatement.fhirVersion,http://hl7.org/fhir/,CapabilityStatement.fhirVersion,ObjectProperty,"('http://hl7.org/fhir/CapabilityStatement.fhirVersion', 'ObjectProperty')"
http://hl7.org/fhir/CapabilityStatement.format,http://hl7.org/fhir/,CapabilityStatement.format,ObjectProperty,"('http://hl7.org/fhir/CapabilityStatement.format', 'ObjectProperty')"
http://hl7.org/fhir/CapabilityStatement.implementation,http://hl7.org/fhir/,CapabilityStatement.implementation,ObjectProperty,"('http://hl7.org/fhir/CapabilityStatement.implementation', 'ObjectProperty')"
http://hl7.org/fhir/CapabilityStatement.implementation.description,http://hl7.org/fhir/,CapabilityStatement.implementation.description,ObjectProperty,"('http://hl7.org/fhir/CapabilityStatement.implementation.description', 'ObjectProperty')"
http://hl7.org/fhir/CapabilityStatement.implementation.url,http://hl7.org/fhir/,CapabilityStatement.implementation.url,ObjectProperty,"('http://hl7.org/fhir/CapabilityStatement.implementation.url', 'ObjectProperty')"
http://hl7.org/fhir/CapabilityStatement.implementationGuide,http://hl7.org/fhir/,CapabilityStatement.implementationGuide,ObjectProperty,"('http://hl7.org/fhir/CapabilityStatement.implementationGuide', 'ObjectProperty')"
http://hl7.org/fhir/CapabilityStatement.instantiates,http://hl7.org/fhir/,CapabilityStatement.instantiates,ObjectProperty,"('http://hl7.org/fhir/CapabilityStatement.instantiates', 'ObjectProperty')"
http://hl7.org/fhir/CapabilityStatement.jurisdiction,http://hl7.org/fhir/,CapabilityStatement.jurisdiction,ObjectProperty,"('http://hl7.org/fhir/CapabilityStatement.jurisdiction', 'ObjectProperty')"
http://hl7.org/fhir/CapabilityStatement.kind,http://hl7.org/fhir/,CapabilityStatement.kind,ObjectProperty,"('http://hl7.org/fhir/CapabilityStatement.kind', 'ObjectProperty')"
http://hl7.org/fhir/CapabilityStatement.messaging,http://hl7.org/fhir/,CapabilityStatement.messaging,ObjectProperty,"('http://hl7.org/fhir/CapabilityStatement.messaging', 'ObjectProperty')"
http://hl7.org/fhir/CapabilityStatement.messaging.documentation,http://hl7.org/fhir/,CapabilityStatement.messaging.documentation,ObjectProperty,"('http://hl7.org/fhir/CapabilityStatement.messaging.documentation', 'ObjectProperty')"
http://hl7.org/fhir/CapabilityStatement.messaging.endpoint,http://hl7.org/fhir/,CapabilityStatement.messaging.endpoint,ObjectProperty,"('http://hl7.org/fhir/CapabilityStatement.messaging.endpoint', 'ObjectProperty')"
http://hl7.org/fhir/CapabilityStatement.messaging.endpoint.address,http://hl7.org/fhir/,CapabilityStatement.messaging.endpoint.address,ObjectProperty,"('http://hl7.org/fhir/CapabilityStatement.messaging.endpoint.address', 'ObjectProperty')"
http://hl7.org/fhir/CapabilityStatement.messaging.endpoint.protocol,http://hl7.org/fhir/,CapabilityStatement.messaging.endpoint.protocol,ObjectProperty,"('http://hl7.org/fhir/CapabilityStatement.messaging.endpoint.protocol', 'ObjectProperty')"
http://hl7.org/fhir/CapabilityStatement.messaging.event,http://hl7.org/fhir/,CapabilityStatement.messaging.event,ObjectProperty,"('http://hl7.org/fhir/CapabilityStatement.messaging.event', 'ObjectProperty')"
http://hl7.org/fhir/CapabilityStatement.messaging.event.category,http://hl7.org/fhir/,CapabilityStatement.messaging.event.category,ObjectProperty,"('http://hl7.org/fhir/CapabilityStatement.messaging.event.category', 'ObjectProperty')"
http://hl7.org/fhir/CapabilityStatement.messaging.event.code,http://hl7.org/fhir/,CapabilityStatement.messaging.event.code,ObjectProperty,"('http://hl7.org/fhir/CapabilityStatement.messaging.event.code', 'ObjectProperty')"
http://hl7.org/fhir/CapabilityStatement.messaging.event.documentation,http://hl7.org/fhir/,CapabilityStatement.messaging.event.documentation,ObjectProperty,"('http://hl7.org/fhir/CapabilityStatement.messaging.event.documentation', 'ObjectProperty')"
http://hl7.org/fhir/CapabilityStatement.messaging.event.focus,http://hl7.org/fhir/,CapabilityStatement.messaging.event.focus,ObjectProperty,"('http://hl7.org/fhir/CapabilityStatement.messaging.event.focus', 'ObjectProperty')"
http://hl7.org/fhir/CapabilityStatement.messaging.event.mode,http://hl7.org/fhir/,CapabilityStatement.messaging.event.mode,ObjectProperty,"('http://hl7.org/fhir/CapabilityStatement.messaging.event.mode', 'ObjectProperty')"
http://hl7.org/fhir/CapabilityStatement.messaging.event.request,http://hl7.org/fhir/,CapabilityStatement.messaging.event.request,ObjectProperty,"('http://hl7.org/fhir/CapabilityStatement.messaging.event.request', 'ObjectProperty')"
http://hl7.org/fhir/CapabilityStatement.messaging.event.response,http://hl7.org/fhir/,CapabilityStatement.messaging.event.response,ObjectProperty,"('http://hl7.org/fhir/CapabilityStatement.messaging.event.response', 'ObjectProperty')"
http://hl7.org/fhir/CapabilityStatement.messaging.reliableCache,http://hl7.org/fhir/,CapabilityStatement.messaging.reliableCache,ObjectProperty,"('http://hl7.org/fhir/CapabilityStatement.messaging.reliableCache', 'ObjectProperty')"
http://hl7.org/fhir/CapabilityStatement.messaging.supportedMessage,http://hl7.org/fhir/,CapabilityStatement.messaging.supportedMessage,ObjectProperty,"('http://hl7.org/fhir/CapabilityStatement.messaging.supportedMessage', 'ObjectProperty')"
http://hl7.org/fhir/CapabilityStatement.messaging.supportedMessage.definition,http://hl7.org/fhir/,CapabilityStatement.messaging.supportedMessage.definition,ObjectProperty,"('http://hl7.org/fhir/CapabilityStatement.messaging.supportedMessage.definition', 'ObjectProperty')"
http://hl7.org/fhir/CapabilityStatement.messaging.supportedMessage.mode,http://hl7.org/fhir/,CapabilityStatement.messaging.supportedMessage.mode,ObjectProperty,"('http://hl7.org/fhir/CapabilityStatement.messaging.supportedMessage.mode', 'ObjectProperty')"
http://hl7.org/fhir/CapabilityStatement.name,http://hl7.org/fhir/,CapabilityStatement.name,ObjectProperty,"('http://hl7.org/fhir/CapabilityStatement.name', 'ObjectProperty')"
http://hl7.org/fhir/CapabilityStatement.patchFormat,http://hl7.org/fhir/,CapabilityStatement.patchFormat,ObjectProperty,"('http://hl7.org/fhir/CapabilityStatement.patchFormat', 'ObjectProperty')"
http://hl7.org/fhir/CapabilityStatement.profile,http://hl7.org/fhir/,CapabilityStatement.profile,ObjectProperty,"('http://hl7.org/fhir/CapabilityStatement.profile', 'ObjectProperty')"
http://hl7.org/fhir/CapabilityStatement.publisher,http://hl7.org/fhir/,CapabilityStatement.publisher,ObjectProperty,"('http://hl7.org/fhir/CapabilityStatement.publisher', 'ObjectProperty')"
http://hl7.org/fhir/CapabilityStatement.purpose,http://hl7.org/fhir/,CapabilityStatement.purpose,ObjectProperty,"('http://hl7.org/fhir/CapabilityStatement.purpose', 'ObjectProperty')"
http://hl7.org/fhir/CapabilityStatement.rest,http://hl7.org/fhir/,CapabilityStatement.rest,ObjectProperty,"('http://hl7.org/fhir/CapabilityStatement.rest', 'ObjectProperty')"
http://hl7.org/fhir/CapabilityStatement.rest.compartment,http://hl7.org/fhir/,CapabilityStatement.rest.compartment,ObjectProperty,"('http://hl7.org/fhir/CapabilityStatement.rest.compartment', 'ObjectProperty')"
http://hl7.org/fhir/CapabilityStatement.rest.documentation,http://hl7.org/fhir/,CapabilityStatement.rest.documentation,ObjectProperty,"('http://hl7.org/fhir/CapabilityStatement.rest.documentation', 'ObjectProperty')"
http://hl7.org/fhir/CapabilityStatement.rest.interaction,http://hl7.org/fhir/,CapabilityStatement.rest.interaction,ObjectProperty,"('http://hl7.org/fhir/CapabilityStatement.rest.interaction', 'ObjectProperty')"
http://hl7.org/fhir/CapabilityStatement.rest.interaction.code,http://hl7.org/fhir/,CapabilityStatement.rest.interaction.code,ObjectProperty,"('http://hl7.org/fhir/CapabilityStatement.rest.interaction.code', 'ObjectProperty')"
http://hl7.org/fhir/CapabilityStatement.rest.interaction.documentation,http://hl7.org/fhir/,CapabilityStatement.rest.interaction.documentation,ObjectProperty,"('http://hl7.org/fhir/CapabilityStatement.rest.interaction.documentation', 'ObjectProperty')"
http://hl7.org/fhir/CapabilityStatement.rest.mode,http://hl7.org/fhir/,CapabilityStatement.rest.mode,ObjectProperty,"('http://hl7.org/fhir/CapabilityStatement.rest.mode', 'ObjectProperty')"
http://hl7.org/fhir/CapabilityStatement.rest.operation,http://hl7.org/fhir/,CapabilityStatement.rest.operation,ObjectProperty,"('http://hl7.org/fhir/CapabilityStatement.rest.operation', 'ObjectProperty')"
http://hl7.org/fhir/CapabilityStatement.rest.operation.definition,http://hl7.org/fhir/,CapabilityStatement.rest.operation.definition,ObjectProperty,"('http://hl7.org/fhir/CapabilityStatement.rest.operation.definition', 'ObjectProperty')"
http://hl7.org/fhir/CapabilityStatement.rest.operation.name,http://hl7.org/fhir/,CapabilityStatement.rest.operation.name,ObjectProperty,"('http://hl7.org/fhir/CapabilityStatement.rest.operation.name', 'ObjectProperty')"
http://hl7.org/fhir/CapabilityStatement.rest.resource,http://hl7.org/fhir/,CapabilityStatement.rest.resource,ObjectProperty,"('http://hl7.org/fhir/CapabilityStatement.rest.resource', 'ObjectProperty')"
http://hl7.org/fhir/CapabilityStatement.rest.resource.conditionalCreate,http://hl7.org/fhir/,CapabilityStatement.rest.resource.conditionalCreate,ObjectProperty,"('http://hl7.org/fhir/CapabilityStatement.rest.resource.conditionalCreate', 'ObjectProperty')"
http://hl7.org/fhir/CapabilityStatement.rest.resource.conditionalDelete,http://hl7.org/fhir/,CapabilityStatement.rest.resource.conditionalDelete,ObjectProperty,"('http://hl7.org/fhir/CapabilityStatement.rest.resource.conditionalDelete', 'ObjectProperty')"
http://hl7.org/fhir/CapabilityStatement.rest.resource.conditionalRead,http://hl7.org/fhir/,CapabilityStatement.rest.resource.conditionalRead,ObjectProperty,"('http://hl7.org/fhir/CapabilityStatement.rest.resource.conditionalRead', 'ObjectProperty')"
http://hl7.org/fhir/CapabilityStatement.rest.resource.conditionalUpdate,http://hl7.org/fhir/,CapabilityStatement.rest.resource.conditionalUpdate,ObjectProperty,"('http://hl7.org/fhir/CapabilityStatement.rest.resource.conditionalUpdate', 'ObjectProperty')"
http://hl7.org/fhir/CapabilityStatement.rest.resource.documentation,http://hl7.org/fhir/,CapabilityStatement.rest.resource.documentation,ObjectProperty,"('http://hl7.org/fhir/CapabilityStatement.rest.resource.documentation', 'ObjectProperty')"
http://hl7.org/fhir/CapabilityStatement.rest.resource.interaction,http://hl7.org/fhir/,CapabilityStatement.rest.resource.interaction,ObjectProperty,"('http://hl7.org/fhir/CapabilityStatement.rest.resource.interaction', 'ObjectProperty')"
http://hl7.org/fhir/CapabilityStatement.rest.resource.interaction.code,http://hl7.org/fhir/,CapabilityStatement.rest.resource.interaction.code,ObjectProperty,"('http://hl7.org/fhir/CapabilityStatement.rest.resource.interaction.code', 'ObjectProperty')"
http://hl7.org/fhir/CapabilityStatement.rest.resource.interaction.documentation,http://hl7.org/fhir/,CapabilityStatement.rest.resource.interaction.documentation,ObjectProperty,"('http://hl7.org/fhir/CapabilityStatement.rest.resource.interaction.documentation', 'ObjectProperty')"
http://hl7.org/fhir/CapabilityStatement.rest.resource.profile,http://hl7.org/fhir/,CapabilityStatement.rest.resource.profile,ObjectProperty,"('http://hl7.org/fhir/CapabilityStatement.rest.resource.profile', 'ObjectProperty')"
http://hl7.org/fhir/CapabilityStatement.rest.resource.readHistory,http://hl7.org/fhir/,CapabilityStatement.rest.resource.readHistory,ObjectProperty,"('http://hl7.org/fhir/CapabilityStatement.rest.resource.readHistory', 'ObjectProperty')"
http://hl7.org/fhir/CapabilityStatement.rest.resource.referencePolicy,http://hl7.org/fhir/,CapabilityStatement.rest.resource.referencePolicy,ObjectProperty,"('http://hl7.org/fhir/CapabilityStatement.rest.resource.referencePolicy', 'ObjectProperty')"
http://hl7.org/fhir/CapabilityStatement.rest.resource.searchInclude,http://hl7.org/fhir/,CapabilityStatement.rest.resource.searchInclude,ObjectProperty,"('http://hl7.org/fhir/CapabilityStatement.rest.resource.searchInclude', 'ObjectProperty')"
http://hl7.org/fhir/CapabilityStatement.rest.resource.searchParam,http://hl7.org/fhir/,CapabilityStatement.rest.resource.searchParam,ObjectProperty,"('http://hl7.org/fhir/CapabilityStatement.rest.resource.searchParam', 'ObjectProperty')"
http://hl7.org/fhir/CapabilityStatement.rest.resource.searchParam.definition,http://hl7.org/fhir/,CapabilityStatement.rest.resource.searchParam.definition,ObjectProperty,"('http://hl7.org/fhir/CapabilityStatement.rest.resource.searchParam.definition', 'ObjectProperty')"
http://hl7.org/fhir/CapabilityStatement.rest.resource.searchParam.documentation,http://hl7.org/fhir/,CapabilityStatement.rest.resource.searchParam.documentation,ObjectProperty,"('http://hl7.org/fhir/CapabilityStatement.rest.resource.searchParam.documentation', 'ObjectProperty')"
http://hl7.org/fhir/CapabilityStatement.rest.resource.searchParam.name,http://hl7.org/fhir/,CapabilityStatement.rest.resource.searchParam.name,ObjectProperty,"('http://hl7.org/fhir/CapabilityStatement.rest.resource.searchParam.name', 'ObjectProperty')"
http://hl7.org/fhir/CapabilityStatement.rest.resource.searchParam.type,http://hl7.org/fhir/,CapabilityStatement.rest.resource.searchParam.type,ObjectProperty,"('http://hl7.org/fhir/CapabilityStatement.rest.resource.searchParam.type', 'ObjectProperty')"
http://hl7.org/fhir/CapabilityStatement.rest.resource.searchRevInclude,http://hl7.org/fhir/,CapabilityStatement.rest.resource.searchRevInclude,ObjectProperty,"('http://hl7.org/fhir/CapabilityStatement.rest.resource.searchRevInclude', 'ObjectProperty')"
http://hl7.org/fhir/CapabilityStatement.rest.resource.type,http://hl7.org/fhir/,CapabilityStatement.rest.resource.type,ObjectProperty,"('http://hl7.org/fhir/CapabilityStatement.rest.resource.type', 'ObjectProperty')"
http://hl7.org/fhir/CapabilityStatement.rest.resource.updateCreate,http://hl7.org/fhir/,CapabilityStatement.rest.resource.updateCreate,ObjectProperty,"('http://hl7.org/fhir/CapabilityStatement.rest.resource.updateCreate', 'ObjectProperty')"
http://hl7.org/fhir/CapabilityStatement.rest.resource.versioning,http://hl7.org/fhir/,CapabilityStatement.rest.resource.versioning,ObjectProperty,"('http://hl7.org/fhir/CapabilityStatement.rest.resource.versioning', 'ObjectProperty')"
http://hl7.org/fhir/CapabilityStatement.rest.searchParam,http://hl7.org/fhir/,CapabilityStatement.rest.searchParam,ObjectProperty,"('http://hl7.org/fhir/CapabilityStatement.rest.searchParam', 'ObjectProperty')"
http://hl7.org/fhir/CapabilityStatement.rest.security,http://hl7.org/fhir/,CapabilityStatement.rest.security,ObjectProperty,"('http://hl7.org/fhir/CapabilityStatement.rest.security', 'ObjectProperty')"
http://hl7.org/fhir/CapabilityStatement.rest.security.certificate,http://hl7.org/fhir/,CapabilityStatement.rest.security.certificate,ObjectProperty,"('http://hl7.org/fhir/CapabilityStatement.rest.security.certificate', 'ObjectProperty')"
http://hl7.org/fhir/CapabilityStatement.rest.security.certificate.blob,http://hl7.org/fhir/,CapabilityStatement.rest.security.certificate.blob,ObjectProperty,"('http://hl7.org/fhir/CapabilityStatement.rest.security.certificate.blob', 'ObjectProperty')"
http://hl7.org/fhir/CapabilityStatement.rest.security.certificate.type,http://hl7.org/fhir/,CapabilityStatement.rest.security.certificate.type,ObjectProperty,"('http://hl7.org/fhir/CapabilityStatement.rest.security.certificate.type', 'ObjectProperty')"
http://hl7.org/fhir/CapabilityStatement.rest.security.cors,http://hl7.org/fhir/,CapabilityStatement.rest.security.cors,ObjectProperty,"('http://hl7.org/fhir/CapabilityStatement.rest.security.cors', 'ObjectProperty')"
http://hl7.org/fhir/CapabilityStatement.rest.security.description,http://hl7.org/fhir/,CapabilityStatement.rest.security.description,ObjectProperty,"('http://hl7.org/fhir/CapabilityStatement.rest.security.description', 'ObjectProperty')"
http://hl7.org/fhir/CapabilityStatement.rest.security.service,http://hl7.org/fhir/,CapabilityStatement.rest.security.service,ObjectProperty,"('http://hl7.org/fhir/CapabilityStatement.rest.security.service', 'ObjectProperty')"
http://hl7.org/fhir/CapabilityStatement.software,http://hl7.org/fhir/,CapabilityStatement.software,ObjectProperty,"('http://hl7.org/fhir/CapabilityStatement.software', 'ObjectProperty')"
http://hl7.org/fhir/CapabilityStatement.software.name,http://hl7.org/fhir/,CapabilityStatement.software.name,ObjectProperty,"('http://hl7.org/fhir/CapabilityStatement.software.name', 'ObjectProperty')"
http://hl7.org/fhir/CapabilityStatement.software.releaseDate,http://hl7.org/fhir/,CapabilityStatement.software.releaseDate,ObjectProperty,"('http://hl7.org/fhir/CapabilityStatement.software.releaseDate', 'ObjectProperty')"
http://hl7.org/fhir/CapabilityStatement.software.version,http://hl7.org/fhir/,CapabilityStatement.software.version,ObjectProperty,"('http://hl7.org/fhir/CapabilityStatement.software.version', 'ObjectProperty')"
http://hl7.org/fhir/CapabilityStatement.status,http://hl7.org/fhir/,CapabilityStatement.status,ObjectProperty,"('http://hl7.org/fhir/CapabilityStatement.status', 'ObjectProperty')"
http://hl7.org/fhir/CapabilityStatement.title,http://hl7.org/fhir/,CapabilityStatement.title,ObjectProperty,"('http://hl7.org/fhir/CapabilityStatement.title', 'ObjectProperty')"
http://hl7.org/fhir/CapabilityStatement.url,http://hl7.org/fhir/,CapabilityStatement.url,ObjectProperty,"('http://hl7.org/fhir/CapabilityStatement.url', 'ObjectProperty')"
http://hl7.org/fhir/CapabilityStatement.useContext,http://hl7.org/fhir/,CapabilityStatement.useContext,ObjectProperty,"('http://hl7.org/fhir/CapabilityStatement.useContext', 'ObjectProperty')"
http://hl7.org/fhir/CapabilityStatement.version,http://hl7.org/fhir/,CapabilityStatement.version,ObjectProperty,"('http://hl7.org/fhir/CapabilityStatement.version', 'ObjectProperty')"
http://hl7.org/fhir/CarePlan.activity.detail.definition,http://hl7.org/fhir/,CarePlan.activity.detail.definition,ObjectProperty,"('http://hl7.org/fhir/CarePlan.activity.detail.definition', 'ObjectProperty')"
http://hl7.org/fhir/CarePlan.activity.detail.description,http://hl7.org/fhir/,CarePlan.activity.detail.description,ObjectProperty,"('http://hl7.org/fhir/CarePlan.activity.detail.description', 'ObjectProperty')"
http://hl7.org/fhir/CarePlan.activity.detail.product,http://hl7.org/fhir/,CarePlan.activity.detail.product,ObjectProperty,"('http://hl7.org/fhir/CarePlan.activity.detail.product', 'ObjectProperty')"
http://hl7.org/fhir/CarePlan.activity.detail.prohibited,http://hl7.org/fhir/,CarePlan.activity.detail.prohibited,ObjectProperty,"('http://hl7.org/fhir/CarePlan.activity.detail.prohibited', 'ObjectProperty')"
http://hl7.org/fhir/CarePlan.activity.detail.scheduled,http://hl7.org/fhir/,CarePlan.activity.detail.scheduled,ObjectProperty,"('http://hl7.org/fhir/CarePlan.activity.detail.scheduled', 'ObjectProperty')"
http://hl7.org/fhir/CarePlan.activity.outcomeReference,http://hl7.org/fhir/,CarePlan.activity.outcomeReference,ObjectProperty,"('http://hl7.org/fhir/CarePlan.activity.outcomeReference', 'ObjectProperty')"
http://hl7.org/fhir/CarePlan.activity.progress,http://hl7.org/fhir/,CarePlan.activity.progress,ObjectProperty,"('http://hl7.org/fhir/CarePlan.activity.progress', 'ObjectProperty')"
http://hl7.org/fhir/CarePlan.definition,http://hl7.org/fhir/,CarePlan.definition,ObjectProperty,"('http://hl7.org/fhir/CarePlan.definition', 'ObjectProperty')"
http://hl7.org/fhir/CarePlan.description,http://hl7.org/fhir/,CarePlan.description,ObjectProperty,"('http://hl7.org/fhir/CarePlan.description', 'ObjectProperty')"
http://hl7.org/fhir/CarePlan.identifier,http://hl7.org/fhir/,CarePlan.identifier,ObjectProperty,"('http://hl7.org/fhir/CarePlan.identifier', 'ObjectProperty')"
http://hl7.org/fhir/CarePlan.intent,http://hl7.org/fhir/,CarePlan.intent,ObjectProperty,"('http://hl7.org/fhir/CarePlan.intent', 'ObjectProperty')"
http://hl7.org/fhir/CarePlan.note,http://hl7.org/fhir/,CarePlan.note,ObjectProperty,"('http://hl7.org/fhir/CarePlan.note', 'ObjectProperty')"
http://hl7.org/fhir/CarePlan.supportingInfo,http://hl7.org/fhir/,CarePlan.supportingInfo,ObjectProperty,"('http://hl7.org/fhir/CarePlan.supportingInfo', 'ObjectProperty')"
http://hl7.org/fhir/CareTeam.identifier,http://hl7.org/fhir/,CareTeam.identifier,ObjectProperty,"('http://hl7.org/fhir/CareTeam.identifier', 'ObjectProperty')"
http://hl7.org/fhir/CareTeam.note,http://hl7.org/fhir/,CareTeam.note,ObjectProperty,"('http://hl7.org/fhir/CareTeam.note', 'ObjectProperty')"
http://hl7.org/fhir/ChargeItem.account,http://hl7.org/fhir/,ChargeItem.account,ObjectProperty,"('http://hl7.org/fhir/ChargeItem.account', 'ObjectProperty')"
http://hl7.org/fhir/ChargeItem.bodysite,http://hl7.org/fhir/,ChargeItem.bodysite,ObjectProperty,"('http://hl7.org/fhir/ChargeItem.bodysite', 'ObjectProperty')"
http://hl7.org/fhir/ChargeItem.code,http://hl7.org/fhir/,ChargeItem.code,ObjectProperty,"('http://hl7.org/fhir/ChargeItem.code', 'ObjectProperty')"
http://hl7.org/fhir/ChargeItem.context,http://hl7.org/fhir/,ChargeItem.context,ObjectProperty,"('http://hl7.org/fhir/ChargeItem.context', 'ObjectProperty')"
http://hl7.org/fhir/ChargeItem.definition,http://hl7.org/fhir/,ChargeItem.definition,ObjectProperty,"('http://hl7.org/fhir/ChargeItem.definition', 'ObjectProperty')"
http://hl7.org/fhir/ChargeItem.enteredDate,http://hl7.org/fhir/,ChargeItem.enteredDate,ObjectProperty,"('http://hl7.org/fhir/ChargeItem.enteredDate', 'ObjectProperty')"
http://hl7.org/fhir/ChargeItem.enterer,http://hl7.org/fhir/,ChargeItem.enterer,ObjectProperty,"('http://hl7.org/fhir/ChargeItem.enterer', 'ObjectProperty')"
http://hl7.org/fhir/ChargeItem.factorOverride,http://hl7.org/fhir/,ChargeItem.factorOverride,ObjectProperty,"('http://hl7.org/fhir/ChargeItem.factorOverride', 'ObjectProperty')"
http://hl7.org/fhir/ChargeItem.identifier,http://hl7.org/fhir/,ChargeItem.identifier,ObjectProperty,"('http://hl7.org/fhir/ChargeItem.identifier', 'ObjectProperty')"
http://hl7.org/fhir/ChargeItem.note,http://hl7.org/fhir/,ChargeItem.note,ObjectProperty,"('http://hl7.org/fhir/ChargeItem.note', 'ObjectProperty')"
http://hl7.org/fhir/ChargeItem.occurrence,http://hl7.org/fhir/,ChargeItem.occurrence,ObjectProperty,"('http://hl7.org/fhir/ChargeItem.occurrence', 'ObjectProperty')"
http://hl7.org/fhir/ChargeItem.occurrenceDateTime,http://hl7.org/fhir/,ChargeItem.occurrenceDateTime,ObjectProperty,"('http://hl7.org/fhir/ChargeItem.occurrenceDateTime', 'ObjectProperty')"
http://hl7.org/fhir/ChargeItem.occurrencePeriod,http://hl7.org/fhir/,ChargeItem.occurrencePeriod,ObjectProperty,"('http://hl7.org/fhir/ChargeItem.occurrencePeriod', 'ObjectProperty')"
http://hl7.org/fhir/ChargeItem.occurrenceTiming,http://hl7.org/fhir/,ChargeItem.occurrenceTiming,ObjectProperty,"('http://hl7.org/fhir/ChargeItem.occurrenceTiming', 'ObjectProperty')"
http://hl7.org/fhir/ChargeItem.overrideReason,http://hl7.org/fhir/,ChargeItem.overrideReason,ObjectProperty,"('http://hl7.org/fhir/ChargeItem.overrideReason', 'ObjectProperty')"
http://hl7.org/fhir/ChargeItem.partOf,http://hl7.org/fhir/,ChargeItem.partOf,ObjectProperty,"('http://hl7.org/fhir/ChargeItem.partOf', 'ObjectProperty')"
http://hl7.org/fhir/ChargeItem.participant,http://hl7.org/fhir/,ChargeItem.participant,ObjectProperty,"('http://hl7.org/fhir/ChargeItem.participant', 'ObjectProperty')"
http://hl7.org/fhir/ChargeItem.participant.actor,http://hl7.org/fhir/,ChargeItem.participant.actor,ObjectProperty,"('http://hl7.org/fhir/ChargeItem.participant.actor', 'ObjectProperty')"
http://hl7.org/fhir/ChargeItem.participant.role,http://hl7.org/fhir/,ChargeItem.participant.role,ObjectProperty,"('http://hl7.org/fhir/ChargeItem.participant.role', 'ObjectProperty')"
http://hl7.org/fhir/ChargeItem.performingOrganization,http://hl7.org/fhir/,ChargeItem.performingOrganization,ObjectProperty,"('http://hl7.org/fhir/ChargeItem.performingOrganization', 'ObjectProperty')"
http://hl7.org/fhir/ChargeItem.priceOverride,http://hl7.org/fhir/,ChargeItem.priceOverride,ObjectProperty,"('http://hl7.org/fhir/ChargeItem.priceOverride', 'ObjectProperty')"
http://hl7.org/fhir/ChargeItem.quantity,http://hl7.org/fhir/,ChargeItem.quantity,ObjectProperty,"('http://hl7.org/fhir/ChargeItem.quantity', 'ObjectProperty')"
http://hl7.org/fhir/ChargeItem.reason,http://hl7.org/fhir/,ChargeItem.reason,ObjectProperty,"('http://hl7.org/fhir/ChargeItem.reason', 'ObjectProperty')"
http://hl7.org/fhir/ChargeItem.requestingOrganization,http://hl7.org/fhir/,ChargeItem.requestingOrganization,ObjectProperty,"('http://hl7.org/fhir/ChargeItem.requestingOrganization', 'ObjectProperty')"
http://hl7.org/fhir/ChargeItem.service,http://hl7.org/fhir/,ChargeItem.service,ObjectProperty,"('http://hl7.org/fhir/ChargeItem.service', 'ObjectProperty')"
http://hl7.org/fhir/ChargeItem.status,http://hl7.org/fhir/,ChargeItem.status,ObjectProperty,"('http://hl7.org/fhir/ChargeItem.status', 'ObjectProperty')"
http://hl7.org/fhir/ChargeItem.subject,http://hl7.org/fhir/,ChargeItem.subject,ObjectProperty,"('http://hl7.org/fhir/ChargeItem.subject', 'ObjectProperty')"
http://hl7.org/fhir/ChargeItem.supportingInformation,http://hl7.org/fhir/,ChargeItem.supportingInformation,ObjectProperty,"('http://hl7.org/fhir/ChargeItem.supportingInformation', 'ObjectProperty')"
http://hl7.org/fhir/Claim.accident,http://hl7.org/fhir/,Claim.accident,ObjectProperty,"('http://hl7.org/fhir/Claim.accident', 'ObjectProperty')"
http://hl7.org/fhir/Claim.accident.date,http://hl7.org/fhir/,Claim.accident.date,ObjectProperty,"('http://hl7.org/fhir/Claim.accident.date', 'ObjectProperty')"
http://hl7.org/fhir/Claim.accident.location,http://hl7.org/fhir/,Claim.accident.location,ObjectProperty,"('http://hl7.org/fhir/Claim.accident.location', 'ObjectProperty')"
http://hl7.org/fhir/Claim.accident.locationAddress,http://hl7.org/fhir/,Claim.accident.locationAddress,ObjectProperty,"('http://hl7.org/fhir/Claim.accident.locationAddress', 'ObjectProperty')"
http://hl7.org/fhir/Claim.accident.locationReference,http://hl7.org/fhir/,Claim.accident.locationReference,ObjectProperty,"('http://hl7.org/fhir/Claim.accident.locationReference', 'ObjectProperty')"
http://hl7.org/fhir/Claim.accident.type,http://hl7.org/fhir/,Claim.accident.type,ObjectProperty,"('http://hl7.org/fhir/Claim.accident.type', 'ObjectProperty')"
http://hl7.org/fhir/Claim.billablePeriod,http://hl7.org/fhir/,Claim.billablePeriod,ObjectProperty,"('http://hl7.org/fhir/Claim.billablePeriod', 'ObjectProperty')"
http://hl7.org/fhir/Claim.careTeam,http://hl7.org/fhir/,Claim.careTeam,ObjectProperty,"('http://hl7.org/fhir/Claim.careTeam', 'ObjectProperty')"
http://hl7.org/fhir/Claim.careTeam.provider,http://hl7.org/fhir/,Claim.careTeam.provider,ObjectProperty,"('http://hl7.org/fhir/Claim.careTeam.provider', 'ObjectProperty')"
http://hl7.org/fhir/Claim.careTeam.qualification,http://hl7.org/fhir/,Claim.careTeam.qualification,ObjectProperty,"('http://hl7.org/fhir/Claim.careTeam.qualification', 'ObjectProperty')"
http://hl7.org/fhir/Claim.careTeam.responsible,http://hl7.org/fhir/,Claim.careTeam.responsible,ObjectProperty,"('http://hl7.org/fhir/Claim.careTeam.responsible', 'ObjectProperty')"
http://hl7.org/fhir/Claim.careTeam.role,http://hl7.org/fhir/,Claim.careTeam.role,ObjectProperty,"('http://hl7.org/fhir/Claim.careTeam.role', 'ObjectProperty')"
http://hl7.org/fhir/Claim.careTeam.sequence,http://hl7.org/fhir/,Claim.careTeam.sequence,ObjectProperty,"('http://hl7.org/fhir/Claim.careTeam.sequence', 'ObjectProperty')"
http://hl7.org/fhir/Claim.created,http://hl7.org/fhir/,Claim.created,ObjectProperty,"('http://hl7.org/fhir/Claim.created', 'ObjectProperty')"
http://hl7.org/fhir/Claim.diagnosis,http://hl7.org/fhir/,Claim.diagnosis,ObjectProperty,"('http://hl7.org/fhir/Claim.diagnosis', 'ObjectProperty')"
http://hl7.org/fhir/Claim.diagnosis.diagnosis,http://hl7.org/fhir/,Claim.diagnosis.diagnosis,ObjectProperty,"('http://hl7.org/fhir/Claim.diagnosis.diagnosis', 'ObjectProperty')"
http://hl7.org/fhir/Claim.diagnosis.diagnosisCodeableConcept,http://hl7.org/fhir/,Claim.diagnosis.diagnosisCodeableConcept,ObjectProperty,"('http://hl7.org/fhir/Claim.diagnosis.diagnosisCodeableConcept', 'ObjectProperty')"
http://hl7.org/fhir/Claim.diagnosis.diagnosisReference,http://hl7.org/fhir/,Claim.diagnosis.diagnosisReference,ObjectProperty,"('http://hl7.org/fhir/Claim.diagnosis.diagnosisReference', 'ObjectProperty')"
http://hl7.org/fhir/Claim.diagnosis.packageCode,http://hl7.org/fhir/,Claim.diagnosis.packageCode,ObjectProperty,"('http://hl7.org/fhir/Claim.diagnosis.packageCode', 'ObjectProperty')"
http://hl7.org/fhir/Claim.diagnosis.sequence,http://hl7.org/fhir/,Claim.diagnosis.sequence,ObjectProperty,"('http://hl7.org/fhir/Claim.diagnosis.sequence', 'ObjectProperty')"
http://hl7.org/fhir/Claim.diagnosis.type,http://hl7.org/fhir/,Claim.diagnosis.type,ObjectProperty,"('http://hl7.org/fhir/Claim.diagnosis.type', 'ObjectProperty')"
http://hl7.org/fhir/Claim.employmentImpacted,http://hl7.org/fhir/,Claim.employmentImpacted,ObjectProperty,"('http://hl7.org/fhir/Claim.employmentImpacted', 'ObjectProperty')"
http://hl7.org/fhir/Claim.enterer,http://hl7.org/fhir/,Claim.enterer,ObjectProperty,"('http://hl7.org/fhir/Claim.enterer', 'ObjectProperty')"
http://hl7.org/fhir/Claim.facility,http://hl7.org/fhir/,Claim.facility,ObjectProperty,"('http://hl7.org/fhir/Claim.facility', 'ObjectProperty')"
http://hl7.org/fhir/Claim.fundsReserve,http://hl7.org/fhir/,Claim.fundsReserve,ObjectProperty,"('http://hl7.org/fhir/Claim.fundsReserve', 'ObjectProperty')"
http://hl7.org/fhir/Claim.hospitalization,http://hl7.org/fhir/,Claim.hospitalization,ObjectProperty,"('http://hl7.org/fhir/Claim.hospitalization', 'ObjectProperty')"
http://hl7.org/fhir/Claim.identifier,http://hl7.org/fhir/,Claim.identifier,ObjectProperty,"('http://hl7.org/fhir/Claim.identifier', 'ObjectProperty')"
http://hl7.org/fhir/Claim.information,http://hl7.org/fhir/,Claim.information,ObjectProperty,"('http://hl7.org/fhir/Claim.information', 'ObjectProperty')"
http://hl7.org/fhir/Claim.information.category,http://hl7.org/fhir/,Claim.information.category,ObjectProperty,"('http://hl7.org/fhir/Claim.information.category', 'ObjectProperty')"
http://hl7.org/fhir/Claim.information.code,http://hl7.org/fhir/,Claim.information.code,ObjectProperty,"('http://hl7.org/fhir/Claim.information.code', 'ObjectProperty')"
http://hl7.org/fhir/Claim.information.reason,http://hl7.org/fhir/,Claim.information.reason,ObjectProperty,"('http://hl7.org/fhir/Claim.information.reason', 'ObjectProperty')"
http://hl7.org/fhir/Claim.information.sequence,http://hl7.org/fhir/,Claim.information.sequence,ObjectProperty,"('http://hl7.org/fhir/Claim.information.sequence', 'ObjectProperty')"
http://hl7.org/fhir/Claim.information.timing,http://hl7.org/fhir/,Claim.information.timing,ObjectProperty,"('http://hl7.org/fhir/Claim.information.timing', 'ObjectProperty')"
http://hl7.org/fhir/Claim.information.timingDate,http://hl7.org/fhir/,Claim.information.timingDate,ObjectProperty,"('http://hl7.org/fhir/Claim.information.timingDate', 'ObjectProperty')"
http://hl7.org/fhir/Claim.information.timingPeriod,http://hl7.org/fhir/,Claim.information.timingPeriod,ObjectProperty,"('http://hl7.org/fhir/Claim.information.timingPeriod', 'ObjectProperty')"
http://hl7.org/fhir/Claim.information.value,http://hl7.org/fhir/,Claim.information.value,ObjectProperty,"('http://hl7.org/fhir/Claim.information.value', 'ObjectProperty')"
http://hl7.org/fhir/Claim.information.valueAttachment,http://hl7.org/fhir/,Claim.information.valueAttachment,ObjectProperty,"('http://hl7.org/fhir/Claim.information.valueAttachment', 'ObjectProperty')"
http://hl7.org/fhir/Claim.information.valueQuantity,http://hl7.org/fhir/,Claim.information.valueQuantity,ObjectProperty,"('http://hl7.org/fhir/Claim.information.valueQuantity', 'ObjectProperty')"
http://hl7.org/fhir/Claim.information.valueReference,http://hl7.org/fhir/,Claim.information.valueReference,ObjectProperty,"('http://hl7.org/fhir/Claim.information.valueReference', 'ObjectProperty')"
http://hl7.org/fhir/Claim.information.valueString,http://hl7.org/fhir/,Claim.information.valueString,ObjectProperty,"('http://hl7.org/fhir/Claim.information.valueString', 'ObjectProperty')"
http://hl7.org/fhir/Claim.insurance,http://hl7.org/fhir/,Claim.insurance,ObjectProperty,"('http://hl7.org/fhir/Claim.insurance', 'ObjectProperty')"
http://hl7.org/fhir/Claim.insurance.businessArrangement,http://hl7.org/fhir/,Claim.insurance.businessArrangement,ObjectProperty,"('http://hl7.org/fhir/Claim.insurance.businessArrangement', 'ObjectProperty')"
http://hl7.org/fhir/Claim.insurance.claimResponse,http://hl7.org/fhir/,Claim.insurance.claimResponse,ObjectProperty,"('http://hl7.org/fhir/Claim.insurance.claimResponse', 'ObjectProperty')"
http://hl7.org/fhir/Claim.insurance.coverage,http://hl7.org/fhir/,Claim.insurance.coverage,ObjectProperty,"('http://hl7.org/fhir/Claim.insurance.coverage', 'ObjectProperty')"
http://hl7.org/fhir/Claim.insurance.focal,http://hl7.org/fhir/,Claim.insurance.focal,ObjectProperty,"('http://hl7.org/fhir/Claim.insurance.focal', 'ObjectProperty')"
http://hl7.org/fhir/Claim.insurance.preAuthRef,http://hl7.org/fhir/,Claim.insurance.preAuthRef,ObjectProperty,"('http://hl7.org/fhir/Claim.insurance.preAuthRef', 'ObjectProperty')"
http://hl7.org/fhir/Claim.insurance.sequence,http://hl7.org/fhir/,Claim.insurance.sequence,ObjectProperty,"('http://hl7.org/fhir/Claim.insurance.sequence', 'ObjectProperty')"
http://hl7.org/fhir/Claim.insurer,http://hl7.org/fhir/,Claim.insurer,ObjectProperty,"('http://hl7.org/fhir/Claim.insurer', 'ObjectProperty')"
http://hl7.org/fhir/Claim.item,http://hl7.org/fhir/,Claim.item,ObjectProperty,"('http://hl7.org/fhir/Claim.item', 'ObjectProperty')"
http://hl7.org/fhir/Claim.item.bodySite,http://hl7.org/fhir/,Claim.item.bodySite,ObjectProperty,"('http://hl7.org/fhir/Claim.item.bodySite', 'ObjectProperty')"
http://hl7.org/fhir/Claim.item.careTeamLinkId,http://hl7.org/fhir/,Claim.item.careTeamLinkId,ObjectProperty,"('http://hl7.org/fhir/Claim.item.careTeamLinkId', 'ObjectProperty')"
http://hl7.org/fhir/Claim.item.category,http://hl7.org/fhir/,Claim.item.category,ObjectProperty,"('http://hl7.org/fhir/Claim.item.category', 'ObjectProperty')"
http://hl7.org/fhir/Claim.item.detail,http://hl7.org/fhir/,Claim.item.detail,ObjectProperty,"('http://hl7.org/fhir/Claim.item.detail', 'ObjectProperty')"
http://hl7.org/fhir/Claim.item.detail.category,http://hl7.org/fhir/,Claim.item.detail.category,ObjectProperty,"('http://hl7.org/fhir/Claim.item.detail.category', 'ObjectProperty')"
http://hl7.org/fhir/Claim.item.detail.factor,http://hl7.org/fhir/,Claim.item.detail.factor,ObjectProperty,"('http://hl7.org/fhir/Claim.item.detail.factor', 'ObjectProperty')"
http://hl7.org/fhir/Claim.item.detail.modifier,http://hl7.org/fhir/,Claim.item.detail.modifier,ObjectProperty,"('http://hl7.org/fhir/Claim.item.detail.modifier', 'ObjectProperty')"
http://hl7.org/fhir/Claim.item.detail.net,http://hl7.org/fhir/,Claim.item.detail.net,ObjectProperty,"('http://hl7.org/fhir/Claim.item.detail.net', 'ObjectProperty')"
http://hl7.org/fhir/Claim.item.detail.programCode,http://hl7.org/fhir/,Claim.item.detail.programCode,ObjectProperty,"('http://hl7.org/fhir/Claim.item.detail.programCode', 'ObjectProperty')"
http://hl7.org/fhir/Claim.item.detail.quantity,http://hl7.org/fhir/,Claim.item.detail.quantity,ObjectProperty,"('http://hl7.org/fhir/Claim.item.detail.quantity', 'ObjectProperty')"
http://hl7.org/fhir/Claim.item.detail.revenue,http://hl7.org/fhir/,Claim.item.detail.revenue,ObjectProperty,"('http://hl7.org/fhir/Claim.item.detail.revenue', 'ObjectProperty')"
http://hl7.org/fhir/Claim.item.detail.sequence,http://hl7.org/fhir/,Claim.item.detail.sequence,ObjectProperty,"('http://hl7.org/fhir/Claim.item.detail.sequence', 'ObjectProperty')"
http://hl7.org/fhir/Claim.item.detail.service,http://hl7.org/fhir/,Claim.item.detail.service,ObjectProperty,"('http://hl7.org/fhir/Claim.item.detail.service', 'ObjectProperty')"
http://hl7.org/fhir/Claim.item.detail.subDetail,http://hl7.org/fhir/,Claim.item.detail.subDetail,ObjectProperty,"('http://hl7.org/fhir/Claim.item.detail.subDetail', 'ObjectProperty')"
http://hl7.org/fhir/Claim.item.detail.subDetail.category,http://hl7.org/fhir/,Claim.item.detail.subDetail.category,ObjectProperty,"('http://hl7.org/fhir/Claim.item.detail.subDetail.category', 'ObjectProperty')"
http://hl7.org/fhir/Claim.item.detail.subDetail.factor,http://hl7.org/fhir/,Claim.item.detail.subDetail.factor,ObjectProperty,"('http://hl7.org/fhir/Claim.item.detail.subDetail.factor', 'ObjectProperty')"
http://hl7.org/fhir/Claim.item.detail.subDetail.modifier,http://hl7.org/fhir/,Claim.item.detail.subDetail.modifier,ObjectProperty,"('http://hl7.org/fhir/Claim.item.detail.subDetail.modifier', 'ObjectProperty')"
http://hl7.org/fhir/Claim.item.detail.subDetail.net,http://hl7.org/fhir/,Claim.item.detail.subDetail.net,ObjectProperty,"('http://hl7.org/fhir/Claim.item.detail.subDetail.net', 'ObjectProperty')"
http://hl7.org/fhir/Claim.item.detail.subDetail.programCode,http://hl7.org/fhir/,Claim.item.detail.subDetail.programCode,ObjectProperty,"('http://hl7.org/fhir/Claim.item.detail.subDetail.programCode', 'ObjectProperty')"
http://hl7.org/fhir/Claim.item.detail.subDetail.quantity,http://hl7.org/fhir/,Claim.item.detail.subDetail.quantity,ObjectProperty,"('http://hl7.org/fhir/Claim.item.detail.subDetail.quantity', 'ObjectProperty')"
http://hl7.org/fhir/Claim.item.detail.subDetail.revenue,http://hl7.org/fhir/,Claim.item.detail.subDetail.revenue,ObjectProperty,"('http://hl7.org/fhir/Claim.item.detail.subDetail.revenue', 'ObjectProperty')"
http://hl7.org/fhir/Claim.item.detail.subDetail.sequence,http://hl7.org/fhir/,Claim.item.detail.subDetail.sequence,ObjectProperty,"('http://hl7.org/fhir/Claim.item.detail.subDetail.sequence', 'ObjectProperty')"
http://hl7.org/fhir/Claim.item.detail.subDetail.service,http://hl7.org/fhir/,Claim.item.detail.subDetail.service,ObjectProperty,"('http://hl7.org/fhir/Claim.item.detail.subDetail.service', 'ObjectProperty')"
http://hl7.org/fhir/Claim.item.detail.subDetail.udi,http://hl7.org/fhir/,Claim.item.detail.subDetail.udi,ObjectProperty,"('http://hl7.org/fhir/Claim.item.detail.subDetail.udi', 'ObjectProperty')"
http://hl7.org/fhir/Claim.item.detail.subDetail.unitPrice,http://hl7.org/fhir/,Claim.item.detail.subDetail.unitPrice,ObjectProperty,"('http://hl7.org/fhir/Claim.item.detail.subDetail.unitPrice', 'ObjectProperty')"
http://hl7.org/fhir/Claim.item.detail.udi,http://hl7.org/fhir/,Claim.item.detail.udi,ObjectProperty,"('http://hl7.org/fhir/Claim.item.detail.udi', 'ObjectProperty')"
http://hl7.org/fhir/Claim.item.detail.unitPrice,http://hl7.org/fhir/,Claim.item.detail.unitPrice,ObjectProperty,"('http://hl7.org/fhir/Claim.item.detail.unitPrice', 'ObjectProperty')"
http://hl7.org/fhir/Claim.item.diagnosisLinkId,http://hl7.org/fhir/,Claim.item.diagnosisLinkId,ObjectProperty,"('http://hl7.org/fhir/Claim.item.diagnosisLinkId', 'ObjectProperty')"
http://hl7.org/fhir/Claim.item.encounter,http://hl7.org/fhir/,Claim.item.encounter,ObjectProperty,"('http://hl7.org/fhir/Claim.item.encounter', 'ObjectProperty')"
http://hl7.org/fhir/Claim.item.factor,http://hl7.org/fhir/,Claim.item.factor,ObjectProperty,"('http://hl7.org/fhir/Claim.item.factor', 'ObjectProperty')"
http://hl7.org/fhir/Claim.item.informationLinkId,http://hl7.org/fhir/,Claim.item.informationLinkId,ObjectProperty,"('http://hl7.org/fhir/Claim.item.informationLinkId', 'ObjectProperty')"
http://hl7.org/fhir/Claim.item.location,http://hl7.org/fhir/,Claim.item.location,ObjectProperty,"('http://hl7.org/fhir/Claim.item.location', 'ObjectProperty')"
http://hl7.org/fhir/Claim.item.locationAddress,http://hl7.org/fhir/,Claim.item.locationAddress,ObjectProperty,"('http://hl7.org/fhir/Claim.item.locationAddress', 'ObjectProperty')"
http://hl7.org/fhir/Claim.item.locationCodeableConcept,http://hl7.org/fhir/,Claim.item.locationCodeableConcept,ObjectProperty,"('http://hl7.org/fhir/Claim.item.locationCodeableConcept', 'ObjectProperty')"
http://hl7.org/fhir/Claim.item.locationReference,http://hl7.org/fhir/,Claim.item.locationReference,ObjectProperty,"('http://hl7.org/fhir/Claim.item.locationReference', 'ObjectProperty')"
http://hl7.org/fhir/Claim.item.modifier,http://hl7.org/fhir/,Claim.item.modifier,ObjectProperty,"('http://hl7.org/fhir/Claim.item.modifier', 'ObjectProperty')"
http://hl7.org/fhir/Claim.item.net,http://hl7.org/fhir/,Claim.item.net,ObjectProperty,"('http://hl7.org/fhir/Claim.item.net', 'ObjectProperty')"
http://hl7.org/fhir/Claim.item.procedureLinkId,http://hl7.org/fhir/,Claim.item.procedureLinkId,ObjectProperty,"('http://hl7.org/fhir/Claim.item.procedureLinkId', 'ObjectProperty')"
http://hl7.org/fhir/Claim.item.programCode,http://hl7.org/fhir/,Claim.item.programCode,ObjectProperty,"('http://hl7.org/fhir/Claim.item.programCode', 'ObjectProperty')"
http://hl7.org/fhir/Claim.item.quantity,http://hl7.org/fhir/,Claim.item.quantity,ObjectProperty,"('http://hl7.org/fhir/Claim.item.quantity', 'ObjectProperty')"
http://hl7.org/fhir/Claim.item.revenue,http://hl7.org/fhir/,Claim.item.revenue,ObjectProperty,"('http://hl7.org/fhir/Claim.item.revenue', 'ObjectProperty')"
http://hl7.org/fhir/Claim.item.sequence,http://hl7.org/fhir/,Claim.item.sequence,ObjectProperty,"('http://hl7.org/fhir/Claim.item.sequence', 'ObjectProperty')"
http://hl7.org/fhir/Claim.item.service,http://hl7.org/fhir/,Claim.item.service,ObjectProperty,"('http://hl7.org/fhir/Claim.item.service', 'ObjectProperty')"
http://hl7.org/fhir/Claim.item.serviced,http://hl7.org/fhir/,Claim.item.serviced,ObjectProperty,"('http://hl7.org/fhir/Claim.item.serviced', 'ObjectProperty')"
http://hl7.org/fhir/Claim.item.servicedDate,http://hl7.org/fhir/,Claim.item.servicedDate,ObjectProperty,"('http://hl7.org/fhir/Claim.item.servicedDate', 'ObjectProperty')"
http://hl7.org/fhir/Claim.item.servicedPeriod,http://hl7.org/fhir/,Claim.item.servicedPeriod,ObjectProperty,"('http://hl7.org/fhir/Claim.item.servicedPeriod', 'ObjectProperty')"
http://hl7.org/fhir/Claim.item.subSite,http://hl7.org/fhir/,Claim.item.subSite,ObjectProperty,"('http://hl7.org/fhir/Claim.item.subSite', 'ObjectProperty')"
http://hl7.org/fhir/Claim.item.udi,http://hl7.org/fhir/,Claim.item.udi,ObjectProperty,"('http://hl7.org/fhir/Claim.item.udi', 'ObjectProperty')"
http://hl7.org/fhir/Claim.item.unitPrice,http://hl7.org/fhir/,Claim.item.unitPrice,ObjectProperty,"('http://hl7.org/fhir/Claim.item.unitPrice', 'ObjectProperty')"
http://hl7.org/fhir/Claim.organization,http://hl7.org/fhir/,Claim.organization,ObjectProperty,"('http://hl7.org/fhir/Claim.organization', 'ObjectProperty')"
http://hl7.org/fhir/Claim.originalPrescription,http://hl7.org/fhir/,Claim.originalPrescription,ObjectProperty,"('http://hl7.org/fhir/Claim.originalPrescription', 'ObjectProperty')"
http://hl7.org/fhir/Claim.patient,http://hl7.org/fhir/,Claim.patient,ObjectProperty,"('http://hl7.org/fhir/Claim.patient', 'ObjectProperty')"
http://hl7.org/fhir/Claim.payee,http://hl7.org/fhir/,Claim.payee,ObjectProperty,"('http://hl7.org/fhir/Claim.payee', 'ObjectProperty')"
http://hl7.org/fhir/Claim.payee.party,http://hl7.org/fhir/,Claim.payee.party,ObjectProperty,"('http://hl7.org/fhir/Claim.payee.party', 'ObjectProperty')"
http://hl7.org/fhir/Claim.payee.resourceType,http://hl7.org/fhir/,Claim.payee.resourceType,ObjectProperty,"('http://hl7.org/fhir/Claim.payee.resourceType', 'ObjectProperty')"
http://hl7.org/fhir/Claim.payee.type,http://hl7.org/fhir/,Claim.payee.type,ObjectProperty,"('http://hl7.org/fhir/Claim.payee.type', 'ObjectProperty')"
http://hl7.org/fhir/Claim.prescription,http://hl7.org/fhir/,Claim.prescription,ObjectProperty,"('http://hl7.org/fhir/Claim.prescription', 'ObjectProperty')"
http://hl7.org/fhir/Claim.priority,http://hl7.org/fhir/,Claim.priority,ObjectProperty,"('http://hl7.org/fhir/Claim.priority', 'ObjectProperty')"
http://hl7.org/fhir/Claim.procedure,http://hl7.org/fhir/,Claim.procedure,ObjectProperty,"('http://hl7.org/fhir/Claim.procedure', 'ObjectProperty')"
http://hl7.org/fhir/Claim.procedure.date,http://hl7.org/fhir/,Claim.procedure.date,ObjectProperty,"('http://hl7.org/fhir/Claim.procedure.date', 'ObjectProperty')"
http://hl7.org/fhir/Claim.procedure.procedure,http://hl7.org/fhir/,Claim.procedure.procedure,ObjectProperty,"('http://hl7.org/fhir/Claim.procedure.procedure', 'ObjectProperty')"
http://hl7.org/fhir/Claim.procedure.procedureCodeableConcept,http://hl7.org/fhir/,Claim.procedure.procedureCodeableConcept,ObjectProperty,"('http://hl7.org/fhir/Claim.procedure.procedureCodeableConcept', 'ObjectProperty')"
http://hl7.org/fhir/Claim.procedure.procedureReference,http://hl7.org/fhir/,Claim.procedure.procedureReference,ObjectProperty,"('http://hl7.org/fhir/Claim.procedure.procedureReference', 'ObjectProperty')"
http://hl7.org/fhir/Claim.procedure.sequence,http://hl7.org/fhir/,Claim.procedure.sequence,ObjectProperty,"('http://hl7.org/fhir/Claim.procedure.sequence', 'ObjectProperty')"
http://hl7.org/fhir/Claim.provider,http://hl7.org/fhir/,Claim.provider,ObjectProperty,"('http://hl7.org/fhir/Claim.provider', 'ObjectProperty')"
http://hl7.org/fhir/Claim.referral,http://hl7.org/fhir/,Claim.referral,ObjectProperty,"('http://hl7.org/fhir/Claim.referral', 'ObjectProperty')"
http://hl7.org/fhir/Claim.related,http://hl7.org/fhir/,Claim.related,ObjectProperty,"('http://hl7.org/fhir/Claim.related', 'ObjectProperty')"
http://hl7.org/fhir/Claim.related.claim,http://hl7.org/fhir/,Claim.related.claim,ObjectProperty,"('http://hl7.org/fhir/Claim.related.claim', 'ObjectProperty')"
http://hl7.org/fhir/Claim.related.reference,http://hl7.org/fhir/,Claim.related.reference,ObjectProperty,"('http://hl7.org/fhir/Claim.related.reference', 'ObjectProperty')"
http://hl7.org/fhir/Claim.related.relationship,http://hl7.org/fhir/,Claim.related.relationship,ObjectProperty,"('http://hl7.org/fhir/Claim.related.relationship', 'ObjectProperty')"
http://hl7.org/fhir/Claim.status,http://hl7.org/fhir/,Claim.status,ObjectProperty,"('http://hl7.org/fhir/Claim.status', 'ObjectProperty')"
http://hl7.org/fhir/Claim.subType,http://hl7.org/fhir/,Claim.subType,ObjectProperty,"('http://hl7.org/fhir/Claim.subType', 'ObjectProperty')"
http://hl7.org/fhir/Claim.total,http://hl7.org/fhir/,Claim.total,ObjectProperty,"('http://hl7.org/fhir/Claim.total', 'ObjectProperty')"
http://hl7.org/fhir/Claim.type,http://hl7.org/fhir/,Claim.type,ObjectProperty,"('http://hl7.org/fhir/Claim.type', 'ObjectProperty')"
http://hl7.org/fhir/Claim.use,http://hl7.org/fhir/,Claim.use,ObjectProperty,"('http://hl7.org/fhir/Claim.use', 'ObjectProperty')"
http://hl7.org/fhir/ClaimResponse.addItem,http://hl7.org/fhir/,ClaimResponse.addItem,ObjectProperty,"('http://hl7.org/fhir/ClaimResponse.addItem', 'ObjectProperty')"
http://hl7.org/fhir/ClaimResponse.addItem.adjudication,http://hl7.org/fhir/,ClaimResponse.addItem.adjudication,ObjectProperty,"('http://hl7.org/fhir/ClaimResponse.addItem.adjudication', 'ObjectProperty')"
http://hl7.org/fhir/ClaimResponse.addItem.category,http://hl7.org/fhir/,ClaimResponse.addItem.category,ObjectProperty,"('http://hl7.org/fhir/ClaimResponse.addItem.category', 'ObjectProperty')"
http://hl7.org/fhir/ClaimResponse.addItem.detail,http://hl7.org/fhir/,ClaimResponse.addItem.detail,ObjectProperty,"('http://hl7.org/fhir/ClaimResponse.addItem.detail', 'ObjectProperty')"
http://hl7.org/fhir/ClaimResponse.addItem.detail.adjudication,http://hl7.org/fhir/,ClaimResponse.addItem.detail.adjudication,ObjectProperty,"('http://hl7.org/fhir/ClaimResponse.addItem.detail.adjudication', 'ObjectProperty')"
http://hl7.org/fhir/ClaimResponse.addItem.detail.category,http://hl7.org/fhir/,ClaimResponse.addItem.detail.category,ObjectProperty,"('http://hl7.org/fhir/ClaimResponse.addItem.detail.category', 'ObjectProperty')"
http://hl7.org/fhir/ClaimResponse.addItem.detail.fee,http://hl7.org/fhir/,ClaimResponse.addItem.detail.fee,ObjectProperty,"('http://hl7.org/fhir/ClaimResponse.addItem.detail.fee', 'ObjectProperty')"
http://hl7.org/fhir/ClaimResponse.addItem.detail.modifier,http://hl7.org/fhir/,ClaimResponse.addItem.detail.modifier,ObjectProperty,"('http://hl7.org/fhir/ClaimResponse.addItem.detail.modifier', 'ObjectProperty')"
http://hl7.org/fhir/ClaimResponse.addItem.detail.noteNumber,http://hl7.org/fhir/,ClaimResponse.addItem.detail.noteNumber,ObjectProperty,"('http://hl7.org/fhir/ClaimResponse.addItem.detail.noteNumber', 'ObjectProperty')"
http://hl7.org/fhir/ClaimResponse.addItem.detail.revenue,http://hl7.org/fhir/,ClaimResponse.addItem.detail.revenue,ObjectProperty,"('http://hl7.org/fhir/ClaimResponse.addItem.detail.revenue', 'ObjectProperty')"
http://hl7.org/fhir/ClaimResponse.addItem.detail.service,http://hl7.org/fhir/,ClaimResponse.addItem.detail.service,ObjectProperty,"('http://hl7.org/fhir/ClaimResponse.addItem.detail.service', 'ObjectProperty')"
http://hl7.org/fhir/ClaimResponse.addItem.fee,http://hl7.org/fhir/,ClaimResponse.addItem.fee,ObjectProperty,"('http://hl7.org/fhir/ClaimResponse.addItem.fee', 'ObjectProperty')"
http://hl7.org/fhir/ClaimResponse.addItem.modifier,http://hl7.org/fhir/,ClaimResponse.addItem.modifier,ObjectProperty,"('http://hl7.org/fhir/ClaimResponse.addItem.modifier', 'ObjectProperty')"
http://hl7.org/fhir/ClaimResponse.addItem.noteNumber,http://hl7.org/fhir/,ClaimResponse.addItem.noteNumber,ObjectProperty,"('http://hl7.org/fhir/ClaimResponse.addItem.noteNumber', 'ObjectProperty')"
http://hl7.org/fhir/ClaimResponse.addItem.revenue,http://hl7.org/fhir/,ClaimResponse.addItem.revenue,ObjectProperty,"('http://hl7.org/fhir/ClaimResponse.addItem.revenue', 'ObjectProperty')"
http://hl7.org/fhir/ClaimResponse.addItem.sequenceLinkId,http://hl7.org/fhir/,ClaimResponse.addItem.sequenceLinkId,ObjectProperty,"('http://hl7.org/fhir/ClaimResponse.addItem.sequenceLinkId', 'ObjectProperty')"
http://hl7.org/fhir/ClaimResponse.addItem.service,http://hl7.org/fhir/,ClaimResponse.addItem.service,ObjectProperty,"('http://hl7.org/fhir/ClaimResponse.addItem.service', 'ObjectProperty')"
http://hl7.org/fhir/ClaimResponse.communicationRequest,http://hl7.org/fhir/,ClaimResponse.communicationRequest,ObjectProperty,"('http://hl7.org/fhir/ClaimResponse.communicationRequest', 'ObjectProperty')"
http://hl7.org/fhir/ClaimResponse.created,http://hl7.org/fhir/,ClaimResponse.created,ObjectProperty,"('http://hl7.org/fhir/ClaimResponse.created', 'ObjectProperty')"
http://hl7.org/fhir/ClaimResponse.disposition,http://hl7.org/fhir/,ClaimResponse.disposition,ObjectProperty,"('http://hl7.org/fhir/ClaimResponse.disposition', 'ObjectProperty')"
http://hl7.org/fhir/ClaimResponse.error,http://hl7.org/fhir/,ClaimResponse.error,ObjectProperty,"('http://hl7.org/fhir/ClaimResponse.error', 'ObjectProperty')"
http://hl7.org/fhir/ClaimResponse.error.code,http://hl7.org/fhir/,ClaimResponse.error.code,ObjectProperty,"('http://hl7.org/fhir/ClaimResponse.error.code', 'ObjectProperty')"
http://hl7.org/fhir/ClaimResponse.error.detailSequenceLinkId,http://hl7.org/fhir/,ClaimResponse.error.detailSequenceLinkId,ObjectProperty,"('http://hl7.org/fhir/ClaimResponse.error.detailSequenceLinkId', 'ObjectProperty')"
http://hl7.org/fhir/ClaimResponse.error.sequenceLinkId,http://hl7.org/fhir/,ClaimResponse.error.sequenceLinkId,ObjectProperty,"('http://hl7.org/fhir/ClaimResponse.error.sequenceLinkId', 'ObjectProperty')"
http://hl7.org/fhir/ClaimResponse.error.subdetailSequenceLinkId,http://hl7.org/fhir/,ClaimResponse.error.subdetailSequenceLinkId,ObjectProperty,"('http://hl7.org/fhir/ClaimResponse.error.subdetailSequenceLinkId', 'ObjectProperty')"
http://hl7.org/fhir/ClaimResponse.form,http://hl7.org/fhir/,ClaimResponse.form,ObjectProperty,"('http://hl7.org/fhir/ClaimResponse.form', 'ObjectProperty')"
http://hl7.org/fhir/ClaimResponse.identifier,http://hl7.org/fhir/,ClaimResponse.identifier,ObjectProperty,"('http://hl7.org/fhir/ClaimResponse.identifier', 'ObjectProperty')"
http://hl7.org/fhir/ClaimResponse.insurance,http://hl7.org/fhir/,ClaimResponse.insurance,ObjectProperty,"('http://hl7.org/fhir/ClaimResponse.insurance', 'ObjectProperty')"
http://hl7.org/fhir/ClaimResponse.insurance.businessArrangement,http://hl7.org/fhir/,ClaimResponse.insurance.businessArrangement,ObjectProperty,"('http://hl7.org/fhir/ClaimResponse.insurance.businessArrangement', 'ObjectProperty')"
http://hl7.org/fhir/ClaimResponse.insurance.claimResponse,http://hl7.org/fhir/,ClaimResponse.insurance.claimResponse,ObjectProperty,"('http://hl7.org/fhir/ClaimResponse.insurance.claimResponse', 'ObjectProperty')"
http://hl7.org/fhir/ClaimResponse.insurance.coverage,http://hl7.org/fhir/,ClaimResponse.insurance.coverage,ObjectProperty,"('http://hl7.org/fhir/ClaimResponse.insurance.coverage', 'ObjectProperty')"
http://hl7.org/fhir/ClaimResponse.insurance.focal,http://hl7.org/fhir/,ClaimResponse.insurance.focal,ObjectProperty,"('http://hl7.org/fhir/ClaimResponse.insurance.focal', 'ObjectProperty')"
http://hl7.org/fhir/ClaimResponse.insurance.preAuthRef,http://hl7.org/fhir/,ClaimResponse.insurance.preAuthRef,ObjectProperty,"('http://hl7.org/fhir/ClaimResponse.insurance.preAuthRef', 'ObjectProperty')"
http://hl7.org/fhir/ClaimResponse.insurance.sequence,http://hl7.org/fhir/,ClaimResponse.insurance.sequence,ObjectProperty,"('http://hl7.org/fhir/ClaimResponse.insurance.sequence', 'ObjectProperty')"
http://hl7.org/fhir/ClaimResponse.insurer,http://hl7.org/fhir/,ClaimResponse.insurer,ObjectProperty,"('http://hl7.org/fhir/ClaimResponse.insurer', 'ObjectProperty')"
http://hl7.org/fhir/ClaimResponse.item,http://hl7.org/fhir/,ClaimResponse.item,ObjectProperty,"('http://hl7.org/fhir/ClaimResponse.item', 'ObjectProperty')"
http://hl7.org/fhir/ClaimResponse.item.adjudication,http://hl7.org/fhir/,ClaimResponse.item.adjudication,ObjectProperty,"('http://hl7.org/fhir/ClaimResponse.item.adjudication', 'ObjectProperty')"
http://hl7.org/fhir/ClaimResponse.item.adjudication.amount,http://hl7.org/fhir/,ClaimResponse.item.adjudication.amount,ObjectProperty,"('http://hl7.org/fhir/ClaimResponse.item.adjudication.amount', 'ObjectProperty')"
http://hl7.org/fhir/ClaimResponse.item.adjudication.category,http://hl7.org/fhir/,ClaimResponse.item.adjudication.category,ObjectProperty,"('http://hl7.org/fhir/ClaimResponse.item.adjudication.category', 'ObjectProperty')"
http://hl7.org/fhir/ClaimResponse.item.adjudication.reason,http://hl7.org/fhir/,ClaimResponse.item.adjudication.reason,ObjectProperty,"('http://hl7.org/fhir/ClaimResponse.item.adjudication.reason', 'ObjectProperty')"
http://hl7.org/fhir/ClaimResponse.item.adjudication.value,http://hl7.org/fhir/,ClaimResponse.item.adjudication.value,ObjectProperty,"('http://hl7.org/fhir/ClaimResponse.item.adjudication.value', 'ObjectProperty')"
http://hl7.org/fhir/ClaimResponse.item.detail,http://hl7.org/fhir/,ClaimResponse.item.detail,ObjectProperty,"('http://hl7.org/fhir/ClaimResponse.item.detail', 'ObjectProperty')"
http://hl7.org/fhir/ClaimResponse.item.detail.adjudication,http://hl7.org/fhir/,ClaimResponse.item.detail.adjudication,ObjectProperty,"('http://hl7.org/fhir/ClaimResponse.item.detail.adjudication', 'ObjectProperty')"
http://hl7.org/fhir/ClaimResponse.item.detail.noteNumber,http://hl7.org/fhir/,ClaimResponse.item.detail.noteNumber,ObjectProperty,"('http://hl7.org/fhir/ClaimResponse.item.detail.noteNumber', 'ObjectProperty')"
http://hl7.org/fhir/ClaimResponse.item.detail.sequenceLinkId,http://hl7.org/fhir/,ClaimResponse.item.detail.sequenceLinkId,ObjectProperty,"('http://hl7.org/fhir/ClaimResponse.item.detail.sequenceLinkId', 'ObjectProperty')"
http://hl7.org/fhir/ClaimResponse.item.detail.subDetail,http://hl7.org/fhir/,ClaimResponse.item.detail.subDetail,ObjectProperty,"('http://hl7.org/fhir/ClaimResponse.item.detail.subDetail', 'ObjectProperty')"
http://hl7.org/fhir/ClaimResponse.item.detail.subDetail.adjudication,http://hl7.org/fhir/,ClaimResponse.item.detail.subDetail.adjudication,ObjectProperty,"('http://hl7.org/fhir/ClaimResponse.item.detail.subDetail.adjudication', 'ObjectProperty')"
http://hl7.org/fhir/ClaimResponse.item.detail.subDetail.noteNumber,http://hl7.org/fhir/,ClaimResponse.item.detail.subDetail.noteNumber,ObjectProperty,"('http://hl7.org/fhir/ClaimResponse.item.detail.subDetail.noteNumber', 'ObjectProperty')"
http://hl7.org/fhir/ClaimResponse.item.detail.subDetail.sequenceLinkId,http://hl7.org/fhir/,ClaimResponse.item.detail.subDetail.sequenceLinkId,ObjectProperty,"('http://hl7.org/fhir/ClaimResponse.item.detail.subDetail.sequenceLinkId', 'ObjectProperty')"
http://hl7.org/fhir/ClaimResponse.item.noteNumber,http://hl7.org/fhir/,ClaimResponse.item.noteNumber,ObjectProperty,"('http://hl7.org/fhir/ClaimResponse.item.noteNumber', 'ObjectProperty')"
http://hl7.org/fhir/ClaimResponse.item.sequenceLinkId,http://hl7.org/fhir/,ClaimResponse.item.sequenceLinkId,ObjectProperty,"('http://hl7.org/fhir/ClaimResponse.item.sequenceLinkId', 'ObjectProperty')"
http://hl7.org/fhir/ClaimResponse.outcome,http://hl7.org/fhir/,ClaimResponse.outcome,ObjectProperty,"('http://hl7.org/fhir/ClaimResponse.outcome', 'ObjectProperty')"
http://hl7.org/fhir/ClaimResponse.patient,http://hl7.org/fhir/,ClaimResponse.patient,ObjectProperty,"('http://hl7.org/fhir/ClaimResponse.patient', 'ObjectProperty')"
http://hl7.org/fhir/ClaimResponse.payeeType,http://hl7.org/fhir/,ClaimResponse.payeeType,ObjectProperty,"('http://hl7.org/fhir/ClaimResponse.payeeType', 'ObjectProperty')"
http://hl7.org/fhir/ClaimResponse.payment,http://hl7.org/fhir/,ClaimResponse.payment,ObjectProperty,"('http://hl7.org/fhir/ClaimResponse.payment', 'ObjectProperty')"
http://hl7.org/fhir/ClaimResponse.payment.adjustment,http://hl7.org/fhir/,ClaimResponse.payment.adjustment,ObjectProperty,"('http://hl7.org/fhir/ClaimResponse.payment.adjustment', 'ObjectProperty')"
http://hl7.org/fhir/ClaimResponse.payment.adjustmentReason,http://hl7.org/fhir/,ClaimResponse.payment.adjustmentReason,ObjectProperty,"('http://hl7.org/fhir/ClaimResponse.payment.adjustmentReason', 'ObjectProperty')"
http://hl7.org/fhir/ClaimResponse.payment.amount,http://hl7.org/fhir/,ClaimResponse.payment.amount,ObjectProperty,"('http://hl7.org/fhir/ClaimResponse.payment.amount', 'ObjectProperty')"
http://hl7.org/fhir/ClaimResponse.payment.date,http://hl7.org/fhir/,ClaimResponse.payment.date,ObjectProperty,"('http://hl7.org/fhir/ClaimResponse.payment.date', 'ObjectProperty')"
http://hl7.org/fhir/ClaimResponse.payment.identifier,http://hl7.org/fhir/,ClaimResponse.payment.identifier,ObjectProperty,"('http://hl7.org/fhir/ClaimResponse.payment.identifier', 'ObjectProperty')"
http://hl7.org/fhir/ClaimResponse.payment.type,http://hl7.org/fhir/,ClaimResponse.payment.type,ObjectProperty,"('http://hl7.org/fhir/ClaimResponse.payment.type', 'ObjectProperty')"
http://hl7.org/fhir/ClaimResponse.processNote,http://hl7.org/fhir/,ClaimResponse.processNote,ObjectProperty,"('http://hl7.org/fhir/ClaimResponse.processNote', 'ObjectProperty')"
http://hl7.org/fhir/ClaimResponse.processNote.language,http://hl7.org/fhir/,ClaimResponse.processNote.language,ObjectProperty,"('http://hl7.org/fhir/ClaimResponse.processNote.language', 'ObjectProperty')"
http://hl7.org/fhir/ClaimResponse.processNote.number,http://hl7.org/fhir/,ClaimResponse.processNote.number,ObjectProperty,"('http://hl7.org/fhir/ClaimResponse.processNote.number', 'ObjectProperty')"
http://hl7.org/fhir/ClaimResponse.processNote.text,http://hl7.org/fhir/,ClaimResponse.processNote.text,ObjectProperty,"('http://hl7.org/fhir/ClaimResponse.processNote.text', 'ObjectProperty')"
http://hl7.org/fhir/ClaimResponse.processNote.type,http://hl7.org/fhir/,ClaimResponse.processNote.type,ObjectProperty,"('http://hl7.org/fhir/ClaimResponse.processNote.type', 'ObjectProperty')"
http://hl7.org/fhir/ClaimResponse.request,http://hl7.org/fhir/,ClaimResponse.request,ObjectProperty,"('http://hl7.org/fhir/ClaimResponse.request', 'ObjectProperty')"
http://hl7.org/fhir/ClaimResponse.requestOrganization,http://hl7.org/fhir/,ClaimResponse.requestOrganization,ObjectProperty,"('http://hl7.org/fhir/ClaimResponse.requestOrganization', 'ObjectProperty')"
http://hl7.org/fhir/ClaimResponse.requestProvider,http://hl7.org/fhir/,ClaimResponse.requestProvider,ObjectProperty,"('http://hl7.org/fhir/ClaimResponse.requestProvider', 'ObjectProperty')"
http://hl7.org/fhir/ClaimResponse.reserved,http://hl7.org/fhir/,ClaimResponse.reserved,ObjectProperty,"('http://hl7.org/fhir/ClaimResponse.reserved', 'ObjectProperty')"
http://hl7.org/fhir/ClaimResponse.status,http://hl7.org/fhir/,ClaimResponse.status,ObjectProperty,"('http://hl7.org/fhir/ClaimResponse.status', 'ObjectProperty')"
http://hl7.org/fhir/ClaimResponse.totalBenefit,http://hl7.org/fhir/,ClaimResponse.totalBenefit,ObjectProperty,"('http://hl7.org/fhir/ClaimResponse.totalBenefit', 'ObjectProperty')"
http://hl7.org/fhir/ClaimResponse.totalCost,http://hl7.org/fhir/,ClaimResponse.totalCost,ObjectProperty,"('http://hl7.org/fhir/ClaimResponse.totalCost', 'ObjectProperty')"
http://hl7.org/fhir/ClaimResponse.unallocDeductable,http://hl7.org/fhir/,ClaimResponse.unallocDeductable,ObjectProperty,"('http://hl7.org/fhir/ClaimResponse.unallocDeductable', 'ObjectProperty')"
http://hl7.org/fhir/ClinicalImpression.action,http://hl7.org/fhir/,ClinicalImpression.action,ObjectProperty,"('http://hl7.org/fhir/ClinicalImpression.action', 'ObjectProperty')"
http://hl7.org/fhir/ClinicalImpression.assessor,http://hl7.org/fhir/,ClinicalImpression.assessor,ObjectProperty,"('http://hl7.org/fhir/ClinicalImpression.assessor', 'ObjectProperty')"
http://hl7.org/fhir/ClinicalImpression.code,http://hl7.org/fhir/,ClinicalImpression.code,ObjectProperty,"('http://hl7.org/fhir/ClinicalImpression.code', 'ObjectProperty')"
http://hl7.org/fhir/ClinicalImpression.context,http://hl7.org/fhir/,ClinicalImpression.context,ObjectProperty,"('http://hl7.org/fhir/ClinicalImpression.context', 'ObjectProperty')"
http://hl7.org/fhir/ClinicalImpression.date,http://hl7.org/fhir/,ClinicalImpression.date,ObjectProperty,"('http://hl7.org/fhir/ClinicalImpression.date', 'ObjectProperty')"
http://hl7.org/fhir/ClinicalImpression.description,http://hl7.org/fhir/,ClinicalImpression.description,ObjectProperty,"('http://hl7.org/fhir/ClinicalImpression.description', 'ObjectProperty')"
http://hl7.org/fhir/ClinicalImpression.effective,http://hl7.org/fhir/,ClinicalImpression.effective,ObjectProperty,"('http://hl7.org/fhir/ClinicalImpression.effective', 'ObjectProperty')"
http://hl7.org/fhir/ClinicalImpression.effectiveDateTime,http://hl7.org/fhir/,ClinicalImpression.effectiveDateTime,ObjectProperty,"('http://hl7.org/fhir/ClinicalImpression.effectiveDateTime', 'ObjectProperty')"
http://hl7.org/fhir/ClinicalImpression.effectivePeriod,http://hl7.org/fhir/,ClinicalImpression.effectivePeriod,ObjectProperty,"('http://hl7.org/fhir/ClinicalImpression.effectivePeriod', 'ObjectProperty')"
http://hl7.org/fhir/ClinicalImpression.finding,http://hl7.org/fhir/,ClinicalImpression.finding,ObjectProperty,"('http://hl7.org/fhir/ClinicalImpression.finding', 'ObjectProperty')"
http://hl7.org/fhir/ClinicalImpression.finding.basis,http://hl7.org/fhir/,ClinicalImpression.finding.basis,ObjectProperty,"('http://hl7.org/fhir/ClinicalImpression.finding.basis', 'ObjectProperty')"
http://hl7.org/fhir/ClinicalImpression.finding.item,http://hl7.org/fhir/,ClinicalImpression.finding.item,ObjectProperty,"('http://hl7.org/fhir/ClinicalImpression.finding.item', 'ObjectProperty')"
http://hl7.org/fhir/ClinicalImpression.finding.itemCodeableConcept,http://hl7.org/fhir/,ClinicalImpression.finding.itemCodeableConcept,ObjectProperty,"('http://hl7.org/fhir/ClinicalImpression.finding.itemCodeableConcept', 'ObjectProperty')"
http://hl7.org/fhir/ClinicalImpression.finding.itemReference,http://hl7.org/fhir/,ClinicalImpression.finding.itemReference,ObjectProperty,"('http://hl7.org/fhir/ClinicalImpression.finding.itemReference', 'ObjectProperty')"
http://hl7.org/fhir/ClinicalImpression.identifier,http://hl7.org/fhir/,ClinicalImpression.identifier,ObjectProperty,"('http://hl7.org/fhir/ClinicalImpression.identifier', 'ObjectProperty')"
http://hl7.org/fhir/ClinicalImpression.investigation,http://hl7.org/fhir/,ClinicalImpression.investigation,ObjectProperty,"('http://hl7.org/fhir/ClinicalImpression.investigation', 'ObjectProperty')"
http://hl7.org/fhir/ClinicalImpression.investigation.code,http://hl7.org/fhir/,ClinicalImpression.investigation.code,ObjectProperty,"('http://hl7.org/fhir/ClinicalImpression.investigation.code', 'ObjectProperty')"
http://hl7.org/fhir/ClinicalImpression.investigation.item,http://hl7.org/fhir/,ClinicalImpression.investigation.item,ObjectProperty,"('http://hl7.org/fhir/ClinicalImpression.investigation.item', 'ObjectProperty')"
http://hl7.org/fhir/ClinicalImpression.note,http://hl7.org/fhir/,ClinicalImpression.note,ObjectProperty,"('http://hl7.org/fhir/ClinicalImpression.note', 'ObjectProperty')"
http://hl7.org/fhir/ClinicalImpression.previous,http://hl7.org/fhir/,ClinicalImpression.previous,ObjectProperty,"('http://hl7.org/fhir/ClinicalImpression.previous', 'ObjectProperty')"
http://hl7.org/fhir/ClinicalImpression.problem,http://hl7.org/fhir/,ClinicalImpression.problem,ObjectProperty,"('http://hl7.org/fhir/ClinicalImpression.problem', 'ObjectProperty')"
http://hl7.org/fhir/ClinicalImpression.prognosisCodeableConcept,http://hl7.org/fhir/,ClinicalImpression.prognosisCodeableConcept,ObjectProperty,"('http://hl7.org/fhir/ClinicalImpression.prognosisCodeableConcept', 'ObjectProperty')"
http://hl7.org/fhir/ClinicalImpression.prognosisReference,http://hl7.org/fhir/,ClinicalImpression.prognosisReference,ObjectProperty,"('http://hl7.org/fhir/ClinicalImpression.prognosisReference', 'ObjectProperty')"
http://hl7.org/fhir/ClinicalImpression.protocol,http://hl7.org/fhir/,ClinicalImpression.protocol,ObjectProperty,"('http://hl7.org/fhir/ClinicalImpression.protocol', 'ObjectProperty')"
http://hl7.org/fhir/ClinicalImpression.status,http://hl7.org/fhir/,ClinicalImpression.status,ObjectProperty,"('http://hl7.org/fhir/ClinicalImpression.status', 'ObjectProperty')"
http://hl7.org/fhir/ClinicalImpression.subject,http://hl7.org/fhir/,ClinicalImpression.subject,ObjectProperty,"('http://hl7.org/fhir/ClinicalImpression.subject', 'ObjectProperty')"
http://hl7.org/fhir/ClinicalImpression.summary,http://hl7.org/fhir/,ClinicalImpression.summary,ObjectProperty,"('http://hl7.org/fhir/ClinicalImpression.summary', 'ObjectProperty')"
http://hl7.org/fhir/CodeSystem.caseSensitive,http://hl7.org/fhir/,CodeSystem.caseSensitive,ObjectProperty,"('http://hl7.org/fhir/CodeSystem.caseSensitive', 'ObjectProperty')"
http://hl7.org/fhir/CodeSystem.compositional,http://hl7.org/fhir/,CodeSystem.compositional,ObjectProperty,"('http://hl7.org/fhir/CodeSystem.compositional', 'ObjectProperty')"
http://hl7.org/fhir/CodeSystem.concept,http://hl7.org/fhir/,CodeSystem.concept,ObjectProperty,"('http://hl7.org/fhir/CodeSystem.concept', 'ObjectProperty')"
http://hl7.org/fhir/CodeSystem.concept.code,http://hl7.org/fhir/,CodeSystem.concept.code,ObjectProperty,"('http://hl7.org/fhir/CodeSystem.concept.code', 'ObjectProperty')"
http://hl7.org/fhir/CodeSystem.concept.concept,http://hl7.org/fhir/,CodeSystem.concept.concept,ObjectProperty,"('http://hl7.org/fhir/CodeSystem.concept.concept', 'ObjectProperty')"
http://hl7.org/fhir/CodeSystem.concept.definition,http://hl7.org/fhir/,CodeSystem.concept.definition,ObjectProperty,"('http://hl7.org/fhir/CodeSystem.concept.definition', 'ObjectProperty')"
http://hl7.org/fhir/CodeSystem.concept.designation,http://hl7.org/fhir/,CodeSystem.concept.designation,ObjectProperty,"('http://hl7.org/fhir/CodeSystem.concept.designation', 'ObjectProperty')"
http://hl7.org/fhir/CodeSystem.concept.designation.language,http://hl7.org/fhir/,CodeSystem.concept.designation.language,ObjectProperty,"('http://hl7.org/fhir/CodeSystem.concept.designation.language', 'ObjectProperty')"
http://hl7.org/fhir/CodeSystem.concept.designation.use,http://hl7.org/fhir/,CodeSystem.concept.designation.use,ObjectProperty,"('http://hl7.org/fhir/CodeSystem.concept.designation.use', 'ObjectProperty')"
http://hl7.org/fhir/CodeSystem.concept.designation.value,http://hl7.org/fhir/,CodeSystem.concept.designation.value,ObjectProperty,"('http://hl7.org/fhir/CodeSystem.concept.designation.value', 'ObjectProperty')"
http://hl7.org/fhir/CodeSystem.concept.display,http://hl7.org/fhir/,CodeSystem.concept.display,ObjectProperty,"('http://hl7.org/fhir/CodeSystem.concept.display', 'ObjectProperty')"
http://hl7.org/fhir/CodeSystem.concept.property,http://hl7.org/fhir/,CodeSystem.concept.property,ObjectProperty,"('http://hl7.org/fhir/CodeSystem.concept.property', 'ObjectProperty')"
http://hl7.org/fhir/CodeSystem.concept.property.code,http://hl7.org/fhir/,CodeSystem.concept.property.code,ObjectProperty,"('http://hl7.org/fhir/CodeSystem.concept.property.code', 'ObjectProperty')"
http://hl7.org/fhir/CodeSystem.concept.property.value,http://hl7.org/fhir/,CodeSystem.concept.property.value,ObjectProperty,"('http://hl7.org/fhir/CodeSystem.concept.property.value', 'ObjectProperty')"
http://hl7.org/fhir/CodeSystem.concept.property.valueBoolean,http://hl7.org/fhir/,CodeSystem.concept.property.valueBoolean,ObjectProperty,"('http://hl7.org/fhir/CodeSystem.concept.property.valueBoolean', 'ObjectProperty')"
http://hl7.org/fhir/CodeSystem.concept.property.valueCode,http://hl7.org/fhir/,CodeSystem.concept.property.valueCode,ObjectProperty,"('http://hl7.org/fhir/CodeSystem.concept.property.valueCode', 'ObjectProperty')"
http://hl7.org/fhir/CodeSystem.concept.property.valueCoding,http://hl7.org/fhir/,CodeSystem.concept.property.valueCoding,ObjectProperty,"('http://hl7.org/fhir/CodeSystem.concept.property.valueCoding', 'ObjectProperty')"
http://hl7.org/fhir/CodeSystem.concept.property.valueDateTime,http://hl7.org/fhir/,CodeSystem.concept.property.valueDateTime,ObjectProperty,"('http://hl7.org/fhir/CodeSystem.concept.property.valueDateTime', 'ObjectProperty')"
http://hl7.org/fhir/CodeSystem.concept.property.valueInteger,http://hl7.org/fhir/,CodeSystem.concept.property.valueInteger,ObjectProperty,"('http://hl7.org/fhir/CodeSystem.concept.property.valueInteger', 'ObjectProperty')"
http://hl7.org/fhir/CodeSystem.concept.property.valueString,http://hl7.org/fhir/,CodeSystem.concept.property.valueString,ObjectProperty,"('http://hl7.org/fhir/CodeSystem.concept.property.valueString', 'ObjectProperty')"
http://hl7.org/fhir/CodeSystem.contact,http://hl7.org/fhir/,CodeSystem.contact,ObjectProperty,"('http://hl7.org/fhir/CodeSystem.contact', 'ObjectProperty')"
http://hl7.org/fhir/CodeSystem.content,http://hl7.org/fhir/,CodeSystem.content,ObjectProperty,"('http://hl7.org/fhir/CodeSystem.content', 'ObjectProperty')"
http://hl7.org/fhir/CodeSystem.copyright,http://hl7.org/fhir/,CodeSystem.copyright,ObjectProperty,"('http://hl7.org/fhir/CodeSystem.copyright', 'ObjectProperty')"
http://hl7.org/fhir/CodeSystem.count,http://hl7.org/fhir/,CodeSystem.count,ObjectProperty,"('http://hl7.org/fhir/CodeSystem.count', 'ObjectProperty')"
http://hl7.org/fhir/CodeSystem.date,http://hl7.org/fhir/,CodeSystem.date,ObjectProperty,"('http://hl7.org/fhir/CodeSystem.date', 'ObjectProperty')"
http://hl7.org/fhir/CodeSystem.description,http://hl7.org/fhir/,CodeSystem.description,ObjectProperty,"('http://hl7.org/fhir/CodeSystem.description', 'ObjectProperty')"
http://hl7.org/fhir/CodeSystem.experimental,http://hl7.org/fhir/,CodeSystem.experimental,ObjectProperty,"('http://hl7.org/fhir/CodeSystem.experimental', 'ObjectProperty')"
http://hl7.org/fhir/CodeSystem.filter,http://hl7.org/fhir/,CodeSystem.filter,ObjectProperty,"('http://hl7.org/fhir/CodeSystem.filter', 'ObjectProperty')"
http://hl7.org/fhir/CodeSystem.filter.code,http://hl7.org/fhir/,CodeSystem.filter.code,ObjectProperty,"('http://hl7.org/fhir/CodeSystem.filter.code', 'ObjectProperty')"
http://hl7.org/fhir/CodeSystem.filter.description,http://hl7.org/fhir/,CodeSystem.filter.description,ObjectProperty,"('http://hl7.org/fhir/CodeSystem.filter.description', 'ObjectProperty')"
http://hl7.org/fhir/CodeSystem.filter.operator,http://hl7.org/fhir/,CodeSystem.filter.operator,ObjectProperty,"('http://hl7.org/fhir/CodeSystem.filter.operator', 'ObjectProperty')"
http://hl7.org/fhir/CodeSystem.filter.value,http://hl7.org/fhir/,CodeSystem.filter.value,ObjectProperty,"('http://hl7.org/fhir/CodeSystem.filter.value', 'ObjectProperty')"
http://hl7.org/fhir/CodeSystem.hierarchyMeaning,http://hl7.org/fhir/,CodeSystem.hierarchyMeaning,ObjectProperty,"('http://hl7.org/fhir/CodeSystem.hierarchyMeaning', 'ObjectProperty')"
http://hl7.org/fhir/CodeSystem.identifier,http://hl7.org/fhir/,CodeSystem.identifier,ObjectProperty,"('http://hl7.org/fhir/CodeSystem.identifier', 'ObjectProperty')"
http://hl7.org/fhir/CodeSystem.jurisdiction,http://hl7.org/fhir/,CodeSystem.jurisdiction,ObjectProperty,"('http://hl7.org/fhir/CodeSystem.jurisdiction', 'ObjectProperty')"
http://hl7.org/fhir/CodeSystem.name,http://hl7.org/fhir/,CodeSystem.name,ObjectProperty,"('http://hl7.org/fhir/CodeSystem.name', 'ObjectProperty')"
http://hl7.org/fhir/CodeSystem.property,http://hl7.org/fhir/,CodeSystem.property,ObjectProperty,"('http://hl7.org/fhir/CodeSystem.property', 'ObjectProperty')"
http://hl7.org/fhir/CodeSystem.property.code,http://hl7.org/fhir/,CodeSystem.property.code,ObjectProperty,"('http://hl7.org/fhir/CodeSystem.property.code', 'ObjectProperty')"
http://hl7.org/fhir/CodeSystem.property.description,http://hl7.org/fhir/,CodeSystem.property.description,ObjectProperty,"('http://hl7.org/fhir/CodeSystem.property.description', 'ObjectProperty')"
http://hl7.org/fhir/CodeSystem.property.type,http://hl7.org/fhir/,CodeSystem.property.type,ObjectProperty,"('http://hl7.org/fhir/CodeSystem.property.type', 'ObjectProperty')"
http://hl7.org/fhir/CodeSystem.property.uri,http://hl7.org/fhir/,CodeSystem.property.uri,ObjectProperty,"('http://hl7.org/fhir/CodeSystem.property.uri', 'ObjectProperty')"
http://hl7.org/fhir/CodeSystem.publisher,http://hl7.org/fhir/,CodeSystem.publisher,ObjectProperty,"('http://hl7.org/fhir/CodeSystem.publisher', 'ObjectProperty')"
http://hl7.org/fhir/CodeSystem.purpose,http://hl7.org/fhir/,CodeSystem.purpose,ObjectProperty,"('http://hl7.org/fhir/CodeSystem.purpose', 'ObjectProperty')"
http://hl7.org/fhir/CodeSystem.status,http://hl7.org/fhir/,CodeSystem.status,ObjectProperty,"('http://hl7.org/fhir/CodeSystem.status', 'ObjectProperty')"
http://hl7.org/fhir/CodeSystem.title,http://hl7.org/fhir/,CodeSystem.title,ObjectProperty,"('http://hl7.org/fhir/CodeSystem.title', 'ObjectProperty')"
http://hl7.org/fhir/CodeSystem.url,http://hl7.org/fhir/,CodeSystem.url,ObjectProperty,"('http://hl7.org/fhir/CodeSystem.url', 'ObjectProperty')"
http://hl7.org/fhir/CodeSystem.useContext,http://hl7.org/fhir/,CodeSystem.useContext,ObjectProperty,"('http://hl7.org/fhir/CodeSystem.useContext', 'ObjectProperty')"
http://hl7.org/fhir/CodeSystem.valueSet,http://hl7.org/fhir/,CodeSystem.valueSet,ObjectProperty,"('http://hl7.org/fhir/CodeSystem.valueSet', 'ObjectProperty')"
http://hl7.org/fhir/CodeSystem.version,http://hl7.org/fhir/,CodeSystem.version,ObjectProperty,"('http://hl7.org/fhir/CodeSystem.version', 'ObjectProperty')"
http://hl7.org/fhir/CodeSystem.versionNeeded,http://hl7.org/fhir/,CodeSystem.versionNeeded,ObjectProperty,"('http://hl7.org/fhir/CodeSystem.versionNeeded', 'ObjectProperty')"
http://hl7.org/fhir/Communication.basedOn,http://hl7.org/fhir/,Communication.basedOn,ObjectProperty,"('http://hl7.org/fhir/Communication.basedOn', 'ObjectProperty')"
http://hl7.org/fhir/Communication.category,http://hl7.org/fhir/,Communication.category,ObjectProperty,"('http://hl7.org/fhir/Communication.category', 'ObjectProperty')"
http://hl7.org/fhir/Communication.context,http://hl7.org/fhir/,Communication.context,ObjectProperty,"('http://hl7.org/fhir/Communication.context', 'ObjectProperty')"
http://hl7.org/fhir/Communication.definition,http://hl7.org/fhir/,Communication.definition,ObjectProperty,"('http://hl7.org/fhir/Communication.definition', 'ObjectProperty')"
http://hl7.org/fhir/Communication.identifier,http://hl7.org/fhir/,Communication.identifier,ObjectProperty,"('http://hl7.org/fhir/Communication.identifier', 'ObjectProperty')"
http://hl7.org/fhir/Communication.medium,http://hl7.org/fhir/,Communication.medium,ObjectProperty,"('http://hl7.org/fhir/Communication.medium', 'ObjectProperty')"
http://hl7.org/fhir/Communication.notDone,http://hl7.org/fhir/,Communication.notDone,ObjectProperty,"('http://hl7.org/fhir/Communication.notDone', 'ObjectProperty')"
http://hl7.org/fhir/Communication.notDoneReason,http://hl7.org/fhir/,Communication.notDoneReason,ObjectProperty,"('http://hl7.org/fhir/Communication.notDoneReason', 'ObjectProperty')"
http://hl7.org/fhir/Communication.note,http://hl7.org/fhir/,Communication.note,ObjectProperty,"('http://hl7.org/fhir/Communication.note', 'ObjectProperty')"
http://hl7.org/fhir/Communication.partOf,http://hl7.org/fhir/,Communication.partOf,ObjectProperty,"('http://hl7.org/fhir/Communication.partOf', 'ObjectProperty')"
http://hl7.org/fhir/Communication.payload,http://hl7.org/fhir/,Communication.payload,ObjectProperty,"('http://hl7.org/fhir/Communication.payload', 'ObjectProperty')"
http://hl7.org/fhir/Communication.payload.content,http://hl7.org/fhir/,Communication.payload.content,ObjectProperty,"('http://hl7.org/fhir/Communication.payload.content', 'ObjectProperty')"
http://hl7.org/fhir/Communication.payload.contentAttachment,http://hl7.org/fhir/,Communication.payload.contentAttachment,ObjectProperty,"('http://hl7.org/fhir/Communication.payload.contentAttachment', 'ObjectProperty')"
http://hl7.org/fhir/Communication.payload.contentReference,http://hl7.org/fhir/,Communication.payload.contentReference,ObjectProperty,"('http://hl7.org/fhir/Communication.payload.contentReference', 'ObjectProperty')"
http://hl7.org/fhir/Communication.payload.contentString,http://hl7.org/fhir/,Communication.payload.contentString,ObjectProperty,"('http://hl7.org/fhir/Communication.payload.contentString', 'ObjectProperty')"
http://hl7.org/fhir/Communication.reasonCode,http://hl7.org/fhir/,Communication.reasonCode,ObjectProperty,"('http://hl7.org/fhir/Communication.reasonCode', 'ObjectProperty')"
http://hl7.org/fhir/Communication.reasonReference,http://hl7.org/fhir/,Communication.reasonReference,ObjectProperty,"('http://hl7.org/fhir/Communication.reasonReference', 'ObjectProperty')"
http://hl7.org/fhir/Communication.received,http://hl7.org/fhir/,Communication.received,ObjectProperty,"('http://hl7.org/fhir/Communication.received', 'ObjectProperty')"
http://hl7.org/fhir/Communication.recipient,http://hl7.org/fhir/,Communication.recipient,ObjectProperty,"('http://hl7.org/fhir/Communication.recipient', 'ObjectProperty')"
http://hl7.org/fhir/Communication.sender,http://hl7.org/fhir/,Communication.sender,ObjectProperty,"('http://hl7.org/fhir/Communication.sender', 'ObjectProperty')"
http://hl7.org/fhir/Communication.sent,http://hl7.org/fhir/,Communication.sent,ObjectProperty,"('http://hl7.org/fhir/Communication.sent', 'ObjectProperty')"
http://hl7.org/fhir/Communication.status,http://hl7.org/fhir/,Communication.status,ObjectProperty,"('http://hl7.org/fhir/Communication.status', 'ObjectProperty')"
http://hl7.org/fhir/Communication.subject,http://hl7.org/fhir/,Communication.subject,ObjectProperty,"('http://hl7.org/fhir/Communication.subject', 'ObjectProperty')"
http://hl7.org/fhir/Communication.topic,http://hl7.org/fhir/,Communication.topic,ObjectProperty,"('http://hl7.org/fhir/Communication.topic', 'ObjectProperty')"
http://hl7.org/fhir/CommunicationRequest.authoredOn,http://hl7.org/fhir/,CommunicationRequest.authoredOn,ObjectProperty,"('http://hl7.org/fhir/CommunicationRequest.authoredOn', 'ObjectProperty')"
http://hl7.org/fhir/CommunicationRequest.basedOn,http://hl7.org/fhir/,CommunicationRequest.basedOn,ObjectProperty,"('http://hl7.org/fhir/CommunicationRequest.basedOn', 'ObjectProperty')"
http://hl7.org/fhir/CommunicationRequest.category,http://hl7.org/fhir/,CommunicationRequest.category,ObjectProperty,"('http://hl7.org/fhir/CommunicationRequest.category', 'ObjectProperty')"
http://hl7.org/fhir/CommunicationRequest.context,http://hl7.org/fhir/,CommunicationRequest.context,ObjectProperty,"('http://hl7.org/fhir/CommunicationRequest.context', 'ObjectProperty')"
http://hl7.org/fhir/CommunicationRequest.groupIdentifier,http://hl7.org/fhir/,CommunicationRequest.groupIdentifier,ObjectProperty,"('http://hl7.org/fhir/CommunicationRequest.groupIdentifier', 'ObjectProperty')"
http://hl7.org/fhir/CommunicationRequest.identifier,http://hl7.org/fhir/,CommunicationRequest.identifier,ObjectProperty,"('http://hl7.org/fhir/CommunicationRequest.identifier', 'ObjectProperty')"
http://hl7.org/fhir/CommunicationRequest.medium,http://hl7.org/fhir/,CommunicationRequest.medium,ObjectProperty,"('http://hl7.org/fhir/CommunicationRequest.medium', 'ObjectProperty')"
http://hl7.org/fhir/CommunicationRequest.note,http://hl7.org/fhir/,CommunicationRequest.note,ObjectProperty,"('http://hl7.org/fhir/CommunicationRequest.note', 'ObjectProperty')"
http://hl7.org/fhir/CommunicationRequest.occurrence,http://hl7.org/fhir/,CommunicationRequest.occurrence,ObjectProperty,"('http://hl7.org/fhir/CommunicationRequest.occurrence', 'ObjectProperty')"
http://hl7.org/fhir/CommunicationRequest.occurrenceDateTime,http://hl7.org/fhir/,CommunicationRequest.occurrenceDateTime,ObjectProperty,"('http://hl7.org/fhir/CommunicationRequest.occurrenceDateTime', 'ObjectProperty')"
http://hl7.org/fhir/CommunicationRequest.occurrencePeriod,http://hl7.org/fhir/,CommunicationRequest.occurrencePeriod,ObjectProperty,"('http://hl7.org/fhir/CommunicationRequest.occurrencePeriod', 'ObjectProperty')"
http://hl7.org/fhir/CommunicationRequest.payload,http://hl7.org/fhir/,CommunicationRequest.payload,ObjectProperty,"('http://hl7.org/fhir/CommunicationRequest.payload', 'ObjectProperty')"
http://hl7.org/fhir/CommunicationRequest.payload.content,http://hl7.org/fhir/,CommunicationRequest.payload.content,ObjectProperty,"('http://hl7.org/fhir/CommunicationRequest.payload.content', 'ObjectProperty')"
http://hl7.org/fhir/CommunicationRequest.payload.contentAttachment,http://hl7.org/fhir/,CommunicationRequest.payload.contentAttachment,ObjectProperty,"('http://hl7.org/fhir/CommunicationRequest.payload.contentAttachment', 'ObjectProperty')"
http://hl7.org/fhir/CommunicationRequest.payload.contentReference,http://hl7.org/fhir/,CommunicationRequest.payload.contentReference,ObjectProperty,"('http://hl7.org/fhir/CommunicationRequest.payload.contentReference', 'ObjectProperty')"
http://hl7.org/fhir/CommunicationRequest.payload.contentString,http://hl7.org/fhir/,CommunicationRequest.payload.contentString,ObjectProperty,"('http://hl7.org/fhir/CommunicationRequest.payload.contentString', 'ObjectProperty')"
http://hl7.org/fhir/CommunicationRequest.priority,http://hl7.org/fhir/,CommunicationRequest.priority,ObjectProperty,"('http://hl7.org/fhir/CommunicationRequest.priority', 'ObjectProperty')"
http://hl7.org/fhir/CommunicationRequest.reasonCode,http://hl7.org/fhir/,CommunicationRequest.reasonCode,ObjectProperty,"('http://hl7.org/fhir/CommunicationRequest.reasonCode', 'ObjectProperty')"
http://hl7.org/fhir/CommunicationRequest.reasonReference,http://hl7.org/fhir/,CommunicationRequest.reasonReference,ObjectProperty,"('http://hl7.org/fhir/CommunicationRequest.reasonReference', 'ObjectProperty')"
http://hl7.org/fhir/CommunicationRequest.recipient,http://hl7.org/fhir/,CommunicationRequest.recipient,ObjectProperty,"('http://hl7.org/fhir/CommunicationRequest.recipient', 'ObjectProperty')"
http://hl7.org/fhir/CommunicationRequest.replaces,http://hl7.org/fhir/,CommunicationRequest.replaces,ObjectProperty,"('http://hl7.org/fhir/CommunicationRequest.replaces', 'ObjectProperty')"
http://hl7.org/fhir/CommunicationRequest.requester,http://hl7.org/fhir/,CommunicationRequest.requester,ObjectProperty,"('http://hl7.org/fhir/CommunicationRequest.requester', 'ObjectProperty')"
http://hl7.org/fhir/CommunicationRequest.requester.agent,http://hl7.org/fhir/,CommunicationRequest.requester.agent,ObjectProperty,"('http://hl7.org/fhir/CommunicationRequest.requester.agent', 'ObjectProperty')"
http://hl7.org/fhir/CommunicationRequest.requester.onBehalfOf,http://hl7.org/fhir/,CommunicationRequest.requester.onBehalfOf,ObjectProperty,"('http://hl7.org/fhir/CommunicationRequest.requester.onBehalfOf', 'ObjectProperty')"
http://hl7.org/fhir/CommunicationRequest.sender,http://hl7.org/fhir/,CommunicationRequest.sender,ObjectProperty,"('http://hl7.org/fhir/CommunicationRequest.sender', 'ObjectProperty')"
http://hl7.org/fhir/CommunicationRequest.status,http://hl7.org/fhir/,CommunicationRequest.status,ObjectProperty,"('http://hl7.org/fhir/CommunicationRequest.status', 'ObjectProperty')"
http://hl7.org/fhir/CommunicationRequest.subject,http://hl7.org/fhir/,CommunicationRequest.subject,ObjectProperty,"('http://hl7.org/fhir/CommunicationRequest.subject', 'ObjectProperty')"
http://hl7.org/fhir/CommunicationRequest.topic,http://hl7.org/fhir/,CommunicationRequest.topic,ObjectProperty,"('http://hl7.org/fhir/CommunicationRequest.topic', 'ObjectProperty')"
http://hl7.org/fhir/CompartmentDefinition.code,http://hl7.org/fhir/,CompartmentDefinition.code,ObjectProperty,"('http://hl7.org/fhir/CompartmentDefinition.code', 'ObjectProperty')"
http://hl7.org/fhir/CompartmentDefinition.contact,http://hl7.org/fhir/,CompartmentDefinition.contact,ObjectProperty,"('http://hl7.org/fhir/CompartmentDefinition.contact', 'ObjectProperty')"
http://hl7.org/fhir/CompartmentDefinition.date,http://hl7.org/fhir/,CompartmentDefinition.date,ObjectProperty,"('http://hl7.org/fhir/CompartmentDefinition.date', 'ObjectProperty')"
http://hl7.org/fhir/CompartmentDefinition.description,http://hl7.org/fhir/,CompartmentDefinition.description,ObjectProperty,"('http://hl7.org/fhir/CompartmentDefinition.description', 'ObjectProperty')"
http://hl7.org/fhir/CompartmentDefinition.experimental,http://hl7.org/fhir/,CompartmentDefinition.experimental,ObjectProperty,"('http://hl7.org/fhir/CompartmentDefinition.experimental', 'ObjectProperty')"
http://hl7.org/fhir/CompartmentDefinition.jurisdiction,http://hl7.org/fhir/,CompartmentDefinition.jurisdiction,ObjectProperty,"('http://hl7.org/fhir/CompartmentDefinition.jurisdiction', 'ObjectProperty')"
http://hl7.org/fhir/CompartmentDefinition.name,http://hl7.org/fhir/,CompartmentDefinition.name,ObjectProperty,"('http://hl7.org/fhir/CompartmentDefinition.name', 'ObjectProperty')"
http://hl7.org/fhir/CompartmentDefinition.publisher,http://hl7.org/fhir/,CompartmentDefinition.publisher,ObjectProperty,"('http://hl7.org/fhir/CompartmentDefinition.publisher', 'ObjectProperty')"
http://hl7.org/fhir/CompartmentDefinition.purpose,http://hl7.org/fhir/,CompartmentDefinition.purpose,ObjectProperty,"('http://hl7.org/fhir/CompartmentDefinition.purpose', 'ObjectProperty')"
http://hl7.org/fhir/CompartmentDefinition.resource,http://hl7.org/fhir/,CompartmentDefinition.resource,ObjectProperty,"('http://hl7.org/fhir/CompartmentDefinition.resource', 'ObjectProperty')"
http://hl7.org/fhir/CompartmentDefinition.resource.code,http://hl7.org/fhir/,CompartmentDefinition.resource.code,ObjectProperty,"('http://hl7.org/fhir/CompartmentDefinition.resource.code', 'ObjectProperty')"
http://hl7.org/fhir/CompartmentDefinition.resource.documentation,http://hl7.org/fhir/,CompartmentDefinition.resource.documentation,ObjectProperty,"('http://hl7.org/fhir/CompartmentDefinition.resource.documentation', 'ObjectProperty')"
http://hl7.org/fhir/CompartmentDefinition.resource.param,http://hl7.org/fhir/,CompartmentDefinition.resource.param,ObjectProperty,"('http://hl7.org/fhir/CompartmentDefinition.resource.param', 'ObjectProperty')"
http://hl7.org/fhir/CompartmentDefinition.search,http://hl7.org/fhir/,CompartmentDefinition.search,ObjectProperty,"('http://hl7.org/fhir/CompartmentDefinition.search', 'ObjectProperty')"
http://hl7.org/fhir/CompartmentDefinition.status,http://hl7.org/fhir/,CompartmentDefinition.status,ObjectProperty,"('http://hl7.org/fhir/CompartmentDefinition.status', 'ObjectProperty')"
http://hl7.org/fhir/CompartmentDefinition.title,http://hl7.org/fhir/,CompartmentDefinition.title,ObjectProperty,"('http://hl7.org/fhir/CompartmentDefinition.title', 'ObjectProperty')"
http://hl7.org/fhir/CompartmentDefinition.url,http://hl7.org/fhir/,CompartmentDefinition.url,ObjectProperty,"('http://hl7.org/fhir/CompartmentDefinition.url', 'ObjectProperty')"
http://hl7.org/fhir/CompartmentDefinition.useContext,http://hl7.org/fhir/,CompartmentDefinition.useContext,ObjectProperty,"('http://hl7.org/fhir/CompartmentDefinition.useContext', 'ObjectProperty')"
http://hl7.org/fhir/Composition.attester,http://hl7.org/fhir/,Composition.attester,ObjectProperty,"('http://hl7.org/fhir/Composition.attester', 'ObjectProperty')"
http://hl7.org/fhir/Composition.attester.mode,http://hl7.org/fhir/,Composition.attester.mode,ObjectProperty,"('http://hl7.org/fhir/Composition.attester.mode', 'ObjectProperty')"
http://hl7.org/fhir/Composition.attester.party,http://hl7.org/fhir/,Composition.attester.party,ObjectProperty,"('http://hl7.org/fhir/Composition.attester.party', 'ObjectProperty')"
http://hl7.org/fhir/Composition.attester.time,http://hl7.org/fhir/,Composition.attester.time,ObjectProperty,"('http://hl7.org/fhir/Composition.attester.time', 'ObjectProperty')"
http://hl7.org/fhir/Composition.author,http://hl7.org/fhir/,Composition.author,ObjectProperty,"('http://hl7.org/fhir/Composition.author', 'ObjectProperty')"
http://hl7.org/fhir/Composition.class,http://hl7.org/fhir/,Composition.class,ObjectProperty,"('http://hl7.org/fhir/Composition.class', 'ObjectProperty')"
http://hl7.org/fhir/Composition.confidentiality,http://hl7.org/fhir/,Composition.confidentiality,ObjectProperty,"('http://hl7.org/fhir/Composition.confidentiality', 'ObjectProperty')"
http://hl7.org/fhir/Composition.custodian,http://hl7.org/fhir/,Composition.custodian,ObjectProperty,"('http://hl7.org/fhir/Composition.custodian', 'ObjectProperty')"
http://hl7.org/fhir/Composition.date,http://hl7.org/fhir/,Composition.date,ObjectProperty,"('http://hl7.org/fhir/Composition.date', 'ObjectProperty')"
http://hl7.org/fhir/Composition.encounter,http://hl7.org/fhir/,Composition.encounter,ObjectProperty,"('http://hl7.org/fhir/Composition.encounter', 'ObjectProperty')"
http://hl7.org/fhir/Composition.event,http://hl7.org/fhir/,Composition.event,ObjectProperty,"('http://hl7.org/fhir/Composition.event', 'ObjectProperty')"
http://hl7.org/fhir/Composition.event.code,http://hl7.org/fhir/,Composition.event.code,ObjectProperty,"('http://hl7.org/fhir/Composition.event.code', 'ObjectProperty')"
http://hl7.org/fhir/Composition.event.detail,http://hl7.org/fhir/,Composition.event.detail,ObjectProperty,"('http://hl7.org/fhir/Composition.event.detail', 'ObjectProperty')"
http://hl7.org/fhir/Composition.event.period,http://hl7.org/fhir/,Composition.event.period,ObjectProperty,"('http://hl7.org/fhir/Composition.event.period', 'ObjectProperty')"
http://hl7.org/fhir/Composition.identifier,http://hl7.org/fhir/,Composition.identifier,ObjectProperty,"('http://hl7.org/fhir/Composition.identifier', 'ObjectProperty')"
http://hl7.org/fhir/Composition.relatesTo,http://hl7.org/fhir/,Composition.relatesTo,ObjectProperty,"('http://hl7.org/fhir/Composition.relatesTo', 'ObjectProperty')"
http://hl7.org/fhir/Composition.relatesTo.code,http://hl7.org/fhir/,Composition.relatesTo.code,ObjectProperty,"('http://hl7.org/fhir/Composition.relatesTo.code', 'ObjectProperty')"
http://hl7.org/fhir/Composition.relatesTo.target,http://hl7.org/fhir/,Composition.relatesTo.target,ObjectProperty,"('http://hl7.org/fhir/Composition.relatesTo.target', 'ObjectProperty')"
http://hl7.org/fhir/Composition.relatesTo.targetIdentifier,http://hl7.org/fhir/,Composition.relatesTo.targetIdentifier,ObjectProperty,"('http://hl7.org/fhir/Composition.relatesTo.targetIdentifier', 'ObjectProperty')"
http://hl7.org/fhir/Composition.relatesTo.targetReference,http://hl7.org/fhir/,Composition.relatesTo.targetReference,ObjectProperty,"('http://hl7.org/fhir/Composition.relatesTo.targetReference', 'ObjectProperty')"
http://hl7.org/fhir/Composition.section,http://hl7.org/fhir/,Composition.section,ObjectProperty,"('http://hl7.org/fhir/Composition.section', 'ObjectProperty')"
http://hl7.org/fhir/Composition.section.code,http://hl7.org/fhir/,Composition.section.code,ObjectProperty,"('http://hl7.org/fhir/Composition.section.code', 'ObjectProperty')"
http://hl7.org/fhir/Composition.section.emptyReason,http://hl7.org/fhir/,Composition.section.emptyReason,ObjectProperty,"('http://hl7.org/fhir/Composition.section.emptyReason', 'ObjectProperty')"
http://hl7.org/fhir/Composition.section.entry,http://hl7.org/fhir/,Composition.section.entry,ObjectProperty,"('http://hl7.org/fhir/Composition.section.entry', 'ObjectProperty')"
http://hl7.org/fhir/Composition.section.mode,http://hl7.org/fhir/,Composition.section.mode,ObjectProperty,"('http://hl7.org/fhir/Composition.section.mode', 'ObjectProperty')"
http://hl7.org/fhir/Composition.section.orderedBy,http://hl7.org/fhir/,Composition.section.orderedBy,ObjectProperty,"('http://hl7.org/fhir/Composition.section.orderedBy', 'ObjectProperty')"
http://hl7.org/fhir/Composition.section.section,http://hl7.org/fhir/,Composition.section.section,ObjectProperty,"('http://hl7.org/fhir/Composition.section.section', 'ObjectProperty')"
http://hl7.org/fhir/Composition.section.text,http://hl7.org/fhir/,Composition.section.text,ObjectProperty,"('http://hl7.org/fhir/Composition.section.text', 'ObjectProperty')"
http://hl7.org/fhir/Composition.section.title,http://hl7.org/fhir/,Composition.section.title,ObjectProperty,"('http://hl7.org/fhir/Composition.section.title', 'ObjectProperty')"
http://hl7.org/fhir/Composition.status,http://hl7.org/fhir/,Composition.status,ObjectProperty,"('http://hl7.org/fhir/Composition.status', 'ObjectProperty')"
http://hl7.org/fhir/Composition.subject,http://hl7.org/fhir/,Composition.subject,ObjectProperty,"('http://hl7.org/fhir/Composition.subject', 'ObjectProperty')"
http://hl7.org/fhir/Composition.title,http://hl7.org/fhir/,Composition.title,ObjectProperty,"('http://hl7.org/fhir/Composition.title', 'ObjectProperty')"
http://hl7.org/fhir/Composition.type,http://hl7.org/fhir/,Composition.type,ObjectProperty,"('http://hl7.org/fhir/Composition.type', 'ObjectProperty')"
http://hl7.org/fhir/ConceptMap.contact,http://hl7.org/fhir/,ConceptMap.contact,ObjectProperty,"('http://hl7.org/fhir/ConceptMap.contact', 'ObjectProperty')"
http://hl7.org/fhir/ConceptMap.copyright,http://hl7.org/fhir/,ConceptMap.copyright,ObjectProperty,"('http://hl7.org/fhir/ConceptMap.copyright', 'ObjectProperty')"
http://hl7.org/fhir/ConceptMap.date,http://hl7.org/fhir/,ConceptMap.date,ObjectProperty,"('http://hl7.org/fhir/ConceptMap.date', 'ObjectProperty')"
http://hl7.org/fhir/ConceptMap.description,http://hl7.org/fhir/,ConceptMap.description,ObjectProperty,"('http://hl7.org/fhir/ConceptMap.description', 'ObjectProperty')"
http://hl7.org/fhir/ConceptMap.experimental,http://hl7.org/fhir/,ConceptMap.experimental,ObjectProperty,"('http://hl7.org/fhir/ConceptMap.experimental', 'ObjectProperty')"
http://hl7.org/fhir/ConceptMap.group,http://hl7.org/fhir/,ConceptMap.group,ObjectProperty,"('http://hl7.org/fhir/ConceptMap.group', 'ObjectProperty')"
http://hl7.org/fhir/ConceptMap.group.element,http://hl7.org/fhir/,ConceptMap.group.element,ObjectProperty,"('http://hl7.org/fhir/ConceptMap.group.element', 'ObjectProperty')"
http://hl7.org/fhir/ConceptMap.group.element.code,http://hl7.org/fhir/,ConceptMap.group.element.code,ObjectProperty,"('http://hl7.org/fhir/ConceptMap.group.element.code', 'ObjectProperty')"
http://hl7.org/fhir/ConceptMap.group.element.display,http://hl7.org/fhir/,ConceptMap.group.element.display,ObjectProperty,"('http://hl7.org/fhir/ConceptMap.group.element.display', 'ObjectProperty')"
http://hl7.org/fhir/ConceptMap.group.element.target,http://hl7.org/fhir/,ConceptMap.group.element.target,ObjectProperty,"('http://hl7.org/fhir/ConceptMap.group.element.target', 'ObjectProperty')"
http://hl7.org/fhir/ConceptMap.group.element.target.code,http://hl7.org/fhir/,ConceptMap.group.element.target.code,ObjectProperty,"('http://hl7.org/fhir/ConceptMap.group.element.target.code', 'ObjectProperty')"
http://hl7.org/fhir/ConceptMap.group.element.target.comment,http://hl7.org/fhir/,ConceptMap.group.element.target.comment,ObjectProperty,"('http://hl7.org/fhir/ConceptMap.group.element.target.comment', 'ObjectProperty')"
http://hl7.org/fhir/ConceptMap.group.element.target.dependsOn,http://hl7.org/fhir/,ConceptMap.group.element.target.dependsOn,ObjectProperty,"('http://hl7.org/fhir/ConceptMap.group.element.target.dependsOn', 'ObjectProperty')"
http://hl7.org/fhir/ConceptMap.group.element.target.dependsOn.code,http://hl7.org/fhir/,ConceptMap.group.element.target.dependsOn.code,ObjectProperty,"('http://hl7.org/fhir/ConceptMap.group.element.target.dependsOn.code', 'ObjectProperty')"
http://hl7.org/fhir/ConceptMap.group.element.target.dependsOn.display,http://hl7.org/fhir/,ConceptMap.group.element.target.dependsOn.display,ObjectProperty,"('http://hl7.org/fhir/ConceptMap.group.element.target.dependsOn.display', 'ObjectProperty')"
http://hl7.org/fhir/ConceptMap.group.element.target.dependsOn.property,http://hl7.org/fhir/,ConceptMap.group.element.target.dependsOn.property,ObjectProperty,"('http://hl7.org/fhir/ConceptMap.group.element.target.dependsOn.property', 'ObjectProperty')"
http://hl7.org/fhir/ConceptMap.group.element.target.dependsOn.system,http://hl7.org/fhir/,ConceptMap.group.element.target.dependsOn.system,ObjectProperty,"('http://hl7.org/fhir/ConceptMap.group.element.target.dependsOn.system', 'ObjectProperty')"
http://hl7.org/fhir/ConceptMap.group.element.target.display,http://hl7.org/fhir/,ConceptMap.group.element.target.display,ObjectProperty,"('http://hl7.org/fhir/ConceptMap.group.element.target.display', 'ObjectProperty')"
http://hl7.org/fhir/ConceptMap.group.element.target.equivalence,http://hl7.org/fhir/,ConceptMap.group.element.target.equivalence,ObjectProperty,"('http://hl7.org/fhir/ConceptMap.group.element.target.equivalence', 'ObjectProperty')"
http://hl7.org/fhir/ConceptMap.group.element.target.product,http://hl7.org/fhir/,ConceptMap.group.element.target.product,ObjectProperty,"('http://hl7.org/fhir/ConceptMap.group.element.target.product', 'ObjectProperty')"
http://hl7.org/fhir/ConceptMap.group.source,http://hl7.org/fhir/,ConceptMap.group.source,ObjectProperty,"('http://hl7.org/fhir/ConceptMap.group.source', 'ObjectProperty')"
http://hl7.org/fhir/ConceptMap.group.sourceVersion,http://hl7.org/fhir/,ConceptMap.group.sourceVersion,ObjectProperty,"('http://hl7.org/fhir/ConceptMap.group.sourceVersion', 'ObjectProperty')"
http://hl7.org/fhir/ConceptMap.group.target,http://hl7.org/fhir/,ConceptMap.group.target,ObjectProperty,"('http://hl7.org/fhir/ConceptMap.group.target', 'ObjectProperty')"
http://hl7.org/fhir/ConceptMap.group.targetVersion,http://hl7.org/fhir/,ConceptMap.group.targetVersion,ObjectProperty,"('http://hl7.org/fhir/ConceptMap.group.targetVersion', 'ObjectProperty')"
http://hl7.org/fhir/ConceptMap.group.unmapped,http://hl7.org/fhir/,ConceptMap.group.unmapped,ObjectProperty,"('http://hl7.org/fhir/ConceptMap.group.unmapped', 'ObjectProperty')"
http://hl7.org/fhir/ConceptMap.group.unmapped.code,http://hl7.org/fhir/,ConceptMap.group.unmapped.code,ObjectProperty,"('http://hl7.org/fhir/ConceptMap.group.unmapped.code', 'ObjectProperty')"
http://hl7.org/fhir/ConceptMap.group.unmapped.display,http://hl7.org/fhir/,ConceptMap.group.unmapped.display,ObjectProperty,"('http://hl7.org/fhir/ConceptMap.group.unmapped.display', 'ObjectProperty')"
http://hl7.org/fhir/ConceptMap.group.unmapped.mode,http://hl7.org/fhir/,ConceptMap.group.unmapped.mode,ObjectProperty,"('http://hl7.org/fhir/ConceptMap.group.unmapped.mode', 'ObjectProperty')"
http://hl7.org/fhir/ConceptMap.group.unmapped.url,http://hl7.org/fhir/,ConceptMap.group.unmapped.url,ObjectProperty,"('http://hl7.org/fhir/ConceptMap.group.unmapped.url', 'ObjectProperty')"
http://hl7.org/fhir/ConceptMap.identifier,http://hl7.org/fhir/,ConceptMap.identifier,ObjectProperty,"('http://hl7.org/fhir/ConceptMap.identifier', 'ObjectProperty')"
http://hl7.org/fhir/ConceptMap.jurisdiction,http://hl7.org/fhir/,ConceptMap.jurisdiction,ObjectProperty,"('http://hl7.org/fhir/ConceptMap.jurisdiction', 'ObjectProperty')"
http://hl7.org/fhir/ConceptMap.name,http://hl7.org/fhir/,ConceptMap.name,ObjectProperty,"('http://hl7.org/fhir/ConceptMap.name', 'ObjectProperty')"
http://hl7.org/fhir/ConceptMap.publisher,http://hl7.org/fhir/,ConceptMap.publisher,ObjectProperty,"('http://hl7.org/fhir/ConceptMap.publisher', 'ObjectProperty')"
http://hl7.org/fhir/ConceptMap.purpose,http://hl7.org/fhir/,ConceptMap.purpose,ObjectProperty,"('http://hl7.org/fhir/ConceptMap.purpose', 'ObjectProperty')"
http://hl7.org/fhir/ConceptMap.source,http://hl7.org/fhir/,ConceptMap.source,ObjectProperty,"('http://hl7.org/fhir/ConceptMap.source', 'ObjectProperty')"
http://hl7.org/fhir/ConceptMap.sourceReference,http://hl7.org/fhir/,ConceptMap.sourceReference,ObjectProperty,"('http://hl7.org/fhir/ConceptMap.sourceReference', 'ObjectProperty')"
http://hl7.org/fhir/ConceptMap.sourceUri,http://hl7.org/fhir/,ConceptMap.sourceUri,ObjectProperty,"('http://hl7.org/fhir/ConceptMap.sourceUri', 'ObjectProperty')"
http://hl7.org/fhir/ConceptMap.status,http://hl7.org/fhir/,ConceptMap.status,ObjectProperty,"('http://hl7.org/fhir/ConceptMap.status', 'ObjectProperty')"
http://hl7.org/fhir/ConceptMap.target,http://hl7.org/fhir/,ConceptMap.target,ObjectProperty,"('http://hl7.org/fhir/ConceptMap.target', 'ObjectProperty')"
http://hl7.org/fhir/ConceptMap.targetReference,http://hl7.org/fhir/,ConceptMap.targetReference,ObjectProperty,"('http://hl7.org/fhir/ConceptMap.targetReference', 'ObjectProperty')"
http://hl7.org/fhir/ConceptMap.targetUri,http://hl7.org/fhir/,ConceptMap.targetUri,ObjectProperty,"('http://hl7.org/fhir/ConceptMap.targetUri', 'ObjectProperty')"
http://hl7.org/fhir/ConceptMap.title,http://hl7.org/fhir/,ConceptMap.title,ObjectProperty,"('http://hl7.org/fhir/ConceptMap.title', 'ObjectProperty')"
http://hl7.org/fhir/ConceptMap.url,http://hl7.org/fhir/,ConceptMap.url,ObjectProperty,"('http://hl7.org/fhir/ConceptMap.url', 'ObjectProperty')"
http://hl7.org/fhir/ConceptMap.useContext,http://hl7.org/fhir/,ConceptMap.useContext,ObjectProperty,"('http://hl7.org/fhir/ConceptMap.useContext', 'ObjectProperty')"
http://hl7.org/fhir/ConceptMap.version,http://hl7.org/fhir/,ConceptMap.version,ObjectProperty,"('http://hl7.org/fhir/ConceptMap.version', 'ObjectProperty')"
http://hl7.org/fhir/Condition.abatement,http://hl7.org/fhir/,Condition.abatement,ObjectProperty,"('http://hl7.org/fhir/Condition.abatement', 'ObjectProperty')"
http://hl7.org/fhir/Condition.evidence,http://hl7.org/fhir/,Condition.evidence,ObjectProperty,"('http://hl7.org/fhir/Condition.evidence', 'ObjectProperty')"
http://hl7.org/fhir/Condition.evidence.detail,http://hl7.org/fhir/,Condition.evidence.detail,ObjectProperty,"('http://hl7.org/fhir/Condition.evidence.detail', 'ObjectProperty')"
http://hl7.org/fhir/Condition.identifier,http://hl7.org/fhir/,Condition.identifier,ObjectProperty,"('http://hl7.org/fhir/Condition.identifier', 'ObjectProperty')"
http://hl7.org/fhir/Condition.note,http://hl7.org/fhir/,Condition.note,ObjectProperty,"('http://hl7.org/fhir/Condition.note', 'ObjectProperty')"
http://hl7.org/fhir/Condition.onset,http://hl7.org/fhir/,Condition.onset,ObjectProperty,"('http://hl7.org/fhir/Condition.onset', 'ObjectProperty')"
http://hl7.org/fhir/Condition.stage,http://hl7.org/fhir/,Condition.stage,ObjectProperty,"('http://hl7.org/fhir/Condition.stage', 'ObjectProperty')"
http://hl7.org/fhir/Condition.stage.summary,http://hl7.org/fhir/,Condition.stage.summary,ObjectProperty,"('http://hl7.org/fhir/Condition.stage.summary', 'ObjectProperty')"
http://hl7.org/fhir/Condition.verificationStatus,http://hl7.org/fhir/,Condition.verificationStatus,ObjectProperty,"('http://hl7.org/fhir/Condition.verificationStatus', 'ObjectProperty')"
http://hl7.org/fhir/Consent.action,http://hl7.org/fhir/,Consent.action,ObjectProperty,"('http://hl7.org/fhir/Consent.action', 'ObjectProperty')"
http://hl7.org/fhir/Consent.actor,http://hl7.org/fhir/,Consent.actor,ObjectProperty,"('http://hl7.org/fhir/Consent.actor', 'ObjectProperty')"
http://hl7.org/fhir/Consent.actor.reference,http://hl7.org/fhir/,Consent.actor.reference,ObjectProperty,"('http://hl7.org/fhir/Consent.actor.reference', 'ObjectProperty')"
http://hl7.org/fhir/Consent.actor.role,http://hl7.org/fhir/,Consent.actor.role,ObjectProperty,"('http://hl7.org/fhir/Consent.actor.role', 'ObjectProperty')"
http://hl7.org/fhir/Consent.category,http://hl7.org/fhir/,Consent.category,ObjectProperty,"('http://hl7.org/fhir/Consent.category', 'ObjectProperty')"
http://hl7.org/fhir/Consent.consentingParty,http://hl7.org/fhir/,Consent.consentingParty,ObjectProperty,"('http://hl7.org/fhir/Consent.consentingParty', 'ObjectProperty')"
http://hl7.org/fhir/Consent.data,http://hl7.org/fhir/,Consent.data,ObjectProperty,"('http://hl7.org/fhir/Consent.data', 'ObjectProperty')"
http://hl7.org/fhir/Consent.data.meaning,http://hl7.org/fhir/,Consent.data.meaning,ObjectProperty,"('http://hl7.org/fhir/Consent.data.meaning', 'ObjectProperty')"
http://hl7.org/fhir/Consent.data.reference,http://hl7.org/fhir/,Consent.data.reference,ObjectProperty,"('http://hl7.org/fhir/Consent.data.reference', 'ObjectProperty')"
http://hl7.org/fhir/Consent.dataPeriod,http://hl7.org/fhir/,Consent.dataPeriod,ObjectProperty,"('http://hl7.org/fhir/Consent.dataPeriod', 'ObjectProperty')"
http://hl7.org/fhir/Consent.dateTime,http://hl7.org/fhir/,Consent.dateTime,ObjectProperty,"('http://hl7.org/fhir/Consent.dateTime', 'ObjectProperty')"
http://hl7.org/fhir/Consent.except,http://hl7.org/fhir/,Consent.except,ObjectProperty,"('http://hl7.org/fhir/Consent.except', 'ObjectProperty')"
http://hl7.org/fhir/Consent.except.action,http://hl7.org/fhir/,Consent.except.action,ObjectProperty,"('http://hl7.org/fhir/Consent.except.action', 'ObjectProperty')"
http://hl7.org/fhir/Consent.except.actor,http://hl7.org/fhir/,Consent.except.actor,ObjectProperty,"('http://hl7.org/fhir/Consent.except.actor', 'ObjectProperty')"
http://hl7.org/fhir/Consent.except.actor.reference,http://hl7.org/fhir/,Consent.except.actor.reference,ObjectProperty,"('http://hl7.org/fhir/Consent.except.actor.reference', 'ObjectProperty')"
http://hl7.org/fhir/Consent.except.actor.role,http://hl7.org/fhir/,Consent.except.actor.role,ObjectProperty,"('http://hl7.org/fhir/Consent.except.actor.role', 'ObjectProperty')"
http://hl7.org/fhir/Consent.except.class,http://hl7.org/fhir/,Consent.except.class,ObjectProperty,"('http://hl7.org/fhir/Consent.except.class', 'ObjectProperty')"
http://hl7.org/fhir/Consent.except.code,http://hl7.org/fhir/,Consent.except.code,ObjectProperty,"('http://hl7.org/fhir/Consent.except.code', 'ObjectProperty')"
http://hl7.org/fhir/Consent.except.data,http://hl7.org/fhir/,Consent.except.data,ObjectProperty,"('http://hl7.org/fhir/Consent.except.data', 'ObjectProperty')"
http://hl7.org/fhir/Consent.except.data.meaning,http://hl7.org/fhir/,Consent.except.data.meaning,ObjectProperty,"('http://hl7.org/fhir/Consent.except.data.meaning', 'ObjectProperty')"
http://hl7.org/fhir/Consent.except.data.reference,http://hl7.org/fhir/,Consent.except.data.reference,ObjectProperty,"('http://hl7.org/fhir/Consent.except.data.reference', 'ObjectProperty')"
http://hl7.org/fhir/Consent.except.dataPeriod,http://hl7.org/fhir/,Consent.except.dataPeriod,ObjectProperty,"('http://hl7.org/fhir/Consent.except.dataPeriod', 'ObjectProperty')"
http://hl7.org/fhir/Consent.except.period,http://hl7.org/fhir/,Consent.except.period,ObjectProperty,"('http://hl7.org/fhir/Consent.except.period', 'ObjectProperty')"
http://hl7.org/fhir/Consent.except.purpose,http://hl7.org/fhir/,Consent.except.purpose,ObjectProperty,"('http://hl7.org/fhir/Consent.except.purpose', 'ObjectProperty')"
http://hl7.org/fhir/Consent.except.securityLabel,http://hl7.org/fhir/,Consent.except.securityLabel,ObjectProperty,"('http://hl7.org/fhir/Consent.except.securityLabel', 'ObjectProperty')"
http://hl7.org/fhir/Consent.except.type,http://hl7.org/fhir/,Consent.except.type,ObjectProperty,"('http://hl7.org/fhir/Consent.except.type', 'ObjectProperty')"
http://hl7.org/fhir/Consent.identifier,http://hl7.org/fhir/,Consent.identifier,ObjectProperty,"('http://hl7.org/fhir/Consent.identifier', 'ObjectProperty')"
http://hl7.org/fhir/Consent.organization,http://hl7.org/fhir/,Consent.organization,ObjectProperty,"('http://hl7.org/fhir/Consent.organization', 'ObjectProperty')"
http://hl7.org/fhir/Consent.patient,http://hl7.org/fhir/,Consent.patient,ObjectProperty,"('http://hl7.org/fhir/Consent.patient', 'ObjectProperty')"
http://hl7.org/fhir/Consent.period,http://hl7.org/fhir/,Consent.period,ObjectProperty,"('http://hl7.org/fhir/Consent.period', 'ObjectProperty')"
http://hl7.org/fhir/Consent.policy,http://hl7.org/fhir/,Consent.policy,ObjectProperty,"('http://hl7.org/fhir/Consent.policy', 'ObjectProperty')"
http://hl7.org/fhir/Consent.policy.authority,http://hl7.org/fhir/,Consent.policy.authority,ObjectProperty,"('http://hl7.org/fhir/Consent.policy.authority', 'ObjectProperty')"
http://hl7.org/fhir/Consent.policy.uri,http://hl7.org/fhir/,Consent.policy.uri,ObjectProperty,"('http://hl7.org/fhir/Consent.policy.uri', 'ObjectProperty')"
http://hl7.org/fhir/Consent.policyRule,http://hl7.org/fhir/,Consent.policyRule,ObjectProperty,"('http://hl7.org/fhir/Consent.policyRule', 'ObjectProperty')"
http://hl7.org/fhir/Consent.purpose,http://hl7.org/fhir/,Consent.purpose,ObjectProperty,"('http://hl7.org/fhir/Consent.purpose', 'ObjectProperty')"
http://hl7.org/fhir/Consent.securityLabel,http://hl7.org/fhir/,Consent.securityLabel,ObjectProperty,"('http://hl7.org/fhir/Consent.securityLabel', 'ObjectProperty')"
http://hl7.org/fhir/Consent.source,http://hl7.org/fhir/,Consent.source,ObjectProperty,"('http://hl7.org/fhir/Consent.source', 'ObjectProperty')"
http://hl7.org/fhir/Consent.sourceAttachment,http://hl7.org/fhir/,Consent.sourceAttachment,ObjectProperty,"('http://hl7.org/fhir/Consent.sourceAttachment', 'ObjectProperty')"
http://hl7.org/fhir/Consent.sourceIdentifier,http://hl7.org/fhir/,Consent.sourceIdentifier,ObjectProperty,"('http://hl7.org/fhir/Consent.sourceIdentifier', 'ObjectProperty')"
http://hl7.org/fhir/Consent.sourceReference,http://hl7.org/fhir/,Consent.sourceReference,ObjectProperty,"('http://hl7.org/fhir/Consent.sourceReference', 'ObjectProperty')"
http://hl7.org/fhir/Consent.status,http://hl7.org/fhir/,Consent.status,ObjectProperty,"('http://hl7.org/fhir/Consent.status', 'ObjectProperty')"
http://hl7.org/fhir/ContactDetail.name,http://hl7.org/fhir/,ContactDetail.name,ObjectProperty,"('http://hl7.org/fhir/ContactDetail.name', 'ObjectProperty')"
http://hl7.org/fhir/ContactDetail.telecom,http://hl7.org/fhir/,ContactDetail.telecom,ObjectProperty,"('http://hl7.org/fhir/ContactDetail.telecom', 'ObjectProperty')"
http://hl7.org/fhir/Contract.action,http://hl7.org/fhir/,Contract.action,ObjectProperty,"('http://hl7.org/fhir/Contract.action', 'ObjectProperty')"
http://hl7.org/fhir/Contract.actionReason,http://hl7.org/fhir/,Contract.actionReason,ObjectProperty,"('http://hl7.org/fhir/Contract.actionReason', 'ObjectProperty')"
http://hl7.org/fhir/Contract.agent,http://hl7.org/fhir/,Contract.agent,ObjectProperty,"('http://hl7.org/fhir/Contract.agent', 'ObjectProperty')"
http://hl7.org/fhir/Contract.agent.actor,http://hl7.org/fhir/,Contract.agent.actor,ObjectProperty,"('http://hl7.org/fhir/Contract.agent.actor', 'ObjectProperty')"
http://hl7.org/fhir/Contract.agent.role,http://hl7.org/fhir/,Contract.agent.role,ObjectProperty,"('http://hl7.org/fhir/Contract.agent.role', 'ObjectProperty')"
http://hl7.org/fhir/Contract.applies,http://hl7.org/fhir/,Contract.applies,ObjectProperty,"('http://hl7.org/fhir/Contract.applies', 'ObjectProperty')"
http://hl7.org/fhir/Contract.authority,http://hl7.org/fhir/,Contract.authority,ObjectProperty,"('http://hl7.org/fhir/Contract.authority', 'ObjectProperty')"
http://hl7.org/fhir/Contract.binding,http://hl7.org/fhir/,Contract.binding,ObjectProperty,"('http://hl7.org/fhir/Contract.binding', 'ObjectProperty')"
http://hl7.org/fhir/Contract.bindingAttachment,http://hl7.org/fhir/,Contract.bindingAttachment,ObjectProperty,"('http://hl7.org/fhir/Contract.bindingAttachment', 'ObjectProperty')"
http://hl7.org/fhir/Contract.bindingReference,http://hl7.org/fhir/,Contract.bindingReference,ObjectProperty,"('http://hl7.org/fhir/Contract.bindingReference', 'ObjectProperty')"
http://hl7.org/fhir/Contract.contentDerivative,http://hl7.org/fhir/,Contract.contentDerivative,ObjectProperty,"('http://hl7.org/fhir/Contract.contentDerivative', 'ObjectProperty')"
http://hl7.org/fhir/Contract.decisionType,http://hl7.org/fhir/,Contract.decisionType,ObjectProperty,"('http://hl7.org/fhir/Contract.decisionType', 'ObjectProperty')"
http://hl7.org/fhir/Contract.domain,http://hl7.org/fhir/,Contract.domain,ObjectProperty,"('http://hl7.org/fhir/Contract.domain', 'ObjectProperty')"
http://hl7.org/fhir/Contract.friendly,http://hl7.org/fhir/,Contract.friendly,ObjectProperty,"('http://hl7.org/fhir/Contract.friendly', 'ObjectProperty')"
http://hl7.org/fhir/Contract.friendly.content,http://hl7.org/fhir/,Contract.friendly.content,ObjectProperty,"('http://hl7.org/fhir/Contract.friendly.content', 'ObjectProperty')"
http://hl7.org/fhir/Contract.friendly.contentAttachment,http://hl7.org/fhir/,Contract.friendly.contentAttachment,ObjectProperty,"('http://hl7.org/fhir/Contract.friendly.contentAttachment', 'ObjectProperty')"
http://hl7.org/fhir/Contract.friendly.contentReference,http://hl7.org/fhir/,Contract.friendly.contentReference,ObjectProperty,"('http://hl7.org/fhir/Contract.friendly.contentReference', 'ObjectProperty')"
http://hl7.org/fhir/Contract.identifier,http://hl7.org/fhir/,Contract.identifier,ObjectProperty,"('http://hl7.org/fhir/Contract.identifier', 'ObjectProperty')"
http://hl7.org/fhir/Contract.issued,http://hl7.org/fhir/,Contract.issued,ObjectProperty,"('http://hl7.org/fhir/Contract.issued', 'ObjectProperty')"
http://hl7.org/fhir/Contract.legal,http://hl7.org/fhir/,Contract.legal,ObjectProperty,"('http://hl7.org/fhir/Contract.legal', 'ObjectProperty')"
http://hl7.org/fhir/Contract.legal.content,http://hl7.org/fhir/,Contract.legal.content,ObjectProperty,"('http://hl7.org/fhir/Contract.legal.content', 'ObjectProperty')"
http://hl7.org/fhir/Contract.legal.contentAttachment,http://hl7.org/fhir/,Contract.legal.contentAttachment,ObjectProperty,"('http://hl7.org/fhir/Contract.legal.contentAttachment', 'ObjectProperty')"
http://hl7.org/fhir/Contract.legal.contentReference,http://hl7.org/fhir/,Contract.legal.contentReference,ObjectProperty,"('http://hl7.org/fhir/Contract.legal.contentReference', 'ObjectProperty')"
http://hl7.org/fhir/Contract.rule,http://hl7.org/fhir/,Contract.rule,ObjectProperty,"('http://hl7.org/fhir/Contract.rule', 'ObjectProperty')"
http://hl7.org/fhir/Contract.rule.content,http://hl7.org/fhir/,Contract.rule.content,ObjectProperty,"('http://hl7.org/fhir/Contract.rule.content', 'ObjectProperty')"
http://hl7.org/fhir/Contract.rule.contentAttachment,http://hl7.org/fhir/,Contract.rule.contentAttachment,ObjectProperty,"('http://hl7.org/fhir/Contract.rule.contentAttachment', 'ObjectProperty')"
http://hl7.org/fhir/Contract.rule.contentReference,http://hl7.org/fhir/,Contract.rule.contentReference,ObjectProperty,"('http://hl7.org/fhir/Contract.rule.contentReference', 'ObjectProperty')"
http://hl7.org/fhir/Contract.securityLabel,http://hl7.org/fhir/,Contract.securityLabel,ObjectProperty,"('http://hl7.org/fhir/Contract.securityLabel', 'ObjectProperty')"
http://hl7.org/fhir/Contract.signer,http://hl7.org/fhir/,Contract.signer,ObjectProperty,"('http://hl7.org/fhir/Contract.signer', 'ObjectProperty')"
http://hl7.org/fhir/Contract.signer.party,http://hl7.org/fhir/,Contract.signer.party,ObjectProperty,"('http://hl7.org/fhir/Contract.signer.party', 'ObjectProperty')"
http://hl7.org/fhir/Contract.signer.signature,http://hl7.org/fhir/,Contract.signer.signature,ObjectProperty,"('http://hl7.org/fhir/Contract.signer.signature', 'ObjectProperty')"
http://hl7.org/fhir/Contract.signer.type,http://hl7.org/fhir/,Contract.signer.type,ObjectProperty,"('http://hl7.org/fhir/Contract.signer.type', 'ObjectProperty')"
http://hl7.org/fhir/Contract.status,http://hl7.org/fhir/,Contract.status,ObjectProperty,"('http://hl7.org/fhir/Contract.status', 'ObjectProperty')"
http://hl7.org/fhir/Contract.subType,http://hl7.org/fhir/,Contract.subType,ObjectProperty,"('http://hl7.org/fhir/Contract.subType', 'ObjectProperty')"
http://hl7.org/fhir/Contract.subject,http://hl7.org/fhir/,Contract.subject,ObjectProperty,"('http://hl7.org/fhir/Contract.subject', 'ObjectProperty')"
http://hl7.org/fhir/Contract.term,http://hl7.org/fhir/,Contract.term,ObjectProperty,"('http://hl7.org/fhir/Contract.term', 'ObjectProperty')"
http://hl7.org/fhir/Contract.term.action,http://hl7.org/fhir/,Contract.term.action,ObjectProperty,"('http://hl7.org/fhir/Contract.term.action', 'ObjectProperty')"
http://hl7.org/fhir/Contract.term.actionReason,http://hl7.org/fhir/,Contract.term.actionReason,ObjectProperty,"('http://hl7.org/fhir/Contract.term.actionReason', 'ObjectProperty')"
http://hl7.org/fhir/Contract.term.agent,http://hl7.org/fhir/,Contract.term.agent,ObjectProperty,"('http://hl7.org/fhir/Contract.term.agent', 'ObjectProperty')"
http://hl7.org/fhir/Contract.term.agent.actor,http://hl7.org/fhir/,Contract.term.agent.actor,ObjectProperty,"('http://hl7.org/fhir/Contract.term.agent.actor', 'ObjectProperty')"
http://hl7.org/fhir/Contract.term.agent.role,http://hl7.org/fhir/,Contract.term.agent.role,ObjectProperty,"('http://hl7.org/fhir/Contract.term.agent.role', 'ObjectProperty')"
http://hl7.org/fhir/Contract.term.applies,http://hl7.org/fhir/,Contract.term.applies,ObjectProperty,"('http://hl7.org/fhir/Contract.term.applies', 'ObjectProperty')"
http://hl7.org/fhir/Contract.term.group,http://hl7.org/fhir/,Contract.term.group,ObjectProperty,"('http://hl7.org/fhir/Contract.term.group', 'ObjectProperty')"
http://hl7.org/fhir/Contract.term.identifier,http://hl7.org/fhir/,Contract.term.identifier,ObjectProperty,"('http://hl7.org/fhir/Contract.term.identifier', 'ObjectProperty')"
http://hl7.org/fhir/Contract.term.issued,http://hl7.org/fhir/,Contract.term.issued,ObjectProperty,"('http://hl7.org/fhir/Contract.term.issued', 'ObjectProperty')"
http://hl7.org/fhir/Contract.term.securityLabel,http://hl7.org/fhir/,Contract.term.securityLabel,ObjectProperty,"('http://hl7.org/fhir/Contract.term.securityLabel', 'ObjectProperty')"
http://hl7.org/fhir/Contract.term.subType,http://hl7.org/fhir/,Contract.term.subType,ObjectProperty,"('http://hl7.org/fhir/Contract.term.subType', 'ObjectProperty')"
http://hl7.org/fhir/Contract.term.text,http://hl7.org/fhir/,Contract.term.text,ObjectProperty,"('http://hl7.org/fhir/Contract.term.text', 'ObjectProperty')"
http://hl7.org/fhir/Contract.term.topic,http://hl7.org/fhir/,Contract.term.topic,ObjectProperty,"('http://hl7.org/fhir/Contract.term.topic', 'ObjectProperty')"
http://hl7.org/fhir/Contract.term.type,http://hl7.org/fhir/,Contract.term.type,ObjectProperty,"('http://hl7.org/fhir/Contract.term.type', 'ObjectProperty')"
http://hl7.org/fhir/Contract.term.valuedItem,http://hl7.org/fhir/,Contract.term.valuedItem,ObjectProperty,"('http://hl7.org/fhir/Contract.term.valuedItem', 'ObjectProperty')"
http://hl7.org/fhir/Contract.term.valuedItem.effectiveTime,http://hl7.org/fhir/,Contract.term.valuedItem.effectiveTime,ObjectProperty,"('http://hl7.org/fhir/Contract.term.valuedItem.effectiveTime', 'ObjectProperty')"
http://hl7.org/fhir/Contract.term.valuedItem.entity,http://hl7.org/fhir/,Contract.term.valuedItem.entity,ObjectProperty,"('http://hl7.org/fhir/Contract.term.valuedItem.entity', 'ObjectProperty')"
http://hl7.org/fhir/Contract.term.valuedItem.entityCodeableConcept,http://hl7.org/fhir/,Contract.term.valuedItem.entityCodeableConcept,ObjectProperty,"('http://hl7.org/fhir/Contract.term.valuedItem.entityCodeableConcept', 'ObjectProperty')"
http://hl7.org/fhir/Contract.term.valuedItem.entityReference,http://hl7.org/fhir/,Contract.term.valuedItem.entityReference,ObjectProperty,"('http://hl7.org/fhir/Contract.term.valuedItem.entityReference', 'ObjectProperty')"
http://hl7.org/fhir/Contract.term.valuedItem.factor,http://hl7.org/fhir/,Contract.term.valuedItem.factor,ObjectProperty,"('http://hl7.org/fhir/Contract.term.valuedItem.factor', 'ObjectProperty')"
http://hl7.org/fhir/Contract.term.valuedItem.identifier,http://hl7.org/fhir/,Contract.term.valuedItem.identifier,ObjectProperty,"('http://hl7.org/fhir/Contract.term.valuedItem.identifier', 'ObjectProperty')"
http://hl7.org/fhir/Contract.term.valuedItem.net,http://hl7.org/fhir/,Contract.term.valuedItem.net,ObjectProperty,"('http://hl7.org/fhir/Contract.term.valuedItem.net', 'ObjectProperty')"
http://hl7.org/fhir/Contract.term.valuedItem.points,http://hl7.org/fhir/,Contract.term.valuedItem.points,ObjectProperty,"('http://hl7.org/fhir/Contract.term.valuedItem.points', 'ObjectProperty')"
http://hl7.org/fhir/Contract.term.valuedItem.quantity,http://hl7.org/fhir/,Contract.term.valuedItem.quantity,ObjectProperty,"('http://hl7.org/fhir/Contract.term.valuedItem.quantity', 'ObjectProperty')"
http://hl7.org/fhir/Contract.term.valuedItem.unitPrice,http://hl7.org/fhir/,Contract.term.valuedItem.unitPrice,ObjectProperty,"('http://hl7.org/fhir/Contract.term.valuedItem.unitPrice', 'ObjectProperty')"
http://hl7.org/fhir/Contract.topic,http://hl7.org/fhir/,Contract.topic,ObjectProperty,"('http://hl7.org/fhir/Contract.topic', 'ObjectProperty')"
http://hl7.org/fhir/Contract.type,http://hl7.org/fhir/,Contract.type,ObjectProperty,"('http://hl7.org/fhir/Contract.type', 'ObjectProperty')"
http://hl7.org/fhir/Contract.valuedItem,http://hl7.org/fhir/,Contract.valuedItem,ObjectProperty,"('http://hl7.org/fhir/Contract.valuedItem', 'ObjectProperty')"
http://hl7.org/fhir/Contract.valuedItem.effectiveTime,http://hl7.org/fhir/,Contract.valuedItem.effectiveTime,ObjectProperty,"('http://hl7.org/fhir/Contract.valuedItem.effectiveTime', 'ObjectProperty')"
http://hl7.org/fhir/Contract.valuedItem.entity,http://hl7.org/fhir/,Contract.valuedItem.entity,ObjectProperty,"('http://hl7.org/fhir/Contract.valuedItem.entity', 'ObjectProperty')"
http://hl7.org/fhir/Contract.valuedItem.entityCodeableConcept,http://hl7.org/fhir/,Contract.valuedItem.entityCodeableConcept,ObjectProperty,"('http://hl7.org/fhir/Contract.valuedItem.entityCodeableConcept', 'ObjectProperty')"
http://hl7.org/fhir/Contract.valuedItem.entityReference,http://hl7.org/fhir/,Contract.valuedItem.entityReference,ObjectProperty,"('http://hl7.org/fhir/Contract.valuedItem.entityReference', 'ObjectProperty')"
http://hl7.org/fhir/Contract.valuedItem.factor,http://hl7.org/fhir/,Contract.valuedItem.factor,ObjectProperty,"('http://hl7.org/fhir/Contract.valuedItem.factor', 'ObjectProperty')"
http://hl7.org/fhir/Contract.valuedItem.identifier,http://hl7.org/fhir/,Contract.valuedItem.identifier,ObjectProperty,"('http://hl7.org/fhir/Contract.valuedItem.identifier', 'ObjectProperty')"
http://hl7.org/fhir/Contract.valuedItem.net,http://hl7.org/fhir/,Contract.valuedItem.net,ObjectProperty,"('http://hl7.org/fhir/Contract.valuedItem.net', 'ObjectProperty')"
http://hl7.org/fhir/Contract.valuedItem.points,http://hl7.org/fhir/,Contract.valuedItem.points,ObjectProperty,"('http://hl7.org/fhir/Contract.valuedItem.points', 'ObjectProperty')"
http://hl7.org/fhir/Contract.valuedItem.quantity,http://hl7.org/fhir/,Contract.valuedItem.quantity,ObjectProperty,"('http://hl7.org/fhir/Contract.valuedItem.quantity', 'ObjectProperty')"
http://hl7.org/fhir/Contract.valuedItem.unitPrice,http://hl7.org/fhir/,Contract.valuedItem.unitPrice,ObjectProperty,"('http://hl7.org/fhir/Contract.valuedItem.unitPrice', 'ObjectProperty')"
http://hl7.org/fhir/Contributor.contact,http://hl7.org/fhir/,Contributor.contact,ObjectProperty,"('http://hl7.org/fhir/Contributor.contact', 'ObjectProperty')"
http://hl7.org/fhir/Contributor.name,http://hl7.org/fhir/,Contributor.name,ObjectProperty,"('http://hl7.org/fhir/Contributor.name', 'ObjectProperty')"
http://hl7.org/fhir/Contributor.type,http://hl7.org/fhir/,Contributor.type,ObjectProperty,"('http://hl7.org/fhir/Contributor.type', 'ObjectProperty')"
http://hl7.org/fhir/Coverage.beneficiary,http://hl7.org/fhir/,Coverage.beneficiary,ObjectProperty,"('http://hl7.org/fhir/Coverage.beneficiary', 'ObjectProperty')"
http://hl7.org/fhir/Coverage.contract,http://hl7.org/fhir/,Coverage.contract,ObjectProperty,"('http://hl7.org/fhir/Coverage.contract', 'ObjectProperty')"
http://hl7.org/fhir/Coverage.dependent,http://hl7.org/fhir/,Coverage.dependent,ObjectProperty,"('http://hl7.org/fhir/Coverage.dependent', 'ObjectProperty')"
http://hl7.org/fhir/Coverage.grouping,http://hl7.org/fhir/,Coverage.grouping,ObjectProperty,"('http://hl7.org/fhir/Coverage.grouping', 'ObjectProperty')"
http://hl7.org/fhir/Coverage.grouping.class,http://hl7.org/fhir/,Coverage.grouping.class,ObjectProperty,"('http://hl7.org/fhir/Coverage.grouping.class', 'ObjectProperty')"
http://hl7.org/fhir/Coverage.grouping.classDisplay,http://hl7.org/fhir/,Coverage.grouping.classDisplay,ObjectProperty,"('http://hl7.org/fhir/Coverage.grouping.classDisplay', 'ObjectProperty')"
http://hl7.org/fhir/Coverage.grouping.group,http://hl7.org/fhir/,Coverage.grouping.group,ObjectProperty,"('http://hl7.org/fhir/Coverage.grouping.group', 'ObjectProperty')"
http://hl7.org/fhir/Coverage.grouping.groupDisplay,http://hl7.org/fhir/,Coverage.grouping.groupDisplay,ObjectProperty,"('http://hl7.org/fhir/Coverage.grouping.groupDisplay', 'ObjectProperty')"
http://hl7.org/fhir/Coverage.grouping.plan,http://hl7.org/fhir/,Coverage.grouping.plan,ObjectProperty,"('http://hl7.org/fhir/Coverage.grouping.plan', 'ObjectProperty')"
http://hl7.org/fhir/Coverage.grouping.planDisplay,http://hl7.org/fhir/,Coverage.grouping.planDisplay,ObjectProperty,"('http://hl7.org/fhir/Coverage.grouping.planDisplay', 'ObjectProperty')"
http://hl7.org/fhir/Coverage.grouping.subClass,http://hl7.org/fhir/,Coverage.grouping.subClass,ObjectProperty,"('http://hl7.org/fhir/Coverage.grouping.subClass', 'ObjectProperty')"
http://hl7.org/fhir/Coverage.grouping.subClassDisplay,http://hl7.org/fhir/,Coverage.grouping.subClassDisplay,ObjectProperty,"('http://hl7.org/fhir/Coverage.grouping.subClassDisplay', 'ObjectProperty')"
http://hl7.org/fhir/Coverage.grouping.subGroup,http://hl7.org/fhir/,Coverage.grouping.subGroup,ObjectProperty,"('http://hl7.org/fhir/Coverage.grouping.subGroup', 'ObjectProperty')"
http://hl7.org/fhir/Coverage.grouping.subGroupDisplay,http://hl7.org/fhir/,Coverage.grouping.subGroupDisplay,ObjectProperty,"('http://hl7.org/fhir/Coverage.grouping.subGroupDisplay', 'ObjectProperty')"
http://hl7.org/fhir/Coverage.grouping.subPlan,http://hl7.org/fhir/,Coverage.grouping.subPlan,ObjectProperty,"('http://hl7.org/fhir/Coverage.grouping.subPlan', 'ObjectProperty')"
http://hl7.org/fhir/Coverage.grouping.subPlanDisplay,http://hl7.org/fhir/,Coverage.grouping.subPlanDisplay,ObjectProperty,"('http://hl7.org/fhir/Coverage.grouping.subPlanDisplay', 'ObjectProperty')"
http://hl7.org/fhir/Coverage.identifier,http://hl7.org/fhir/,Coverage.identifier,ObjectProperty,"('http://hl7.org/fhir/Coverage.identifier', 'ObjectProperty')"
http://hl7.org/fhir/Coverage.network,http://hl7.org/fhir/,Coverage.network,ObjectProperty,"('http://hl7.org/fhir/Coverage.network', 'ObjectProperty')"
http://hl7.org/fhir/Coverage.order,http://hl7.org/fhir/,Coverage.order,ObjectProperty,"('http://hl7.org/fhir/Coverage.order', 'ObjectProperty')"
http://hl7.org/fhir/Coverage.payor,http://hl7.org/fhir/,Coverage.payor,ObjectProperty,"('http://hl7.org/fhir/Coverage.payor', 'ObjectProperty')"
http://hl7.org/fhir/Coverage.period,http://hl7.org/fhir/,Coverage.period,ObjectProperty,"('http://hl7.org/fhir/Coverage.period', 'ObjectProperty')"
http://hl7.org/fhir/Coverage.policyHolder,http://hl7.org/fhir/,Coverage.policyHolder,ObjectProperty,"('http://hl7.org/fhir/Coverage.policyHolder', 'ObjectProperty')"
http://hl7.org/fhir/Coverage.relationship,http://hl7.org/fhir/,Coverage.relationship,ObjectProperty,"('http://hl7.org/fhir/Coverage.relationship', 'ObjectProperty')"
http://hl7.org/fhir/Coverage.sequence,http://hl7.org/fhir/,Coverage.sequence,ObjectProperty,"('http://hl7.org/fhir/Coverage.sequence', 'ObjectProperty')"
http://hl7.org/fhir/Coverage.status,http://hl7.org/fhir/,Coverage.status,ObjectProperty,"('http://hl7.org/fhir/Coverage.status', 'ObjectProperty')"
http://hl7.org/fhir/Coverage.subscriber,http://hl7.org/fhir/,Coverage.subscriber,ObjectProperty,"('http://hl7.org/fhir/Coverage.subscriber', 'ObjectProperty')"
http://hl7.org/fhir/Coverage.subscriberId,http://hl7.org/fhir/,Coverage.subscriberId,ObjectProperty,"('http://hl7.org/fhir/Coverage.subscriberId', 'ObjectProperty')"
http://hl7.org/fhir/Coverage.type,http://hl7.org/fhir/,Coverage.type,ObjectProperty,"('http://hl7.org/fhir/Coverage.type', 'ObjectProperty')"
http://hl7.org/fhir/DataElement.contact,http://hl7.org/fhir/,DataElement.contact,ObjectProperty,"('http://hl7.org/fhir/DataElement.contact', 'ObjectProperty')"
http://hl7.org/fhir/DataElement.copyright,http://hl7.org/fhir/,DataElement.copyright,ObjectProperty,"('http://hl7.org/fhir/DataElement.copyright', 'ObjectProperty')"
http://hl7.org/fhir/DataElement.date,http://hl7.org/fhir/,DataElement.date,ObjectProperty,"('http://hl7.org/fhir/DataElement.date', 'ObjectProperty')"
http://hl7.org/fhir/DataElement.element,http://hl7.org/fhir/,DataElement.element,ObjectProperty,"('http://hl7.org/fhir/DataElement.element', 'ObjectProperty')"
http://hl7.org/fhir/DataElement.experimental,http://hl7.org/fhir/,DataElement.experimental,ObjectProperty,"('http://hl7.org/fhir/DataElement.experimental', 'ObjectProperty')"
http://hl7.org/fhir/DataElement.identifier,http://hl7.org/fhir/,DataElement.identifier,ObjectProperty,"('http://hl7.org/fhir/DataElement.identifier', 'ObjectProperty')"
http://hl7.org/fhir/DataElement.jurisdiction,http://hl7.org/fhir/,DataElement.jurisdiction,ObjectProperty,"('http://hl7.org/fhir/DataElement.jurisdiction', 'ObjectProperty')"
http://hl7.org/fhir/DataElement.mapping,http://hl7.org/fhir/,DataElement.mapping,ObjectProperty,"('http://hl7.org/fhir/DataElement.mapping', 'ObjectProperty')"
http://hl7.org/fhir/DataElement.mapping.comment,http://hl7.org/fhir/,DataElement.mapping.comment,ObjectProperty,"('http://hl7.org/fhir/DataElement.mapping.comment', 'ObjectProperty')"
http://hl7.org/fhir/DataElement.mapping.identity,http://hl7.org/fhir/,DataElement.mapping.identity,ObjectProperty,"('http://hl7.org/fhir/DataElement.mapping.identity', 'ObjectProperty')"
http://hl7.org/fhir/DataElement.mapping.name,http://hl7.org/fhir/,DataElement.mapping.name,ObjectProperty,"('http://hl7.org/fhir/DataElement.mapping.name', 'ObjectProperty')"
http://hl7.org/fhir/DataElement.mapping.uri,http://hl7.org/fhir/,DataElement.mapping.uri,ObjectProperty,"('http://hl7.org/fhir/DataElement.mapping.uri', 'ObjectProperty')"
http://hl7.org/fhir/DataElement.name,http://hl7.org/fhir/,DataElement.name,ObjectProperty,"('http://hl7.org/fhir/DataElement.name', 'ObjectProperty')"
http://hl7.org/fhir/DataElement.publisher,http://hl7.org/fhir/,DataElement.publisher,ObjectProperty,"('http://hl7.org/fhir/DataElement.publisher', 'ObjectProperty')"
http://hl7.org/fhir/DataElement.status,http://hl7.org/fhir/,DataElement.status,ObjectProperty,"('http://hl7.org/fhir/DataElement.status', 'ObjectProperty')"
http://hl7.org/fhir/DataElement.stringency,http://hl7.org/fhir/,DataElement.stringency,ObjectProperty,"('http://hl7.org/fhir/DataElement.stringency', 'ObjectProperty')"
http://hl7.org/fhir/DataElement.title,http://hl7.org/fhir/,DataElement.title,ObjectProperty,"('http://hl7.org/fhir/DataElement.title', 'ObjectProperty')"
http://hl7.org/fhir/DataElement.url,http://hl7.org/fhir/,DataElement.url,ObjectProperty,"('http://hl7.org/fhir/DataElement.url', 'ObjectProperty')"
http://hl7.org/fhir/DataElement.useContext,http://hl7.org/fhir/,DataElement.useContext,ObjectProperty,"('http://hl7.org/fhir/DataElement.useContext', 'ObjectProperty')"
http://hl7.org/fhir/DataElement.version,http://hl7.org/fhir/,DataElement.version,ObjectProperty,"('http://hl7.org/fhir/DataElement.version', 'ObjectProperty')"
http://hl7.org/fhir/DataRequirement.codeFilter,http://hl7.org/fhir/,DataRequirement.codeFilter,ObjectProperty,"('http://hl7.org/fhir/DataRequirement.codeFilter', 'ObjectProperty')"
http://hl7.org/fhir/DataRequirement.codeFilter.path,http://hl7.org/fhir/,DataRequirement.codeFilter.path,ObjectProperty,"('http://hl7.org/fhir/DataRequirement.codeFilter.path', 'ObjectProperty')"
http://hl7.org/fhir/DataRequirement.codeFilter.valueCode,http://hl7.org/fhir/,DataRequirement.codeFilter.valueCode,ObjectProperty,"('http://hl7.org/fhir/DataRequirement.codeFilter.valueCode', 'ObjectProperty')"
http://hl7.org/fhir/DataRequirement.codeFilter.valueCodeableConcept,http://hl7.org/fhir/,DataRequirement.codeFilter.valueCodeableConcept,ObjectProperty,"('http://hl7.org/fhir/DataRequirement.codeFilter.valueCodeableConcept', 'ObjectProperty')"
http://hl7.org/fhir/DataRequirement.codeFilter.valueCoding,http://hl7.org/fhir/,DataRequirement.codeFilter.valueCoding,ObjectProperty,"('http://hl7.org/fhir/DataRequirement.codeFilter.valueCoding', 'ObjectProperty')"
http://hl7.org/fhir/DataRequirement.codeFilter.valueSet,http://hl7.org/fhir/,DataRequirement.codeFilter.valueSet,ObjectProperty,"('http://hl7.org/fhir/DataRequirement.codeFilter.valueSet', 'ObjectProperty')"
http://hl7.org/fhir/DataRequirement.codeFilter.valueSetReference,http://hl7.org/fhir/,DataRequirement.codeFilter.valueSetReference,ObjectProperty,"('http://hl7.org/fhir/DataRequirement.codeFilter.valueSetReference', 'ObjectProperty')"
http://hl7.org/fhir/DataRequirement.codeFilter.valueSetString,http://hl7.org/fhir/,DataRequirement.codeFilter.valueSetString,ObjectProperty,"('http://hl7.org/fhir/DataRequirement.codeFilter.valueSetString', 'ObjectProperty')"
http://hl7.org/fhir/DataRequirement.dateFilter,http://hl7.org/fhir/,DataRequirement.dateFilter,ObjectProperty,"('http://hl7.org/fhir/DataRequirement.dateFilter', 'ObjectProperty')"
http://hl7.org/fhir/DataRequirement.dateFilter.path,http://hl7.org/fhir/,DataRequirement.dateFilter.path,ObjectProperty,"('http://hl7.org/fhir/DataRequirement.dateFilter.path', 'ObjectProperty')"
http://hl7.org/fhir/DataRequirement.dateFilter.value,http://hl7.org/fhir/,DataRequirement.dateFilter.value,ObjectProperty,"('http://hl7.org/fhir/DataRequirement.dateFilter.value', 'ObjectProperty')"
http://hl7.org/fhir/DataRequirement.dateFilter.valueDateTime,http://hl7.org/fhir/,DataRequirement.dateFilter.valueDateTime,ObjectProperty,"('http://hl7.org/fhir/DataRequirement.dateFilter.valueDateTime', 'ObjectProperty')"
http://hl7.org/fhir/DataRequirement.dateFilter.valueDuration,http://hl7.org/fhir/,DataRequirement.dateFilter.valueDuration,ObjectProperty,"('http://hl7.org/fhir/DataRequirement.dateFilter.valueDuration', 'ObjectProperty')"
http://hl7.org/fhir/DataRequirement.dateFilter.valuePeriod,http://hl7.org/fhir/,DataRequirement.dateFilter.valuePeriod,ObjectProperty,"('http://hl7.org/fhir/DataRequirement.dateFilter.valuePeriod', 'ObjectProperty')"
http://hl7.org/fhir/DataRequirement.mustSupport,http://hl7.org/fhir/,DataRequirement.mustSupport,ObjectProperty,"('http://hl7.org/fhir/DataRequirement.mustSupport', 'ObjectProperty')"
http://hl7.org/fhir/DataRequirement.profile,http://hl7.org/fhir/,DataRequirement.profile,ObjectProperty,"('http://hl7.org/fhir/DataRequirement.profile', 'ObjectProperty')"
http://hl7.org/fhir/DataRequirement.type,http://hl7.org/fhir/,DataRequirement.type,ObjectProperty,"('http://hl7.org/fhir/DataRequirement.type', 'ObjectProperty')"
http://hl7.org/fhir/DetectedIssue.author,http://hl7.org/fhir/,DetectedIssue.author,ObjectProperty,"('http://hl7.org/fhir/DetectedIssue.author', 'ObjectProperty')"
http://hl7.org/fhir/DetectedIssue.category,http://hl7.org/fhir/,DetectedIssue.category,ObjectProperty,"('http://hl7.org/fhir/DetectedIssue.category', 'ObjectProperty')"
http://hl7.org/fhir/DetectedIssue.date,http://hl7.org/fhir/,DetectedIssue.date,ObjectProperty,"('http://hl7.org/fhir/DetectedIssue.date', 'ObjectProperty')"
http://hl7.org/fhir/DetectedIssue.detail,http://hl7.org/fhir/,DetectedIssue.detail,ObjectProperty,"('http://hl7.org/fhir/DetectedIssue.detail', 'ObjectProperty')"
http://hl7.org/fhir/DetectedIssue.identifier,http://hl7.org/fhir/,DetectedIssue.identifier,ObjectProperty,"('http://hl7.org/fhir/DetectedIssue.identifier', 'ObjectProperty')"
http://hl7.org/fhir/DetectedIssue.implicated,http://hl7.org/fhir/,DetectedIssue.implicated,ObjectProperty,"('http://hl7.org/fhir/DetectedIssue.implicated', 'ObjectProperty')"
http://hl7.org/fhir/DetectedIssue.mitigation,http://hl7.org/fhir/,DetectedIssue.mitigation,ObjectProperty,"('http://hl7.org/fhir/DetectedIssue.mitigation', 'ObjectProperty')"
http://hl7.org/fhir/DetectedIssue.mitigation.action,http://hl7.org/fhir/,DetectedIssue.mitigation.action,ObjectProperty,"('http://hl7.org/fhir/DetectedIssue.mitigation.action', 'ObjectProperty')"
http://hl7.org/fhir/DetectedIssue.mitigation.author,http://hl7.org/fhir/,DetectedIssue.mitigation.author,ObjectProperty,"('http://hl7.org/fhir/DetectedIssue.mitigation.author', 'ObjectProperty')"
http://hl7.org/fhir/DetectedIssue.mitigation.date,http://hl7.org/fhir/,DetectedIssue.mitigation.date,ObjectProperty,"('http://hl7.org/fhir/DetectedIssue.mitigation.date', 'ObjectProperty')"
http://hl7.org/fhir/DetectedIssue.patient,http://hl7.org/fhir/,DetectedIssue.patient,ObjectProperty,"('http://hl7.org/fhir/DetectedIssue.patient', 'ObjectProperty')"
http://hl7.org/fhir/DetectedIssue.reference,http://hl7.org/fhir/,DetectedIssue.reference,ObjectProperty,"('http://hl7.org/fhir/DetectedIssue.reference', 'ObjectProperty')"
http://hl7.org/fhir/DetectedIssue.severity,http://hl7.org/fhir/,DetectedIssue.severity,ObjectProperty,"('http://hl7.org/fhir/DetectedIssue.severity', 'ObjectProperty')"
http://hl7.org/fhir/DetectedIssue.status,http://hl7.org/fhir/,DetectedIssue.status,ObjectProperty,"('http://hl7.org/fhir/DetectedIssue.status', 'ObjectProperty')"
http://hl7.org/fhir/Device.contact,http://hl7.org/fhir/,Device.contact,ObjectProperty,"('http://hl7.org/fhir/Device.contact', 'ObjectProperty')"
http://hl7.org/fhir/Device.identifier,http://hl7.org/fhir/,Device.identifier,ObjectProperty,"('http://hl7.org/fhir/Device.identifier', 'ObjectProperty')"
http://hl7.org/fhir/Device.location,http://hl7.org/fhir/,Device.location,ObjectProperty,"('http://hl7.org/fhir/Device.location', 'ObjectProperty')"
http://hl7.org/fhir/Device.note,http://hl7.org/fhir/,Device.note,ObjectProperty,"('http://hl7.org/fhir/Device.note', 'ObjectProperty')"
http://hl7.org/fhir/Device.owner,http://hl7.org/fhir/,Device.owner,ObjectProperty,"('http://hl7.org/fhir/Device.owner', 'ObjectProperty')"
http://hl7.org/fhir/Device.patient,http://hl7.org/fhir/,Device.patient,ObjectProperty,"('http://hl7.org/fhir/Device.patient', 'ObjectProperty')"
http://hl7.org/fhir/Device.safety,http://hl7.org/fhir/,Device.safety,ObjectProperty,"('http://hl7.org/fhir/Device.safety', 'ObjectProperty')"
http://hl7.org/fhir/Device.udi,http://hl7.org/fhir/,Device.udi,ObjectProperty,"('http://hl7.org/fhir/Device.udi', 'ObjectProperty')"
http://hl7.org/fhir/Device.udi.carrierAIDC,http://hl7.org/fhir/,Device.udi.carrierAIDC,ObjectProperty,"('http://hl7.org/fhir/Device.udi.carrierAIDC', 'ObjectProperty')"
http://hl7.org/fhir/Device.udi.carrierHRF,http://hl7.org/fhir/,Device.udi.carrierHRF,ObjectProperty,"('http://hl7.org/fhir/Device.udi.carrierHRF', 'ObjectProperty')"
http://hl7.org/fhir/Device.udi.deviceIdentifier,http://hl7.org/fhir/,Device.udi.deviceIdentifier,ObjectProperty,"('http://hl7.org/fhir/Device.udi.deviceIdentifier', 'ObjectProperty')"
http://hl7.org/fhir/Device.udi.entryType,http://hl7.org/fhir/,Device.udi.entryType,ObjectProperty,"('http://hl7.org/fhir/Device.udi.entryType', 'ObjectProperty')"
http://hl7.org/fhir/Device.udi.issuer,http://hl7.org/fhir/,Device.udi.issuer,ObjectProperty,"('http://hl7.org/fhir/Device.udi.issuer', 'ObjectProperty')"
http://hl7.org/fhir/Device.udi.jurisdiction,http://hl7.org/fhir/,Device.udi.jurisdiction,ObjectProperty,"('http://hl7.org/fhir/Device.udi.jurisdiction', 'ObjectProperty')"
http://hl7.org/fhir/Device.udi.name,http://hl7.org/fhir/,Device.udi.name,ObjectProperty,"('http://hl7.org/fhir/Device.udi.name', 'ObjectProperty')"
http://hl7.org/fhir/Device.url,http://hl7.org/fhir/,Device.url,ObjectProperty,"('http://hl7.org/fhir/Device.url', 'ObjectProperty')"
http://hl7.org/fhir/DeviceComponent.identifier,http://hl7.org/fhir/,DeviceComponent.identifier,ObjectProperty,"('http://hl7.org/fhir/DeviceComponent.identifier', 'ObjectProperty')"
http://hl7.org/fhir/DeviceComponent.languageCode,http://hl7.org/fhir/,DeviceComponent.languageCode,ObjectProperty,"('http://hl7.org/fhir/DeviceComponent.languageCode', 'ObjectProperty')"
http://hl7.org/fhir/DeviceComponent.lastSystemChange,http://hl7.org/fhir/,DeviceComponent.lastSystemChange,ObjectProperty,"('http://hl7.org/fhir/DeviceComponent.lastSystemChange', 'ObjectProperty')"
http://hl7.org/fhir/DeviceComponent.measurementPrinciple,http://hl7.org/fhir/,DeviceComponent.measurementPrinciple,ObjectProperty,"('http://hl7.org/fhir/DeviceComponent.measurementPrinciple', 'ObjectProperty')"
http://hl7.org/fhir/DeviceComponent.operationalStatus,http://hl7.org/fhir/,DeviceComponent.operationalStatus,ObjectProperty,"('http://hl7.org/fhir/DeviceComponent.operationalStatus', 'ObjectProperty')"
http://hl7.org/fhir/DeviceComponent.parameterGroup,http://hl7.org/fhir/,DeviceComponent.parameterGroup,ObjectProperty,"('http://hl7.org/fhir/DeviceComponent.parameterGroup', 'ObjectProperty')"
http://hl7.org/fhir/DeviceComponent.parent,http://hl7.org/fhir/,DeviceComponent.parent,ObjectProperty,"('http://hl7.org/fhir/DeviceComponent.parent', 'ObjectProperty')"
http://hl7.org/fhir/DeviceComponent.productionSpecification,http://hl7.org/fhir/,DeviceComponent.productionSpecification,ObjectProperty,"('http://hl7.org/fhir/DeviceComponent.productionSpecification', 'ObjectProperty')"
http://hl7.org/fhir/DeviceComponent.productionSpecification.componentId,http://hl7.org/fhir/,DeviceComponent.productionSpecification.componentId,ObjectProperty,"('http://hl7.org/fhir/DeviceComponent.productionSpecification.componentId', 'ObjectProperty')"
http://hl7.org/fhir/DeviceComponent.productionSpecification.productionSpec,http://hl7.org/fhir/,DeviceComponent.productionSpecification.productionSpec,ObjectProperty,"('http://hl7.org/fhir/DeviceComponent.productionSpecification.productionSpec', 'ObjectProperty')"
http://hl7.org/fhir/DeviceComponent.productionSpecification.specType,http://hl7.org/fhir/,DeviceComponent.productionSpecification.specType,ObjectProperty,"('http://hl7.org/fhir/DeviceComponent.productionSpecification.specType', 'ObjectProperty')"
http://hl7.org/fhir/DeviceComponent.source,http://hl7.org/fhir/,DeviceComponent.source,ObjectProperty,"('http://hl7.org/fhir/DeviceComponent.source', 'ObjectProperty')"
http://hl7.org/fhir/DeviceComponent.type,http://hl7.org/fhir/,DeviceComponent.type,ObjectProperty,"('http://hl7.org/fhir/DeviceComponent.type', 'ObjectProperty')"
http://hl7.org/fhir/DeviceMetric.calibration,http://hl7.org/fhir/,DeviceMetric.calibration,ObjectProperty,"('http://hl7.org/fhir/DeviceMetric.calibration', 'ObjectProperty')"
http://hl7.org/fhir/DeviceMetric.calibration.state,http://hl7.org/fhir/,DeviceMetric.calibration.state,ObjectProperty,"('http://hl7.org/fhir/DeviceMetric.calibration.state', 'ObjectProperty')"
http://hl7.org/fhir/DeviceMetric.calibration.time,http://hl7.org/fhir/,DeviceMetric.calibration.time,ObjectProperty,"('http://hl7.org/fhir/DeviceMetric.calibration.time', 'ObjectProperty')"
http://hl7.org/fhir/DeviceMetric.calibration.type,http://hl7.org/fhir/,DeviceMetric.calibration.type,ObjectProperty,"('http://hl7.org/fhir/DeviceMetric.calibration.type', 'ObjectProperty')"
http://hl7.org/fhir/DeviceMetric.category,http://hl7.org/fhir/,DeviceMetric.category,ObjectProperty,"('http://hl7.org/fhir/DeviceMetric.category', 'ObjectProperty')"
http://hl7.org/fhir/DeviceMetric.color,http://hl7.org/fhir/,DeviceMetric.color,ObjectProperty,"('http://hl7.org/fhir/DeviceMetric.color', 'ObjectProperty')"
http://hl7.org/fhir/DeviceMetric.identifier,http://hl7.org/fhir/,DeviceMetric.identifier,ObjectProperty,"('http://hl7.org/fhir/DeviceMetric.identifier', 'ObjectProperty')"
http://hl7.org/fhir/DeviceMetric.measurementPeriod,http://hl7.org/fhir/,DeviceMetric.measurementPeriod,ObjectProperty,"('http://hl7.org/fhir/DeviceMetric.measurementPeriod', 'ObjectProperty')"
http://hl7.org/fhir/DeviceMetric.operationalStatus,http://hl7.org/fhir/,DeviceMetric.operationalStatus,ObjectProperty,"('http://hl7.org/fhir/DeviceMetric.operationalStatus', 'ObjectProperty')"
http://hl7.org/fhir/DeviceMetric.parent,http://hl7.org/fhir/,DeviceMetric.parent,ObjectProperty,"('http://hl7.org/fhir/DeviceMetric.parent', 'ObjectProperty')"
http://hl7.org/fhir/DeviceMetric.source,http://hl7.org/fhir/,DeviceMetric.source,ObjectProperty,"('http://hl7.org/fhir/DeviceMetric.source', 'ObjectProperty')"
http://hl7.org/fhir/DeviceMetric.type,http://hl7.org/fhir/,DeviceMetric.type,ObjectProperty,"('http://hl7.org/fhir/DeviceMetric.type', 'ObjectProperty')"
http://hl7.org/fhir/DeviceMetric.unit,http://hl7.org/fhir/,DeviceMetric.unit,ObjectProperty,"('http://hl7.org/fhir/DeviceMetric.unit', 'ObjectProperty')"
http://hl7.org/fhir/DeviceRequest.authoredOn,http://hl7.org/fhir/,DeviceRequest.authoredOn,ObjectProperty,"('http://hl7.org/fhir/DeviceRequest.authoredOn', 'ObjectProperty')"
http://hl7.org/fhir/DeviceRequest.basedOn,http://hl7.org/fhir/,DeviceRequest.basedOn,ObjectProperty,"('http://hl7.org/fhir/DeviceRequest.basedOn', 'ObjectProperty')"
http://hl7.org/fhir/DeviceRequest.code,http://hl7.org/fhir/,DeviceRequest.code,ObjectProperty,"('http://hl7.org/fhir/DeviceRequest.code', 'ObjectProperty')"
http://hl7.org/fhir/DeviceRequest.codeCodeableConcept,http://hl7.org/fhir/,DeviceRequest.codeCodeableConcept,ObjectProperty,"('http://hl7.org/fhir/DeviceRequest.codeCodeableConcept', 'ObjectProperty')"
http://hl7.org/fhir/DeviceRequest.codeReference,http://hl7.org/fhir/,DeviceRequest.codeReference,ObjectProperty,"('http://hl7.org/fhir/DeviceRequest.codeReference', 'ObjectProperty')"
http://hl7.org/fhir/DeviceRequest.context,http://hl7.org/fhir/,DeviceRequest.context,ObjectProperty,"('http://hl7.org/fhir/DeviceRequest.context', 'ObjectProperty')"
http://hl7.org/fhir/DeviceRequest.definition,http://hl7.org/fhir/,DeviceRequest.definition,ObjectProperty,"('http://hl7.org/fhir/DeviceRequest.definition', 'ObjectProperty')"
http://hl7.org/fhir/DeviceRequest.groupIdentifier,http://hl7.org/fhir/,DeviceRequest.groupIdentifier,ObjectProperty,"('http://hl7.org/fhir/DeviceRequest.groupIdentifier', 'ObjectProperty')"
http://hl7.org/fhir/DeviceRequest.identifier,http://hl7.org/fhir/,DeviceRequest.identifier,ObjectProperty,"('http://hl7.org/fhir/DeviceRequest.identifier', 'ObjectProperty')"
http://hl7.org/fhir/DeviceRequest.intent,http://hl7.org/fhir/,DeviceRequest.intent,ObjectProperty,"('http://hl7.org/fhir/DeviceRequest.intent', 'ObjectProperty')"
http://hl7.org/fhir/DeviceRequest.note,http://hl7.org/fhir/,DeviceRequest.note,ObjectProperty,"('http://hl7.org/fhir/DeviceRequest.note', 'ObjectProperty')"
http://hl7.org/fhir/DeviceRequest.occurrence,http://hl7.org/fhir/,DeviceRequest.occurrence,ObjectProperty,"('http://hl7.org/fhir/DeviceRequest.occurrence', 'ObjectProperty')"
http://hl7.org/fhir/DeviceRequest.occurrenceDateTime,http://hl7.org/fhir/,DeviceRequest.occurrenceDateTime,ObjectProperty,"('http://hl7.org/fhir/DeviceRequest.occurrenceDateTime', 'ObjectProperty')"
http://hl7.org/fhir/DeviceRequest.occurrencePeriod,http://hl7.org/fhir/,DeviceRequest.occurrencePeriod,ObjectProperty,"('http://hl7.org/fhir/DeviceRequest.occurrencePeriod', 'ObjectProperty')"
http://hl7.org/fhir/DeviceRequest.occurrenceTiming,http://hl7.org/fhir/,DeviceRequest.occurrenceTiming,ObjectProperty,"('http://hl7.org/fhir/DeviceRequest.occurrenceTiming', 'ObjectProperty')"
http://hl7.org/fhir/DeviceRequest.performer,http://hl7.org/fhir/,DeviceRequest.performer,ObjectProperty,"('http://hl7.org/fhir/DeviceRequest.performer', 'ObjectProperty')"
http://hl7.org/fhir/DeviceRequest.performerType,http://hl7.org/fhir/,DeviceRequest.performerType,ObjectProperty,"('http://hl7.org/fhir/DeviceRequest.performerType', 'ObjectProperty')"
http://hl7.org/fhir/DeviceRequest.priorRequest,http://hl7.org/fhir/,DeviceRequest.priorRequest,ObjectProperty,"('http://hl7.org/fhir/DeviceRequest.priorRequest', 'ObjectProperty')"
http://hl7.org/fhir/DeviceRequest.priority,http://hl7.org/fhir/,DeviceRequest.priority,ObjectProperty,"('http://hl7.org/fhir/DeviceRequest.priority', 'ObjectProperty')"
http://hl7.org/fhir/DeviceRequest.reasonCode,http://hl7.org/fhir/,DeviceRequest.reasonCode,ObjectProperty,"('http://hl7.org/fhir/DeviceRequest.reasonCode', 'ObjectProperty')"
http://hl7.org/fhir/DeviceRequest.reasonReference,http://hl7.org/fhir/,DeviceRequest.reasonReference,ObjectProperty,"('http://hl7.org/fhir/DeviceRequest.reasonReference', 'ObjectProperty')"
http://hl7.org/fhir/DeviceRequest.relevantHistory,http://hl7.org/fhir/,DeviceRequest.relevantHistory,ObjectProperty,"('http://hl7.org/fhir/DeviceRequest.relevantHistory', 'ObjectProperty')"
http://hl7.org/fhir/DeviceRequest.requester,http://hl7.org/fhir/,DeviceRequest.requester,ObjectProperty,"('http://hl7.org/fhir/DeviceRequest.requester', 'ObjectProperty')"
http://hl7.org/fhir/DeviceRequest.requester.agent,http://hl7.org/fhir/,DeviceRequest.requester.agent,ObjectProperty,"('http://hl7.org/fhir/DeviceRequest.requester.agent', 'ObjectProperty')"
http://hl7.org/fhir/DeviceRequest.requester.onBehalfOf,http://hl7.org/fhir/,DeviceRequest.requester.onBehalfOf,ObjectProperty,"('http://hl7.org/fhir/DeviceRequest.requester.onBehalfOf', 'ObjectProperty')"
http://hl7.org/fhir/DeviceRequest.status,http://hl7.org/fhir/,DeviceRequest.status,ObjectProperty,"('http://hl7.org/fhir/DeviceRequest.status', 'ObjectProperty')"
http://hl7.org/fhir/DeviceRequest.subject,http://hl7.org/fhir/,DeviceRequest.subject,ObjectProperty,"('http://hl7.org/fhir/DeviceRequest.subject', 'ObjectProperty')"
http://hl7.org/fhir/DeviceRequest.supportingInfo,http://hl7.org/fhir/,DeviceRequest.supportingInfo,ObjectProperty,"('http://hl7.org/fhir/DeviceRequest.supportingInfo', 'ObjectProperty')"
http://hl7.org/fhir/DeviceUseStatement.bodySite,http://hl7.org/fhir/,DeviceUseStatement.bodySite,ObjectProperty,"('http://hl7.org/fhir/DeviceUseStatement.bodySite', 'ObjectProperty')"
http://hl7.org/fhir/DeviceUseStatement.device,http://hl7.org/fhir/,DeviceUseStatement.device,ObjectProperty,"('http://hl7.org/fhir/DeviceUseStatement.device', 'ObjectProperty')"
http://hl7.org/fhir/DeviceUseStatement.identifier,http://hl7.org/fhir/,DeviceUseStatement.identifier,ObjectProperty,"('http://hl7.org/fhir/DeviceUseStatement.identifier', 'ObjectProperty')"
http://hl7.org/fhir/DeviceUseStatement.indication,http://hl7.org/fhir/,DeviceUseStatement.indication,ObjectProperty,"('http://hl7.org/fhir/DeviceUseStatement.indication', 'ObjectProperty')"
http://hl7.org/fhir/DeviceUseStatement.note,http://hl7.org/fhir/,DeviceUseStatement.note,ObjectProperty,"('http://hl7.org/fhir/DeviceUseStatement.note', 'ObjectProperty')"
http://hl7.org/fhir/DeviceUseStatement.recordedOn,http://hl7.org/fhir/,DeviceUseStatement.recordedOn,ObjectProperty,"('http://hl7.org/fhir/DeviceUseStatement.recordedOn', 'ObjectProperty')"
http://hl7.org/fhir/DeviceUseStatement.source,http://hl7.org/fhir/,DeviceUseStatement.source,ObjectProperty,"('http://hl7.org/fhir/DeviceUseStatement.source', 'ObjectProperty')"
http://hl7.org/fhir/DeviceUseStatement.status,http://hl7.org/fhir/,DeviceUseStatement.status,ObjectProperty,"('http://hl7.org/fhir/DeviceUseStatement.status', 'ObjectProperty')"
http://hl7.org/fhir/DeviceUseStatement.subject,http://hl7.org/fhir/,DeviceUseStatement.subject,ObjectProperty,"('http://hl7.org/fhir/DeviceUseStatement.subject', 'ObjectProperty')"
http://hl7.org/fhir/DeviceUseStatement.timing,http://hl7.org/fhir/,DeviceUseStatement.timing,ObjectProperty,"('http://hl7.org/fhir/DeviceUseStatement.timing', 'ObjectProperty')"
http://hl7.org/fhir/DeviceUseStatement.timingDateTime,http://hl7.org/fhir/,DeviceUseStatement.timingDateTime,ObjectProperty,"('http://hl7.org/fhir/DeviceUseStatement.timingDateTime', 'ObjectProperty')"
http://hl7.org/fhir/DeviceUseStatement.timingPeriod,http://hl7.org/fhir/,DeviceUseStatement.timingPeriod,ObjectProperty,"('http://hl7.org/fhir/DeviceUseStatement.timingPeriod', 'ObjectProperty')"
http://hl7.org/fhir/DeviceUseStatement.timingTiming,http://hl7.org/fhir/,DeviceUseStatement.timingTiming,ObjectProperty,"('http://hl7.org/fhir/DeviceUseStatement.timingTiming', 'ObjectProperty')"
http://hl7.org/fhir/DeviceUseStatement.whenUsed,http://hl7.org/fhir/,DeviceUseStatement.whenUsed,ObjectProperty,"('http://hl7.org/fhir/DeviceUseStatement.whenUsed', 'ObjectProperty')"
http://hl7.org/fhir/DiagnosticReport.basedOn,http://hl7.org/fhir/,DiagnosticReport.basedOn,ObjectProperty,"('http://hl7.org/fhir/DiagnosticReport.basedOn', 'ObjectProperty')"
http://hl7.org/fhir/DiagnosticReport.category,http://hl7.org/fhir/,DiagnosticReport.category,ObjectProperty,"('http://hl7.org/fhir/DiagnosticReport.category', 'ObjectProperty')"
http://hl7.org/fhir/DiagnosticReport.code,http://hl7.org/fhir/,DiagnosticReport.code,ObjectProperty,"('http://hl7.org/fhir/DiagnosticReport.code', 'ObjectProperty')"
http://hl7.org/fhir/DiagnosticReport.codedDiagnosis,http://hl7.org/fhir/,DiagnosticReport.codedDiagnosis,ObjectProperty,"('http://hl7.org/fhir/DiagnosticReport.codedDiagnosis', 'ObjectProperty')"
http://hl7.org/fhir/DiagnosticReport.conclusion,http://hl7.org/fhir/,DiagnosticReport.conclusion,ObjectProperty,"('http://hl7.org/fhir/DiagnosticReport.conclusion', 'ObjectProperty')"
http://hl7.org/fhir/DiagnosticReport.context,http://hl7.org/fhir/,DiagnosticReport.context,ObjectProperty,"('http://hl7.org/fhir/DiagnosticReport.context', 'ObjectProperty')"
http://hl7.org/fhir/DiagnosticReport.effective,http://hl7.org/fhir/,DiagnosticReport.effective,ObjectProperty,"('http://hl7.org/fhir/DiagnosticReport.effective', 'ObjectProperty')"
http://hl7.org/fhir/DiagnosticReport.effectiveDateTime,http://hl7.org/fhir/,DiagnosticReport.effectiveDateTime,ObjectProperty,"('http://hl7.org/fhir/DiagnosticReport.effectiveDateTime', 'ObjectProperty')"
http://hl7.org/fhir/DiagnosticReport.effectivePeriod,http://hl7.org/fhir/,DiagnosticReport.effectivePeriod,ObjectProperty,"('http://hl7.org/fhir/DiagnosticReport.effectivePeriod', 'ObjectProperty')"
http://hl7.org/fhir/DiagnosticReport.identifier,http://hl7.org/fhir/,DiagnosticReport.identifier,ObjectProperty,"('http://hl7.org/fhir/DiagnosticReport.identifier', 'ObjectProperty')"
http://hl7.org/fhir/DiagnosticReport.image,http://hl7.org/fhir/,DiagnosticReport.image,ObjectProperty,"('http://hl7.org/fhir/DiagnosticReport.image', 'ObjectProperty')"
http://hl7.org/fhir/DiagnosticReport.image.comment,http://hl7.org/fhir/,DiagnosticReport.image.comment,ObjectProperty,"('http://hl7.org/fhir/DiagnosticReport.image.comment', 'ObjectProperty')"
http://hl7.org/fhir/DiagnosticReport.image.link,http://hl7.org/fhir/,DiagnosticReport.image.link,ObjectProperty,"('http://hl7.org/fhir/DiagnosticReport.image.link', 'ObjectProperty')"
http://hl7.org/fhir/DiagnosticReport.imagingStudy,http://hl7.org/fhir/,DiagnosticReport.imagingStudy,ObjectProperty,"('http://hl7.org/fhir/DiagnosticReport.imagingStudy', 'ObjectProperty')"
http://hl7.org/fhir/DiagnosticReport.issued,http://hl7.org/fhir/,DiagnosticReport.issued,ObjectProperty,"('http://hl7.org/fhir/DiagnosticReport.issued', 'ObjectProperty')"
http://hl7.org/fhir/DiagnosticReport.performer,http://hl7.org/fhir/,DiagnosticReport.performer,ObjectProperty,"('http://hl7.org/fhir/DiagnosticReport.performer', 'ObjectProperty')"
http://hl7.org/fhir/DiagnosticReport.performer.actor,http://hl7.org/fhir/,DiagnosticReport.performer.actor,ObjectProperty,"('http://hl7.org/fhir/DiagnosticReport.performer.actor', 'ObjectProperty')"
http://hl7.org/fhir/DiagnosticReport.performer.role,http://hl7.org/fhir/,DiagnosticReport.performer.role,ObjectProperty,"('http://hl7.org/fhir/DiagnosticReport.performer.role', 'ObjectProperty')"
http://hl7.org/fhir/DiagnosticReport.presentedForm,http://hl7.org/fhir/,DiagnosticReport.presentedForm,ObjectProperty,"('http://hl7.org/fhir/DiagnosticReport.presentedForm', 'ObjectProperty')"
http://hl7.org/fhir/DiagnosticReport.result,http://hl7.org/fhir/,DiagnosticReport.result,ObjectProperty,"('http://hl7.org/fhir/DiagnosticReport.result', 'ObjectProperty')"
http://hl7.org/fhir/DiagnosticReport.specimen,http://hl7.org/fhir/,DiagnosticReport.specimen,ObjectProperty,"('http://hl7.org/fhir/DiagnosticReport.specimen', 'ObjectProperty')"
http://hl7.org/fhir/DiagnosticReport.status,http://hl7.org/fhir/,DiagnosticReport.status,ObjectProperty,"('http://hl7.org/fhir/DiagnosticReport.status', 'ObjectProperty')"
http://hl7.org/fhir/DiagnosticReport.subject,http://hl7.org/fhir/,DiagnosticReport.subject,ObjectProperty,"('http://hl7.org/fhir/DiagnosticReport.subject', 'ObjectProperty')"
http://hl7.org/fhir/DocumentManifest.author,http://hl7.org/fhir/,DocumentManifest.author,ObjectProperty,"('http://hl7.org/fhir/DocumentManifest.author', 'ObjectProperty')"
http://hl7.org/fhir/DocumentManifest.content,http://hl7.org/fhir/,DocumentManifest.content,ObjectProperty,"('http://hl7.org/fhir/DocumentManifest.content', 'ObjectProperty')"
http://hl7.org/fhir/DocumentManifest.content.p,http://hl7.org/fhir/,DocumentManifest.content.p,ObjectProperty,"('http://hl7.org/fhir/DocumentManifest.content.p', 'ObjectProperty')"
http://hl7.org/fhir/DocumentManifest.content.pAttachment,http://hl7.org/fhir/,DocumentManifest.content.pAttachment,ObjectProperty,"('http://hl7.org/fhir/DocumentManifest.content.pAttachment', 'ObjectProperty')"
http://hl7.org/fhir/DocumentManifest.content.pReference,http://hl7.org/fhir/,DocumentManifest.content.pReference,ObjectProperty,"('http://hl7.org/fhir/DocumentManifest.content.pReference', 'ObjectProperty')"
http://hl7.org/fhir/DocumentManifest.created,http://hl7.org/fhir/,DocumentManifest.created,ObjectProperty,"('http://hl7.org/fhir/DocumentManifest.created', 'ObjectProperty')"
http://hl7.org/fhir/DocumentManifest.description,http://hl7.org/fhir/,DocumentManifest.description,ObjectProperty,"('http://hl7.org/fhir/DocumentManifest.description', 'ObjectProperty')"
http://hl7.org/fhir/DocumentManifest.identifier,http://hl7.org/fhir/,DocumentManifest.identifier,ObjectProperty,"('http://hl7.org/fhir/DocumentManifest.identifier', 'ObjectProperty')"
http://hl7.org/fhir/DocumentManifest.masterIdentifier,http://hl7.org/fhir/,DocumentManifest.masterIdentifier,ObjectProperty,"('http://hl7.org/fhir/DocumentManifest.masterIdentifier', 'ObjectProperty')"
http://hl7.org/fhir/DocumentManifest.recipient,http://hl7.org/fhir/,DocumentManifest.recipient,ObjectProperty,"('http://hl7.org/fhir/DocumentManifest.recipient', 'ObjectProperty')"
http://hl7.org/fhir/DocumentManifest.related,http://hl7.org/fhir/,DocumentManifest.related,ObjectProperty,"('http://hl7.org/fhir/DocumentManifest.related', 'ObjectProperty')"
http://hl7.org/fhir/DocumentManifest.related.identifier,http://hl7.org/fhir/,DocumentManifest.related.identifier,ObjectProperty,"('http://hl7.org/fhir/DocumentManifest.related.identifier', 'ObjectProperty')"
http://hl7.org/fhir/DocumentManifest.related.ref,http://hl7.org/fhir/,DocumentManifest.related.ref,ObjectProperty,"('http://hl7.org/fhir/DocumentManifest.related.ref', 'ObjectProperty')"
http://hl7.org/fhir/DocumentManifest.source,http://hl7.org/fhir/,DocumentManifest.source,ObjectProperty,"('http://hl7.org/fhir/DocumentManifest.source', 'ObjectProperty')"
http://hl7.org/fhir/DocumentManifest.status,http://hl7.org/fhir/,DocumentManifest.status,ObjectProperty,"('http://hl7.org/fhir/DocumentManifest.status', 'ObjectProperty')"
http://hl7.org/fhir/DocumentManifest.subject,http://hl7.org/fhir/,DocumentManifest.subject,ObjectProperty,"('http://hl7.org/fhir/DocumentManifest.subject', 'ObjectProperty')"
http://hl7.org/fhir/DocumentManifest.type,http://hl7.org/fhir/,DocumentManifest.type,ObjectProperty,"('http://hl7.org/fhir/DocumentManifest.type', 'ObjectProperty')"
http://hl7.org/fhir/DocumentReference.authenticator,http://hl7.org/fhir/,DocumentReference.authenticator,ObjectProperty,"('http://hl7.org/fhir/DocumentReference.authenticator', 'ObjectProperty')"
http://hl7.org/fhir/DocumentReference.author,http://hl7.org/fhir/,DocumentReference.author,ObjectProperty,"('http://hl7.org/fhir/DocumentReference.author', 'ObjectProperty')"
http://hl7.org/fhir/DocumentReference.class,http://hl7.org/fhir/,DocumentReference.class,ObjectProperty,"('http://hl7.org/fhir/DocumentReference.class', 'ObjectProperty')"
http://hl7.org/fhir/DocumentReference.content,http://hl7.org/fhir/,DocumentReference.content,ObjectProperty,"('http://hl7.org/fhir/DocumentReference.content', 'ObjectProperty')"
http://hl7.org/fhir/DocumentReference.content.attachment,http://hl7.org/fhir/,DocumentReference.content.attachment,ObjectProperty,"('http://hl7.org/fhir/DocumentReference.content.attachment', 'ObjectProperty')"
http://hl7.org/fhir/DocumentReference.content.format,http://hl7.org/fhir/,DocumentReference.content.format,ObjectProperty,"('http://hl7.org/fhir/DocumentReference.content.format', 'ObjectProperty')"
http://hl7.org/fhir/DocumentReference.context,http://hl7.org/fhir/,DocumentReference.context,ObjectProperty,"('http://hl7.org/fhir/DocumentReference.context', 'ObjectProperty')"
http://hl7.org/fhir/DocumentReference.context.encounter,http://hl7.org/fhir/,DocumentReference.context.encounter,ObjectProperty,"('http://hl7.org/fhir/DocumentReference.context.encounter', 'ObjectProperty')"
http://hl7.org/fhir/DocumentReference.context.event,http://hl7.org/fhir/,DocumentReference.context.event,ObjectProperty,"('http://hl7.org/fhir/DocumentReference.context.event', 'ObjectProperty')"
http://hl7.org/fhir/DocumentReference.context.facilityType,http://hl7.org/fhir/,DocumentReference.context.facilityType,ObjectProperty,"('http://hl7.org/fhir/DocumentReference.context.facilityType', 'ObjectProperty')"
http://hl7.org/fhir/DocumentReference.context.period,http://hl7.org/fhir/,DocumentReference.context.period,ObjectProperty,"('http://hl7.org/fhir/DocumentReference.context.period', 'ObjectProperty')"
http://hl7.org/fhir/DocumentReference.context.practiceSetting,http://hl7.org/fhir/,DocumentReference.context.practiceSetting,ObjectProperty,"('http://hl7.org/fhir/DocumentReference.context.practiceSetting', 'ObjectProperty')"
http://hl7.org/fhir/DocumentReference.context.related,http://hl7.org/fhir/,DocumentReference.context.related,ObjectProperty,"('http://hl7.org/fhir/DocumentReference.context.related', 'ObjectProperty')"
http://hl7.org/fhir/DocumentReference.context.related.identifier,http://hl7.org/fhir/,DocumentReference.context.related.identifier,ObjectProperty,"('http://hl7.org/fhir/DocumentReference.context.related.identifier', 'ObjectProperty')"
http://hl7.org/fhir/DocumentReference.context.related.ref,http://hl7.org/fhir/,DocumentReference.context.related.ref,ObjectProperty,"('http://hl7.org/fhir/DocumentReference.context.related.ref', 'ObjectProperty')"
http://hl7.org/fhir/DocumentReference.context.sourcePatientInfo,http://hl7.org/fhir/,DocumentReference.context.sourcePatientInfo,ObjectProperty,"('http://hl7.org/fhir/DocumentReference.context.sourcePatientInfo', 'ObjectProperty')"
http://hl7.org/fhir/DocumentReference.created,http://hl7.org/fhir/,DocumentReference.created,ObjectProperty,"('http://hl7.org/fhir/DocumentReference.created', 'ObjectProperty')"
http://hl7.org/fhir/DocumentReference.custodian,http://hl7.org/fhir/,DocumentReference.custodian,ObjectProperty,"('http://hl7.org/fhir/DocumentReference.custodian', 'ObjectProperty')"
http://hl7.org/fhir/DocumentReference.description,http://hl7.org/fhir/,DocumentReference.description,ObjectProperty,"('http://hl7.org/fhir/DocumentReference.description', 'ObjectProperty')"
http://hl7.org/fhir/DocumentReference.docStatus,http://hl7.org/fhir/,DocumentReference.docStatus,ObjectProperty,"('http://hl7.org/fhir/DocumentReference.docStatus', 'ObjectProperty')"
http://hl7.org/fhir/DocumentReference.identifier,http://hl7.org/fhir/,DocumentReference.identifier,ObjectProperty,"('http://hl7.org/fhir/DocumentReference.identifier', 'ObjectProperty')"
http://hl7.org/fhir/DocumentReference.indexed,http://hl7.org/fhir/,DocumentReference.indexed,ObjectProperty,"('http://hl7.org/fhir/DocumentReference.indexed', 'ObjectProperty')"
http://hl7.org/fhir/DocumentReference.masterIdentifier,http://hl7.org/fhir/,DocumentReference.masterIdentifier,ObjectProperty,"('http://hl7.org/fhir/DocumentReference.masterIdentifier', 'ObjectProperty')"
http://hl7.org/fhir/DocumentReference.relatesTo,http://hl7.org/fhir/,DocumentReference.relatesTo,ObjectProperty,"('http://hl7.org/fhir/DocumentReference.relatesTo', 'ObjectProperty')"
http://hl7.org/fhir/DocumentReference.relatesTo.code,http://hl7.org/fhir/,DocumentReference.relatesTo.code,ObjectProperty,"('http://hl7.org/fhir/DocumentReference.relatesTo.code', 'ObjectProperty')"
http://hl7.org/fhir/DocumentReference.relatesTo.target,http://hl7.org/fhir/,DocumentReference.relatesTo.target,ObjectProperty,"('http://hl7.org/fhir/DocumentReference.relatesTo.target', 'ObjectProperty')"
http://hl7.org/fhir/DocumentReference.securityLabel,http://hl7.org/fhir/,DocumentReference.securityLabel,ObjectProperty,"('http://hl7.org/fhir/DocumentReference.securityLabel', 'ObjectProperty')"
http://hl7.org/fhir/DocumentReference.status,http://hl7.org/fhir/,DocumentReference.status,ObjectProperty,"('http://hl7.org/fhir/DocumentReference.status', 'ObjectProperty')"
http://hl7.org/fhir/DocumentReference.subject,http://hl7.org/fhir/,DocumentReference.subject,ObjectProperty,"('http://hl7.org/fhir/DocumentReference.subject', 'ObjectProperty')"
http://hl7.org/fhir/DocumentReference.type,http://hl7.org/fhir/,DocumentReference.type,ObjectProperty,"('http://hl7.org/fhir/DocumentReference.type', 'ObjectProperty')"
http://hl7.org/fhir/DomainResource.contained,http://hl7.org/fhir/,DomainResource.contained,ObjectProperty,"('http://hl7.org/fhir/DomainResource.contained', 'ObjectProperty')"
http://hl7.org/fhir/DomainResource.extension,http://hl7.org/fhir/,DomainResource.extension,ObjectProperty,"('http://hl7.org/fhir/DomainResource.extension', 'ObjectProperty')"
http://hl7.org/fhir/DomainResource.modifierExtension,http://hl7.org/fhir/,DomainResource.modifierExtension,ObjectProperty,"('http://hl7.org/fhir/DomainResource.modifierExtension', 'ObjectProperty')"
http://hl7.org/fhir/DomainResource.text,http://hl7.org/fhir/,DomainResource.text,ObjectProperty,"('http://hl7.org/fhir/DomainResource.text', 'ObjectProperty')"
http://hl7.org/fhir/Dosage.asNeeded,http://hl7.org/fhir/,Dosage.asNeeded,ObjectProperty,"('http://hl7.org/fhir/Dosage.asNeeded', 'ObjectProperty')"
http://hl7.org/fhir/Dosage.dose,http://hl7.org/fhir/,Dosage.dose,ObjectProperty,"('http://hl7.org/fhir/Dosage.dose', 'ObjectProperty')"
http://hl7.org/fhir/Dosage.rate,http://hl7.org/fhir/,Dosage.rate,ObjectProperty,"('http://hl7.org/fhir/Dosage.rate', 'ObjectProperty')"
http://hl7.org/fhir/Element.extension,http://hl7.org/fhir/,Element.extension,ObjectProperty,"('http://hl7.org/fhir/Element.extension', 'ObjectProperty')"
http://hl7.org/fhir/ElementDefinition.alias,http://hl7.org/fhir/,ElementDefinition.alias,ObjectProperty,"('http://hl7.org/fhir/ElementDefinition.alias', 'ObjectProperty')"
http://hl7.org/fhir/ElementDefinition.base,http://hl7.org/fhir/,ElementDefinition.base,ObjectProperty,"('http://hl7.org/fhir/ElementDefinition.base', 'ObjectProperty')"
http://hl7.org/fhir/ElementDefinition.base.max,http://hl7.org/fhir/,ElementDefinition.base.max,ObjectProperty,"('http://hl7.org/fhir/ElementDefinition.base.max', 'ObjectProperty')"
http://hl7.org/fhir/ElementDefinition.base.min,http://hl7.org/fhir/,ElementDefinition.base.min,ObjectProperty,"('http://hl7.org/fhir/ElementDefinition.base.min', 'ObjectProperty')"
http://hl7.org/fhir/ElementDefinition.base.path,http://hl7.org/fhir/,ElementDefinition.base.path,ObjectProperty,"('http://hl7.org/fhir/ElementDefinition.base.path', 'ObjectProperty')"
http://hl7.org/fhir/ElementDefinition.binding,http://hl7.org/fhir/,ElementDefinition.binding,ObjectProperty,"('http://hl7.org/fhir/ElementDefinition.binding', 'ObjectProperty')"
http://hl7.org/fhir/ElementDefinition.binding.description,http://hl7.org/fhir/,ElementDefinition.binding.description,ObjectProperty,"('http://hl7.org/fhir/ElementDefinition.binding.description', 'ObjectProperty')"
http://hl7.org/fhir/ElementDefinition.binding.strength,http://hl7.org/fhir/,ElementDefinition.binding.strength,ObjectProperty,"('http://hl7.org/fhir/ElementDefinition.binding.strength', 'ObjectProperty')"
http://hl7.org/fhir/ElementDefinition.binding.valueSet,http://hl7.org/fhir/,ElementDefinition.binding.valueSet,ObjectProperty,"('http://hl7.org/fhir/ElementDefinition.binding.valueSet', 'ObjectProperty')"
http://hl7.org/fhir/ElementDefinition.binding.valueSetReference,http://hl7.org/fhir/,ElementDefinition.binding.valueSetReference,ObjectProperty,"('http://hl7.org/fhir/ElementDefinition.binding.valueSetReference', 'ObjectProperty')"
http://hl7.org/fhir/ElementDefinition.binding.valueSetUri,http://hl7.org/fhir/,ElementDefinition.binding.valueSetUri,ObjectProperty,"('http://hl7.org/fhir/ElementDefinition.binding.valueSetUri', 'ObjectProperty')"
http://hl7.org/fhir/ElementDefinition.code,http://hl7.org/fhir/,ElementDefinition.code,ObjectProperty,"('http://hl7.org/fhir/ElementDefinition.code', 'ObjectProperty')"
http://hl7.org/fhir/ElementDefinition.comment,http://hl7.org/fhir/,ElementDefinition.comment,ObjectProperty,"('http://hl7.org/fhir/ElementDefinition.comment', 'ObjectProperty')"
http://hl7.org/fhir/ElementDefinition.condition,http://hl7.org/fhir/,ElementDefinition.condition,ObjectProperty,"('http://hl7.org/fhir/ElementDefinition.condition', 'ObjectProperty')"
http://hl7.org/fhir/ElementDefinition.constraint,http://hl7.org/fhir/,ElementDefinition.constraint,ObjectProperty,"('http://hl7.org/fhir/ElementDefinition.constraint', 'ObjectProperty')"
http://hl7.org/fhir/ElementDefinition.constraint.expression,http://hl7.org/fhir/,ElementDefinition.constraint.expression,ObjectProperty,"('http://hl7.org/fhir/ElementDefinition.constraint.expression', 'ObjectProperty')"
http://hl7.org/fhir/ElementDefinition.constraint.human,http://hl7.org/fhir/,ElementDefinition.constraint.human,ObjectProperty,"('http://hl7.org/fhir/ElementDefinition.constraint.human', 'ObjectProperty')"
http://hl7.org/fhir/ElementDefinition.constraint.key,http://hl7.org/fhir/,ElementDefinition.constraint.key,ObjectProperty,"('http://hl7.org/fhir/ElementDefinition.constraint.key', 'ObjectProperty')"
http://hl7.org/fhir/ElementDefinition.constraint.requirements,http://hl7.org/fhir/,ElementDefinition.constraint.requirements,ObjectProperty,"('http://hl7.org/fhir/ElementDefinition.constraint.requirements', 'ObjectProperty')"
http://hl7.org/fhir/ElementDefinition.constraint.severity,http://hl7.org/fhir/,ElementDefinition.constraint.severity,ObjectProperty,"('http://hl7.org/fhir/ElementDefinition.constraint.severity', 'ObjectProperty')"
http://hl7.org/fhir/ElementDefinition.constraint.source,http://hl7.org/fhir/,ElementDefinition.constraint.source,ObjectProperty,"('http://hl7.org/fhir/ElementDefinition.constraint.source', 'ObjectProperty')"
http://hl7.org/fhir/ElementDefinition.constraint.xpath,http://hl7.org/fhir/,ElementDefinition.constraint.xpath,ObjectProperty,"('http://hl7.org/fhir/ElementDefinition.constraint.xpath', 'ObjectProperty')"
http://hl7.org/fhir/ElementDefinition.contentReference,http://hl7.org/fhir/,ElementDefinition.contentReference,ObjectProperty,"('http://hl7.org/fhir/ElementDefinition.contentReference', 'ObjectProperty')"
http://hl7.org/fhir/ElementDefinition.defaultValue,http://hl7.org/fhir/,ElementDefinition.defaultValue,ObjectProperty,"('http://hl7.org/fhir/ElementDefinition.defaultValue', 'ObjectProperty')"
http://hl7.org/fhir/ElementDefinition.definition,http://hl7.org/fhir/,ElementDefinition.definition,ObjectProperty,"('http://hl7.org/fhir/ElementDefinition.definition', 'ObjectProperty')"
http://hl7.org/fhir/ElementDefinition.example,http://hl7.org/fhir/,ElementDefinition.example,ObjectProperty,"('http://hl7.org/fhir/ElementDefinition.example', 'ObjectProperty')"
http://hl7.org/fhir/ElementDefinition.example.label,http://hl7.org/fhir/,ElementDefinition.example.label,ObjectProperty,"('http://hl7.org/fhir/ElementDefinition.example.label', 'ObjectProperty')"
http://hl7.org/fhir/ElementDefinition.example.value,http://hl7.org/fhir/,ElementDefinition.example.value,ObjectProperty,"('http://hl7.org/fhir/ElementDefinition.example.value', 'ObjectProperty')"
http://hl7.org/fhir/ElementDefinition.fixed,http://hl7.org/fhir/,ElementDefinition.fixed,ObjectProperty,"('http://hl7.org/fhir/ElementDefinition.fixed', 'ObjectProperty')"
http://hl7.org/fhir/ElementDefinition.isModifier,http://hl7.org/fhir/,ElementDefinition.isModifier,ObjectProperty,"('http://hl7.org/fhir/ElementDefinition.isModifier', 'ObjectProperty')"
http://hl7.org/fhir/ElementDefinition.isSummary,http://hl7.org/fhir/,ElementDefinition.isSummary,ObjectProperty,"('http://hl7.org/fhir/ElementDefinition.isSummary', 'ObjectProperty')"
http://hl7.org/fhir/ElementDefinition.label,http://hl7.org/fhir/,ElementDefinition.label,ObjectProperty,"('http://hl7.org/fhir/ElementDefinition.label', 'ObjectProperty')"
http://hl7.org/fhir/ElementDefinition.mapping,http://hl7.org/fhir/,ElementDefinition.mapping,ObjectProperty,"('http://hl7.org/fhir/ElementDefinition.mapping', 'ObjectProperty')"
http://hl7.org/fhir/ElementDefinition.mapping.comment,http://hl7.org/fhir/,ElementDefinition.mapping.comment,ObjectProperty,"('http://hl7.org/fhir/ElementDefinition.mapping.comment', 'ObjectProperty')"
http://hl7.org/fhir/ElementDefinition.mapping.identity,http://hl7.org/fhir/,ElementDefinition.mapping.identity,ObjectProperty,"('http://hl7.org/fhir/ElementDefinition.mapping.identity', 'ObjectProperty')"
http://hl7.org/fhir/ElementDefinition.mapping.language,http://hl7.org/fhir/,ElementDefinition.mapping.language,ObjectProperty,"('http://hl7.org/fhir/ElementDefinition.mapping.language', 'ObjectProperty')"
http://hl7.org/fhir/ElementDefinition.mapping.map,http://hl7.org/fhir/,ElementDefinition.mapping.map,ObjectProperty,"('http://hl7.org/fhir/ElementDefinition.mapping.map', 'ObjectProperty')"
http://hl7.org/fhir/ElementDefinition.max,http://hl7.org/fhir/,ElementDefinition.max,ObjectProperty,"('http://hl7.org/fhir/ElementDefinition.max', 'ObjectProperty')"
http://hl7.org/fhir/ElementDefinition.maxLength,http://hl7.org/fhir/,ElementDefinition.maxLength,ObjectProperty,"('http://hl7.org/fhir/ElementDefinition.maxLength', 'ObjectProperty')"
http://hl7.org/fhir/ElementDefinition.maxValue,http://hl7.org/fhir/,ElementDefinition.maxValue,ObjectProperty,"('http://hl7.org/fhir/ElementDefinition.maxValue', 'ObjectProperty')"
http://hl7.org/fhir/ElementDefinition.maxValueDate,http://hl7.org/fhir/,ElementDefinition.maxValueDate,ObjectProperty,"('http://hl7.org/fhir/ElementDefinition.maxValueDate', 'ObjectProperty')"
http://hl7.org/fhir/ElementDefinition.maxValueDateTime,http://hl7.org/fhir/,ElementDefinition.maxValueDateTime,ObjectProperty,"('http://hl7.org/fhir/ElementDefinition.maxValueDateTime', 'ObjectProperty')"
http://hl7.org/fhir/ElementDefinition.maxValueDecimal,http://hl7.org/fhir/,ElementDefinition.maxValueDecimal,ObjectProperty,"('http://hl7.org/fhir/ElementDefinition.maxValueDecimal', 'ObjectProperty')"
http://hl7.org/fhir/ElementDefinition.maxValueInstant,http://hl7.org/fhir/,ElementDefinition.maxValueInstant,ObjectProperty,"('http://hl7.org/fhir/ElementDefinition.maxValueInstant', 'ObjectProperty')"
http://hl7.org/fhir/ElementDefinition.maxValueInteger,http://hl7.org/fhir/,ElementDefinition.maxValueInteger,ObjectProperty,"('http://hl7.org/fhir/ElementDefinition.maxValueInteger', 'ObjectProperty')"
http://hl7.org/fhir/ElementDefinition.maxValuePositiveInt,http://hl7.org/fhir/,ElementDefinition.maxValuePositiveInt,ObjectProperty,"('http://hl7.org/fhir/ElementDefinition.maxValuePositiveInt', 'ObjectProperty')"
http://hl7.org/fhir/ElementDefinition.maxValueQuantity,http://hl7.org/fhir/,ElementDefinition.maxValueQuantity,ObjectProperty,"('http://hl7.org/fhir/ElementDefinition.maxValueQuantity', 'ObjectProperty')"
http://hl7.org/fhir/ElementDefinition.maxValueTime,http://hl7.org/fhir/,ElementDefinition.maxValueTime,ObjectProperty,"('http://hl7.org/fhir/ElementDefinition.maxValueTime', 'ObjectProperty')"
http://hl7.org/fhir/ElementDefinition.maxValueUnsignedInt,http://hl7.org/fhir/,ElementDefinition.maxValueUnsignedInt,ObjectProperty,"('http://hl7.org/fhir/ElementDefinition.maxValueUnsignedInt', 'ObjectProperty')"
http://hl7.org/fhir/ElementDefinition.meaningWhenMissing,http://hl7.org/fhir/,ElementDefinition.meaningWhenMissing,ObjectProperty,"('http://hl7.org/fhir/ElementDefinition.meaningWhenMissing', 'ObjectProperty')"
http://hl7.org/fhir/ElementDefinition.min,http://hl7.org/fhir/,ElementDefinition.min,ObjectProperty,"('http://hl7.org/fhir/ElementDefinition.min', 'ObjectProperty')"
http://hl7.org/fhir/ElementDefinition.minValue,http://hl7.org/fhir/,ElementDefinition.minValue,ObjectProperty,"('http://hl7.org/fhir/ElementDefinition.minValue', 'ObjectProperty')"
http://hl7.org/fhir/ElementDefinition.minValueDate,http://hl7.org/fhir/,ElementDefinition.minValueDate,ObjectProperty,"('http://hl7.org/fhir/ElementDefinition.minValueDate', 'ObjectProperty')"
http://hl7.org/fhir/ElementDefinition.minValueDateTime,http://hl7.org/fhir/,ElementDefinition.minValueDateTime,ObjectProperty,"('http://hl7.org/fhir/ElementDefinition.minValueDateTime', 'ObjectProperty')"
http://hl7.org/fhir/ElementDefinition.minValueDecimal,http://hl7.org/fhir/,ElementDefinition.minValueDecimal,ObjectProperty,"('http://hl7.org/fhir/ElementDefinition.minValueDecimal', 'ObjectProperty')"
http://hl7.org/fhir/ElementDefinition.minValueInstant,http://hl7.org/fhir/,ElementDefinition.minValueInstant,ObjectProperty,"('http://hl7.org/fhir/ElementDefinition.minValueInstant', 'ObjectProperty')"
http://hl7.org/fhir/ElementDefinition.minValueInteger,http://hl7.org/fhir/,ElementDefinition.minValueInteger,ObjectProperty,"('http://hl7.org/fhir/ElementDefinition.minValueInteger', 'ObjectProperty')"
http://hl7.org/fhir/ElementDefinition.minValuePositiveInt,http://hl7.org/fhir/,ElementDefinition.minValuePositiveInt,ObjectProperty,"('http://hl7.org/fhir/ElementDefinition.minValuePositiveInt', 'ObjectProperty')"
http://hl7.org/fhir/ElementDefinition.minValueQuantity,http://hl7.org/fhir/,ElementDefinition.minValueQuantity,ObjectProperty,"('http://hl7.org/fhir/ElementDefinition.minValueQuantity', 'ObjectProperty')"
http://hl7.org/fhir/ElementDefinition.minValueTime,http://hl7.org/fhir/,ElementDefinition.minValueTime,ObjectProperty,"('http://hl7.org/fhir/ElementDefinition.minValueTime', 'ObjectProperty')"
http://hl7.org/fhir/ElementDefinition.minValueUnsignedInt,http://hl7.org/fhir/,ElementDefinition.minValueUnsignedInt,ObjectProperty,"('http://hl7.org/fhir/ElementDefinition.minValueUnsignedInt', 'ObjectProperty')"
http://hl7.org/fhir/ElementDefinition.mustSupport,http://hl7.org/fhir/,ElementDefinition.mustSupport,ObjectProperty,"('http://hl7.org/fhir/ElementDefinition.mustSupport', 'ObjectProperty')"
http://hl7.org/fhir/ElementDefinition.orderMeaning,http://hl7.org/fhir/,ElementDefinition.orderMeaning,ObjectProperty,"('http://hl7.org/fhir/ElementDefinition.orderMeaning', 'ObjectProperty')"
http://hl7.org/fhir/ElementDefinition.path,http://hl7.org/fhir/,ElementDefinition.path,ObjectProperty,"('http://hl7.org/fhir/ElementDefinition.path', 'ObjectProperty')"
http://hl7.org/fhir/ElementDefinition.pattern,http://hl7.org/fhir/,ElementDefinition.pattern,ObjectProperty,"('http://hl7.org/fhir/ElementDefinition.pattern', 'ObjectProperty')"
http://hl7.org/fhir/ElementDefinition.representation,http://hl7.org/fhir/,ElementDefinition.representation,ObjectProperty,"('http://hl7.org/fhir/ElementDefinition.representation', 'ObjectProperty')"
http://hl7.org/fhir/ElementDefinition.requirements,http://hl7.org/fhir/,ElementDefinition.requirements,ObjectProperty,"('http://hl7.org/fhir/ElementDefinition.requirements', 'ObjectProperty')"
http://hl7.org/fhir/ElementDefinition.short,http://hl7.org/fhir/,ElementDefinition.short,ObjectProperty,"('http://hl7.org/fhir/ElementDefinition.short', 'ObjectProperty')"
http://hl7.org/fhir/ElementDefinition.sliceName,http://hl7.org/fhir/,ElementDefinition.sliceName,ObjectProperty,"('http://hl7.org/fhir/ElementDefinition.sliceName', 'ObjectProperty')"
http://hl7.org/fhir/ElementDefinition.slicing,http://hl7.org/fhir/,ElementDefinition.slicing,ObjectProperty,"('http://hl7.org/fhir/ElementDefinition.slicing', 'ObjectProperty')"
http://hl7.org/fhir/ElementDefinition.slicing.description,http://hl7.org/fhir/,ElementDefinition.slicing.description,ObjectProperty,"('http://hl7.org/fhir/ElementDefinition.slicing.description', 'ObjectProperty')"
http://hl7.org/fhir/ElementDefinition.slicing.discriminator,http://hl7.org/fhir/,ElementDefinition.slicing.discriminator,ObjectProperty,"('http://hl7.org/fhir/ElementDefinition.slicing.discriminator', 'ObjectProperty')"
http://hl7.org/fhir/ElementDefinition.slicing.discriminator.path,http://hl7.org/fhir/,ElementDefinition.slicing.discriminator.path,ObjectProperty,"('http://hl7.org/fhir/ElementDefinition.slicing.discriminator.path', 'ObjectProperty')"
http://hl7.org/fhir/ElementDefinition.slicing.discriminator.type,http://hl7.org/fhir/,ElementDefinition.slicing.discriminator.type,ObjectProperty,"('http://hl7.org/fhir/ElementDefinition.slicing.discriminator.type', 'ObjectProperty')"
http://hl7.org/fhir/ElementDefinition.slicing.ordered,http://hl7.org/fhir/,ElementDefinition.slicing.ordered,ObjectProperty,"('http://hl7.org/fhir/ElementDefinition.slicing.ordered', 'ObjectProperty')"
http://hl7.org/fhir/ElementDefinition.slicing.rules,http://hl7.org/fhir/,ElementDefinition.slicing.rules,ObjectProperty,"('http://hl7.org/fhir/ElementDefinition.slicing.rules', 'ObjectProperty')"
http://hl7.org/fhir/ElementDefinition.type,http://hl7.org/fhir/,ElementDefinition.type,ObjectProperty,"('http://hl7.org/fhir/ElementDefinition.type', 'ObjectProperty')"
http://hl7.org/fhir/ElementDefinition.type.aggregation,http://hl7.org/fhir/,ElementDefinition.type.aggregation,ObjectProperty,"('http://hl7.org/fhir/ElementDefinition.type.aggregation', 'ObjectProperty')"
http://hl7.org/fhir/ElementDefinition.type.code,http://hl7.org/fhir/,ElementDefinition.type.code,ObjectProperty,"('http://hl7.org/fhir/ElementDefinition.type.code', 'ObjectProperty')"
http://hl7.org/fhir/ElementDefinition.type.profile,http://hl7.org/fhir/,ElementDefinition.type.profile,ObjectProperty,"('http://hl7.org/fhir/ElementDefinition.type.profile', 'ObjectProperty')"
http://hl7.org/fhir/ElementDefinition.type.targetProfile,http://hl7.org/fhir/,ElementDefinition.type.targetProfile,ObjectProperty,"('http://hl7.org/fhir/ElementDefinition.type.targetProfile', 'ObjectProperty')"
http://hl7.org/fhir/ElementDefinition.type.versioning,http://hl7.org/fhir/,ElementDefinition.type.versioning,ObjectProperty,"('http://hl7.org/fhir/ElementDefinition.type.versioning', 'ObjectProperty')"
http://hl7.org/fhir/EligibilityRequest.benefitCategory,http://hl7.org/fhir/,EligibilityRequest.benefitCategory,ObjectProperty,"('http://hl7.org/fhir/EligibilityRequest.benefitCategory', 'ObjectProperty')"
http://hl7.org/fhir/EligibilityRequest.benefitSubCategory,http://hl7.org/fhir/,EligibilityRequest.benefitSubCategory,ObjectProperty,"('http://hl7.org/fhir/EligibilityRequest.benefitSubCategory', 'ObjectProperty')"
http://hl7.org/fhir/EligibilityRequest.businessArrangement,http://hl7.org/fhir/,EligibilityRequest.businessArrangement,ObjectProperty,"('http://hl7.org/fhir/EligibilityRequest.businessArrangement', 'ObjectProperty')"
http://hl7.org/fhir/EligibilityRequest.coverage,http://hl7.org/fhir/,EligibilityRequest.coverage,ObjectProperty,"('http://hl7.org/fhir/EligibilityRequest.coverage', 'ObjectProperty')"
http://hl7.org/fhir/EligibilityRequest.created,http://hl7.org/fhir/,EligibilityRequest.created,ObjectProperty,"('http://hl7.org/fhir/EligibilityRequest.created', 'ObjectProperty')"
http://hl7.org/fhir/EligibilityRequest.enterer,http://hl7.org/fhir/,EligibilityRequest.enterer,ObjectProperty,"('http://hl7.org/fhir/EligibilityRequest.enterer', 'ObjectProperty')"
http://hl7.org/fhir/EligibilityRequest.facility,http://hl7.org/fhir/,EligibilityRequest.facility,ObjectProperty,"('http://hl7.org/fhir/EligibilityRequest.facility', 'ObjectProperty')"
http://hl7.org/fhir/EligibilityRequest.identifier,http://hl7.org/fhir/,EligibilityRequest.identifier,ObjectProperty,"('http://hl7.org/fhir/EligibilityRequest.identifier', 'ObjectProperty')"
http://hl7.org/fhir/EligibilityRequest.insurer,http://hl7.org/fhir/,EligibilityRequest.insurer,ObjectProperty,"('http://hl7.org/fhir/EligibilityRequest.insurer', 'ObjectProperty')"
http://hl7.org/fhir/EligibilityRequest.organization,http://hl7.org/fhir/,EligibilityRequest.organization,ObjectProperty,"('http://hl7.org/fhir/EligibilityRequest.organization', 'ObjectProperty')"
http://hl7.org/fhir/EligibilityRequest.patient,http://hl7.org/fhir/,EligibilityRequest.patient,ObjectProperty,"('http://hl7.org/fhir/EligibilityRequest.patient', 'ObjectProperty')"
http://hl7.org/fhir/EligibilityRequest.priority,http://hl7.org/fhir/,EligibilityRequest.priority,ObjectProperty,"('http://hl7.org/fhir/EligibilityRequest.priority', 'ObjectProperty')"
http://hl7.org/fhir/EligibilityRequest.provider,http://hl7.org/fhir/,EligibilityRequest.provider,ObjectProperty,"('http://hl7.org/fhir/EligibilityRequest.provider', 'ObjectProperty')"
http://hl7.org/fhir/EligibilityRequest.serviced,http://hl7.org/fhir/,EligibilityRequest.serviced,ObjectProperty,"('http://hl7.org/fhir/EligibilityRequest.serviced', 'ObjectProperty')"
http://hl7.org/fhir/EligibilityRequest.servicedDate,http://hl7.org/fhir/,EligibilityRequest.servicedDate,ObjectProperty,"('http://hl7.org/fhir/EligibilityRequest.servicedDate', 'ObjectProperty')"
http://hl7.org/fhir/EligibilityRequest.servicedPeriod,http://hl7.org/fhir/,EligibilityRequest.servicedPeriod,ObjectProperty,"('http://hl7.org/fhir/EligibilityRequest.servicedPeriod', 'ObjectProperty')"
http://hl7.org/fhir/EligibilityRequest.status,http://hl7.org/fhir/,EligibilityRequest.status,ObjectProperty,"('http://hl7.org/fhir/EligibilityRequest.status', 'ObjectProperty')"
http://hl7.org/fhir/EligibilityResponse.created,http://hl7.org/fhir/,EligibilityResponse.created,ObjectProperty,"('http://hl7.org/fhir/EligibilityResponse.created', 'ObjectProperty')"
http://hl7.org/fhir/EligibilityResponse.disposition,http://hl7.org/fhir/,EligibilityResponse.disposition,ObjectProperty,"('http://hl7.org/fhir/EligibilityResponse.disposition', 'ObjectProperty')"
http://hl7.org/fhir/EligibilityResponse.error,http://hl7.org/fhir/,EligibilityResponse.error,ObjectProperty,"('http://hl7.org/fhir/EligibilityResponse.error', 'ObjectProperty')"
http://hl7.org/fhir/EligibilityResponse.error.code,http://hl7.org/fhir/,EligibilityResponse.error.code,ObjectProperty,"('http://hl7.org/fhir/EligibilityResponse.error.code', 'ObjectProperty')"
http://hl7.org/fhir/EligibilityResponse.form,http://hl7.org/fhir/,EligibilityResponse.form,ObjectProperty,"('http://hl7.org/fhir/EligibilityResponse.form', 'ObjectProperty')"
http://hl7.org/fhir/EligibilityResponse.identifier,http://hl7.org/fhir/,EligibilityResponse.identifier,ObjectProperty,"('http://hl7.org/fhir/EligibilityResponse.identifier', 'ObjectProperty')"
http://hl7.org/fhir/EligibilityResponse.inforce,http://hl7.org/fhir/,EligibilityResponse.inforce,ObjectProperty,"('http://hl7.org/fhir/EligibilityResponse.inforce', 'ObjectProperty')"
http://hl7.org/fhir/EligibilityResponse.insurance,http://hl7.org/fhir/,EligibilityResponse.insurance,ObjectProperty,"('http://hl7.org/fhir/EligibilityResponse.insurance', 'ObjectProperty')"
http://hl7.org/fhir/EligibilityResponse.insurance.benefitBalance,http://hl7.org/fhir/,EligibilityResponse.insurance.benefitBalance,ObjectProperty,"('http://hl7.org/fhir/EligibilityResponse.insurance.benefitBalance', 'ObjectProperty')"
http://hl7.org/fhir/EligibilityResponse.insurance.benefitBalance.category,http://hl7.org/fhir/,EligibilityResponse.insurance.benefitBalance.category,ObjectProperty,"('http://hl7.org/fhir/EligibilityResponse.insurance.benefitBalance.category', 'ObjectProperty')"
http://hl7.org/fhir/EligibilityResponse.insurance.benefitBalance.description,http://hl7.org/fhir/,EligibilityResponse.insurance.benefitBalance.description,ObjectProperty,"('http://hl7.org/fhir/EligibilityResponse.insurance.benefitBalance.description', 'ObjectProperty')"
http://hl7.org/fhir/EligibilityResponse.insurance.benefitBalance.excluded,http://hl7.org/fhir/,EligibilityResponse.insurance.benefitBalance.excluded,ObjectProperty,"('http://hl7.org/fhir/EligibilityResponse.insurance.benefitBalance.excluded', 'ObjectProperty')"
http://hl7.org/fhir/EligibilityResponse.insurance.benefitBalance.financial,http://hl7.org/fhir/,EligibilityResponse.insurance.benefitBalance.financial,ObjectProperty,"('http://hl7.org/fhir/EligibilityResponse.insurance.benefitBalance.financial', 'ObjectProperty')"
http://hl7.org/fhir/EligibilityResponse.insurance.benefitBalance.financial.allowed,http://hl7.org/fhir/,EligibilityResponse.insurance.benefitBalance.financial.allowed,ObjectProperty,"('http://hl7.org/fhir/EligibilityResponse.insurance.benefitBalance.financial.allowed', 'ObjectProperty')"
http://hl7.org/fhir/EligibilityResponse.insurance.benefitBalance.financial.allowedMoney,http://hl7.org/fhir/,EligibilityResponse.insurance.benefitBalance.financial.allowedMoney,ObjectProperty,"('http://hl7.org/fhir/EligibilityResponse.insurance.benefitBalance.financial.allowedMoney', 'ObjectProperty')"
http://hl7.org/fhir/EligibilityResponse.insurance.benefitBalance.financial.allowedString,http://hl7.org/fhir/,EligibilityResponse.insurance.benefitBalance.financial.allowedString,ObjectProperty,"('http://hl7.org/fhir/EligibilityResponse.insurance.benefitBalance.financial.allowedString', 'ObjectProperty')"
http://hl7.org/fhir/EligibilityResponse.insurance.benefitBalance.financial.allowedUnsignedInt,http://hl7.org/fhir/,EligibilityResponse.insurance.benefitBalance.financial.allowedUnsignedInt,ObjectProperty,"('http://hl7.org/fhir/EligibilityResponse.insurance.benefitBalance.financial.allowedUnsignedInt', 'ObjectProperty')"
http://hl7.org/fhir/EligibilityResponse.insurance.benefitBalance.financial.type,http://hl7.org/fhir/,EligibilityResponse.insurance.benefitBalance.financial.type,ObjectProperty,"('http://hl7.org/fhir/EligibilityResponse.insurance.benefitBalance.financial.type', 'ObjectProperty')"
http://hl7.org/fhir/EligibilityResponse.insurance.benefitBalance.financial.used,http://hl7.org/fhir/,EligibilityResponse.insurance.benefitBalance.financial.used,ObjectProperty,"('http://hl7.org/fhir/EligibilityResponse.insurance.benefitBalance.financial.used', 'ObjectProperty')"
http://hl7.org/fhir/EligibilityResponse.insurance.benefitBalance.financial.usedMoney,http://hl7.org/fhir/,EligibilityResponse.insurance.benefitBalance.financial.usedMoney,ObjectProperty,"('http://hl7.org/fhir/EligibilityResponse.insurance.benefitBalance.financial.usedMoney', 'ObjectProperty')"
http://hl7.org/fhir/EligibilityResponse.insurance.benefitBalance.financial.usedUnsignedInt,http://hl7.org/fhir/,EligibilityResponse.insurance.benefitBalance.financial.usedUnsignedInt,ObjectProperty,"('http://hl7.org/fhir/EligibilityResponse.insurance.benefitBalance.financial.usedUnsignedInt', 'ObjectProperty')"
http://hl7.org/fhir/EligibilityResponse.insurance.benefitBalance.name,http://hl7.org/fhir/,EligibilityResponse.insurance.benefitBalance.name,ObjectProperty,"('http://hl7.org/fhir/EligibilityResponse.insurance.benefitBalance.name', 'ObjectProperty')"
http://hl7.org/fhir/EligibilityResponse.insurance.benefitBalance.network,http://hl7.org/fhir/,EligibilityResponse.insurance.benefitBalance.network,ObjectProperty,"('http://hl7.org/fhir/EligibilityResponse.insurance.benefitBalance.network', 'ObjectProperty')"
http://hl7.org/fhir/EligibilityResponse.insurance.benefitBalance.subCategory,http://hl7.org/fhir/,EligibilityResponse.insurance.benefitBalance.subCategory,ObjectProperty,"('http://hl7.org/fhir/EligibilityResponse.insurance.benefitBalance.subCategory', 'ObjectProperty')"
http://hl7.org/fhir/EligibilityResponse.insurance.benefitBalance.term,http://hl7.org/fhir/,EligibilityResponse.insurance.benefitBalance.term,ObjectProperty,"('http://hl7.org/fhir/EligibilityResponse.insurance.benefitBalance.term', 'ObjectProperty')"
http://hl7.org/fhir/EligibilityResponse.insurance.benefitBalance.unit,http://hl7.org/fhir/,EligibilityResponse.insurance.benefitBalance.unit,ObjectProperty,"('http://hl7.org/fhir/EligibilityResponse.insurance.benefitBalance.unit', 'ObjectProperty')"
http://hl7.org/fhir/EligibilityResponse.insurance.contract,http://hl7.org/fhir/,EligibilityResponse.insurance.contract,ObjectProperty,"('http://hl7.org/fhir/EligibilityResponse.insurance.contract', 'ObjectProperty')"
http://hl7.org/fhir/EligibilityResponse.insurance.coverage,http://hl7.org/fhir/,EligibilityResponse.insurance.coverage,ObjectProperty,"('http://hl7.org/fhir/EligibilityResponse.insurance.coverage', 'ObjectProperty')"
http://hl7.org/fhir/EligibilityResponse.insurer,http://hl7.org/fhir/,EligibilityResponse.insurer,ObjectProperty,"('http://hl7.org/fhir/EligibilityResponse.insurer', 'ObjectProperty')"
http://hl7.org/fhir/EligibilityResponse.outcome,http://hl7.org/fhir/,EligibilityResponse.outcome,ObjectProperty,"('http://hl7.org/fhir/EligibilityResponse.outcome', 'ObjectProperty')"
http://hl7.org/fhir/EligibilityResponse.request,http://hl7.org/fhir/,EligibilityResponse.request,ObjectProperty,"('http://hl7.org/fhir/EligibilityResponse.request', 'ObjectProperty')"
http://hl7.org/fhir/EligibilityResponse.requestOrganization,http://hl7.org/fhir/,EligibilityResponse.requestOrganization,ObjectProperty,"('http://hl7.org/fhir/EligibilityResponse.requestOrganization', 'ObjectProperty')"
http://hl7.org/fhir/EligibilityResponse.requestProvider,http://hl7.org/fhir/,EligibilityResponse.requestProvider,ObjectProperty,"('http://hl7.org/fhir/EligibilityResponse.requestProvider', 'ObjectProperty')"
http://hl7.org/fhir/EligibilityResponse.status,http://hl7.org/fhir/,EligibilityResponse.status,ObjectProperty,"('http://hl7.org/fhir/EligibilityResponse.status', 'ObjectProperty')"
http://hl7.org/fhir/Encounter.account,http://hl7.org/fhir/,Encounter.account,ObjectProperty,"('http://hl7.org/fhir/Encounter.account', 'ObjectProperty')"
http://hl7.org/fhir/Encounter.appointment,http://hl7.org/fhir/,Encounter.appointment,ObjectProperty,"('http://hl7.org/fhir/Encounter.appointment', 'ObjectProperty')"
http://hl7.org/fhir/Encounter.diagnosis,http://hl7.org/fhir/,Encounter.diagnosis,ObjectProperty,"('http://hl7.org/fhir/Encounter.diagnosis', 'ObjectProperty')"
http://hl7.org/fhir/Encounter.diagnosis.rank,http://hl7.org/fhir/,Encounter.diagnosis.rank,ObjectProperty,"('http://hl7.org/fhir/Encounter.diagnosis.rank', 'ObjectProperty')"
http://hl7.org/fhir/Encounter.diagnosis.role,http://hl7.org/fhir/,Encounter.diagnosis.role,ObjectProperty,"('http://hl7.org/fhir/Encounter.diagnosis.role', 'ObjectProperty')"
http://hl7.org/fhir/Encounter.hospitalization,http://hl7.org/fhir/,Encounter.hospitalization,ObjectProperty,"('http://hl7.org/fhir/Encounter.hospitalization', 'ObjectProperty')"
http://hl7.org/fhir/Encounter.hospitalization.admitSource,http://hl7.org/fhir/,Encounter.hospitalization.admitSource,ObjectProperty,"('http://hl7.org/fhir/Encounter.hospitalization.admitSource', 'ObjectProperty')"
http://hl7.org/fhir/Encounter.hospitalization.destination,http://hl7.org/fhir/,Encounter.hospitalization.destination,ObjectProperty,"('http://hl7.org/fhir/Encounter.hospitalization.destination', 'ObjectProperty')"
http://hl7.org/fhir/Encounter.hospitalization.dietPreference,http://hl7.org/fhir/,Encounter.hospitalization.dietPreference,ObjectProperty,"('http://hl7.org/fhir/Encounter.hospitalization.dietPreference', 'ObjectProperty')"
http://hl7.org/fhir/Encounter.hospitalization.dischargeDisposition,http://hl7.org/fhir/,Encounter.hospitalization.dischargeDisposition,ObjectProperty,"('http://hl7.org/fhir/Encounter.hospitalization.dischargeDisposition', 'ObjectProperty')"
http://hl7.org/fhir/Encounter.hospitalization.origin,http://hl7.org/fhir/,Encounter.hospitalization.origin,ObjectProperty,"('http://hl7.org/fhir/Encounter.hospitalization.origin', 'ObjectProperty')"
http://hl7.org/fhir/Encounter.hospitalization.preAdmissionIdentifier,http://hl7.org/fhir/,Encounter.hospitalization.preAdmissionIdentifier,ObjectProperty,"('http://hl7.org/fhir/Encounter.hospitalization.preAdmissionIdentifier', 'ObjectProperty')"
http://hl7.org/fhir/Encounter.hospitalization.reAdmission,http://hl7.org/fhir/,Encounter.hospitalization.reAdmission,ObjectProperty,"('http://hl7.org/fhir/Encounter.hospitalization.reAdmission', 'ObjectProperty')"
http://hl7.org/fhir/Encounter.hospitalization.specialArrangement,http://hl7.org/fhir/,Encounter.hospitalization.specialArrangement,ObjectProperty,"('http://hl7.org/fhir/Encounter.hospitalization.specialArrangement', 'ObjectProperty')"
http://hl7.org/fhir/Encounter.hospitalization.specialCourtesy,http://hl7.org/fhir/,Encounter.hospitalization.specialCourtesy,ObjectProperty,"('http://hl7.org/fhir/Encounter.hospitalization.specialCourtesy', 'ObjectProperty')"
http://hl7.org/fhir/Encounter.identifier,http://hl7.org/fhir/,Encounter.identifier,ObjectProperty,"('http://hl7.org/fhir/Encounter.identifier', 'ObjectProperty')"
http://hl7.org/fhir/Encounter.incomingReferral,http://hl7.org/fhir/,Encounter.incomingReferral,ObjectProperty,"('http://hl7.org/fhir/Encounter.incomingReferral', 'ObjectProperty')"
http://hl7.org/fhir/Encounter.location.status,http://hl7.org/fhir/,Encounter.location.status,ObjectProperty,"('http://hl7.org/fhir/Encounter.location.status', 'ObjectProperty')"
http://hl7.org/fhir/Encounter.statusHistory,http://hl7.org/fhir/,Encounter.statusHistory,ObjectProperty,"('http://hl7.org/fhir/Encounter.statusHistory', 'ObjectProperty')"
http://hl7.org/fhir/Endpoint.address,http://hl7.org/fhir/,Endpoint.address,ObjectProperty,"('http://hl7.org/fhir/Endpoint.address', 'ObjectProperty')"
http://hl7.org/fhir/Endpoint.connectionType,http://hl7.org/fhir/,Endpoint.connectionType,ObjectProperty,"('http://hl7.org/fhir/Endpoint.connectionType', 'ObjectProperty')"
http://hl7.org/fhir/Endpoint.contact,http://hl7.org/fhir/,Endpoint.contact,ObjectProperty,"('http://hl7.org/fhir/Endpoint.contact', 'ObjectProperty')"
http://hl7.org/fhir/Endpoint.header,http://hl7.org/fhir/,Endpoint.header,ObjectProperty,"('http://hl7.org/fhir/Endpoint.header', 'ObjectProperty')"
http://hl7.org/fhir/Endpoint.identifier,http://hl7.org/fhir/,Endpoint.identifier,ObjectProperty,"('http://hl7.org/fhir/Endpoint.identifier', 'ObjectProperty')"
http://hl7.org/fhir/Endpoint.managingOrganization,http://hl7.org/fhir/,Endpoint.managingOrganization,ObjectProperty,"('http://hl7.org/fhir/Endpoint.managingOrganization', 'ObjectProperty')"
http://hl7.org/fhir/Endpoint.name,http://hl7.org/fhir/,Endpoint.name,ObjectProperty,"('http://hl7.org/fhir/Endpoint.name', 'ObjectProperty')"
http://hl7.org/fhir/Endpoint.payloadMimeType,http://hl7.org/fhir/,Endpoint.payloadMimeType,ObjectProperty,"('http://hl7.org/fhir/Endpoint.payloadMimeType', 'ObjectProperty')"
http://hl7.org/fhir/Endpoint.payloadType,http://hl7.org/fhir/,Endpoint.payloadType,ObjectProperty,"('http://hl7.org/fhir/Endpoint.payloadType', 'ObjectProperty')"
http://hl7.org/fhir/Endpoint.period,http://hl7.org/fhir/,Endpoint.period,ObjectProperty,"('http://hl7.org/fhir/Endpoint.period', 'ObjectProperty')"
http://hl7.org/fhir/Endpoint.status,http://hl7.org/fhir/,Endpoint.status,ObjectProperty,"('http://hl7.org/fhir/Endpoint.status', 'ObjectProperty')"
http://hl7.org/fhir/EnrollmentRequest.coverage,http://hl7.org/fhir/,EnrollmentRequest.coverage,ObjectProperty,"('http://hl7.org/fhir/EnrollmentRequest.coverage', 'ObjectProperty')"
http://hl7.org/fhir/EnrollmentRequest.created,http://hl7.org/fhir/,EnrollmentRequest.created,ObjectProperty,"('http://hl7.org/fhir/EnrollmentRequest.created', 'ObjectProperty')"
http://hl7.org/fhir/EnrollmentRequest.identifier,http://hl7.org/fhir/,EnrollmentRequest.identifier,ObjectProperty,"('http://hl7.org/fhir/EnrollmentRequest.identifier', 'ObjectProperty')"
http://hl7.org/fhir/EnrollmentRequest.insurer,http://hl7.org/fhir/,EnrollmentRequest.insurer,ObjectProperty,"('http://hl7.org/fhir/EnrollmentRequest.insurer', 'ObjectProperty')"
http://hl7.org/fhir/EnrollmentRequest.organization,http://hl7.org/fhir/,EnrollmentRequest.organization,ObjectProperty,"('http://hl7.org/fhir/EnrollmentRequest.organization', 'ObjectProperty')"
http://hl7.org/fhir/EnrollmentRequest.provider,http://hl7.org/fhir/,EnrollmentRequest.provider,ObjectProperty,"('http://hl7.org/fhir/EnrollmentRequest.provider', 'ObjectProperty')"
http://hl7.org/fhir/EnrollmentRequest.status,http://hl7.org/fhir/,EnrollmentRequest.status,ObjectProperty,"('http://hl7.org/fhir/EnrollmentRequest.status', 'ObjectProperty')"
http://hl7.org/fhir/EnrollmentRequest.subject,http://hl7.org/fhir/,EnrollmentRequest.subject,ObjectProperty,"('http://hl7.org/fhir/EnrollmentRequest.subject', 'ObjectProperty')"
http://hl7.org/fhir/EnrollmentResponse.created,http://hl7.org/fhir/,EnrollmentResponse.created,ObjectProperty,"('http://hl7.org/fhir/EnrollmentResponse.created', 'ObjectProperty')"
http://hl7.org/fhir/EnrollmentResponse.disposition,http://hl7.org/fhir/,EnrollmentResponse.disposition,ObjectProperty,"('http://hl7.org/fhir/EnrollmentResponse.disposition', 'ObjectProperty')"
http://hl7.org/fhir/EnrollmentResponse.identifier,http://hl7.org/fhir/,EnrollmentResponse.identifier,ObjectProperty,"('http://hl7.org/fhir/EnrollmentResponse.identifier', 'ObjectProperty')"
http://hl7.org/fhir/EnrollmentResponse.organization,http://hl7.org/fhir/,EnrollmentResponse.organization,ObjectProperty,"('http://hl7.org/fhir/EnrollmentResponse.organization', 'ObjectProperty')"
http://hl7.org/fhir/EnrollmentResponse.outcome,http://hl7.org/fhir/,EnrollmentResponse.outcome,ObjectProperty,"('http://hl7.org/fhir/EnrollmentResponse.outcome', 'ObjectProperty')"
http://hl7.org/fhir/EnrollmentResponse.request,http://hl7.org/fhir/,EnrollmentResponse.request,ObjectProperty,"('http://hl7.org/fhir/EnrollmentResponse.request', 'ObjectProperty')"
http://hl7.org/fhir/EnrollmentResponse.requestOrganization,http://hl7.org/fhir/,EnrollmentResponse.requestOrganization,ObjectProperty,"('http://hl7.org/fhir/EnrollmentResponse.requestOrganization', 'ObjectProperty')"
http://hl7.org/fhir/EnrollmentResponse.requestProvider,http://hl7.org/fhir/,EnrollmentResponse.requestProvider,ObjectProperty,"('http://hl7.org/fhir/EnrollmentResponse.requestProvider', 'ObjectProperty')"
http://hl7.org/fhir/EnrollmentResponse.status,http://hl7.org/fhir/,EnrollmentResponse.status,ObjectProperty,"('http://hl7.org/fhir/EnrollmentResponse.status', 'ObjectProperty')"
http://hl7.org/fhir/EpisodeOfCare.account,http://hl7.org/fhir/,EpisodeOfCare.account,ObjectProperty,"('http://hl7.org/fhir/EpisodeOfCare.account', 'ObjectProperty')"
http://hl7.org/fhir/EpisodeOfCare.diagnosis,http://hl7.org/fhir/,EpisodeOfCare.diagnosis,ObjectProperty,"('http://hl7.org/fhir/EpisodeOfCare.diagnosis', 'ObjectProperty')"
http://hl7.org/fhir/EpisodeOfCare.diagnosis.rank,http://hl7.org/fhir/,EpisodeOfCare.diagnosis.rank,ObjectProperty,"('http://hl7.org/fhir/EpisodeOfCare.diagnosis.rank', 'ObjectProperty')"
http://hl7.org/fhir/EpisodeOfCare.diagnosis.role,http://hl7.org/fhir/,EpisodeOfCare.diagnosis.role,ObjectProperty,"('http://hl7.org/fhir/EpisodeOfCare.diagnosis.role', 'ObjectProperty')"
http://hl7.org/fhir/EpisodeOfCare.identifier,http://hl7.org/fhir/,EpisodeOfCare.identifier,ObjectProperty,"('http://hl7.org/fhir/EpisodeOfCare.identifier', 'ObjectProperty')"
http://hl7.org/fhir/EpisodeOfCare.referralRequest,http://hl7.org/fhir/,EpisodeOfCare.referralRequest,ObjectProperty,"('http://hl7.org/fhir/EpisodeOfCare.referralRequest', 'ObjectProperty')"
http://hl7.org/fhir/EpisodeOfCare.statusHistory,http://hl7.org/fhir/,EpisodeOfCare.statusHistory,ObjectProperty,"('http://hl7.org/fhir/EpisodeOfCare.statusHistory', 'ObjectProperty')"
http://hl7.org/fhir/EpisodeOfCare.statusHistory.period,http://hl7.org/fhir/,EpisodeOfCare.statusHistory.period,ObjectProperty,"('http://hl7.org/fhir/EpisodeOfCare.statusHistory.period', 'ObjectProperty')"
http://hl7.org/fhir/EpisodeOfCare.statusHistory.status,http://hl7.org/fhir/,EpisodeOfCare.statusHistory.status,ObjectProperty,"('http://hl7.org/fhir/EpisodeOfCare.statusHistory.status', 'ObjectProperty')"
http://hl7.org/fhir/ExpansionProfile.activeOnly,http://hl7.org/fhir/,ExpansionProfile.activeOnly,ObjectProperty,"('http://hl7.org/fhir/ExpansionProfile.activeOnly', 'ObjectProperty')"
http://hl7.org/fhir/ExpansionProfile.contact,http://hl7.org/fhir/,ExpansionProfile.contact,ObjectProperty,"('http://hl7.org/fhir/ExpansionProfile.contact', 'ObjectProperty')"
http://hl7.org/fhir/ExpansionProfile.date,http://hl7.org/fhir/,ExpansionProfile.date,ObjectProperty,"('http://hl7.org/fhir/ExpansionProfile.date', 'ObjectProperty')"
http://hl7.org/fhir/ExpansionProfile.description,http://hl7.org/fhir/,ExpansionProfile.description,ObjectProperty,"('http://hl7.org/fhir/ExpansionProfile.description', 'ObjectProperty')"
http://hl7.org/fhir/ExpansionProfile.designation,http://hl7.org/fhir/,ExpansionProfile.designation,ObjectProperty,"('http://hl7.org/fhir/ExpansionProfile.designation', 'ObjectProperty')"
http://hl7.org/fhir/ExpansionProfile.designation.exclude,http://hl7.org/fhir/,ExpansionProfile.designation.exclude,ObjectProperty,"('http://hl7.org/fhir/ExpansionProfile.designation.exclude', 'ObjectProperty')"
http://hl7.org/fhir/ExpansionProfile.designation.exclude.designation,http://hl7.org/fhir/,ExpansionProfile.designation.exclude.designation,ObjectProperty,"('http://hl7.org/fhir/ExpansionProfile.designation.exclude.designation', 'ObjectProperty')"
http://hl7.org/fhir/ExpansionProfile.designation.exclude.designation.language,http://hl7.org/fhir/,ExpansionProfile.designation.exclude.designation.language,ObjectProperty,"('http://hl7.org/fhir/ExpansionProfile.designation.exclude.designation.language', 'ObjectProperty')"
http://hl7.org/fhir/ExpansionProfile.designation.exclude.designation.use,http://hl7.org/fhir/,ExpansionProfile.designation.exclude.designation.use,ObjectProperty,"('http://hl7.org/fhir/ExpansionProfile.designation.exclude.designation.use', 'ObjectProperty')"
http://hl7.org/fhir/ExpansionProfile.designation.include,http://hl7.org/fhir/,ExpansionProfile.designation.include,ObjectProperty,"('http://hl7.org/fhir/ExpansionProfile.designation.include', 'ObjectProperty')"
http://hl7.org/fhir/ExpansionProfile.designation.include.designation,http://hl7.org/fhir/,ExpansionProfile.designation.include.designation,ObjectProperty,"('http://hl7.org/fhir/ExpansionProfile.designation.include.designation', 'ObjectProperty')"
http://hl7.org/fhir/ExpansionProfile.designation.include.designation.language,http://hl7.org/fhir/,ExpansionProfile.designation.include.designation.language,ObjectProperty,"('http://hl7.org/fhir/ExpansionProfile.designation.include.designation.language', 'ObjectProperty')"
http://hl7.org/fhir/ExpansionProfile.designation.include.designation.use,http://hl7.org/fhir/,ExpansionProfile.designation.include.designation.use,ObjectProperty,"('http://hl7.org/fhir/ExpansionProfile.designation.include.designation.use', 'ObjectProperty')"
http://hl7.org/fhir/ExpansionProfile.displayLanguage,http://hl7.org/fhir/,ExpansionProfile.displayLanguage,ObjectProperty,"('http://hl7.org/fhir/ExpansionProfile.displayLanguage', 'ObjectProperty')"
http://hl7.org/fhir/ExpansionProfile.excludeNested,http://hl7.org/fhir/,ExpansionProfile.excludeNested,ObjectProperty,"('http://hl7.org/fhir/ExpansionProfile.excludeNested', 'ObjectProperty')"
http://hl7.org/fhir/ExpansionProfile.excludeNotForUI,http://hl7.org/fhir/,ExpansionProfile.excludeNotForUI,ObjectProperty,"('http://hl7.org/fhir/ExpansionProfile.excludeNotForUI', 'ObjectProperty')"
http://hl7.org/fhir/ExpansionProfile.excludePostCoordinated,http://hl7.org/fhir/,ExpansionProfile.excludePostCoordinated,ObjectProperty,"('http://hl7.org/fhir/ExpansionProfile.excludePostCoordinated', 'ObjectProperty')"
http://hl7.org/fhir/ExpansionProfile.excludedSystem,http://hl7.org/fhir/,ExpansionProfile.excludedSystem,ObjectProperty,"('http://hl7.org/fhir/ExpansionProfile.excludedSystem', 'ObjectProperty')"
http://hl7.org/fhir/ExpansionProfile.excludedSystem.system,http://hl7.org/fhir/,ExpansionProfile.excludedSystem.system,ObjectProperty,"('http://hl7.org/fhir/ExpansionProfile.excludedSystem.system', 'ObjectProperty')"
http://hl7.org/fhir/ExpansionProfile.excludedSystem.version,http://hl7.org/fhir/,ExpansionProfile.excludedSystem.version,ObjectProperty,"('http://hl7.org/fhir/ExpansionProfile.excludedSystem.version', 'ObjectProperty')"
http://hl7.org/fhir/ExpansionProfile.experimental,http://hl7.org/fhir/,ExpansionProfile.experimental,ObjectProperty,"('http://hl7.org/fhir/ExpansionProfile.experimental', 'ObjectProperty')"
http://hl7.org/fhir/ExpansionProfile.fixedVersion,http://hl7.org/fhir/,ExpansionProfile.fixedVersion,ObjectProperty,"('http://hl7.org/fhir/ExpansionProfile.fixedVersion', 'ObjectProperty')"
http://hl7.org/fhir/ExpansionProfile.fixedVersion.mode,http://hl7.org/fhir/,ExpansionProfile.fixedVersion.mode,ObjectProperty,"('http://hl7.org/fhir/ExpansionProfile.fixedVersion.mode', 'ObjectProperty')"
http://hl7.org/fhir/ExpansionProfile.fixedVersion.system,http://hl7.org/fhir/,ExpansionProfile.fixedVersion.system,ObjectProperty,"('http://hl7.org/fhir/ExpansionProfile.fixedVersion.system', 'ObjectProperty')"
http://hl7.org/fhir/ExpansionProfile.fixedVersion.version,http://hl7.org/fhir/,ExpansionProfile.fixedVersion.version,ObjectProperty,"('http://hl7.org/fhir/ExpansionProfile.fixedVersion.version', 'ObjectProperty')"
http://hl7.org/fhir/ExpansionProfile.identifier,http://hl7.org/fhir/,ExpansionProfile.identifier,ObjectProperty,"('http://hl7.org/fhir/ExpansionProfile.identifier', 'ObjectProperty')"
http://hl7.org/fhir/ExpansionProfile.includeDefinition,http://hl7.org/fhir/,ExpansionProfile.includeDefinition,ObjectProperty,"('http://hl7.org/fhir/ExpansionProfile.includeDefinition', 'ObjectProperty')"
http://hl7.org/fhir/ExpansionProfile.includeDesignations,http://hl7.org/fhir/,ExpansionProfile.includeDesignations,ObjectProperty,"('http://hl7.org/fhir/ExpansionProfile.includeDesignations', 'ObjectProperty')"
http://hl7.org/fhir/ExpansionProfile.jurisdiction,http://hl7.org/fhir/,ExpansionProfile.jurisdiction,ObjectProperty,"('http://hl7.org/fhir/ExpansionProfile.jurisdiction', 'ObjectProperty')"
http://hl7.org/fhir/ExpansionProfile.limitedExpansion,http://hl7.org/fhir/,ExpansionProfile.limitedExpansion,ObjectProperty,"('http://hl7.org/fhir/ExpansionProfile.limitedExpansion', 'ObjectProperty')"
http://hl7.org/fhir/ExpansionProfile.name,http://hl7.org/fhir/,ExpansionProfile.name,ObjectProperty,"('http://hl7.org/fhir/ExpansionProfile.name', 'ObjectProperty')"
http://hl7.org/fhir/ExpansionProfile.publisher,http://hl7.org/fhir/,ExpansionProfile.publisher,ObjectProperty,"('http://hl7.org/fhir/ExpansionProfile.publisher', 'ObjectProperty')"
http://hl7.org/fhir/ExpansionProfile.status,http://hl7.org/fhir/,ExpansionProfile.status,ObjectProperty,"('http://hl7.org/fhir/ExpansionProfile.status', 'ObjectProperty')"
http://hl7.org/fhir/ExpansionProfile.url,http://hl7.org/fhir/,ExpansionProfile.url,ObjectProperty,"('http://hl7.org/fhir/ExpansionProfile.url', 'ObjectProperty')"
http://hl7.org/fhir/ExpansionProfile.useContext,http://hl7.org/fhir/,ExpansionProfile.useContext,ObjectProperty,"('http://hl7.org/fhir/ExpansionProfile.useContext', 'ObjectProperty')"
http://hl7.org/fhir/ExpansionProfile.version,http://hl7.org/fhir/,ExpansionProfile.version,ObjectProperty,"('http://hl7.org/fhir/ExpansionProfile.version', 'ObjectProperty')"
http://hl7.org/fhir/ExplanationOfBenefit.accident,http://hl7.org/fhir/,ExplanationOfBenefit.accident,ObjectProperty,"('http://hl7.org/fhir/ExplanationOfBenefit.accident', 'ObjectProperty')"
http://hl7.org/fhir/ExplanationOfBenefit.accident.date,http://hl7.org/fhir/,ExplanationOfBenefit.accident.date,ObjectProperty,"('http://hl7.org/fhir/ExplanationOfBenefit.accident.date', 'ObjectProperty')"
http://hl7.org/fhir/ExplanationOfBenefit.accident.location,http://hl7.org/fhir/,ExplanationOfBenefit.accident.location,ObjectProperty,"('http://hl7.org/fhir/ExplanationOfBenefit.accident.location', 'ObjectProperty')"
http://hl7.org/fhir/ExplanationOfBenefit.accident.locationAddress,http://hl7.org/fhir/,ExplanationOfBenefit.accident.locationAddress,ObjectProperty,"('http://hl7.org/fhir/ExplanationOfBenefit.accident.locationAddress', 'ObjectProperty')"
http://hl7.org/fhir/ExplanationOfBenefit.accident.locationReference,http://hl7.org/fhir/,ExplanationOfBenefit.accident.locationReference,ObjectProperty,"('http://hl7.org/fhir/ExplanationOfBenefit.accident.locationReference', 'ObjectProperty')"
http://hl7.org/fhir/ExplanationOfBenefit.accident.type,http://hl7.org/fhir/,ExplanationOfBenefit.accident.type,ObjectProperty,"('http://hl7.org/fhir/ExplanationOfBenefit.accident.type', 'ObjectProperty')"
http://hl7.org/fhir/ExplanationOfBenefit.addItem,http://hl7.org/fhir/,ExplanationOfBenefit.addItem,ObjectProperty,"('http://hl7.org/fhir/ExplanationOfBenefit.addItem', 'ObjectProperty')"
http://hl7.org/fhir/ExplanationOfBenefit.addItem.adjudication,http://hl7.org/fhir/,ExplanationOfBenefit.addItem.adjudication,ObjectProperty,"('http://hl7.org/fhir/ExplanationOfBenefit.addItem.adjudication', 'ObjectProperty')"
http://hl7.org/fhir/ExplanationOfBenefit.addItem.category,http://hl7.org/fhir/,ExplanationOfBenefit.addItem.category,ObjectProperty,"('http://hl7.org/fhir/ExplanationOfBenefit.addItem.category', 'ObjectProperty')"
http://hl7.org/fhir/ExplanationOfBenefit.addItem.detail,http://hl7.org/fhir/,ExplanationOfBenefit.addItem.detail,ObjectProperty,"('http://hl7.org/fhir/ExplanationOfBenefit.addItem.detail', 'ObjectProperty')"
http://hl7.org/fhir/ExplanationOfBenefit.addItem.detail.adjudication,http://hl7.org/fhir/,ExplanationOfBenefit.addItem.detail.adjudication,ObjectProperty,"('http://hl7.org/fhir/ExplanationOfBenefit.addItem.detail.adjudication', 'ObjectProperty')"
http://hl7.org/fhir/ExplanationOfBenefit.addItem.detail.category,http://hl7.org/fhir/,ExplanationOfBenefit.addItem.detail.category,ObjectProperty,"('http://hl7.org/fhir/ExplanationOfBenefit.addItem.detail.category', 'ObjectProperty')"
http://hl7.org/fhir/ExplanationOfBenefit.addItem.detail.fee,http://hl7.org/fhir/,ExplanationOfBenefit.addItem.detail.fee,ObjectProperty,"('http://hl7.org/fhir/ExplanationOfBenefit.addItem.detail.fee', 'ObjectProperty')"
http://hl7.org/fhir/ExplanationOfBenefit.addItem.detail.modifier,http://hl7.org/fhir/,ExplanationOfBenefit.addItem.detail.modifier,ObjectProperty,"('http://hl7.org/fhir/ExplanationOfBenefit.addItem.detail.modifier', 'ObjectProperty')"
http://hl7.org/fhir/ExplanationOfBenefit.addItem.detail.noteNumber,http://hl7.org/fhir/,ExplanationOfBenefit.addItem.detail.noteNumber,ObjectProperty,"('http://hl7.org/fhir/ExplanationOfBenefit.addItem.detail.noteNumber', 'ObjectProperty')"
http://hl7.org/fhir/ExplanationOfBenefit.addItem.detail.revenue,http://hl7.org/fhir/,ExplanationOfBenefit.addItem.detail.revenue,ObjectProperty,"('http://hl7.org/fhir/ExplanationOfBenefit.addItem.detail.revenue', 'ObjectProperty')"
http://hl7.org/fhir/ExplanationOfBenefit.addItem.detail.service,http://hl7.org/fhir/,ExplanationOfBenefit.addItem.detail.service,ObjectProperty,"('http://hl7.org/fhir/ExplanationOfBenefit.addItem.detail.service', 'ObjectProperty')"
http://hl7.org/fhir/ExplanationOfBenefit.addItem.fee,http://hl7.org/fhir/,ExplanationOfBenefit.addItem.fee,ObjectProperty,"('http://hl7.org/fhir/ExplanationOfBenefit.addItem.fee', 'ObjectProperty')"
http://hl7.org/fhir/ExplanationOfBenefit.addItem.modifier,http://hl7.org/fhir/,ExplanationOfBenefit.addItem.modifier,ObjectProperty,"('http://hl7.org/fhir/ExplanationOfBenefit.addItem.modifier', 'ObjectProperty')"
http://hl7.org/fhir/ExplanationOfBenefit.addItem.noteNumber,http://hl7.org/fhir/,ExplanationOfBenefit.addItem.noteNumber,ObjectProperty,"('http://hl7.org/fhir/ExplanationOfBenefit.addItem.noteNumber', 'ObjectProperty')"
http://hl7.org/fhir/ExplanationOfBenefit.addItem.revenue,http://hl7.org/fhir/,ExplanationOfBenefit.addItem.revenue,ObjectProperty,"('http://hl7.org/fhir/ExplanationOfBenefit.addItem.revenue', 'ObjectProperty')"
http://hl7.org/fhir/ExplanationOfBenefit.addItem.sequenceLinkId,http://hl7.org/fhir/,ExplanationOfBenefit.addItem.sequenceLinkId,ObjectProperty,"('http://hl7.org/fhir/ExplanationOfBenefit.addItem.sequenceLinkId', 'ObjectProperty')"
http://hl7.org/fhir/ExplanationOfBenefit.addItem.service,http://hl7.org/fhir/,ExplanationOfBenefit.addItem.service,ObjectProperty,"('http://hl7.org/fhir/ExplanationOfBenefit.addItem.service', 'ObjectProperty')"
http://hl7.org/fhir/ExplanationOfBenefit.benefitBalance,http://hl7.org/fhir/,ExplanationOfBenefit.benefitBalance,ObjectProperty,"('http://hl7.org/fhir/ExplanationOfBenefit.benefitBalance', 'ObjectProperty')"
http://hl7.org/fhir/ExplanationOfBenefit.benefitBalance.category,http://hl7.org/fhir/,ExplanationOfBenefit.benefitBalance.category,ObjectProperty,"('http://hl7.org/fhir/ExplanationOfBenefit.benefitBalance.category', 'ObjectProperty')"
http://hl7.org/fhir/ExplanationOfBenefit.benefitBalance.description,http://hl7.org/fhir/,ExplanationOfBenefit.benefitBalance.description,ObjectProperty,"('http://hl7.org/fhir/ExplanationOfBenefit.benefitBalance.description', 'ObjectProperty')"
http://hl7.org/fhir/ExplanationOfBenefit.benefitBalance.excluded,http://hl7.org/fhir/,ExplanationOfBenefit.benefitBalance.excluded,ObjectProperty,"('http://hl7.org/fhir/ExplanationOfBenefit.benefitBalance.excluded', 'ObjectProperty')"
http://hl7.org/fhir/ExplanationOfBenefit.benefitBalance.financial,http://hl7.org/fhir/,ExplanationOfBenefit.benefitBalance.financial,ObjectProperty,"('http://hl7.org/fhir/ExplanationOfBenefit.benefitBalance.financial', 'ObjectProperty')"
http://hl7.org/fhir/ExplanationOfBenefit.benefitBalance.financial.allowed,http://hl7.org/fhir/,ExplanationOfBenefit.benefitBalance.financial.allowed,ObjectProperty,"('http://hl7.org/fhir/ExplanationOfBenefit.benefitBalance.financial.allowed', 'ObjectProperty')"
http://hl7.org/fhir/ExplanationOfBenefit.benefitBalance.financial.allowedMoney,http://hl7.org/fhir/,ExplanationOfBenefit.benefitBalance.financial.allowedMoney,ObjectProperty,"('http://hl7.org/fhir/ExplanationOfBenefit.benefitBalance.financial.allowedMoney', 'ObjectProperty')"
http://hl7.org/fhir/ExplanationOfBenefit.benefitBalance.financial.allowedString,http://hl7.org/fhir/,ExplanationOfBenefit.benefitBalance.financial.allowedString,ObjectProperty,"('http://hl7.org/fhir/ExplanationOfBenefit.benefitBalance.financial.allowedString', 'ObjectProperty')"
http://hl7.org/fhir/ExplanationOfBenefit.benefitBalance.financial.allowedUnsignedInt,http://hl7.org/fhir/,ExplanationOfBenefit.benefitBalance.financial.allowedUnsignedInt,ObjectProperty,"('http://hl7.org/fhir/ExplanationOfBenefit.benefitBalance.financial.allowedUnsignedInt', 'ObjectProperty')"
http://hl7.org/fhir/ExplanationOfBenefit.benefitBalance.financial.type,http://hl7.org/fhir/,ExplanationOfBenefit.benefitBalance.financial.type,ObjectProperty,"('http://hl7.org/fhir/ExplanationOfBenefit.benefitBalance.financial.type', 'ObjectProperty')"
http://hl7.org/fhir/ExplanationOfBenefit.benefitBalance.financial.used,http://hl7.org/fhir/,ExplanationOfBenefit.benefitBalance.financial.used,ObjectProperty,"('http://hl7.org/fhir/ExplanationOfBenefit.benefitBalance.financial.used', 'ObjectProperty')"
http://hl7.org/fhir/ExplanationOfBenefit.benefitBalance.financial.usedMoney,http://hl7.org/fhir/,ExplanationOfBenefit.benefitBalance.financial.usedMoney,ObjectProperty,"('http://hl7.org/fhir/ExplanationOfBenefit.benefitBalance.financial.usedMoney', 'ObjectProperty')"
http://hl7.org/fhir/ExplanationOfBenefit.benefitBalance.financial.usedUnsignedInt,http://hl7.org/fhir/,ExplanationOfBenefit.benefitBalance.financial.usedUnsignedInt,ObjectProperty,"('http://hl7.org/fhir/ExplanationOfBenefit.benefitBalance.financial.usedUnsignedInt', 'ObjectProperty')"
http://hl7.org/fhir/ExplanationOfBenefit.benefitBalance.name,http://hl7.org/fhir/,ExplanationOfBenefit.benefitBalance.name,ObjectProperty,"('http://hl7.org/fhir/ExplanationOfBenefit.benefitBalance.name', 'ObjectProperty')"
http://hl7.org/fhir/ExplanationOfBenefit.benefitBalance.network,http://hl7.org/fhir/,ExplanationOfBenefit.benefitBalance.network,ObjectProperty,"('http://hl7.org/fhir/ExplanationOfBenefit.benefitBalance.network', 'ObjectProperty')"
http://hl7.org/fhir/ExplanationOfBenefit.benefitBalance.subCategory,http://hl7.org/fhir/,ExplanationOfBenefit.benefitBalance.subCategory,ObjectProperty,"('http://hl7.org/fhir/ExplanationOfBenefit.benefitBalance.subCategory', 'ObjectProperty')"
http://hl7.org/fhir/ExplanationOfBenefit.benefitBalance.term,http://hl7.org/fhir/,ExplanationOfBenefit.benefitBalance.term,ObjectProperty,"('http://hl7.org/fhir/ExplanationOfBenefit.benefitBalance.term', 'ObjectProperty')"
http://hl7.org/fhir/ExplanationOfBenefit.benefitBalance.unit,http://hl7.org/fhir/,ExplanationOfBenefit.benefitBalance.unit,ObjectProperty,"('http://hl7.org/fhir/ExplanationOfBenefit.benefitBalance.unit', 'ObjectProperty')"
http://hl7.org/fhir/ExplanationOfBenefit.billablePeriod,http://hl7.org/fhir/,ExplanationOfBenefit.billablePeriod,ObjectProperty,"('http://hl7.org/fhir/ExplanationOfBenefit.billablePeriod', 'ObjectProperty')"
http://hl7.org/fhir/ExplanationOfBenefit.careTeam,http://hl7.org/fhir/,ExplanationOfBenefit.careTeam,ObjectProperty,"('http://hl7.org/fhir/ExplanationOfBenefit.careTeam', 'ObjectProperty')"
http://hl7.org/fhir/ExplanationOfBenefit.careTeam.provider,http://hl7.org/fhir/,ExplanationOfBenefit.careTeam.provider,ObjectProperty,"('http://hl7.org/fhir/ExplanationOfBenefit.careTeam.provider', 'ObjectProperty')"
http://hl7.org/fhir/ExplanationOfBenefit.careTeam.qualification,http://hl7.org/fhir/,ExplanationOfBenefit.careTeam.qualification,ObjectProperty,"('http://hl7.org/fhir/ExplanationOfBenefit.careTeam.qualification', 'ObjectProperty')"
http://hl7.org/fhir/ExplanationOfBenefit.careTeam.responsible,http://hl7.org/fhir/,ExplanationOfBenefit.careTeam.responsible,ObjectProperty,"('http://hl7.org/fhir/ExplanationOfBenefit.careTeam.responsible', 'ObjectProperty')"
http://hl7.org/fhir/ExplanationOfBenefit.careTeam.role,http://hl7.org/fhir/,ExplanationOfBenefit.careTeam.role,ObjectProperty,"('http://hl7.org/fhir/ExplanationOfBenefit.careTeam.role', 'ObjectProperty')"
http://hl7.org/fhir/ExplanationOfBenefit.careTeam.sequence,http://hl7.org/fhir/,ExplanationOfBenefit.careTeam.sequence,ObjectProperty,"('http://hl7.org/fhir/ExplanationOfBenefit.careTeam.sequence', 'ObjectProperty')"
http://hl7.org/fhir/ExplanationOfBenefit.claim,http://hl7.org/fhir/,ExplanationOfBenefit.claim,ObjectProperty,"('http://hl7.org/fhir/ExplanationOfBenefit.claim', 'ObjectProperty')"
http://hl7.org/fhir/ExplanationOfBenefit.claimResponse,http://hl7.org/fhir/,ExplanationOfBenefit.claimResponse,ObjectProperty,"('http://hl7.org/fhir/ExplanationOfBenefit.claimResponse', 'ObjectProperty')"
http://hl7.org/fhir/ExplanationOfBenefit.created,http://hl7.org/fhir/,ExplanationOfBenefit.created,ObjectProperty,"('http://hl7.org/fhir/ExplanationOfBenefit.created', 'ObjectProperty')"
http://hl7.org/fhir/ExplanationOfBenefit.diagnosis,http://hl7.org/fhir/,ExplanationOfBenefit.diagnosis,ObjectProperty,"('http://hl7.org/fhir/ExplanationOfBenefit.diagnosis', 'ObjectProperty')"
http://hl7.org/fhir/ExplanationOfBenefit.diagnosis.diagnosis,http://hl7.org/fhir/,ExplanationOfBenefit.diagnosis.diagnosis,ObjectProperty,"('http://hl7.org/fhir/ExplanationOfBenefit.diagnosis.diagnosis', 'ObjectProperty')"
http://hl7.org/fhir/ExplanationOfBenefit.diagnosis.diagnosisCodeableConcept,http://hl7.org/fhir/,ExplanationOfBenefit.diagnosis.diagnosisCodeableConcept,ObjectProperty,"('http://hl7.org/fhir/ExplanationOfBenefit.diagnosis.diagnosisCodeableConcept', 'ObjectProperty')"
http://hl7.org/fhir/ExplanationOfBenefit.diagnosis.diagnosisReference,http://hl7.org/fhir/,ExplanationOfBenefit.diagnosis.diagnosisReference,ObjectProperty,"('http://hl7.org/fhir/ExplanationOfBenefit.diagnosis.diagnosisReference', 'ObjectProperty')"
http://hl7.org/fhir/ExplanationOfBenefit.diagnosis.packageCode,http://hl7.org/fhir/,ExplanationOfBenefit.diagnosis.packageCode,ObjectProperty,"('http://hl7.org/fhir/ExplanationOfBenefit.diagnosis.packageCode', 'ObjectProperty')"
http://hl7.org/fhir/ExplanationOfBenefit.diagnosis.sequence,http://hl7.org/fhir/,ExplanationOfBenefit.diagnosis.sequence,ObjectProperty,"('http://hl7.org/fhir/ExplanationOfBenefit.diagnosis.sequence', 'ObjectProperty')"
http://hl7.org/fhir/ExplanationOfBenefit.diagnosis.type,http://hl7.org/fhir/,ExplanationOfBenefit.diagnosis.type,ObjectProperty,"('http://hl7.org/fhir/ExplanationOfBenefit.diagnosis.type', 'ObjectProperty')"
http://hl7.org/fhir/ExplanationOfBenefit.disposition,http://hl7.org/fhir/,ExplanationOfBenefit.disposition,ObjectProperty,"('http://hl7.org/fhir/ExplanationOfBenefit.disposition', 'ObjectProperty')"
http://hl7.org/fhir/ExplanationOfBenefit.employmentImpacted,http://hl7.org/fhir/,ExplanationOfBenefit.employmentImpacted,ObjectProperty,"('http://hl7.org/fhir/ExplanationOfBenefit.employmentImpacted', 'ObjectProperty')"
http://hl7.org/fhir/ExplanationOfBenefit.enterer,http://hl7.org/fhir/,ExplanationOfBenefit.enterer,ObjectProperty,"('http://hl7.org/fhir/ExplanationOfBenefit.enterer', 'ObjectProperty')"
http://hl7.org/fhir/ExplanationOfBenefit.facility,http://hl7.org/fhir/,ExplanationOfBenefit.facility,ObjectProperty,"('http://hl7.org/fhir/ExplanationOfBenefit.facility', 'ObjectProperty')"
http://hl7.org/fhir/ExplanationOfBenefit.form,http://hl7.org/fhir/,ExplanationOfBenefit.form,ObjectProperty,"('http://hl7.org/fhir/ExplanationOfBenefit.form', 'ObjectProperty')"
http://hl7.org/fhir/ExplanationOfBenefit.hospitalization,http://hl7.org/fhir/,ExplanationOfBenefit.hospitalization,ObjectProperty,"('http://hl7.org/fhir/ExplanationOfBenefit.hospitalization', 'ObjectProperty')"
http://hl7.org/fhir/ExplanationOfBenefit.identifier,http://hl7.org/fhir/,ExplanationOfBenefit.identifier,ObjectProperty,"('http://hl7.org/fhir/ExplanationOfBenefit.identifier', 'ObjectProperty')"
http://hl7.org/fhir/ExplanationOfBenefit.information,http://hl7.org/fhir/,ExplanationOfBenefit.information,ObjectProperty,"('http://hl7.org/fhir/ExplanationOfBenefit.information', 'ObjectProperty')"
http://hl7.org/fhir/ExplanationOfBenefit.information.category,http://hl7.org/fhir/,ExplanationOfBenefit.information.category,ObjectProperty,"('http://hl7.org/fhir/ExplanationOfBenefit.information.category', 'ObjectProperty')"
http://hl7.org/fhir/ExplanationOfBenefit.information.code,http://hl7.org/fhir/,ExplanationOfBenefit.information.code,ObjectProperty,"('http://hl7.org/fhir/ExplanationOfBenefit.information.code', 'ObjectProperty')"
http://hl7.org/fhir/ExplanationOfBenefit.information.reason,http://hl7.org/fhir/,ExplanationOfBenefit.information.reason,ObjectProperty,"('http://hl7.org/fhir/ExplanationOfBenefit.information.reason', 'ObjectProperty')"
http://hl7.org/fhir/ExplanationOfBenefit.information.sequence,http://hl7.org/fhir/,ExplanationOfBenefit.information.sequence,ObjectProperty,"('http://hl7.org/fhir/ExplanationOfBenefit.information.sequence', 'ObjectProperty')"
http://hl7.org/fhir/ExplanationOfBenefit.information.timing,http://hl7.org/fhir/,ExplanationOfBenefit.information.timing,ObjectProperty,"('http://hl7.org/fhir/ExplanationOfBenefit.information.timing', 'ObjectProperty')"
http://hl7.org/fhir/ExplanationOfBenefit.information.timingDate,http://hl7.org/fhir/,ExplanationOfBenefit.information.timingDate,ObjectProperty,"('http://hl7.org/fhir/ExplanationOfBenefit.information.timingDate', 'ObjectProperty')"
http://hl7.org/fhir/ExplanationOfBenefit.information.timingPeriod,http://hl7.org/fhir/,ExplanationOfBenefit.information.timingPeriod,ObjectProperty,"('http://hl7.org/fhir/ExplanationOfBenefit.information.timingPeriod', 'ObjectProperty')"
http://hl7.org/fhir/ExplanationOfBenefit.information.value,http://hl7.org/fhir/,ExplanationOfBenefit.information.value,ObjectProperty,"('http://hl7.org/fhir/ExplanationOfBenefit.information.value', 'ObjectProperty')"
http://hl7.org/fhir/ExplanationOfBenefit.information.valueAttachment,http://hl7.org/fhir/,ExplanationOfBenefit.information.valueAttachment,ObjectProperty,"('http://hl7.org/fhir/ExplanationOfBenefit.information.valueAttachment', 'ObjectProperty')"
http://hl7.org/fhir/ExplanationOfBenefit.information.valueQuantity,http://hl7.org/fhir/,ExplanationOfBenefit.information.valueQuantity,ObjectProperty,"('http://hl7.org/fhir/ExplanationOfBenefit.information.valueQuantity', 'ObjectProperty')"
http://hl7.org/fhir/ExplanationOfBenefit.information.valueReference,http://hl7.org/fhir/,ExplanationOfBenefit.information.valueReference,ObjectProperty,"('http://hl7.org/fhir/ExplanationOfBenefit.information.valueReference', 'ObjectProperty')"
http://hl7.org/fhir/ExplanationOfBenefit.information.valueString,http://hl7.org/fhir/,ExplanationOfBenefit.information.valueString,ObjectProperty,"('http://hl7.org/fhir/ExplanationOfBenefit.information.valueString', 'ObjectProperty')"
http://hl7.org/fhir/ExplanationOfBenefit.insurance,http://hl7.org/fhir/,ExplanationOfBenefit.insurance,ObjectProperty,"('http://hl7.org/fhir/ExplanationOfBenefit.insurance', 'ObjectProperty')"
http://hl7.org/fhir/ExplanationOfBenefit.insurance.coverage,http://hl7.org/fhir/,ExplanationOfBenefit.insurance.coverage,ObjectProperty,"('http://hl7.org/fhir/ExplanationOfBenefit.insurance.coverage', 'ObjectProperty')"
http://hl7.org/fhir/ExplanationOfBenefit.insurance.preAuthRef,http://hl7.org/fhir/,ExplanationOfBenefit.insurance.preAuthRef,ObjectProperty,"('http://hl7.org/fhir/ExplanationOfBenefit.insurance.preAuthRef', 'ObjectProperty')"
http://hl7.org/fhir/ExplanationOfBenefit.insurer,http://hl7.org/fhir/,ExplanationOfBenefit.insurer,ObjectProperty,"('http://hl7.org/fhir/ExplanationOfBenefit.insurer', 'ObjectProperty')"
http://hl7.org/fhir/ExplanationOfBenefit.item,http://hl7.org/fhir/,ExplanationOfBenefit.item,ObjectProperty,"('http://hl7.org/fhir/ExplanationOfBenefit.item', 'ObjectProperty')"
http://hl7.org/fhir/ExplanationOfBenefit.item.adjudication,http://hl7.org/fhir/,ExplanationOfBenefit.item.adjudication,ObjectProperty,"('http://hl7.org/fhir/ExplanationOfBenefit.item.adjudication', 'ObjectProperty')"
http://hl7.org/fhir/ExplanationOfBenefit.item.adjudication.amount,http://hl7.org/fhir/,ExplanationOfBenefit.item.adjudication.amount,ObjectProperty,"('http://hl7.org/fhir/ExplanationOfBenefit.item.adjudication.amount', 'ObjectProperty')"
http://hl7.org/fhir/ExplanationOfBenefit.item.adjudication.category,http://hl7.org/fhir/,ExplanationOfBenefit.item.adjudication.category,ObjectProperty,"('http://hl7.org/fhir/ExplanationOfBenefit.item.adjudication.category', 'ObjectProperty')"
http://hl7.org/fhir/ExplanationOfBenefit.item.adjudication.reason,http://hl7.org/fhir/,ExplanationOfBenefit.item.adjudication.reason,ObjectProperty,"('http://hl7.org/fhir/ExplanationOfBenefit.item.adjudication.reason', 'ObjectProperty')"
http://hl7.org/fhir/ExplanationOfBenefit.item.adjudication.value,http://hl7.org/fhir/,ExplanationOfBenefit.item.adjudication.value,ObjectProperty,"('http://hl7.org/fhir/ExplanationOfBenefit.item.adjudication.value', 'ObjectProperty')"
http://hl7.org/fhir/ExplanationOfBenefit.item.bodySite,http://hl7.org/fhir/,ExplanationOfBenefit.item.bodySite,ObjectProperty,"('http://hl7.org/fhir/ExplanationOfBenefit.item.bodySite', 'ObjectProperty')"
http://hl7.org/fhir/ExplanationOfBenefit.item.careTeamLinkId,http://hl7.org/fhir/,ExplanationOfBenefit.item.careTeamLinkId,ObjectProperty,"('http://hl7.org/fhir/ExplanationOfBenefit.item.careTeamLinkId', 'ObjectProperty')"
http://hl7.org/fhir/ExplanationOfBenefit.item.category,http://hl7.org/fhir/,ExplanationOfBenefit.item.category,ObjectProperty,"('http://hl7.org/fhir/ExplanationOfBenefit.item.category', 'ObjectProperty')"
http://hl7.org/fhir/ExplanationOfBenefit.item.detail,http://hl7.org/fhir/,ExplanationOfBenefit.item.detail,ObjectProperty,"('http://hl7.org/fhir/ExplanationOfBenefit.item.detail', 'ObjectProperty')"
http://hl7.org/fhir/ExplanationOfBenefit.item.detail.adjudication,http://hl7.org/fhir/,ExplanationOfBenefit.item.detail.adjudication,ObjectProperty,"('http://hl7.org/fhir/ExplanationOfBenefit.item.detail.adjudication', 'ObjectProperty')"
http://hl7.org/fhir/ExplanationOfBenefit.item.detail.category,http://hl7.org/fhir/,ExplanationOfBenefit.item.detail.category,ObjectProperty,"('http://hl7.org/fhir/ExplanationOfBenefit.item.detail.category', 'ObjectProperty')"
http://hl7.org/fhir/ExplanationOfBenefit.item.detail.factor,http://hl7.org/fhir/,ExplanationOfBenefit.item.detail.factor,ObjectProperty,"('http://hl7.org/fhir/ExplanationOfBenefit.item.detail.factor', 'ObjectProperty')"
http://hl7.org/fhir/ExplanationOfBenefit.item.detail.modifier,http://hl7.org/fhir/,ExplanationOfBenefit.item.detail.modifier,ObjectProperty,"('http://hl7.org/fhir/ExplanationOfBenefit.item.detail.modifier', 'ObjectProperty')"
http://hl7.org/fhir/ExplanationOfBenefit.item.detail.net,http://hl7.org/fhir/,ExplanationOfBenefit.item.detail.net,ObjectProperty,"('http://hl7.org/fhir/ExplanationOfBenefit.item.detail.net', 'ObjectProperty')"
http://hl7.org/fhir/ExplanationOfBenefit.item.detail.noteNumber,http://hl7.org/fhir/,ExplanationOfBenefit.item.detail.noteNumber,ObjectProperty,"('http://hl7.org/fhir/ExplanationOfBenefit.item.detail.noteNumber', 'ObjectProperty')"
http://hl7.org/fhir/ExplanationOfBenefit.item.detail.programCode,http://hl7.org/fhir/,ExplanationOfBenefit.item.detail.programCode,ObjectProperty,"('http://hl7.org/fhir/ExplanationOfBenefit.item.detail.programCode', 'ObjectProperty')"
http://hl7.org/fhir/ExplanationOfBenefit.item.detail.quantity,http://hl7.org/fhir/,ExplanationOfBenefit.item.detail.quantity,ObjectProperty,"('http://hl7.org/fhir/ExplanationOfBenefit.item.detail.quantity', 'ObjectProperty')"
http://hl7.org/fhir/ExplanationOfBenefit.item.detail.revenue,http://hl7.org/fhir/,ExplanationOfBenefit.item.detail.revenue,ObjectProperty,"('http://hl7.org/fhir/ExplanationOfBenefit.item.detail.revenue', 'ObjectProperty')"
http://hl7.org/fhir/ExplanationOfBenefit.item.detail.sequence,http://hl7.org/fhir/,ExplanationOfBenefit.item.detail.sequence,ObjectProperty,"('http://hl7.org/fhir/ExplanationOfBenefit.item.detail.sequence', 'ObjectProperty')"
http://hl7.org/fhir/ExplanationOfBenefit.item.detail.service,http://hl7.org/fhir/,ExplanationOfBenefit.item.detail.service,ObjectProperty,"('http://hl7.org/fhir/ExplanationOfBenefit.item.detail.service', 'ObjectProperty')"
http://hl7.org/fhir/ExplanationOfBenefit.item.detail.subDetail,http://hl7.org/fhir/,ExplanationOfBenefit.item.detail.subDetail,ObjectProperty,"('http://hl7.org/fhir/ExplanationOfBenefit.item.detail.subDetail', 'ObjectProperty')"
http://hl7.org/fhir/ExplanationOfBenefit.item.detail.subDetail.adjudication,http://hl7.org/fhir/,ExplanationOfBenefit.item.detail.subDetail.adjudication,ObjectProperty,"('http://hl7.org/fhir/ExplanationOfBenefit.item.detail.subDetail.adjudication', 'ObjectProperty')"
http://hl7.org/fhir/ExplanationOfBenefit.item.detail.subDetail.category,http://hl7.org/fhir/,ExplanationOfBenefit.item.detail.subDetail.category,ObjectProperty,"('http://hl7.org/fhir/ExplanationOfBenefit.item.detail.subDetail.category', 'ObjectProperty')"
http://hl7.org/fhir/ExplanationOfBenefit.item.detail.subDetail.factor,http://hl7.org/fhir/,ExplanationOfBenefit.item.detail.subDetail.factor,ObjectProperty,"('http://hl7.org/fhir/ExplanationOfBenefit.item.detail.subDetail.factor', 'ObjectProperty')"
http://hl7.org/fhir/ExplanationOfBenefit.item.detail.subDetail.modifier,http://hl7.org/fhir/,ExplanationOfBenefit.item.detail.subDetail.modifier,ObjectProperty,"('http://hl7.org/fhir/ExplanationOfBenefit.item.detail.subDetail.modifier', 'ObjectProperty')"
http://hl7.org/fhir/ExplanationOfBenefit.item.detail.subDetail.net,http://hl7.org/fhir/,ExplanationOfBenefit.item.detail.subDetail.net,ObjectProperty,"('http://hl7.org/fhir/ExplanationOfBenefit.item.detail.subDetail.net', 'ObjectProperty')"
http://hl7.org/fhir/ExplanationOfBenefit.item.detail.subDetail.noteNumber,http://hl7.org/fhir/,ExplanationOfBenefit.item.detail.subDetail.noteNumber,ObjectProperty,"('http://hl7.org/fhir/ExplanationOfBenefit.item.detail.subDetail.noteNumber', 'ObjectProperty')"
http://hl7.org/fhir/ExplanationOfBenefit.item.detail.subDetail.programCode,http://hl7.org/fhir/,ExplanationOfBenefit.item.detail.subDetail.programCode,ObjectProperty,"('http://hl7.org/fhir/ExplanationOfBenefit.item.detail.subDetail.programCode', 'ObjectProperty')"
http://hl7.org/fhir/ExplanationOfBenefit.item.detail.subDetail.quantity,http://hl7.org/fhir/,ExplanationOfBenefit.item.detail.subDetail.quantity,ObjectProperty,"('http://hl7.org/fhir/ExplanationOfBenefit.item.detail.subDetail.quantity', 'ObjectProperty')"
http://hl7.org/fhir/ExplanationOfBenefit.item.detail.subDetail.revenue,http://hl7.org/fhir/,ExplanationOfBenefit.item.detail.subDetail.revenue,ObjectProperty,"('http://hl7.org/fhir/ExplanationOfBenefit.item.detail.subDetail.revenue', 'ObjectProperty')"
http://hl7.org/fhir/ExplanationOfBenefit.item.detail.subDetail.sequence,http://hl7.org/fhir/,ExplanationOfBenefit.item.detail.subDetail.sequence,ObjectProperty,"('http://hl7.org/fhir/ExplanationOfBenefit.item.detail.subDetail.sequence', 'ObjectProperty')"
http://hl7.org/fhir/ExplanationOfBenefit.item.detail.subDetail.service,http://hl7.org/fhir/,ExplanationOfBenefit.item.detail.subDetail.service,ObjectProperty,"('http://hl7.org/fhir/ExplanationOfBenefit.item.detail.subDetail.service', 'ObjectProperty')"
http://hl7.org/fhir/ExplanationOfBenefit.item.detail.subDetail.type,http://hl7.org/fhir/,ExplanationOfBenefit.item.detail.subDetail.type,ObjectProperty,"('http://hl7.org/fhir/ExplanationOfBenefit.item.detail.subDetail.type', 'ObjectProperty')"
http://hl7.org/fhir/ExplanationOfBenefit.item.detail.subDetail.udi,http://hl7.org/fhir/,ExplanationOfBenefit.item.detail.subDetail.udi,ObjectProperty,"('http://hl7.org/fhir/ExplanationOfBenefit.item.detail.subDetail.udi', 'ObjectProperty')"
http://hl7.org/fhir/ExplanationOfBenefit.item.detail.subDetail.unitPrice,http://hl7.org/fhir/,ExplanationOfBenefit.item.detail.subDetail.unitPrice,ObjectProperty,"('http://hl7.org/fhir/ExplanationOfBenefit.item.detail.subDetail.unitPrice', 'ObjectProperty')"
http://hl7.org/fhir/ExplanationOfBenefit.item.detail.type,http://hl7.org/fhir/,ExplanationOfBenefit.item.detail.type,ObjectProperty,"('http://hl7.org/fhir/ExplanationOfBenefit.item.detail.type', 'ObjectProperty')"
http://hl7.org/fhir/ExplanationOfBenefit.item.detail.udi,http://hl7.org/fhir/,ExplanationOfBenefit.item.detail.udi,ObjectProperty,"('http://hl7.org/fhir/ExplanationOfBenefit.item.detail.udi', 'ObjectProperty')"
http://hl7.org/fhir/ExplanationOfBenefit.item.detail.unitPrice,http://hl7.org/fhir/,ExplanationOfBenefit.item.detail.unitPrice,ObjectProperty,"('http://hl7.org/fhir/ExplanationOfBenefit.item.detail.unitPrice', 'ObjectProperty')"
http://hl7.org/fhir/ExplanationOfBenefit.item.diagnosisLinkId,http://hl7.org/fhir/,ExplanationOfBenefit.item.diagnosisLinkId,ObjectProperty,"('http://hl7.org/fhir/ExplanationOfBenefit.item.diagnosisLinkId', 'ObjectProperty')"
http://hl7.org/fhir/ExplanationOfBenefit.item.encounter,http://hl7.org/fhir/,ExplanationOfBenefit.item.encounter,ObjectProperty,"('http://hl7.org/fhir/ExplanationOfBenefit.item.encounter', 'ObjectProperty')"
http://hl7.org/fhir/ExplanationOfBenefit.item.factor,http://hl7.org/fhir/,ExplanationOfBenefit.item.factor,ObjectProperty,"('http://hl7.org/fhir/ExplanationOfBenefit.item.factor', 'ObjectProperty')"
http://hl7.org/fhir/ExplanationOfBenefit.item.informationLinkId,http://hl7.org/fhir/,ExplanationOfBenefit.item.informationLinkId,ObjectProperty,"('http://hl7.org/fhir/ExplanationOfBenefit.item.informationLinkId', 'ObjectProperty')"
http://hl7.org/fhir/ExplanationOfBenefit.item.location,http://hl7.org/fhir/,ExplanationOfBenefit.item.location,ObjectProperty,"('http://hl7.org/fhir/ExplanationOfBenefit.item.location', 'ObjectProperty')"
http://hl7.org/fhir/ExplanationOfBenefit.item.locationAddress,http://hl7.org/fhir/,ExplanationOfBenefit.item.locationAddress,ObjectProperty,"('http://hl7.org/fhir/ExplanationOfBenefit.item.locationAddress', 'ObjectProperty')"
http://hl7.org/fhir/ExplanationOfBenefit.item.locationCodeableConcept,http://hl7.org/fhir/,ExplanationOfBenefit.item.locationCodeableConcept,ObjectProperty,"('http://hl7.org/fhir/ExplanationOfBenefit.item.locationCodeableConcept', 'ObjectProperty')"
http://hl7.org/fhir/ExplanationOfBenefit.item.locationReference,http://hl7.org/fhir/,ExplanationOfBenefit.item.locationReference,ObjectProperty,"('http://hl7.org/fhir/ExplanationOfBenefit.item.locationReference', 'ObjectProperty')"
http://hl7.org/fhir/ExplanationOfBenefit.item.modifier,http://hl7.org/fhir/,ExplanationOfBenefit.item.modifier,ObjectProperty,"('http://hl7.org/fhir/ExplanationOfBenefit.item.modifier', 'ObjectProperty')"
http://hl7.org/fhir/ExplanationOfBenefit.item.net,http://hl7.org/fhir/,ExplanationOfBenefit.item.net,ObjectProperty,"('http://hl7.org/fhir/ExplanationOfBenefit.item.net', 'ObjectProperty')"
http://hl7.org/fhir/ExplanationOfBenefit.item.noteNumber,http://hl7.org/fhir/,ExplanationOfBenefit.item.noteNumber,ObjectProperty,"('http://hl7.org/fhir/ExplanationOfBenefit.item.noteNumber', 'ObjectProperty')"
http://hl7.org/fhir/ExplanationOfBenefit.item.procedureLinkId,http://hl7.org/fhir/,ExplanationOfBenefit.item.procedureLinkId,ObjectProperty,"('http://hl7.org/fhir/ExplanationOfBenefit.item.procedureLinkId', 'ObjectProperty')"
http://hl7.org/fhir/ExplanationOfBenefit.item.programCode,http://hl7.org/fhir/,ExplanationOfBenefit.item.programCode,ObjectProperty,"('http://hl7.org/fhir/ExplanationOfBenefit.item.programCode', 'ObjectProperty')"
http://hl7.org/fhir/ExplanationOfBenefit.item.quantity,http://hl7.org/fhir/,ExplanationOfBenefit.item.quantity,ObjectProperty,"('http://hl7.org/fhir/ExplanationOfBenefit.item.quantity', 'ObjectProperty')"
http://hl7.org/fhir/ExplanationOfBenefit.item.revenue,http://hl7.org/fhir/,ExplanationOfBenefit.item.revenue,ObjectProperty,"('http://hl7.org/fhir/ExplanationOfBenefit.item.revenue', 'ObjectProperty')"
http://hl7.org/fhir/ExplanationOfBenefit.item.sequence,http://hl7.org/fhir/,ExplanationOfBenefit.item.sequence,ObjectProperty,"('http://hl7.org/fhir/ExplanationOfBenefit.item.sequence', 'ObjectProperty')"
http://hl7.org/fhir/ExplanationOfBenefit.item.service,http://hl7.org/fhir/,ExplanationOfBenefit.item.service,ObjectProperty,"('http://hl7.org/fhir/ExplanationOfBenefit.item.service', 'ObjectProperty')"
http://hl7.org/fhir/ExplanationOfBenefit.item.serviced,http://hl7.org/fhir/,ExplanationOfBenefit.item.serviced,ObjectProperty,"('http://hl7.org/fhir/ExplanationOfBenefit.item.serviced', 'ObjectProperty')"
http://hl7.org/fhir/ExplanationOfBenefit.item.servicedDate,http://hl7.org/fhir/,ExplanationOfBenefit.item.servicedDate,ObjectProperty,"('http://hl7.org/fhir/ExplanationOfBenefit.item.servicedDate', 'ObjectProperty')"
http://hl7.org/fhir/ExplanationOfBenefit.item.servicedPeriod,http://hl7.org/fhir/,ExplanationOfBenefit.item.servicedPeriod,ObjectProperty,"('http://hl7.org/fhir/ExplanationOfBenefit.item.servicedPeriod', 'ObjectProperty')"
http://hl7.org/fhir/ExplanationOfBenefit.item.subSite,http://hl7.org/fhir/,ExplanationOfBenefit.item.subSite,ObjectProperty,"('http://hl7.org/fhir/ExplanationOfBenefit.item.subSite', 'ObjectProperty')"
http://hl7.org/fhir/ExplanationOfBenefit.item.udi,http://hl7.org/fhir/,ExplanationOfBenefit.item.udi,ObjectProperty,"('http://hl7.org/fhir/ExplanationOfBenefit.item.udi', 'ObjectProperty')"
http://hl7.org/fhir/ExplanationOfBenefit.item.unitPrice,http://hl7.org/fhir/,ExplanationOfBenefit.item.unitPrice,ObjectProperty,"('http://hl7.org/fhir/ExplanationOfBenefit.item.unitPrice', 'ObjectProperty')"
http://hl7.org/fhir/ExplanationOfBenefit.organization,http://hl7.org/fhir/,ExplanationOfBenefit.organization,ObjectProperty,"('http://hl7.org/fhir/ExplanationOfBenefit.organization', 'ObjectProperty')"
http://hl7.org/fhir/ExplanationOfBenefit.originalPrescription,http://hl7.org/fhir/,ExplanationOfBenefit.originalPrescription,ObjectProperty,"('http://hl7.org/fhir/ExplanationOfBenefit.originalPrescription', 'ObjectProperty')"
http://hl7.org/fhir/ExplanationOfBenefit.outcome,http://hl7.org/fhir/,ExplanationOfBenefit.outcome,ObjectProperty,"('http://hl7.org/fhir/ExplanationOfBenefit.outcome', 'ObjectProperty')"
http://hl7.org/fhir/ExplanationOfBenefit.patient,http://hl7.org/fhir/,ExplanationOfBenefit.patient,ObjectProperty,"('http://hl7.org/fhir/ExplanationOfBenefit.patient', 'ObjectProperty')"
http://hl7.org/fhir/ExplanationOfBenefit.payee,http://hl7.org/fhir/,ExplanationOfBenefit.payee,ObjectProperty,"('http://hl7.org/fhir/ExplanationOfBenefit.payee', 'ObjectProperty')"
http://hl7.org/fhir/ExplanationOfBenefit.payee.party,http://hl7.org/fhir/,ExplanationOfBenefit.payee.party,ObjectProperty,"('http://hl7.org/fhir/ExplanationOfBenefit.payee.party', 'ObjectProperty')"
http://hl7.org/fhir/ExplanationOfBenefit.payee.resourceType,http://hl7.org/fhir/,ExplanationOfBenefit.payee.resourceType,ObjectProperty,"('http://hl7.org/fhir/ExplanationOfBenefit.payee.resourceType', 'ObjectProperty')"
http://hl7.org/fhir/ExplanationOfBenefit.payee.type,http://hl7.org/fhir/,ExplanationOfBenefit.payee.type,ObjectProperty,"('http://hl7.org/fhir/ExplanationOfBenefit.payee.type', 'ObjectProperty')"
http://hl7.org/fhir/ExplanationOfBenefit.payment,http://hl7.org/fhir/,ExplanationOfBenefit.payment,ObjectProperty,"('http://hl7.org/fhir/ExplanationOfBenefit.payment', 'ObjectProperty')"
http://hl7.org/fhir/ExplanationOfBenefit.payment.adjustment,http://hl7.org/fhir/,ExplanationOfBenefit.payment.adjustment,ObjectProperty,"('http://hl7.org/fhir/ExplanationOfBenefit.payment.adjustment', 'ObjectProperty')"
http://hl7.org/fhir/ExplanationOfBenefit.payment.adjustmentReason,http://hl7.org/fhir/,ExplanationOfBenefit.payment.adjustmentReason,ObjectProperty,"('http://hl7.org/fhir/ExplanationOfBenefit.payment.adjustmentReason', 'ObjectProperty')"
http://hl7.org/fhir/ExplanationOfBenefit.payment.amount,http://hl7.org/fhir/,ExplanationOfBenefit.payment.amount,ObjectProperty,"('http://hl7.org/fhir/ExplanationOfBenefit.payment.amount', 'ObjectProperty')"
http://hl7.org/fhir/ExplanationOfBenefit.payment.date,http://hl7.org/fhir/,ExplanationOfBenefit.payment.date,ObjectProperty,"('http://hl7.org/fhir/ExplanationOfBenefit.payment.date', 'ObjectProperty')"
http://hl7.org/fhir/ExplanationOfBenefit.payment.identifier,http://hl7.org/fhir/,ExplanationOfBenefit.payment.identifier,ObjectProperty,"('http://hl7.org/fhir/ExplanationOfBenefit.payment.identifier', 'ObjectProperty')"
http://hl7.org/fhir/ExplanationOfBenefit.payment.type,http://hl7.org/fhir/,ExplanationOfBenefit.payment.type,ObjectProperty,"('http://hl7.org/fhir/ExplanationOfBenefit.payment.type', 'ObjectProperty')"
http://hl7.org/fhir/ExplanationOfBenefit.precedence,http://hl7.org/fhir/,ExplanationOfBenefit.precedence,ObjectProperty,"('http://hl7.org/fhir/ExplanationOfBenefit.precedence', 'ObjectProperty')"
http://hl7.org/fhir/ExplanationOfBenefit.prescription,http://hl7.org/fhir/,ExplanationOfBenefit.prescription,ObjectProperty,"('http://hl7.org/fhir/ExplanationOfBenefit.prescription', 'ObjectProperty')"
http://hl7.org/fhir/ExplanationOfBenefit.procedure,http://hl7.org/fhir/,ExplanationOfBenefit.procedure,ObjectProperty,"('http://hl7.org/fhir/ExplanationOfBenefit.procedure', 'ObjectProperty')"
http://hl7.org/fhir/ExplanationOfBenefit.procedure.date,http://hl7.org/fhir/,ExplanationOfBenefit.procedure.date,ObjectProperty,"('http://hl7.org/fhir/ExplanationOfBenefit.procedure.date', 'ObjectProperty')"
http://hl7.org/fhir/ExplanationOfBenefit.procedure.procedure,http://hl7.org/fhir/,ExplanationOfBenefit.procedure.procedure,ObjectProperty,"('http://hl7.org/fhir/ExplanationOfBenefit.procedure.procedure', 'ObjectProperty')"
http://hl7.org/fhir/ExplanationOfBenefit.procedure.procedureCodeableConcept,http://hl7.org/fhir/,ExplanationOfBenefit.procedure.procedureCodeableConcept,ObjectProperty,"('http://hl7.org/fhir/ExplanationOfBenefit.procedure.procedureCodeableConcept', 'ObjectProperty')"
http://hl7.org/fhir/ExplanationOfBenefit.procedure.procedureReference,http://hl7.org/fhir/,ExplanationOfBenefit.procedure.procedureReference,ObjectProperty,"('http://hl7.org/fhir/ExplanationOfBenefit.procedure.procedureReference', 'ObjectProperty')"
http://hl7.org/fhir/ExplanationOfBenefit.procedure.sequence,http://hl7.org/fhir/,ExplanationOfBenefit.procedure.sequence,ObjectProperty,"('http://hl7.org/fhir/ExplanationOfBenefit.procedure.sequence', 'ObjectProperty')"
http://hl7.org/fhir/ExplanationOfBenefit.processNote,http://hl7.org/fhir/,ExplanationOfBenefit.processNote,ObjectProperty,"('http://hl7.org/fhir/ExplanationOfBenefit.processNote', 'ObjectProperty')"
http://hl7.org/fhir/ExplanationOfBenefit.processNote.language,http://hl7.org/fhir/,ExplanationOfBenefit.processNote.language,ObjectProperty,"('http://hl7.org/fhir/ExplanationOfBenefit.processNote.language', 'ObjectProperty')"
http://hl7.org/fhir/ExplanationOfBenefit.processNote.number,http://hl7.org/fhir/,ExplanationOfBenefit.processNote.number,ObjectProperty,"('http://hl7.org/fhir/ExplanationOfBenefit.processNote.number', 'ObjectProperty')"
http://hl7.org/fhir/ExplanationOfBenefit.processNote.text,http://hl7.org/fhir/,ExplanationOfBenefit.processNote.text,ObjectProperty,"('http://hl7.org/fhir/ExplanationOfBenefit.processNote.text', 'ObjectProperty')"
http://hl7.org/fhir/ExplanationOfBenefit.processNote.type,http://hl7.org/fhir/,ExplanationOfBenefit.processNote.type,ObjectProperty,"('http://hl7.org/fhir/ExplanationOfBenefit.processNote.type', 'ObjectProperty')"
http://hl7.org/fhir/ExplanationOfBenefit.provider,http://hl7.org/fhir/,ExplanationOfBenefit.provider,ObjectProperty,"('http://hl7.org/fhir/ExplanationOfBenefit.provider', 'ObjectProperty')"
http://hl7.org/fhir/ExplanationOfBenefit.referral,http://hl7.org/fhir/,ExplanationOfBenefit.referral,ObjectProperty,"('http://hl7.org/fhir/ExplanationOfBenefit.referral', 'ObjectProperty')"
http://hl7.org/fhir/ExplanationOfBenefit.related,http://hl7.org/fhir/,ExplanationOfBenefit.related,ObjectProperty,"('http://hl7.org/fhir/ExplanationOfBenefit.related', 'ObjectProperty')"
http://hl7.org/fhir/ExplanationOfBenefit.related.claim,http://hl7.org/fhir/,ExplanationOfBenefit.related.claim,ObjectProperty,"('http://hl7.org/fhir/ExplanationOfBenefit.related.claim', 'ObjectProperty')"
http://hl7.org/fhir/ExplanationOfBenefit.related.reference,http://hl7.org/fhir/,ExplanationOfBenefit.related.reference,ObjectProperty,"('http://hl7.org/fhir/ExplanationOfBenefit.related.reference', 'ObjectProperty')"
http://hl7.org/fhir/ExplanationOfBenefit.related.relationship,http://hl7.org/fhir/,ExplanationOfBenefit.related.relationship,ObjectProperty,"('http://hl7.org/fhir/ExplanationOfBenefit.related.relationship', 'ObjectProperty')"
http://hl7.org/fhir/ExplanationOfBenefit.status,http://hl7.org/fhir/,ExplanationOfBenefit.status,ObjectProperty,"('http://hl7.org/fhir/ExplanationOfBenefit.status', 'ObjectProperty')"
http://hl7.org/fhir/ExplanationOfBenefit.subType,http://hl7.org/fhir/,ExplanationOfBenefit.subType,ObjectProperty,"('http://hl7.org/fhir/ExplanationOfBenefit.subType', 'ObjectProperty')"
http://hl7.org/fhir/ExplanationOfBenefit.totalBenefit,http://hl7.org/fhir/,ExplanationOfBenefit.totalBenefit,ObjectProperty,"('http://hl7.org/fhir/ExplanationOfBenefit.totalBenefit', 'ObjectProperty')"
http://hl7.org/fhir/ExplanationOfBenefit.totalCost,http://hl7.org/fhir/,ExplanationOfBenefit.totalCost,ObjectProperty,"('http://hl7.org/fhir/ExplanationOfBenefit.totalCost', 'ObjectProperty')"
http://hl7.org/fhir/ExplanationOfBenefit.type,http://hl7.org/fhir/,ExplanationOfBenefit.type,ObjectProperty,"('http://hl7.org/fhir/ExplanationOfBenefit.type', 'ObjectProperty')"
http://hl7.org/fhir/ExplanationOfBenefit.unallocDeductable,http://hl7.org/fhir/,ExplanationOfBenefit.unallocDeductable,ObjectProperty,"('http://hl7.org/fhir/ExplanationOfBenefit.unallocDeductable', 'ObjectProperty')"
http://hl7.org/fhir/Extension.url,http://hl7.org/fhir/,Extension.url,ObjectProperty,"('http://hl7.org/fhir/Extension.url', 'ObjectProperty')"
http://hl7.org/fhir/Extension.value,http://hl7.org/fhir/,Extension.value,ObjectProperty,"('http://hl7.org/fhir/Extension.value', 'ObjectProperty')"
http://hl7.org/fhir/FamilyMemberHistory.ageAge,http://hl7.org/fhir/,FamilyMemberHistory.ageAge,ObjectProperty,"('http://hl7.org/fhir/FamilyMemberHistory.ageAge', 'ObjectProperty')"
http://hl7.org/fhir/FamilyMemberHistory.ageRange,http://hl7.org/fhir/,FamilyMemberHistory.ageRange,ObjectProperty,"('http://hl7.org/fhir/FamilyMemberHistory.ageRange', 'ObjectProperty')"
http://hl7.org/fhir/FamilyMemberHistory.ageString,http://hl7.org/fhir/,FamilyMemberHistory.ageString,ObjectProperty,"('http://hl7.org/fhir/FamilyMemberHistory.ageString', 'ObjectProperty')"
http://hl7.org/fhir/FamilyMemberHistory.born,http://hl7.org/fhir/,FamilyMemberHistory.born,ObjectProperty,"('http://hl7.org/fhir/FamilyMemberHistory.born', 'ObjectProperty')"
http://hl7.org/fhir/FamilyMemberHistory.bornPeriod,http://hl7.org/fhir/,FamilyMemberHistory.bornPeriod,ObjectProperty,"('http://hl7.org/fhir/FamilyMemberHistory.bornPeriod', 'ObjectProperty')"
http://hl7.org/fhir/FamilyMemberHistory.bornString,http://hl7.org/fhir/,FamilyMemberHistory.bornString,ObjectProperty,"('http://hl7.org/fhir/FamilyMemberHistory.bornString', 'ObjectProperty')"
http://hl7.org/fhir/FamilyMemberHistory.condition,http://hl7.org/fhir/,FamilyMemberHistory.condition,ObjectProperty,"('http://hl7.org/fhir/FamilyMemberHistory.condition', 'ObjectProperty')"
http://hl7.org/fhir/FamilyMemberHistory.condition.note,http://hl7.org/fhir/,FamilyMemberHistory.condition.note,ObjectProperty,"('http://hl7.org/fhir/FamilyMemberHistory.condition.note', 'ObjectProperty')"
http://hl7.org/fhir/FamilyMemberHistory.condition.onset,http://hl7.org/fhir/,FamilyMemberHistory.condition.onset,ObjectProperty,"('http://hl7.org/fhir/FamilyMemberHistory.condition.onset', 'ObjectProperty')"
http://hl7.org/fhir/FamilyMemberHistory.condition.onsetString,http://hl7.org/fhir/,FamilyMemberHistory.condition.onsetString,ObjectProperty,"('http://hl7.org/fhir/FamilyMemberHistory.condition.onsetString', 'ObjectProperty')"
http://hl7.org/fhir/FamilyMemberHistory.deceased,http://hl7.org/fhir/,FamilyMemberHistory.deceased,ObjectProperty,"('http://hl7.org/fhir/FamilyMemberHistory.deceased', 'ObjectProperty')"
http://hl7.org/fhir/FamilyMemberHistory.deceasedAge,http://hl7.org/fhir/,FamilyMemberHistory.deceasedAge,ObjectProperty,"('http://hl7.org/fhir/FamilyMemberHistory.deceasedAge', 'ObjectProperty')"
http://hl7.org/fhir/FamilyMemberHistory.deceasedDate,http://hl7.org/fhir/,FamilyMemberHistory.deceasedDate,ObjectProperty,"('http://hl7.org/fhir/FamilyMemberHistory.deceasedDate', 'ObjectProperty')"
http://hl7.org/fhir/FamilyMemberHistory.deceasedRange,http://hl7.org/fhir/,FamilyMemberHistory.deceasedRange,ObjectProperty,"('http://hl7.org/fhir/FamilyMemberHistory.deceasedRange', 'ObjectProperty')"
http://hl7.org/fhir/FamilyMemberHistory.deceasedString,http://hl7.org/fhir/,FamilyMemberHistory.deceasedString,ObjectProperty,"('http://hl7.org/fhir/FamilyMemberHistory.deceasedString', 'ObjectProperty')"
http://hl7.org/fhir/FamilyMemberHistory.definition,http://hl7.org/fhir/,FamilyMemberHistory.definition,ObjectProperty,"('http://hl7.org/fhir/FamilyMemberHistory.definition', 'ObjectProperty')"
http://hl7.org/fhir/FamilyMemberHistory.estimatedAge,http://hl7.org/fhir/,FamilyMemberHistory.estimatedAge,ObjectProperty,"('http://hl7.org/fhir/FamilyMemberHistory.estimatedAge', 'ObjectProperty')"
http://hl7.org/fhir/FamilyMemberHistory.identifier,http://hl7.org/fhir/,FamilyMemberHistory.identifier,ObjectProperty,"('http://hl7.org/fhir/FamilyMemberHistory.identifier', 'ObjectProperty')"
http://hl7.org/fhir/FamilyMemberHistory.notDoneReason,http://hl7.org/fhir/,FamilyMemberHistory.notDoneReason,ObjectProperty,"('http://hl7.org/fhir/FamilyMemberHistory.notDoneReason', 'ObjectProperty')"
http://hl7.org/fhir/FamilyMemberHistory.note,http://hl7.org/fhir/,FamilyMemberHistory.note,ObjectProperty,"('http://hl7.org/fhir/FamilyMemberHistory.note', 'ObjectProperty')"
http://hl7.org/fhir/FamilyMemberHistory.reasonCode,http://hl7.org/fhir/,FamilyMemberHistory.reasonCode,ObjectProperty,"('http://hl7.org/fhir/FamilyMemberHistory.reasonCode', 'ObjectProperty')"
http://hl7.org/fhir/FamilyMemberHistory.reasonReference,http://hl7.org/fhir/,FamilyMemberHistory.reasonReference,ObjectProperty,"('http://hl7.org/fhir/FamilyMemberHistory.reasonReference', 'ObjectProperty')"
http://hl7.org/fhir/FamilyMemberHistory.status,http://hl7.org/fhir/,FamilyMemberHistory.status,ObjectProperty,"('http://hl7.org/fhir/FamilyMemberHistory.status', 'ObjectProperty')"
http://hl7.org/fhir/Flag.author,http://hl7.org/fhir/,Flag.author,ObjectProperty,"('http://hl7.org/fhir/Flag.author', 'ObjectProperty')"
http://hl7.org/fhir/Flag.category,http://hl7.org/fhir/,Flag.category,ObjectProperty,"('http://hl7.org/fhir/Flag.category', 'ObjectProperty')"
http://hl7.org/fhir/Flag.code,http://hl7.org/fhir/,Flag.code,ObjectProperty,"('http://hl7.org/fhir/Flag.code', 'ObjectProperty')"
http://hl7.org/fhir/Flag.encounter,http://hl7.org/fhir/,Flag.encounter,ObjectProperty,"('http://hl7.org/fhir/Flag.encounter', 'ObjectProperty')"
http://hl7.org/fhir/Flag.identifier,http://hl7.org/fhir/,Flag.identifier,ObjectProperty,"('http://hl7.org/fhir/Flag.identifier', 'ObjectProperty')"
http://hl7.org/fhir/Flag.period,http://hl7.org/fhir/,Flag.period,ObjectProperty,"('http://hl7.org/fhir/Flag.period', 'ObjectProperty')"
http://hl7.org/fhir/Flag.status,http://hl7.org/fhir/,Flag.status,ObjectProperty,"('http://hl7.org/fhir/Flag.status', 'ObjectProperty')"
http://hl7.org/fhir/Flag.subject,http://hl7.org/fhir/,Flag.subject,ObjectProperty,"('http://hl7.org/fhir/Flag.subject', 'ObjectProperty')"
http://hl7.org/fhir/Goal.identifier,http://hl7.org/fhir/,Goal.identifier,ObjectProperty,"('http://hl7.org/fhir/Goal.identifier', 'ObjectProperty')"
http://hl7.org/fhir/Goal.note,http://hl7.org/fhir/,Goal.note,ObjectProperty,"('http://hl7.org/fhir/Goal.note', 'ObjectProperty')"
http://hl7.org/fhir/Goal.start,http://hl7.org/fhir/,Goal.start,ObjectProperty,"('http://hl7.org/fhir/Goal.start', 'ObjectProperty')"
http://hl7.org/fhir/Goal.target.detail,http://hl7.org/fhir/,Goal.target.detail,ObjectProperty,"('http://hl7.org/fhir/Goal.target.detail', 'ObjectProperty')"
http://hl7.org/fhir/Goal.target.due,http://hl7.org/fhir/,Goal.target.due,ObjectProperty,"('http://hl7.org/fhir/Goal.target.due', 'ObjectProperty')"
http://hl7.org/fhir/GraphDefinition.contact,http://hl7.org/fhir/,GraphDefinition.contact,ObjectProperty,"('http://hl7.org/fhir/GraphDefinition.contact', 'ObjectProperty')"
http://hl7.org/fhir/GraphDefinition.date,http://hl7.org/fhir/,GraphDefinition.date,ObjectProperty,"('http://hl7.org/fhir/GraphDefinition.date', 'ObjectProperty')"
http://hl7.org/fhir/GraphDefinition.description,http://hl7.org/fhir/,GraphDefinition.description,ObjectProperty,"('http://hl7.org/fhir/GraphDefinition.description', 'ObjectProperty')"
http://hl7.org/fhir/GraphDefinition.experimental,http://hl7.org/fhir/,GraphDefinition.experimental,ObjectProperty,"('http://hl7.org/fhir/GraphDefinition.experimental', 'ObjectProperty')"
http://hl7.org/fhir/GraphDefinition.jurisdiction,http://hl7.org/fhir/,GraphDefinition.jurisdiction,ObjectProperty,"('http://hl7.org/fhir/GraphDefinition.jurisdiction', 'ObjectProperty')"
http://hl7.org/fhir/GraphDefinition.link,http://hl7.org/fhir/,GraphDefinition.link,ObjectProperty,"('http://hl7.org/fhir/GraphDefinition.link', 'ObjectProperty')"
http://hl7.org/fhir/GraphDefinition.link.description,http://hl7.org/fhir/,GraphDefinition.link.description,ObjectProperty,"('http://hl7.org/fhir/GraphDefinition.link.description', 'ObjectProperty')"
http://hl7.org/fhir/GraphDefinition.link.max,http://hl7.org/fhir/,GraphDefinition.link.max,ObjectProperty,"('http://hl7.org/fhir/GraphDefinition.link.max', 'ObjectProperty')"
http://hl7.org/fhir/GraphDefinition.link.min,http://hl7.org/fhir/,GraphDefinition.link.min,ObjectProperty,"('http://hl7.org/fhir/GraphDefinition.link.min', 'ObjectProperty')"
http://hl7.org/fhir/GraphDefinition.link.path,http://hl7.org/fhir/,GraphDefinition.link.path,ObjectProperty,"('http://hl7.org/fhir/GraphDefinition.link.path', 'ObjectProperty')"
http://hl7.org/fhir/GraphDefinition.link.sliceName,http://hl7.org/fhir/,GraphDefinition.link.sliceName,ObjectProperty,"('http://hl7.org/fhir/GraphDefinition.link.sliceName', 'ObjectProperty')"
http://hl7.org/fhir/GraphDefinition.link.target,http://hl7.org/fhir/,GraphDefinition.link.target,ObjectProperty,"('http://hl7.org/fhir/GraphDefinition.link.target', 'ObjectProperty')"
http://hl7.org/fhir/GraphDefinition.link.target.compartment,http://hl7.org/fhir/,GraphDefinition.link.target.compartment,ObjectProperty,"('http://hl7.org/fhir/GraphDefinition.link.target.compartment', 'ObjectProperty')"
http://hl7.org/fhir/GraphDefinition.link.target.compartment.code,http://hl7.org/fhir/,GraphDefinition.link.target.compartment.code,ObjectProperty,"('http://hl7.org/fhir/GraphDefinition.link.target.compartment.code', 'ObjectProperty')"
http://hl7.org/fhir/GraphDefinition.link.target.compartment.description,http://hl7.org/fhir/,GraphDefinition.link.target.compartment.description,ObjectProperty,"('http://hl7.org/fhir/GraphDefinition.link.target.compartment.description', 'ObjectProperty')"
http://hl7.org/fhir/GraphDefinition.link.target.compartment.expression,http://hl7.org/fhir/,GraphDefinition.link.target.compartment.expression,ObjectProperty,"('http://hl7.org/fhir/GraphDefinition.link.target.compartment.expression', 'ObjectProperty')"
http://hl7.org/fhir/GraphDefinition.link.target.compartment.rule,http://hl7.org/fhir/,GraphDefinition.link.target.compartment.rule,ObjectProperty,"('http://hl7.org/fhir/GraphDefinition.link.target.compartment.rule', 'ObjectProperty')"
http://hl7.org/fhir/GraphDefinition.link.target.link,http://hl7.org/fhir/,GraphDefinition.link.target.link,ObjectProperty,"('http://hl7.org/fhir/GraphDefinition.link.target.link', 'ObjectProperty')"
http://hl7.org/fhir/GraphDefinition.link.target.profile,http://hl7.org/fhir/,GraphDefinition.link.target.profile,ObjectProperty,"('http://hl7.org/fhir/GraphDefinition.link.target.profile', 'ObjectProperty')"
http://hl7.org/fhir/GraphDefinition.link.target.type,http://hl7.org/fhir/,GraphDefinition.link.target.type,ObjectProperty,"('http://hl7.org/fhir/GraphDefinition.link.target.type', 'ObjectProperty')"
http://hl7.org/fhir/GraphDefinition.name,http://hl7.org/fhir/,GraphDefinition.name,ObjectProperty,"('http://hl7.org/fhir/GraphDefinition.name', 'ObjectProperty')"
http://hl7.org/fhir/GraphDefinition.profile,http://hl7.org/fhir/,GraphDefinition.profile,ObjectProperty,"('http://hl7.org/fhir/GraphDefinition.profile', 'ObjectProperty')"
http://hl7.org/fhir/GraphDefinition.publisher,http://hl7.org/fhir/,GraphDefinition.publisher,ObjectProperty,"('http://hl7.org/fhir/GraphDefinition.publisher', 'ObjectProperty')"
http://hl7.org/fhir/GraphDefinition.purpose,http://hl7.org/fhir/,GraphDefinition.purpose,ObjectProperty,"('http://hl7.org/fhir/GraphDefinition.purpose', 'ObjectProperty')"
http://hl7.org/fhir/GraphDefinition.start,http://hl7.org/fhir/,GraphDefinition.start,ObjectProperty,"('http://hl7.org/fhir/GraphDefinition.start', 'ObjectProperty')"
http://hl7.org/fhir/GraphDefinition.status,http://hl7.org/fhir/,GraphDefinition.status,ObjectProperty,"('http://hl7.org/fhir/GraphDefinition.status', 'ObjectProperty')"
http://hl7.org/fhir/GraphDefinition.url,http://hl7.org/fhir/,GraphDefinition.url,ObjectProperty,"('http://hl7.org/fhir/GraphDefinition.url', 'ObjectProperty')"
http://hl7.org/fhir/GraphDefinition.useContext,http://hl7.org/fhir/,GraphDefinition.useContext,ObjectProperty,"('http://hl7.org/fhir/GraphDefinition.useContext', 'ObjectProperty')"
http://hl7.org/fhir/GraphDefinition.version,http://hl7.org/fhir/,GraphDefinition.version,ObjectProperty,"('http://hl7.org/fhir/GraphDefinition.version', 'ObjectProperty')"
http://hl7.org/fhir/Group.active,http://hl7.org/fhir/,Group.active,ObjectProperty,"('http://hl7.org/fhir/Group.active', 'ObjectProperty')"
http://hl7.org/fhir/Group.actual,http://hl7.org/fhir/,Group.actual,ObjectProperty,"('http://hl7.org/fhir/Group.actual', 'ObjectProperty')"
http://hl7.org/fhir/Group.characteristic,http://hl7.org/fhir/,Group.characteristic,ObjectProperty,"('http://hl7.org/fhir/Group.characteristic', 'ObjectProperty')"
http://hl7.org/fhir/Group.characteristic.code,http://hl7.org/fhir/,Group.characteristic.code,ObjectProperty,"('http://hl7.org/fhir/Group.characteristic.code', 'ObjectProperty')"
http://hl7.org/fhir/Group.characteristic.exclude,http://hl7.org/fhir/,Group.characteristic.exclude,ObjectProperty,"('http://hl7.org/fhir/Group.characteristic.exclude', 'ObjectProperty')"
http://hl7.org/fhir/Group.characteristic.period,http://hl7.org/fhir/,Group.characteristic.period,ObjectProperty,"('http://hl7.org/fhir/Group.characteristic.period', 'ObjectProperty')"
http://hl7.org/fhir/Group.characteristic.value,http://hl7.org/fhir/,Group.characteristic.value,ObjectProperty,"('http://hl7.org/fhir/Group.characteristic.value', 'ObjectProperty')"
http://hl7.org/fhir/Group.characteristic.valueBoolean,http://hl7.org/fhir/,Group.characteristic.valueBoolean,ObjectProperty,"('http://hl7.org/fhir/Group.characteristic.valueBoolean', 'ObjectProperty')"
http://hl7.org/fhir/Group.characteristic.valueCodeableConcept,http://hl7.org/fhir/,Group.characteristic.valueCodeableConcept,ObjectProperty,"('http://hl7.org/fhir/Group.characteristic.valueCodeableConcept', 'ObjectProperty')"
http://hl7.org/fhir/Group.characteristic.valueQuantity,http://hl7.org/fhir/,Group.characteristic.valueQuantity,ObjectProperty,"('http://hl7.org/fhir/Group.characteristic.valueQuantity', 'ObjectProperty')"
http://hl7.org/fhir/Group.characteristic.valueRange,http://hl7.org/fhir/,Group.characteristic.valueRange,ObjectProperty,"('http://hl7.org/fhir/Group.characteristic.valueRange', 'ObjectProperty')"
http://hl7.org/fhir/Group.code,http://hl7.org/fhir/,Group.code,ObjectProperty,"('http://hl7.org/fhir/Group.code', 'ObjectProperty')"
http://hl7.org/fhir/Group.identifier,http://hl7.org/fhir/,Group.identifier,ObjectProperty,"('http://hl7.org/fhir/Group.identifier', 'ObjectProperty')"
http://hl7.org/fhir/Group.member,http://hl7.org/fhir/,Group.member,ObjectProperty,"('http://hl7.org/fhir/Group.member', 'ObjectProperty')"
http://hl7.org/fhir/Group.member.entity,http://hl7.org/fhir/,Group.member.entity,ObjectProperty,"('http://hl7.org/fhir/Group.member.entity', 'ObjectProperty')"
http://hl7.org/fhir/Group.member.inactive,http://hl7.org/fhir/,Group.member.inactive,ObjectProperty,"('http://hl7.org/fhir/Group.member.inactive', 'ObjectProperty')"
http://hl7.org/fhir/Group.member.period,http://hl7.org/fhir/,Group.member.period,ObjectProperty,"('http://hl7.org/fhir/Group.member.period', 'ObjectProperty')"
http://hl7.org/fhir/Group.name,http://hl7.org/fhir/,Group.name,ObjectProperty,"('http://hl7.org/fhir/Group.name', 'ObjectProperty')"
http://hl7.org/fhir/Group.quantity,http://hl7.org/fhir/,Group.quantity,ObjectProperty,"('http://hl7.org/fhir/Group.quantity', 'ObjectProperty')"
http://hl7.org/fhir/Group.type,http://hl7.org/fhir/,Group.type,ObjectProperty,"('http://hl7.org/fhir/Group.type', 'ObjectProperty')"
http://hl7.org/fhir/GuidanceResponse.context,http://hl7.org/fhir/,GuidanceResponse.context,ObjectProperty,"('http://hl7.org/fhir/GuidanceResponse.context', 'ObjectProperty')"
http://hl7.org/fhir/GuidanceResponse.dataRequirement,http://hl7.org/fhir/,GuidanceResponse.dataRequirement,ObjectProperty,"('http://hl7.org/fhir/GuidanceResponse.dataRequirement', 'ObjectProperty')"
http://hl7.org/fhir/GuidanceResponse.evaluationMessage,http://hl7.org/fhir/,GuidanceResponse.evaluationMessage,ObjectProperty,"('http://hl7.org/fhir/GuidanceResponse.evaluationMessage', 'ObjectProperty')"
http://hl7.org/fhir/GuidanceResponse.identifier,http://hl7.org/fhir/,GuidanceResponse.identifier,ObjectProperty,"('http://hl7.org/fhir/GuidanceResponse.identifier', 'ObjectProperty')"
http://hl7.org/fhir/GuidanceResponse.module,http://hl7.org/fhir/,GuidanceResponse.module,ObjectProperty,"('http://hl7.org/fhir/GuidanceResponse.module', 'ObjectProperty')"
http://hl7.org/fhir/GuidanceResponse.note,http://hl7.org/fhir/,GuidanceResponse.note,ObjectProperty,"('http://hl7.org/fhir/GuidanceResponse.note', 'ObjectProperty')"
http://hl7.org/fhir/GuidanceResponse.occurrenceDateTime,http://hl7.org/fhir/,GuidanceResponse.occurrenceDateTime,ObjectProperty,"('http://hl7.org/fhir/GuidanceResponse.occurrenceDateTime', 'ObjectProperty')"
http://hl7.org/fhir/GuidanceResponse.outputParameters,http://hl7.org/fhir/,GuidanceResponse.outputParameters,ObjectProperty,"('http://hl7.org/fhir/GuidanceResponse.outputParameters', 'ObjectProperty')"
http://hl7.org/fhir/GuidanceResponse.performer,http://hl7.org/fhir/,GuidanceResponse.performer,ObjectProperty,"('http://hl7.org/fhir/GuidanceResponse.performer', 'ObjectProperty')"
http://hl7.org/fhir/GuidanceResponse.reason,http://hl7.org/fhir/,GuidanceResponse.reason,ObjectProperty,"('http://hl7.org/fhir/GuidanceResponse.reason', 'ObjectProperty')"
http://hl7.org/fhir/GuidanceResponse.reasonCodeableConcept,http://hl7.org/fhir/,GuidanceResponse.reasonCodeableConcept,ObjectProperty,"('http://hl7.org/fhir/GuidanceResponse.reasonCodeableConcept', 'ObjectProperty')"
http://hl7.org/fhir/GuidanceResponse.reasonReference,http://hl7.org/fhir/,GuidanceResponse.reasonReference,ObjectProperty,"('http://hl7.org/fhir/GuidanceResponse.reasonReference', 'ObjectProperty')"
http://hl7.org/fhir/GuidanceResponse.requestId,http://hl7.org/fhir/,GuidanceResponse.requestId,ObjectProperty,"('http://hl7.org/fhir/GuidanceResponse.requestId', 'ObjectProperty')"
http://hl7.org/fhir/GuidanceResponse.result,http://hl7.org/fhir/,GuidanceResponse.result,ObjectProperty,"('http://hl7.org/fhir/GuidanceResponse.result', 'ObjectProperty')"
http://hl7.org/fhir/GuidanceResponse.status,http://hl7.org/fhir/,GuidanceResponse.status,ObjectProperty,"('http://hl7.org/fhir/GuidanceResponse.status', 'ObjectProperty')"
http://hl7.org/fhir/GuidanceResponse.subject,http://hl7.org/fhir/,GuidanceResponse.subject,ObjectProperty,"('http://hl7.org/fhir/GuidanceResponse.subject', 'ObjectProperty')"
http://hl7.org/fhir/HealthcareService.active,http://hl7.org/fhir/,HealthcareService.active,ObjectProperty,"('http://hl7.org/fhir/HealthcareService.active', 'ObjectProperty')"
http://hl7.org/fhir/HealthcareService.appointmentRequired,http://hl7.org/fhir/,HealthcareService.appointmentRequired,ObjectProperty,"('http://hl7.org/fhir/HealthcareService.appointmentRequired', 'ObjectProperty')"
http://hl7.org/fhir/HealthcareService.availabilityExceptions,http://hl7.org/fhir/,HealthcareService.availabilityExceptions,ObjectProperty,"('http://hl7.org/fhir/HealthcareService.availabilityExceptions', 'ObjectProperty')"
http://hl7.org/fhir/HealthcareService.availableTime,http://hl7.org/fhir/,HealthcareService.availableTime,ObjectProperty,"('http://hl7.org/fhir/HealthcareService.availableTime', 'ObjectProperty')"
http://hl7.org/fhir/HealthcareService.availableTime.allDay,http://hl7.org/fhir/,HealthcareService.availableTime.allDay,ObjectProperty,"('http://hl7.org/fhir/HealthcareService.availableTime.allDay', 'ObjectProperty')"
http://hl7.org/fhir/HealthcareService.availableTime.availableEndTime,http://hl7.org/fhir/,HealthcareService.availableTime.availableEndTime,ObjectProperty,"('http://hl7.org/fhir/HealthcareService.availableTime.availableEndTime', 'ObjectProperty')"
http://hl7.org/fhir/HealthcareService.availableTime.availableStartTime,http://hl7.org/fhir/,HealthcareService.availableTime.availableStartTime,ObjectProperty,"('http://hl7.org/fhir/HealthcareService.availableTime.availableStartTime', 'ObjectProperty')"
http://hl7.org/fhir/HealthcareService.availableTime.daysOfWeek,http://hl7.org/fhir/,HealthcareService.availableTime.daysOfWeek,ObjectProperty,"('http://hl7.org/fhir/HealthcareService.availableTime.daysOfWeek', 'ObjectProperty')"
http://hl7.org/fhir/HealthcareService.category,http://hl7.org/fhir/,HealthcareService.category,ObjectProperty,"('http://hl7.org/fhir/HealthcareService.category', 'ObjectProperty')"
http://hl7.org/fhir/HealthcareService.characteristic,http://hl7.org/fhir/,HealthcareService.characteristic,ObjectProperty,"('http://hl7.org/fhir/HealthcareService.characteristic', 'ObjectProperty')"
http://hl7.org/fhir/HealthcareService.comment,http://hl7.org/fhir/,HealthcareService.comment,ObjectProperty,"('http://hl7.org/fhir/HealthcareService.comment', 'ObjectProperty')"
http://hl7.org/fhir/HealthcareService.coverageArea,http://hl7.org/fhir/,HealthcareService.coverageArea,ObjectProperty,"('http://hl7.org/fhir/HealthcareService.coverageArea', 'ObjectProperty')"
http://hl7.org/fhir/HealthcareService.eligibility,http://hl7.org/fhir/,HealthcareService.eligibility,ObjectProperty,"('http://hl7.org/fhir/HealthcareService.eligibility', 'ObjectProperty')"
http://hl7.org/fhir/HealthcareService.eligibilityNote,http://hl7.org/fhir/,HealthcareService.eligibilityNote,ObjectProperty,"('http://hl7.org/fhir/HealthcareService.eligibilityNote', 'ObjectProperty')"
http://hl7.org/fhir/HealthcareService.endpoint,http://hl7.org/fhir/,HealthcareService.endpoint,ObjectProperty,"('http://hl7.org/fhir/HealthcareService.endpoint', 'ObjectProperty')"
http://hl7.org/fhir/HealthcareService.extraDetails,http://hl7.org/fhir/,HealthcareService.extraDetails,ObjectProperty,"('http://hl7.org/fhir/HealthcareService.extraDetails', 'ObjectProperty')"
http://hl7.org/fhir/HealthcareService.identifier,http://hl7.org/fhir/,HealthcareService.identifier,ObjectProperty,"('http://hl7.org/fhir/HealthcareService.identifier', 'ObjectProperty')"
http://hl7.org/fhir/HealthcareService.location,http://hl7.org/fhir/,HealthcareService.location,ObjectProperty,"('http://hl7.org/fhir/HealthcareService.location', 'ObjectProperty')"
http://hl7.org/fhir/HealthcareService.name,http://hl7.org/fhir/,HealthcareService.name,ObjectProperty,"('http://hl7.org/fhir/HealthcareService.name', 'ObjectProperty')"
http://hl7.org/fhir/HealthcareService.notAvailable,http://hl7.org/fhir/,HealthcareService.notAvailable,ObjectProperty,"('http://hl7.org/fhir/HealthcareService.notAvailable', 'ObjectProperty')"
http://hl7.org/fhir/HealthcareService.notAvailable.description,http://hl7.org/fhir/,HealthcareService.notAvailable.description,ObjectProperty,"('http://hl7.org/fhir/HealthcareService.notAvailable.description', 'ObjectProperty')"
http://hl7.org/fhir/HealthcareService.notAvailable.during,http://hl7.org/fhir/,HealthcareService.notAvailable.during,ObjectProperty,"('http://hl7.org/fhir/HealthcareService.notAvailable.during', 'ObjectProperty')"
http://hl7.org/fhir/HealthcareService.photo,http://hl7.org/fhir/,HealthcareService.photo,ObjectProperty,"('http://hl7.org/fhir/HealthcareService.photo', 'ObjectProperty')"
http://hl7.org/fhir/HealthcareService.programName,http://hl7.org/fhir/,HealthcareService.programName,ObjectProperty,"('http://hl7.org/fhir/HealthcareService.programName', 'ObjectProperty')"
http://hl7.org/fhir/HealthcareService.providedBy,http://hl7.org/fhir/,HealthcareService.providedBy,ObjectProperty,"('http://hl7.org/fhir/HealthcareService.providedBy', 'ObjectProperty')"
http://hl7.org/fhir/HealthcareService.referralMethod,http://hl7.org/fhir/,HealthcareService.referralMethod,ObjectProperty,"('http://hl7.org/fhir/HealthcareService.referralMethod', 'ObjectProperty')"
http://hl7.org/fhir/HealthcareService.serviceProvisionCode,http://hl7.org/fhir/,HealthcareService.serviceProvisionCode,ObjectProperty,"('http://hl7.org/fhir/HealthcareService.serviceProvisionCode', 'ObjectProperty')"
http://hl7.org/fhir/HealthcareService.specialty,http://hl7.org/fhir/,HealthcareService.specialty,ObjectProperty,"('http://hl7.org/fhir/HealthcareService.specialty', 'ObjectProperty')"
http://hl7.org/fhir/HealthcareService.telecom,http://hl7.org/fhir/,HealthcareService.telecom,ObjectProperty,"('http://hl7.org/fhir/HealthcareService.telecom', 'ObjectProperty')"
http://hl7.org/fhir/HealthcareService.type,http://hl7.org/fhir/,HealthcareService.type,ObjectProperty,"('http://hl7.org/fhir/HealthcareService.type', 'ObjectProperty')"
http://hl7.org/fhir/ImagingManifest.author,http://hl7.org/fhir/,ImagingManifest.author,ObjectProperty,"('http://hl7.org/fhir/ImagingManifest.author', 'ObjectProperty')"
http://hl7.org/fhir/ImagingManifest.authoringTime,http://hl7.org/fhir/,ImagingManifest.authoringTime,ObjectProperty,"('http://hl7.org/fhir/ImagingManifest.authoringTime', 'ObjectProperty')"
http://hl7.org/fhir/ImagingManifest.description,http://hl7.org/fhir/,ImagingManifest.description,ObjectProperty,"('http://hl7.org/fhir/ImagingManifest.description', 'ObjectProperty')"
http://hl7.org/fhir/ImagingManifest.identifier,http://hl7.org/fhir/,ImagingManifest.identifier,ObjectProperty,"('http://hl7.org/fhir/ImagingManifest.identifier', 'ObjectProperty')"
http://hl7.org/fhir/ImagingManifest.patient,http://hl7.org/fhir/,ImagingManifest.patient,ObjectProperty,"('http://hl7.org/fhir/ImagingManifest.patient', 'ObjectProperty')"
http://hl7.org/fhir/ImagingManifest.study,http://hl7.org/fhir/,ImagingManifest.study,ObjectProperty,"('http://hl7.org/fhir/ImagingManifest.study', 'ObjectProperty')"
http://hl7.org/fhir/ImagingManifest.study.endpoint,http://hl7.org/fhir/,ImagingManifest.study.endpoint,ObjectProperty,"('http://hl7.org/fhir/ImagingManifest.study.endpoint', 'ObjectProperty')"
http://hl7.org/fhir/ImagingManifest.study.imagingStudy,http://hl7.org/fhir/,ImagingManifest.study.imagingStudy,ObjectProperty,"('http://hl7.org/fhir/ImagingManifest.study.imagingStudy', 'ObjectProperty')"
http://hl7.org/fhir/ImagingManifest.study.series,http://hl7.org/fhir/,ImagingManifest.study.series,ObjectProperty,"('http://hl7.org/fhir/ImagingManifest.study.series', 'ObjectProperty')"
http://hl7.org/fhir/ImagingManifest.study.series.endpoint,http://hl7.org/fhir/,ImagingManifest.study.series.endpoint,ObjectProperty,"('http://hl7.org/fhir/ImagingManifest.study.series.endpoint', 'ObjectProperty')"
http://hl7.org/fhir/ImagingManifest.study.series.instance,http://hl7.org/fhir/,ImagingManifest.study.series.instance,ObjectProperty,"('http://hl7.org/fhir/ImagingManifest.study.series.instance', 'ObjectProperty')"
http://hl7.org/fhir/ImagingManifest.study.series.instance.sopClass,http://hl7.org/fhir/,ImagingManifest.study.series.instance.sopClass,ObjectProperty,"('http://hl7.org/fhir/ImagingManifest.study.series.instance.sopClass', 'ObjectProperty')"
http://hl7.org/fhir/ImagingManifest.study.series.instance.uid,http://hl7.org/fhir/,ImagingManifest.study.series.instance.uid,ObjectProperty,"('http://hl7.org/fhir/ImagingManifest.study.series.instance.uid', 'ObjectProperty')"
http://hl7.org/fhir/ImagingManifest.study.series.uid,http://hl7.org/fhir/,ImagingManifest.study.series.uid,ObjectProperty,"('http://hl7.org/fhir/ImagingManifest.study.series.uid', 'ObjectProperty')"
http://hl7.org/fhir/ImagingManifest.study.uid,http://hl7.org/fhir/,ImagingManifest.study.uid,ObjectProperty,"('http://hl7.org/fhir/ImagingManifest.study.uid', 'ObjectProperty')"
http://hl7.org/fhir/ImagingStudy.accession,http://hl7.org/fhir/,ImagingStudy.accession,ObjectProperty,"('http://hl7.org/fhir/ImagingStudy.accession', 'ObjectProperty')"
http://hl7.org/fhir/ImagingStudy.availability,http://hl7.org/fhir/,ImagingStudy.availability,ObjectProperty,"('http://hl7.org/fhir/ImagingStudy.availability', 'ObjectProperty')"
http://hl7.org/fhir/ImagingStudy.basedOn,http://hl7.org/fhir/,ImagingStudy.basedOn,ObjectProperty,"('http://hl7.org/fhir/ImagingStudy.basedOn', 'ObjectProperty')"
http://hl7.org/fhir/ImagingStudy.context,http://hl7.org/fhir/,ImagingStudy.context,ObjectProperty,"('http://hl7.org/fhir/ImagingStudy.context', 'ObjectProperty')"
http://hl7.org/fhir/ImagingStudy.description,http://hl7.org/fhir/,ImagingStudy.description,ObjectProperty,"('http://hl7.org/fhir/ImagingStudy.description', 'ObjectProperty')"
http://hl7.org/fhir/ImagingStudy.endpoint,http://hl7.org/fhir/,ImagingStudy.endpoint,ObjectProperty,"('http://hl7.org/fhir/ImagingStudy.endpoint', 'ObjectProperty')"
http://hl7.org/fhir/ImagingStudy.identifier,http://hl7.org/fhir/,ImagingStudy.identifier,ObjectProperty,"('http://hl7.org/fhir/ImagingStudy.identifier', 'ObjectProperty')"
http://hl7.org/fhir/ImagingStudy.interpreter,http://hl7.org/fhir/,ImagingStudy.interpreter,ObjectProperty,"('http://hl7.org/fhir/ImagingStudy.interpreter', 'ObjectProperty')"
http://hl7.org/fhir/ImagingStudy.modalityList,http://hl7.org/fhir/,ImagingStudy.modalityList,ObjectProperty,"('http://hl7.org/fhir/ImagingStudy.modalityList', 'ObjectProperty')"
http://hl7.org/fhir/ImagingStudy.numberOfInstances,http://hl7.org/fhir/,ImagingStudy.numberOfInstances,ObjectProperty,"('http://hl7.org/fhir/ImagingStudy.numberOfInstances', 'ObjectProperty')"
http://hl7.org/fhir/ImagingStudy.numberOfSeries,http://hl7.org/fhir/,ImagingStudy.numberOfSeries,ObjectProperty,"('http://hl7.org/fhir/ImagingStudy.numberOfSeries', 'ObjectProperty')"
http://hl7.org/fhir/ImagingStudy.patient,http://hl7.org/fhir/,ImagingStudy.patient,ObjectProperty,"('http://hl7.org/fhir/ImagingStudy.patient', 'ObjectProperty')"
http://hl7.org/fhir/ImagingStudy.procedureCode,http://hl7.org/fhir/,ImagingStudy.procedureCode,ObjectProperty,"('http://hl7.org/fhir/ImagingStudy.procedureCode', 'ObjectProperty')"
http://hl7.org/fhir/ImagingStudy.procedureReference,http://hl7.org/fhir/,ImagingStudy.procedureReference,ObjectProperty,"('http://hl7.org/fhir/ImagingStudy.procedureReference', 'ObjectProperty')"
http://hl7.org/fhir/ImagingStudy.reason,http://hl7.org/fhir/,ImagingStudy.reason,ObjectProperty,"('http://hl7.org/fhir/ImagingStudy.reason', 'ObjectProperty')"
http://hl7.org/fhir/ImagingStudy.referrer,http://hl7.org/fhir/,ImagingStudy.referrer,ObjectProperty,"('http://hl7.org/fhir/ImagingStudy.referrer', 'ObjectProperty')"
http://hl7.org/fhir/ImagingStudy.series,http://hl7.org/fhir/,ImagingStudy.series,ObjectProperty,"('http://hl7.org/fhir/ImagingStudy.series', 'ObjectProperty')"
http://hl7.org/fhir/ImagingStudy.series.availability,http://hl7.org/fhir/,ImagingStudy.series.availability,ObjectProperty,"('http://hl7.org/fhir/ImagingStudy.series.availability', 'ObjectProperty')"
http://hl7.org/fhir/ImagingStudy.series.bodySite,http://hl7.org/fhir/,ImagingStudy.series.bodySite,ObjectProperty,"('http://hl7.org/fhir/ImagingStudy.series.bodySite', 'ObjectProperty')"
http://hl7.org/fhir/ImagingStudy.series.description,http://hl7.org/fhir/,ImagingStudy.series.description,ObjectProperty,"('http://hl7.org/fhir/ImagingStudy.series.description', 'ObjectProperty')"
http://hl7.org/fhir/ImagingStudy.series.endpoint,http://hl7.org/fhir/,ImagingStudy.series.endpoint,ObjectProperty,"('http://hl7.org/fhir/ImagingStudy.series.endpoint', 'ObjectProperty')"
http://hl7.org/fhir/ImagingStudy.series.instance,http://hl7.org/fhir/,ImagingStudy.series.instance,ObjectProperty,"('http://hl7.org/fhir/ImagingStudy.series.instance', 'ObjectProperty')"
http://hl7.org/fhir/ImagingStudy.series.instance.number,http://hl7.org/fhir/,ImagingStudy.series.instance.number,ObjectProperty,"('http://hl7.org/fhir/ImagingStudy.series.instance.number', 'ObjectProperty')"
http://hl7.org/fhir/ImagingStudy.series.instance.sopClass,http://hl7.org/fhir/,ImagingStudy.series.instance.sopClass,ObjectProperty,"('http://hl7.org/fhir/ImagingStudy.series.instance.sopClass', 'ObjectProperty')"
http://hl7.org/fhir/ImagingStudy.series.instance.title,http://hl7.org/fhir/,ImagingStudy.series.instance.title,ObjectProperty,"('http://hl7.org/fhir/ImagingStudy.series.instance.title', 'ObjectProperty')"
http://hl7.org/fhir/ImagingStudy.series.instance.uid,http://hl7.org/fhir/,ImagingStudy.series.instance.uid,ObjectProperty,"('http://hl7.org/fhir/ImagingStudy.series.instance.uid', 'ObjectProperty')"
http://hl7.org/fhir/ImagingStudy.series.laterality,http://hl7.org/fhir/,ImagingStudy.series.laterality,ObjectProperty,"('http://hl7.org/fhir/ImagingStudy.series.laterality', 'ObjectProperty')"
http://hl7.org/fhir/ImagingStudy.series.modality,http://hl7.org/fhir/,ImagingStudy.series.modality,ObjectProperty,"('http://hl7.org/fhir/ImagingStudy.series.modality', 'ObjectProperty')"
http://hl7.org/fhir/ImagingStudy.series.number,http://hl7.org/fhir/,ImagingStudy.series.number,ObjectProperty,"('http://hl7.org/fhir/ImagingStudy.series.number', 'ObjectProperty')"
http://hl7.org/fhir/ImagingStudy.series.numberOfInstances,http://hl7.org/fhir/,ImagingStudy.series.numberOfInstances,ObjectProperty,"('http://hl7.org/fhir/ImagingStudy.series.numberOfInstances', 'ObjectProperty')"
http://hl7.org/fhir/ImagingStudy.series.performer,http://hl7.org/fhir/,ImagingStudy.series.performer,ObjectProperty,"('http://hl7.org/fhir/ImagingStudy.series.performer', 'ObjectProperty')"
http://hl7.org/fhir/ImagingStudy.series.started,http://hl7.org/fhir/,ImagingStudy.series.started,ObjectProperty,"('http://hl7.org/fhir/ImagingStudy.series.started', 'ObjectProperty')"
http://hl7.org/fhir/ImagingStudy.series.uid,http://hl7.org/fhir/,ImagingStudy.series.uid,ObjectProperty,"('http://hl7.org/fhir/ImagingStudy.series.uid', 'ObjectProperty')"
http://hl7.org/fhir/ImagingStudy.started,http://hl7.org/fhir/,ImagingStudy.started,ObjectProperty,"('http://hl7.org/fhir/ImagingStudy.started', 'ObjectProperty')"
http://hl7.org/fhir/ImagingStudy.uid,http://hl7.org/fhir/,ImagingStudy.uid,ObjectProperty,"('http://hl7.org/fhir/ImagingStudy.uid', 'ObjectProperty')"
http://hl7.org/fhir/Immunization.date,http://hl7.org/fhir/,Immunization.date,ObjectProperty,"('http://hl7.org/fhir/Immunization.date', 'ObjectProperty')"
http://hl7.org/fhir/Immunization.doseQuantity,http://hl7.org/fhir/,Immunization.doseQuantity,ObjectProperty,"('http://hl7.org/fhir/Immunization.doseQuantity', 'ObjectProperty')"
http://hl7.org/fhir/Immunization.encounter,http://hl7.org/fhir/,Immunization.encounter,ObjectProperty,"('http://hl7.org/fhir/Immunization.encounter', 'ObjectProperty')"
http://hl7.org/fhir/Immunization.expirationDate,http://hl7.org/fhir/,Immunization.expirationDate,ObjectProperty,"('http://hl7.org/fhir/Immunization.expirationDate', 'ObjectProperty')"
http://hl7.org/fhir/Immunization.explanation,http://hl7.org/fhir/,Immunization.explanation,ObjectProperty,"('http://hl7.org/fhir/Immunization.explanation', 'ObjectProperty')"
http://hl7.org/fhir/Immunization.explanation.reason,http://hl7.org/fhir/,Immunization.explanation.reason,ObjectProperty,"('http://hl7.org/fhir/Immunization.explanation.reason', 'ObjectProperty')"
http://hl7.org/fhir/Immunization.explanation.reasonNotGiven,http://hl7.org/fhir/,Immunization.explanation.reasonNotGiven,ObjectProperty,"('http://hl7.org/fhir/Immunization.explanation.reasonNotGiven', 'ObjectProperty')"
http://hl7.org/fhir/Immunization.identifier,http://hl7.org/fhir/,Immunization.identifier,ObjectProperty,"('http://hl7.org/fhir/Immunization.identifier', 'ObjectProperty')"
http://hl7.org/fhir/Immunization.location,http://hl7.org/fhir/,Immunization.location,ObjectProperty,"('http://hl7.org/fhir/Immunization.location', 'ObjectProperty')"
http://hl7.org/fhir/Immunization.lotNumber,http://hl7.org/fhir/,Immunization.lotNumber,ObjectProperty,"('http://hl7.org/fhir/Immunization.lotNumber', 'ObjectProperty')"
http://hl7.org/fhir/Immunization.manufacturer,http://hl7.org/fhir/,Immunization.manufacturer,ObjectProperty,"('http://hl7.org/fhir/Immunization.manufacturer', 'ObjectProperty')"
http://hl7.org/fhir/Immunization.notGiven,http://hl7.org/fhir/,Immunization.notGiven,ObjectProperty,"('http://hl7.org/fhir/Immunization.notGiven', 'ObjectProperty')"
http://hl7.org/fhir/Immunization.note,http://hl7.org/fhir/,Immunization.note,ObjectProperty,"('http://hl7.org/fhir/Immunization.note', 'ObjectProperty')"
http://hl7.org/fhir/Immunization.patient,http://hl7.org/fhir/,Immunization.patient,ObjectProperty,"('http://hl7.org/fhir/Immunization.patient', 'ObjectProperty')"
http://hl7.org/fhir/Immunization.practitioner,http://hl7.org/fhir/,Immunization.practitioner,ObjectProperty,"('http://hl7.org/fhir/Immunization.practitioner', 'ObjectProperty')"
http://hl7.org/fhir/Immunization.practitioner.actor,http://hl7.org/fhir/,Immunization.practitioner.actor,ObjectProperty,"('http://hl7.org/fhir/Immunization.practitioner.actor', 'ObjectProperty')"
http://hl7.org/fhir/Immunization.practitioner.role,http://hl7.org/fhir/,Immunization.practitioner.role,ObjectProperty,"('http://hl7.org/fhir/Immunization.practitioner.role', 'ObjectProperty')"
http://hl7.org/fhir/Immunization.primarySource,http://hl7.org/fhir/,Immunization.primarySource,ObjectProperty,"('http://hl7.org/fhir/Immunization.primarySource', 'ObjectProperty')"
http://hl7.org/fhir/Immunization.reaction,http://hl7.org/fhir/,Immunization.reaction,ObjectProperty,"('http://hl7.org/fhir/Immunization.reaction', 'ObjectProperty')"
http://hl7.org/fhir/Immunization.reaction.date,http://hl7.org/fhir/,Immunization.reaction.date,ObjectProperty,"('http://hl7.org/fhir/Immunization.reaction.date', 'ObjectProperty')"
http://hl7.org/fhir/Immunization.reaction.detail,http://hl7.org/fhir/,Immunization.reaction.detail,ObjectProperty,"('http://hl7.org/fhir/Immunization.reaction.detail', 'ObjectProperty')"
http://hl7.org/fhir/Immunization.reaction.reported,http://hl7.org/fhir/,Immunization.reaction.reported,ObjectProperty,"('http://hl7.org/fhir/Immunization.reaction.reported', 'ObjectProperty')"
http://hl7.org/fhir/Immunization.reportOrigin,http://hl7.org/fhir/,Immunization.reportOrigin,ObjectProperty,"('http://hl7.org/fhir/Immunization.reportOrigin', 'ObjectProperty')"
http://hl7.org/fhir/Immunization.route,http://hl7.org/fhir/,Immunization.route,ObjectProperty,"('http://hl7.org/fhir/Immunization.route', 'ObjectProperty')"
http://hl7.org/fhir/Immunization.site,http://hl7.org/fhir/,Immunization.site,ObjectProperty,"('http://hl7.org/fhir/Immunization.site', 'ObjectProperty')"
http://hl7.org/fhir/Immunization.status,http://hl7.org/fhir/,Immunization.status,ObjectProperty,"('http://hl7.org/fhir/Immunization.status', 'ObjectProperty')"
http://hl7.org/fhir/Immunization.vaccinationProtocol,http://hl7.org/fhir/,Immunization.vaccinationProtocol,ObjectProperty,"('http://hl7.org/fhir/Immunization.vaccinationProtocol', 'ObjectProperty')"
http://hl7.org/fhir/Immunization.vaccinationProtocol.authority,http://hl7.org/fhir/,Immunization.vaccinationProtocol.authority,ObjectProperty,"('http://hl7.org/fhir/Immunization.vaccinationProtocol.authority', 'ObjectProperty')"
http://hl7.org/fhir/Immunization.vaccinationProtocol.description,http://hl7.org/fhir/,Immunization.vaccinationProtocol.description,ObjectProperty,"('http://hl7.org/fhir/Immunization.vaccinationProtocol.description', 'ObjectProperty')"
http://hl7.org/fhir/Immunization.vaccinationProtocol.doseSequence,http://hl7.org/fhir/,Immunization.vaccinationProtocol.doseSequence,ObjectProperty,"('http://hl7.org/fhir/Immunization.vaccinationProtocol.doseSequence', 'ObjectProperty')"
http://hl7.org/fhir/Immunization.vaccinationProtocol.doseStatus,http://hl7.org/fhir/,Immunization.vaccinationProtocol.doseStatus,ObjectProperty,"('http://hl7.org/fhir/Immunization.vaccinationProtocol.doseStatus', 'ObjectProperty')"
http://hl7.org/fhir/Immunization.vaccinationProtocol.doseStatusReason,http://hl7.org/fhir/,Immunization.vaccinationProtocol.doseStatusReason,ObjectProperty,"('http://hl7.org/fhir/Immunization.vaccinationProtocol.doseStatusReason', 'ObjectProperty')"
http://hl7.org/fhir/Immunization.vaccinationProtocol.series,http://hl7.org/fhir/,Immunization.vaccinationProtocol.series,ObjectProperty,"('http://hl7.org/fhir/Immunization.vaccinationProtocol.series', 'ObjectProperty')"
http://hl7.org/fhir/Immunization.vaccinationProtocol.seriesDoses,http://hl7.org/fhir/,Immunization.vaccinationProtocol.seriesDoses,ObjectProperty,"('http://hl7.org/fhir/Immunization.vaccinationProtocol.seriesDoses', 'ObjectProperty')"
http://hl7.org/fhir/Immunization.vaccinationProtocol.targetDisease,http://hl7.org/fhir/,Immunization.vaccinationProtocol.targetDisease,ObjectProperty,"('http://hl7.org/fhir/Immunization.vaccinationProtocol.targetDisease', 'ObjectProperty')"
http://hl7.org/fhir/Immunization.vaccineCode,http://hl7.org/fhir/,Immunization.vaccineCode,ObjectProperty,"('http://hl7.org/fhir/Immunization.vaccineCode', 'ObjectProperty')"
http://hl7.org/fhir/ImmunizationRecommendation.identifier,http://hl7.org/fhir/,ImmunizationRecommendation.identifier,ObjectProperty,"('http://hl7.org/fhir/ImmunizationRecommendation.identifier', 'ObjectProperty')"
http://hl7.org/fhir/ImmunizationRecommendation.patient,http://hl7.org/fhir/,ImmunizationRecommendation.patient,ObjectProperty,"('http://hl7.org/fhir/ImmunizationRecommendation.patient', 'ObjectProperty')"
http://hl7.org/fhir/ImmunizationRecommendation.recommendation,http://hl7.org/fhir/,ImmunizationRecommendation.recommendation,ObjectProperty,"('http://hl7.org/fhir/ImmunizationRecommendation.recommendation', 'ObjectProperty')"
http://hl7.org/fhir/ImmunizationRecommendation.recommendation.date,http://hl7.org/fhir/,ImmunizationRecommendation.recommendation.date,ObjectProperty,"('http://hl7.org/fhir/ImmunizationRecommendation.recommendation.date', 'ObjectProperty')"
http://hl7.org/fhir/ImmunizationRecommendation.recommendation.dateCriterion,http://hl7.org/fhir/,ImmunizationRecommendation.recommendation.dateCriterion,ObjectProperty,"('http://hl7.org/fhir/ImmunizationRecommendation.recommendation.dateCriterion', 'ObjectProperty')"
http://hl7.org/fhir/ImmunizationRecommendation.recommendation.dateCriterion.code,http://hl7.org/fhir/,ImmunizationRecommendation.recommendation.dateCriterion.code,ObjectProperty,"('http://hl7.org/fhir/ImmunizationRecommendation.recommendation.dateCriterion.code', 'ObjectProperty')"
http://hl7.org/fhir/ImmunizationRecommendation.recommendation.dateCriterion.value,http://hl7.org/fhir/,ImmunizationRecommendation.recommendation.dateCriterion.value,ObjectProperty,"('http://hl7.org/fhir/ImmunizationRecommendation.recommendation.dateCriterion.value', 'ObjectProperty')"
http://hl7.org/fhir/ImmunizationRecommendation.recommendation.doseNumber,http://hl7.org/fhir/,ImmunizationRecommendation.recommendation.doseNumber,ObjectProperty,"('http://hl7.org/fhir/ImmunizationRecommendation.recommendation.doseNumber', 'ObjectProperty')"
http://hl7.org/fhir/ImmunizationRecommendation.recommendation.forecastStatus,http://hl7.org/fhir/,ImmunizationRecommendation.recommendation.forecastStatus,ObjectProperty,"('http://hl7.org/fhir/ImmunizationRecommendation.recommendation.forecastStatus', 'ObjectProperty')"
http://hl7.org/fhir/ImmunizationRecommendation.recommendation.protocol,http://hl7.org/fhir/,ImmunizationRecommendation.recommendation.protocol,ObjectProperty,"('http://hl7.org/fhir/ImmunizationRecommendation.recommendation.protocol', 'ObjectProperty')"
http://hl7.org/fhir/ImmunizationRecommendation.recommendation.protocol.authority,http://hl7.org/fhir/,ImmunizationRecommendation.recommendation.protocol.authority,ObjectProperty,"('http://hl7.org/fhir/ImmunizationRecommendation.recommendation.protocol.authority', 'ObjectProperty')"
http://hl7.org/fhir/ImmunizationRecommendation.recommendation.protocol.description,http://hl7.org/fhir/,ImmunizationRecommendation.recommendation.protocol.description,ObjectProperty,"('http://hl7.org/fhir/ImmunizationRecommendation.recommendation.protocol.description', 'ObjectProperty')"
http://hl7.org/fhir/ImmunizationRecommendation.recommendation.protocol.doseSequence,http://hl7.org/fhir/,ImmunizationRecommendation.recommendation.protocol.doseSequence,ObjectProperty,"('http://hl7.org/fhir/ImmunizationRecommendation.recommendation.protocol.doseSequence', 'ObjectProperty')"
http://hl7.org/fhir/ImmunizationRecommendation.recommendation.protocol.series,http://hl7.org/fhir/,ImmunizationRecommendation.recommendation.protocol.series,ObjectProperty,"('http://hl7.org/fhir/ImmunizationRecommendation.recommendation.protocol.series', 'ObjectProperty')"
http://hl7.org/fhir/ImmunizationRecommendation.recommendation.supportingImmunization,http://hl7.org/fhir/,ImmunizationRecommendation.recommendation.supportingImmunization,ObjectProperty,"('http://hl7.org/fhir/ImmunizationRecommendation.recommendation.supportingImmunization', 'ObjectProperty')"
http://hl7.org/fhir/ImmunizationRecommendation.recommendation.supportingPatientInformation,http://hl7.org/fhir/,ImmunizationRecommendation.recommendation.supportingPatientInformation,ObjectProperty,"('http://hl7.org/fhir/ImmunizationRecommendation.recommendation.supportingPatientInformation', 'ObjectProperty')"
http://hl7.org/fhir/ImmunizationRecommendation.recommendation.targetDisease,http://hl7.org/fhir/,ImmunizationRecommendation.recommendation.targetDisease,ObjectProperty,"('http://hl7.org/fhir/ImmunizationRecommendation.recommendation.targetDisease', 'ObjectProperty')"
http://hl7.org/fhir/ImmunizationRecommendation.recommendation.vaccineCode,http://hl7.org/fhir/,ImmunizationRecommendation.recommendation.vaccineCode,ObjectProperty,"('http://hl7.org/fhir/ImmunizationRecommendation.recommendation.vaccineCode', 'ObjectProperty')"
http://hl7.org/fhir/ImplementationGuide.binary,http://hl7.org/fhir/,ImplementationGuide.binary,ObjectProperty,"('http://hl7.org/fhir/ImplementationGuide.binary', 'ObjectProperty')"
http://hl7.org/fhir/ImplementationGuide.contact,http://hl7.org/fhir/,ImplementationGuide.contact,ObjectProperty,"('http://hl7.org/fhir/ImplementationGuide.contact', 'ObjectProperty')"
http://hl7.org/fhir/ImplementationGuide.copyright,http://hl7.org/fhir/,ImplementationGuide.copyright,ObjectProperty,"('http://hl7.org/fhir/ImplementationGuide.copyright', 'ObjectProperty')"
http://hl7.org/fhir/ImplementationGuide.date,http://hl7.org/fhir/,ImplementationGuide.date,ObjectProperty,"('http://hl7.org/fhir/ImplementationGuide.date', 'ObjectProperty')"
http://hl7.org/fhir/ImplementationGuide.dependency,http://hl7.org/fhir/,ImplementationGuide.dependency,ObjectProperty,"('http://hl7.org/fhir/ImplementationGuide.dependency', 'ObjectProperty')"
http://hl7.org/fhir/ImplementationGuide.dependency.type,http://hl7.org/fhir/,ImplementationGuide.dependency.type,ObjectProperty,"('http://hl7.org/fhir/ImplementationGuide.dependency.type', 'ObjectProperty')"
http://hl7.org/fhir/ImplementationGuide.dependency.uri,http://hl7.org/fhir/,ImplementationGuide.dependency.uri,ObjectProperty,"('http://hl7.org/fhir/ImplementationGuide.dependency.uri', 'ObjectProperty')"
http://hl7.org/fhir/ImplementationGuide.description,http://hl7.org/fhir/,ImplementationGuide.description,ObjectProperty,"('http://hl7.org/fhir/ImplementationGuide.description', 'ObjectProperty')"
http://hl7.org/fhir/ImplementationGuide.experimental,http://hl7.org/fhir/,ImplementationGuide.experimental,ObjectProperty,"('http://hl7.org/fhir/ImplementationGuide.experimental', 'ObjectProperty')"
http://hl7.org/fhir/ImplementationGuide.fhirVersion,http://hl7.org/fhir/,ImplementationGuide.fhirVersion,ObjectProperty,"('http://hl7.org/fhir/ImplementationGuide.fhirVersion', 'ObjectProperty')"
http://hl7.org/fhir/ImplementationGuide.global,http://hl7.org/fhir/,ImplementationGuide.global,ObjectProperty,"('http://hl7.org/fhir/ImplementationGuide.global', 'ObjectProperty')"
http://hl7.org/fhir/ImplementationGuide.global.profile,http://hl7.org/fhir/,ImplementationGuide.global.profile,ObjectProperty,"('http://hl7.org/fhir/ImplementationGuide.global.profile', 'ObjectProperty')"
http://hl7.org/fhir/ImplementationGuide.global.type,http://hl7.org/fhir/,ImplementationGuide.global.type,ObjectProperty,"('http://hl7.org/fhir/ImplementationGuide.global.type', 'ObjectProperty')"
http://hl7.org/fhir/ImplementationGuide.jurisdiction,http://hl7.org/fhir/,ImplementationGuide.jurisdiction,ObjectProperty,"('http://hl7.org/fhir/ImplementationGuide.jurisdiction', 'ObjectProperty')"
http://hl7.org/fhir/ImplementationGuide.name,http://hl7.org/fhir/,ImplementationGuide.name,ObjectProperty,"('http://hl7.org/fhir/ImplementationGuide.name', 'ObjectProperty')"
http://hl7.org/fhir/ImplementationGuide.package,http://hl7.org/fhir/,ImplementationGuide.package,ObjectProperty,"('http://hl7.org/fhir/ImplementationGuide.package', 'ObjectProperty')"
http://hl7.org/fhir/ImplementationGuide.package.description,http://hl7.org/fhir/,ImplementationGuide.package.description,ObjectProperty,"('http://hl7.org/fhir/ImplementationGuide.package.description', 'ObjectProperty')"
http://hl7.org/fhir/ImplementationGuide.package.name,http://hl7.org/fhir/,ImplementationGuide.package.name,ObjectProperty,"('http://hl7.org/fhir/ImplementationGuide.package.name', 'ObjectProperty')"
http://hl7.org/fhir/ImplementationGuide.package.resource,http://hl7.org/fhir/,ImplementationGuide.package.resource,ObjectProperty,"('http://hl7.org/fhir/ImplementationGuide.package.resource', 'ObjectProperty')"
http://hl7.org/fhir/ImplementationGuide.package.resource.acronym,http://hl7.org/fhir/,ImplementationGuide.package.resource.acronym,ObjectProperty,"('http://hl7.org/fhir/ImplementationGuide.package.resource.acronym', 'ObjectProperty')"
http://hl7.org/fhir/ImplementationGuide.package.resource.description,http://hl7.org/fhir/,ImplementationGuide.package.resource.description,ObjectProperty,"('http://hl7.org/fhir/ImplementationGuide.package.resource.description', 'ObjectProperty')"
http://hl7.org/fhir/ImplementationGuide.package.resource.example,http://hl7.org/fhir/,ImplementationGuide.package.resource.example,ObjectProperty,"('http://hl7.org/fhir/ImplementationGuide.package.resource.example', 'ObjectProperty')"
http://hl7.org/fhir/ImplementationGuide.package.resource.exampleFor,http://hl7.org/fhir/,ImplementationGuide.package.resource.exampleFor,ObjectProperty,"('http://hl7.org/fhir/ImplementationGuide.package.resource.exampleFor', 'ObjectProperty')"
http://hl7.org/fhir/ImplementationGuide.package.resource.name,http://hl7.org/fhir/,ImplementationGuide.package.resource.name,ObjectProperty,"('http://hl7.org/fhir/ImplementationGuide.package.resource.name', 'ObjectProperty')"
http://hl7.org/fhir/ImplementationGuide.package.resource.source,http://hl7.org/fhir/,ImplementationGuide.package.resource.source,ObjectProperty,"('http://hl7.org/fhir/ImplementationGuide.package.resource.source', 'ObjectProperty')"
http://hl7.org/fhir/ImplementationGuide.package.resource.sourceReference,http://hl7.org/fhir/,ImplementationGuide.package.resource.sourceReference,ObjectProperty,"('http://hl7.org/fhir/ImplementationGuide.package.resource.sourceReference', 'ObjectProperty')"
http://hl7.org/fhir/ImplementationGuide.package.resource.sourceUri,http://hl7.org/fhir/,ImplementationGuide.package.resource.sourceUri,ObjectProperty,"('http://hl7.org/fhir/ImplementationGuide.package.resource.sourceUri', 'ObjectProperty')"
http://hl7.org/fhir/ImplementationGuide.page,http://hl7.org/fhir/,ImplementationGuide.page,ObjectProperty,"('http://hl7.org/fhir/ImplementationGuide.page', 'ObjectProperty')"
http://hl7.org/fhir/ImplementationGuide.page.format,http://hl7.org/fhir/,ImplementationGuide.page.format,ObjectProperty,"('http://hl7.org/fhir/ImplementationGuide.page.format', 'ObjectProperty')"
http://hl7.org/fhir/ImplementationGuide.page.kind,http://hl7.org/fhir/,ImplementationGuide.page.kind,ObjectProperty,"('http://hl7.org/fhir/ImplementationGuide.page.kind', 'ObjectProperty')"
http://hl7.org/fhir/ImplementationGuide.page.package,http://hl7.org/fhir/,ImplementationGuide.page.package,ObjectProperty,"('http://hl7.org/fhir/ImplementationGuide.page.package', 'ObjectProperty')"
http://hl7.org/fhir/ImplementationGuide.page.page,http://hl7.org/fhir/,ImplementationGuide.page.page,ObjectProperty,"('http://hl7.org/fhir/ImplementationGuide.page.page', 'ObjectProperty')"
http://hl7.org/fhir/ImplementationGuide.page.source,http://hl7.org/fhir/,ImplementationGuide.page.source,ObjectProperty,"('http://hl7.org/fhir/ImplementationGuide.page.source', 'ObjectProperty')"
http://hl7.org/fhir/ImplementationGuide.page.title,http://hl7.org/fhir/,ImplementationGuide.page.title,ObjectProperty,"('http://hl7.org/fhir/ImplementationGuide.page.title', 'ObjectProperty')"
http://hl7.org/fhir/ImplementationGuide.page.type,http://hl7.org/fhir/,ImplementationGuide.page.type,ObjectProperty,"('http://hl7.org/fhir/ImplementationGuide.page.type', 'ObjectProperty')"
http://hl7.org/fhir/ImplementationGuide.publisher,http://hl7.org/fhir/,ImplementationGuide.publisher,ObjectProperty,"('http://hl7.org/fhir/ImplementationGuide.publisher', 'ObjectProperty')"
http://hl7.org/fhir/ImplementationGuide.status,http://hl7.org/fhir/,ImplementationGuide.status,ObjectProperty,"('http://hl7.org/fhir/ImplementationGuide.status', 'ObjectProperty')"
http://hl7.org/fhir/ImplementationGuide.url,http://hl7.org/fhir/,ImplementationGuide.url,ObjectProperty,"('http://hl7.org/fhir/ImplementationGuide.url', 'ObjectProperty')"
http://hl7.org/fhir/ImplementationGuide.useContext,http://hl7.org/fhir/,ImplementationGuide.useContext,ObjectProperty,"('http://hl7.org/fhir/ImplementationGuide.useContext', 'ObjectProperty')"
http://hl7.org/fhir/ImplementationGuide.version,http://hl7.org/fhir/,ImplementationGuide.version,ObjectProperty,"('http://hl7.org/fhir/ImplementationGuide.version', 'ObjectProperty')"
http://hl7.org/fhir/Library.approvalDate,http://hl7.org/fhir/,Library.approvalDate,ObjectProperty,"('http://hl7.org/fhir/Library.approvalDate', 'ObjectProperty')"
http://hl7.org/fhir/Library.contact,http://hl7.org/fhir/,Library.contact,ObjectProperty,"('http://hl7.org/fhir/Library.contact', 'ObjectProperty')"
http://hl7.org/fhir/Library.content,http://hl7.org/fhir/,Library.content,ObjectProperty,"('http://hl7.org/fhir/Library.content', 'ObjectProperty')"
http://hl7.org/fhir/Library.contributor,http://hl7.org/fhir/,Library.contributor,ObjectProperty,"('http://hl7.org/fhir/Library.contributor', 'ObjectProperty')"
http://hl7.org/fhir/Library.copyright,http://hl7.org/fhir/,Library.copyright,ObjectProperty,"('http://hl7.org/fhir/Library.copyright', 'ObjectProperty')"
http://hl7.org/fhir/Library.dataRequirement,http://hl7.org/fhir/,Library.dataRequirement,ObjectProperty,"('http://hl7.org/fhir/Library.dataRequirement', 'ObjectProperty')"
http://hl7.org/fhir/Library.date,http://hl7.org/fhir/,Library.date,ObjectProperty,"('http://hl7.org/fhir/Library.date', 'ObjectProperty')"
http://hl7.org/fhir/Library.description,http://hl7.org/fhir/,Library.description,ObjectProperty,"('http://hl7.org/fhir/Library.description', 'ObjectProperty')"
http://hl7.org/fhir/Library.effectivePeriod,http://hl7.org/fhir/,Library.effectivePeriod,ObjectProperty,"('http://hl7.org/fhir/Library.effectivePeriod', 'ObjectProperty')"
http://hl7.org/fhir/Library.experimental,http://hl7.org/fhir/,Library.experimental,ObjectProperty,"('http://hl7.org/fhir/Library.experimental', 'ObjectProperty')"
http://hl7.org/fhir/Library.identifier,http://hl7.org/fhir/,Library.identifier,ObjectProperty,"('http://hl7.org/fhir/Library.identifier', 'ObjectProperty')"
http://hl7.org/fhir/Library.jurisdiction,http://hl7.org/fhir/,Library.jurisdiction,ObjectProperty,"('http://hl7.org/fhir/Library.jurisdiction', 'ObjectProperty')"
http://hl7.org/fhir/Library.lastReviewDate,http://hl7.org/fhir/,Library.lastReviewDate,ObjectProperty,"('http://hl7.org/fhir/Library.lastReviewDate', 'ObjectProperty')"
http://hl7.org/fhir/Library.name,http://hl7.org/fhir/,Library.name,ObjectProperty,"('http://hl7.org/fhir/Library.name', 'ObjectProperty')"
http://hl7.org/fhir/Library.parameter,http://hl7.org/fhir/,Library.parameter,ObjectProperty,"('http://hl7.org/fhir/Library.parameter', 'ObjectProperty')"
http://hl7.org/fhir/Library.publisher,http://hl7.org/fhir/,Library.publisher,ObjectProperty,"('http://hl7.org/fhir/Library.publisher', 'ObjectProperty')"
http://hl7.org/fhir/Library.purpose,http://hl7.org/fhir/,Library.purpose,ObjectProperty,"('http://hl7.org/fhir/Library.purpose', 'ObjectProperty')"
http://hl7.org/fhir/Library.relatedArtifact,http://hl7.org/fhir/,Library.relatedArtifact,ObjectProperty,"('http://hl7.org/fhir/Library.relatedArtifact', 'ObjectProperty')"
http://hl7.org/fhir/Library.status,http://hl7.org/fhir/,Library.status,ObjectProperty,"('http://hl7.org/fhir/Library.status', 'ObjectProperty')"
http://hl7.org/fhir/Library.title,http://hl7.org/fhir/,Library.title,ObjectProperty,"('http://hl7.org/fhir/Library.title', 'ObjectProperty')"
http://hl7.org/fhir/Library.topic,http://hl7.org/fhir/,Library.topic,ObjectProperty,"('http://hl7.org/fhir/Library.topic', 'ObjectProperty')"
http://hl7.org/fhir/Library.type,http://hl7.org/fhir/,Library.type,ObjectProperty,"('http://hl7.org/fhir/Library.type', 'ObjectProperty')"
http://hl7.org/fhir/Library.url,http://hl7.org/fhir/,Library.url,ObjectProperty,"('http://hl7.org/fhir/Library.url', 'ObjectProperty')"
http://hl7.org/fhir/Library.usage,http://hl7.org/fhir/,Library.usage,ObjectProperty,"('http://hl7.org/fhir/Library.usage', 'ObjectProperty')"
http://hl7.org/fhir/Library.useContext,http://hl7.org/fhir/,Library.useContext,ObjectProperty,"('http://hl7.org/fhir/Library.useContext', 'ObjectProperty')"
http://hl7.org/fhir/Library.version,http://hl7.org/fhir/,Library.version,ObjectProperty,"('http://hl7.org/fhir/Library.version', 'ObjectProperty')"
http://hl7.org/fhir/Linkage.active,http://hl7.org/fhir/,Linkage.active,ObjectProperty,"('http://hl7.org/fhir/Linkage.active', 'ObjectProperty')"
http://hl7.org/fhir/Linkage.author,http://hl7.org/fhir/,Linkage.author,ObjectProperty,"('http://hl7.org/fhir/Linkage.author', 'ObjectProperty')"
http://hl7.org/fhir/Linkage.item,http://hl7.org/fhir/,Linkage.item,ObjectProperty,"('http://hl7.org/fhir/Linkage.item', 'ObjectProperty')"
http://hl7.org/fhir/Linkage.item.resource,http://hl7.org/fhir/,Linkage.item.resource,ObjectProperty,"('http://hl7.org/fhir/Linkage.item.resource', 'ObjectProperty')"
http://hl7.org/fhir/Linkage.item.type,http://hl7.org/fhir/,Linkage.item.type,ObjectProperty,"('http://hl7.org/fhir/Linkage.item.type', 'ObjectProperty')"
http://hl7.org/fhir/List.emptyReason,http://hl7.org/fhir/,List.emptyReason,ObjectProperty,"('http://hl7.org/fhir/List.emptyReason', 'ObjectProperty')"
http://hl7.org/fhir/List.entry,http://hl7.org/fhir/,List.entry,ObjectProperty,"('http://hl7.org/fhir/List.entry', 'ObjectProperty')"
http://hl7.org/fhir/List.entry.date,http://hl7.org/fhir/,List.entry.date,ObjectProperty,"('http://hl7.org/fhir/List.entry.date', 'ObjectProperty')"
http://hl7.org/fhir/List.entry.deleted,http://hl7.org/fhir/,List.entry.deleted,ObjectProperty,"('http://hl7.org/fhir/List.entry.deleted', 'ObjectProperty')"
http://hl7.org/fhir/List.entry.flag,http://hl7.org/fhir/,List.entry.flag,ObjectProperty,"('http://hl7.org/fhir/List.entry.flag', 'ObjectProperty')"
http://hl7.org/fhir/List.identifier,http://hl7.org/fhir/,List.identifier,ObjectProperty,"('http://hl7.org/fhir/List.identifier', 'ObjectProperty')"
http://hl7.org/fhir/List.mode,http://hl7.org/fhir/,List.mode,ObjectProperty,"('http://hl7.org/fhir/List.mode', 'ObjectProperty')"
http://hl7.org/fhir/List.note,http://hl7.org/fhir/,List.note,ObjectProperty,"('http://hl7.org/fhir/List.note', 'ObjectProperty')"
http://hl7.org/fhir/List.orderedBy,http://hl7.org/fhir/,List.orderedBy,ObjectProperty,"('http://hl7.org/fhir/List.orderedBy', 'ObjectProperty')"
http://hl7.org/fhir/Location.address,http://hl7.org/fhir/,Location.address,ObjectProperty,"('http://hl7.org/fhir/Location.address', 'ObjectProperty')"
http://hl7.org/fhir/Location.alias,http://hl7.org/fhir/,Location.alias,ObjectProperty,"('http://hl7.org/fhir/Location.alias', 'ObjectProperty')"
http://hl7.org/fhir/Location.description,http://hl7.org/fhir/,Location.description,ObjectProperty,"('http://hl7.org/fhir/Location.description', 'ObjectProperty')"
http://hl7.org/fhir/Location.endpoint,http://hl7.org/fhir/,Location.endpoint,ObjectProperty,"('http://hl7.org/fhir/Location.endpoint', 'ObjectProperty')"
http://hl7.org/fhir/Location.identifier,http://hl7.org/fhir/,Location.identifier,ObjectProperty,"('http://hl7.org/fhir/Location.identifier', 'ObjectProperty')"
http://hl7.org/fhir/Location.managingOrganization,http://hl7.org/fhir/,Location.managingOrganization,ObjectProperty,"('http://hl7.org/fhir/Location.managingOrganization', 'ObjectProperty')"
http://hl7.org/fhir/Location.mode,http://hl7.org/fhir/,Location.mode,ObjectProperty,"('http://hl7.org/fhir/Location.mode', 'ObjectProperty')"
http://hl7.org/fhir/Location.name,http://hl7.org/fhir/,Location.name,ObjectProperty,"('http://hl7.org/fhir/Location.name', 'ObjectProperty')"
http://hl7.org/fhir/Location.operationalStatus,http://hl7.org/fhir/,Location.operationalStatus,ObjectProperty,"('http://hl7.org/fhir/Location.operationalStatus', 'ObjectProperty')"
http://hl7.org/fhir/Location.partOf,http://hl7.org/fhir/,Location.partOf,ObjectProperty,"('http://hl7.org/fhir/Location.partOf', 'ObjectProperty')"
http://hl7.org/fhir/Location.physicalType,http://hl7.org/fhir/,Location.physicalType,ObjectProperty,"('http://hl7.org/fhir/Location.physicalType', 'ObjectProperty')"
http://hl7.org/fhir/Location.position,http://hl7.org/fhir/,Location.position,ObjectProperty,"('http://hl7.org/fhir/Location.position', 'ObjectProperty')"
http://hl7.org/fhir/Location.position.altitude,http://hl7.org/fhir/,Location.position.altitude,ObjectProperty,"('http://hl7.org/fhir/Location.position.altitude', 'ObjectProperty')"
http://hl7.org/fhir/Location.position.latitude,http://hl7.org/fhir/,Location.position.latitude,ObjectProperty,"('http://hl7.org/fhir/Location.position.latitude', 'ObjectProperty')"
http://hl7.org/fhir/Location.position.longitude,http://hl7.org/fhir/,Location.position.longitude,ObjectProperty,"('http://hl7.org/fhir/Location.position.longitude', 'ObjectProperty')"
http://hl7.org/fhir/Location.status,http://hl7.org/fhir/,Location.status,ObjectProperty,"('http://hl7.org/fhir/Location.status', 'ObjectProperty')"
http://hl7.org/fhir/Location.telecom,http://hl7.org/fhir/,Location.telecom,ObjectProperty,"('http://hl7.org/fhir/Location.telecom', 'ObjectProperty')"
http://hl7.org/fhir/Location.type,http://hl7.org/fhir/,Location.type,ObjectProperty,"('http://hl7.org/fhir/Location.type', 'ObjectProperty')"
http://hl7.org/fhir/Measure.approvalDate,http://hl7.org/fhir/,Measure.approvalDate,ObjectProperty,"('http://hl7.org/fhir/Measure.approvalDate', 'ObjectProperty')"
http://hl7.org/fhir/Measure.clinicalRecommendationStatement,http://hl7.org/fhir/,Measure.clinicalRecommendationStatement,ObjectProperty,"('http://hl7.org/fhir/Measure.clinicalRecommendationStatement', 'ObjectProperty')"
http://hl7.org/fhir/Measure.compositeScoring,http://hl7.org/fhir/,Measure.compositeScoring,ObjectProperty,"('http://hl7.org/fhir/Measure.compositeScoring', 'ObjectProperty')"
http://hl7.org/fhir/Measure.contact,http://hl7.org/fhir/,Measure.contact,ObjectProperty,"('http://hl7.org/fhir/Measure.contact', 'ObjectProperty')"
http://hl7.org/fhir/Measure.contributor,http://hl7.org/fhir/,Measure.contributor,ObjectProperty,"('http://hl7.org/fhir/Measure.contributor', 'ObjectProperty')"
http://hl7.org/fhir/Measure.copyright,http://hl7.org/fhir/,Measure.copyright,ObjectProperty,"('http://hl7.org/fhir/Measure.copyright', 'ObjectProperty')"
http://hl7.org/fhir/Measure.date,http://hl7.org/fhir/,Measure.date,ObjectProperty,"('http://hl7.org/fhir/Measure.date', 'ObjectProperty')"
http://hl7.org/fhir/Measure.definition,http://hl7.org/fhir/,Measure.definition,ObjectProperty,"('http://hl7.org/fhir/Measure.definition', 'ObjectProperty')"
http://hl7.org/fhir/Measure.description,http://hl7.org/fhir/,Measure.description,ObjectProperty,"('http://hl7.org/fhir/Measure.description', 'ObjectProperty')"
http://hl7.org/fhir/Measure.disclaimer,http://hl7.org/fhir/,Measure.disclaimer,ObjectProperty,"('http://hl7.org/fhir/Measure.disclaimer', 'ObjectProperty')"
http://hl7.org/fhir/Measure.effectivePeriod,http://hl7.org/fhir/,Measure.effectivePeriod,ObjectProperty,"('http://hl7.org/fhir/Measure.effectivePeriod', 'ObjectProperty')"
http://hl7.org/fhir/Measure.experimental,http://hl7.org/fhir/,Measure.experimental,ObjectProperty,"('http://hl7.org/fhir/Measure.experimental', 'ObjectProperty')"
http://hl7.org/fhir/Measure.group,http://hl7.org/fhir/,Measure.group,ObjectProperty,"('http://hl7.org/fhir/Measure.group', 'ObjectProperty')"
http://hl7.org/fhir/Measure.group.description,http://hl7.org/fhir/,Measure.group.description,ObjectProperty,"('http://hl7.org/fhir/Measure.group.description', 'ObjectProperty')"
http://hl7.org/fhir/Measure.group.identifier,http://hl7.org/fhir/,Measure.group.identifier,ObjectProperty,"('http://hl7.org/fhir/Measure.group.identifier', 'ObjectProperty')"
http://hl7.org/fhir/Measure.group.name,http://hl7.org/fhir/,Measure.group.name,ObjectProperty,"('http://hl7.org/fhir/Measure.group.name', 'ObjectProperty')"
http://hl7.org/fhir/Measure.group.population,http://hl7.org/fhir/,Measure.group.population,ObjectProperty,"('http://hl7.org/fhir/Measure.group.population', 'ObjectProperty')"
http://hl7.org/fhir/Measure.group.population.code,http://hl7.org/fhir/,Measure.group.population.code,ObjectProperty,"('http://hl7.org/fhir/Measure.group.population.code', 'ObjectProperty')"
http://hl7.org/fhir/Measure.group.population.criteria,http://hl7.org/fhir/,Measure.group.population.criteria,ObjectProperty,"('http://hl7.org/fhir/Measure.group.population.criteria', 'ObjectProperty')"
http://hl7.org/fhir/Measure.group.population.description,http://hl7.org/fhir/,Measure.group.population.description,ObjectProperty,"('http://hl7.org/fhir/Measure.group.population.description', 'ObjectProperty')"
http://hl7.org/fhir/Measure.group.population.identifier,http://hl7.org/fhir/,Measure.group.population.identifier,ObjectProperty,"('http://hl7.org/fhir/Measure.group.population.identifier', 'ObjectProperty')"
http://hl7.org/fhir/Measure.group.population.name,http://hl7.org/fhir/,Measure.group.population.name,ObjectProperty,"('http://hl7.org/fhir/Measure.group.population.name', 'ObjectProperty')"
http://hl7.org/fhir/Measure.group.stratifier,http://hl7.org/fhir/,Measure.group.stratifier,ObjectProperty,"('http://hl7.org/fhir/Measure.group.stratifier', 'ObjectProperty')"
http://hl7.org/fhir/Measure.group.stratifier.criteria,http://hl7.org/fhir/,Measure.group.stratifier.criteria,ObjectProperty,"('http://hl7.org/fhir/Measure.group.stratifier.criteria', 'ObjectProperty')"
http://hl7.org/fhir/Measure.group.stratifier.identifier,http://hl7.org/fhir/,Measure.group.stratifier.identifier,ObjectProperty,"('http://hl7.org/fhir/Measure.group.stratifier.identifier', 'ObjectProperty')"
http://hl7.org/fhir/Measure.group.stratifier.path,http://hl7.org/fhir/,Measure.group.stratifier.path,ObjectProperty,"('http://hl7.org/fhir/Measure.group.stratifier.path', 'ObjectProperty')"
http://hl7.org/fhir/Measure.guidance,http://hl7.org/fhir/,Measure.guidance,ObjectProperty,"('http://hl7.org/fhir/Measure.guidance', 'ObjectProperty')"
http://hl7.org/fhir/Measure.identifier,http://hl7.org/fhir/,Measure.identifier,ObjectProperty,"('http://hl7.org/fhir/Measure.identifier', 'ObjectProperty')"
http://hl7.org/fhir/Measure.improvementNotation,http://hl7.org/fhir/,Measure.improvementNotation,ObjectProperty,"('http://hl7.org/fhir/Measure.improvementNotation', 'ObjectProperty')"
http://hl7.org/fhir/Measure.jurisdiction,http://hl7.org/fhir/,Measure.jurisdiction,ObjectProperty,"('http://hl7.org/fhir/Measure.jurisdiction', 'ObjectProperty')"
http://hl7.org/fhir/Measure.lastReviewDate,http://hl7.org/fhir/,Measure.lastReviewDate,ObjectProperty,"('http://hl7.org/fhir/Measure.lastReviewDate', 'ObjectProperty')"
http://hl7.org/fhir/Measure.library,http://hl7.org/fhir/,Measure.library,ObjectProperty,"('http://hl7.org/fhir/Measure.library', 'ObjectProperty')"
http://hl7.org/fhir/Measure.name,http://hl7.org/fhir/,Measure.name,ObjectProperty,"('http://hl7.org/fhir/Measure.name', 'ObjectProperty')"
http://hl7.org/fhir/Measure.publisher,http://hl7.org/fhir/,Measure.publisher,ObjectProperty,"('http://hl7.org/fhir/Measure.publisher', 'ObjectProperty')"
http://hl7.org/fhir/Measure.purpose,http://hl7.org/fhir/,Measure.purpose,ObjectProperty,"('http://hl7.org/fhir/Measure.purpose', 'ObjectProperty')"
http://hl7.org/fhir/Measure.rateAggregation,http://hl7.org/fhir/,Measure.rateAggregation,ObjectProperty,"('http://hl7.org/fhir/Measure.rateAggregation', 'ObjectProperty')"
http://hl7.org/fhir/Measure.rationale,http://hl7.org/fhir/,Measure.rationale,ObjectProperty,"('http://hl7.org/fhir/Measure.rationale', 'ObjectProperty')"
http://hl7.org/fhir/Measure.relatedArtifact,http://hl7.org/fhir/,Measure.relatedArtifact,ObjectProperty,"('http://hl7.org/fhir/Measure.relatedArtifact', 'ObjectProperty')"
http://hl7.org/fhir/Measure.riskAdjustment,http://hl7.org/fhir/,Measure.riskAdjustment,ObjectProperty,"('http://hl7.org/fhir/Measure.riskAdjustment', 'ObjectProperty')"
http://hl7.org/fhir/Measure.scoring,http://hl7.org/fhir/,Measure.scoring,ObjectProperty,"('http://hl7.org/fhir/Measure.scoring', 'ObjectProperty')"
http://hl7.org/fhir/Measure.set,http://hl7.org/fhir/,Measure.set,ObjectProperty,"('http://hl7.org/fhir/Measure.set', 'ObjectProperty')"
http://hl7.org/fhir/Measure.status,http://hl7.org/fhir/,Measure.status,ObjectProperty,"('http://hl7.org/fhir/Measure.status', 'ObjectProperty')"
http://hl7.org/fhir/Measure.supplementalData,http://hl7.org/fhir/,Measure.supplementalData,ObjectProperty,"('http://hl7.org/fhir/Measure.supplementalData', 'ObjectProperty')"
http://hl7.org/fhir/Measure.supplementalData.criteria,http://hl7.org/fhir/,Measure.supplementalData.criteria,ObjectProperty,"('http://hl7.org/fhir/Measure.supplementalData.criteria', 'ObjectProperty')"
http://hl7.org/fhir/Measure.supplementalData.identifier,http://hl7.org/fhir/,Measure.supplementalData.identifier,ObjectProperty,"('http://hl7.org/fhir/Measure.supplementalData.identifier', 'ObjectProperty')"
http://hl7.org/fhir/Measure.supplementalData.path,http://hl7.org/fhir/,Measure.supplementalData.path,ObjectProperty,"('http://hl7.org/fhir/Measure.supplementalData.path', 'ObjectProperty')"
http://hl7.org/fhir/Measure.supplementalData.usage,http://hl7.org/fhir/,Measure.supplementalData.usage,ObjectProperty,"('http://hl7.org/fhir/Measure.supplementalData.usage', 'ObjectProperty')"
http://hl7.org/fhir/Measure.title,http://hl7.org/fhir/,Measure.title,ObjectProperty,"('http://hl7.org/fhir/Measure.title', 'ObjectProperty')"
http://hl7.org/fhir/Measure.topic,http://hl7.org/fhir/,Measure.topic,ObjectProperty,"('http://hl7.org/fhir/Measure.topic', 'ObjectProperty')"
http://hl7.org/fhir/Measure.type,http://hl7.org/fhir/,Measure.type,ObjectProperty,"('http://hl7.org/fhir/Measure.type', 'ObjectProperty')"
http://hl7.org/fhir/Measure.url,http://hl7.org/fhir/,Measure.url,ObjectProperty,"('http://hl7.org/fhir/Measure.url', 'ObjectProperty')"
http://hl7.org/fhir/Measure.usage,http://hl7.org/fhir/,Measure.usage,ObjectProperty,"('http://hl7.org/fhir/Measure.usage', 'ObjectProperty')"
http://hl7.org/fhir/Measure.useContext,http://hl7.org/fhir/,Measure.useContext,ObjectProperty,"('http://hl7.org/fhir/Measure.useContext', 'ObjectProperty')"
http://hl7.org/fhir/Measure.version,http://hl7.org/fhir/,Measure.version,ObjectProperty,"('http://hl7.org/fhir/Measure.version', 'ObjectProperty')"
http://hl7.org/fhir/MeasureReport.date,http://hl7.org/fhir/,MeasureReport.date,ObjectProperty,"('http://hl7.org/fhir/MeasureReport.date', 'ObjectProperty')"
http://hl7.org/fhir/MeasureReport.evaluatedResources,http://hl7.org/fhir/,MeasureReport.evaluatedResources,ObjectProperty,"('http://hl7.org/fhir/MeasureReport.evaluatedResources', 'ObjectProperty')"
http://hl7.org/fhir/MeasureReport.group,http://hl7.org/fhir/,MeasureReport.group,ObjectProperty,"('http://hl7.org/fhir/MeasureReport.group', 'ObjectProperty')"
http://hl7.org/fhir/MeasureReport.group.identifier,http://hl7.org/fhir/,MeasureReport.group.identifier,ObjectProperty,"('http://hl7.org/fhir/MeasureReport.group.identifier', 'ObjectProperty')"
http://hl7.org/fhir/MeasureReport.group.measureScore,http://hl7.org/fhir/,MeasureReport.group.measureScore,ObjectProperty,"('http://hl7.org/fhir/MeasureReport.group.measureScore', 'ObjectProperty')"
http://hl7.org/fhir/MeasureReport.group.population,http://hl7.org/fhir/,MeasureReport.group.population,ObjectProperty,"('http://hl7.org/fhir/MeasureReport.group.population', 'ObjectProperty')"
http://hl7.org/fhir/MeasureReport.group.population.code,http://hl7.org/fhir/,MeasureReport.group.population.code,ObjectProperty,"('http://hl7.org/fhir/MeasureReport.group.population.code', 'ObjectProperty')"
http://hl7.org/fhir/MeasureReport.group.population.count,http://hl7.org/fhir/,MeasureReport.group.population.count,ObjectProperty,"('http://hl7.org/fhir/MeasureReport.group.population.count', 'ObjectProperty')"
http://hl7.org/fhir/MeasureReport.group.population.identifier,http://hl7.org/fhir/,MeasureReport.group.population.identifier,ObjectProperty,"('http://hl7.org/fhir/MeasureReport.group.population.identifier', 'ObjectProperty')"
http://hl7.org/fhir/MeasureReport.group.population.patients,http://hl7.org/fhir/,MeasureReport.group.population.patients,ObjectProperty,"('http://hl7.org/fhir/MeasureReport.group.population.patients', 'ObjectProperty')"
http://hl7.org/fhir/MeasureReport.group.stratifier,http://hl7.org/fhir/,MeasureReport.group.stratifier,ObjectProperty,"('http://hl7.org/fhir/MeasureReport.group.stratifier', 'ObjectProperty')"
http://hl7.org/fhir/MeasureReport.group.stratifier.identifier,http://hl7.org/fhir/,MeasureReport.group.stratifier.identifier,ObjectProperty,"('http://hl7.org/fhir/MeasureReport.group.stratifier.identifier', 'ObjectProperty')"
http://hl7.org/fhir/MeasureReport.group.stratifier.stratum,http://hl7.org/fhir/,MeasureReport.group.stratifier.stratum,ObjectProperty,"('http://hl7.org/fhir/MeasureReport.group.stratifier.stratum', 'ObjectProperty')"
http://hl7.org/fhir/MeasureReport.group.stratifier.stratum.measureScore,http://hl7.org/fhir/,MeasureReport.group.stratifier.stratum.measureScore,ObjectProperty,"('http://hl7.org/fhir/MeasureReport.group.stratifier.stratum.measureScore', 'ObjectProperty')"
http://hl7.org/fhir/MeasureReport.group.stratifier.stratum.population,http://hl7.org/fhir/,MeasureReport.group.stratifier.stratum.population,ObjectProperty,"('http://hl7.org/fhir/MeasureReport.group.stratifier.stratum.population', 'ObjectProperty')"
http://hl7.org/fhir/MeasureReport.group.stratifier.stratum.population.code,http://hl7.org/fhir/,MeasureReport.group.stratifier.stratum.population.code,ObjectProperty,"('http://hl7.org/fhir/MeasureReport.group.stratifier.stratum.population.code', 'ObjectProperty')"
http://hl7.org/fhir/MeasureReport.group.stratifier.stratum.population.count,http://hl7.org/fhir/,MeasureReport.group.stratifier.stratum.population.count,ObjectProperty,"('http://hl7.org/fhir/MeasureReport.group.stratifier.stratum.population.count', 'ObjectProperty')"
http://hl7.org/fhir/MeasureReport.group.stratifier.stratum.population.identifier,http://hl7.org/fhir/,MeasureReport.group.stratifier.stratum.population.identifier,ObjectProperty,"('http://hl7.org/fhir/MeasureReport.group.stratifier.stratum.population.identifier', 'ObjectProperty')"
http://hl7.org/fhir/MeasureReport.group.stratifier.stratum.population.patients,http://hl7.org/fhir/,MeasureReport.group.stratifier.stratum.population.patients,ObjectProperty,"('http://hl7.org/fhir/MeasureReport.group.stratifier.stratum.population.patients', 'ObjectProperty')"
http://hl7.org/fhir/MeasureReport.group.stratifier.stratum.value,http://hl7.org/fhir/,MeasureReport.group.stratifier.stratum.value,ObjectProperty,"('http://hl7.org/fhir/MeasureReport.group.stratifier.stratum.value', 'ObjectProperty')"
http://hl7.org/fhir/MeasureReport.identifier,http://hl7.org/fhir/,MeasureReport.identifier,ObjectProperty,"('http://hl7.org/fhir/MeasureReport.identifier', 'ObjectProperty')"
http://hl7.org/fhir/MeasureReport.measure,http://hl7.org/fhir/,MeasureReport.measure,ObjectProperty,"('http://hl7.org/fhir/MeasureReport.measure', 'ObjectProperty')"
http://hl7.org/fhir/MeasureReport.patient,http://hl7.org/fhir/,MeasureReport.patient,ObjectProperty,"('http://hl7.org/fhir/MeasureReport.patient', 'ObjectProperty')"
http://hl7.org/fhir/MeasureReport.period,http://hl7.org/fhir/,MeasureReport.period,ObjectProperty,"('http://hl7.org/fhir/MeasureReport.period', 'ObjectProperty')"
http://hl7.org/fhir/MeasureReport.reportingOrganization,http://hl7.org/fhir/,MeasureReport.reportingOrganization,ObjectProperty,"('http://hl7.org/fhir/MeasureReport.reportingOrganization', 'ObjectProperty')"
http://hl7.org/fhir/MeasureReport.status,http://hl7.org/fhir/,MeasureReport.status,ObjectProperty,"('http://hl7.org/fhir/MeasureReport.status', 'ObjectProperty')"
http://hl7.org/fhir/MeasureReport.type,http://hl7.org/fhir/,MeasureReport.type,ObjectProperty,"('http://hl7.org/fhir/MeasureReport.type', 'ObjectProperty')"
http://hl7.org/fhir/Media.basedOn,http://hl7.org/fhir/,Media.basedOn,ObjectProperty,"('http://hl7.org/fhir/Media.basedOn', 'ObjectProperty')"
http://hl7.org/fhir/Media.bodySite,http://hl7.org/fhir/,Media.bodySite,ObjectProperty,"('http://hl7.org/fhir/Media.bodySite', 'ObjectProperty')"
http://hl7.org/fhir/Media.content,http://hl7.org/fhir/,Media.content,ObjectProperty,"('http://hl7.org/fhir/Media.content', 'ObjectProperty')"
http://hl7.org/fhir/Media.context,http://hl7.org/fhir/,Media.context,ObjectProperty,"('http://hl7.org/fhir/Media.context', 'ObjectProperty')"
http://hl7.org/fhir/Media.device,http://hl7.org/fhir/,Media.device,ObjectProperty,"('http://hl7.org/fhir/Media.device', 'ObjectProperty')"
http://hl7.org/fhir/Media.duration,http://hl7.org/fhir/,Media.duration,ObjectProperty,"('http://hl7.org/fhir/Media.duration', 'ObjectProperty')"
http://hl7.org/fhir/Media.frames,http://hl7.org/fhir/,Media.frames,ObjectProperty,"('http://hl7.org/fhir/Media.frames', 'ObjectProperty')"
http://hl7.org/fhir/Media.height,http://hl7.org/fhir/,Media.height,ObjectProperty,"('http://hl7.org/fhir/Media.height', 'ObjectProperty')"
http://hl7.org/fhir/Media.identifier,http://hl7.org/fhir/,Media.identifier,ObjectProperty,"('http://hl7.org/fhir/Media.identifier', 'ObjectProperty')"
http://hl7.org/fhir/Media.note,http://hl7.org/fhir/,Media.note,ObjectProperty,"('http://hl7.org/fhir/Media.note', 'ObjectProperty')"
http://hl7.org/fhir/Media.occurrence,http://hl7.org/fhir/,Media.occurrence,ObjectProperty,"('http://hl7.org/fhir/Media.occurrence', 'ObjectProperty')"
http://hl7.org/fhir/Media.occurrenceDateTime,http://hl7.org/fhir/,Media.occurrenceDateTime,ObjectProperty,"('http://hl7.org/fhir/Media.occurrenceDateTime', 'ObjectProperty')"
http://hl7.org/fhir/Media.occurrencePeriod,http://hl7.org/fhir/,Media.occurrencePeriod,ObjectProperty,"('http://hl7.org/fhir/Media.occurrencePeriod', 'ObjectProperty')"
http://hl7.org/fhir/Media.operator,http://hl7.org/fhir/,Media.operator,ObjectProperty,"('http://hl7.org/fhir/Media.operator', 'ObjectProperty')"
http://hl7.org/fhir/Media.reasonCode,http://hl7.org/fhir/,Media.reasonCode,ObjectProperty,"('http://hl7.org/fhir/Media.reasonCode', 'ObjectProperty')"
http://hl7.org/fhir/Media.subject,http://hl7.org/fhir/,Media.subject,ObjectProperty,"('http://hl7.org/fhir/Media.subject', 'ObjectProperty')"
http://hl7.org/fhir/Media.subtype,http://hl7.org/fhir/,Media.subtype,ObjectProperty,"('http://hl7.org/fhir/Media.subtype', 'ObjectProperty')"
http://hl7.org/fhir/Media.type,http://hl7.org/fhir/,Media.type,ObjectProperty,"('http://hl7.org/fhir/Media.type', 'ObjectProperty')"
http://hl7.org/fhir/Media.view,http://hl7.org/fhir/,Media.view,ObjectProperty,"('http://hl7.org/fhir/Media.view', 'ObjectProperty')"
http://hl7.org/fhir/Media.width,http://hl7.org/fhir/,Media.width,ObjectProperty,"('http://hl7.org/fhir/Media.width', 'ObjectProperty')"
http://hl7.org/fhir/Medication.image,http://hl7.org/fhir/,Medication.image,ObjectProperty,"('http://hl7.org/fhir/Medication.image', 'ObjectProperty')"
http://hl7.org/fhir/Medication.ingredient.item,http://hl7.org/fhir/,Medication.ingredient.item,ObjectProperty,"('http://hl7.org/fhir/Medication.ingredient.item', 'ObjectProperty')"
http://hl7.org/fhir/Medication.isOverTheCounter,http://hl7.org/fhir/,Medication.isOverTheCounter,ObjectProperty,"('http://hl7.org/fhir/Medication.isOverTheCounter', 'ObjectProperty')"
http://hl7.org/fhir/Medication.package,http://hl7.org/fhir/,Medication.package,ObjectProperty,"('http://hl7.org/fhir/Medication.package', 'ObjectProperty')"
http://hl7.org/fhir/Medication.package.batch,http://hl7.org/fhir/,Medication.package.batch,ObjectProperty,"('http://hl7.org/fhir/Medication.package.batch', 'ObjectProperty')"
http://hl7.org/fhir/Medication.package.batch.expirationDate,http://hl7.org/fhir/,Medication.package.batch.expirationDate,ObjectProperty,"('http://hl7.org/fhir/Medication.package.batch.expirationDate', 'ObjectProperty')"
http://hl7.org/fhir/Medication.package.batch.lotNumber,http://hl7.org/fhir/,Medication.package.batch.lotNumber,ObjectProperty,"('http://hl7.org/fhir/Medication.package.batch.lotNumber', 'ObjectProperty')"
http://hl7.org/fhir/Medication.package.content,http://hl7.org/fhir/,Medication.package.content,ObjectProperty,"('http://hl7.org/fhir/Medication.package.content', 'ObjectProperty')"
http://hl7.org/fhir/Medication.package.content.item,http://hl7.org/fhir/,Medication.package.content.item,ObjectProperty,"('http://hl7.org/fhir/Medication.package.content.item', 'ObjectProperty')"
http://hl7.org/fhir/Medication.package.content.itemReference,http://hl7.org/fhir/,Medication.package.content.itemReference,ObjectProperty,"('http://hl7.org/fhir/Medication.package.content.itemReference', 'ObjectProperty')"
http://hl7.org/fhir/Medication.status,http://hl7.org/fhir/,Medication.status,ObjectProperty,"('http://hl7.org/fhir/Medication.status', 'ObjectProperty')"
http://hl7.org/fhir/MedicationAdministration.category,http://hl7.org/fhir/,MedicationAdministration.category,ObjectProperty,"('http://hl7.org/fhir/MedicationAdministration.category', 'ObjectProperty')"
http://hl7.org/fhir/MedicationAdministration.context,http://hl7.org/fhir/,MedicationAdministration.context,ObjectProperty,"('http://hl7.org/fhir/MedicationAdministration.context', 'ObjectProperty')"
http://hl7.org/fhir/MedicationAdministration.definition,http://hl7.org/fhir/,MedicationAdministration.definition,ObjectProperty,"('http://hl7.org/fhir/MedicationAdministration.definition', 'ObjectProperty')"
http://hl7.org/fhir/MedicationAdministration.device,http://hl7.org/fhir/,MedicationAdministration.device,ObjectProperty,"('http://hl7.org/fhir/MedicationAdministration.device', 'ObjectProperty')"
http://hl7.org/fhir/MedicationAdministration.dosage,http://hl7.org/fhir/,MedicationAdministration.dosage,ObjectProperty,"('http://hl7.org/fhir/MedicationAdministration.dosage', 'ObjectProperty')"
http://hl7.org/fhir/MedicationAdministration.dosage.dose,http://hl7.org/fhir/,MedicationAdministration.dosage.dose,ObjectProperty,"('http://hl7.org/fhir/MedicationAdministration.dosage.dose', 'ObjectProperty')"
http://hl7.org/fhir/MedicationAdministration.dosage.method,http://hl7.org/fhir/,MedicationAdministration.dosage.method,ObjectProperty,"('http://hl7.org/fhir/MedicationAdministration.dosage.method', 'ObjectProperty')"
http://hl7.org/fhir/MedicationAdministration.dosage.rate,http://hl7.org/fhir/,MedicationAdministration.dosage.rate,ObjectProperty,"('http://hl7.org/fhir/MedicationAdministration.dosage.rate', 'ObjectProperty')"
http://hl7.org/fhir/MedicationAdministration.dosage.rateRatio,http://hl7.org/fhir/,MedicationAdministration.dosage.rateRatio,ObjectProperty,"('http://hl7.org/fhir/MedicationAdministration.dosage.rateRatio', 'ObjectProperty')"
http://hl7.org/fhir/MedicationAdministration.dosage.rateSimpleQuantity,http://hl7.org/fhir/,MedicationAdministration.dosage.rateSimpleQuantity,ObjectProperty,"('http://hl7.org/fhir/MedicationAdministration.dosage.rateSimpleQuantity', 'ObjectProperty')"
http://hl7.org/fhir/MedicationAdministration.dosage.route,http://hl7.org/fhir/,MedicationAdministration.dosage.route,ObjectProperty,"('http://hl7.org/fhir/MedicationAdministration.dosage.route', 'ObjectProperty')"
http://hl7.org/fhir/MedicationAdministration.dosage.site,http://hl7.org/fhir/,MedicationAdministration.dosage.site,ObjectProperty,"('http://hl7.org/fhir/MedicationAdministration.dosage.site', 'ObjectProperty')"
http://hl7.org/fhir/MedicationAdministration.dosage.text,http://hl7.org/fhir/,MedicationAdministration.dosage.text,ObjectProperty,"('http://hl7.org/fhir/MedicationAdministration.dosage.text', 'ObjectProperty')"
http://hl7.org/fhir/MedicationAdministration.effective,http://hl7.org/fhir/,MedicationAdministration.effective,ObjectProperty,"('http://hl7.org/fhir/MedicationAdministration.effective', 'ObjectProperty')"
http://hl7.org/fhir/MedicationAdministration.effectiveDateTime,http://hl7.org/fhir/,MedicationAdministration.effectiveDateTime,ObjectProperty,"('http://hl7.org/fhir/MedicationAdministration.effectiveDateTime', 'ObjectProperty')"
http://hl7.org/fhir/MedicationAdministration.effectivePeriod,http://hl7.org/fhir/,MedicationAdministration.effectivePeriod,ObjectProperty,"('http://hl7.org/fhir/MedicationAdministration.effectivePeriod', 'ObjectProperty')"
http://hl7.org/fhir/MedicationAdministration.eventHistory,http://hl7.org/fhir/,MedicationAdministration.eventHistory,ObjectProperty,"('http://hl7.org/fhir/MedicationAdministration.eventHistory', 'ObjectProperty')"
http://hl7.org/fhir/MedicationAdministration.identifier,http://hl7.org/fhir/,MedicationAdministration.identifier,ObjectProperty,"('http://hl7.org/fhir/MedicationAdministration.identifier', 'ObjectProperty')"
http://hl7.org/fhir/MedicationAdministration.medication,http://hl7.org/fhir/,MedicationAdministration.medication,ObjectProperty,"('http://hl7.org/fhir/MedicationAdministration.medication', 'ObjectProperty')"
http://hl7.org/fhir/MedicationAdministration.medicationCodeableConcept,http://hl7.org/fhir/,MedicationAdministration.medicationCodeableConcept,ObjectProperty,"('http://hl7.org/fhir/MedicationAdministration.medicationCodeableConcept', 'ObjectProperty')"
http://hl7.org/fhir/MedicationAdministration.medicationReference,http://hl7.org/fhir/,MedicationAdministration.medicationReference,ObjectProperty,"('http://hl7.org/fhir/MedicationAdministration.medicationReference', 'ObjectProperty')"
http://hl7.org/fhir/MedicationAdministration.notGiven,http://hl7.org/fhir/,MedicationAdministration.notGiven,ObjectProperty,"('http://hl7.org/fhir/MedicationAdministration.notGiven', 'ObjectProperty')"
http://hl7.org/fhir/MedicationAdministration.note,http://hl7.org/fhir/,MedicationAdministration.note,ObjectProperty,"('http://hl7.org/fhir/MedicationAdministration.note', 'ObjectProperty')"
http://hl7.org/fhir/MedicationAdministration.partOf,http://hl7.org/fhir/,MedicationAdministration.partOf,ObjectProperty,"('http://hl7.org/fhir/MedicationAdministration.partOf', 'ObjectProperty')"
http://hl7.org/fhir/MedicationAdministration.performer,http://hl7.org/fhir/,MedicationAdministration.performer,ObjectProperty,"('http://hl7.org/fhir/MedicationAdministration.performer', 'ObjectProperty')"
http://hl7.org/fhir/MedicationAdministration.performer.actor,http://hl7.org/fhir/,MedicationAdministration.performer.actor,ObjectProperty,"('http://hl7.org/fhir/MedicationAdministration.performer.actor', 'ObjectProperty')"
http://hl7.org/fhir/MedicationAdministration.performer.onBehalfOf,http://hl7.org/fhir/,MedicationAdministration.performer.onBehalfOf,ObjectProperty,"('http://hl7.org/fhir/MedicationAdministration.performer.onBehalfOf', 'ObjectProperty')"
http://hl7.org/fhir/MedicationAdministration.prescription,http://hl7.org/fhir/,MedicationAdministration.prescription,ObjectProperty,"('http://hl7.org/fhir/MedicationAdministration.prescription', 'ObjectProperty')"
http://hl7.org/fhir/MedicationAdministration.reasonCode,http://hl7.org/fhir/,MedicationAdministration.reasonCode,ObjectProperty,"('http://hl7.org/fhir/MedicationAdministration.reasonCode', 'ObjectProperty')"
http://hl7.org/fhir/MedicationAdministration.reasonNotGiven,http://hl7.org/fhir/,MedicationAdministration.reasonNotGiven,ObjectProperty,"('http://hl7.org/fhir/MedicationAdministration.reasonNotGiven', 'ObjectProperty')"
http://hl7.org/fhir/MedicationAdministration.reasonReference,http://hl7.org/fhir/,MedicationAdministration.reasonReference,ObjectProperty,"('http://hl7.org/fhir/MedicationAdministration.reasonReference', 'ObjectProperty')"
http://hl7.org/fhir/MedicationAdministration.status,http://hl7.org/fhir/,MedicationAdministration.status,ObjectProperty,"('http://hl7.org/fhir/MedicationAdministration.status', 'ObjectProperty')"
http://hl7.org/fhir/MedicationAdministration.subject,http://hl7.org/fhir/,MedicationAdministration.subject,ObjectProperty,"('http://hl7.org/fhir/MedicationAdministration.subject', 'ObjectProperty')"
http://hl7.org/fhir/MedicationAdministration.supportingInformation,http://hl7.org/fhir/,MedicationAdministration.supportingInformation,ObjectProperty,"('http://hl7.org/fhir/MedicationAdministration.supportingInformation', 'ObjectProperty')"
http://hl7.org/fhir/MedicationDispense.authorizingPrescription,http://hl7.org/fhir/,MedicationDispense.authorizingPrescription,ObjectProperty,"('http://hl7.org/fhir/MedicationDispense.authorizingPrescription', 'ObjectProperty')"
http://hl7.org/fhir/MedicationDispense.category,http://hl7.org/fhir/,MedicationDispense.category,ObjectProperty,"('http://hl7.org/fhir/MedicationDispense.category', 'ObjectProperty')"
http://hl7.org/fhir/MedicationDispense.context,http://hl7.org/fhir/,MedicationDispense.context,ObjectProperty,"('http://hl7.org/fhir/MedicationDispense.context', 'ObjectProperty')"
http://hl7.org/fhir/MedicationDispense.daysSupply,http://hl7.org/fhir/,MedicationDispense.daysSupply,ObjectProperty,"('http://hl7.org/fhir/MedicationDispense.daysSupply', 'ObjectProperty')"
http://hl7.org/fhir/MedicationDispense.destination,http://hl7.org/fhir/,MedicationDispense.destination,ObjectProperty,"('http://hl7.org/fhir/MedicationDispense.destination', 'ObjectProperty')"
http://hl7.org/fhir/MedicationDispense.detectedIssue,http://hl7.org/fhir/,MedicationDispense.detectedIssue,ObjectProperty,"('http://hl7.org/fhir/MedicationDispense.detectedIssue', 'ObjectProperty')"
http://hl7.org/fhir/MedicationDispense.dosageInstruction,http://hl7.org/fhir/,MedicationDispense.dosageInstruction,ObjectProperty,"('http://hl7.org/fhir/MedicationDispense.dosageInstruction', 'ObjectProperty')"
http://hl7.org/fhir/MedicationDispense.eventHistory,http://hl7.org/fhir/,MedicationDispense.eventHistory,ObjectProperty,"('http://hl7.org/fhir/MedicationDispense.eventHistory', 'ObjectProperty')"
http://hl7.org/fhir/MedicationDispense.identifier,http://hl7.org/fhir/,MedicationDispense.identifier,ObjectProperty,"('http://hl7.org/fhir/MedicationDispense.identifier', 'ObjectProperty')"
http://hl7.org/fhir/MedicationDispense.medication,http://hl7.org/fhir/,MedicationDispense.medication,ObjectProperty,"('http://hl7.org/fhir/MedicationDispense.medication', 'ObjectProperty')"
http://hl7.org/fhir/MedicationDispense.medicationCodeableConcept,http://hl7.org/fhir/,MedicationDispense.medicationCodeableConcept,ObjectProperty,"('http://hl7.org/fhir/MedicationDispense.medicationCodeableConcept', 'ObjectProperty')"
http://hl7.org/fhir/MedicationDispense.medicationReference,http://hl7.org/fhir/,MedicationDispense.medicationReference,ObjectProperty,"('http://hl7.org/fhir/MedicationDispense.medicationReference', 'ObjectProperty')"
http://hl7.org/fhir/MedicationDispense.notDone,http://hl7.org/fhir/,MedicationDispense.notDone,ObjectProperty,"('http://hl7.org/fhir/MedicationDispense.notDone', 'ObjectProperty')"
http://hl7.org/fhir/MedicationDispense.notDoneReason,http://hl7.org/fhir/,MedicationDispense.notDoneReason,ObjectProperty,"('http://hl7.org/fhir/MedicationDispense.notDoneReason', 'ObjectProperty')"
http://hl7.org/fhir/MedicationDispense.notDoneReasonCodeableConcept,http://hl7.org/fhir/,MedicationDispense.notDoneReasonCodeableConcept,ObjectProperty,"('http://hl7.org/fhir/MedicationDispense.notDoneReasonCodeableConcept', 'ObjectProperty')"
http://hl7.org/fhir/MedicationDispense.notDoneReasonReference,http://hl7.org/fhir/,MedicationDispense.notDoneReasonReference,ObjectProperty,"('http://hl7.org/fhir/MedicationDispense.notDoneReasonReference', 'ObjectProperty')"
http://hl7.org/fhir/MedicationDispense.note,http://hl7.org/fhir/,MedicationDispense.note,ObjectProperty,"('http://hl7.org/fhir/MedicationDispense.note', 'ObjectProperty')"
http://hl7.org/fhir/MedicationDispense.partOf,http://hl7.org/fhir/,MedicationDispense.partOf,ObjectProperty,"('http://hl7.org/fhir/MedicationDispense.partOf', 'ObjectProperty')"
http://hl7.org/fhir/MedicationDispense.performer,http://hl7.org/fhir/,MedicationDispense.performer,ObjectProperty,"('http://hl7.org/fhir/MedicationDispense.performer', 'ObjectProperty')"
http://hl7.org/fhir/MedicationDispense.performer.actor,http://hl7.org/fhir/,MedicationDispense.performer.actor,ObjectProperty,"('http://hl7.org/fhir/MedicationDispense.performer.actor', 'ObjectProperty')"
http://hl7.org/fhir/MedicationDispense.performer.onBehalfOf,http://hl7.org/fhir/,MedicationDispense.performer.onBehalfOf,ObjectProperty,"('http://hl7.org/fhir/MedicationDispense.performer.onBehalfOf', 'ObjectProperty')"
http://hl7.org/fhir/MedicationDispense.quantity,http://hl7.org/fhir/,MedicationDispense.quantity,ObjectProperty,"('http://hl7.org/fhir/MedicationDispense.quantity', 'ObjectProperty')"
http://hl7.org/fhir/MedicationDispense.receiver,http://hl7.org/fhir/,MedicationDispense.receiver,ObjectProperty,"('http://hl7.org/fhir/MedicationDispense.receiver', 'ObjectProperty')"
http://hl7.org/fhir/MedicationDispense.status,http://hl7.org/fhir/,MedicationDispense.status,ObjectProperty,"('http://hl7.org/fhir/MedicationDispense.status', 'ObjectProperty')"
http://hl7.org/fhir/MedicationDispense.subject,http://hl7.org/fhir/,MedicationDispense.subject,ObjectProperty,"('http://hl7.org/fhir/MedicationDispense.subject', 'ObjectProperty')"
http://hl7.org/fhir/MedicationDispense.substitution,http://hl7.org/fhir/,MedicationDispense.substitution,ObjectProperty,"('http://hl7.org/fhir/MedicationDispense.substitution', 'ObjectProperty')"
http://hl7.org/fhir/MedicationDispense.substitution.reason,http://hl7.org/fhir/,MedicationDispense.substitution.reason,ObjectProperty,"('http://hl7.org/fhir/MedicationDispense.substitution.reason', 'ObjectProperty')"
http://hl7.org/fhir/MedicationDispense.substitution.responsibleParty,http://hl7.org/fhir/,MedicationDispense.substitution.responsibleParty,ObjectProperty,"('http://hl7.org/fhir/MedicationDispense.substitution.responsibleParty', 'ObjectProperty')"
http://hl7.org/fhir/MedicationDispense.substitution.type,http://hl7.org/fhir/,MedicationDispense.substitution.type,ObjectProperty,"('http://hl7.org/fhir/MedicationDispense.substitution.type', 'ObjectProperty')"
http://hl7.org/fhir/MedicationDispense.substitution.wasSubstituted,http://hl7.org/fhir/,MedicationDispense.substitution.wasSubstituted,ObjectProperty,"('http://hl7.org/fhir/MedicationDispense.substitution.wasSubstituted', 'ObjectProperty')"
http://hl7.org/fhir/MedicationDispense.supportingInformation,http://hl7.org/fhir/,MedicationDispense.supportingInformation,ObjectProperty,"('http://hl7.org/fhir/MedicationDispense.supportingInformation', 'ObjectProperty')"
http://hl7.org/fhir/MedicationDispense.type,http://hl7.org/fhir/,MedicationDispense.type,ObjectProperty,"('http://hl7.org/fhir/MedicationDispense.type', 'ObjectProperty')"
http://hl7.org/fhir/MedicationDispense.whenHandedOver,http://hl7.org/fhir/,MedicationDispense.whenHandedOver,ObjectProperty,"('http://hl7.org/fhir/MedicationDispense.whenHandedOver', 'ObjectProperty')"
http://hl7.org/fhir/MedicationDispense.whenPrepared,http://hl7.org/fhir/,MedicationDispense.whenPrepared,ObjectProperty,"('http://hl7.org/fhir/MedicationDispense.whenPrepared', 'ObjectProperty')"
http://hl7.org/fhir/MedicationRequest.definition,http://hl7.org/fhir/,MedicationRequest.definition,ObjectProperty,"('http://hl7.org/fhir/MedicationRequest.definition', 'ObjectProperty')"
http://hl7.org/fhir/MedicationRequest.detectedIssue,http://hl7.org/fhir/,MedicationRequest.detectedIssue,ObjectProperty,"('http://hl7.org/fhir/MedicationRequest.detectedIssue', 'ObjectProperty')"
http://hl7.org/fhir/MedicationRequest.dispenseRequest,http://hl7.org/fhir/,MedicationRequest.dispenseRequest,ObjectProperty,"('http://hl7.org/fhir/MedicationRequest.dispenseRequest', 'ObjectProperty')"
http://hl7.org/fhir/MedicationRequest.dispenseRequest.expectedSupplyDuration,http://hl7.org/fhir/,MedicationRequest.dispenseRequest.expectedSupplyDuration,ObjectProperty,"('http://hl7.org/fhir/MedicationRequest.dispenseRequest.expectedSupplyDuration', 'ObjectProperty')"
http://hl7.org/fhir/MedicationRequest.dispenseRequest.numberOfRepeatsAllowed,http://hl7.org/fhir/,MedicationRequest.dispenseRequest.numberOfRepeatsAllowed,ObjectProperty,"('http://hl7.org/fhir/MedicationRequest.dispenseRequest.numberOfRepeatsAllowed', 'ObjectProperty')"
http://hl7.org/fhir/MedicationRequest.dispenseRequest.performer,http://hl7.org/fhir/,MedicationRequest.dispenseRequest.performer,ObjectProperty,"('http://hl7.org/fhir/MedicationRequest.dispenseRequest.performer', 'ObjectProperty')"
http://hl7.org/fhir/MedicationRequest.dispenseRequest.quantity,http://hl7.org/fhir/,MedicationRequest.dispenseRequest.quantity,ObjectProperty,"('http://hl7.org/fhir/MedicationRequest.dispenseRequest.quantity', 'ObjectProperty')"
http://hl7.org/fhir/MedicationRequest.dispenseRequest.validityPeriod,http://hl7.org/fhir/,MedicationRequest.dispenseRequest.validityPeriod,ObjectProperty,"('http://hl7.org/fhir/MedicationRequest.dispenseRequest.validityPeriod', 'ObjectProperty')"
http://hl7.org/fhir/MedicationRequest.eventHistory,http://hl7.org/fhir/,MedicationRequest.eventHistory,ObjectProperty,"('http://hl7.org/fhir/MedicationRequest.eventHistory', 'ObjectProperty')"
http://hl7.org/fhir/MedicationRequest.groupIdentifier,http://hl7.org/fhir/,MedicationRequest.groupIdentifier,ObjectProperty,"('http://hl7.org/fhir/MedicationRequest.groupIdentifier', 'ObjectProperty')"
http://hl7.org/fhir/MedicationRequest.identifier,http://hl7.org/fhir/,MedicationRequest.identifier,ObjectProperty,"('http://hl7.org/fhir/MedicationRequest.identifier', 'ObjectProperty')"
http://hl7.org/fhir/MedicationRequest.intent,http://hl7.org/fhir/,MedicationRequest.intent,ObjectProperty,"('http://hl7.org/fhir/MedicationRequest.intent', 'ObjectProperty')"
http://hl7.org/fhir/MedicationRequest.medication,http://hl7.org/fhir/,MedicationRequest.medication,ObjectProperty,"('http://hl7.org/fhir/MedicationRequest.medication', 'ObjectProperty')"
http://hl7.org/fhir/MedicationRequest.note,http://hl7.org/fhir/,MedicationRequest.note,ObjectProperty,"('http://hl7.org/fhir/MedicationRequest.note', 'ObjectProperty')"
http://hl7.org/fhir/MedicationRequest.requester,http://hl7.org/fhir/,MedicationRequest.requester,ObjectProperty,"('http://hl7.org/fhir/MedicationRequest.requester', 'ObjectProperty')"
http://hl7.org/fhir/MedicationRequest.requester.agent,http://hl7.org/fhir/,MedicationRequest.requester.agent,ObjectProperty,"('http://hl7.org/fhir/MedicationRequest.requester.agent', 'ObjectProperty')"
http://hl7.org/fhir/MedicationRequest.requester.onBehalfOf,http://hl7.org/fhir/,MedicationRequest.requester.onBehalfOf,ObjectProperty,"('http://hl7.org/fhir/MedicationRequest.requester.onBehalfOf', 'ObjectProperty')"
http://hl7.org/fhir/MedicationRequest.substitution,http://hl7.org/fhir/,MedicationRequest.substitution,ObjectProperty,"('http://hl7.org/fhir/MedicationRequest.substitution', 'ObjectProperty')"
http://hl7.org/fhir/MedicationRequest.substitution.allowed,http://hl7.org/fhir/,MedicationRequest.substitution.allowed,ObjectProperty,"('http://hl7.org/fhir/MedicationRequest.substitution.allowed', 'ObjectProperty')"
http://hl7.org/fhir/MedicationRequest.substitution.reason,http://hl7.org/fhir/,MedicationRequest.substitution.reason,ObjectProperty,"('http://hl7.org/fhir/MedicationRequest.substitution.reason', 'ObjectProperty')"
http://hl7.org/fhir/MedicationRequest.supportingInformation,http://hl7.org/fhir/,MedicationRequest.supportingInformation,ObjectProperty,"('http://hl7.org/fhir/MedicationRequest.supportingInformation', 'ObjectProperty')"
http://hl7.org/fhir/MedicationStatement.dateAsserted,http://hl7.org/fhir/,MedicationStatement.dateAsserted,ObjectProperty,"('http://hl7.org/fhir/MedicationStatement.dateAsserted', 'ObjectProperty')"
http://hl7.org/fhir/MedicationStatement.derivedFrom,http://hl7.org/fhir/,MedicationStatement.derivedFrom,ObjectProperty,"('http://hl7.org/fhir/MedicationStatement.derivedFrom', 'ObjectProperty')"
http://hl7.org/fhir/MedicationStatement.effective,http://hl7.org/fhir/,MedicationStatement.effective,ObjectProperty,"('http://hl7.org/fhir/MedicationStatement.effective', 'ObjectProperty')"
http://hl7.org/fhir/MedicationStatement.identifier,http://hl7.org/fhir/,MedicationStatement.identifier,ObjectProperty,"('http://hl7.org/fhir/MedicationStatement.identifier', 'ObjectProperty')"
http://hl7.org/fhir/MedicationStatement.informationSource,http://hl7.org/fhir/,MedicationStatement.informationSource,ObjectProperty,"('http://hl7.org/fhir/MedicationStatement.informationSource', 'ObjectProperty')"
http://hl7.org/fhir/MedicationStatement.medication,http://hl7.org/fhir/,MedicationStatement.medication,ObjectProperty,"('http://hl7.org/fhir/MedicationStatement.medication', 'ObjectProperty')"
http://hl7.org/fhir/MedicationStatement.note,http://hl7.org/fhir/,MedicationStatement.note,ObjectProperty,"('http://hl7.org/fhir/MedicationStatement.note', 'ObjectProperty')"
http://hl7.org/fhir/MedicationStatement.reasonNotTaken,http://hl7.org/fhir/,MedicationStatement.reasonNotTaken,ObjectProperty,"('http://hl7.org/fhir/MedicationStatement.reasonNotTaken', 'ObjectProperty')"
http://hl7.org/fhir/MedicationStatement.taken,http://hl7.org/fhir/,MedicationStatement.taken,ObjectProperty,"('http://hl7.org/fhir/MedicationStatement.taken', 'ObjectProperty')"
http://hl7.org/fhir/MessageDefinition.allowedResponse,http://hl7.org/fhir/,MessageDefinition.allowedResponse,ObjectProperty,"('http://hl7.org/fhir/MessageDefinition.allowedResponse', 'ObjectProperty')"
http://hl7.org/fhir/MessageDefinition.allowedResponse.message,http://hl7.org/fhir/,MessageDefinition.allowedResponse.message,ObjectProperty,"('http://hl7.org/fhir/MessageDefinition.allowedResponse.message', 'ObjectProperty')"
http://hl7.org/fhir/MessageDefinition.allowedResponse.situation,http://hl7.org/fhir/,MessageDefinition.allowedResponse.situation,ObjectProperty,"('http://hl7.org/fhir/MessageDefinition.allowedResponse.situation', 'ObjectProperty')"
http://hl7.org/fhir/MessageDefinition.base,http://hl7.org/fhir/,MessageDefinition.base,ObjectProperty,"('http://hl7.org/fhir/MessageDefinition.base', 'ObjectProperty')"
http://hl7.org/fhir/MessageDefinition.category,http://hl7.org/fhir/,MessageDefinition.category,ObjectProperty,"('http://hl7.org/fhir/MessageDefinition.category', 'ObjectProperty')"
http://hl7.org/fhir/MessageDefinition.contact,http://hl7.org/fhir/,MessageDefinition.contact,ObjectProperty,"('http://hl7.org/fhir/MessageDefinition.contact', 'ObjectProperty')"
http://hl7.org/fhir/MessageDefinition.copyright,http://hl7.org/fhir/,MessageDefinition.copyright,ObjectProperty,"('http://hl7.org/fhir/MessageDefinition.copyright', 'ObjectProperty')"
http://hl7.org/fhir/MessageDefinition.date,http://hl7.org/fhir/,MessageDefinition.date,ObjectProperty,"('http://hl7.org/fhir/MessageDefinition.date', 'ObjectProperty')"
http://hl7.org/fhir/MessageDefinition.description,http://hl7.org/fhir/,MessageDefinition.description,ObjectProperty,"('http://hl7.org/fhir/MessageDefinition.description', 'ObjectProperty')"
http://hl7.org/fhir/MessageDefinition.event,http://hl7.org/fhir/,MessageDefinition.event,ObjectProperty,"('http://hl7.org/fhir/MessageDefinition.event', 'ObjectProperty')"
http://hl7.org/fhir/MessageDefinition.experimental,http://hl7.org/fhir/,MessageDefinition.experimental,ObjectProperty,"('http://hl7.org/fhir/MessageDefinition.experimental', 'ObjectProperty')"
http://hl7.org/fhir/MessageDefinition.focus,http://hl7.org/fhir/,MessageDefinition.focus,ObjectProperty,"('http://hl7.org/fhir/MessageDefinition.focus', 'ObjectProperty')"
http://hl7.org/fhir/MessageDefinition.focus.code,http://hl7.org/fhir/,MessageDefinition.focus.code,ObjectProperty,"('http://hl7.org/fhir/MessageDefinition.focus.code', 'ObjectProperty')"
http://hl7.org/fhir/MessageDefinition.focus.max,http://hl7.org/fhir/,MessageDefinition.focus.max,ObjectProperty,"('http://hl7.org/fhir/MessageDefinition.focus.max', 'ObjectProperty')"
http://hl7.org/fhir/MessageDefinition.focus.min,http://hl7.org/fhir/,MessageDefinition.focus.min,ObjectProperty,"('http://hl7.org/fhir/MessageDefinition.focus.min', 'ObjectProperty')"
http://hl7.org/fhir/MessageDefinition.focus.profile,http://hl7.org/fhir/,MessageDefinition.focus.profile,ObjectProperty,"('http://hl7.org/fhir/MessageDefinition.focus.profile', 'ObjectProperty')"
http://hl7.org/fhir/MessageDefinition.identifier,http://hl7.org/fhir/,MessageDefinition.identifier,ObjectProperty,"('http://hl7.org/fhir/MessageDefinition.identifier', 'ObjectProperty')"
http://hl7.org/fhir/MessageDefinition.jurisdiction,http://hl7.org/fhir/,MessageDefinition.jurisdiction,ObjectProperty,"('http://hl7.org/fhir/MessageDefinition.jurisdiction', 'ObjectProperty')"
http://hl7.org/fhir/MessageDefinition.name,http://hl7.org/fhir/,MessageDefinition.name,ObjectProperty,"('http://hl7.org/fhir/MessageDefinition.name', 'ObjectProperty')"
http://hl7.org/fhir/MessageDefinition.parent,http://hl7.org/fhir/,MessageDefinition.parent,ObjectProperty,"('http://hl7.org/fhir/MessageDefinition.parent', 'ObjectProperty')"
http://hl7.org/fhir/MessageDefinition.publisher,http://hl7.org/fhir/,MessageDefinition.publisher,ObjectProperty,"('http://hl7.org/fhir/MessageDefinition.publisher', 'ObjectProperty')"
http://hl7.org/fhir/MessageDefinition.purpose,http://hl7.org/fhir/,MessageDefinition.purpose,ObjectProperty,"('http://hl7.org/fhir/MessageDefinition.purpose', 'ObjectProperty')"
http://hl7.org/fhir/MessageDefinition.replaces,http://hl7.org/fhir/,MessageDefinition.replaces,ObjectProperty,"('http://hl7.org/fhir/MessageDefinition.replaces', 'ObjectProperty')"
http://hl7.org/fhir/MessageDefinition.responseRequired,http://hl7.org/fhir/,MessageDefinition.responseRequired,ObjectProperty,"('http://hl7.org/fhir/MessageDefinition.responseRequired', 'ObjectProperty')"
http://hl7.org/fhir/MessageDefinition.status,http://hl7.org/fhir/,MessageDefinition.status,ObjectProperty,"('http://hl7.org/fhir/MessageDefinition.status', 'ObjectProperty')"
http://hl7.org/fhir/MessageDefinition.title,http://hl7.org/fhir/,MessageDefinition.title,ObjectProperty,"('http://hl7.org/fhir/MessageDefinition.title', 'ObjectProperty')"
http://hl7.org/fhir/MessageDefinition.url,http://hl7.org/fhir/,MessageDefinition.url,ObjectProperty,"('http://hl7.org/fhir/MessageDefinition.url', 'ObjectProperty')"
http://hl7.org/fhir/MessageDefinition.useContext,http://hl7.org/fhir/,MessageDefinition.useContext,ObjectProperty,"('http://hl7.org/fhir/MessageDefinition.useContext', 'ObjectProperty')"
http://hl7.org/fhir/MessageDefinition.version,http://hl7.org/fhir/,MessageDefinition.version,ObjectProperty,"('http://hl7.org/fhir/MessageDefinition.version', 'ObjectProperty')"
http://hl7.org/fhir/MessageHeader.author,http://hl7.org/fhir/,MessageHeader.author,ObjectProperty,"('http://hl7.org/fhir/MessageHeader.author', 'ObjectProperty')"
http://hl7.org/fhir/MessageHeader.destination,http://hl7.org/fhir/,MessageHeader.destination,ObjectProperty,"('http://hl7.org/fhir/MessageHeader.destination', 'ObjectProperty')"
http://hl7.org/fhir/MessageHeader.destination.endpoint,http://hl7.org/fhir/,MessageHeader.destination.endpoint,ObjectProperty,"('http://hl7.org/fhir/MessageHeader.destination.endpoint', 'ObjectProperty')"
http://hl7.org/fhir/MessageHeader.destination.name,http://hl7.org/fhir/,MessageHeader.destination.name,ObjectProperty,"('http://hl7.org/fhir/MessageHeader.destination.name', 'ObjectProperty')"
http://hl7.org/fhir/MessageHeader.destination.target,http://hl7.org/fhir/,MessageHeader.destination.target,ObjectProperty,"('http://hl7.org/fhir/MessageHeader.destination.target', 'ObjectProperty')"
http://hl7.org/fhir/MessageHeader.enterer,http://hl7.org/fhir/,MessageHeader.enterer,ObjectProperty,"('http://hl7.org/fhir/MessageHeader.enterer', 'ObjectProperty')"
http://hl7.org/fhir/MessageHeader.event,http://hl7.org/fhir/,MessageHeader.event,ObjectProperty,"('http://hl7.org/fhir/MessageHeader.event', 'ObjectProperty')"
http://hl7.org/fhir/MessageHeader.focus,http://hl7.org/fhir/,MessageHeader.focus,ObjectProperty,"('http://hl7.org/fhir/MessageHeader.focus', 'ObjectProperty')"
http://hl7.org/fhir/MessageHeader.reason,http://hl7.org/fhir/,MessageHeader.reason,ObjectProperty,"('http://hl7.org/fhir/MessageHeader.reason', 'ObjectProperty')"
http://hl7.org/fhir/MessageHeader.receiver,http://hl7.org/fhir/,MessageHeader.receiver,ObjectProperty,"('http://hl7.org/fhir/MessageHeader.receiver', 'ObjectProperty')"
http://hl7.org/fhir/MessageHeader.response,http://hl7.org/fhir/,MessageHeader.response,ObjectProperty,"('http://hl7.org/fhir/MessageHeader.response', 'ObjectProperty')"
http://hl7.org/fhir/MessageHeader.response.code,http://hl7.org/fhir/,MessageHeader.response.code,ObjectProperty,"('http://hl7.org/fhir/MessageHeader.response.code', 'ObjectProperty')"
http://hl7.org/fhir/MessageHeader.response.details,http://hl7.org/fhir/,MessageHeader.response.details,ObjectProperty,"('http://hl7.org/fhir/MessageHeader.response.details', 'ObjectProperty')"
http://hl7.org/fhir/MessageHeader.response.identifier,http://hl7.org/fhir/,MessageHeader.response.identifier,ObjectProperty,"('http://hl7.org/fhir/MessageHeader.response.identifier', 'ObjectProperty')"
http://hl7.org/fhir/MessageHeader.responsible,http://hl7.org/fhir/,MessageHeader.responsible,ObjectProperty,"('http://hl7.org/fhir/MessageHeader.responsible', 'ObjectProperty')"
http://hl7.org/fhir/MessageHeader.sender,http://hl7.org/fhir/,MessageHeader.sender,ObjectProperty,"('http://hl7.org/fhir/MessageHeader.sender', 'ObjectProperty')"
http://hl7.org/fhir/MessageHeader.source,http://hl7.org/fhir/,MessageHeader.source,ObjectProperty,"('http://hl7.org/fhir/MessageHeader.source', 'ObjectProperty')"
http://hl7.org/fhir/MessageHeader.source.contact,http://hl7.org/fhir/,MessageHeader.source.contact,ObjectProperty,"('http://hl7.org/fhir/MessageHeader.source.contact', 'ObjectProperty')"
http://hl7.org/fhir/MessageHeader.source.endpoint,http://hl7.org/fhir/,MessageHeader.source.endpoint,ObjectProperty,"('http://hl7.org/fhir/MessageHeader.source.endpoint', 'ObjectProperty')"
http://hl7.org/fhir/MessageHeader.source.name,http://hl7.org/fhir/,MessageHeader.source.name,ObjectProperty,"('http://hl7.org/fhir/MessageHeader.source.name', 'ObjectProperty')"
http://hl7.org/fhir/MessageHeader.source.software,http://hl7.org/fhir/,MessageHeader.source.software,ObjectProperty,"('http://hl7.org/fhir/MessageHeader.source.software', 'ObjectProperty')"
http://hl7.org/fhir/MessageHeader.source.version,http://hl7.org/fhir/,MessageHeader.source.version,ObjectProperty,"('http://hl7.org/fhir/MessageHeader.source.version', 'ObjectProperty')"
http://hl7.org/fhir/MessageHeader.timestamp,http://hl7.org/fhir/,MessageHeader.timestamp,ObjectProperty,"('http://hl7.org/fhir/MessageHeader.timestamp', 'ObjectProperty')"
http://hl7.org/fhir/Meta.lastUpdated,http://hl7.org/fhir/,Meta.lastUpdated,ObjectProperty,"('http://hl7.org/fhir/Meta.lastUpdated', 'ObjectProperty')"
http://hl7.org/fhir/Meta.profile,http://hl7.org/fhir/,Meta.profile,ObjectProperty,"('http://hl7.org/fhir/Meta.profile', 'ObjectProperty')"
http://hl7.org/fhir/Meta.security,http://hl7.org/fhir/,Meta.security,ObjectProperty,"('http://hl7.org/fhir/Meta.security', 'ObjectProperty')"
http://hl7.org/fhir/Meta.tag,http://hl7.org/fhir/,Meta.tag,ObjectProperty,"('http://hl7.org/fhir/Meta.tag', 'ObjectProperty')"
http://hl7.org/fhir/Meta.versionId,http://hl7.org/fhir/,Meta.versionId,ObjectProperty,"('http://hl7.org/fhir/Meta.versionId', 'ObjectProperty')"
http://hl7.org/fhir/NamingSystem.contact,http://hl7.org/fhir/,NamingSystem.contact,ObjectProperty,"('http://hl7.org/fhir/NamingSystem.contact', 'ObjectProperty')"
http://hl7.org/fhir/NamingSystem.date,http://hl7.org/fhir/,NamingSystem.date,ObjectProperty,"('http://hl7.org/fhir/NamingSystem.date', 'ObjectProperty')"
http://hl7.org/fhir/NamingSystem.description,http://hl7.org/fhir/,NamingSystem.description,ObjectProperty,"('http://hl7.org/fhir/NamingSystem.description', 'ObjectProperty')"
http://hl7.org/fhir/NamingSystem.jurisdiction,http://hl7.org/fhir/,NamingSystem.jurisdiction,ObjectProperty,"('http://hl7.org/fhir/NamingSystem.jurisdiction', 'ObjectProperty')"
http://hl7.org/fhir/NamingSystem.kind,http://hl7.org/fhir/,NamingSystem.kind,ObjectProperty,"('http://hl7.org/fhir/NamingSystem.kind', 'ObjectProperty')"
http://hl7.org/fhir/NamingSystem.name,http://hl7.org/fhir/,NamingSystem.name,ObjectProperty,"('http://hl7.org/fhir/NamingSystem.name', 'ObjectProperty')"
http://hl7.org/fhir/NamingSystem.publisher,http://hl7.org/fhir/,NamingSystem.publisher,ObjectProperty,"('http://hl7.org/fhir/NamingSystem.publisher', 'ObjectProperty')"
http://hl7.org/fhir/NamingSystem.replacedBy,http://hl7.org/fhir/,NamingSystem.replacedBy,ObjectProperty,"('http://hl7.org/fhir/NamingSystem.replacedBy', 'ObjectProperty')"
http://hl7.org/fhir/NamingSystem.responsible,http://hl7.org/fhir/,NamingSystem.responsible,ObjectProperty,"('http://hl7.org/fhir/NamingSystem.responsible', 'ObjectProperty')"
http://hl7.org/fhir/NamingSystem.status,http://hl7.org/fhir/,NamingSystem.status,ObjectProperty,"('http://hl7.org/fhir/NamingSystem.status', 'ObjectProperty')"
http://hl7.org/fhir/NamingSystem.type,http://hl7.org/fhir/,NamingSystem.type,ObjectProperty,"('http://hl7.org/fhir/NamingSystem.type', 'ObjectProperty')"
http://hl7.org/fhir/NamingSystem.uniqueId,http://hl7.org/fhir/,NamingSystem.uniqueId,ObjectProperty,"('http://hl7.org/fhir/NamingSystem.uniqueId', 'ObjectProperty')"
http://hl7.org/fhir/NamingSystem.uniqueId.comment,http://hl7.org/fhir/,NamingSystem.uniqueId.comment,ObjectProperty,"('http://hl7.org/fhir/NamingSystem.uniqueId.comment', 'ObjectProperty')"
http://hl7.org/fhir/NamingSystem.uniqueId.period,http://hl7.org/fhir/,NamingSystem.uniqueId.period,ObjectProperty,"('http://hl7.org/fhir/NamingSystem.uniqueId.period', 'ObjectProperty')"
http://hl7.org/fhir/NamingSystem.uniqueId.preferred,http://hl7.org/fhir/,NamingSystem.uniqueId.preferred,ObjectProperty,"('http://hl7.org/fhir/NamingSystem.uniqueId.preferred', 'ObjectProperty')"
http://hl7.org/fhir/NamingSystem.uniqueId.type,http://hl7.org/fhir/,NamingSystem.uniqueId.type,ObjectProperty,"('http://hl7.org/fhir/NamingSystem.uniqueId.type', 'ObjectProperty')"
http://hl7.org/fhir/NamingSystem.uniqueId.value,http://hl7.org/fhir/,NamingSystem.uniqueId.value,ObjectProperty,"('http://hl7.org/fhir/NamingSystem.uniqueId.value', 'ObjectProperty')"
http://hl7.org/fhir/NamingSystem.usage,http://hl7.org/fhir/,NamingSystem.usage,ObjectProperty,"('http://hl7.org/fhir/NamingSystem.usage', 'ObjectProperty')"
http://hl7.org/fhir/NamingSystem.useContext,http://hl7.org/fhir/,NamingSystem.useContext,ObjectProperty,"('http://hl7.org/fhir/NamingSystem.useContext', 'ObjectProperty')"
http://hl7.org/fhir/Narrative.status,http://hl7.org/fhir/,Narrative.status,ObjectProperty,"('http://hl7.org/fhir/Narrative.status', 'ObjectProperty')"
http://hl7.org/fhir/NutritionOrder.enteralFormula.administration.rate,http://hl7.org/fhir/,NutritionOrder.enteralFormula.administration.rate,ObjectProperty,"('http://hl7.org/fhir/NutritionOrder.enteralFormula.administration.rate', 'ObjectProperty')"
http://hl7.org/fhir/NutritionOrder.identifier,http://hl7.org/fhir/,NutritionOrder.identifier,ObjectProperty,"('http://hl7.org/fhir/NutritionOrder.identifier', 'ObjectProperty')"
http://hl7.org/fhir/Observation.comment,http://hl7.org/fhir/,Observation.comment,ObjectProperty,"('http://hl7.org/fhir/Observation.comment', 'ObjectProperty')"
http://hl7.org/fhir/Observation.component.value,http://hl7.org/fhir/,Observation.component.value,ObjectProperty,"('http://hl7.org/fhir/Observation.component.value', 'ObjectProperty')"
http://hl7.org/fhir/Observation.component.valueAttachment,http://hl7.org/fhir/,Observation.component.valueAttachment,ObjectProperty,"('http://hl7.org/fhir/Observation.component.valueAttachment', 'ObjectProperty')"
http://hl7.org/fhir/Observation.component.valueSampledData,http://hl7.org/fhir/,Observation.component.valueSampledData,ObjectProperty,"('http://hl7.org/fhir/Observation.component.valueSampledData', 'ObjectProperty')"
http://hl7.org/fhir/Observation.dataAbsentReason,http://hl7.org/fhir/,Observation.dataAbsentReason,ObjectProperty,"('http://hl7.org/fhir/Observation.dataAbsentReason', 'ObjectProperty')"
http://hl7.org/fhir/Observation.device,http://hl7.org/fhir/,Observation.device,ObjectProperty,"('http://hl7.org/fhir/Observation.device', 'ObjectProperty')"
http://hl7.org/fhir/Observation.effective,http://hl7.org/fhir/,Observation.effective,ObjectProperty,"('http://hl7.org/fhir/Observation.effective', 'ObjectProperty')"
http://hl7.org/fhir/Observation.identifier,http://hl7.org/fhir/,Observation.identifier,ObjectProperty,"('http://hl7.org/fhir/Observation.identifier', 'ObjectProperty')"
http://hl7.org/fhir/Observation.related,http://hl7.org/fhir/,Observation.related,ObjectProperty,"('http://hl7.org/fhir/Observation.related', 'ObjectProperty')"
http://hl7.org/fhir/Observation.related.target,http://hl7.org/fhir/,Observation.related.target,ObjectProperty,"('http://hl7.org/fhir/Observation.related.target', 'ObjectProperty')"
http://hl7.org/fhir/Observation.related.type,http://hl7.org/fhir/,Observation.related.type,ObjectProperty,"('http://hl7.org/fhir/Observation.related.type', 'ObjectProperty')"
http://hl7.org/fhir/Observation.specimen,http://hl7.org/fhir/,Observation.specimen,ObjectProperty,"('http://hl7.org/fhir/Observation.specimen', 'ObjectProperty')"
http://hl7.org/fhir/Observation.status,http://hl7.org/fhir/,Observation.status,ObjectProperty,"('http://hl7.org/fhir/Observation.status', 'ObjectProperty')"
http://hl7.org/fhir/Observation.value,http://hl7.org/fhir/,Observation.value,ObjectProperty,"('http://hl7.org/fhir/Observation.value', 'ObjectProperty')"
http://hl7.org/fhir/Observation.valueAttachment,http://hl7.org/fhir/,Observation.valueAttachment,ObjectProperty,"('http://hl7.org/fhir/Observation.valueAttachment', 'ObjectProperty')"
http://hl7.org/fhir/Observation.valueSampledData,http://hl7.org/fhir/,Observation.valueSampledData,ObjectProperty,"('http://hl7.org/fhir/Observation.valueSampledData', 'ObjectProperty')"
http://hl7.org/fhir/OperationDefinition.base,http://hl7.org/fhir/,OperationDefinition.base,ObjectProperty,"('http://hl7.org/fhir/OperationDefinition.base', 'ObjectProperty')"
http://hl7.org/fhir/OperationDefinition.code,http://hl7.org/fhir/,OperationDefinition.code,ObjectProperty,"('http://hl7.org/fhir/OperationDefinition.code', 'ObjectProperty')"
http://hl7.org/fhir/OperationDefinition.comment,http://hl7.org/fhir/,OperationDefinition.comment,ObjectProperty,"('http://hl7.org/fhir/OperationDefinition.comment', 'ObjectProperty')"
http://hl7.org/fhir/OperationDefinition.contact,http://hl7.org/fhir/,OperationDefinition.contact,ObjectProperty,"('http://hl7.org/fhir/OperationDefinition.contact', 'ObjectProperty')"
http://hl7.org/fhir/OperationDefinition.date,http://hl7.org/fhir/,OperationDefinition.date,ObjectProperty,"('http://hl7.org/fhir/OperationDefinition.date', 'ObjectProperty')"
http://hl7.org/fhir/OperationDefinition.description,http://hl7.org/fhir/,OperationDefinition.description,ObjectProperty,"('http://hl7.org/fhir/OperationDefinition.description', 'ObjectProperty')"
http://hl7.org/fhir/OperationDefinition.experimental,http://hl7.org/fhir/,OperationDefinition.experimental,ObjectProperty,"('http://hl7.org/fhir/OperationDefinition.experimental', 'ObjectProperty')"
http://hl7.org/fhir/OperationDefinition.idempotent,http://hl7.org/fhir/,OperationDefinition.idempotent,ObjectProperty,"('http://hl7.org/fhir/OperationDefinition.idempotent', 'ObjectProperty')"
http://hl7.org/fhir/OperationDefinition.instance,http://hl7.org/fhir/,OperationDefinition.instance,ObjectProperty,"('http://hl7.org/fhir/OperationDefinition.instance', 'ObjectProperty')"
http://hl7.org/fhir/OperationDefinition.jurisdiction,http://hl7.org/fhir/,OperationDefinition.jurisdiction,ObjectProperty,"('http://hl7.org/fhir/OperationDefinition.jurisdiction', 'ObjectProperty')"
http://hl7.org/fhir/OperationDefinition.kind,http://hl7.org/fhir/,OperationDefinition.kind,ObjectProperty,"('http://hl7.org/fhir/OperationDefinition.kind', 'ObjectProperty')"
http://hl7.org/fhir/OperationDefinition.name,http://hl7.org/fhir/,OperationDefinition.name,ObjectProperty,"('http://hl7.org/fhir/OperationDefinition.name', 'ObjectProperty')"
http://hl7.org/fhir/OperationDefinition.overload,http://hl7.org/fhir/,OperationDefinition.overload,ObjectProperty,"('http://hl7.org/fhir/OperationDefinition.overload', 'ObjectProperty')"
http://hl7.org/fhir/OperationDefinition.overload.comment,http://hl7.org/fhir/,OperationDefinition.overload.comment,ObjectProperty,"('http://hl7.org/fhir/OperationDefinition.overload.comment', 'ObjectProperty')"
http://hl7.org/fhir/OperationDefinition.overload.parameterName,http://hl7.org/fhir/,OperationDefinition.overload.parameterName,ObjectProperty,"('http://hl7.org/fhir/OperationDefinition.overload.parameterName', 'ObjectProperty')"
http://hl7.org/fhir/OperationDefinition.parameter,http://hl7.org/fhir/,OperationDefinition.parameter,ObjectProperty,"('http://hl7.org/fhir/OperationDefinition.parameter', 'ObjectProperty')"
http://hl7.org/fhir/OperationDefinition.parameter.binding,http://hl7.org/fhir/,OperationDefinition.parameter.binding,ObjectProperty,"('http://hl7.org/fhir/OperationDefinition.parameter.binding', 'ObjectProperty')"
http://hl7.org/fhir/OperationDefinition.parameter.binding.strength,http://hl7.org/fhir/,OperationDefinition.parameter.binding.strength,ObjectProperty,"('http://hl7.org/fhir/OperationDefinition.parameter.binding.strength', 'ObjectProperty')"
http://hl7.org/fhir/OperationDefinition.parameter.binding.valueSet,http://hl7.org/fhir/,OperationDefinition.parameter.binding.valueSet,ObjectProperty,"('http://hl7.org/fhir/OperationDefinition.parameter.binding.valueSet', 'ObjectProperty')"
http://hl7.org/fhir/OperationDefinition.parameter.binding.valueSetReference,http://hl7.org/fhir/,OperationDefinition.parameter.binding.valueSetReference,ObjectProperty,"('http://hl7.org/fhir/OperationDefinition.parameter.binding.valueSetReference', 'ObjectProperty')"
http://hl7.org/fhir/OperationDefinition.parameter.binding.valueSetUri,http://hl7.org/fhir/,OperationDefinition.parameter.binding.valueSetUri,ObjectProperty,"('http://hl7.org/fhir/OperationDefinition.parameter.binding.valueSetUri', 'ObjectProperty')"
http://hl7.org/fhir/OperationDefinition.parameter.documentation,http://hl7.org/fhir/,OperationDefinition.parameter.documentation,ObjectProperty,"('http://hl7.org/fhir/OperationDefinition.parameter.documentation', 'ObjectProperty')"
http://hl7.org/fhir/OperationDefinition.parameter.max,http://hl7.org/fhir/,OperationDefinition.parameter.max,ObjectProperty,"('http://hl7.org/fhir/OperationDefinition.parameter.max', 'ObjectProperty')"
http://hl7.org/fhir/OperationDefinition.parameter.min,http://hl7.org/fhir/,OperationDefinition.parameter.min,ObjectProperty,"('http://hl7.org/fhir/OperationDefinition.parameter.min', 'ObjectProperty')"
http://hl7.org/fhir/OperationDefinition.parameter.name,http://hl7.org/fhir/,OperationDefinition.parameter.name,ObjectProperty,"('http://hl7.org/fhir/OperationDefinition.parameter.name', 'ObjectProperty')"
http://hl7.org/fhir/OperationDefinition.parameter.part,http://hl7.org/fhir/,OperationDefinition.parameter.part,ObjectProperty,"('http://hl7.org/fhir/OperationDefinition.parameter.part', 'ObjectProperty')"
http://hl7.org/fhir/OperationDefinition.parameter.profile,http://hl7.org/fhir/,OperationDefinition.parameter.profile,ObjectProperty,"('http://hl7.org/fhir/OperationDefinition.parameter.profile', 'ObjectProperty')"
http://hl7.org/fhir/OperationDefinition.parameter.searchType,http://hl7.org/fhir/,OperationDefinition.parameter.searchType,ObjectProperty,"('http://hl7.org/fhir/OperationDefinition.parameter.searchType', 'ObjectProperty')"
http://hl7.org/fhir/OperationDefinition.parameter.type,http://hl7.org/fhir/,OperationDefinition.parameter.type,ObjectProperty,"('http://hl7.org/fhir/OperationDefinition.parameter.type', 'ObjectProperty')"
http://hl7.org/fhir/OperationDefinition.parameter.use,http://hl7.org/fhir/,OperationDefinition.parameter.use,ObjectProperty,"('http://hl7.org/fhir/OperationDefinition.parameter.use', 'ObjectProperty')"
http://hl7.org/fhir/OperationDefinition.publisher,http://hl7.org/fhir/,OperationDefinition.publisher,ObjectProperty,"('http://hl7.org/fhir/OperationDefinition.publisher', 'ObjectProperty')"
http://hl7.org/fhir/OperationDefinition.purpose,http://hl7.org/fhir/,OperationDefinition.purpose,ObjectProperty,"('http://hl7.org/fhir/OperationDefinition.purpose', 'ObjectProperty')"
http://hl7.org/fhir/OperationDefinition.resource,http://hl7.org/fhir/,OperationDefinition.resource,ObjectProperty,"('http://hl7.org/fhir/OperationDefinition.resource', 'ObjectProperty')"
http://hl7.org/fhir/OperationDefinition.status,http://hl7.org/fhir/,OperationDefinition.status,ObjectProperty,"('http://hl7.org/fhir/OperationDefinition.status', 'ObjectProperty')"
http://hl7.org/fhir/OperationDefinition.system,http://hl7.org/fhir/,OperationDefinition.system,ObjectProperty,"('http://hl7.org/fhir/OperationDefinition.system', 'ObjectProperty')"
http://hl7.org/fhir/OperationDefinition.type,http://hl7.org/fhir/,OperationDefinition.type,ObjectProperty,"('http://hl7.org/fhir/OperationDefinition.type', 'ObjectProperty')"
http://hl7.org/fhir/OperationDefinition.url,http://hl7.org/fhir/,OperationDefinition.url,ObjectProperty,"('http://hl7.org/fhir/OperationDefinition.url', 'ObjectProperty')"
http://hl7.org/fhir/OperationDefinition.useContext,http://hl7.org/fhir/,OperationDefinition.useContext,ObjectProperty,"('http://hl7.org/fhir/OperationDefinition.useContext', 'ObjectProperty')"
http://hl7.org/fhir/OperationDefinition.version,http://hl7.org/fhir/,OperationDefinition.version,ObjectProperty,"('http://hl7.org/fhir/OperationDefinition.version', 'ObjectProperty')"
http://hl7.org/fhir/OperationOutcome.issue,http://hl7.org/fhir/,OperationOutcome.issue,ObjectProperty,"('http://hl7.org/fhir/OperationOutcome.issue', 'ObjectProperty')"
http://hl7.org/fhir/OperationOutcome.issue.code,http://hl7.org/fhir/,OperationOutcome.issue.code,ObjectProperty,"('http://hl7.org/fhir/OperationOutcome.issue.code', 'ObjectProperty')"
http://hl7.org/fhir/OperationOutcome.issue.details,http://hl7.org/fhir/,OperationOutcome.issue.details,ObjectProperty,"('http://hl7.org/fhir/OperationOutcome.issue.details', 'ObjectProperty')"
http://hl7.org/fhir/OperationOutcome.issue.diagnostics,http://hl7.org/fhir/,OperationOutcome.issue.diagnostics,ObjectProperty,"('http://hl7.org/fhir/OperationOutcome.issue.diagnostics', 'ObjectProperty')"
http://hl7.org/fhir/OperationOutcome.issue.expression,http://hl7.org/fhir/,OperationOutcome.issue.expression,ObjectProperty,"('http://hl7.org/fhir/OperationOutcome.issue.expression', 'ObjectProperty')"
http://hl7.org/fhir/OperationOutcome.issue.location,http://hl7.org/fhir/,OperationOutcome.issue.location,ObjectProperty,"('http://hl7.org/fhir/OperationOutcome.issue.location', 'ObjectProperty')"
http://hl7.org/fhir/OperationOutcome.issue.severity,http://hl7.org/fhir/,OperationOutcome.issue.severity,ObjectProperty,"('http://hl7.org/fhir/OperationOutcome.issue.severity', 'ObjectProperty')"
http://hl7.org/fhir/Organization.active,http://hl7.org/fhir/,Organization.active,ObjectProperty,"('http://hl7.org/fhir/Organization.active', 'ObjectProperty')"
http://hl7.org/fhir/Organization.address,http://hl7.org/fhir/,Organization.address,ObjectProperty,"('http://hl7.org/fhir/Organization.address', 'ObjectProperty')"
http://hl7.org/fhir/Organization.alias,http://hl7.org/fhir/,Organization.alias,ObjectProperty,"('http://hl7.org/fhir/Organization.alias', 'ObjectProperty')"
http://hl7.org/fhir/Organization.contact,http://hl7.org/fhir/,Organization.contact,ObjectProperty,"('http://hl7.org/fhir/Organization.contact', 'ObjectProperty')"
http://hl7.org/fhir/Organization.contact.address,http://hl7.org/fhir/,Organization.contact.address,ObjectProperty,"('http://hl7.org/fhir/Organization.contact.address', 'ObjectProperty')"
http://hl7.org/fhir/Organization.contact.name,http://hl7.org/fhir/,Organization.contact.name,ObjectProperty,"('http://hl7.org/fhir/Organization.contact.name', 'ObjectProperty')"
http://hl7.org/fhir/Organization.contact.purpose,http://hl7.org/fhir/,Organization.contact.purpose,ObjectProperty,"('http://hl7.org/fhir/Organization.contact.purpose', 'ObjectProperty')"
http://hl7.org/fhir/Organization.contact.telecom,http://hl7.org/fhir/,Organization.contact.telecom,ObjectProperty,"('http://hl7.org/fhir/Organization.contact.telecom', 'ObjectProperty')"
http://hl7.org/fhir/Organization.endpoint,http://hl7.org/fhir/,Organization.endpoint,ObjectProperty,"('http://hl7.org/fhir/Organization.endpoint', 'ObjectProperty')"
http://hl7.org/fhir/Organization.identifier,http://hl7.org/fhir/,Organization.identifier,ObjectProperty,"('http://hl7.org/fhir/Organization.identifier', 'ObjectProperty')"
http://hl7.org/fhir/Organization.name,http://hl7.org/fhir/,Organization.name,ObjectProperty,"('http://hl7.org/fhir/Organization.name', 'ObjectProperty')"
http://hl7.org/fhir/Organization.partOf,http://hl7.org/fhir/,Organization.partOf,ObjectProperty,"('http://hl7.org/fhir/Organization.partOf', 'ObjectProperty')"
http://hl7.org/fhir/Organization.telecom,http://hl7.org/fhir/,Organization.telecom,ObjectProperty,"('http://hl7.org/fhir/Organization.telecom', 'ObjectProperty')"
http://hl7.org/fhir/Organization.type,http://hl7.org/fhir/,Organization.type,ObjectProperty,"('http://hl7.org/fhir/Organization.type', 'ObjectProperty')"
http://hl7.org/fhir/ParameterDefinition.documentation,http://hl7.org/fhir/,ParameterDefinition.documentation,ObjectProperty,"('http://hl7.org/fhir/ParameterDefinition.documentation', 'ObjectProperty')"
http://hl7.org/fhir/ParameterDefinition.max,http://hl7.org/fhir/,ParameterDefinition.max,ObjectProperty,"('http://hl7.org/fhir/ParameterDefinition.max', 'ObjectProperty')"
http://hl7.org/fhir/ParameterDefinition.min,http://hl7.org/fhir/,ParameterDefinition.min,ObjectProperty,"('http://hl7.org/fhir/ParameterDefinition.min', 'ObjectProperty')"
http://hl7.org/fhir/ParameterDefinition.name,http://hl7.org/fhir/,ParameterDefinition.name,ObjectProperty,"('http://hl7.org/fhir/ParameterDefinition.name', 'ObjectProperty')"
http://hl7.org/fhir/ParameterDefinition.profile,http://hl7.org/fhir/,ParameterDefinition.profile,ObjectProperty,"('http://hl7.org/fhir/ParameterDefinition.profile', 'ObjectProperty')"
http://hl7.org/fhir/ParameterDefinition.type,http://hl7.org/fhir/,ParameterDefinition.type,ObjectProperty,"('http://hl7.org/fhir/ParameterDefinition.type', 'ObjectProperty')"
http://hl7.org/fhir/ParameterDefinition.use,http://hl7.org/fhir/,ParameterDefinition.use,ObjectProperty,"('http://hl7.org/fhir/ParameterDefinition.use', 'ObjectProperty')"
http://hl7.org/fhir/Parameters.parameter,http://hl7.org/fhir/,Parameters.parameter,ObjectProperty,"('http://hl7.org/fhir/Parameters.parameter', 'ObjectProperty')"
http://hl7.org/fhir/Parameters.parameter.name,http://hl7.org/fhir/,Parameters.parameter.name,ObjectProperty,"('http://hl7.org/fhir/Parameters.parameter.name', 'ObjectProperty')"
http://hl7.org/fhir/Parameters.parameter.part,http://hl7.org/fhir/,Parameters.parameter.part,ObjectProperty,"('http://hl7.org/fhir/Parameters.parameter.part', 'ObjectProperty')"
http://hl7.org/fhir/Parameters.parameter.resource,http://hl7.org/fhir/,Parameters.parameter.resource,ObjectProperty,"('http://hl7.org/fhir/Parameters.parameter.resource', 'ObjectProperty')"
http://hl7.org/fhir/Parameters.parameter.value,http://hl7.org/fhir/,Parameters.parameter.value,ObjectProperty,"('http://hl7.org/fhir/Parameters.parameter.value', 'ObjectProperty')"
http://hl7.org/fhir/Patient.active,http://hl7.org/fhir/,Patient.active,ObjectProperty,"('http://hl7.org/fhir/Patient.active', 'ObjectProperty')"
http://hl7.org/fhir/Patient.address,http://hl7.org/fhir/,Patient.address,ObjectProperty,"('http://hl7.org/fhir/Patient.address', 'ObjectProperty')"
http://hl7.org/fhir/Patient.animal,http://hl7.org/fhir/,Patient.animal,ObjectProperty,"('http://hl7.org/fhir/Patient.animal', 'ObjectProperty')"
http://hl7.org/fhir/Patient.animal.breed,http://hl7.org/fhir/,Patient.animal.breed,ObjectProperty,"('http://hl7.org/fhir/Patient.animal.breed', 'ObjectProperty')"
http://hl7.org/fhir/Patient.animal.genderStatus,http://hl7.org/fhir/,Patient.animal.genderStatus,ObjectProperty,"('http://hl7.org/fhir/Patient.animal.genderStatus', 'ObjectProperty')"
http://hl7.org/fhir/Patient.animal.species,http://hl7.org/fhir/,Patient.animal.species,ObjectProperty,"('http://hl7.org/fhir/Patient.animal.species', 'ObjectProperty')"
http://hl7.org/fhir/Patient.birthDate,http://hl7.org/fhir/,Patient.birthDate,ObjectProperty,"('http://hl7.org/fhir/Patient.birthDate', 'ObjectProperty')"
http://hl7.org/fhir/Patient.communication,http://hl7.org/fhir/,Patient.communication,ObjectProperty,"('http://hl7.org/fhir/Patient.communication', 'ObjectProperty')"
http://hl7.org/fhir/Patient.communication.language,http://hl7.org/fhir/,Patient.communication.language,ObjectProperty,"('http://hl7.org/fhir/Patient.communication.language', 'ObjectProperty')"
http://hl7.org/fhir/Patient.communication.preferred,http://hl7.org/fhir/,Patient.communication.preferred,ObjectProperty,"('http://hl7.org/fhir/Patient.communication.preferred', 'ObjectProperty')"
http://hl7.org/fhir/Patient.contact.address,http://hl7.org/fhir/,Patient.contact.address,ObjectProperty,"('http://hl7.org/fhir/Patient.contact.address', 'ObjectProperty')"
http://hl7.org/fhir/Patient.contact.gender,http://hl7.org/fhir/,Patient.contact.gender,ObjectProperty,"('http://hl7.org/fhir/Patient.contact.gender', 'ObjectProperty')"
http://hl7.org/fhir/Patient.contact.name,http://hl7.org/fhir/,Patient.contact.name,ObjectProperty,"('http://hl7.org/fhir/Patient.contact.name', 'ObjectProperty')"
http://hl7.org/fhir/Patient.contact.organization,http://hl7.org/fhir/,Patient.contact.organization,ObjectProperty,"('http://hl7.org/fhir/Patient.contact.organization', 'ObjectProperty')"
http://hl7.org/fhir/Patient.contact.period,http://hl7.org/fhir/,Patient.contact.period,ObjectProperty,"('http://hl7.org/fhir/Patient.contact.period', 'ObjectProperty')"
http://hl7.org/fhir/Patient.contact.relationship,http://hl7.org/fhir/,Patient.contact.relationship,ObjectProperty,"('http://hl7.org/fhir/Patient.contact.relationship', 'ObjectProperty')"
http://hl7.org/fhir/Patient.contact.telecom,http://hl7.org/fhir/,Patient.contact.telecom,ObjectProperty,"('http://hl7.org/fhir/Patient.contact.telecom', 'ObjectProperty')"
http://hl7.org/fhir/Patient.deceased,http://hl7.org/fhir/,Patient.deceased,ObjectProperty,"('http://hl7.org/fhir/Patient.deceased', 'ObjectProperty')"
http://hl7.org/fhir/Patient.deceasedBoolean,http://hl7.org/fhir/,Patient.deceasedBoolean,ObjectProperty,"('http://hl7.org/fhir/Patient.deceasedBoolean', 'ObjectProperty')"
http://hl7.org/fhir/Patient.deceasedDateTime,http://hl7.org/fhir/,Patient.deceasedDateTime,ObjectProperty,"('http://hl7.org/fhir/Patient.deceasedDateTime', 'ObjectProperty')"
http://hl7.org/fhir/Patient.gender,http://hl7.org/fhir/,Patient.gender,ObjectProperty,"('http://hl7.org/fhir/Patient.gender', 'ObjectProperty')"
http://hl7.org/fhir/Patient.identifier,http://hl7.org/fhir/,Patient.identifier,ObjectProperty,"('http://hl7.org/fhir/Patient.identifier', 'ObjectProperty')"
http://hl7.org/fhir/Patient.link,http://hl7.org/fhir/,Patient.link,ObjectProperty,"('http://hl7.org/fhir/Patient.link', 'ObjectProperty')"
http://hl7.org/fhir/Patient.link.other,http://hl7.org/fhir/,Patient.link.other,ObjectProperty,"('http://hl7.org/fhir/Patient.link.other', 'ObjectProperty')"
http://hl7.org/fhir/Patient.link.type,http://hl7.org/fhir/,Patient.link.type,ObjectProperty,"('http://hl7.org/fhir/Patient.link.type', 'ObjectProperty')"
http://hl7.org/fhir/Patient.maritalStatus,http://hl7.org/fhir/,Patient.maritalStatus,ObjectProperty,"('http://hl7.org/fhir/Patient.maritalStatus', 'ObjectProperty')"
http://hl7.org/fhir/Patient.multipleBirth,http://hl7.org/fhir/,Patient.multipleBirth,ObjectProperty,"('http://hl7.org/fhir/Patient.multipleBirth', 'ObjectProperty')"
http://hl7.org/fhir/Patient.multipleBirthBoolean,http://hl7.org/fhir/,Patient.multipleBirthBoolean,ObjectProperty,"('http://hl7.org/fhir/Patient.multipleBirthBoolean', 'ObjectProperty')"
http://hl7.org/fhir/Patient.multipleBirthInteger,http://hl7.org/fhir/,Patient.multipleBirthInteger,ObjectProperty,"('http://hl7.org/fhir/Patient.multipleBirthInteger', 'ObjectProperty')"
http://hl7.org/fhir/Patient.name,http://hl7.org/fhir/,Patient.name,ObjectProperty,"('http://hl7.org/fhir/Patient.name', 'ObjectProperty')"
http://hl7.org/fhir/Patient.photo,http://hl7.org/fhir/,Patient.photo,ObjectProperty,"('http://hl7.org/fhir/Patient.photo', 'ObjectProperty')"
http://hl7.org/fhir/Patient.telecom,http://hl7.org/fhir/,Patient.telecom,ObjectProperty,"('http://hl7.org/fhir/Patient.telecom', 'ObjectProperty')"
http://hl7.org/fhir/PaymentNotice.created,http://hl7.org/fhir/,PaymentNotice.created,ObjectProperty,"('http://hl7.org/fhir/PaymentNotice.created', 'ObjectProperty')"
http://hl7.org/fhir/PaymentNotice.identifier,http://hl7.org/fhir/,PaymentNotice.identifier,ObjectProperty,"('http://hl7.org/fhir/PaymentNotice.identifier', 'ObjectProperty')"
http://hl7.org/fhir/PaymentNotice.organization,http://hl7.org/fhir/,PaymentNotice.organization,ObjectProperty,"('http://hl7.org/fhir/PaymentNotice.organization', 'ObjectProperty')"
http://hl7.org/fhir/PaymentNotice.paymentStatus,http://hl7.org/fhir/,PaymentNotice.paymentStatus,ObjectProperty,"('http://hl7.org/fhir/PaymentNotice.paymentStatus', 'ObjectProperty')"
http://hl7.org/fhir/PaymentNotice.provider,http://hl7.org/fhir/,PaymentNotice.provider,ObjectProperty,"('http://hl7.org/fhir/PaymentNotice.provider', 'ObjectProperty')"
http://hl7.org/fhir/PaymentNotice.request,http://hl7.org/fhir/,PaymentNotice.request,ObjectProperty,"('http://hl7.org/fhir/PaymentNotice.request', 'ObjectProperty')"
http://hl7.org/fhir/PaymentNotice.response,http://hl7.org/fhir/,PaymentNotice.response,ObjectProperty,"('http://hl7.org/fhir/PaymentNotice.response', 'ObjectProperty')"
http://hl7.org/fhir/PaymentNotice.status,http://hl7.org/fhir/,PaymentNotice.status,ObjectProperty,"('http://hl7.org/fhir/PaymentNotice.status', 'ObjectProperty')"
http://hl7.org/fhir/PaymentNotice.statusDate,http://hl7.org/fhir/,PaymentNotice.statusDate,ObjectProperty,"('http://hl7.org/fhir/PaymentNotice.statusDate', 'ObjectProperty')"
http://hl7.org/fhir/PaymentNotice.target,http://hl7.org/fhir/,PaymentNotice.target,ObjectProperty,"('http://hl7.org/fhir/PaymentNotice.target', 'ObjectProperty')"
http://hl7.org/fhir/PaymentReconciliation.created,http://hl7.org/fhir/,PaymentReconciliation.created,ObjectProperty,"('http://hl7.org/fhir/PaymentReconciliation.created', 'ObjectProperty')"
http://hl7.org/fhir/PaymentReconciliation.detail,http://hl7.org/fhir/,PaymentReconciliation.detail,ObjectProperty,"('http://hl7.org/fhir/PaymentReconciliation.detail', 'ObjectProperty')"
http://hl7.org/fhir/PaymentReconciliation.detail.amount,http://hl7.org/fhir/,PaymentReconciliation.detail.amount,ObjectProperty,"('http://hl7.org/fhir/PaymentReconciliation.detail.amount', 'ObjectProperty')"
http://hl7.org/fhir/PaymentReconciliation.detail.date,http://hl7.org/fhir/,PaymentReconciliation.detail.date,ObjectProperty,"('http://hl7.org/fhir/PaymentReconciliation.detail.date', 'ObjectProperty')"
http://hl7.org/fhir/PaymentReconciliation.detail.payee,http://hl7.org/fhir/,PaymentReconciliation.detail.payee,ObjectProperty,"('http://hl7.org/fhir/PaymentReconciliation.detail.payee', 'ObjectProperty')"
http://hl7.org/fhir/PaymentReconciliation.detail.request,http://hl7.org/fhir/,PaymentReconciliation.detail.request,ObjectProperty,"('http://hl7.org/fhir/PaymentReconciliation.detail.request', 'ObjectProperty')"
http://hl7.org/fhir/PaymentReconciliation.detail.response,http://hl7.org/fhir/,PaymentReconciliation.detail.response,ObjectProperty,"('http://hl7.org/fhir/PaymentReconciliation.detail.response', 'ObjectProperty')"
http://hl7.org/fhir/PaymentReconciliation.detail.submitter,http://hl7.org/fhir/,PaymentReconciliation.detail.submitter,ObjectProperty,"('http://hl7.org/fhir/PaymentReconciliation.detail.submitter', 'ObjectProperty')"
http://hl7.org/fhir/PaymentReconciliation.detail.type,http://hl7.org/fhir/,PaymentReconciliation.detail.type,ObjectProperty,"('http://hl7.org/fhir/PaymentReconciliation.detail.type', 'ObjectProperty')"
http://hl7.org/fhir/PaymentReconciliation.disposition,http://hl7.org/fhir/,PaymentReconciliation.disposition,ObjectProperty,"('http://hl7.org/fhir/PaymentReconciliation.disposition', 'ObjectProperty')"
http://hl7.org/fhir/PaymentReconciliation.form,http://hl7.org/fhir/,PaymentReconciliation.form,ObjectProperty,"('http://hl7.org/fhir/PaymentReconciliation.form', 'ObjectProperty')"
http://hl7.org/fhir/PaymentReconciliation.identifier,http://hl7.org/fhir/,PaymentReconciliation.identifier,ObjectProperty,"('http://hl7.org/fhir/PaymentReconciliation.identifier', 'ObjectProperty')"
http://hl7.org/fhir/PaymentReconciliation.organization,http://hl7.org/fhir/,PaymentReconciliation.organization,ObjectProperty,"('http://hl7.org/fhir/PaymentReconciliation.organization', 'ObjectProperty')"
http://hl7.org/fhir/PaymentReconciliation.outcome,http://hl7.org/fhir/,PaymentReconciliation.outcome,ObjectProperty,"('http://hl7.org/fhir/PaymentReconciliation.outcome', 'ObjectProperty')"
http://hl7.org/fhir/PaymentReconciliation.period,http://hl7.org/fhir/,PaymentReconciliation.period,ObjectProperty,"('http://hl7.org/fhir/PaymentReconciliation.period', 'ObjectProperty')"
http://hl7.org/fhir/PaymentReconciliation.processNote,http://hl7.org/fhir/,PaymentReconciliation.processNote,ObjectProperty,"('http://hl7.org/fhir/PaymentReconciliation.processNote', 'ObjectProperty')"
http://hl7.org/fhir/PaymentReconciliation.processNote.text,http://hl7.org/fhir/,PaymentReconciliation.processNote.text,ObjectProperty,"('http://hl7.org/fhir/PaymentReconciliation.processNote.text', 'ObjectProperty')"
http://hl7.org/fhir/PaymentReconciliation.processNote.type,http://hl7.org/fhir/,PaymentReconciliation.processNote.type,ObjectProperty,"('http://hl7.org/fhir/PaymentReconciliation.processNote.type', 'ObjectProperty')"
http://hl7.org/fhir/PaymentReconciliation.request,http://hl7.org/fhir/,PaymentReconciliation.request,ObjectProperty,"('http://hl7.org/fhir/PaymentReconciliation.request', 'ObjectProperty')"
http://hl7.org/fhir/PaymentReconciliation.requestOrganization,http://hl7.org/fhir/,PaymentReconciliation.requestOrganization,ObjectProperty,"('http://hl7.org/fhir/PaymentReconciliation.requestOrganization', 'ObjectProperty')"
http://hl7.org/fhir/PaymentReconciliation.requestProvider,http://hl7.org/fhir/,PaymentReconciliation.requestProvider,ObjectProperty,"('http://hl7.org/fhir/PaymentReconciliation.requestProvider', 'ObjectProperty')"
http://hl7.org/fhir/PaymentReconciliation.status,http://hl7.org/fhir/,PaymentReconciliation.status,ObjectProperty,"('http://hl7.org/fhir/PaymentReconciliation.status', 'ObjectProperty')"
http://hl7.org/fhir/PaymentReconciliation.total,http://hl7.org/fhir/,PaymentReconciliation.total,ObjectProperty,"('http://hl7.org/fhir/PaymentReconciliation.total', 'ObjectProperty')"
http://hl7.org/fhir/Person.active,http://hl7.org/fhir/,Person.active,ObjectProperty,"('http://hl7.org/fhir/Person.active', 'ObjectProperty')"
http://hl7.org/fhir/Person.identifier,http://hl7.org/fhir/,Person.identifier,ObjectProperty,"('http://hl7.org/fhir/Person.identifier', 'ObjectProperty')"
http://hl7.org/fhir/Person.link,http://hl7.org/fhir/,Person.link,ObjectProperty,"('http://hl7.org/fhir/Person.link', 'ObjectProperty')"
http://hl7.org/fhir/Person.link.assurance,http://hl7.org/fhir/,Person.link.assurance,ObjectProperty,"('http://hl7.org/fhir/Person.link.assurance', 'ObjectProperty')"
http://hl7.org/fhir/Person.link.target,http://hl7.org/fhir/,Person.link.target,ObjectProperty,"('http://hl7.org/fhir/Person.link.target', 'ObjectProperty')"
http://hl7.org/fhir/Person.managingOrganization,http://hl7.org/fhir/,Person.managingOrganization,ObjectProperty,"('http://hl7.org/fhir/Person.managingOrganization', 'ObjectProperty')"
http://hl7.org/fhir/Person.photo,http://hl7.org/fhir/,Person.photo,ObjectProperty,"('http://hl7.org/fhir/Person.photo', 'ObjectProperty')"
http://hl7.org/fhir/PlanDefinition.action,http://hl7.org/fhir/,PlanDefinition.action,ObjectProperty,"('http://hl7.org/fhir/PlanDefinition.action', 'ObjectProperty')"
http://hl7.org/fhir/PlanDefinition.action.action,http://hl7.org/fhir/,PlanDefinition.action.action,ObjectProperty,"('http://hl7.org/fhir/PlanDefinition.action.action', 'ObjectProperty')"
http://hl7.org/fhir/PlanDefinition.action.cardinalityBehavior,http://hl7.org/fhir/,PlanDefinition.action.cardinalityBehavior,ObjectProperty,"('http://hl7.org/fhir/PlanDefinition.action.cardinalityBehavior', 'ObjectProperty')"
http://hl7.org/fhir/PlanDefinition.action.code,http://hl7.org/fhir/,PlanDefinition.action.code,ObjectProperty,"('http://hl7.org/fhir/PlanDefinition.action.code', 'ObjectProperty')"
http://hl7.org/fhir/PlanDefinition.action.condition,http://hl7.org/fhir/,PlanDefinition.action.condition,ObjectProperty,"('http://hl7.org/fhir/PlanDefinition.action.condition', 'ObjectProperty')"
http://hl7.org/fhir/PlanDefinition.action.condition.description,http://hl7.org/fhir/,PlanDefinition.action.condition.description,ObjectProperty,"('http://hl7.org/fhir/PlanDefinition.action.condition.description', 'ObjectProperty')"
http://hl7.org/fhir/PlanDefinition.action.condition.expression,http://hl7.org/fhir/,PlanDefinition.action.condition.expression,ObjectProperty,"('http://hl7.org/fhir/PlanDefinition.action.condition.expression', 'ObjectProperty')"
http://hl7.org/fhir/PlanDefinition.action.condition.kind,http://hl7.org/fhir/,PlanDefinition.action.condition.kind,ObjectProperty,"('http://hl7.org/fhir/PlanDefinition.action.condition.kind', 'ObjectProperty')"
http://hl7.org/fhir/PlanDefinition.action.condition.language,http://hl7.org/fhir/,PlanDefinition.action.condition.language,ObjectProperty,"('http://hl7.org/fhir/PlanDefinition.action.condition.language', 'ObjectProperty')"
http://hl7.org/fhir/PlanDefinition.action.definition,http://hl7.org/fhir/,PlanDefinition.action.definition,ObjectProperty,"('http://hl7.org/fhir/PlanDefinition.action.definition', 'ObjectProperty')"
http://hl7.org/fhir/PlanDefinition.action.description,http://hl7.org/fhir/,PlanDefinition.action.description,ObjectProperty,"('http://hl7.org/fhir/PlanDefinition.action.description', 'ObjectProperty')"
http://hl7.org/fhir/PlanDefinition.action.documentation,http://hl7.org/fhir/,PlanDefinition.action.documentation,ObjectProperty,"('http://hl7.org/fhir/PlanDefinition.action.documentation', 'ObjectProperty')"
http://hl7.org/fhir/PlanDefinition.action.dynamicValue,http://hl7.org/fhir/,PlanDefinition.action.dynamicValue,ObjectProperty,"('http://hl7.org/fhir/PlanDefinition.action.dynamicValue', 'ObjectProperty')"
http://hl7.org/fhir/PlanDefinition.action.dynamicValue.description,http://hl7.org/fhir/,PlanDefinition.action.dynamicValue.description,ObjectProperty,"('http://hl7.org/fhir/PlanDefinition.action.dynamicValue.description', 'ObjectProperty')"
http://hl7.org/fhir/PlanDefinition.action.dynamicValue.expression,http://hl7.org/fhir/,PlanDefinition.action.dynamicValue.expression,ObjectProperty,"('http://hl7.org/fhir/PlanDefinition.action.dynamicValue.expression', 'ObjectProperty')"
http://hl7.org/fhir/PlanDefinition.action.dynamicValue.language,http://hl7.org/fhir/,PlanDefinition.action.dynamicValue.language,ObjectProperty,"('http://hl7.org/fhir/PlanDefinition.action.dynamicValue.language', 'ObjectProperty')"
http://hl7.org/fhir/PlanDefinition.action.dynamicValue.path,http://hl7.org/fhir/,PlanDefinition.action.dynamicValue.path,ObjectProperty,"('http://hl7.org/fhir/PlanDefinition.action.dynamicValue.path', 'ObjectProperty')"
http://hl7.org/fhir/PlanDefinition.action.goalId,http://hl7.org/fhir/,PlanDefinition.action.goalId,ObjectProperty,"('http://hl7.org/fhir/PlanDefinition.action.goalId', 'ObjectProperty')"
http://hl7.org/fhir/PlanDefinition.action.groupingBehavior,http://hl7.org/fhir/,PlanDefinition.action.groupingBehavior,ObjectProperty,"('http://hl7.org/fhir/PlanDefinition.action.groupingBehavior', 'ObjectProperty')"
http://hl7.org/fhir/PlanDefinition.action.input,http://hl7.org/fhir/,PlanDefinition.action.input,ObjectProperty,"('http://hl7.org/fhir/PlanDefinition.action.input', 'ObjectProperty')"
http://hl7.org/fhir/PlanDefinition.action.label,http://hl7.org/fhir/,PlanDefinition.action.label,ObjectProperty,"('http://hl7.org/fhir/PlanDefinition.action.label', 'ObjectProperty')"
http://hl7.org/fhir/PlanDefinition.action.output,http://hl7.org/fhir/,PlanDefinition.action.output,ObjectProperty,"('http://hl7.org/fhir/PlanDefinition.action.output', 'ObjectProperty')"
http://hl7.org/fhir/PlanDefinition.action.participant,http://hl7.org/fhir/,PlanDefinition.action.participant,ObjectProperty,"('http://hl7.org/fhir/PlanDefinition.action.participant', 'ObjectProperty')"
http://hl7.org/fhir/PlanDefinition.action.participant.role,http://hl7.org/fhir/,PlanDefinition.action.participant.role,ObjectProperty,"('http://hl7.org/fhir/PlanDefinition.action.participant.role', 'ObjectProperty')"
http://hl7.org/fhir/PlanDefinition.action.participant.type,http://hl7.org/fhir/,PlanDefinition.action.participant.type,ObjectProperty,"('http://hl7.org/fhir/PlanDefinition.action.participant.type', 'ObjectProperty')"
http://hl7.org/fhir/PlanDefinition.action.precheckBehavior,http://hl7.org/fhir/,PlanDefinition.action.precheckBehavior,ObjectProperty,"('http://hl7.org/fhir/PlanDefinition.action.precheckBehavior', 'ObjectProperty')"
http://hl7.org/fhir/PlanDefinition.action.reason,http://hl7.org/fhir/,PlanDefinition.action.reason,ObjectProperty,"('http://hl7.org/fhir/PlanDefinition.action.reason', 'ObjectProperty')"
http://hl7.org/fhir/PlanDefinition.action.relatedAction,http://hl7.org/fhir/,PlanDefinition.action.relatedAction,ObjectProperty,"('http://hl7.org/fhir/PlanDefinition.action.relatedAction', 'ObjectProperty')"
http://hl7.org/fhir/PlanDefinition.action.relatedAction.actionId,http://hl7.org/fhir/,PlanDefinition.action.relatedAction.actionId,ObjectProperty,"('http://hl7.org/fhir/PlanDefinition.action.relatedAction.actionId', 'ObjectProperty')"
http://hl7.org/fhir/PlanDefinition.action.relatedAction.offset,http://hl7.org/fhir/,PlanDefinition.action.relatedAction.offset,ObjectProperty,"('http://hl7.org/fhir/PlanDefinition.action.relatedAction.offset', 'ObjectProperty')"
http://hl7.org/fhir/PlanDefinition.action.relatedAction.offsetDuration,http://hl7.org/fhir/,PlanDefinition.action.relatedAction.offsetDuration,ObjectProperty,"('http://hl7.org/fhir/PlanDefinition.action.relatedAction.offsetDuration', 'ObjectProperty')"
http://hl7.org/fhir/PlanDefinition.action.relatedAction.offsetRange,http://hl7.org/fhir/,PlanDefinition.action.relatedAction.offsetRange,ObjectProperty,"('http://hl7.org/fhir/PlanDefinition.action.relatedAction.offsetRange', 'ObjectProperty')"
http://hl7.org/fhir/PlanDefinition.action.relatedAction.relationship,http://hl7.org/fhir/,PlanDefinition.action.relatedAction.relationship,ObjectProperty,"('http://hl7.org/fhir/PlanDefinition.action.relatedAction.relationship', 'ObjectProperty')"
http://hl7.org/fhir/PlanDefinition.action.requiredBehavior,http://hl7.org/fhir/,PlanDefinition.action.requiredBehavior,ObjectProperty,"('http://hl7.org/fhir/PlanDefinition.action.requiredBehavior', 'ObjectProperty')"
http://hl7.org/fhir/PlanDefinition.action.selectionBehavior,http://hl7.org/fhir/,PlanDefinition.action.selectionBehavior,ObjectProperty,"('http://hl7.org/fhir/PlanDefinition.action.selectionBehavior', 'ObjectProperty')"
http://hl7.org/fhir/PlanDefinition.action.textEquivalent,http://hl7.org/fhir/,PlanDefinition.action.textEquivalent,ObjectProperty,"('http://hl7.org/fhir/PlanDefinition.action.textEquivalent', 'ObjectProperty')"
http://hl7.org/fhir/PlanDefinition.action.timing,http://hl7.org/fhir/,PlanDefinition.action.timing,ObjectProperty,"('http://hl7.org/fhir/PlanDefinition.action.timing', 'ObjectProperty')"
http://hl7.org/fhir/PlanDefinition.action.timingDateTime,http://hl7.org/fhir/,PlanDefinition.action.timingDateTime,ObjectProperty,"('http://hl7.org/fhir/PlanDefinition.action.timingDateTime', 'ObjectProperty')"
http://hl7.org/fhir/PlanDefinition.action.timingDuration,http://hl7.org/fhir/,PlanDefinition.action.timingDuration,ObjectProperty,"('http://hl7.org/fhir/PlanDefinition.action.timingDuration', 'ObjectProperty')"
http://hl7.org/fhir/PlanDefinition.action.timingPeriod,http://hl7.org/fhir/,PlanDefinition.action.timingPeriod,ObjectProperty,"('http://hl7.org/fhir/PlanDefinition.action.timingPeriod', 'ObjectProperty')"
http://hl7.org/fhir/PlanDefinition.action.timingRange,http://hl7.org/fhir/,PlanDefinition.action.timingRange,ObjectProperty,"('http://hl7.org/fhir/PlanDefinition.action.timingRange', 'ObjectProperty')"
http://hl7.org/fhir/PlanDefinition.action.timingTiming,http://hl7.org/fhir/,PlanDefinition.action.timingTiming,ObjectProperty,"('http://hl7.org/fhir/PlanDefinition.action.timingTiming', 'ObjectProperty')"
http://hl7.org/fhir/PlanDefinition.action.title,http://hl7.org/fhir/,PlanDefinition.action.title,ObjectProperty,"('http://hl7.org/fhir/PlanDefinition.action.title', 'ObjectProperty')"
http://hl7.org/fhir/PlanDefinition.action.transform,http://hl7.org/fhir/,PlanDefinition.action.transform,ObjectProperty,"('http://hl7.org/fhir/PlanDefinition.action.transform', 'ObjectProperty')"
http://hl7.org/fhir/PlanDefinition.action.triggerDefinition,http://hl7.org/fhir/,PlanDefinition.action.triggerDefinition,ObjectProperty,"('http://hl7.org/fhir/PlanDefinition.action.triggerDefinition', 'ObjectProperty')"
http://hl7.org/fhir/PlanDefinition.action.type,http://hl7.org/fhir/,PlanDefinition.action.type,ObjectProperty,"('http://hl7.org/fhir/PlanDefinition.action.type', 'ObjectProperty')"
http://hl7.org/fhir/PlanDefinition.approvalDate,http://hl7.org/fhir/,PlanDefinition.approvalDate,ObjectProperty,"('http://hl7.org/fhir/PlanDefinition.approvalDate', 'ObjectProperty')"
http://hl7.org/fhir/PlanDefinition.contact,http://hl7.org/fhir/,PlanDefinition.contact,ObjectProperty,"('http://hl7.org/fhir/PlanDefinition.contact', 'ObjectProperty')"
http://hl7.org/fhir/PlanDefinition.contributor,http://hl7.org/fhir/,PlanDefinition.contributor,ObjectProperty,"('http://hl7.org/fhir/PlanDefinition.contributor', 'ObjectProperty')"
http://hl7.org/fhir/PlanDefinition.copyright,http://hl7.org/fhir/,PlanDefinition.copyright,ObjectProperty,"('http://hl7.org/fhir/PlanDefinition.copyright', 'ObjectProperty')"
http://hl7.org/fhir/PlanDefinition.date,http://hl7.org/fhir/,PlanDefinition.date,ObjectProperty,"('http://hl7.org/fhir/PlanDefinition.date', 'ObjectProperty')"
http://hl7.org/fhir/PlanDefinition.description,http://hl7.org/fhir/,PlanDefinition.description,ObjectProperty,"('http://hl7.org/fhir/PlanDefinition.description', 'ObjectProperty')"
http://hl7.org/fhir/PlanDefinition.effectivePeriod,http://hl7.org/fhir/,PlanDefinition.effectivePeriod,ObjectProperty,"('http://hl7.org/fhir/PlanDefinition.effectivePeriod', 'ObjectProperty')"
http://hl7.org/fhir/PlanDefinition.experimental,http://hl7.org/fhir/,PlanDefinition.experimental,ObjectProperty,"('http://hl7.org/fhir/PlanDefinition.experimental', 'ObjectProperty')"
http://hl7.org/fhir/PlanDefinition.goal,http://hl7.org/fhir/,PlanDefinition.goal,ObjectProperty,"('http://hl7.org/fhir/PlanDefinition.goal', 'ObjectProperty')"
http://hl7.org/fhir/PlanDefinition.goal.addresses,http://hl7.org/fhir/,PlanDefinition.goal.addresses,ObjectProperty,"('http://hl7.org/fhir/PlanDefinition.goal.addresses', 'ObjectProperty')"
http://hl7.org/fhir/PlanDefinition.goal.category,http://hl7.org/fhir/,PlanDefinition.goal.category,ObjectProperty,"('http://hl7.org/fhir/PlanDefinition.goal.category', 'ObjectProperty')"
http://hl7.org/fhir/PlanDefinition.goal.description,http://hl7.org/fhir/,PlanDefinition.goal.description,ObjectProperty,"('http://hl7.org/fhir/PlanDefinition.goal.description', 'ObjectProperty')"
http://hl7.org/fhir/PlanDefinition.goal.documentation,http://hl7.org/fhir/,PlanDefinition.goal.documentation,ObjectProperty,"('http://hl7.org/fhir/PlanDefinition.goal.documentation', 'ObjectProperty')"
http://hl7.org/fhir/PlanDefinition.goal.priority,http://hl7.org/fhir/,PlanDefinition.goal.priority,ObjectProperty,"('http://hl7.org/fhir/PlanDefinition.goal.priority', 'ObjectProperty')"
http://hl7.org/fhir/PlanDefinition.goal.start,http://hl7.org/fhir/,PlanDefinition.goal.start,ObjectProperty,"('http://hl7.org/fhir/PlanDefinition.goal.start', 'ObjectProperty')"
http://hl7.org/fhir/PlanDefinition.goal.target,http://hl7.org/fhir/,PlanDefinition.goal.target,ObjectProperty,"('http://hl7.org/fhir/PlanDefinition.goal.target', 'ObjectProperty')"
http://hl7.org/fhir/PlanDefinition.goal.target.detail,http://hl7.org/fhir/,PlanDefinition.goal.target.detail,ObjectProperty,"('http://hl7.org/fhir/PlanDefinition.goal.target.detail', 'ObjectProperty')"
http://hl7.org/fhir/PlanDefinition.goal.target.detailCodeableConcept,http://hl7.org/fhir/,PlanDefinition.goal.target.detailCodeableConcept,ObjectProperty,"('http://hl7.org/fhir/PlanDefinition.goal.target.detailCodeableConcept', 'ObjectProperty')"
http://hl7.org/fhir/PlanDefinition.goal.target.detailQuantity,http://hl7.org/fhir/,PlanDefinition.goal.target.detailQuantity,ObjectProperty,"('http://hl7.org/fhir/PlanDefinition.goal.target.detailQuantity', 'ObjectProperty')"
http://hl7.org/fhir/PlanDefinition.goal.target.detailRange,http://hl7.org/fhir/,PlanDefinition.goal.target.detailRange,ObjectProperty,"('http://hl7.org/fhir/PlanDefinition.goal.target.detailRange', 'ObjectProperty')"
http://hl7.org/fhir/PlanDefinition.goal.target.due,http://hl7.org/fhir/,PlanDefinition.goal.target.due,ObjectProperty,"('http://hl7.org/fhir/PlanDefinition.goal.target.due', 'ObjectProperty')"
http://hl7.org/fhir/PlanDefinition.goal.target.measure,http://hl7.org/fhir/,PlanDefinition.goal.target.measure,ObjectProperty,"('http://hl7.org/fhir/PlanDefinition.goal.target.measure', 'ObjectProperty')"
http://hl7.org/fhir/PlanDefinition.identifier,http://hl7.org/fhir/,PlanDefinition.identifier,ObjectProperty,"('http://hl7.org/fhir/PlanDefinition.identifier', 'ObjectProperty')"
http://hl7.org/fhir/PlanDefinition.jurisdiction,http://hl7.org/fhir/,PlanDefinition.jurisdiction,ObjectProperty,"('http://hl7.org/fhir/PlanDefinition.jurisdiction', 'ObjectProperty')"
http://hl7.org/fhir/PlanDefinition.lastReviewDate,http://hl7.org/fhir/,PlanDefinition.lastReviewDate,ObjectProperty,"('http://hl7.org/fhir/PlanDefinition.lastReviewDate', 'ObjectProperty')"
http://hl7.org/fhir/PlanDefinition.library,http://hl7.org/fhir/,PlanDefinition.library,ObjectProperty,"('http://hl7.org/fhir/PlanDefinition.library', 'ObjectProperty')"
http://hl7.org/fhir/PlanDefinition.name,http://hl7.org/fhir/,PlanDefinition.name,ObjectProperty,"('http://hl7.org/fhir/PlanDefinition.name', 'ObjectProperty')"
http://hl7.org/fhir/PlanDefinition.publisher,http://hl7.org/fhir/,PlanDefinition.publisher,ObjectProperty,"('http://hl7.org/fhir/PlanDefinition.publisher', 'ObjectProperty')"
http://hl7.org/fhir/PlanDefinition.purpose,http://hl7.org/fhir/,PlanDefinition.purpose,ObjectProperty,"('http://hl7.org/fhir/PlanDefinition.purpose', 'ObjectProperty')"
http://hl7.org/fhir/PlanDefinition.relatedArtifact,http://hl7.org/fhir/,PlanDefinition.relatedArtifact,ObjectProperty,"('http://hl7.org/fhir/PlanDefinition.relatedArtifact', 'ObjectProperty')"
http://hl7.org/fhir/PlanDefinition.status,http://hl7.org/fhir/,PlanDefinition.status,ObjectProperty,"('http://hl7.org/fhir/PlanDefinition.status', 'ObjectProperty')"
http://hl7.org/fhir/PlanDefinition.title,http://hl7.org/fhir/,PlanDefinition.title,ObjectProperty,"('http://hl7.org/fhir/PlanDefinition.title', 'ObjectProperty')"
http://hl7.org/fhir/PlanDefinition.topic,http://hl7.org/fhir/,PlanDefinition.topic,ObjectProperty,"('http://hl7.org/fhir/PlanDefinition.topic', 'ObjectProperty')"
http://hl7.org/fhir/PlanDefinition.type,http://hl7.org/fhir/,PlanDefinition.type,ObjectProperty,"('http://hl7.org/fhir/PlanDefinition.type', 'ObjectProperty')"
http://hl7.org/fhir/PlanDefinition.url,http://hl7.org/fhir/,PlanDefinition.url,ObjectProperty,"('http://hl7.org/fhir/PlanDefinition.url', 'ObjectProperty')"
http://hl7.org/fhir/PlanDefinition.usage,http://hl7.org/fhir/,PlanDefinition.usage,ObjectProperty,"('http://hl7.org/fhir/PlanDefinition.usage', 'ObjectProperty')"
http://hl7.org/fhir/PlanDefinition.useContext,http://hl7.org/fhir/,PlanDefinition.useContext,ObjectProperty,"('http://hl7.org/fhir/PlanDefinition.useContext', 'ObjectProperty')"
http://hl7.org/fhir/PlanDefinition.version,http://hl7.org/fhir/,PlanDefinition.version,ObjectProperty,"('http://hl7.org/fhir/PlanDefinition.version', 'ObjectProperty')"
http://hl7.org/fhir/Practitioner.active,http://hl7.org/fhir/,Practitioner.active,ObjectProperty,"('http://hl7.org/fhir/Practitioner.active', 'ObjectProperty')"
http://hl7.org/fhir/Practitioner.address,http://hl7.org/fhir/,Practitioner.address,ObjectProperty,"('http://hl7.org/fhir/Practitioner.address', 'ObjectProperty')"
http://hl7.org/fhir/Practitioner.birthDate,http://hl7.org/fhir/,Practitioner.birthDate,ObjectProperty,"('http://hl7.org/fhir/Practitioner.birthDate', 'ObjectProperty')"
http://hl7.org/fhir/Practitioner.communication,http://hl7.org/fhir/,Practitioner.communication,ObjectProperty,"('http://hl7.org/fhir/Practitioner.communication', 'ObjectProperty')"
http://hl7.org/fhir/Practitioner.gender,http://hl7.org/fhir/,Practitioner.gender,ObjectProperty,"('http://hl7.org/fhir/Practitioner.gender', 'ObjectProperty')"
http://hl7.org/fhir/Practitioner.identifier,http://hl7.org/fhir/,Practitioner.identifier,ObjectProperty,"('http://hl7.org/fhir/Practitioner.identifier', 'ObjectProperty')"
http://hl7.org/fhir/Practitioner.name,http://hl7.org/fhir/,Practitioner.name,ObjectProperty,"('http://hl7.org/fhir/Practitioner.name', 'ObjectProperty')"
http://hl7.org/fhir/Practitioner.photo,http://hl7.org/fhir/,Practitioner.photo,ObjectProperty,"('http://hl7.org/fhir/Practitioner.photo', 'ObjectProperty')"
http://hl7.org/fhir/Practitioner.qualification,http://hl7.org/fhir/,Practitioner.qualification,ObjectProperty,"('http://hl7.org/fhir/Practitioner.qualification', 'ObjectProperty')"
http://hl7.org/fhir/Practitioner.qualification.code,http://hl7.org/fhir/,Practitioner.qualification.code,ObjectProperty,"('http://hl7.org/fhir/Practitioner.qualification.code', 'ObjectProperty')"
http://hl7.org/fhir/Practitioner.qualification.identifier,http://hl7.org/fhir/,Practitioner.qualification.identifier,ObjectProperty,"('http://hl7.org/fhir/Practitioner.qualification.identifier', 'ObjectProperty')"
http://hl7.org/fhir/Practitioner.qualification.issuer,http://hl7.org/fhir/,Practitioner.qualification.issuer,ObjectProperty,"('http://hl7.org/fhir/Practitioner.qualification.issuer', 'ObjectProperty')"
http://hl7.org/fhir/Practitioner.qualification.period,http://hl7.org/fhir/,Practitioner.qualification.period,ObjectProperty,"('http://hl7.org/fhir/Practitioner.qualification.period', 'ObjectProperty')"
http://hl7.org/fhir/Practitioner.telecom,http://hl7.org/fhir/,Practitioner.telecom,ObjectProperty,"('http://hl7.org/fhir/Practitioner.telecom', 'ObjectProperty')"
http://hl7.org/fhir/PractitionerRole.availabilityExceptions,http://hl7.org/fhir/,PractitionerRole.availabilityExceptions,ObjectProperty,"('http://hl7.org/fhir/PractitionerRole.availabilityExceptions', 'ObjectProperty')"
http://hl7.org/fhir/PractitionerRole.availableTime,http://hl7.org/fhir/,PractitionerRole.availableTime,ObjectProperty,"('http://hl7.org/fhir/PractitionerRole.availableTime', 'ObjectProperty')"
http://hl7.org/fhir/PractitionerRole.endpoint,http://hl7.org/fhir/,PractitionerRole.endpoint,ObjectProperty,"('http://hl7.org/fhir/PractitionerRole.endpoint', 'ObjectProperty')"
http://hl7.org/fhir/PractitionerRole.healthcareService,http://hl7.org/fhir/,PractitionerRole.healthcareService,ObjectProperty,"('http://hl7.org/fhir/PractitionerRole.healthcareService', 'ObjectProperty')"
http://hl7.org/fhir/PractitionerRole.notAvailable,http://hl7.org/fhir/,PractitionerRole.notAvailable,ObjectProperty,"('http://hl7.org/fhir/PractitionerRole.notAvailable', 'ObjectProperty')"
http://hl7.org/fhir/PractitionerRole.notAvailable.description,http://hl7.org/fhir/,PractitionerRole.notAvailable.description,ObjectProperty,"('http://hl7.org/fhir/PractitionerRole.notAvailable.description', 'ObjectProperty')"
http://hl7.org/fhir/PractitionerRole.practitioner,http://hl7.org/fhir/,PractitionerRole.practitioner,ObjectProperty,"('http://hl7.org/fhir/PractitionerRole.practitioner', 'ObjectProperty')"
http://hl7.org/fhir/Procedure.basedOn,http://hl7.org/fhir/,Procedure.basedOn,ObjectProperty,"('http://hl7.org/fhir/Procedure.basedOn', 'ObjectProperty')"
http://hl7.org/fhir/Procedure.bodySite,http://hl7.org/fhir/,Procedure.bodySite,ObjectProperty,"('http://hl7.org/fhir/Procedure.bodySite', 'ObjectProperty')"
http://hl7.org/fhir/Procedure.category,http://hl7.org/fhir/,Procedure.category,ObjectProperty,"('http://hl7.org/fhir/Procedure.category', 'ObjectProperty')"
http://hl7.org/fhir/Procedure.code,http://hl7.org/fhir/,Procedure.code,ObjectProperty,"('http://hl7.org/fhir/Procedure.code', 'ObjectProperty')"
http://hl7.org/fhir/Procedure.complication,http://hl7.org/fhir/,Procedure.complication,ObjectProperty,"('http://hl7.org/fhir/Procedure.complication', 'ObjectProperty')"
http://hl7.org/fhir/Procedure.complicationDetail,http://hl7.org/fhir/,Procedure.complicationDetail,ObjectProperty,"('http://hl7.org/fhir/Procedure.complicationDetail', 'ObjectProperty')"
http://hl7.org/fhir/Procedure.context,http://hl7.org/fhir/,Procedure.context,ObjectProperty,"('http://hl7.org/fhir/Procedure.context', 'ObjectProperty')"
http://hl7.org/fhir/Procedure.definition,http://hl7.org/fhir/,Procedure.definition,ObjectProperty,"('http://hl7.org/fhir/Procedure.definition', 'ObjectProperty')"
http://hl7.org/fhir/Procedure.focalDevice,http://hl7.org/fhir/,Procedure.focalDevice,ObjectProperty,"('http://hl7.org/fhir/Procedure.focalDevice', 'ObjectProperty')"
http://hl7.org/fhir/Procedure.focalDevice.action,http://hl7.org/fhir/,Procedure.focalDevice.action,ObjectProperty,"('http://hl7.org/fhir/Procedure.focalDevice.action', 'ObjectProperty')"
http://hl7.org/fhir/Procedure.focalDevice.manipulated,http://hl7.org/fhir/,Procedure.focalDevice.manipulated,ObjectProperty,"('http://hl7.org/fhir/Procedure.focalDevice.manipulated', 'ObjectProperty')"
http://hl7.org/fhir/Procedure.followUp,http://hl7.org/fhir/,Procedure.followUp,ObjectProperty,"('http://hl7.org/fhir/Procedure.followUp', 'ObjectProperty')"
http://hl7.org/fhir/Procedure.identifier,http://hl7.org/fhir/,Procedure.identifier,ObjectProperty,"('http://hl7.org/fhir/Procedure.identifier', 'ObjectProperty')"
http://hl7.org/fhir/Procedure.location,http://hl7.org/fhir/,Procedure.location,ObjectProperty,"('http://hl7.org/fhir/Procedure.location', 'ObjectProperty')"
http://hl7.org/fhir/Procedure.notDone,http://hl7.org/fhir/,Procedure.notDone,ObjectProperty,"('http://hl7.org/fhir/Procedure.notDone', 'ObjectProperty')"
http://hl7.org/fhir/Procedure.notDoneReason,http://hl7.org/fhir/,Procedure.notDoneReason,ObjectProperty,"('http://hl7.org/fhir/Procedure.notDoneReason', 'ObjectProperty')"
http://hl7.org/fhir/Procedure.note,http://hl7.org/fhir/,Procedure.note,ObjectProperty,"('http://hl7.org/fhir/Procedure.note', 'ObjectProperty')"
http://hl7.org/fhir/Procedure.outcome,http://hl7.org/fhir/,Procedure.outcome,ObjectProperty,"('http://hl7.org/fhir/Procedure.outcome', 'ObjectProperty')"
http://hl7.org/fhir/Procedure.partOf,http://hl7.org/fhir/,Procedure.partOf,ObjectProperty,"('http://hl7.org/fhir/Procedure.partOf', 'ObjectProperty')"
http://hl7.org/fhir/Procedure.performed,http://hl7.org/fhir/,Procedure.performed,ObjectProperty,"('http://hl7.org/fhir/Procedure.performed', 'ObjectProperty')"
http://hl7.org/fhir/Procedure.performedDateTime,http://hl7.org/fhir/,Procedure.performedDateTime,ObjectProperty,"('http://hl7.org/fhir/Procedure.performedDateTime', 'ObjectProperty')"
http://hl7.org/fhir/Procedure.performedPeriod,http://hl7.org/fhir/,Procedure.performedPeriod,ObjectProperty,"('http://hl7.org/fhir/Procedure.performedPeriod', 'ObjectProperty')"
http://hl7.org/fhir/Procedure.performer,http://hl7.org/fhir/,Procedure.performer,ObjectProperty,"('http://hl7.org/fhir/Procedure.performer', 'ObjectProperty')"
http://hl7.org/fhir/Procedure.performer.actor,http://hl7.org/fhir/,Procedure.performer.actor,ObjectProperty,"('http://hl7.org/fhir/Procedure.performer.actor', 'ObjectProperty')"
http://hl7.org/fhir/Procedure.performer.onBehalfOf,http://hl7.org/fhir/,Procedure.performer.onBehalfOf,ObjectProperty,"('http://hl7.org/fhir/Procedure.performer.onBehalfOf', 'ObjectProperty')"
http://hl7.org/fhir/Procedure.performer.role,http://hl7.org/fhir/,Procedure.performer.role,ObjectProperty,"('http://hl7.org/fhir/Procedure.performer.role', 'ObjectProperty')"
http://hl7.org/fhir/Procedure.reasonCode,http://hl7.org/fhir/,Procedure.reasonCode,ObjectProperty,"('http://hl7.org/fhir/Procedure.reasonCode', 'ObjectProperty')"
http://hl7.org/fhir/Procedure.reasonReference,http://hl7.org/fhir/,Procedure.reasonReference,ObjectProperty,"('http://hl7.org/fhir/Procedure.reasonReference', 'ObjectProperty')"
http://hl7.org/fhir/Procedure.report,http://hl7.org/fhir/,Procedure.report,ObjectProperty,"('http://hl7.org/fhir/Procedure.report', 'ObjectProperty')"
http://hl7.org/fhir/Procedure.status,http://hl7.org/fhir/,Procedure.status,ObjectProperty,"('http://hl7.org/fhir/Procedure.status', 'ObjectProperty')"
http://hl7.org/fhir/Procedure.subject,http://hl7.org/fhir/,Procedure.subject,ObjectProperty,"('http://hl7.org/fhir/Procedure.subject', 'ObjectProperty')"
http://hl7.org/fhir/Procedure.usedCode,http://hl7.org/fhir/,Procedure.usedCode,ObjectProperty,"('http://hl7.org/fhir/Procedure.usedCode', 'ObjectProperty')"
http://hl7.org/fhir/Procedure.usedReference,http://hl7.org/fhir/,Procedure.usedReference,ObjectProperty,"('http://hl7.org/fhir/Procedure.usedReference', 'ObjectProperty')"
http://hl7.org/fhir/ProcedureRequest.asNeeded,http://hl7.org/fhir/,ProcedureRequest.asNeeded,ObjectProperty,"('http://hl7.org/fhir/ProcedureRequest.asNeeded', 'ObjectProperty')"
http://hl7.org/fhir/ProcedureRequest.asNeededBoolean,http://hl7.org/fhir/,ProcedureRequest.asNeededBoolean,ObjectProperty,"('http://hl7.org/fhir/ProcedureRequest.asNeededBoolean', 'ObjectProperty')"
http://hl7.org/fhir/ProcedureRequest.asNeededCodeableConcept,http://hl7.org/fhir/,ProcedureRequest.asNeededCodeableConcept,ObjectProperty,"('http://hl7.org/fhir/ProcedureRequest.asNeededCodeableConcept', 'ObjectProperty')"
http://hl7.org/fhir/ProcedureRequest.authoredOn,http://hl7.org/fhir/,ProcedureRequest.authoredOn,ObjectProperty,"('http://hl7.org/fhir/ProcedureRequest.authoredOn', 'ObjectProperty')"
http://hl7.org/fhir/ProcedureRequest.definition,http://hl7.org/fhir/,ProcedureRequest.definition,ObjectProperty,"('http://hl7.org/fhir/ProcedureRequest.definition', 'ObjectProperty')"
http://hl7.org/fhir/ProcedureRequest.doNotPerform,http://hl7.org/fhir/,ProcedureRequest.doNotPerform,ObjectProperty,"('http://hl7.org/fhir/ProcedureRequest.doNotPerform', 'ObjectProperty')"
http://hl7.org/fhir/ProcedureRequest.identifier,http://hl7.org/fhir/,ProcedureRequest.identifier,ObjectProperty,"('http://hl7.org/fhir/ProcedureRequest.identifier', 'ObjectProperty')"
http://hl7.org/fhir/ProcedureRequest.intent,http://hl7.org/fhir/,ProcedureRequest.intent,ObjectProperty,"('http://hl7.org/fhir/ProcedureRequest.intent', 'ObjectProperty')"
http://hl7.org/fhir/ProcedureRequest.occurrence,http://hl7.org/fhir/,ProcedureRequest.occurrence,ObjectProperty,"('http://hl7.org/fhir/ProcedureRequest.occurrence', 'ObjectProperty')"
http://hl7.org/fhir/ProcedureRequest.performerType,http://hl7.org/fhir/,ProcedureRequest.performerType,ObjectProperty,"('http://hl7.org/fhir/ProcedureRequest.performerType', 'ObjectProperty')"
http://hl7.org/fhir/ProcedureRequest.relevantHistory,http://hl7.org/fhir/,ProcedureRequest.relevantHistory,ObjectProperty,"('http://hl7.org/fhir/ProcedureRequest.relevantHistory', 'ObjectProperty')"
http://hl7.org/fhir/ProcedureRequest.replaces,http://hl7.org/fhir/,ProcedureRequest.replaces,ObjectProperty,"('http://hl7.org/fhir/ProcedureRequest.replaces', 'ObjectProperty')"
http://hl7.org/fhir/ProcedureRequest.requester,http://hl7.org/fhir/,ProcedureRequest.requester,ObjectProperty,"('http://hl7.org/fhir/ProcedureRequest.requester', 'ObjectProperty')"
http://hl7.org/fhir/ProcedureRequest.requester.agent,http://hl7.org/fhir/,ProcedureRequest.requester.agent,ObjectProperty,"('http://hl7.org/fhir/ProcedureRequest.requester.agent', 'ObjectProperty')"
http://hl7.org/fhir/ProcedureRequest.requester.onBehalfOf,http://hl7.org/fhir/,ProcedureRequest.requester.onBehalfOf,ObjectProperty,"('http://hl7.org/fhir/ProcedureRequest.requester.onBehalfOf', 'ObjectProperty')"
http://hl7.org/fhir/ProcedureRequest.requisition,http://hl7.org/fhir/,ProcedureRequest.requisition,ObjectProperty,"('http://hl7.org/fhir/ProcedureRequest.requisition', 'ObjectProperty')"
http://hl7.org/fhir/ProcedureRequest.specimen,http://hl7.org/fhir/,ProcedureRequest.specimen,ObjectProperty,"('http://hl7.org/fhir/ProcedureRequest.specimen', 'ObjectProperty')"
http://hl7.org/fhir/ProcedureRequest.supportingInfo,http://hl7.org/fhir/,ProcedureRequest.supportingInfo,ObjectProperty,"('http://hl7.org/fhir/ProcedureRequest.supportingInfo', 'ObjectProperty')"
http://hl7.org/fhir/ProcessRequest.action,http://hl7.org/fhir/,ProcessRequest.action,ObjectProperty,"('http://hl7.org/fhir/ProcessRequest.action', 'ObjectProperty')"
http://hl7.org/fhir/ProcessRequest.created,http://hl7.org/fhir/,ProcessRequest.created,ObjectProperty,"('http://hl7.org/fhir/ProcessRequest.created', 'ObjectProperty')"
http://hl7.org/fhir/ProcessRequest.exclude,http://hl7.org/fhir/,ProcessRequest.exclude,ObjectProperty,"('http://hl7.org/fhir/ProcessRequest.exclude', 'ObjectProperty')"
http://hl7.org/fhir/ProcessRequest.identifier,http://hl7.org/fhir/,ProcessRequest.identifier,ObjectProperty,"('http://hl7.org/fhir/ProcessRequest.identifier', 'ObjectProperty')"
http://hl7.org/fhir/ProcessRequest.include,http://hl7.org/fhir/,ProcessRequest.include,ObjectProperty,"('http://hl7.org/fhir/ProcessRequest.include', 'ObjectProperty')"
http://hl7.org/fhir/ProcessRequest.item,http://hl7.org/fhir/,ProcessRequest.item,ObjectProperty,"('http://hl7.org/fhir/ProcessRequest.item', 'ObjectProperty')"
http://hl7.org/fhir/ProcessRequest.item.sequenceLinkId,http://hl7.org/fhir/,ProcessRequest.item.sequenceLinkId,ObjectProperty,"('http://hl7.org/fhir/ProcessRequest.item.sequenceLinkId', 'ObjectProperty')"
http://hl7.org/fhir/ProcessRequest.nullify,http://hl7.org/fhir/,ProcessRequest.nullify,ObjectProperty,"('http://hl7.org/fhir/ProcessRequest.nullify', 'ObjectProperty')"
http://hl7.org/fhir/ProcessRequest.organization,http://hl7.org/fhir/,ProcessRequest.organization,ObjectProperty,"('http://hl7.org/fhir/ProcessRequest.organization', 'ObjectProperty')"
http://hl7.org/fhir/ProcessRequest.period,http://hl7.org/fhir/,ProcessRequest.period,ObjectProperty,"('http://hl7.org/fhir/ProcessRequest.period', 'ObjectProperty')"
http://hl7.org/fhir/ProcessRequest.provider,http://hl7.org/fhir/,ProcessRequest.provider,ObjectProperty,"('http://hl7.org/fhir/ProcessRequest.provider', 'ObjectProperty')"
http://hl7.org/fhir/ProcessRequest.reference,http://hl7.org/fhir/,ProcessRequest.reference,ObjectProperty,"('http://hl7.org/fhir/ProcessRequest.reference', 'ObjectProperty')"
http://hl7.org/fhir/ProcessRequest.request,http://hl7.org/fhir/,ProcessRequest.request,ObjectProperty,"('http://hl7.org/fhir/ProcessRequest.request', 'ObjectProperty')"
http://hl7.org/fhir/ProcessRequest.response,http://hl7.org/fhir/,ProcessRequest.response,ObjectProperty,"('http://hl7.org/fhir/ProcessRequest.response', 'ObjectProperty')"
http://hl7.org/fhir/ProcessRequest.status,http://hl7.org/fhir/,ProcessRequest.status,ObjectProperty,"('http://hl7.org/fhir/ProcessRequest.status', 'ObjectProperty')"
http://hl7.org/fhir/ProcessRequest.target,http://hl7.org/fhir/,ProcessRequest.target,ObjectProperty,"('http://hl7.org/fhir/ProcessRequest.target', 'ObjectProperty')"
http://hl7.org/fhir/ProcessResponse.communicationRequest,http://hl7.org/fhir/,ProcessResponse.communicationRequest,ObjectProperty,"('http://hl7.org/fhir/ProcessResponse.communicationRequest', 'ObjectProperty')"
http://hl7.org/fhir/ProcessResponse.created,http://hl7.org/fhir/,ProcessResponse.created,ObjectProperty,"('http://hl7.org/fhir/ProcessResponse.created', 'ObjectProperty')"
http://hl7.org/fhir/ProcessResponse.disposition,http://hl7.org/fhir/,ProcessResponse.disposition,ObjectProperty,"('http://hl7.org/fhir/ProcessResponse.disposition', 'ObjectProperty')"
http://hl7.org/fhir/ProcessResponse.error,http://hl7.org/fhir/,ProcessResponse.error,ObjectProperty,"('http://hl7.org/fhir/ProcessResponse.error', 'ObjectProperty')"
http://hl7.org/fhir/ProcessResponse.form,http://hl7.org/fhir/,ProcessResponse.form,ObjectProperty,"('http://hl7.org/fhir/ProcessResponse.form', 'ObjectProperty')"
http://hl7.org/fhir/ProcessResponse.identifier,http://hl7.org/fhir/,ProcessResponse.identifier,ObjectProperty,"('http://hl7.org/fhir/ProcessResponse.identifier', 'ObjectProperty')"
http://hl7.org/fhir/ProcessResponse.organization,http://hl7.org/fhir/,ProcessResponse.organization,ObjectProperty,"('http://hl7.org/fhir/ProcessResponse.organization', 'ObjectProperty')"
http://hl7.org/fhir/ProcessResponse.outcome,http://hl7.org/fhir/,ProcessResponse.outcome,ObjectProperty,"('http://hl7.org/fhir/ProcessResponse.outcome', 'ObjectProperty')"
http://hl7.org/fhir/ProcessResponse.processNote,http://hl7.org/fhir/,ProcessResponse.processNote,ObjectProperty,"('http://hl7.org/fhir/ProcessResponse.processNote', 'ObjectProperty')"
http://hl7.org/fhir/ProcessResponse.processNote.text,http://hl7.org/fhir/,ProcessResponse.processNote.text,ObjectProperty,"('http://hl7.org/fhir/ProcessResponse.processNote.text', 'ObjectProperty')"
http://hl7.org/fhir/ProcessResponse.processNote.type,http://hl7.org/fhir/,ProcessResponse.processNote.type,ObjectProperty,"('http://hl7.org/fhir/ProcessResponse.processNote.type', 'ObjectProperty')"
http://hl7.org/fhir/ProcessResponse.request,http://hl7.org/fhir/,ProcessResponse.request,ObjectProperty,"('http://hl7.org/fhir/ProcessResponse.request', 'ObjectProperty')"
http://hl7.org/fhir/ProcessResponse.requestOrganization,http://hl7.org/fhir/,ProcessResponse.requestOrganization,ObjectProperty,"('http://hl7.org/fhir/ProcessResponse.requestOrganization', 'ObjectProperty')"
http://hl7.org/fhir/ProcessResponse.requestProvider,http://hl7.org/fhir/,ProcessResponse.requestProvider,ObjectProperty,"('http://hl7.org/fhir/ProcessResponse.requestProvider', 'ObjectProperty')"
http://hl7.org/fhir/ProcessResponse.status,http://hl7.org/fhir/,ProcessResponse.status,ObjectProperty,"('http://hl7.org/fhir/ProcessResponse.status', 'ObjectProperty')"
http://hl7.org/fhir/Provenance.activity,http://hl7.org/fhir/,Provenance.activity,ObjectProperty,"('http://hl7.org/fhir/Provenance.activity', 'ObjectProperty')"
http://hl7.org/fhir/Provenance.agent,http://hl7.org/fhir/,Provenance.agent,ObjectProperty,"('http://hl7.org/fhir/Provenance.agent', 'ObjectProperty')"
http://hl7.org/fhir/Provenance.agent.onBehalfOf,http://hl7.org/fhir/,Provenance.agent.onBehalfOf,ObjectProperty,"('http://hl7.org/fhir/Provenance.agent.onBehalfOf', 'ObjectProperty')"
http://hl7.org/fhir/Provenance.agent.onBehalfOfReference,http://hl7.org/fhir/,Provenance.agent.onBehalfOfReference,ObjectProperty,"('http://hl7.org/fhir/Provenance.agent.onBehalfOfReference', 'ObjectProperty')"
http://hl7.org/fhir/Provenance.agent.onBehalfOfUri,http://hl7.org/fhir/,Provenance.agent.onBehalfOfUri,ObjectProperty,"('http://hl7.org/fhir/Provenance.agent.onBehalfOfUri', 'ObjectProperty')"
http://hl7.org/fhir/Provenance.agent.relatedAgentType,http://hl7.org/fhir/,Provenance.agent.relatedAgentType,ObjectProperty,"('http://hl7.org/fhir/Provenance.agent.relatedAgentType', 'ObjectProperty')"
http://hl7.org/fhir/Provenance.agent.role,http://hl7.org/fhir/,Provenance.agent.role,ObjectProperty,"('http://hl7.org/fhir/Provenance.agent.role', 'ObjectProperty')"
http://hl7.org/fhir/Provenance.agent.who,http://hl7.org/fhir/,Provenance.agent.who,ObjectProperty,"('http://hl7.org/fhir/Provenance.agent.who', 'ObjectProperty')"
http://hl7.org/fhir/Provenance.agent.whoReference,http://hl7.org/fhir/,Provenance.agent.whoReference,ObjectProperty,"('http://hl7.org/fhir/Provenance.agent.whoReference', 'ObjectProperty')"
http://hl7.org/fhir/Provenance.agent.whoUri,http://hl7.org/fhir/,Provenance.agent.whoUri,ObjectProperty,"('http://hl7.org/fhir/Provenance.agent.whoUri', 'ObjectProperty')"
http://hl7.org/fhir/Provenance.entity,http://hl7.org/fhir/,Provenance.entity,ObjectProperty,"('http://hl7.org/fhir/Provenance.entity', 'ObjectProperty')"
http://hl7.org/fhir/Provenance.entity.agent,http://hl7.org/fhir/,Provenance.entity.agent,ObjectProperty,"('http://hl7.org/fhir/Provenance.entity.agent', 'ObjectProperty')"
http://hl7.org/fhir/Provenance.entity.role,http://hl7.org/fhir/,Provenance.entity.role,ObjectProperty,"('http://hl7.org/fhir/Provenance.entity.role', 'ObjectProperty')"
http://hl7.org/fhir/Provenance.entity.what,http://hl7.org/fhir/,Provenance.entity.what,ObjectProperty,"('http://hl7.org/fhir/Provenance.entity.what', 'ObjectProperty')"
http://hl7.org/fhir/Provenance.entity.whatIdentifier,http://hl7.org/fhir/,Provenance.entity.whatIdentifier,ObjectProperty,"('http://hl7.org/fhir/Provenance.entity.whatIdentifier', 'ObjectProperty')"
http://hl7.org/fhir/Provenance.entity.whatReference,http://hl7.org/fhir/,Provenance.entity.whatReference,ObjectProperty,"('http://hl7.org/fhir/Provenance.entity.whatReference', 'ObjectProperty')"
http://hl7.org/fhir/Provenance.entity.whatUri,http://hl7.org/fhir/,Provenance.entity.whatUri,ObjectProperty,"('http://hl7.org/fhir/Provenance.entity.whatUri', 'ObjectProperty')"
http://hl7.org/fhir/Provenance.location,http://hl7.org/fhir/,Provenance.location,ObjectProperty,"('http://hl7.org/fhir/Provenance.location', 'ObjectProperty')"
http://hl7.org/fhir/Provenance.period,http://hl7.org/fhir/,Provenance.period,ObjectProperty,"('http://hl7.org/fhir/Provenance.period', 'ObjectProperty')"
http://hl7.org/fhir/Provenance.policy,http://hl7.org/fhir/,Provenance.policy,ObjectProperty,"('http://hl7.org/fhir/Provenance.policy', 'ObjectProperty')"
http://hl7.org/fhir/Provenance.reason,http://hl7.org/fhir/,Provenance.reason,ObjectProperty,"('http://hl7.org/fhir/Provenance.reason', 'ObjectProperty')"
http://hl7.org/fhir/Provenance.recorded,http://hl7.org/fhir/,Provenance.recorded,ObjectProperty,"('http://hl7.org/fhir/Provenance.recorded', 'ObjectProperty')"
http://hl7.org/fhir/Provenance.signature,http://hl7.org/fhir/,Provenance.signature,ObjectProperty,"('http://hl7.org/fhir/Provenance.signature', 'ObjectProperty')"
http://hl7.org/fhir/Provenance.target,http://hl7.org/fhir/,Provenance.target,ObjectProperty,"('http://hl7.org/fhir/Provenance.target', 'ObjectProperty')"
http://hl7.org/fhir/Questionnaire.approvalDate,http://hl7.org/fhir/,Questionnaire.approvalDate,ObjectProperty,"('http://hl7.org/fhir/Questionnaire.approvalDate', 'ObjectProperty')"
http://hl7.org/fhir/Questionnaire.code,http://hl7.org/fhir/,Questionnaire.code,ObjectProperty,"('http://hl7.org/fhir/Questionnaire.code', 'ObjectProperty')"
http://hl7.org/fhir/Questionnaire.contact,http://hl7.org/fhir/,Questionnaire.contact,ObjectProperty,"('http://hl7.org/fhir/Questionnaire.contact', 'ObjectProperty')"
http://hl7.org/fhir/Questionnaire.copyright,http://hl7.org/fhir/,Questionnaire.copyright,ObjectProperty,"('http://hl7.org/fhir/Questionnaire.copyright', 'ObjectProperty')"
http://hl7.org/fhir/Questionnaire.date,http://hl7.org/fhir/,Questionnaire.date,ObjectProperty,"('http://hl7.org/fhir/Questionnaire.date', 'ObjectProperty')"
http://hl7.org/fhir/Questionnaire.description,http://hl7.org/fhir/,Questionnaire.description,ObjectProperty,"('http://hl7.org/fhir/Questionnaire.description', 'ObjectProperty')"
http://hl7.org/fhir/Questionnaire.effectivePeriod,http://hl7.org/fhir/,Questionnaire.effectivePeriod,ObjectProperty,"('http://hl7.org/fhir/Questionnaire.effectivePeriod', 'ObjectProperty')"
http://hl7.org/fhir/Questionnaire.experimental,http://hl7.org/fhir/,Questionnaire.experimental,ObjectProperty,"('http://hl7.org/fhir/Questionnaire.experimental', 'ObjectProperty')"
http://hl7.org/fhir/Questionnaire.identifier,http://hl7.org/fhir/,Questionnaire.identifier,ObjectProperty,"('http://hl7.org/fhir/Questionnaire.identifier', 'ObjectProperty')"
http://hl7.org/fhir/Questionnaire.item,http://hl7.org/fhir/,Questionnaire.item,ObjectProperty,"('http://hl7.org/fhir/Questionnaire.item', 'ObjectProperty')"
http://hl7.org/fhir/Questionnaire.item.code,http://hl7.org/fhir/,Questionnaire.item.code,ObjectProperty,"('http://hl7.org/fhir/Questionnaire.item.code', 'ObjectProperty')"
http://hl7.org/fhir/Questionnaire.item.definition,http://hl7.org/fhir/,Questionnaire.item.definition,ObjectProperty,"('http://hl7.org/fhir/Questionnaire.item.definition', 'ObjectProperty')"
http://hl7.org/fhir/Questionnaire.item.enableWhen,http://hl7.org/fhir/,Questionnaire.item.enableWhen,ObjectProperty,"('http://hl7.org/fhir/Questionnaire.item.enableWhen', 'ObjectProperty')"
http://hl7.org/fhir/Questionnaire.item.enableWhen.answer,http://hl7.org/fhir/,Questionnaire.item.enableWhen.answer,ObjectProperty,"('http://hl7.org/fhir/Questionnaire.item.enableWhen.answer', 'ObjectProperty')"
http://hl7.org/fhir/Questionnaire.item.enableWhen.answerAttachment,http://hl7.org/fhir/,Questionnaire.item.enableWhen.answerAttachment,ObjectProperty,"('http://hl7.org/fhir/Questionnaire.item.enableWhen.answerAttachment', 'ObjectProperty')"
http://hl7.org/fhir/Questionnaire.item.enableWhen.answerBoolean,http://hl7.org/fhir/,Questionnaire.item.enableWhen.answerBoolean,ObjectProperty,"('http://hl7.org/fhir/Questionnaire.item.enableWhen.answerBoolean', 'ObjectProperty')"
http://hl7.org/fhir/Questionnaire.item.enableWhen.answerCoding,http://hl7.org/fhir/,Questionnaire.item.enableWhen.answerCoding,ObjectProperty,"('http://hl7.org/fhir/Questionnaire.item.enableWhen.answerCoding', 'ObjectProperty')"
http://hl7.org/fhir/Questionnaire.item.enableWhen.answerDate,http://hl7.org/fhir/,Questionnaire.item.enableWhen.answerDate,ObjectProperty,"('http://hl7.org/fhir/Questionnaire.item.enableWhen.answerDate', 'ObjectProperty')"
http://hl7.org/fhir/Questionnaire.item.enableWhen.answerDateTime,http://hl7.org/fhir/,Questionnaire.item.enableWhen.answerDateTime,ObjectProperty,"('http://hl7.org/fhir/Questionnaire.item.enableWhen.answerDateTime', 'ObjectProperty')"
http://hl7.org/fhir/Questionnaire.item.enableWhen.answerDecimal,http://hl7.org/fhir/,Questionnaire.item.enableWhen.answerDecimal,ObjectProperty,"('http://hl7.org/fhir/Questionnaire.item.enableWhen.answerDecimal', 'ObjectProperty')"
http://hl7.org/fhir/Questionnaire.item.enableWhen.answerInteger,http://hl7.org/fhir/,Questionnaire.item.enableWhen.answerInteger,ObjectProperty,"('http://hl7.org/fhir/Questionnaire.item.enableWhen.answerInteger', 'ObjectProperty')"
http://hl7.org/fhir/Questionnaire.item.enableWhen.answerQuantity,http://hl7.org/fhir/,Questionnaire.item.enableWhen.answerQuantity,ObjectProperty,"('http://hl7.org/fhir/Questionnaire.item.enableWhen.answerQuantity', 'ObjectProperty')"
http://hl7.org/fhir/Questionnaire.item.enableWhen.answerReference,http://hl7.org/fhir/,Questionnaire.item.enableWhen.answerReference,ObjectProperty,"('http://hl7.org/fhir/Questionnaire.item.enableWhen.answerReference', 'ObjectProperty')"
http://hl7.org/fhir/Questionnaire.item.enableWhen.answerString,http://hl7.org/fhir/,Questionnaire.item.enableWhen.answerString,ObjectProperty,"('http://hl7.org/fhir/Questionnaire.item.enableWhen.answerString', 'ObjectProperty')"
http://hl7.org/fhir/Questionnaire.item.enableWhen.answerTime,http://hl7.org/fhir/,Questionnaire.item.enableWhen.answerTime,ObjectProperty,"('http://hl7.org/fhir/Questionnaire.item.enableWhen.answerTime', 'ObjectProperty')"
http://hl7.org/fhir/Questionnaire.item.enableWhen.answerUri,http://hl7.org/fhir/,Questionnaire.item.enableWhen.answerUri,ObjectProperty,"('http://hl7.org/fhir/Questionnaire.item.enableWhen.answerUri', 'ObjectProperty')"
http://hl7.org/fhir/Questionnaire.item.enableWhen.hasAnswer,http://hl7.org/fhir/,Questionnaire.item.enableWhen.hasAnswer,ObjectProperty,"('http://hl7.org/fhir/Questionnaire.item.enableWhen.hasAnswer', 'ObjectProperty')"
http://hl7.org/fhir/Questionnaire.item.enableWhen.question,http://hl7.org/fhir/,Questionnaire.item.enableWhen.question,ObjectProperty,"('http://hl7.org/fhir/Questionnaire.item.enableWhen.question', 'ObjectProperty')"
http://hl7.org/fhir/Questionnaire.item.initial,http://hl7.org/fhir/,Questionnaire.item.initial,ObjectProperty,"('http://hl7.org/fhir/Questionnaire.item.initial', 'ObjectProperty')"
http://hl7.org/fhir/Questionnaire.item.initialAttachment,http://hl7.org/fhir/,Questionnaire.item.initialAttachment,ObjectProperty,"('http://hl7.org/fhir/Questionnaire.item.initialAttachment', 'ObjectProperty')"
http://hl7.org/fhir/Questionnaire.item.initialBoolean,http://hl7.org/fhir/,Questionnaire.item.initialBoolean,ObjectProperty,"('http://hl7.org/fhir/Questionnaire.item.initialBoolean', 'ObjectProperty')"
http://hl7.org/fhir/Questionnaire.item.initialCoding,http://hl7.org/fhir/,Questionnaire.item.initialCoding,ObjectProperty,"('http://hl7.org/fhir/Questionnaire.item.initialCoding', 'ObjectProperty')"
http://hl7.org/fhir/Questionnaire.item.initialDate,http://hl7.org/fhir/,Questionnaire.item.initialDate,ObjectProperty,"('http://hl7.org/fhir/Questionnaire.item.initialDate', 'ObjectProperty')"
http://hl7.org/fhir/Questionnaire.item.initialDateTime,http://hl7.org/fhir/,Questionnaire.item.initialDateTime,ObjectProperty,"('http://hl7.org/fhir/Questionnaire.item.initialDateTime', 'ObjectProperty')"
http://hl7.org/fhir/Questionnaire.item.initialDecimal,http://hl7.org/fhir/,Questionnaire.item.initialDecimal,ObjectProperty,"('http://hl7.org/fhir/Questionnaire.item.initialDecimal', 'ObjectProperty')"
http://hl7.org/fhir/Questionnaire.item.initialInteger,http://hl7.org/fhir/,Questionnaire.item.initialInteger,ObjectProperty,"('http://hl7.org/fhir/Questionnaire.item.initialInteger', 'ObjectProperty')"
http://hl7.org/fhir/Questionnaire.item.initialQuantity,http://hl7.org/fhir/,Questionnaire.item.initialQuantity,ObjectProperty,"('http://hl7.org/fhir/Questionnaire.item.initialQuantity', 'ObjectProperty')"
http://hl7.org/fhir/Questionnaire.item.initialReference,http://hl7.org/fhir/,Questionnaire.item.initialReference,ObjectProperty,"('http://hl7.org/fhir/Questionnaire.item.initialReference', 'ObjectProperty')"
http://hl7.org/fhir/Questionnaire.item.initialString,http://hl7.org/fhir/,Questionnaire.item.initialString,ObjectProperty,"('http://hl7.org/fhir/Questionnaire.item.initialString', 'ObjectProperty')"
http://hl7.org/fhir/Questionnaire.item.initialTime,http://hl7.org/fhir/,Questionnaire.item.initialTime,ObjectProperty,"('http://hl7.org/fhir/Questionnaire.item.initialTime', 'ObjectProperty')"
http://hl7.org/fhir/Questionnaire.item.initialUri,http://hl7.org/fhir/,Questionnaire.item.initialUri,ObjectProperty,"('http://hl7.org/fhir/Questionnaire.item.initialUri', 'ObjectProperty')"
http://hl7.org/fhir/Questionnaire.item.item,http://hl7.org/fhir/,Questionnaire.item.item,ObjectProperty,"('http://hl7.org/fhir/Questionnaire.item.item', 'ObjectProperty')"
http://hl7.org/fhir/Questionnaire.item.linkId,http://hl7.org/fhir/,Questionnaire.item.linkId,ObjectProperty,"('http://hl7.org/fhir/Questionnaire.item.linkId', 'ObjectProperty')"
http://hl7.org/fhir/Questionnaire.item.maxLength,http://hl7.org/fhir/,Questionnaire.item.maxLength,ObjectProperty,"('http://hl7.org/fhir/Questionnaire.item.maxLength', 'ObjectProperty')"
http://hl7.org/fhir/Questionnaire.item.option,http://hl7.org/fhir/,Questionnaire.item.option,ObjectProperty,"('http://hl7.org/fhir/Questionnaire.item.option', 'ObjectProperty')"
http://hl7.org/fhir/Questionnaire.item.option.value,http://hl7.org/fhir/,Questionnaire.item.option.value,ObjectProperty,"('http://hl7.org/fhir/Questionnaire.item.option.value', 'ObjectProperty')"
http://hl7.org/fhir/Questionnaire.item.option.valueCoding,http://hl7.org/fhir/,Questionnaire.item.option.valueCoding,ObjectProperty,"('http://hl7.org/fhir/Questionnaire.item.option.valueCoding', 'ObjectProperty')"
http://hl7.org/fhir/Questionnaire.item.option.valueDate,http://hl7.org/fhir/,Questionnaire.item.option.valueDate,ObjectProperty,"('http://hl7.org/fhir/Questionnaire.item.option.valueDate', 'ObjectProperty')"
http://hl7.org/fhir/Questionnaire.item.option.valueInteger,http://hl7.org/fhir/,Questionnaire.item.option.valueInteger,ObjectProperty,"('http://hl7.org/fhir/Questionnaire.item.option.valueInteger', 'ObjectProperty')"
http://hl7.org/fhir/Questionnaire.item.option.valueString,http://hl7.org/fhir/,Questionnaire.item.option.valueString,ObjectProperty,"('http://hl7.org/fhir/Questionnaire.item.option.valueString', 'ObjectProperty')"
http://hl7.org/fhir/Questionnaire.item.option.valueTime,http://hl7.org/fhir/,Questionnaire.item.option.valueTime,ObjectProperty,"('http://hl7.org/fhir/Questionnaire.item.option.valueTime', 'ObjectProperty')"
http://hl7.org/fhir/Questionnaire.item.options,http://hl7.org/fhir/,Questionnaire.item.options,ObjectProperty,"('http://hl7.org/fhir/Questionnaire.item.options', 'ObjectProperty')"
http://hl7.org/fhir/Questionnaire.item.prefix,http://hl7.org/fhir/,Questionnaire.item.prefix,ObjectProperty,"('http://hl7.org/fhir/Questionnaire.item.prefix', 'ObjectProperty')"
http://hl7.org/fhir/Questionnaire.item.readOnly,http://hl7.org/fhir/,Questionnaire.item.readOnly,ObjectProperty,"('http://hl7.org/fhir/Questionnaire.item.readOnly', 'ObjectProperty')"
http://hl7.org/fhir/Questionnaire.item.repeats,http://hl7.org/fhir/,Questionnaire.item.repeats,ObjectProperty,"('http://hl7.org/fhir/Questionnaire.item.repeats', 'ObjectProperty')"
http://hl7.org/fhir/Questionnaire.item.required,http://hl7.org/fhir/,Questionnaire.item.required,ObjectProperty,"('http://hl7.org/fhir/Questionnaire.item.required', 'ObjectProperty')"
http://hl7.org/fhir/Questionnaire.item.text,http://hl7.org/fhir/,Questionnaire.item.text,ObjectProperty,"('http://hl7.org/fhir/Questionnaire.item.text', 'ObjectProperty')"
http://hl7.org/fhir/Questionnaire.item.type,http://hl7.org/fhir/,Questionnaire.item.type,ObjectProperty,"('http://hl7.org/fhir/Questionnaire.item.type', 'ObjectProperty')"
http://hl7.org/fhir/Questionnaire.jurisdiction,http://hl7.org/fhir/,Questionnaire.jurisdiction,ObjectProperty,"('http://hl7.org/fhir/Questionnaire.jurisdiction', 'ObjectProperty')"
http://hl7.org/fhir/Questionnaire.lastReviewDate,http://hl7.org/fhir/,Questionnaire.lastReviewDate,ObjectProperty,"('http://hl7.org/fhir/Questionnaire.lastReviewDate', 'ObjectProperty')"
http://hl7.org/fhir/Questionnaire.name,http://hl7.org/fhir/,Questionnaire.name,ObjectProperty,"('http://hl7.org/fhir/Questionnaire.name', 'ObjectProperty')"
http://hl7.org/fhir/Questionnaire.publisher,http://hl7.org/fhir/,Questionnaire.publisher,ObjectProperty,"('http://hl7.org/fhir/Questionnaire.publisher', 'ObjectProperty')"
http://hl7.org/fhir/Questionnaire.purpose,http://hl7.org/fhir/,Questionnaire.purpose,ObjectProperty,"('http://hl7.org/fhir/Questionnaire.purpose', 'ObjectProperty')"
http://hl7.org/fhir/Questionnaire.status,http://hl7.org/fhir/,Questionnaire.status,ObjectProperty,"('http://hl7.org/fhir/Questionnaire.status', 'ObjectProperty')"
http://hl7.org/fhir/Questionnaire.subjectType,http://hl7.org/fhir/,Questionnaire.subjectType,ObjectProperty,"('http://hl7.org/fhir/Questionnaire.subjectType', 'ObjectProperty')"
http://hl7.org/fhir/Questionnaire.title,http://hl7.org/fhir/,Questionnaire.title,ObjectProperty,"('http://hl7.org/fhir/Questionnaire.title', 'ObjectProperty')"
http://hl7.org/fhir/Questionnaire.url,http://hl7.org/fhir/,Questionnaire.url,ObjectProperty,"('http://hl7.org/fhir/Questionnaire.url', 'ObjectProperty')"
http://hl7.org/fhir/Questionnaire.useContext,http://hl7.org/fhir/,Questionnaire.useContext,ObjectProperty,"('http://hl7.org/fhir/Questionnaire.useContext', 'ObjectProperty')"
http://hl7.org/fhir/Questionnaire.version,http://hl7.org/fhir/,Questionnaire.version,ObjectProperty,"('http://hl7.org/fhir/Questionnaire.version', 'ObjectProperty')"
http://hl7.org/fhir/QuestionnaireResponse.author,http://hl7.org/fhir/,QuestionnaireResponse.author,ObjectProperty,"('http://hl7.org/fhir/QuestionnaireResponse.author', 'ObjectProperty')"
http://hl7.org/fhir/QuestionnaireResponse.authored,http://hl7.org/fhir/,QuestionnaireResponse.authored,ObjectProperty,"('http://hl7.org/fhir/QuestionnaireResponse.authored', 'ObjectProperty')"
http://hl7.org/fhir/QuestionnaireResponse.basedOn,http://hl7.org/fhir/,QuestionnaireResponse.basedOn,ObjectProperty,"('http://hl7.org/fhir/QuestionnaireResponse.basedOn', 'ObjectProperty')"
http://hl7.org/fhir/QuestionnaireResponse.context,http://hl7.org/fhir/,QuestionnaireResponse.context,ObjectProperty,"('http://hl7.org/fhir/QuestionnaireResponse.context', 'ObjectProperty')"
http://hl7.org/fhir/QuestionnaireResponse.identifier,http://hl7.org/fhir/,QuestionnaireResponse.identifier,ObjectProperty,"('http://hl7.org/fhir/QuestionnaireResponse.identifier', 'ObjectProperty')"
http://hl7.org/fhir/QuestionnaireResponse.item,http://hl7.org/fhir/,QuestionnaireResponse.item,ObjectProperty,"('http://hl7.org/fhir/QuestionnaireResponse.item', 'ObjectProperty')"
http://hl7.org/fhir/QuestionnaireResponse.item.answer,http://hl7.org/fhir/,QuestionnaireResponse.item.answer,ObjectProperty,"('http://hl7.org/fhir/QuestionnaireResponse.item.answer', 'ObjectProperty')"
http://hl7.org/fhir/QuestionnaireResponse.item.answer.item,http://hl7.org/fhir/,QuestionnaireResponse.item.answer.item,ObjectProperty,"('http://hl7.org/fhir/QuestionnaireResponse.item.answer.item', 'ObjectProperty')"
http://hl7.org/fhir/QuestionnaireResponse.item.answer.value,http://hl7.org/fhir/,QuestionnaireResponse.item.answer.value,ObjectProperty,"('http://hl7.org/fhir/QuestionnaireResponse.item.answer.value', 'ObjectProperty')"
http://hl7.org/fhir/QuestionnaireResponse.item.answer.valueAttachment,http://hl7.org/fhir/,QuestionnaireResponse.item.answer.valueAttachment,ObjectProperty,"('http://hl7.org/fhir/QuestionnaireResponse.item.answer.valueAttachment', 'ObjectProperty')"
http://hl7.org/fhir/QuestionnaireResponse.item.answer.valueBoolean,http://hl7.org/fhir/,QuestionnaireResponse.item.answer.valueBoolean,ObjectProperty,"('http://hl7.org/fhir/QuestionnaireResponse.item.answer.valueBoolean', 'ObjectProperty')"
http://hl7.org/fhir/QuestionnaireResponse.item.answer.valueCoding,http://hl7.org/fhir/,QuestionnaireResponse.item.answer.valueCoding,ObjectProperty,"('http://hl7.org/fhir/QuestionnaireResponse.item.answer.valueCoding', 'ObjectProperty')"
http://hl7.org/fhir/QuestionnaireResponse.item.answer.valueDate,http://hl7.org/fhir/,QuestionnaireResponse.item.answer.valueDate,ObjectProperty,"('http://hl7.org/fhir/QuestionnaireResponse.item.answer.valueDate', 'ObjectProperty')"
http://hl7.org/fhir/QuestionnaireResponse.item.answer.valueDateTime,http://hl7.org/fhir/,QuestionnaireResponse.item.answer.valueDateTime,ObjectProperty,"('http://hl7.org/fhir/QuestionnaireResponse.item.answer.valueDateTime', 'ObjectProperty')"
http://hl7.org/fhir/QuestionnaireResponse.item.answer.valueDecimal,http://hl7.org/fhir/,QuestionnaireResponse.item.answer.valueDecimal,ObjectProperty,"('http://hl7.org/fhir/QuestionnaireResponse.item.answer.valueDecimal', 'ObjectProperty')"
http://hl7.org/fhir/QuestionnaireResponse.item.answer.valueInteger,http://hl7.org/fhir/,QuestionnaireResponse.item.answer.valueInteger,ObjectProperty,"('http://hl7.org/fhir/QuestionnaireResponse.item.answer.valueInteger', 'ObjectProperty')"
http://hl7.org/fhir/QuestionnaireResponse.item.answer.valueQuantity,http://hl7.org/fhir/,QuestionnaireResponse.item.answer.valueQuantity,ObjectProperty,"('http://hl7.org/fhir/QuestionnaireResponse.item.answer.valueQuantity', 'ObjectProperty')"
http://hl7.org/fhir/QuestionnaireResponse.item.answer.valueReference,http://hl7.org/fhir/,QuestionnaireResponse.item.answer.valueReference,ObjectProperty,"('http://hl7.org/fhir/QuestionnaireResponse.item.answer.valueReference', 'ObjectProperty')"
http://hl7.org/fhir/QuestionnaireResponse.item.answer.valueString,http://hl7.org/fhir/,QuestionnaireResponse.item.answer.valueString,ObjectProperty,"('http://hl7.org/fhir/QuestionnaireResponse.item.answer.valueString', 'ObjectProperty')"
http://hl7.org/fhir/QuestionnaireResponse.item.answer.valueTime,http://hl7.org/fhir/,QuestionnaireResponse.item.answer.valueTime,ObjectProperty,"('http://hl7.org/fhir/QuestionnaireResponse.item.answer.valueTime', 'ObjectProperty')"
http://hl7.org/fhir/QuestionnaireResponse.item.answer.valueUri,http://hl7.org/fhir/,QuestionnaireResponse.item.answer.valueUri,ObjectProperty,"('http://hl7.org/fhir/QuestionnaireResponse.item.answer.valueUri', 'ObjectProperty')"
http://hl7.org/fhir/QuestionnaireResponse.item.definition,http://hl7.org/fhir/,QuestionnaireResponse.item.definition,ObjectProperty,"('http://hl7.org/fhir/QuestionnaireResponse.item.definition', 'ObjectProperty')"
http://hl7.org/fhir/QuestionnaireResponse.item.item,http://hl7.org/fhir/,QuestionnaireResponse.item.item,ObjectProperty,"('http://hl7.org/fhir/QuestionnaireResponse.item.item', 'ObjectProperty')"
http://hl7.org/fhir/QuestionnaireResponse.item.linkId,http://hl7.org/fhir/,QuestionnaireResponse.item.linkId,ObjectProperty,"('http://hl7.org/fhir/QuestionnaireResponse.item.linkId', 'ObjectProperty')"
http://hl7.org/fhir/QuestionnaireResponse.item.subject,http://hl7.org/fhir/,QuestionnaireResponse.item.subject,ObjectProperty,"('http://hl7.org/fhir/QuestionnaireResponse.item.subject', 'ObjectProperty')"
http://hl7.org/fhir/QuestionnaireResponse.item.text,http://hl7.org/fhir/,QuestionnaireResponse.item.text,ObjectProperty,"('http://hl7.org/fhir/QuestionnaireResponse.item.text', 'ObjectProperty')"
http://hl7.org/fhir/QuestionnaireResponse.parent,http://hl7.org/fhir/,QuestionnaireResponse.parent,ObjectProperty,"('http://hl7.org/fhir/QuestionnaireResponse.parent', 'ObjectProperty')"
http://hl7.org/fhir/QuestionnaireResponse.questionnaire,http://hl7.org/fhir/,QuestionnaireResponse.questionnaire,ObjectProperty,"('http://hl7.org/fhir/QuestionnaireResponse.questionnaire', 'ObjectProperty')"
http://hl7.org/fhir/QuestionnaireResponse.source,http://hl7.org/fhir/,QuestionnaireResponse.source,ObjectProperty,"('http://hl7.org/fhir/QuestionnaireResponse.source', 'ObjectProperty')"
http://hl7.org/fhir/QuestionnaireResponse.status,http://hl7.org/fhir/,QuestionnaireResponse.status,ObjectProperty,"('http://hl7.org/fhir/QuestionnaireResponse.status', 'ObjectProperty')"
http://hl7.org/fhir/QuestionnaireResponse.subject,http://hl7.org/fhir/,QuestionnaireResponse.subject,ObjectProperty,"('http://hl7.org/fhir/QuestionnaireResponse.subject', 'ObjectProperty')"
http://hl7.org/fhir/Reference.display,http://hl7.org/fhir/,Reference.display,ObjectProperty,"('http://hl7.org/fhir/Reference.display', 'ObjectProperty')"
http://hl7.org/fhir/Reference.identifier,http://hl7.org/fhir/,Reference.identifier,ObjectProperty,"('http://hl7.org/fhir/Reference.identifier', 'ObjectProperty')"
http://hl7.org/fhir/Reference.reference,http://hl7.org/fhir/,Reference.reference,ObjectProperty,"('http://hl7.org/fhir/Reference.reference', 'ObjectProperty')"
http://hl7.org/fhir/ReferralRequest.authoredOn,http://hl7.org/fhir/,ReferralRequest.authoredOn,ObjectProperty,"('http://hl7.org/fhir/ReferralRequest.authoredOn', 'ObjectProperty')"
http://hl7.org/fhir/ReferralRequest.basedOn,http://hl7.org/fhir/,ReferralRequest.basedOn,ObjectProperty,"('http://hl7.org/fhir/ReferralRequest.basedOn', 'ObjectProperty')"
http://hl7.org/fhir/ReferralRequest.context,http://hl7.org/fhir/,ReferralRequest.context,ObjectProperty,"('http://hl7.org/fhir/ReferralRequest.context', 'ObjectProperty')"
http://hl7.org/fhir/ReferralRequest.definition,http://hl7.org/fhir/,ReferralRequest.definition,ObjectProperty,"('http://hl7.org/fhir/ReferralRequest.definition', 'ObjectProperty')"
http://hl7.org/fhir/ReferralRequest.description,http://hl7.org/fhir/,ReferralRequest.description,ObjectProperty,"('http://hl7.org/fhir/ReferralRequest.description', 'ObjectProperty')"
http://hl7.org/fhir/ReferralRequest.groupIdentifier,http://hl7.org/fhir/,ReferralRequest.groupIdentifier,ObjectProperty,"('http://hl7.org/fhir/ReferralRequest.groupIdentifier', 'ObjectProperty')"
http://hl7.org/fhir/ReferralRequest.identifier,http://hl7.org/fhir/,ReferralRequest.identifier,ObjectProperty,"('http://hl7.org/fhir/ReferralRequest.identifier', 'ObjectProperty')"
http://hl7.org/fhir/ReferralRequest.intent,http://hl7.org/fhir/,ReferralRequest.intent,ObjectProperty,"('http://hl7.org/fhir/ReferralRequest.intent', 'ObjectProperty')"
http://hl7.org/fhir/ReferralRequest.note,http://hl7.org/fhir/,ReferralRequest.note,ObjectProperty,"('http://hl7.org/fhir/ReferralRequest.note', 'ObjectProperty')"
http://hl7.org/fhir/ReferralRequest.occurrence,http://hl7.org/fhir/,ReferralRequest.occurrence,ObjectProperty,"('http://hl7.org/fhir/ReferralRequest.occurrence', 'ObjectProperty')"
http://hl7.org/fhir/ReferralRequest.occurrenceDateTime,http://hl7.org/fhir/,ReferralRequest.occurrenceDateTime,ObjectProperty,"('http://hl7.org/fhir/ReferralRequest.occurrenceDateTime', 'ObjectProperty')"
http://hl7.org/fhir/ReferralRequest.occurrencePeriod,http://hl7.org/fhir/,ReferralRequest.occurrencePeriod,ObjectProperty,"('http://hl7.org/fhir/ReferralRequest.occurrencePeriod', 'ObjectProperty')"
http://hl7.org/fhir/ReferralRequest.priority,http://hl7.org/fhir/,ReferralRequest.priority,ObjectProperty,"('http://hl7.org/fhir/ReferralRequest.priority', 'ObjectProperty')"
http://hl7.org/fhir/ReferralRequest.reasonCode,http://hl7.org/fhir/,ReferralRequest.reasonCode,ObjectProperty,"('http://hl7.org/fhir/ReferralRequest.reasonCode', 'ObjectProperty')"
http://hl7.org/fhir/ReferralRequest.reasonReference,http://hl7.org/fhir/,ReferralRequest.reasonReference,ObjectProperty,"('http://hl7.org/fhir/ReferralRequest.reasonReference', 'ObjectProperty')"
http://hl7.org/fhir/ReferralRequest.recipient,http://hl7.org/fhir/,ReferralRequest.recipient,ObjectProperty,"('http://hl7.org/fhir/ReferralRequest.recipient', 'ObjectProperty')"
http://hl7.org/fhir/ReferralRequest.relevantHistory,http://hl7.org/fhir/,ReferralRequest.relevantHistory,ObjectProperty,"('http://hl7.org/fhir/ReferralRequest.relevantHistory', 'ObjectProperty')"
http://hl7.org/fhir/ReferralRequest.replaces,http://hl7.org/fhir/,ReferralRequest.replaces,ObjectProperty,"('http://hl7.org/fhir/ReferralRequest.replaces', 'ObjectProperty')"
http://hl7.org/fhir/ReferralRequest.requester,http://hl7.org/fhir/,ReferralRequest.requester,ObjectProperty,"('http://hl7.org/fhir/ReferralRequest.requester', 'ObjectProperty')"
http://hl7.org/fhir/ReferralRequest.requester.agent,http://hl7.org/fhir/,ReferralRequest.requester.agent,ObjectProperty,"('http://hl7.org/fhir/ReferralRequest.requester.agent', 'ObjectProperty')"
http://hl7.org/fhir/ReferralRequest.requester.onBehalfOf,http://hl7.org/fhir/,ReferralRequest.requester.onBehalfOf,ObjectProperty,"('http://hl7.org/fhir/ReferralRequest.requester.onBehalfOf', 'ObjectProperty')"
http://hl7.org/fhir/ReferralRequest.serviceRequested,http://hl7.org/fhir/,ReferralRequest.serviceRequested,ObjectProperty,"('http://hl7.org/fhir/ReferralRequest.serviceRequested', 'ObjectProperty')"
http://hl7.org/fhir/ReferralRequest.specialty,http://hl7.org/fhir/,ReferralRequest.specialty,ObjectProperty,"('http://hl7.org/fhir/ReferralRequest.specialty', 'ObjectProperty')"
http://hl7.org/fhir/ReferralRequest.status,http://hl7.org/fhir/,ReferralRequest.status,ObjectProperty,"('http://hl7.org/fhir/ReferralRequest.status', 'ObjectProperty')"
http://hl7.org/fhir/ReferralRequest.subject,http://hl7.org/fhir/,ReferralRequest.subject,ObjectProperty,"('http://hl7.org/fhir/ReferralRequest.subject', 'ObjectProperty')"
http://hl7.org/fhir/ReferralRequest.supportingInfo,http://hl7.org/fhir/,ReferralRequest.supportingInfo,ObjectProperty,"('http://hl7.org/fhir/ReferralRequest.supportingInfo', 'ObjectProperty')"
http://hl7.org/fhir/ReferralRequest.type,http://hl7.org/fhir/,ReferralRequest.type,ObjectProperty,"('http://hl7.org/fhir/ReferralRequest.type', 'ObjectProperty')"
http://hl7.org/fhir/RelatedArtifact.citation,http://hl7.org/fhir/,RelatedArtifact.citation,ObjectProperty,"('http://hl7.org/fhir/RelatedArtifact.citation', 'ObjectProperty')"
http://hl7.org/fhir/RelatedArtifact.display,http://hl7.org/fhir/,RelatedArtifact.display,ObjectProperty,"('http://hl7.org/fhir/RelatedArtifact.display', 'ObjectProperty')"
http://hl7.org/fhir/RelatedArtifact.document,http://hl7.org/fhir/,RelatedArtifact.document,ObjectProperty,"('http://hl7.org/fhir/RelatedArtifact.document', 'ObjectProperty')"
http://hl7.org/fhir/RelatedArtifact.resource,http://hl7.org/fhir/,RelatedArtifact.resource,ObjectProperty,"('http://hl7.org/fhir/RelatedArtifact.resource', 'ObjectProperty')"
http://hl7.org/fhir/RelatedArtifact.type,http://hl7.org/fhir/,RelatedArtifact.type,ObjectProperty,"('http://hl7.org/fhir/RelatedArtifact.type', 'ObjectProperty')"
http://hl7.org/fhir/RelatedArtifact.url,http://hl7.org/fhir/,RelatedArtifact.url,ObjectProperty,"('http://hl7.org/fhir/RelatedArtifact.url', 'ObjectProperty')"
http://hl7.org/fhir/RelatedPerson.active,http://hl7.org/fhir/,RelatedPerson.active,ObjectProperty,"('http://hl7.org/fhir/RelatedPerson.active', 'ObjectProperty')"
http://hl7.org/fhir/RelatedPerson.address,http://hl7.org/fhir/,RelatedPerson.address,ObjectProperty,"('http://hl7.org/fhir/RelatedPerson.address', 'ObjectProperty')"
http://hl7.org/fhir/RelatedPerson.birthDate,http://hl7.org/fhir/,RelatedPerson.birthDate,ObjectProperty,"('http://hl7.org/fhir/RelatedPerson.birthDate', 'ObjectProperty')"
http://hl7.org/fhir/RelatedPerson.gender,http://hl7.org/fhir/,RelatedPerson.gender,ObjectProperty,"('http://hl7.org/fhir/RelatedPerson.gender', 'ObjectProperty')"
http://hl7.org/fhir/RelatedPerson.identifier,http://hl7.org/fhir/,RelatedPerson.identifier,ObjectProperty,"('http://hl7.org/fhir/RelatedPerson.identifier', 'ObjectProperty')"
http://hl7.org/fhir/RelatedPerson.name,http://hl7.org/fhir/,RelatedPerson.name,ObjectProperty,"('http://hl7.org/fhir/RelatedPerson.name', 'ObjectProperty')"
http://hl7.org/fhir/RelatedPerson.patient,http://hl7.org/fhir/,RelatedPerson.patient,ObjectProperty,"('http://hl7.org/fhir/RelatedPerson.patient', 'ObjectProperty')"
http://hl7.org/fhir/RelatedPerson.period,http://hl7.org/fhir/,RelatedPerson.period,ObjectProperty,"('http://hl7.org/fhir/RelatedPerson.period', 'ObjectProperty')"
http://hl7.org/fhir/RelatedPerson.photo,http://hl7.org/fhir/,RelatedPerson.photo,ObjectProperty,"('http://hl7.org/fhir/RelatedPerson.photo', 'ObjectProperty')"
http://hl7.org/fhir/RelatedPerson.relationship,http://hl7.org/fhir/,RelatedPerson.relationship,ObjectProperty,"('http://hl7.org/fhir/RelatedPerson.relationship', 'ObjectProperty')"
http://hl7.org/fhir/RelatedPerson.telecom,http://hl7.org/fhir/,RelatedPerson.telecom,ObjectProperty,"('http://hl7.org/fhir/RelatedPerson.telecom', 'ObjectProperty')"
http://hl7.org/fhir/RequestGroup.action,http://hl7.org/fhir/,RequestGroup.action,ObjectProperty,"('http://hl7.org/fhir/RequestGroup.action', 'ObjectProperty')"
http://hl7.org/fhir/RequestGroup.action.action,http://hl7.org/fhir/,RequestGroup.action.action,ObjectProperty,"('http://hl7.org/fhir/RequestGroup.action.action', 'ObjectProperty')"
http://hl7.org/fhir/RequestGroup.action.cardinalityBehavior,http://hl7.org/fhir/,RequestGroup.action.cardinalityBehavior,ObjectProperty,"('http://hl7.org/fhir/RequestGroup.action.cardinalityBehavior', 'ObjectProperty')"
http://hl7.org/fhir/RequestGroup.action.code,http://hl7.org/fhir/,RequestGroup.action.code,ObjectProperty,"('http://hl7.org/fhir/RequestGroup.action.code', 'ObjectProperty')"
http://hl7.org/fhir/RequestGroup.action.condition,http://hl7.org/fhir/,RequestGroup.action.condition,ObjectProperty,"('http://hl7.org/fhir/RequestGroup.action.condition', 'ObjectProperty')"
http://hl7.org/fhir/RequestGroup.action.condition.description,http://hl7.org/fhir/,RequestGroup.action.condition.description,ObjectProperty,"('http://hl7.org/fhir/RequestGroup.action.condition.description', 'ObjectProperty')"
http://hl7.org/fhir/RequestGroup.action.condition.expression,http://hl7.org/fhir/,RequestGroup.action.condition.expression,ObjectProperty,"('http://hl7.org/fhir/RequestGroup.action.condition.expression', 'ObjectProperty')"
http://hl7.org/fhir/RequestGroup.action.condition.kind,http://hl7.org/fhir/,RequestGroup.action.condition.kind,ObjectProperty,"('http://hl7.org/fhir/RequestGroup.action.condition.kind', 'ObjectProperty')"
http://hl7.org/fhir/RequestGroup.action.condition.language,http://hl7.org/fhir/,RequestGroup.action.condition.language,ObjectProperty,"('http://hl7.org/fhir/RequestGroup.action.condition.language', 'ObjectProperty')"
http://hl7.org/fhir/RequestGroup.action.description,http://hl7.org/fhir/,RequestGroup.action.description,ObjectProperty,"('http://hl7.org/fhir/RequestGroup.action.description', 'ObjectProperty')"
http://hl7.org/fhir/RequestGroup.action.documentation,http://hl7.org/fhir/,RequestGroup.action.documentation,ObjectProperty,"('http://hl7.org/fhir/RequestGroup.action.documentation', 'ObjectProperty')"
http://hl7.org/fhir/RequestGroup.action.groupingBehavior,http://hl7.org/fhir/,RequestGroup.action.groupingBehavior,ObjectProperty,"('http://hl7.org/fhir/RequestGroup.action.groupingBehavior', 'ObjectProperty')"
http://hl7.org/fhir/RequestGroup.action.label,http://hl7.org/fhir/,RequestGroup.action.label,ObjectProperty,"('http://hl7.org/fhir/RequestGroup.action.label', 'ObjectProperty')"
http://hl7.org/fhir/RequestGroup.action.participant,http://hl7.org/fhir/,RequestGroup.action.participant,ObjectProperty,"('http://hl7.org/fhir/RequestGroup.action.participant', 'ObjectProperty')"
http://hl7.org/fhir/RequestGroup.action.precheckBehavior,http://hl7.org/fhir/,RequestGroup.action.precheckBehavior,ObjectProperty,"('http://hl7.org/fhir/RequestGroup.action.precheckBehavior', 'ObjectProperty')"
http://hl7.org/fhir/RequestGroup.action.relatedAction,http://hl7.org/fhir/,RequestGroup.action.relatedAction,ObjectProperty,"('http://hl7.org/fhir/RequestGroup.action.relatedAction', 'ObjectProperty')"
http://hl7.org/fhir/RequestGroup.action.relatedAction.actionId,http://hl7.org/fhir/,RequestGroup.action.relatedAction.actionId,ObjectProperty,"('http://hl7.org/fhir/RequestGroup.action.relatedAction.actionId', 'ObjectProperty')"
http://hl7.org/fhir/RequestGroup.action.relatedAction.offset,http://hl7.org/fhir/,RequestGroup.action.relatedAction.offset,ObjectProperty,"('http://hl7.org/fhir/RequestGroup.action.relatedAction.offset', 'ObjectProperty')"
http://hl7.org/fhir/RequestGroup.action.relatedAction.offsetDuration,http://hl7.org/fhir/,RequestGroup.action.relatedAction.offsetDuration,ObjectProperty,"('http://hl7.org/fhir/RequestGroup.action.relatedAction.offsetDuration', 'ObjectProperty')"
http://hl7.org/fhir/RequestGroup.action.relatedAction.offsetRange,http://hl7.org/fhir/,RequestGroup.action.relatedAction.offsetRange,ObjectProperty,"('http://hl7.org/fhir/RequestGroup.action.relatedAction.offsetRange', 'ObjectProperty')"
http://hl7.org/fhir/RequestGroup.action.relatedAction.relationship,http://hl7.org/fhir/,RequestGroup.action.relatedAction.relationship,ObjectProperty,"('http://hl7.org/fhir/RequestGroup.action.relatedAction.relationship', 'ObjectProperty')"
http://hl7.org/fhir/RequestGroup.action.requiredBehavior,http://hl7.org/fhir/,RequestGroup.action.requiredBehavior,ObjectProperty,"('http://hl7.org/fhir/RequestGroup.action.requiredBehavior', 'ObjectProperty')"
http://hl7.org/fhir/RequestGroup.action.resource,http://hl7.org/fhir/,RequestGroup.action.resource,ObjectProperty,"('http://hl7.org/fhir/RequestGroup.action.resource', 'ObjectProperty')"
http://hl7.org/fhir/RequestGroup.action.selectionBehavior,http://hl7.org/fhir/,RequestGroup.action.selectionBehavior,ObjectProperty,"('http://hl7.org/fhir/RequestGroup.action.selectionBehavior', 'ObjectProperty')"
http://hl7.org/fhir/RequestGroup.action.textEquivalent,http://hl7.org/fhir/,RequestGroup.action.textEquivalent,ObjectProperty,"('http://hl7.org/fhir/RequestGroup.action.textEquivalent', 'ObjectProperty')"
http://hl7.org/fhir/RequestGroup.action.timing,http://hl7.org/fhir/,RequestGroup.action.timing,ObjectProperty,"('http://hl7.org/fhir/RequestGroup.action.timing', 'ObjectProperty')"
http://hl7.org/fhir/RequestGroup.action.timingDateTime,http://hl7.org/fhir/,RequestGroup.action.timingDateTime,ObjectProperty,"('http://hl7.org/fhir/RequestGroup.action.timingDateTime', 'ObjectProperty')"
http://hl7.org/fhir/RequestGroup.action.timingDuration,http://hl7.org/fhir/,RequestGroup.action.timingDuration,ObjectProperty,"('http://hl7.org/fhir/RequestGroup.action.timingDuration', 'ObjectProperty')"
http://hl7.org/fhir/RequestGroup.action.timingPeriod,http://hl7.org/fhir/,RequestGroup.action.timingPeriod,ObjectProperty,"('http://hl7.org/fhir/RequestGroup.action.timingPeriod', 'ObjectProperty')"
http://hl7.org/fhir/RequestGroup.action.timingRange,http://hl7.org/fhir/,RequestGroup.action.timingRange,ObjectProperty,"('http://hl7.org/fhir/RequestGroup.action.timingRange', 'ObjectProperty')"
http://hl7.org/fhir/RequestGroup.action.timingTiming,http://hl7.org/fhir/,RequestGroup.action.timingTiming,ObjectProperty,"('http://hl7.org/fhir/RequestGroup.action.timingTiming', 'ObjectProperty')"
http://hl7.org/fhir/RequestGroup.action.title,http://hl7.org/fhir/,RequestGroup.action.title,ObjectProperty,"('http://hl7.org/fhir/RequestGroup.action.title', 'ObjectProperty')"
http://hl7.org/fhir/RequestGroup.action.type,http://hl7.org/fhir/,RequestGroup.action.type,ObjectProperty,"('http://hl7.org/fhir/RequestGroup.action.type', 'ObjectProperty')"
http://hl7.org/fhir/RequestGroup.author,http://hl7.org/fhir/,RequestGroup.author,ObjectProperty,"('http://hl7.org/fhir/RequestGroup.author', 'ObjectProperty')"
http://hl7.org/fhir/RequestGroup.authoredOn,http://hl7.org/fhir/,RequestGroup.authoredOn,ObjectProperty,"('http://hl7.org/fhir/RequestGroup.authoredOn', 'ObjectProperty')"
http://hl7.org/fhir/RequestGroup.basedOn,http://hl7.org/fhir/,RequestGroup.basedOn,ObjectProperty,"('http://hl7.org/fhir/RequestGroup.basedOn', 'ObjectProperty')"
http://hl7.org/fhir/RequestGroup.context,http://hl7.org/fhir/,RequestGroup.context,ObjectProperty,"('http://hl7.org/fhir/RequestGroup.context', 'ObjectProperty')"
http://hl7.org/fhir/RequestGroup.definition,http://hl7.org/fhir/,RequestGroup.definition,ObjectProperty,"('http://hl7.org/fhir/RequestGroup.definition', 'ObjectProperty')"
http://hl7.org/fhir/RequestGroup.groupIdentifier,http://hl7.org/fhir/,RequestGroup.groupIdentifier,ObjectProperty,"('http://hl7.org/fhir/RequestGroup.groupIdentifier', 'ObjectProperty')"
http://hl7.org/fhir/RequestGroup.identifier,http://hl7.org/fhir/,RequestGroup.identifier,ObjectProperty,"('http://hl7.org/fhir/RequestGroup.identifier', 'ObjectProperty')"
http://hl7.org/fhir/RequestGroup.intent,http://hl7.org/fhir/,RequestGroup.intent,ObjectProperty,"('http://hl7.org/fhir/RequestGroup.intent', 'ObjectProperty')"
http://hl7.org/fhir/RequestGroup.note,http://hl7.org/fhir/,RequestGroup.note,ObjectProperty,"('http://hl7.org/fhir/RequestGroup.note', 'ObjectProperty')"
http://hl7.org/fhir/RequestGroup.priority,http://hl7.org/fhir/,RequestGroup.priority,ObjectProperty,"('http://hl7.org/fhir/RequestGroup.priority', 'ObjectProperty')"
http://hl7.org/fhir/RequestGroup.reason,http://hl7.org/fhir/,RequestGroup.reason,ObjectProperty,"('http://hl7.org/fhir/RequestGroup.reason', 'ObjectProperty')"
http://hl7.org/fhir/RequestGroup.reasonCodeableConcept,http://hl7.org/fhir/,RequestGroup.reasonCodeableConcept,ObjectProperty,"('http://hl7.org/fhir/RequestGroup.reasonCodeableConcept', 'ObjectProperty')"
http://hl7.org/fhir/RequestGroup.reasonReference,http://hl7.org/fhir/,RequestGroup.reasonReference,ObjectProperty,"('http://hl7.org/fhir/RequestGroup.reasonReference', 'ObjectProperty')"
http://hl7.org/fhir/RequestGroup.replaces,http://hl7.org/fhir/,RequestGroup.replaces,ObjectProperty,"('http://hl7.org/fhir/RequestGroup.replaces', 'ObjectProperty')"
http://hl7.org/fhir/RequestGroup.status,http://hl7.org/fhir/,RequestGroup.status,ObjectProperty,"('http://hl7.org/fhir/RequestGroup.status', 'ObjectProperty')"
http://hl7.org/fhir/RequestGroup.subject,http://hl7.org/fhir/,RequestGroup.subject,ObjectProperty,"('http://hl7.org/fhir/RequestGroup.subject', 'ObjectProperty')"
http://hl7.org/fhir/ResearchStudy.arm,http://hl7.org/fhir/,ResearchStudy.arm,ObjectProperty,"('http://hl7.org/fhir/ResearchStudy.arm', 'ObjectProperty')"
http://hl7.org/fhir/ResearchStudy.arm.code,http://hl7.org/fhir/,ResearchStudy.arm.code,ObjectProperty,"('http://hl7.org/fhir/ResearchStudy.arm.code', 'ObjectProperty')"
http://hl7.org/fhir/ResearchStudy.arm.description,http://hl7.org/fhir/,ResearchStudy.arm.description,ObjectProperty,"('http://hl7.org/fhir/ResearchStudy.arm.description', 'ObjectProperty')"
http://hl7.org/fhir/ResearchStudy.arm.name,http://hl7.org/fhir/,ResearchStudy.arm.name,ObjectProperty,"('http://hl7.org/fhir/ResearchStudy.arm.name', 'ObjectProperty')"
http://hl7.org/fhir/ResearchStudy.category,http://hl7.org/fhir/,ResearchStudy.category,ObjectProperty,"('http://hl7.org/fhir/ResearchStudy.category', 'ObjectProperty')"
http://hl7.org/fhir/ResearchStudy.contact,http://hl7.org/fhir/,ResearchStudy.contact,ObjectProperty,"('http://hl7.org/fhir/ResearchStudy.contact', 'ObjectProperty')"
http://hl7.org/fhir/ResearchStudy.description,http://hl7.org/fhir/,ResearchStudy.description,ObjectProperty,"('http://hl7.org/fhir/ResearchStudy.description', 'ObjectProperty')"
http://hl7.org/fhir/ResearchStudy.enrollment,http://hl7.org/fhir/,ResearchStudy.enrollment,ObjectProperty,"('http://hl7.org/fhir/ResearchStudy.enrollment', 'ObjectProperty')"
http://hl7.org/fhir/ResearchStudy.focus,http://hl7.org/fhir/,ResearchStudy.focus,ObjectProperty,"('http://hl7.org/fhir/ResearchStudy.focus', 'ObjectProperty')"
http://hl7.org/fhir/ResearchStudy.identifier,http://hl7.org/fhir/,ResearchStudy.identifier,ObjectProperty,"('http://hl7.org/fhir/ResearchStudy.identifier', 'ObjectProperty')"
http://hl7.org/fhir/ResearchStudy.jurisdiction,http://hl7.org/fhir/,ResearchStudy.jurisdiction,ObjectProperty,"('http://hl7.org/fhir/ResearchStudy.jurisdiction', 'ObjectProperty')"
http://hl7.org/fhir/ResearchStudy.keyword,http://hl7.org/fhir/,ResearchStudy.keyword,ObjectProperty,"('http://hl7.org/fhir/ResearchStudy.keyword', 'ObjectProperty')"
http://hl7.org/fhir/ResearchStudy.note,http://hl7.org/fhir/,ResearchStudy.note,ObjectProperty,"('http://hl7.org/fhir/ResearchStudy.note', 'ObjectProperty')"
http://hl7.org/fhir/ResearchStudy.partOf,http://hl7.org/fhir/,ResearchStudy.partOf,ObjectProperty,"('http://hl7.org/fhir/ResearchStudy.partOf', 'ObjectProperty')"
http://hl7.org/fhir/ResearchStudy.period,http://hl7.org/fhir/,ResearchStudy.period,ObjectProperty,"('http://hl7.org/fhir/ResearchStudy.period', 'ObjectProperty')"
http://hl7.org/fhir/ResearchStudy.principalInvestigator,http://hl7.org/fhir/,ResearchStudy.principalInvestigator,ObjectProperty,"('http://hl7.org/fhir/ResearchStudy.principalInvestigator', 'ObjectProperty')"
http://hl7.org/fhir/ResearchStudy.protocol,http://hl7.org/fhir/,ResearchStudy.protocol,ObjectProperty,"('http://hl7.org/fhir/ResearchStudy.protocol', 'ObjectProperty')"
http://hl7.org/fhir/ResearchStudy.reasonStopped,http://hl7.org/fhir/,ResearchStudy.reasonStopped,ObjectProperty,"('http://hl7.org/fhir/ResearchStudy.reasonStopped', 'ObjectProperty')"
http://hl7.org/fhir/ResearchStudy.relatedArtifact,http://hl7.org/fhir/,ResearchStudy.relatedArtifact,ObjectProperty,"('http://hl7.org/fhir/ResearchStudy.relatedArtifact', 'ObjectProperty')"
http://hl7.org/fhir/ResearchStudy.site,http://hl7.org/fhir/,ResearchStudy.site,ObjectProperty,"('http://hl7.org/fhir/ResearchStudy.site', 'ObjectProperty')"
http://hl7.org/fhir/ResearchStudy.sponsor,http://hl7.org/fhir/,ResearchStudy.sponsor,ObjectProperty,"('http://hl7.org/fhir/ResearchStudy.sponsor', 'ObjectProperty')"
http://hl7.org/fhir/ResearchStudy.status,http://hl7.org/fhir/,ResearchStudy.status,ObjectProperty,"('http://hl7.org/fhir/ResearchStudy.status', 'ObjectProperty')"
http://hl7.org/fhir/ResearchStudy.title,http://hl7.org/fhir/,ResearchStudy.title,ObjectProperty,"('http://hl7.org/fhir/ResearchStudy.title', 'ObjectProperty')"
http://hl7.org/fhir/ResearchSubject.actualArm,http://hl7.org/fhir/,ResearchSubject.actualArm,ObjectProperty,"('http://hl7.org/fhir/ResearchSubject.actualArm', 'ObjectProperty')"
http://hl7.org/fhir/ResearchSubject.assignedArm,http://hl7.org/fhir/,ResearchSubject.assignedArm,ObjectProperty,"('http://hl7.org/fhir/ResearchSubject.assignedArm', 'ObjectProperty')"
http://hl7.org/fhir/ResearchSubject.consent,http://hl7.org/fhir/,ResearchSubject.consent,ObjectProperty,"('http://hl7.org/fhir/ResearchSubject.consent', 'ObjectProperty')"
http://hl7.org/fhir/ResearchSubject.identifier,http://hl7.org/fhir/,ResearchSubject.identifier,ObjectProperty,"('http://hl7.org/fhir/ResearchSubject.identifier', 'ObjectProperty')"
http://hl7.org/fhir/ResearchSubject.individual,http://hl7.org/fhir/,ResearchSubject.individual,ObjectProperty,"('http://hl7.org/fhir/ResearchSubject.individual', 'ObjectProperty')"
http://hl7.org/fhir/ResearchSubject.period,http://hl7.org/fhir/,ResearchSubject.period,ObjectProperty,"('http://hl7.org/fhir/ResearchSubject.period', 'ObjectProperty')"
http://hl7.org/fhir/ResearchSubject.status,http://hl7.org/fhir/,ResearchSubject.status,ObjectProperty,"('http://hl7.org/fhir/ResearchSubject.status', 'ObjectProperty')"
http://hl7.org/fhir/ResearchSubject.study,http://hl7.org/fhir/,ResearchSubject.study,ObjectProperty,"('http://hl7.org/fhir/ResearchSubject.study', 'ObjectProperty')"
http://hl7.org/fhir/Resource.id,http://hl7.org/fhir/,Resource.id,ObjectProperty,"('http://hl7.org/fhir/Resource.id', 'ObjectProperty')"
http://hl7.org/fhir/Resource.implicitRules,http://hl7.org/fhir/,Resource.implicitRules,ObjectProperty,"('http://hl7.org/fhir/Resource.implicitRules', 'ObjectProperty')"
http://hl7.org/fhir/Resource.language,http://hl7.org/fhir/,Resource.language,ObjectProperty,"('http://hl7.org/fhir/Resource.language', 'ObjectProperty')"
http://hl7.org/fhir/Resource.meta,http://hl7.org/fhir/,Resource.meta,ObjectProperty,"('http://hl7.org/fhir/Resource.meta', 'ObjectProperty')"
http://hl7.org/fhir/RiskAssessment.basedOn,http://hl7.org/fhir/,RiskAssessment.basedOn,ObjectProperty,"('http://hl7.org/fhir/RiskAssessment.basedOn', 'ObjectProperty')"
http://hl7.org/fhir/RiskAssessment.basis,http://hl7.org/fhir/,RiskAssessment.basis,ObjectProperty,"('http://hl7.org/fhir/RiskAssessment.basis', 'ObjectProperty')"
http://hl7.org/fhir/RiskAssessment.code,http://hl7.org/fhir/,RiskAssessment.code,ObjectProperty,"('http://hl7.org/fhir/RiskAssessment.code', 'ObjectProperty')"
http://hl7.org/fhir/RiskAssessment.comment,http://hl7.org/fhir/,RiskAssessment.comment,ObjectProperty,"('http://hl7.org/fhir/RiskAssessment.comment', 'ObjectProperty')"
http://hl7.org/fhir/RiskAssessment.condition,http://hl7.org/fhir/,RiskAssessment.condition,ObjectProperty,"('http://hl7.org/fhir/RiskAssessment.condition', 'ObjectProperty')"
http://hl7.org/fhir/RiskAssessment.context,http://hl7.org/fhir/,RiskAssessment.context,ObjectProperty,"('http://hl7.org/fhir/RiskAssessment.context', 'ObjectProperty')"
http://hl7.org/fhir/RiskAssessment.identifier,http://hl7.org/fhir/,RiskAssessment.identifier,ObjectProperty,"('http://hl7.org/fhir/RiskAssessment.identifier', 'ObjectProperty')"
http://hl7.org/fhir/RiskAssessment.method,http://hl7.org/fhir/,RiskAssessment.method,ObjectProperty,"('http://hl7.org/fhir/RiskAssessment.method', 'ObjectProperty')"
http://hl7.org/fhir/RiskAssessment.mitigation,http://hl7.org/fhir/,RiskAssessment.mitigation,ObjectProperty,"('http://hl7.org/fhir/RiskAssessment.mitigation', 'ObjectProperty')"
http://hl7.org/fhir/RiskAssessment.occurrence,http://hl7.org/fhir/,RiskAssessment.occurrence,ObjectProperty,"('http://hl7.org/fhir/RiskAssessment.occurrence', 'ObjectProperty')"
http://hl7.org/fhir/RiskAssessment.occurrenceDateTime,http://hl7.org/fhir/,RiskAssessment.occurrenceDateTime,ObjectProperty,"('http://hl7.org/fhir/RiskAssessment.occurrenceDateTime', 'ObjectProperty')"
http://hl7.org/fhir/RiskAssessment.occurrencePeriod,http://hl7.org/fhir/,RiskAssessment.occurrencePeriod,ObjectProperty,"('http://hl7.org/fhir/RiskAssessment.occurrencePeriod', 'ObjectProperty')"
http://hl7.org/fhir/RiskAssessment.parent,http://hl7.org/fhir/,RiskAssessment.parent,ObjectProperty,"('http://hl7.org/fhir/RiskAssessment.parent', 'ObjectProperty')"
http://hl7.org/fhir/RiskAssessment.performer,http://hl7.org/fhir/,RiskAssessment.performer,ObjectProperty,"('http://hl7.org/fhir/RiskAssessment.performer', 'ObjectProperty')"
http://hl7.org/fhir/RiskAssessment.prediction,http://hl7.org/fhir/,RiskAssessment.prediction,ObjectProperty,"('http://hl7.org/fhir/RiskAssessment.prediction', 'ObjectProperty')"
http://hl7.org/fhir/RiskAssessment.prediction.outcome,http://hl7.org/fhir/,RiskAssessment.prediction.outcome,ObjectProperty,"('http://hl7.org/fhir/RiskAssessment.prediction.outcome', 'ObjectProperty')"
http://hl7.org/fhir/RiskAssessment.prediction.probability,http://hl7.org/fhir/,RiskAssessment.prediction.probability,ObjectProperty,"('http://hl7.org/fhir/RiskAssessment.prediction.probability', 'ObjectProperty')"
http://hl7.org/fhir/RiskAssessment.prediction.probabilityDecimal,http://hl7.org/fhir/,RiskAssessment.prediction.probabilityDecimal,ObjectProperty,"('http://hl7.org/fhir/RiskAssessment.prediction.probabilityDecimal', 'ObjectProperty')"
http://hl7.org/fhir/RiskAssessment.prediction.probabilityRange,http://hl7.org/fhir/,RiskAssessment.prediction.probabilityRange,ObjectProperty,"('http://hl7.org/fhir/RiskAssessment.prediction.probabilityRange', 'ObjectProperty')"
http://hl7.org/fhir/RiskAssessment.prediction.qualitativeRisk,http://hl7.org/fhir/,RiskAssessment.prediction.qualitativeRisk,ObjectProperty,"('http://hl7.org/fhir/RiskAssessment.prediction.qualitativeRisk', 'ObjectProperty')"
http://hl7.org/fhir/RiskAssessment.prediction.rationale,http://hl7.org/fhir/,RiskAssessment.prediction.rationale,ObjectProperty,"('http://hl7.org/fhir/RiskAssessment.prediction.rationale', 'ObjectProperty')"
http://hl7.org/fhir/RiskAssessment.prediction.relativeRisk,http://hl7.org/fhir/,RiskAssessment.prediction.relativeRisk,ObjectProperty,"('http://hl7.org/fhir/RiskAssessment.prediction.relativeRisk', 'ObjectProperty')"
http://hl7.org/fhir/RiskAssessment.prediction.when,http://hl7.org/fhir/,RiskAssessment.prediction.when,ObjectProperty,"('http://hl7.org/fhir/RiskAssessment.prediction.when', 'ObjectProperty')"
http://hl7.org/fhir/RiskAssessment.prediction.whenPeriod,http://hl7.org/fhir/,RiskAssessment.prediction.whenPeriod,ObjectProperty,"('http://hl7.org/fhir/RiskAssessment.prediction.whenPeriod', 'ObjectProperty')"
http://hl7.org/fhir/RiskAssessment.prediction.whenRange,http://hl7.org/fhir/,RiskAssessment.prediction.whenRange,ObjectProperty,"('http://hl7.org/fhir/RiskAssessment.prediction.whenRange', 'ObjectProperty')"
http://hl7.org/fhir/RiskAssessment.reason,http://hl7.org/fhir/,RiskAssessment.reason,ObjectProperty,"('http://hl7.org/fhir/RiskAssessment.reason', 'ObjectProperty')"
http://hl7.org/fhir/RiskAssessment.reasonCodeableConcept,http://hl7.org/fhir/,RiskAssessment.reasonCodeableConcept,ObjectProperty,"('http://hl7.org/fhir/RiskAssessment.reasonCodeableConcept', 'ObjectProperty')"
http://hl7.org/fhir/RiskAssessment.reasonReference,http://hl7.org/fhir/,RiskAssessment.reasonReference,ObjectProperty,"('http://hl7.org/fhir/RiskAssessment.reasonReference', 'ObjectProperty')"
http://hl7.org/fhir/RiskAssessment.status,http://hl7.org/fhir/,RiskAssessment.status,ObjectProperty,"('http://hl7.org/fhir/RiskAssessment.status', 'ObjectProperty')"
http://hl7.org/fhir/RiskAssessment.subject,http://hl7.org/fhir/,RiskAssessment.subject,ObjectProperty,"('http://hl7.org/fhir/RiskAssessment.subject', 'ObjectProperty')"
http://hl7.org/fhir/SampledData.data,http://hl7.org/fhir/,SampledData.data,ObjectProperty,"('http://hl7.org/fhir/SampledData.data', 'ObjectProperty')"
http://hl7.org/fhir/SampledData.dimensions,http://hl7.org/fhir/,SampledData.dimensions,ObjectProperty,"('http://hl7.org/fhir/SampledData.dimensions', 'ObjectProperty')"
http://hl7.org/fhir/SampledData.factor,http://hl7.org/fhir/,SampledData.factor,ObjectProperty,"('http://hl7.org/fhir/SampledData.factor', 'ObjectProperty')"
http://hl7.org/fhir/SampledData.lowerLimit,http://hl7.org/fhir/,SampledData.lowerLimit,ObjectProperty,"('http://hl7.org/fhir/SampledData.lowerLimit', 'ObjectProperty')"
http://hl7.org/fhir/SampledData.origin,http://hl7.org/fhir/,SampledData.origin,ObjectProperty,"('http://hl7.org/fhir/SampledData.origin', 'ObjectProperty')"
http://hl7.org/fhir/SampledData.period,http://hl7.org/fhir/,SampledData.period,ObjectProperty,"('http://hl7.org/fhir/SampledData.period', 'ObjectProperty')"
http://hl7.org/fhir/SampledData.upperLimit,http://hl7.org/fhir/,SampledData.upperLimit,ObjectProperty,"('http://hl7.org/fhir/SampledData.upperLimit', 'ObjectProperty')"
http://hl7.org/fhir/Schedule.active,http://hl7.org/fhir/,Schedule.active,ObjectProperty,"('http://hl7.org/fhir/Schedule.active', 'ObjectProperty')"
http://hl7.org/fhir/Schedule.actor,http://hl7.org/fhir/,Schedule.actor,ObjectProperty,"('http://hl7.org/fhir/Schedule.actor', 'ObjectProperty')"
http://hl7.org/fhir/Schedule.comment,http://hl7.org/fhir/,Schedule.comment,ObjectProperty,"('http://hl7.org/fhir/Schedule.comment', 'ObjectProperty')"
http://hl7.org/fhir/Schedule.identifier,http://hl7.org/fhir/,Schedule.identifier,ObjectProperty,"('http://hl7.org/fhir/Schedule.identifier', 'ObjectProperty')"
http://hl7.org/fhir/Schedule.planningHorizon,http://hl7.org/fhir/,Schedule.planningHorizon,ObjectProperty,"('http://hl7.org/fhir/Schedule.planningHorizon', 'ObjectProperty')"
http://hl7.org/fhir/Schedule.serviceCategory,http://hl7.org/fhir/,Schedule.serviceCategory,ObjectProperty,"('http://hl7.org/fhir/Schedule.serviceCategory', 'ObjectProperty')"
http://hl7.org/fhir/Schedule.serviceType,http://hl7.org/fhir/,Schedule.serviceType,ObjectProperty,"('http://hl7.org/fhir/Schedule.serviceType', 'ObjectProperty')"
http://hl7.org/fhir/Schedule.specialty,http://hl7.org/fhir/,Schedule.specialty,ObjectProperty,"('http://hl7.org/fhir/Schedule.specialty', 'ObjectProperty')"
http://hl7.org/fhir/SearchParameter.base,http://hl7.org/fhir/,SearchParameter.base,ObjectProperty,"('http://hl7.org/fhir/SearchParameter.base', 'ObjectProperty')"
http://hl7.org/fhir/SearchParameter.chain,http://hl7.org/fhir/,SearchParameter.chain,ObjectProperty,"('http://hl7.org/fhir/SearchParameter.chain', 'ObjectProperty')"
http://hl7.org/fhir/SearchParameter.code,http://hl7.org/fhir/,SearchParameter.code,ObjectProperty,"('http://hl7.org/fhir/SearchParameter.code', 'ObjectProperty')"
http://hl7.org/fhir/SearchParameter.comparator,http://hl7.org/fhir/,SearchParameter.comparator,ObjectProperty,"('http://hl7.org/fhir/SearchParameter.comparator', 'ObjectProperty')"
http://hl7.org/fhir/SearchParameter.component,http://hl7.org/fhir/,SearchParameter.component,ObjectProperty,"('http://hl7.org/fhir/SearchParameter.component', 'ObjectProperty')"
http://hl7.org/fhir/SearchParameter.component.definition,http://hl7.org/fhir/,SearchParameter.component.definition,ObjectProperty,"('http://hl7.org/fhir/SearchParameter.component.definition', 'ObjectProperty')"
http://hl7.org/fhir/SearchParameter.component.expression,http://hl7.org/fhir/,SearchParameter.component.expression,ObjectProperty,"('http://hl7.org/fhir/SearchParameter.component.expression', 'ObjectProperty')"
http://hl7.org/fhir/SearchParameter.contact,http://hl7.org/fhir/,SearchParameter.contact,ObjectProperty,"('http://hl7.org/fhir/SearchParameter.contact', 'ObjectProperty')"
http://hl7.org/fhir/SearchParameter.date,http://hl7.org/fhir/,SearchParameter.date,ObjectProperty,"('http://hl7.org/fhir/SearchParameter.date', 'ObjectProperty')"
http://hl7.org/fhir/SearchParameter.derivedFrom,http://hl7.org/fhir/,SearchParameter.derivedFrom,ObjectProperty,"('http://hl7.org/fhir/SearchParameter.derivedFrom', 'ObjectProperty')"
http://hl7.org/fhir/SearchParameter.description,http://hl7.org/fhir/,SearchParameter.description,ObjectProperty,"('http://hl7.org/fhir/SearchParameter.description', 'ObjectProperty')"
http://hl7.org/fhir/SearchParameter.experimental,http://hl7.org/fhir/,SearchParameter.experimental,ObjectProperty,"('http://hl7.org/fhir/SearchParameter.experimental', 'ObjectProperty')"
http://hl7.org/fhir/SearchParameter.expression,http://hl7.org/fhir/,SearchParameter.expression,ObjectProperty,"('http://hl7.org/fhir/SearchParameter.expression', 'ObjectProperty')"
http://hl7.org/fhir/SearchParameter.jurisdiction,http://hl7.org/fhir/,SearchParameter.jurisdiction,ObjectProperty,"('http://hl7.org/fhir/SearchParameter.jurisdiction', 'ObjectProperty')"
http://hl7.org/fhir/SearchParameter.modifier,http://hl7.org/fhir/,SearchParameter.modifier,ObjectProperty,"('http://hl7.org/fhir/SearchParameter.modifier', 'ObjectProperty')"
http://hl7.org/fhir/SearchParameter.name,http://hl7.org/fhir/,SearchParameter.name,ObjectProperty,"('http://hl7.org/fhir/SearchParameter.name', 'ObjectProperty')"
http://hl7.org/fhir/SearchParameter.publisher,http://hl7.org/fhir/,SearchParameter.publisher,ObjectProperty,"('http://hl7.org/fhir/SearchParameter.publisher', 'ObjectProperty')"
http://hl7.org/fhir/SearchParameter.purpose,http://hl7.org/fhir/,SearchParameter.purpose,ObjectProperty,"('http://hl7.org/fhir/SearchParameter.purpose', 'ObjectProperty')"
http://hl7.org/fhir/SearchParameter.status,http://hl7.org/fhir/,SearchParameter.status,ObjectProperty,"('http://hl7.org/fhir/SearchParameter.status', 'ObjectProperty')"
http://hl7.org/fhir/SearchParameter.target,http://hl7.org/fhir/,SearchParameter.target,ObjectProperty,"('http://hl7.org/fhir/SearchParameter.target', 'ObjectProperty')"
http://hl7.org/fhir/SearchParameter.type,http://hl7.org/fhir/,SearchParameter.type,ObjectProperty,"('http://hl7.org/fhir/SearchParameter.type', 'ObjectProperty')"
http://hl7.org/fhir/SearchParameter.url,http://hl7.org/fhir/,SearchParameter.url,ObjectProperty,"('http://hl7.org/fhir/SearchParameter.url', 'ObjectProperty')"
http://hl7.org/fhir/SearchParameter.useContext,http://hl7.org/fhir/,SearchParameter.useContext,ObjectProperty,"('http://hl7.org/fhir/SearchParameter.useContext', 'ObjectProperty')"
http://hl7.org/fhir/SearchParameter.version,http://hl7.org/fhir/,SearchParameter.version,ObjectProperty,"('http://hl7.org/fhir/SearchParameter.version', 'ObjectProperty')"
http://hl7.org/fhir/SearchParameter.xpath,http://hl7.org/fhir/,SearchParameter.xpath,ObjectProperty,"('http://hl7.org/fhir/SearchParameter.xpath', 'ObjectProperty')"
http://hl7.org/fhir/SearchParameter.xpathUsage,http://hl7.org/fhir/,SearchParameter.xpathUsage,ObjectProperty,"('http://hl7.org/fhir/SearchParameter.xpathUsage', 'ObjectProperty')"
http://hl7.org/fhir/Sequence.coordinateSystem,http://hl7.org/fhir/,Sequence.coordinateSystem,ObjectProperty,"('http://hl7.org/fhir/Sequence.coordinateSystem', 'ObjectProperty')"
http://hl7.org/fhir/Sequence.device,http://hl7.org/fhir/,Sequence.device,ObjectProperty,"('http://hl7.org/fhir/Sequence.device', 'ObjectProperty')"
http://hl7.org/fhir/Sequence.identifier,http://hl7.org/fhir/,Sequence.identifier,ObjectProperty,"('http://hl7.org/fhir/Sequence.identifier', 'ObjectProperty')"
http://hl7.org/fhir/Sequence.observedSeq,http://hl7.org/fhir/,Sequence.observedSeq,ObjectProperty,"('http://hl7.org/fhir/Sequence.observedSeq', 'ObjectProperty')"
http://hl7.org/fhir/Sequence.patient,http://hl7.org/fhir/,Sequence.patient,ObjectProperty,"('http://hl7.org/fhir/Sequence.patient', 'ObjectProperty')"
http://hl7.org/fhir/Sequence.performer,http://hl7.org/fhir/,Sequence.performer,ObjectProperty,"('http://hl7.org/fhir/Sequence.performer', 'ObjectProperty')"
http://hl7.org/fhir/Sequence.pointer,http://hl7.org/fhir/,Sequence.pointer,ObjectProperty,"('http://hl7.org/fhir/Sequence.pointer', 'ObjectProperty')"
http://hl7.org/fhir/Sequence.quality,http://hl7.org/fhir/,Sequence.quality,ObjectProperty,"('http://hl7.org/fhir/Sequence.quality', 'ObjectProperty')"
http://hl7.org/fhir/Sequence.quality.end,http://hl7.org/fhir/,Sequence.quality.end,ObjectProperty,"('http://hl7.org/fhir/Sequence.quality.end', 'ObjectProperty')"
http://hl7.org/fhir/Sequence.quality.fScore,http://hl7.org/fhir/,Sequence.quality.fScore,ObjectProperty,"('http://hl7.org/fhir/Sequence.quality.fScore', 'ObjectProperty')"
http://hl7.org/fhir/Sequence.quality.gtFP,http://hl7.org/fhir/,Sequence.quality.gtFP,ObjectProperty,"('http://hl7.org/fhir/Sequence.quality.gtFP', 'ObjectProperty')"
http://hl7.org/fhir/Sequence.quality.method,http://hl7.org/fhir/,Sequence.quality.method,ObjectProperty,"('http://hl7.org/fhir/Sequence.quality.method', 'ObjectProperty')"
http://hl7.org/fhir/Sequence.quality.precision,http://hl7.org/fhir/,Sequence.quality.precision,ObjectProperty,"('http://hl7.org/fhir/Sequence.quality.precision', 'ObjectProperty')"
http://hl7.org/fhir/Sequence.quality.queryFP,http://hl7.org/fhir/,Sequence.quality.queryFP,ObjectProperty,"('http://hl7.org/fhir/Sequence.quality.queryFP', 'ObjectProperty')"
http://hl7.org/fhir/Sequence.quality.queryTP,http://hl7.org/fhir/,Sequence.quality.queryTP,ObjectProperty,"('http://hl7.org/fhir/Sequence.quality.queryTP', 'ObjectProperty')"
http://hl7.org/fhir/Sequence.quality.recall,http://hl7.org/fhir/,Sequence.quality.recall,ObjectProperty,"('http://hl7.org/fhir/Sequence.quality.recall', 'ObjectProperty')"
http://hl7.org/fhir/Sequence.quality.score,http://hl7.org/fhir/,Sequence.quality.score,ObjectProperty,"('http://hl7.org/fhir/Sequence.quality.score', 'ObjectProperty')"
http://hl7.org/fhir/Sequence.quality.standardSequence,http://hl7.org/fhir/,Sequence.quality.standardSequence,ObjectProperty,"('http://hl7.org/fhir/Sequence.quality.standardSequence', 'ObjectProperty')"
http://hl7.org/fhir/Sequence.quality.start,http://hl7.org/fhir/,Sequence.quality.start,ObjectProperty,"('http://hl7.org/fhir/Sequence.quality.start', 'ObjectProperty')"
http://hl7.org/fhir/Sequence.quality.truthFN,http://hl7.org/fhir/,Sequence.quality.truthFN,ObjectProperty,"('http://hl7.org/fhir/Sequence.quality.truthFN', 'ObjectProperty')"
http://hl7.org/fhir/Sequence.quality.truthTP,http://hl7.org/fhir/,Sequence.quality.truthTP,ObjectProperty,"('http://hl7.org/fhir/Sequence.quality.truthTP', 'ObjectProperty')"
http://hl7.org/fhir/Sequence.quality.type,http://hl7.org/fhir/,Sequence.quality.type,ObjectProperty,"('http://hl7.org/fhir/Sequence.quality.type', 'ObjectProperty')"
http://hl7.org/fhir/Sequence.quantity,http://hl7.org/fhir/,Sequence.quantity,ObjectProperty,"('http://hl7.org/fhir/Sequence.quantity', 'ObjectProperty')"
http://hl7.org/fhir/Sequence.readCoverage,http://hl7.org/fhir/,Sequence.readCoverage,ObjectProperty,"('http://hl7.org/fhir/Sequence.readCoverage', 'ObjectProperty')"
http://hl7.org/fhir/Sequence.referenceSeq,http://hl7.org/fhir/,Sequence.referenceSeq,ObjectProperty,"('http://hl7.org/fhir/Sequence.referenceSeq', 'ObjectProperty')"
http://hl7.org/fhir/Sequence.referenceSeq.chromosome,http://hl7.org/fhir/,Sequence.referenceSeq.chromosome,ObjectProperty,"('http://hl7.org/fhir/Sequence.referenceSeq.chromosome', 'ObjectProperty')"
http://hl7.org/fhir/Sequence.referenceSeq.genomeBuild,http://hl7.org/fhir/,Sequence.referenceSeq.genomeBuild,ObjectProperty,"('http://hl7.org/fhir/Sequence.referenceSeq.genomeBuild', 'ObjectProperty')"
http://hl7.org/fhir/Sequence.referenceSeq.referenceSeqId,http://hl7.org/fhir/,Sequence.referenceSeq.referenceSeqId,ObjectProperty,"('http://hl7.org/fhir/Sequence.referenceSeq.referenceSeqId', 'ObjectProperty')"
http://hl7.org/fhir/Sequence.referenceSeq.referenceSeqPointer,http://hl7.org/fhir/,Sequence.referenceSeq.referenceSeqPointer,ObjectProperty,"('http://hl7.org/fhir/Sequence.referenceSeq.referenceSeqPointer', 'ObjectProperty')"
http://hl7.org/fhir/Sequence.referenceSeq.referenceSeqString,http://hl7.org/fhir/,Sequence.referenceSeq.referenceSeqString,ObjectProperty,"('http://hl7.org/fhir/Sequence.referenceSeq.referenceSeqString', 'ObjectProperty')"
http://hl7.org/fhir/Sequence.referenceSeq.strand,http://hl7.org/fhir/,Sequence.referenceSeq.strand,ObjectProperty,"('http://hl7.org/fhir/Sequence.referenceSeq.strand', 'ObjectProperty')"
http://hl7.org/fhir/Sequence.referenceSeq.windowEnd,http://hl7.org/fhir/,Sequence.referenceSeq.windowEnd,ObjectProperty,"('http://hl7.org/fhir/Sequence.referenceSeq.windowEnd', 'ObjectProperty')"
http://hl7.org/fhir/Sequence.referenceSeq.windowStart,http://hl7.org/fhir/,Sequence.referenceSeq.windowStart,ObjectProperty,"('http://hl7.org/fhir/Sequence.referenceSeq.windowStart', 'ObjectProperty')"
http://hl7.org/fhir/Sequence.repository,http://hl7.org/fhir/,Sequence.repository,ObjectProperty,"('http://hl7.org/fhir/Sequence.repository', 'ObjectProperty')"
http://hl7.org/fhir/Sequence.repository.datasetId,http://hl7.org/fhir/,Sequence.repository.datasetId,ObjectProperty,"('http://hl7.org/fhir/Sequence.repository.datasetId', 'ObjectProperty')"
http://hl7.org/fhir/Sequence.repository.name,http://hl7.org/fhir/,Sequence.repository.name,ObjectProperty,"('http://hl7.org/fhir/Sequence.repository.name', 'ObjectProperty')"
http://hl7.org/fhir/Sequence.repository.readsetId,http://hl7.org/fhir/,Sequence.repository.readsetId,ObjectProperty,"('http://hl7.org/fhir/Sequence.repository.readsetId', 'ObjectProperty')"
http://hl7.org/fhir/Sequence.repository.type,http://hl7.org/fhir/,Sequence.repository.type,ObjectProperty,"('http://hl7.org/fhir/Sequence.repository.type', 'ObjectProperty')"
http://hl7.org/fhir/Sequence.repository.url,http://hl7.org/fhir/,Sequence.repository.url,ObjectProperty,"('http://hl7.org/fhir/Sequence.repository.url', 'ObjectProperty')"
http://hl7.org/fhir/Sequence.repository.variantsetId,http://hl7.org/fhir/,Sequence.repository.variantsetId,ObjectProperty,"('http://hl7.org/fhir/Sequence.repository.variantsetId', 'ObjectProperty')"
http://hl7.org/fhir/Sequence.specimen,http://hl7.org/fhir/,Sequence.specimen,ObjectProperty,"('http://hl7.org/fhir/Sequence.specimen', 'ObjectProperty')"
http://hl7.org/fhir/Sequence.type,http://hl7.org/fhir/,Sequence.type,ObjectProperty,"('http://hl7.org/fhir/Sequence.type', 'ObjectProperty')"
http://hl7.org/fhir/Sequence.variant,http://hl7.org/fhir/,Sequence.variant,ObjectProperty,"('http://hl7.org/fhir/Sequence.variant', 'ObjectProperty')"
http://hl7.org/fhir/Sequence.variant.cigar,http://hl7.org/fhir/,Sequence.variant.cigar,ObjectProperty,"('http://hl7.org/fhir/Sequence.variant.cigar', 'ObjectProperty')"
http://hl7.org/fhir/Sequence.variant.end,http://hl7.org/fhir/,Sequence.variant.end,ObjectProperty,"('http://hl7.org/fhir/Sequence.variant.end', 'ObjectProperty')"
http://hl7.org/fhir/Sequence.variant.observedAllele,http://hl7.org/fhir/,Sequence.variant.observedAllele,ObjectProperty,"('http://hl7.org/fhir/Sequence.variant.observedAllele', 'ObjectProperty')"
http://hl7.org/fhir/Sequence.variant.referenceAllele,http://hl7.org/fhir/,Sequence.variant.referenceAllele,ObjectProperty,"('http://hl7.org/fhir/Sequence.variant.referenceAllele', 'ObjectProperty')"
http://hl7.org/fhir/Sequence.variant.start,http://hl7.org/fhir/,Sequence.variant.start,ObjectProperty,"('http://hl7.org/fhir/Sequence.variant.start', 'ObjectProperty')"
http://hl7.org/fhir/Sequence.variant.variantPointer,http://hl7.org/fhir/,Sequence.variant.variantPointer,ObjectProperty,"('http://hl7.org/fhir/Sequence.variant.variantPointer', 'ObjectProperty')"
http://hl7.org/fhir/ServiceDefinition.approvalDate,http://hl7.org/fhir/,ServiceDefinition.approvalDate,ObjectProperty,"('http://hl7.org/fhir/ServiceDefinition.approvalDate', 'ObjectProperty')"
http://hl7.org/fhir/ServiceDefinition.contact,http://hl7.org/fhir/,ServiceDefinition.contact,ObjectProperty,"('http://hl7.org/fhir/ServiceDefinition.contact', 'ObjectProperty')"
http://hl7.org/fhir/ServiceDefinition.contributor,http://hl7.org/fhir/,ServiceDefinition.contributor,ObjectProperty,"('http://hl7.org/fhir/ServiceDefinition.contributor', 'ObjectProperty')"
http://hl7.org/fhir/ServiceDefinition.copyright,http://hl7.org/fhir/,ServiceDefinition.copyright,ObjectProperty,"('http://hl7.org/fhir/ServiceDefinition.copyright', 'ObjectProperty')"
http://hl7.org/fhir/ServiceDefinition.dataRequirement,http://hl7.org/fhir/,ServiceDefinition.dataRequirement,ObjectProperty,"('http://hl7.org/fhir/ServiceDefinition.dataRequirement', 'ObjectProperty')"
http://hl7.org/fhir/ServiceDefinition.date,http://hl7.org/fhir/,ServiceDefinition.date,ObjectProperty,"('http://hl7.org/fhir/ServiceDefinition.date', 'ObjectProperty')"
http://hl7.org/fhir/ServiceDefinition.description,http://hl7.org/fhir/,ServiceDefinition.description,ObjectProperty,"('http://hl7.org/fhir/ServiceDefinition.description', 'ObjectProperty')"
http://hl7.org/fhir/ServiceDefinition.effectivePeriod,http://hl7.org/fhir/,ServiceDefinition.effectivePeriod,ObjectProperty,"('http://hl7.org/fhir/ServiceDefinition.effectivePeriod', 'ObjectProperty')"
http://hl7.org/fhir/ServiceDefinition.experimental,http://hl7.org/fhir/,ServiceDefinition.experimental,ObjectProperty,"('http://hl7.org/fhir/ServiceDefinition.experimental', 'ObjectProperty')"
http://hl7.org/fhir/ServiceDefinition.identifier,http://hl7.org/fhir/,ServiceDefinition.identifier,ObjectProperty,"('http://hl7.org/fhir/ServiceDefinition.identifier', 'ObjectProperty')"
http://hl7.org/fhir/ServiceDefinition.jurisdiction,http://hl7.org/fhir/,ServiceDefinition.jurisdiction,ObjectProperty,"('http://hl7.org/fhir/ServiceDefinition.jurisdiction', 'ObjectProperty')"
http://hl7.org/fhir/ServiceDefinition.lastReviewDate,http://hl7.org/fhir/,ServiceDefinition.lastReviewDate,ObjectProperty,"('http://hl7.org/fhir/ServiceDefinition.lastReviewDate', 'ObjectProperty')"
http://hl7.org/fhir/ServiceDefinition.name,http://hl7.org/fhir/,ServiceDefinition.name,ObjectProperty,"('http://hl7.org/fhir/ServiceDefinition.name', 'ObjectProperty')"
http://hl7.org/fhir/ServiceDefinition.operationDefinition,http://hl7.org/fhir/,ServiceDefinition.operationDefinition,ObjectProperty,"('http://hl7.org/fhir/ServiceDefinition.operationDefinition', 'ObjectProperty')"
http://hl7.org/fhir/ServiceDefinition.publisher,http://hl7.org/fhir/,ServiceDefinition.publisher,ObjectProperty,"('http://hl7.org/fhir/ServiceDefinition.publisher', 'ObjectProperty')"
http://hl7.org/fhir/ServiceDefinition.purpose,http://hl7.org/fhir/,ServiceDefinition.purpose,ObjectProperty,"('http://hl7.org/fhir/ServiceDefinition.purpose', 'ObjectProperty')"
http://hl7.org/fhir/ServiceDefinition.relatedArtifact,http://hl7.org/fhir/,ServiceDefinition.relatedArtifact,ObjectProperty,"('http://hl7.org/fhir/ServiceDefinition.relatedArtifact', 'ObjectProperty')"
http://hl7.org/fhir/ServiceDefinition.status,http://hl7.org/fhir/,ServiceDefinition.status,ObjectProperty,"('http://hl7.org/fhir/ServiceDefinition.status', 'ObjectProperty')"
http://hl7.org/fhir/ServiceDefinition.title,http://hl7.org/fhir/,ServiceDefinition.title,ObjectProperty,"('http://hl7.org/fhir/ServiceDefinition.title', 'ObjectProperty')"
http://hl7.org/fhir/ServiceDefinition.topic,http://hl7.org/fhir/,ServiceDefinition.topic,ObjectProperty,"('http://hl7.org/fhir/ServiceDefinition.topic', 'ObjectProperty')"
http://hl7.org/fhir/ServiceDefinition.trigger,http://hl7.org/fhir/,ServiceDefinition.trigger,ObjectProperty,"('http://hl7.org/fhir/ServiceDefinition.trigger', 'ObjectProperty')"
http://hl7.org/fhir/ServiceDefinition.url,http://hl7.org/fhir/,ServiceDefinition.url,ObjectProperty,"('http://hl7.org/fhir/ServiceDefinition.url', 'ObjectProperty')"
http://hl7.org/fhir/ServiceDefinition.usage,http://hl7.org/fhir/,ServiceDefinition.usage,ObjectProperty,"('http://hl7.org/fhir/ServiceDefinition.usage', 'ObjectProperty')"
http://hl7.org/fhir/ServiceDefinition.useContext,http://hl7.org/fhir/,ServiceDefinition.useContext,ObjectProperty,"('http://hl7.org/fhir/ServiceDefinition.useContext', 'ObjectProperty')"
http://hl7.org/fhir/ServiceDefinition.version,http://hl7.org/fhir/,ServiceDefinition.version,ObjectProperty,"('http://hl7.org/fhir/ServiceDefinition.version', 'ObjectProperty')"
http://hl7.org/fhir/Signature.blob,http://hl7.org/fhir/,Signature.blob,ObjectProperty,"('http://hl7.org/fhir/Signature.blob', 'ObjectProperty')"
http://hl7.org/fhir/Signature.contentType,http://hl7.org/fhir/,Signature.contentType,ObjectProperty,"('http://hl7.org/fhir/Signature.contentType', 'ObjectProperty')"
http://hl7.org/fhir/Signature.onBehalfOf,http://hl7.org/fhir/,Signature.onBehalfOf,ObjectProperty,"('http://hl7.org/fhir/Signature.onBehalfOf', 'ObjectProperty')"
http://hl7.org/fhir/Signature.onBehalfOfReference,http://hl7.org/fhir/,Signature.onBehalfOfReference,ObjectProperty,"('http://hl7.org/fhir/Signature.onBehalfOfReference', 'ObjectProperty')"
http://hl7.org/fhir/Signature.onBehalfOfUri,http://hl7.org/fhir/,Signature.onBehalfOfUri,ObjectProperty,"('http://hl7.org/fhir/Signature.onBehalfOfUri', 'ObjectProperty')"
http://hl7.org/fhir/Signature.type,http://hl7.org/fhir/,Signature.type,ObjectProperty,"('http://hl7.org/fhir/Signature.type', 'ObjectProperty')"
http://hl7.org/fhir/Signature.when,http://hl7.org/fhir/,Signature.when,ObjectProperty,"('http://hl7.org/fhir/Signature.when', 'ObjectProperty')"
http://hl7.org/fhir/Signature.who,http://hl7.org/fhir/,Signature.who,ObjectProperty,"('http://hl7.org/fhir/Signature.who', 'ObjectProperty')"
http://hl7.org/fhir/Signature.whoReference,http://hl7.org/fhir/,Signature.whoReference,ObjectProperty,"('http://hl7.org/fhir/Signature.whoReference', 'ObjectProperty')"
http://hl7.org/fhir/Signature.whoUri,http://hl7.org/fhir/,Signature.whoUri,ObjectProperty,"('http://hl7.org/fhir/Signature.whoUri', 'ObjectProperty')"
http://hl7.org/fhir/Slot.appointmentType,http://hl7.org/fhir/,Slot.appointmentType,ObjectProperty,"('http://hl7.org/fhir/Slot.appointmentType', 'ObjectProperty')"
http://hl7.org/fhir/Slot.comment,http://hl7.org/fhir/,Slot.comment,ObjectProperty,"('http://hl7.org/fhir/Slot.comment', 'ObjectProperty')"
http://hl7.org/fhir/Slot.end,http://hl7.org/fhir/,Slot.end,ObjectProperty,"('http://hl7.org/fhir/Slot.end', 'ObjectProperty')"
http://hl7.org/fhir/Slot.identifier,http://hl7.org/fhir/,Slot.identifier,ObjectProperty,"('http://hl7.org/fhir/Slot.identifier', 'ObjectProperty')"
http://hl7.org/fhir/Slot.overbooked,http://hl7.org/fhir/,Slot.overbooked,ObjectProperty,"('http://hl7.org/fhir/Slot.overbooked', 'ObjectProperty')"
http://hl7.org/fhir/Slot.schedule,http://hl7.org/fhir/,Slot.schedule,ObjectProperty,"('http://hl7.org/fhir/Slot.schedule', 'ObjectProperty')"
http://hl7.org/fhir/Slot.serviceCategory,http://hl7.org/fhir/,Slot.serviceCategory,ObjectProperty,"('http://hl7.org/fhir/Slot.serviceCategory', 'ObjectProperty')"
http://hl7.org/fhir/Slot.serviceType,http://hl7.org/fhir/,Slot.serviceType,ObjectProperty,"('http://hl7.org/fhir/Slot.serviceType', 'ObjectProperty')"
http://hl7.org/fhir/Slot.specialty,http://hl7.org/fhir/,Slot.specialty,ObjectProperty,"('http://hl7.org/fhir/Slot.specialty', 'ObjectProperty')"
http://hl7.org/fhir/Slot.start,http://hl7.org/fhir/,Slot.start,ObjectProperty,"('http://hl7.org/fhir/Slot.start', 'ObjectProperty')"
http://hl7.org/fhir/Slot.status,http://hl7.org/fhir/,Slot.status,ObjectProperty,"('http://hl7.org/fhir/Slot.status', 'ObjectProperty')"
http://hl7.org/fhir/Specimen.accessionIdentifier,http://hl7.org/fhir/,Specimen.accessionIdentifier,ObjectProperty,"('http://hl7.org/fhir/Specimen.accessionIdentifier', 'ObjectProperty')"
http://hl7.org/fhir/Specimen.collection,http://hl7.org/fhir/,Specimen.collection,ObjectProperty,"('http://hl7.org/fhir/Specimen.collection', 'ObjectProperty')"
http://hl7.org/fhir/Specimen.collection.bodySite,http://hl7.org/fhir/,Specimen.collection.bodySite,ObjectProperty,"('http://hl7.org/fhir/Specimen.collection.bodySite', 'ObjectProperty')"
http://hl7.org/fhir/Specimen.collection.collected,http://hl7.org/fhir/,Specimen.collection.collected,ObjectProperty,"('http://hl7.org/fhir/Specimen.collection.collected', 'ObjectProperty')"
http://hl7.org/fhir/Specimen.collection.collectedDateTime,http://hl7.org/fhir/,Specimen.collection.collectedDateTime,ObjectProperty,"('http://hl7.org/fhir/Specimen.collection.collectedDateTime', 'ObjectProperty')"
http://hl7.org/fhir/Specimen.collection.collectedPeriod,http://hl7.org/fhir/,Specimen.collection.collectedPeriod,ObjectProperty,"('http://hl7.org/fhir/Specimen.collection.collectedPeriod', 'ObjectProperty')"
http://hl7.org/fhir/Specimen.collection.collector,http://hl7.org/fhir/,Specimen.collection.collector,ObjectProperty,"('http://hl7.org/fhir/Specimen.collection.collector', 'ObjectProperty')"
http://hl7.org/fhir/Specimen.collection.method,http://hl7.org/fhir/,Specimen.collection.method,ObjectProperty,"('http://hl7.org/fhir/Specimen.collection.method', 'ObjectProperty')"
http://hl7.org/fhir/Specimen.collection.quantity,http://hl7.org/fhir/,Specimen.collection.quantity,ObjectProperty,"('http://hl7.org/fhir/Specimen.collection.quantity', 'ObjectProperty')"
http://hl7.org/fhir/Specimen.container,http://hl7.org/fhir/,Specimen.container,ObjectProperty,"('http://hl7.org/fhir/Specimen.container', 'ObjectProperty')"
http://hl7.org/fhir/Specimen.container.additive,http://hl7.org/fhir/,Specimen.container.additive,ObjectProperty,"('http://hl7.org/fhir/Specimen.container.additive', 'ObjectProperty')"
http://hl7.org/fhir/Specimen.container.additiveCodeableConcept,http://hl7.org/fhir/,Specimen.container.additiveCodeableConcept,ObjectProperty,"('http://hl7.org/fhir/Specimen.container.additiveCodeableConcept', 'ObjectProperty')"
http://hl7.org/fhir/Specimen.container.additiveReference,http://hl7.org/fhir/,Specimen.container.additiveReference,ObjectProperty,"('http://hl7.org/fhir/Specimen.container.additiveReference', 'ObjectProperty')"
http://hl7.org/fhir/Specimen.container.capacity,http://hl7.org/fhir/,Specimen.container.capacity,ObjectProperty,"('http://hl7.org/fhir/Specimen.container.capacity', 'ObjectProperty')"
http://hl7.org/fhir/Specimen.container.description,http://hl7.org/fhir/,Specimen.container.description,ObjectProperty,"('http://hl7.org/fhir/Specimen.container.description', 'ObjectProperty')"
http://hl7.org/fhir/Specimen.container.identifier,http://hl7.org/fhir/,Specimen.container.identifier,ObjectProperty,"('http://hl7.org/fhir/Specimen.container.identifier', 'ObjectProperty')"
http://hl7.org/fhir/Specimen.container.specimenQuantity,http://hl7.org/fhir/,Specimen.container.specimenQuantity,ObjectProperty,"('http://hl7.org/fhir/Specimen.container.specimenQuantity', 'ObjectProperty')"
http://hl7.org/fhir/Specimen.container.type,http://hl7.org/fhir/,Specimen.container.type,ObjectProperty,"('http://hl7.org/fhir/Specimen.container.type', 'ObjectProperty')"
http://hl7.org/fhir/Specimen.identifier,http://hl7.org/fhir/,Specimen.identifier,ObjectProperty,"('http://hl7.org/fhir/Specimen.identifier', 'ObjectProperty')"
http://hl7.org/fhir/Specimen.note,http://hl7.org/fhir/,Specimen.note,ObjectProperty,"('http://hl7.org/fhir/Specimen.note', 'ObjectProperty')"
http://hl7.org/fhir/Specimen.parent,http://hl7.org/fhir/,Specimen.parent,ObjectProperty,"('http://hl7.org/fhir/Specimen.parent', 'ObjectProperty')"
http://hl7.org/fhir/Specimen.processing,http://hl7.org/fhir/,Specimen.processing,ObjectProperty,"('http://hl7.org/fhir/Specimen.processing', 'ObjectProperty')"
http://hl7.org/fhir/Specimen.processing.additive,http://hl7.org/fhir/,Specimen.processing.additive,ObjectProperty,"('http://hl7.org/fhir/Specimen.processing.additive', 'ObjectProperty')"
http://hl7.org/fhir/Specimen.processing.description,http://hl7.org/fhir/,Specimen.processing.description,ObjectProperty,"('http://hl7.org/fhir/Specimen.processing.description', 'ObjectProperty')"
http://hl7.org/fhir/Specimen.processing.procedure,http://hl7.org/fhir/,Specimen.processing.procedure,ObjectProperty,"('http://hl7.org/fhir/Specimen.processing.procedure', 'ObjectProperty')"
http://hl7.org/fhir/Specimen.processing.time,http://hl7.org/fhir/,Specimen.processing.time,ObjectProperty,"('http://hl7.org/fhir/Specimen.processing.time', 'ObjectProperty')"
http://hl7.org/fhir/Specimen.processing.timeDateTime,http://hl7.org/fhir/,Specimen.processing.timeDateTime,ObjectProperty,"('http://hl7.org/fhir/Specimen.processing.timeDateTime', 'ObjectProperty')"
http://hl7.org/fhir/Specimen.processing.timePeriod,http://hl7.org/fhir/,Specimen.processing.timePeriod,ObjectProperty,"('http://hl7.org/fhir/Specimen.processing.timePeriod', 'ObjectProperty')"
http://hl7.org/fhir/Specimen.receivedTime,http://hl7.org/fhir/,Specimen.receivedTime,ObjectProperty,"('http://hl7.org/fhir/Specimen.receivedTime', 'ObjectProperty')"
http://hl7.org/fhir/Specimen.request,http://hl7.org/fhir/,Specimen.request,ObjectProperty,"('http://hl7.org/fhir/Specimen.request', 'ObjectProperty')"
http://hl7.org/fhir/Specimen.status,http://hl7.org/fhir/,Specimen.status,ObjectProperty,"('http://hl7.org/fhir/Specimen.status', 'ObjectProperty')"
http://hl7.org/fhir/Specimen.subject,http://hl7.org/fhir/,Specimen.subject,ObjectProperty,"('http://hl7.org/fhir/Specimen.subject', 'ObjectProperty')"
http://hl7.org/fhir/Specimen.type,http://hl7.org/fhir/,Specimen.type,ObjectProperty,"('http://hl7.org/fhir/Specimen.type', 'ObjectProperty')"
http://hl7.org/fhir/StructureDefinition.abstract,http://hl7.org/fhir/,StructureDefinition.abstract,ObjectProperty,"('http://hl7.org/fhir/StructureDefinition.abstract', 'ObjectProperty')"
http://hl7.org/fhir/StructureDefinition.baseDefinition,http://hl7.org/fhir/,StructureDefinition.baseDefinition,ObjectProperty,"('http://hl7.org/fhir/StructureDefinition.baseDefinition', 'ObjectProperty')"
http://hl7.org/fhir/StructureDefinition.contact,http://hl7.org/fhir/,StructureDefinition.contact,ObjectProperty,"('http://hl7.org/fhir/StructureDefinition.contact', 'ObjectProperty')"
http://hl7.org/fhir/StructureDefinition.context,http://hl7.org/fhir/,StructureDefinition.context,ObjectProperty,"('http://hl7.org/fhir/StructureDefinition.context', 'ObjectProperty')"
http://hl7.org/fhir/StructureDefinition.contextInvariant,http://hl7.org/fhir/,StructureDefinition.contextInvariant,ObjectProperty,"('http://hl7.org/fhir/StructureDefinition.contextInvariant', 'ObjectProperty')"
http://hl7.org/fhir/StructureDefinition.contextType,http://hl7.org/fhir/,StructureDefinition.contextType,ObjectProperty,"('http://hl7.org/fhir/StructureDefinition.contextType', 'ObjectProperty')"
http://hl7.org/fhir/StructureDefinition.copyright,http://hl7.org/fhir/,StructureDefinition.copyright,ObjectProperty,"('http://hl7.org/fhir/StructureDefinition.copyright', 'ObjectProperty')"
http://hl7.org/fhir/StructureDefinition.date,http://hl7.org/fhir/,StructureDefinition.date,ObjectProperty,"('http://hl7.org/fhir/StructureDefinition.date', 'ObjectProperty')"
http://hl7.org/fhir/StructureDefinition.derivation,http://hl7.org/fhir/,StructureDefinition.derivation,ObjectProperty,"('http://hl7.org/fhir/StructureDefinition.derivation', 'ObjectProperty')"
http://hl7.org/fhir/StructureDefinition.description,http://hl7.org/fhir/,StructureDefinition.description,ObjectProperty,"('http://hl7.org/fhir/StructureDefinition.description', 'ObjectProperty')"
http://hl7.org/fhir/StructureDefinition.differential,http://hl7.org/fhir/,StructureDefinition.differential,ObjectProperty,"('http://hl7.org/fhir/StructureDefinition.differential', 'ObjectProperty')"
http://hl7.org/fhir/StructureDefinition.differential.element,http://hl7.org/fhir/,StructureDefinition.differential.element,ObjectProperty,"('http://hl7.org/fhir/StructureDefinition.differential.element', 'ObjectProperty')"
http://hl7.org/fhir/StructureDefinition.experimental,http://hl7.org/fhir/,StructureDefinition.experimental,ObjectProperty,"('http://hl7.org/fhir/StructureDefinition.experimental', 'ObjectProperty')"
http://hl7.org/fhir/StructureDefinition.fhirVersion,http://hl7.org/fhir/,StructureDefinition.fhirVersion,ObjectProperty,"('http://hl7.org/fhir/StructureDefinition.fhirVersion', 'ObjectProperty')"
http://hl7.org/fhir/StructureDefinition.identifier,http://hl7.org/fhir/,StructureDefinition.identifier,ObjectProperty,"('http://hl7.org/fhir/StructureDefinition.identifier', 'ObjectProperty')"
http://hl7.org/fhir/StructureDefinition.jurisdiction,http://hl7.org/fhir/,StructureDefinition.jurisdiction,ObjectProperty,"('http://hl7.org/fhir/StructureDefinition.jurisdiction', 'ObjectProperty')"
http://hl7.org/fhir/StructureDefinition.keyword,http://hl7.org/fhir/,StructureDefinition.keyword,ObjectProperty,"('http://hl7.org/fhir/StructureDefinition.keyword', 'ObjectProperty')"
http://hl7.org/fhir/StructureDefinition.kind,http://hl7.org/fhir/,StructureDefinition.kind,ObjectProperty,"('http://hl7.org/fhir/StructureDefinition.kind', 'ObjectProperty')"
http://hl7.org/fhir/StructureDefinition.mapping,http://hl7.org/fhir/,StructureDefinition.mapping,ObjectProperty,"('http://hl7.org/fhir/StructureDefinition.mapping', 'ObjectProperty')"
http://hl7.org/fhir/StructureDefinition.mapping.comment,http://hl7.org/fhir/,StructureDefinition.mapping.comment,ObjectProperty,"('http://hl7.org/fhir/StructureDefinition.mapping.comment', 'ObjectProperty')"
http://hl7.org/fhir/StructureDefinition.mapping.identity,http://hl7.org/fhir/,StructureDefinition.mapping.identity,ObjectProperty,"('http://hl7.org/fhir/StructureDefinition.mapping.identity', 'ObjectProperty')"
http://hl7.org/fhir/StructureDefinition.mapping.name,http://hl7.org/fhir/,StructureDefinition.mapping.name,ObjectProperty,"('http://hl7.org/fhir/StructureDefinition.mapping.name', 'ObjectProperty')"
http://hl7.org/fhir/StructureDefinition.mapping.uri,http://hl7.org/fhir/,StructureDefinition.mapping.uri,ObjectProperty,"('http://hl7.org/fhir/StructureDefinition.mapping.uri', 'ObjectProperty')"
http://hl7.org/fhir/StructureDefinition.name,http://hl7.org/fhir/,StructureDefinition.name,ObjectProperty,"('http://hl7.org/fhir/StructureDefinition.name', 'ObjectProperty')"
http://hl7.org/fhir/StructureDefinition.publisher,http://hl7.org/fhir/,StructureDefinition.publisher,ObjectProperty,"('http://hl7.org/fhir/StructureDefinition.publisher', 'ObjectProperty')"
http://hl7.org/fhir/StructureDefinition.purpose,http://hl7.org/fhir/,StructureDefinition.purpose,ObjectProperty,"('http://hl7.org/fhir/StructureDefinition.purpose', 'ObjectProperty')"
http://hl7.org/fhir/StructureDefinition.snapshot,http://hl7.org/fhir/,StructureDefinition.snapshot,ObjectProperty,"('http://hl7.org/fhir/StructureDefinition.snapshot', 'ObjectProperty')"
http://hl7.org/fhir/StructureDefinition.snapshot.element,http://hl7.org/fhir/,StructureDefinition.snapshot.element,ObjectProperty,"('http://hl7.org/fhir/StructureDefinition.snapshot.element', 'ObjectProperty')"
http://hl7.org/fhir/StructureDefinition.status,http://hl7.org/fhir/,StructureDefinition.status,ObjectProperty,"('http://hl7.org/fhir/StructureDefinition.status', 'ObjectProperty')"
http://hl7.org/fhir/StructureDefinition.title,http://hl7.org/fhir/,StructureDefinition.title,ObjectProperty,"('http://hl7.org/fhir/StructureDefinition.title', 'ObjectProperty')"
http://hl7.org/fhir/StructureDefinition.type,http://hl7.org/fhir/,StructureDefinition.type,ObjectProperty,"('http://hl7.org/fhir/StructureDefinition.type', 'ObjectProperty')"
http://hl7.org/fhir/StructureDefinition.url,http://hl7.org/fhir/,StructureDefinition.url,ObjectProperty,"('http://hl7.org/fhir/StructureDefinition.url', 'ObjectProperty')"
http://hl7.org/fhir/StructureDefinition.useContext,http://hl7.org/fhir/,StructureDefinition.useContext,ObjectProperty,"('http://hl7.org/fhir/StructureDefinition.useContext', 'ObjectProperty')"
http://hl7.org/fhir/StructureDefinition.version,http://hl7.org/fhir/,StructureDefinition.version,ObjectProperty,"('http://hl7.org/fhir/StructureDefinition.version', 'ObjectProperty')"
http://hl7.org/fhir/StructureMap.contact,http://hl7.org/fhir/,StructureMap.contact,ObjectProperty,"('http://hl7.org/fhir/StructureMap.contact', 'ObjectProperty')"
http://hl7.org/fhir/StructureMap.copyright,http://hl7.org/fhir/,StructureMap.copyright,ObjectProperty,"('http://hl7.org/fhir/StructureMap.copyright', 'ObjectProperty')"
http://hl7.org/fhir/StructureMap.date,http://hl7.org/fhir/,StructureMap.date,ObjectProperty,"('http://hl7.org/fhir/StructureMap.date', 'ObjectProperty')"
http://hl7.org/fhir/StructureMap.description,http://hl7.org/fhir/,StructureMap.description,ObjectProperty,"('http://hl7.org/fhir/StructureMap.description', 'ObjectProperty')"
http://hl7.org/fhir/StructureMap.experimental,http://hl7.org/fhir/,StructureMap.experimental,ObjectProperty,"('http://hl7.org/fhir/StructureMap.experimental', 'ObjectProperty')"
http://hl7.org/fhir/StructureMap.group,http://hl7.org/fhir/,StructureMap.group,ObjectProperty,"('http://hl7.org/fhir/StructureMap.group', 'ObjectProperty')"
http://hl7.org/fhir/StructureMap.group.documentation,http://hl7.org/fhir/,StructureMap.group.documentation,ObjectProperty,"('http://hl7.org/fhir/StructureMap.group.documentation', 'ObjectProperty')"
http://hl7.org/fhir/StructureMap.group.extends,http://hl7.org/fhir/,StructureMap.group.extends,ObjectProperty,"('http://hl7.org/fhir/StructureMap.group.extends', 'ObjectProperty')"
http://hl7.org/fhir/StructureMap.group.input,http://hl7.org/fhir/,StructureMap.group.input,ObjectProperty,"('http://hl7.org/fhir/StructureMap.group.input', 'ObjectProperty')"
http://hl7.org/fhir/StructureMap.group.input.documentation,http://hl7.org/fhir/,StructureMap.group.input.documentation,ObjectProperty,"('http://hl7.org/fhir/StructureMap.group.input.documentation', 'ObjectProperty')"
http://hl7.org/fhir/StructureMap.group.input.mode,http://hl7.org/fhir/,StructureMap.group.input.mode,ObjectProperty,"('http://hl7.org/fhir/StructureMap.group.input.mode', 'ObjectProperty')"
http://hl7.org/fhir/StructureMap.group.input.name,http://hl7.org/fhir/,StructureMap.group.input.name,ObjectProperty,"('http://hl7.org/fhir/StructureMap.group.input.name', 'ObjectProperty')"
http://hl7.org/fhir/StructureMap.group.input.type,http://hl7.org/fhir/,StructureMap.group.input.type,ObjectProperty,"('http://hl7.org/fhir/StructureMap.group.input.type', 'ObjectProperty')"
http://hl7.org/fhir/StructureMap.group.name,http://hl7.org/fhir/,StructureMap.group.name,ObjectProperty,"('http://hl7.org/fhir/StructureMap.group.name', 'ObjectProperty')"
http://hl7.org/fhir/StructureMap.group.rule,http://hl7.org/fhir/,StructureMap.group.rule,ObjectProperty,"('http://hl7.org/fhir/StructureMap.group.rule', 'ObjectProperty')"
http://hl7.org/fhir/StructureMap.group.rule.dependent,http://hl7.org/fhir/,StructureMap.group.rule.dependent,ObjectProperty,"('http://hl7.org/fhir/StructureMap.group.rule.dependent', 'ObjectProperty')"
http://hl7.org/fhir/StructureMap.group.rule.dependent.name,http://hl7.org/fhir/,StructureMap.group.rule.dependent.name,ObjectProperty,"('http://hl7.org/fhir/StructureMap.group.rule.dependent.name', 'ObjectProperty')"
http://hl7.org/fhir/StructureMap.group.rule.dependent.variable,http://hl7.org/fhir/,StructureMap.group.rule.dependent.variable,ObjectProperty,"('http://hl7.org/fhir/StructureMap.group.rule.dependent.variable', 'ObjectProperty')"
http://hl7.org/fhir/StructureMap.group.rule.documentation,http://hl7.org/fhir/,StructureMap.group.rule.documentation,ObjectProperty,"('http://hl7.org/fhir/StructureMap.group.rule.documentation', 'ObjectProperty')"
http://hl7.org/fhir/StructureMap.group.rule.name,http://hl7.org/fhir/,StructureMap.group.rule.name,ObjectProperty,"('http://hl7.org/fhir/StructureMap.group.rule.name', 'ObjectProperty')"
http://hl7.org/fhir/StructureMap.group.rule.rule,http://hl7.org/fhir/,StructureMap.group.rule.rule,ObjectProperty,"('http://hl7.org/fhir/StructureMap.group.rule.rule', 'ObjectProperty')"
http://hl7.org/fhir/StructureMap.group.rule.source,http://hl7.org/fhir/,StructureMap.group.rule.source,ObjectProperty,"('http://hl7.org/fhir/StructureMap.group.rule.source', 'ObjectProperty')"
http://hl7.org/fhir/StructureMap.group.rule.source.check,http://hl7.org/fhir/,StructureMap.group.rule.source.check,ObjectProperty,"('http://hl7.org/fhir/StructureMap.group.rule.source.check', 'ObjectProperty')"
http://hl7.org/fhir/StructureMap.group.rule.source.condition,http://hl7.org/fhir/,StructureMap.group.rule.source.condition,ObjectProperty,"('http://hl7.org/fhir/StructureMap.group.rule.source.condition', 'ObjectProperty')"
http://hl7.org/fhir/StructureMap.group.rule.source.context,http://hl7.org/fhir/,StructureMap.group.rule.source.context,ObjectProperty,"('http://hl7.org/fhir/StructureMap.group.rule.source.context', 'ObjectProperty')"
http://hl7.org/fhir/StructureMap.group.rule.source.defaultValue,http://hl7.org/fhir/,StructureMap.group.rule.source.defaultValue,ObjectProperty,"('http://hl7.org/fhir/StructureMap.group.rule.source.defaultValue', 'ObjectProperty')"
http://hl7.org/fhir/StructureMap.group.rule.source.element,http://hl7.org/fhir/,StructureMap.group.rule.source.element,ObjectProperty,"('http://hl7.org/fhir/StructureMap.group.rule.source.element', 'ObjectProperty')"
http://hl7.org/fhir/StructureMap.group.rule.source.listMode,http://hl7.org/fhir/,StructureMap.group.rule.source.listMode,ObjectProperty,"('http://hl7.org/fhir/StructureMap.group.rule.source.listMode', 'ObjectProperty')"
http://hl7.org/fhir/StructureMap.group.rule.source.max,http://hl7.org/fhir/,StructureMap.group.rule.source.max,ObjectProperty,"('http://hl7.org/fhir/StructureMap.group.rule.source.max', 'ObjectProperty')"
http://hl7.org/fhir/StructureMap.group.rule.source.min,http://hl7.org/fhir/,StructureMap.group.rule.source.min,ObjectProperty,"('http://hl7.org/fhir/StructureMap.group.rule.source.min', 'ObjectProperty')"
http://hl7.org/fhir/StructureMap.group.rule.source.type,http://hl7.org/fhir/,StructureMap.group.rule.source.type,ObjectProperty,"('http://hl7.org/fhir/StructureMap.group.rule.source.type', 'ObjectProperty')"
http://hl7.org/fhir/StructureMap.group.rule.source.variable,http://hl7.org/fhir/,StructureMap.group.rule.source.variable,ObjectProperty,"('http://hl7.org/fhir/StructureMap.group.rule.source.variable', 'ObjectProperty')"
http://hl7.org/fhir/StructureMap.group.rule.target,http://hl7.org/fhir/,StructureMap.group.rule.target,ObjectProperty,"('http://hl7.org/fhir/StructureMap.group.rule.target', 'ObjectProperty')"
http://hl7.org/fhir/StructureMap.group.rule.target.context,http://hl7.org/fhir/,StructureMap.group.rule.target.context,ObjectProperty,"('http://hl7.org/fhir/StructureMap.group.rule.target.context', 'ObjectProperty')"
http://hl7.org/fhir/StructureMap.group.rule.target.contextType,http://hl7.org/fhir/,StructureMap.group.rule.target.contextType,ObjectProperty,"('http://hl7.org/fhir/StructureMap.group.rule.target.contextType', 'ObjectProperty')"
http://hl7.org/fhir/StructureMap.group.rule.target.element,http://hl7.org/fhir/,StructureMap.group.rule.target.element,ObjectProperty,"('http://hl7.org/fhir/StructureMap.group.rule.target.element', 'ObjectProperty')"
http://hl7.org/fhir/StructureMap.group.rule.target.listMode,http://hl7.org/fhir/,StructureMap.group.rule.target.listMode,ObjectProperty,"('http://hl7.org/fhir/StructureMap.group.rule.target.listMode', 'ObjectProperty')"
http://hl7.org/fhir/StructureMap.group.rule.target.listRuleId,http://hl7.org/fhir/,StructureMap.group.rule.target.listRuleId,ObjectProperty,"('http://hl7.org/fhir/StructureMap.group.rule.target.listRuleId', 'ObjectProperty')"
http://hl7.org/fhir/StructureMap.group.rule.target.parameter,http://hl7.org/fhir/,StructureMap.group.rule.target.parameter,ObjectProperty,"('http://hl7.org/fhir/StructureMap.group.rule.target.parameter', 'ObjectProperty')"
http://hl7.org/fhir/StructureMap.group.rule.target.parameter.value,http://hl7.org/fhir/,StructureMap.group.rule.target.parameter.value,ObjectProperty,"('http://hl7.org/fhir/StructureMap.group.rule.target.parameter.value', 'ObjectProperty')"
http://hl7.org/fhir/StructureMap.group.rule.target.parameter.valueBoolean,http://hl7.org/fhir/,StructureMap.group.rule.target.parameter.valueBoolean,ObjectProperty,"('http://hl7.org/fhir/StructureMap.group.rule.target.parameter.valueBoolean', 'ObjectProperty')"
http://hl7.org/fhir/StructureMap.group.rule.target.parameter.valueDecimal,http://hl7.org/fhir/,StructureMap.group.rule.target.parameter.valueDecimal,ObjectProperty,"('http://hl7.org/fhir/StructureMap.group.rule.target.parameter.valueDecimal', 'ObjectProperty')"
http://hl7.org/fhir/StructureMap.group.rule.target.parameter.valueId,http://hl7.org/fhir/,StructureMap.group.rule.target.parameter.valueId,ObjectProperty,"('http://hl7.org/fhir/StructureMap.group.rule.target.parameter.valueId', 'ObjectProperty')"
http://hl7.org/fhir/StructureMap.group.rule.target.parameter.valueInteger,http://hl7.org/fhir/,StructureMap.group.rule.target.parameter.valueInteger,ObjectProperty,"('http://hl7.org/fhir/StructureMap.group.rule.target.parameter.valueInteger', 'ObjectProperty')"
http://hl7.org/fhir/StructureMap.group.rule.target.parameter.valueString,http://hl7.org/fhir/,StructureMap.group.rule.target.parameter.valueString,ObjectProperty,"('http://hl7.org/fhir/StructureMap.group.rule.target.parameter.valueString', 'ObjectProperty')"
http://hl7.org/fhir/StructureMap.group.rule.target.transform,http://hl7.org/fhir/,StructureMap.group.rule.target.transform,ObjectProperty,"('http://hl7.org/fhir/StructureMap.group.rule.target.transform', 'ObjectProperty')"
http://hl7.org/fhir/StructureMap.group.rule.target.variable,http://hl7.org/fhir/,StructureMap.group.rule.target.variable,ObjectProperty,"('http://hl7.org/fhir/StructureMap.group.rule.target.variable', 'ObjectProperty')"
http://hl7.org/fhir/StructureMap.group.typeMode,http://hl7.org/fhir/,StructureMap.group.typeMode,ObjectProperty,"('http://hl7.org/fhir/StructureMap.group.typeMode', 'ObjectProperty')"
http://hl7.org/fhir/StructureMap.identifier,http://hl7.org/fhir/,StructureMap.identifier,ObjectProperty,"('http://hl7.org/fhir/StructureMap.identifier', 'ObjectProperty')"
http://hl7.org/fhir/StructureMap.import,http://hl7.org/fhir/,StructureMap.import,ObjectProperty,"('http://hl7.org/fhir/StructureMap.import', 'ObjectProperty')"
http://hl7.org/fhir/StructureMap.jurisdiction,http://hl7.org/fhir/,StructureMap.jurisdiction,ObjectProperty,"('http://hl7.org/fhir/StructureMap.jurisdiction', 'ObjectProperty')"
http://hl7.org/fhir/StructureMap.name,http://hl7.org/fhir/,StructureMap.name,ObjectProperty,"('http://hl7.org/fhir/StructureMap.name', 'ObjectProperty')"
http://hl7.org/fhir/StructureMap.publisher,http://hl7.org/fhir/,StructureMap.publisher,ObjectProperty,"('http://hl7.org/fhir/StructureMap.publisher', 'ObjectProperty')"
http://hl7.org/fhir/StructureMap.purpose,http://hl7.org/fhir/,StructureMap.purpose,ObjectProperty,"('http://hl7.org/fhir/StructureMap.purpose', 'ObjectProperty')"
http://hl7.org/fhir/StructureMap.status,http://hl7.org/fhir/,StructureMap.status,ObjectProperty,"('http://hl7.org/fhir/StructureMap.status', 'ObjectProperty')"
http://hl7.org/fhir/StructureMap.structure,http://hl7.org/fhir/,StructureMap.structure,ObjectProperty,"('http://hl7.org/fhir/StructureMap.structure', 'ObjectProperty')"
http://hl7.org/fhir/StructureMap.structure.alias,http://hl7.org/fhir/,StructureMap.structure.alias,ObjectProperty,"('http://hl7.org/fhir/StructureMap.structure.alias', 'ObjectProperty')"
http://hl7.org/fhir/StructureMap.structure.documentation,http://hl7.org/fhir/,StructureMap.structure.documentation,ObjectProperty,"('http://hl7.org/fhir/StructureMap.structure.documentation', 'ObjectProperty')"
http://hl7.org/fhir/StructureMap.structure.mode,http://hl7.org/fhir/,StructureMap.structure.mode,ObjectProperty,"('http://hl7.org/fhir/StructureMap.structure.mode', 'ObjectProperty')"
http://hl7.org/fhir/StructureMap.structure.url,http://hl7.org/fhir/,StructureMap.structure.url,ObjectProperty,"('http://hl7.org/fhir/StructureMap.structure.url', 'ObjectProperty')"
http://hl7.org/fhir/StructureMap.title,http://hl7.org/fhir/,StructureMap.title,ObjectProperty,"('http://hl7.org/fhir/StructureMap.title', 'ObjectProperty')"
http://hl7.org/fhir/StructureMap.url,http://hl7.org/fhir/,StructureMap.url,ObjectProperty,"('http://hl7.org/fhir/StructureMap.url', 'ObjectProperty')"
http://hl7.org/fhir/StructureMap.useContext,http://hl7.org/fhir/,StructureMap.useContext,ObjectProperty,"('http://hl7.org/fhir/StructureMap.useContext', 'ObjectProperty')"
http://hl7.org/fhir/StructureMap.version,http://hl7.org/fhir/,StructureMap.version,ObjectProperty,"('http://hl7.org/fhir/StructureMap.version', 'ObjectProperty')"
http://hl7.org/fhir/Subscription.channel,http://hl7.org/fhir/,Subscription.channel,ObjectProperty,"('http://hl7.org/fhir/Subscription.channel', 'ObjectProperty')"
http://hl7.org/fhir/Subscription.channel.endpoint,http://hl7.org/fhir/,Subscription.channel.endpoint,ObjectProperty,"('http://hl7.org/fhir/Subscription.channel.endpoint', 'ObjectProperty')"
http://hl7.org/fhir/Subscription.channel.header,http://hl7.org/fhir/,Subscription.channel.header,ObjectProperty,"('http://hl7.org/fhir/Subscription.channel.header', 'ObjectProperty')"
http://hl7.org/fhir/Subscription.channel.payload,http://hl7.org/fhir/,Subscription.channel.payload,ObjectProperty,"('http://hl7.org/fhir/Subscription.channel.payload', 'ObjectProperty')"
http://hl7.org/fhir/Subscription.channel.type,http://hl7.org/fhir/,Subscription.channel.type,ObjectProperty,"('http://hl7.org/fhir/Subscription.channel.type', 'ObjectProperty')"
http://hl7.org/fhir/Subscription.contact,http://hl7.org/fhir/,Subscription.contact,ObjectProperty,"('http://hl7.org/fhir/Subscription.contact', 'ObjectProperty')"
http://hl7.org/fhir/Subscription.criteria,http://hl7.org/fhir/,Subscription.criteria,ObjectProperty,"('http://hl7.org/fhir/Subscription.criteria', 'ObjectProperty')"
http://hl7.org/fhir/Subscription.end,http://hl7.org/fhir/,Subscription.end,ObjectProperty,"('http://hl7.org/fhir/Subscription.end', 'ObjectProperty')"
http://hl7.org/fhir/Subscription.error,http://hl7.org/fhir/,Subscription.error,ObjectProperty,"('http://hl7.org/fhir/Subscription.error', 'ObjectProperty')"
http://hl7.org/fhir/Subscription.reason,http://hl7.org/fhir/,Subscription.reason,ObjectProperty,"('http://hl7.org/fhir/Subscription.reason', 'ObjectProperty')"
http://hl7.org/fhir/Subscription.status,http://hl7.org/fhir/,Subscription.status,ObjectProperty,"('http://hl7.org/fhir/Subscription.status', 'ObjectProperty')"
http://hl7.org/fhir/Subscription.tag,http://hl7.org/fhir/,Subscription.tag,ObjectProperty,"('http://hl7.org/fhir/Subscription.tag', 'ObjectProperty')"
http://hl7.org/fhir/Substance.category,http://hl7.org/fhir/,Substance.category,ObjectProperty,"('http://hl7.org/fhir/Substance.category', 'ObjectProperty')"
http://hl7.org/fhir/Substance.code,http://hl7.org/fhir/,Substance.code,ObjectProperty,"('http://hl7.org/fhir/Substance.code', 'ObjectProperty')"
http://hl7.org/fhir/Substance.description,http://hl7.org/fhir/,Substance.description,ObjectProperty,"('http://hl7.org/fhir/Substance.description', 'ObjectProperty')"
http://hl7.org/fhir/Substance.identifier,http://hl7.org/fhir/,Substance.identifier,ObjectProperty,"('http://hl7.org/fhir/Substance.identifier', 'ObjectProperty')"
http://hl7.org/fhir/Substance.ingredient,http://hl7.org/fhir/,Substance.ingredient,ObjectProperty,"('http://hl7.org/fhir/Substance.ingredient', 'ObjectProperty')"
http://hl7.org/fhir/Substance.ingredient.quantity,http://hl7.org/fhir/,Substance.ingredient.quantity,ObjectProperty,"('http://hl7.org/fhir/Substance.ingredient.quantity', 'ObjectProperty')"
http://hl7.org/fhir/Substance.ingredient.substance,http://hl7.org/fhir/,Substance.ingredient.substance,ObjectProperty,"('http://hl7.org/fhir/Substance.ingredient.substance', 'ObjectProperty')"
http://hl7.org/fhir/Substance.ingredient.substanceCodeableConcept,http://hl7.org/fhir/,Substance.ingredient.substanceCodeableConcept,ObjectProperty,"('http://hl7.org/fhir/Substance.ingredient.substanceCodeableConcept', 'ObjectProperty')"
http://hl7.org/fhir/Substance.ingredient.substanceReference,http://hl7.org/fhir/,Substance.ingredient.substanceReference,ObjectProperty,"('http://hl7.org/fhir/Substance.ingredient.substanceReference', 'ObjectProperty')"
http://hl7.org/fhir/Substance.instance,http://hl7.org/fhir/,Substance.instance,ObjectProperty,"('http://hl7.org/fhir/Substance.instance', 'ObjectProperty')"
http://hl7.org/fhir/Substance.instance.expiry,http://hl7.org/fhir/,Substance.instance.expiry,ObjectProperty,"('http://hl7.org/fhir/Substance.instance.expiry', 'ObjectProperty')"
http://hl7.org/fhir/Substance.instance.identifier,http://hl7.org/fhir/,Substance.instance.identifier,ObjectProperty,"('http://hl7.org/fhir/Substance.instance.identifier', 'ObjectProperty')"
http://hl7.org/fhir/Substance.instance.quantity,http://hl7.org/fhir/,Substance.instance.quantity,ObjectProperty,"('http://hl7.org/fhir/Substance.instance.quantity', 'ObjectProperty')"
http://hl7.org/fhir/Substance.status,http://hl7.org/fhir/,Substance.status,ObjectProperty,"('http://hl7.org/fhir/Substance.status', 'ObjectProperty')"
http://hl7.org/fhir/SupplyDelivery.basedOn,http://hl7.org/fhir/,SupplyDelivery.basedOn,ObjectProperty,"('http://hl7.org/fhir/SupplyDelivery.basedOn', 'ObjectProperty')"
http://hl7.org/fhir/SupplyDelivery.destination,http://hl7.org/fhir/,SupplyDelivery.destination,ObjectProperty,"('http://hl7.org/fhir/SupplyDelivery.destination', 'ObjectProperty')"
http://hl7.org/fhir/SupplyDelivery.identifier,http://hl7.org/fhir/,SupplyDelivery.identifier,ObjectProperty,"('http://hl7.org/fhir/SupplyDelivery.identifier', 'ObjectProperty')"
http://hl7.org/fhir/SupplyDelivery.occurrence,http://hl7.org/fhir/,SupplyDelivery.occurrence,ObjectProperty,"('http://hl7.org/fhir/SupplyDelivery.occurrence', 'ObjectProperty')"
http://hl7.org/fhir/SupplyDelivery.occurrenceDateTime,http://hl7.org/fhir/,SupplyDelivery.occurrenceDateTime,ObjectProperty,"('http://hl7.org/fhir/SupplyDelivery.occurrenceDateTime', 'ObjectProperty')"
http://hl7.org/fhir/SupplyDelivery.occurrencePeriod,http://hl7.org/fhir/,SupplyDelivery.occurrencePeriod,ObjectProperty,"('http://hl7.org/fhir/SupplyDelivery.occurrencePeriod', 'ObjectProperty')"
http://hl7.org/fhir/SupplyDelivery.occurrenceTiming,http://hl7.org/fhir/,SupplyDelivery.occurrenceTiming,ObjectProperty,"('http://hl7.org/fhir/SupplyDelivery.occurrenceTiming', 'ObjectProperty')"
http://hl7.org/fhir/SupplyDelivery.partOf,http://hl7.org/fhir/,SupplyDelivery.partOf,ObjectProperty,"('http://hl7.org/fhir/SupplyDelivery.partOf', 'ObjectProperty')"
http://hl7.org/fhir/SupplyDelivery.patient,http://hl7.org/fhir/,SupplyDelivery.patient,ObjectProperty,"('http://hl7.org/fhir/SupplyDelivery.patient', 'ObjectProperty')"
http://hl7.org/fhir/SupplyDelivery.receiver,http://hl7.org/fhir/,SupplyDelivery.receiver,ObjectProperty,"('http://hl7.org/fhir/SupplyDelivery.receiver', 'ObjectProperty')"
http://hl7.org/fhir/SupplyDelivery.status,http://hl7.org/fhir/,SupplyDelivery.status,ObjectProperty,"('http://hl7.org/fhir/SupplyDelivery.status', 'ObjectProperty')"
http://hl7.org/fhir/SupplyDelivery.suppliedItem,http://hl7.org/fhir/,SupplyDelivery.suppliedItem,ObjectProperty,"('http://hl7.org/fhir/SupplyDelivery.suppliedItem', 'ObjectProperty')"
http://hl7.org/fhir/SupplyDelivery.suppliedItem.item,http://hl7.org/fhir/,SupplyDelivery.suppliedItem.item,ObjectProperty,"('http://hl7.org/fhir/SupplyDelivery.suppliedItem.item', 'ObjectProperty')"
http://hl7.org/fhir/SupplyDelivery.suppliedItem.itemCodeableConcept,http://hl7.org/fhir/,SupplyDelivery.suppliedItem.itemCodeableConcept,ObjectProperty,"('http://hl7.org/fhir/SupplyDelivery.suppliedItem.itemCodeableConcept', 'ObjectProperty')"
http://hl7.org/fhir/SupplyDelivery.suppliedItem.itemReference,http://hl7.org/fhir/,SupplyDelivery.suppliedItem.itemReference,ObjectProperty,"('http://hl7.org/fhir/SupplyDelivery.suppliedItem.itemReference', 'ObjectProperty')"
http://hl7.org/fhir/SupplyDelivery.suppliedItem.quantity,http://hl7.org/fhir/,SupplyDelivery.suppliedItem.quantity,ObjectProperty,"('http://hl7.org/fhir/SupplyDelivery.suppliedItem.quantity', 'ObjectProperty')"
http://hl7.org/fhir/SupplyDelivery.supplier,http://hl7.org/fhir/,SupplyDelivery.supplier,ObjectProperty,"('http://hl7.org/fhir/SupplyDelivery.supplier', 'ObjectProperty')"
http://hl7.org/fhir/SupplyDelivery.type,http://hl7.org/fhir/,SupplyDelivery.type,ObjectProperty,"('http://hl7.org/fhir/SupplyDelivery.type', 'ObjectProperty')"
http://hl7.org/fhir/SupplyRequest.authoredOn,http://hl7.org/fhir/,SupplyRequest.authoredOn,ObjectProperty,"('http://hl7.org/fhir/SupplyRequest.authoredOn', 'ObjectProperty')"
http://hl7.org/fhir/SupplyRequest.category,http://hl7.org/fhir/,SupplyRequest.category,ObjectProperty,"('http://hl7.org/fhir/SupplyRequest.category', 'ObjectProperty')"
http://hl7.org/fhir/SupplyRequest.deliverFrom,http://hl7.org/fhir/,SupplyRequest.deliverFrom,ObjectProperty,"('http://hl7.org/fhir/SupplyRequest.deliverFrom', 'ObjectProperty')"
http://hl7.org/fhir/SupplyRequest.deliverTo,http://hl7.org/fhir/,SupplyRequest.deliverTo,ObjectProperty,"('http://hl7.org/fhir/SupplyRequest.deliverTo', 'ObjectProperty')"
http://hl7.org/fhir/SupplyRequest.identifier,http://hl7.org/fhir/,SupplyRequest.identifier,ObjectProperty,"('http://hl7.org/fhir/SupplyRequest.identifier', 'ObjectProperty')"
http://hl7.org/fhir/SupplyRequest.occurrence,http://hl7.org/fhir/,SupplyRequest.occurrence,ObjectProperty,"('http://hl7.org/fhir/SupplyRequest.occurrence', 'ObjectProperty')"
http://hl7.org/fhir/SupplyRequest.occurrenceDateTime,http://hl7.org/fhir/,SupplyRequest.occurrenceDateTime,ObjectProperty,"('http://hl7.org/fhir/SupplyRequest.occurrenceDateTime', 'ObjectProperty')"
http://hl7.org/fhir/SupplyRequest.occurrencePeriod,http://hl7.org/fhir/,SupplyRequest.occurrencePeriod,ObjectProperty,"('http://hl7.org/fhir/SupplyRequest.occurrencePeriod', 'ObjectProperty')"
http://hl7.org/fhir/SupplyRequest.occurrenceTiming,http://hl7.org/fhir/,SupplyRequest.occurrenceTiming,ObjectProperty,"('http://hl7.org/fhir/SupplyRequest.occurrenceTiming', 'ObjectProperty')"
http://hl7.org/fhir/SupplyRequest.orderedItem,http://hl7.org/fhir/,SupplyRequest.orderedItem,ObjectProperty,"('http://hl7.org/fhir/SupplyRequest.orderedItem', 'ObjectProperty')"
http://hl7.org/fhir/SupplyRequest.orderedItem.item,http://hl7.org/fhir/,SupplyRequest.orderedItem.item,ObjectProperty,"('http://hl7.org/fhir/SupplyRequest.orderedItem.item', 'ObjectProperty')"
http://hl7.org/fhir/SupplyRequest.orderedItem.itemCodeableConcept,http://hl7.org/fhir/,SupplyRequest.orderedItem.itemCodeableConcept,ObjectProperty,"('http://hl7.org/fhir/SupplyRequest.orderedItem.itemCodeableConcept', 'ObjectProperty')"
http://hl7.org/fhir/SupplyRequest.orderedItem.itemReference,http://hl7.org/fhir/,SupplyRequest.orderedItem.itemReference,ObjectProperty,"('http://hl7.org/fhir/SupplyRequest.orderedItem.itemReference', 'ObjectProperty')"
http://hl7.org/fhir/SupplyRequest.orderedItem.quantity,http://hl7.org/fhir/,SupplyRequest.orderedItem.quantity,ObjectProperty,"('http://hl7.org/fhir/SupplyRequest.orderedItem.quantity', 'ObjectProperty')"
http://hl7.org/fhir/SupplyRequest.priority,http://hl7.org/fhir/,SupplyRequest.priority,ObjectProperty,"('http://hl7.org/fhir/SupplyRequest.priority', 'ObjectProperty')"
http://hl7.org/fhir/SupplyRequest.reason,http://hl7.org/fhir/,SupplyRequest.reason,ObjectProperty,"('http://hl7.org/fhir/SupplyRequest.reason', 'ObjectProperty')"
http://hl7.org/fhir/SupplyRequest.reasonCodeableConcept,http://hl7.org/fhir/,SupplyRequest.reasonCodeableConcept,ObjectProperty,"('http://hl7.org/fhir/SupplyRequest.reasonCodeableConcept', 'ObjectProperty')"
http://hl7.org/fhir/SupplyRequest.reasonReference,http://hl7.org/fhir/,SupplyRequest.reasonReference,ObjectProperty,"('http://hl7.org/fhir/SupplyRequest.reasonReference', 'ObjectProperty')"
http://hl7.org/fhir/SupplyRequest.requester,http://hl7.org/fhir/,SupplyRequest.requester,ObjectProperty,"('http://hl7.org/fhir/SupplyRequest.requester', 'ObjectProperty')"
http://hl7.org/fhir/SupplyRequest.requester.agent,http://hl7.org/fhir/,SupplyRequest.requester.agent,ObjectProperty,"('http://hl7.org/fhir/SupplyRequest.requester.agent', 'ObjectProperty')"
http://hl7.org/fhir/SupplyRequest.requester.onBehalfOf,http://hl7.org/fhir/,SupplyRequest.requester.onBehalfOf,ObjectProperty,"('http://hl7.org/fhir/SupplyRequest.requester.onBehalfOf', 'ObjectProperty')"
http://hl7.org/fhir/SupplyRequest.status,http://hl7.org/fhir/,SupplyRequest.status,ObjectProperty,"('http://hl7.org/fhir/SupplyRequest.status', 'ObjectProperty')"
http://hl7.org/fhir/SupplyRequest.supplier,http://hl7.org/fhir/,SupplyRequest.supplier,ObjectProperty,"('http://hl7.org/fhir/SupplyRequest.supplier', 'ObjectProperty')"
http://hl7.org/fhir/Task.authoredOn,http://hl7.org/fhir/,Task.authoredOn,ObjectProperty,"('http://hl7.org/fhir/Task.authoredOn', 'ObjectProperty')"
http://hl7.org/fhir/Task.basedOn,http://hl7.org/fhir/,Task.basedOn,ObjectProperty,"('http://hl7.org/fhir/Task.basedOn', 'ObjectProperty')"
http://hl7.org/fhir/Task.businessStatus,http://hl7.org/fhir/,Task.businessStatus,ObjectProperty,"('http://hl7.org/fhir/Task.businessStatus', 'ObjectProperty')"
http://hl7.org/fhir/Task.code,http://hl7.org/fhir/,Task.code,ObjectProperty,"('http://hl7.org/fhir/Task.code', 'ObjectProperty')"
http://hl7.org/fhir/Task.context,http://hl7.org/fhir/,Task.context,ObjectProperty,"('http://hl7.org/fhir/Task.context', 'ObjectProperty')"
http://hl7.org/fhir/Task.definition,http://hl7.org/fhir/,Task.definition,ObjectProperty,"('http://hl7.org/fhir/Task.definition', 'ObjectProperty')"
http://hl7.org/fhir/Task.definitionReference,http://hl7.org/fhir/,Task.definitionReference,ObjectProperty,"('http://hl7.org/fhir/Task.definitionReference', 'ObjectProperty')"
http://hl7.org/fhir/Task.definitionUri,http://hl7.org/fhir/,Task.definitionUri,ObjectProperty,"('http://hl7.org/fhir/Task.definitionUri', 'ObjectProperty')"
http://hl7.org/fhir/Task.description,http://hl7.org/fhir/,Task.description,ObjectProperty,"('http://hl7.org/fhir/Task.description', 'ObjectProperty')"
http://hl7.org/fhir/Task.executionPeriod,http://hl7.org/fhir/,Task.executionPeriod,ObjectProperty,"('http://hl7.org/fhir/Task.executionPeriod', 'ObjectProperty')"
http://hl7.org/fhir/Task.focus,http://hl7.org/fhir/,Task.focus,ObjectProperty,"('http://hl7.org/fhir/Task.focus', 'ObjectProperty')"
http://hl7.org/fhir/Task.for,http://hl7.org/fhir/,Task.for,ObjectProperty,"('http://hl7.org/fhir/Task.for', 'ObjectProperty')"
http://hl7.org/fhir/Task.groupIdentifier,http://hl7.org/fhir/,Task.groupIdentifier,ObjectProperty,"('http://hl7.org/fhir/Task.groupIdentifier', 'ObjectProperty')"
http://hl7.org/fhir/Task.identifier,http://hl7.org/fhir/,Task.identifier,ObjectProperty,"('http://hl7.org/fhir/Task.identifier', 'ObjectProperty')"
http://hl7.org/fhir/Task.input,http://hl7.org/fhir/,Task.input,ObjectProperty,"('http://hl7.org/fhir/Task.input', 'ObjectProperty')"
http://hl7.org/fhir/Task.input.type,http://hl7.org/fhir/,Task.input.type,ObjectProperty,"('http://hl7.org/fhir/Task.input.type', 'ObjectProperty')"
http://hl7.org/fhir/Task.input.value,http://hl7.org/fhir/,Task.input.value,ObjectProperty,"('http://hl7.org/fhir/Task.input.value', 'ObjectProperty')"
http://hl7.org/fhir/Task.intent,http://hl7.org/fhir/,Task.intent,ObjectProperty,"('http://hl7.org/fhir/Task.intent', 'ObjectProperty')"
http://hl7.org/fhir/Task.lastModified,http://hl7.org/fhir/,Task.lastModified,ObjectProperty,"('http://hl7.org/fhir/Task.lastModified', 'ObjectProperty')"
http://hl7.org/fhir/Task.note,http://hl7.org/fhir/,Task.note,ObjectProperty,"('http://hl7.org/fhir/Task.note', 'ObjectProperty')"
http://hl7.org/fhir/Task.output,http://hl7.org/fhir/,Task.output,ObjectProperty,"('http://hl7.org/fhir/Task.output', 'ObjectProperty')"
http://hl7.org/fhir/Task.output.type,http://hl7.org/fhir/,Task.output.type,ObjectProperty,"('http://hl7.org/fhir/Task.output.type', 'ObjectProperty')"
http://hl7.org/fhir/Task.output.value,http://hl7.org/fhir/,Task.output.value,ObjectProperty,"('http://hl7.org/fhir/Task.output.value', 'ObjectProperty')"
http://hl7.org/fhir/Task.owner,http://hl7.org/fhir/,Task.owner,ObjectProperty,"('http://hl7.org/fhir/Task.owner', 'ObjectProperty')"
http://hl7.org/fhir/Task.partOf,http://hl7.org/fhir/,Task.partOf,ObjectProperty,"('http://hl7.org/fhir/Task.partOf', 'ObjectProperty')"
http://hl7.org/fhir/Task.performerType,http://hl7.org/fhir/,Task.performerType,ObjectProperty,"('http://hl7.org/fhir/Task.performerType', 'ObjectProperty')"
http://hl7.org/fhir/Task.priority,http://hl7.org/fhir/,Task.priority,ObjectProperty,"('http://hl7.org/fhir/Task.priority', 'ObjectProperty')"
http://hl7.org/fhir/Task.reason,http://hl7.org/fhir/,Task.reason,ObjectProperty,"('http://hl7.org/fhir/Task.reason', 'ObjectProperty')"
http://hl7.org/fhir/Task.relevantHistory,http://hl7.org/fhir/,Task.relevantHistory,ObjectProperty,"('http://hl7.org/fhir/Task.relevantHistory', 'ObjectProperty')"
http://hl7.org/fhir/Task.requester,http://hl7.org/fhir/,Task.requester,ObjectProperty,"('http://hl7.org/fhir/Task.requester', 'ObjectProperty')"
http://hl7.org/fhir/Task.requester.agent,http://hl7.org/fhir/,Task.requester.agent,ObjectProperty,"('http://hl7.org/fhir/Task.requester.agent', 'ObjectProperty')"
http://hl7.org/fhir/Task.requester.onBehalfOf,http://hl7.org/fhir/,Task.requester.onBehalfOf,ObjectProperty,"('http://hl7.org/fhir/Task.requester.onBehalfOf', 'ObjectProperty')"
http://hl7.org/fhir/Task.restriction,http://hl7.org/fhir/,Task.restriction,ObjectProperty,"('http://hl7.org/fhir/Task.restriction', 'ObjectProperty')"
http://hl7.org/fhir/Task.restriction.period,http://hl7.org/fhir/,Task.restriction.period,ObjectProperty,"('http://hl7.org/fhir/Task.restriction.period', 'ObjectProperty')"
http://hl7.org/fhir/Task.restriction.recipient,http://hl7.org/fhir/,Task.restriction.recipient,ObjectProperty,"('http://hl7.org/fhir/Task.restriction.recipient', 'ObjectProperty')"
http://hl7.org/fhir/Task.restriction.repetitions,http://hl7.org/fhir/,Task.restriction.repetitions,ObjectProperty,"('http://hl7.org/fhir/Task.restriction.repetitions', 'ObjectProperty')"
http://hl7.org/fhir/Task.status,http://hl7.org/fhir/,Task.status,ObjectProperty,"('http://hl7.org/fhir/Task.status', 'ObjectProperty')"
http://hl7.org/fhir/Task.statusReason,http://hl7.org/fhir/,Task.statusReason,ObjectProperty,"('http://hl7.org/fhir/Task.statusReason', 'ObjectProperty')"
http://hl7.org/fhir/TestReport.identifier,http://hl7.org/fhir/,TestReport.identifier,ObjectProperty,"('http://hl7.org/fhir/TestReport.identifier', 'ObjectProperty')"
http://hl7.org/fhir/TestReport.issued,http://hl7.org/fhir/,TestReport.issued,ObjectProperty,"('http://hl7.org/fhir/TestReport.issued', 'ObjectProperty')"
http://hl7.org/fhir/TestReport.name,http://hl7.org/fhir/,TestReport.name,ObjectProperty,"('http://hl7.org/fhir/TestReport.name', 'ObjectProperty')"
http://hl7.org/fhir/TestReport.participant,http://hl7.org/fhir/,TestReport.participant,ObjectProperty,"('http://hl7.org/fhir/TestReport.participant', 'ObjectProperty')"
http://hl7.org/fhir/TestReport.participant.display,http://hl7.org/fhir/,TestReport.participant.display,ObjectProperty,"('http://hl7.org/fhir/TestReport.participant.display', 'ObjectProperty')"
http://hl7.org/fhir/TestReport.participant.type,http://hl7.org/fhir/,TestReport.participant.type,ObjectProperty,"('http://hl7.org/fhir/TestReport.participant.type', 'ObjectProperty')"
http://hl7.org/fhir/TestReport.participant.uri,http://hl7.org/fhir/,TestReport.participant.uri,ObjectProperty,"('http://hl7.org/fhir/TestReport.participant.uri', 'ObjectProperty')"
http://hl7.org/fhir/TestReport.result,http://hl7.org/fhir/,TestReport.result,ObjectProperty,"('http://hl7.org/fhir/TestReport.result', 'ObjectProperty')"
http://hl7.org/fhir/TestReport.score,http://hl7.org/fhir/,TestReport.score,ObjectProperty,"('http://hl7.org/fhir/TestReport.score', 'ObjectProperty')"
http://hl7.org/fhir/TestReport.setup,http://hl7.org/fhir/,TestReport.setup,ObjectProperty,"('http://hl7.org/fhir/TestReport.setup', 'ObjectProperty')"
http://hl7.org/fhir/TestReport.setup.action,http://hl7.org/fhir/,TestReport.setup.action,ObjectProperty,"('http://hl7.org/fhir/TestReport.setup.action', 'ObjectProperty')"
http://hl7.org/fhir/TestReport.setup.action.assert,http://hl7.org/fhir/,TestReport.setup.action.assert,ObjectProperty,"('http://hl7.org/fhir/TestReport.setup.action.assert', 'ObjectProperty')"
http://hl7.org/fhir/TestReport.setup.action.assert.detail,http://hl7.org/fhir/,TestReport.setup.action.assert.detail,ObjectProperty,"('http://hl7.org/fhir/TestReport.setup.action.assert.detail', 'ObjectProperty')"
http://hl7.org/fhir/TestReport.setup.action.assert.message,http://hl7.org/fhir/,TestReport.setup.action.assert.message,ObjectProperty,"('http://hl7.org/fhir/TestReport.setup.action.assert.message', 'ObjectProperty')"
http://hl7.org/fhir/TestReport.setup.action.assert.result,http://hl7.org/fhir/,TestReport.setup.action.assert.result,ObjectProperty,"('http://hl7.org/fhir/TestReport.setup.action.assert.result', 'ObjectProperty')"
http://hl7.org/fhir/TestReport.setup.action.operation,http://hl7.org/fhir/,TestReport.setup.action.operation,ObjectProperty,"('http://hl7.org/fhir/TestReport.setup.action.operation', 'ObjectProperty')"
http://hl7.org/fhir/TestReport.setup.action.operation.detail,http://hl7.org/fhir/,TestReport.setup.action.operation.detail,ObjectProperty,"('http://hl7.org/fhir/TestReport.setup.action.operation.detail', 'ObjectProperty')"
http://hl7.org/fhir/TestReport.setup.action.operation.message,http://hl7.org/fhir/,TestReport.setup.action.operation.message,ObjectProperty,"('http://hl7.org/fhir/TestReport.setup.action.operation.message', 'ObjectProperty')"
http://hl7.org/fhir/TestReport.setup.action.operation.result,http://hl7.org/fhir/,TestReport.setup.action.operation.result,ObjectProperty,"('http://hl7.org/fhir/TestReport.setup.action.operation.result', 'ObjectProperty')"
http://hl7.org/fhir/TestReport.status,http://hl7.org/fhir/,TestReport.status,ObjectProperty,"('http://hl7.org/fhir/TestReport.status', 'ObjectProperty')"
http://hl7.org/fhir/TestReport.teardown,http://hl7.org/fhir/,TestReport.teardown,ObjectProperty,"('http://hl7.org/fhir/TestReport.teardown', 'ObjectProperty')"
http://hl7.org/fhir/TestReport.teardown.action,http://hl7.org/fhir/,TestReport.teardown.action,ObjectProperty,"('http://hl7.org/fhir/TestReport.teardown.action', 'ObjectProperty')"
http://hl7.org/fhir/TestReport.teardown.action.operation,http://hl7.org/fhir/,TestReport.teardown.action.operation,ObjectProperty,"('http://hl7.org/fhir/TestReport.teardown.action.operation', 'ObjectProperty')"
http://hl7.org/fhir/TestReport.test,http://hl7.org/fhir/,TestReport.test,ObjectProperty,"('http://hl7.org/fhir/TestReport.test', 'ObjectProperty')"
http://hl7.org/fhir/TestReport.test.action,http://hl7.org/fhir/,TestReport.test.action,ObjectProperty,"('http://hl7.org/fhir/TestReport.test.action', 'ObjectProperty')"
http://hl7.org/fhir/TestReport.test.action.assert,http://hl7.org/fhir/,TestReport.test.action.assert,ObjectProperty,"('http://hl7.org/fhir/TestReport.test.action.assert', 'ObjectProperty')"
http://hl7.org/fhir/TestReport.test.action.operation,http://hl7.org/fhir/,TestReport.test.action.operation,ObjectProperty,"('http://hl7.org/fhir/TestReport.test.action.operation', 'ObjectProperty')"
http://hl7.org/fhir/TestReport.test.description,http://hl7.org/fhir/,TestReport.test.description,ObjectProperty,"('http://hl7.org/fhir/TestReport.test.description', 'ObjectProperty')"
http://hl7.org/fhir/TestReport.test.name,http://hl7.org/fhir/,TestReport.test.name,ObjectProperty,"('http://hl7.org/fhir/TestReport.test.name', 'ObjectProperty')"
http://hl7.org/fhir/TestReport.testScript,http://hl7.org/fhir/,TestReport.testScript,ObjectProperty,"('http://hl7.org/fhir/TestReport.testScript', 'ObjectProperty')"
http://hl7.org/fhir/TestReport.tester,http://hl7.org/fhir/,TestReport.tester,ObjectProperty,"('http://hl7.org/fhir/TestReport.tester', 'ObjectProperty')"
http://hl7.org/fhir/TestScript.contact,http://hl7.org/fhir/,TestScript.contact,ObjectProperty,"('http://hl7.org/fhir/TestScript.contact', 'ObjectProperty')"
http://hl7.org/fhir/TestScript.copyright,http://hl7.org/fhir/,TestScript.copyright,ObjectProperty,"('http://hl7.org/fhir/TestScript.copyright', 'ObjectProperty')"
http://hl7.org/fhir/TestScript.date,http://hl7.org/fhir/,TestScript.date,ObjectProperty,"('http://hl7.org/fhir/TestScript.date', 'ObjectProperty')"
http://hl7.org/fhir/TestScript.description,http://hl7.org/fhir/,TestScript.description,ObjectProperty,"('http://hl7.org/fhir/TestScript.description', 'ObjectProperty')"
http://hl7.org/fhir/TestScript.destination,http://hl7.org/fhir/,TestScript.destination,ObjectProperty,"('http://hl7.org/fhir/TestScript.destination', 'ObjectProperty')"
http://hl7.org/fhir/TestScript.destination.index,http://hl7.org/fhir/,TestScript.destination.index,ObjectProperty,"('http://hl7.org/fhir/TestScript.destination.index', 'ObjectProperty')"
http://hl7.org/fhir/TestScript.destination.profile,http://hl7.org/fhir/,TestScript.destination.profile,ObjectProperty,"('http://hl7.org/fhir/TestScript.destination.profile', 'ObjectProperty')"
http://hl7.org/fhir/TestScript.experimental,http://hl7.org/fhir/,TestScript.experimental,ObjectProperty,"('http://hl7.org/fhir/TestScript.experimental', 'ObjectProperty')"
http://hl7.org/fhir/TestScript.fixture,http://hl7.org/fhir/,TestScript.fixture,ObjectProperty,"('http://hl7.org/fhir/TestScript.fixture', 'ObjectProperty')"
http://hl7.org/fhir/TestScript.fixture.autocreate,http://hl7.org/fhir/,TestScript.fixture.autocreate,ObjectProperty,"('http://hl7.org/fhir/TestScript.fixture.autocreate', 'ObjectProperty')"
http://hl7.org/fhir/TestScript.fixture.autodelete,http://hl7.org/fhir/,TestScript.fixture.autodelete,ObjectProperty,"('http://hl7.org/fhir/TestScript.fixture.autodelete', 'ObjectProperty')"
http://hl7.org/fhir/TestScript.fixture.resource,http://hl7.org/fhir/,TestScript.fixture.resource,ObjectProperty,"('http://hl7.org/fhir/TestScript.fixture.resource', 'ObjectProperty')"
http://hl7.org/fhir/TestScript.identifier,http://hl7.org/fhir/,TestScript.identifier,ObjectProperty,"('http://hl7.org/fhir/TestScript.identifier', 'ObjectProperty')"
http://hl7.org/fhir/TestScript.jurisdiction,http://hl7.org/fhir/,TestScript.jurisdiction,ObjectProperty,"('http://hl7.org/fhir/TestScript.jurisdiction', 'ObjectProperty')"
http://hl7.org/fhir/TestScript.metadata,http://hl7.org/fhir/,TestScript.metadata,ObjectProperty,"('http://hl7.org/fhir/TestScript.metadata', 'ObjectProperty')"
http://hl7.org/fhir/TestScript.metadata.capability,http://hl7.org/fhir/,TestScript.metadata.capability,ObjectProperty,"('http://hl7.org/fhir/TestScript.metadata.capability', 'ObjectProperty')"
http://hl7.org/fhir/TestScript.metadata.capability.capabilities,http://hl7.org/fhir/,TestScript.metadata.capability.capabilities,ObjectProperty,"('http://hl7.org/fhir/TestScript.metadata.capability.capabilities', 'ObjectProperty')"
http://hl7.org/fhir/TestScript.metadata.capability.description,http://hl7.org/fhir/,TestScript.metadata.capability.description,ObjectProperty,"('http://hl7.org/fhir/TestScript.metadata.capability.description', 'ObjectProperty')"
http://hl7.org/fhir/TestScript.metadata.capability.destination,http://hl7.org/fhir/,TestScript.metadata.capability.destination,ObjectProperty,"('http://hl7.org/fhir/TestScript.metadata.capability.destination', 'ObjectProperty')"
http://hl7.org/fhir/TestScript.metadata.capability.link,http://hl7.org/fhir/,TestScript.metadata.capability.link,ObjectProperty,"('http://hl7.org/fhir/TestScript.metadata.capability.link', 'ObjectProperty')"
http://hl7.org/fhir/TestScript.metadata.capability.origin,http://hl7.org/fhir/,TestScript.metadata.capability.origin,ObjectProperty,"('http://hl7.org/fhir/TestScript.metadata.capability.origin', 'ObjectProperty')"
http://hl7.org/fhir/TestScript.metadata.capability.required,http://hl7.org/fhir/,TestScript.metadata.capability.required,ObjectProperty,"('http://hl7.org/fhir/TestScript.metadata.capability.required', 'ObjectProperty')"
http://hl7.org/fhir/TestScript.metadata.capability.validated,http://hl7.org/fhir/,TestScript.metadata.capability.validated,ObjectProperty,"('http://hl7.org/fhir/TestScript.metadata.capability.validated', 'ObjectProperty')"
http://hl7.org/fhir/TestScript.metadata.link,http://hl7.org/fhir/,TestScript.metadata.link,ObjectProperty,"('http://hl7.org/fhir/TestScript.metadata.link', 'ObjectProperty')"
http://hl7.org/fhir/TestScript.metadata.link.description,http://hl7.org/fhir/,TestScript.metadata.link.description,ObjectProperty,"('http://hl7.org/fhir/TestScript.metadata.link.description', 'ObjectProperty')"
http://hl7.org/fhir/TestScript.metadata.link.url,http://hl7.org/fhir/,TestScript.metadata.link.url,ObjectProperty,"('http://hl7.org/fhir/TestScript.metadata.link.url', 'ObjectProperty')"
http://hl7.org/fhir/TestScript.name,http://hl7.org/fhir/,TestScript.name,ObjectProperty,"('http://hl7.org/fhir/TestScript.name', 'ObjectProperty')"
http://hl7.org/fhir/TestScript.origin,http://hl7.org/fhir/,TestScript.origin,ObjectProperty,"('http://hl7.org/fhir/TestScript.origin', 'ObjectProperty')"
http://hl7.org/fhir/TestScript.origin.index,http://hl7.org/fhir/,TestScript.origin.index,ObjectProperty,"('http://hl7.org/fhir/TestScript.origin.index', 'ObjectProperty')"
http://hl7.org/fhir/TestScript.origin.profile,http://hl7.org/fhir/,TestScript.origin.profile,ObjectProperty,"('http://hl7.org/fhir/TestScript.origin.profile', 'ObjectProperty')"
http://hl7.org/fhir/TestScript.profile,http://hl7.org/fhir/,TestScript.profile,ObjectProperty,"('http://hl7.org/fhir/TestScript.profile', 'ObjectProperty')"
http://hl7.org/fhir/TestScript.publisher,http://hl7.org/fhir/,TestScript.publisher,ObjectProperty,"('http://hl7.org/fhir/TestScript.publisher', 'ObjectProperty')"
http://hl7.org/fhir/TestScript.purpose,http://hl7.org/fhir/,TestScript.purpose,ObjectProperty,"('http://hl7.org/fhir/TestScript.purpose', 'ObjectProperty')"
http://hl7.org/fhir/TestScript.rule,http://hl7.org/fhir/,TestScript.rule,ObjectProperty,"('http://hl7.org/fhir/TestScript.rule', 'ObjectProperty')"
http://hl7.org/fhir/TestScript.rule.param,http://hl7.org/fhir/,TestScript.rule.param,ObjectProperty,"('http://hl7.org/fhir/TestScript.rule.param', 'ObjectProperty')"
http://hl7.org/fhir/TestScript.rule.param.name,http://hl7.org/fhir/,TestScript.rule.param.name,ObjectProperty,"('http://hl7.org/fhir/TestScript.rule.param.name', 'ObjectProperty')"
http://hl7.org/fhir/TestScript.rule.param.value,http://hl7.org/fhir/,TestScript.rule.param.value,ObjectProperty,"('http://hl7.org/fhir/TestScript.rule.param.value', 'ObjectProperty')"
http://hl7.org/fhir/TestScript.rule.resource,http://hl7.org/fhir/,TestScript.rule.resource,ObjectProperty,"('http://hl7.org/fhir/TestScript.rule.resource', 'ObjectProperty')"
http://hl7.org/fhir/TestScript.ruleset,http://hl7.org/fhir/,TestScript.ruleset,ObjectProperty,"('http://hl7.org/fhir/TestScript.ruleset', 'ObjectProperty')"
http://hl7.org/fhir/TestScript.ruleset.resource,http://hl7.org/fhir/,TestScript.ruleset.resource,ObjectProperty,"('http://hl7.org/fhir/TestScript.ruleset.resource', 'ObjectProperty')"
http://hl7.org/fhir/TestScript.ruleset.rule,http://hl7.org/fhir/,TestScript.ruleset.rule,ObjectProperty,"('http://hl7.org/fhir/TestScript.ruleset.rule', 'ObjectProperty')"
http://hl7.org/fhir/TestScript.ruleset.rule.param,http://hl7.org/fhir/,TestScript.ruleset.rule.param,ObjectProperty,"('http://hl7.org/fhir/TestScript.ruleset.rule.param', 'ObjectProperty')"
http://hl7.org/fhir/TestScript.ruleset.rule.param.name,http://hl7.org/fhir/,TestScript.ruleset.rule.param.name,ObjectProperty,"('http://hl7.org/fhir/TestScript.ruleset.rule.param.name', 'ObjectProperty')"
http://hl7.org/fhir/TestScript.ruleset.rule.param.value,http://hl7.org/fhir/,TestScript.ruleset.rule.param.value,ObjectProperty,"('http://hl7.org/fhir/TestScript.ruleset.rule.param.value', 'ObjectProperty')"
http://hl7.org/fhir/TestScript.ruleset.rule.ruleId,http://hl7.org/fhir/,TestScript.ruleset.rule.ruleId,ObjectProperty,"('http://hl7.org/fhir/TestScript.ruleset.rule.ruleId', 'ObjectProperty')"
http://hl7.org/fhir/TestScript.setup,http://hl7.org/fhir/,TestScript.setup,ObjectProperty,"('http://hl7.org/fhir/TestScript.setup', 'ObjectProperty')"
http://hl7.org/fhir/TestScript.setup.action,http://hl7.org/fhir/,TestScript.setup.action,ObjectProperty,"('http://hl7.org/fhir/TestScript.setup.action', 'ObjectProperty')"
http://hl7.org/fhir/TestScript.setup.action.assert,http://hl7.org/fhir/,TestScript.setup.action.assert,ObjectProperty,"('http://hl7.org/fhir/TestScript.setup.action.assert', 'ObjectProperty')"
http://hl7.org/fhir/TestScript.setup.action.assert.compareToSourceExpression,http://hl7.org/fhir/,TestScript.setup.action.assert.compareToSourceExpression,ObjectProperty,"('http://hl7.org/fhir/TestScript.setup.action.assert.compareToSourceExpression', 'ObjectProperty')"
http://hl7.org/fhir/TestScript.setup.action.assert.compareToSourceId,http://hl7.org/fhir/,TestScript.setup.action.assert.compareToSourceId,ObjectProperty,"('http://hl7.org/fhir/TestScript.setup.action.assert.compareToSourceId', 'ObjectProperty')"
http://hl7.org/fhir/TestScript.setup.action.assert.compareToSourcePath,http://hl7.org/fhir/,TestScript.setup.action.assert.compareToSourcePath,ObjectProperty,"('http://hl7.org/fhir/TestScript.setup.action.assert.compareToSourcePath', 'ObjectProperty')"
http://hl7.org/fhir/TestScript.setup.action.assert.contentType,http://hl7.org/fhir/,TestScript.setup.action.assert.contentType,ObjectProperty,"('http://hl7.org/fhir/TestScript.setup.action.assert.contentType', 'ObjectProperty')"
http://hl7.org/fhir/TestScript.setup.action.assert.description,http://hl7.org/fhir/,TestScript.setup.action.assert.description,ObjectProperty,"('http://hl7.org/fhir/TestScript.setup.action.assert.description', 'ObjectProperty')"
http://hl7.org/fhir/TestScript.setup.action.assert.direction,http://hl7.org/fhir/,TestScript.setup.action.assert.direction,ObjectProperty,"('http://hl7.org/fhir/TestScript.setup.action.assert.direction', 'ObjectProperty')"
http://hl7.org/fhir/TestScript.setup.action.assert.expression,http://hl7.org/fhir/,TestScript.setup.action.assert.expression,ObjectProperty,"('http://hl7.org/fhir/TestScript.setup.action.assert.expression', 'ObjectProperty')"
http://hl7.org/fhir/TestScript.setup.action.assert.headerField,http://hl7.org/fhir/,TestScript.setup.action.assert.headerField,ObjectProperty,"('http://hl7.org/fhir/TestScript.setup.action.assert.headerField', 'ObjectProperty')"
http://hl7.org/fhir/TestScript.setup.action.assert.label,http://hl7.org/fhir/,TestScript.setup.action.assert.label,ObjectProperty,"('http://hl7.org/fhir/TestScript.setup.action.assert.label', 'ObjectProperty')"
http://hl7.org/fhir/TestScript.setup.action.assert.minimumId,http://hl7.org/fhir/,TestScript.setup.action.assert.minimumId,ObjectProperty,"('http://hl7.org/fhir/TestScript.setup.action.assert.minimumId', 'ObjectProperty')"
http://hl7.org/fhir/TestScript.setup.action.assert.navigationLinks,http://hl7.org/fhir/,TestScript.setup.action.assert.navigationLinks,ObjectProperty,"('http://hl7.org/fhir/TestScript.setup.action.assert.navigationLinks', 'ObjectProperty')"
http://hl7.org/fhir/TestScript.setup.action.assert.operator,http://hl7.org/fhir/,TestScript.setup.action.assert.operator,ObjectProperty,"('http://hl7.org/fhir/TestScript.setup.action.assert.operator', 'ObjectProperty')"
http://hl7.org/fhir/TestScript.setup.action.assert.path,http://hl7.org/fhir/,TestScript.setup.action.assert.path,ObjectProperty,"('http://hl7.org/fhir/TestScript.setup.action.assert.path', 'ObjectProperty')"
http://hl7.org/fhir/TestScript.setup.action.assert.requestMethod,http://hl7.org/fhir/,TestScript.setup.action.assert.requestMethod,ObjectProperty,"('http://hl7.org/fhir/TestScript.setup.action.assert.requestMethod', 'ObjectProperty')"
http://hl7.org/fhir/TestScript.setup.action.assert.requestURL,http://hl7.org/fhir/,TestScript.setup.action.assert.requestURL,ObjectProperty,"('http://hl7.org/fhir/TestScript.setup.action.assert.requestURL', 'ObjectProperty')"
http://hl7.org/fhir/TestScript.setup.action.assert.resource,http://hl7.org/fhir/,TestScript.setup.action.assert.resource,ObjectProperty,"('http://hl7.org/fhir/TestScript.setup.action.assert.resource', 'ObjectProperty')"
http://hl7.org/fhir/TestScript.setup.action.assert.response,http://hl7.org/fhir/,TestScript.setup.action.assert.response,ObjectProperty,"('http://hl7.org/fhir/TestScript.setup.action.assert.response', 'ObjectProperty')"
http://hl7.org/fhir/TestScript.setup.action.assert.responseCode,http://hl7.org/fhir/,TestScript.setup.action.assert.responseCode,ObjectProperty,"('http://hl7.org/fhir/TestScript.setup.action.assert.responseCode', 'ObjectProperty')"
http://hl7.org/fhir/TestScript.setup.action.assert.rule,http://hl7.org/fhir/,TestScript.setup.action.assert.rule,ObjectProperty,"('http://hl7.org/fhir/TestScript.setup.action.assert.rule', 'ObjectProperty')"
http://hl7.org/fhir/TestScript.setup.action.assert.rule.param,http://hl7.org/fhir/,TestScript.setup.action.assert.rule.param,ObjectProperty,"('http://hl7.org/fhir/TestScript.setup.action.assert.rule.param', 'ObjectProperty')"
http://hl7.org/fhir/TestScript.setup.action.assert.rule.param.name,http://hl7.org/fhir/,TestScript.setup.action.assert.rule.param.name,ObjectProperty,"('http://hl7.org/fhir/TestScript.setup.action.assert.rule.param.name', 'ObjectProperty')"
http://hl7.org/fhir/TestScript.setup.action.assert.rule.param.value,http://hl7.org/fhir/,TestScript.setup.action.assert.rule.param.value,ObjectProperty,"('http://hl7.org/fhir/TestScript.setup.action.assert.rule.param.value', 'ObjectProperty')"
http://hl7.org/fhir/TestScript.setup.action.assert.rule.ruleId,http://hl7.org/fhir/,TestScript.setup.action.assert.rule.ruleId,ObjectProperty,"('http://hl7.org/fhir/TestScript.setup.action.assert.rule.ruleId', 'ObjectProperty')"
http://hl7.org/fhir/TestScript.setup.action.assert.ruleset,http://hl7.org/fhir/,TestScript.setup.action.assert.ruleset,ObjectProperty,"('http://hl7.org/fhir/TestScript.setup.action.assert.ruleset', 'ObjectProperty')"
http://hl7.org/fhir/TestScript.setup.action.assert.ruleset.rule,http://hl7.org/fhir/,TestScript.setup.action.assert.ruleset.rule,ObjectProperty,"('http://hl7.org/fhir/TestScript.setup.action.assert.ruleset.rule', 'ObjectProperty')"
http://hl7.org/fhir/TestScript.setup.action.assert.ruleset.rule.param,http://hl7.org/fhir/,TestScript.setup.action.assert.ruleset.rule.param,ObjectProperty,"('http://hl7.org/fhir/TestScript.setup.action.assert.ruleset.rule.param', 'ObjectProperty')"
http://hl7.org/fhir/TestScript.setup.action.assert.ruleset.rule.param.name,http://hl7.org/fhir/,TestScript.setup.action.assert.ruleset.rule.param.name,ObjectProperty,"('http://hl7.org/fhir/TestScript.setup.action.assert.ruleset.rule.param.name', 'ObjectProperty')"
http://hl7.org/fhir/TestScript.setup.action.assert.ruleset.rule.param.value,http://hl7.org/fhir/,TestScript.setup.action.assert.ruleset.rule.param.value,ObjectProperty,"('http://hl7.org/fhir/TestScript.setup.action.assert.ruleset.rule.param.value', 'ObjectProperty')"
http://hl7.org/fhir/TestScript.setup.action.assert.ruleset.rule.ruleId,http://hl7.org/fhir/,TestScript.setup.action.assert.ruleset.rule.ruleId,ObjectProperty,"('http://hl7.org/fhir/TestScript.setup.action.assert.ruleset.rule.ruleId', 'ObjectProperty')"
http://hl7.org/fhir/TestScript.setup.action.assert.ruleset.rulesetId,http://hl7.org/fhir/,TestScript.setup.action.assert.ruleset.rulesetId,ObjectProperty,"('http://hl7.org/fhir/TestScript.setup.action.assert.ruleset.rulesetId', 'ObjectProperty')"
http://hl7.org/fhir/TestScript.setup.action.assert.sourceId,http://hl7.org/fhir/,TestScript.setup.action.assert.sourceId,ObjectProperty,"('http://hl7.org/fhir/TestScript.setup.action.assert.sourceId', 'ObjectProperty')"
http://hl7.org/fhir/TestScript.setup.action.assert.validateProfileId,http://hl7.org/fhir/,TestScript.setup.action.assert.validateProfileId,ObjectProperty,"('http://hl7.org/fhir/TestScript.setup.action.assert.validateProfileId', 'ObjectProperty')"
http://hl7.org/fhir/TestScript.setup.action.assert.value,http://hl7.org/fhir/,TestScript.setup.action.assert.value,ObjectProperty,"('http://hl7.org/fhir/TestScript.setup.action.assert.value', 'ObjectProperty')"
http://hl7.org/fhir/TestScript.setup.action.assert.warningOnly,http://hl7.org/fhir/,TestScript.setup.action.assert.warningOnly,ObjectProperty,"('http://hl7.org/fhir/TestScript.setup.action.assert.warningOnly', 'ObjectProperty')"
http://hl7.org/fhir/TestScript.setup.action.operation,http://hl7.org/fhir/,TestScript.setup.action.operation,ObjectProperty,"('http://hl7.org/fhir/TestScript.setup.action.operation', 'ObjectProperty')"
http://hl7.org/fhir/TestScript.setup.action.operation.accept,http://hl7.org/fhir/,TestScript.setup.action.operation.accept,ObjectProperty,"('http://hl7.org/fhir/TestScript.setup.action.operation.accept', 'ObjectProperty')"
http://hl7.org/fhir/TestScript.setup.action.operation.contentType,http://hl7.org/fhir/,TestScript.setup.action.operation.contentType,ObjectProperty,"('http://hl7.org/fhir/TestScript.setup.action.operation.contentType', 'ObjectProperty')"
http://hl7.org/fhir/TestScript.setup.action.operation.description,http://hl7.org/fhir/,TestScript.setup.action.operation.description,ObjectProperty,"('http://hl7.org/fhir/TestScript.setup.action.operation.description', 'ObjectProperty')"
http://hl7.org/fhir/TestScript.setup.action.operation.destination,http://hl7.org/fhir/,TestScript.setup.action.operation.destination,ObjectProperty,"('http://hl7.org/fhir/TestScript.setup.action.operation.destination', 'ObjectProperty')"
http://hl7.org/fhir/TestScript.setup.action.operation.encodeRequestUrl,http://hl7.org/fhir/,TestScript.setup.action.operation.encodeRequestUrl,ObjectProperty,"('http://hl7.org/fhir/TestScript.setup.action.operation.encodeRequestUrl', 'ObjectProperty')"
http://hl7.org/fhir/TestScript.setup.action.operation.label,http://hl7.org/fhir/,TestScript.setup.action.operation.label,ObjectProperty,"('http://hl7.org/fhir/TestScript.setup.action.operation.label', 'ObjectProperty')"
http://hl7.org/fhir/TestScript.setup.action.operation.origin,http://hl7.org/fhir/,TestScript.setup.action.operation.origin,ObjectProperty,"('http://hl7.org/fhir/TestScript.setup.action.operation.origin', 'ObjectProperty')"
http://hl7.org/fhir/TestScript.setup.action.operation.params,http://hl7.org/fhir/,TestScript.setup.action.operation.params,ObjectProperty,"('http://hl7.org/fhir/TestScript.setup.action.operation.params', 'ObjectProperty')"
http://hl7.org/fhir/TestScript.setup.action.operation.requestHeader,http://hl7.org/fhir/,TestScript.setup.action.operation.requestHeader,ObjectProperty,"('http://hl7.org/fhir/TestScript.setup.action.operation.requestHeader', 'ObjectProperty')"
http://hl7.org/fhir/TestScript.setup.action.operation.requestHeader.field,http://hl7.org/fhir/,TestScript.setup.action.operation.requestHeader.field,ObjectProperty,"('http://hl7.org/fhir/TestScript.setup.action.operation.requestHeader.field', 'ObjectProperty')"
http://hl7.org/fhir/TestScript.setup.action.operation.requestHeader.value,http://hl7.org/fhir/,TestScript.setup.action.operation.requestHeader.value,ObjectProperty,"('http://hl7.org/fhir/TestScript.setup.action.operation.requestHeader.value', 'ObjectProperty')"
http://hl7.org/fhir/TestScript.setup.action.operation.requestId,http://hl7.org/fhir/,TestScript.setup.action.operation.requestId,ObjectProperty,"('http://hl7.org/fhir/TestScript.setup.action.operation.requestId', 'ObjectProperty')"
http://hl7.org/fhir/TestScript.setup.action.operation.resource,http://hl7.org/fhir/,TestScript.setup.action.operation.resource,ObjectProperty,"('http://hl7.org/fhir/TestScript.setup.action.operation.resource', 'ObjectProperty')"
http://hl7.org/fhir/TestScript.setup.action.operation.responseId,http://hl7.org/fhir/,TestScript.setup.action.operation.responseId,ObjectProperty,"('http://hl7.org/fhir/TestScript.setup.action.operation.responseId', 'ObjectProperty')"
http://hl7.org/fhir/TestScript.setup.action.operation.sourceId,http://hl7.org/fhir/,TestScript.setup.action.operation.sourceId,ObjectProperty,"('http://hl7.org/fhir/TestScript.setup.action.operation.sourceId', 'ObjectProperty')"
http://hl7.org/fhir/TestScript.setup.action.operation.targetId,http://hl7.org/fhir/,TestScript.setup.action.operation.targetId,ObjectProperty,"('http://hl7.org/fhir/TestScript.setup.action.operation.targetId', 'ObjectProperty')"
http://hl7.org/fhir/TestScript.setup.action.operation.type,http://hl7.org/fhir/,TestScript.setup.action.operation.type,ObjectProperty,"('http://hl7.org/fhir/TestScript.setup.action.operation.type', 'ObjectProperty')"
http://hl7.org/fhir/TestScript.setup.action.operation.url,http://hl7.org/fhir/,TestScript.setup.action.operation.url,ObjectProperty,"('http://hl7.org/fhir/TestScript.setup.action.operation.url', 'ObjectProperty')"
http://hl7.org/fhir/TestScript.status,http://hl7.org/fhir/,TestScript.status,ObjectProperty,"('http://hl7.org/fhir/TestScript.status', 'ObjectProperty')"
http://hl7.org/fhir/TestScript.teardown,http://hl7.org/fhir/,TestScript.teardown,ObjectProperty,"('http://hl7.org/fhir/TestScript.teardown', 'ObjectProperty')"
http://hl7.org/fhir/TestScript.teardown.action,http://hl7.org/fhir/,TestScript.teardown.action,ObjectProperty,"('http://hl7.org/fhir/TestScript.teardown.action', 'ObjectProperty')"
http://hl7.org/fhir/TestScript.teardown.action.operation,http://hl7.org/fhir/,TestScript.teardown.action.operation,ObjectProperty,"('http://hl7.org/fhir/TestScript.teardown.action.operation', 'ObjectProperty')"
http://hl7.org/fhir/TestScript.test,http://hl7.org/fhir/,TestScript.test,ObjectProperty,"('http://hl7.org/fhir/TestScript.test', 'ObjectProperty')"
http://hl7.org/fhir/TestScript.test.action,http://hl7.org/fhir/,TestScript.test.action,ObjectProperty,"('http://hl7.org/fhir/TestScript.test.action', 'ObjectProperty')"
http://hl7.org/fhir/TestScript.test.action.assert,http://hl7.org/fhir/,TestScript.test.action.assert,ObjectProperty,"('http://hl7.org/fhir/TestScript.test.action.assert', 'ObjectProperty')"
http://hl7.org/fhir/TestScript.test.action.operation,http://hl7.org/fhir/,TestScript.test.action.operation,ObjectProperty,"('http://hl7.org/fhir/TestScript.test.action.operation', 'ObjectProperty')"
http://hl7.org/fhir/TestScript.test.description,http://hl7.org/fhir/,TestScript.test.description,ObjectProperty,"('http://hl7.org/fhir/TestScript.test.description', 'ObjectProperty')"
http://hl7.org/fhir/TestScript.test.name,http://hl7.org/fhir/,TestScript.test.name,ObjectProperty,"('http://hl7.org/fhir/TestScript.test.name', 'ObjectProperty')"
http://hl7.org/fhir/TestScript.title,http://hl7.org/fhir/,TestScript.title,ObjectProperty,"('http://hl7.org/fhir/TestScript.title', 'ObjectProperty')"
http://hl7.org/fhir/TestScript.url,http://hl7.org/fhir/,TestScript.url,ObjectProperty,"('http://hl7.org/fhir/TestScript.url', 'ObjectProperty')"
http://hl7.org/fhir/TestScript.useContext,http://hl7.org/fhir/,TestScript.useContext,ObjectProperty,"('http://hl7.org/fhir/TestScript.useContext', 'ObjectProperty')"
http://hl7.org/fhir/TestScript.variable,http://hl7.org/fhir/,TestScript.variable,ObjectProperty,"('http://hl7.org/fhir/TestScript.variable', 'ObjectProperty')"
http://hl7.org/fhir/TestScript.variable.defaultValue,http://hl7.org/fhir/,TestScript.variable.defaultValue,ObjectProperty,"('http://hl7.org/fhir/TestScript.variable.defaultValue', 'ObjectProperty')"
http://hl7.org/fhir/TestScript.variable.description,http://hl7.org/fhir/,TestScript.variable.description,ObjectProperty,"('http://hl7.org/fhir/TestScript.variable.description', 'ObjectProperty')"
http://hl7.org/fhir/TestScript.variable.expression,http://hl7.org/fhir/,TestScript.variable.expression,ObjectProperty,"('http://hl7.org/fhir/TestScript.variable.expression', 'ObjectProperty')"
http://hl7.org/fhir/TestScript.variable.headerField,http://hl7.org/fhir/,TestScript.variable.headerField,ObjectProperty,"('http://hl7.org/fhir/TestScript.variable.headerField', 'ObjectProperty')"
http://hl7.org/fhir/TestScript.variable.hint,http://hl7.org/fhir/,TestScript.variable.hint,ObjectProperty,"('http://hl7.org/fhir/TestScript.variable.hint', 'ObjectProperty')"
http://hl7.org/fhir/TestScript.variable.name,http://hl7.org/fhir/,TestScript.variable.name,ObjectProperty,"('http://hl7.org/fhir/TestScript.variable.name', 'ObjectProperty')"
http://hl7.org/fhir/TestScript.variable.path,http://hl7.org/fhir/,TestScript.variable.path,ObjectProperty,"('http://hl7.org/fhir/TestScript.variable.path', 'ObjectProperty')"
http://hl7.org/fhir/TestScript.variable.sourceId,http://hl7.org/fhir/,TestScript.variable.sourceId,ObjectProperty,"('http://hl7.org/fhir/TestScript.variable.sourceId', 'ObjectProperty')"
http://hl7.org/fhir/TestScript.version,http://hl7.org/fhir/,TestScript.version,ObjectProperty,"('http://hl7.org/fhir/TestScript.version', 'ObjectProperty')"
http://hl7.org/fhir/Timing.repeat,http://hl7.org/fhir/,Timing.repeat,ObjectProperty,"('http://hl7.org/fhir/Timing.repeat', 'ObjectProperty')"
http://hl7.org/fhir/Timing.repeat.bounds,http://hl7.org/fhir/,Timing.repeat.bounds,ObjectProperty,"('http://hl7.org/fhir/Timing.repeat.bounds', 'ObjectProperty')"
http://hl7.org/fhir/TriggerDefinition.eventData,http://hl7.org/fhir/,TriggerDefinition.eventData,ObjectProperty,"('http://hl7.org/fhir/TriggerDefinition.eventData', 'ObjectProperty')"
http://hl7.org/fhir/TriggerDefinition.eventName,http://hl7.org/fhir/,TriggerDefinition.eventName,ObjectProperty,"('http://hl7.org/fhir/TriggerDefinition.eventName', 'ObjectProperty')"
http://hl7.org/fhir/TriggerDefinition.eventTiming,http://hl7.org/fhir/,TriggerDefinition.eventTiming,ObjectProperty,"('http://hl7.org/fhir/TriggerDefinition.eventTiming', 'ObjectProperty')"
http://hl7.org/fhir/TriggerDefinition.eventTimingDate,http://hl7.org/fhir/,TriggerDefinition.eventTimingDate,ObjectProperty,"('http://hl7.org/fhir/TriggerDefinition.eventTimingDate', 'ObjectProperty')"
http://hl7.org/fhir/TriggerDefinition.eventTimingDateTime,http://hl7.org/fhir/,TriggerDefinition.eventTimingDateTime,ObjectProperty,"('http://hl7.org/fhir/TriggerDefinition.eventTimingDateTime', 'ObjectProperty')"
http://hl7.org/fhir/TriggerDefinition.eventTimingReference,http://hl7.org/fhir/,TriggerDefinition.eventTimingReference,ObjectProperty,"('http://hl7.org/fhir/TriggerDefinition.eventTimingReference', 'ObjectProperty')"
http://hl7.org/fhir/TriggerDefinition.eventTimingTiming,http://hl7.org/fhir/,TriggerDefinition.eventTimingTiming,ObjectProperty,"('http://hl7.org/fhir/TriggerDefinition.eventTimingTiming', 'ObjectProperty')"
http://hl7.org/fhir/TriggerDefinition.type,http://hl7.org/fhir/,TriggerDefinition.type,ObjectProperty,"('http://hl7.org/fhir/TriggerDefinition.type', 'ObjectProperty')"
http://hl7.org/fhir/UsageContext.code,http://hl7.org/fhir/,UsageContext.code,ObjectProperty,"('http://hl7.org/fhir/UsageContext.code', 'ObjectProperty')"
http://hl7.org/fhir/UsageContext.value,http://hl7.org/fhir/,UsageContext.value,ObjectProperty,"('http://hl7.org/fhir/UsageContext.value', 'ObjectProperty')"
http://hl7.org/fhir/UsageContext.valueCodeableConcept,http://hl7.org/fhir/,UsageContext.valueCodeableConcept,ObjectProperty,"('http://hl7.org/fhir/UsageContext.valueCodeableConcept', 'ObjectProperty')"
http://hl7.org/fhir/UsageContext.valueQuantity,http://hl7.org/fhir/,UsageContext.valueQuantity,ObjectProperty,"('http://hl7.org/fhir/UsageContext.valueQuantity', 'ObjectProperty')"
http://hl7.org/fhir/UsageContext.valueRange,http://hl7.org/fhir/,UsageContext.valueRange,ObjectProperty,"('http://hl7.org/fhir/UsageContext.valueRange', 'ObjectProperty')"
http://hl7.org/fhir/ValueSet.compose,http://hl7.org/fhir/,ValueSet.compose,ObjectProperty,"('http://hl7.org/fhir/ValueSet.compose', 'ObjectProperty')"
http://hl7.org/fhir/ValueSet.compose.exclude,http://hl7.org/fhir/,ValueSet.compose.exclude,ObjectProperty,"('http://hl7.org/fhir/ValueSet.compose.exclude', 'ObjectProperty')"
http://hl7.org/fhir/ValueSet.compose.inactive,http://hl7.org/fhir/,ValueSet.compose.inactive,ObjectProperty,"('http://hl7.org/fhir/ValueSet.compose.inactive', 'ObjectProperty')"
http://hl7.org/fhir/ValueSet.compose.include,http://hl7.org/fhir/,ValueSet.compose.include,ObjectProperty,"('http://hl7.org/fhir/ValueSet.compose.include', 'ObjectProperty')"
http://hl7.org/fhir/ValueSet.compose.include.concept,http://hl7.org/fhir/,ValueSet.compose.include.concept,ObjectProperty,"('http://hl7.org/fhir/ValueSet.compose.include.concept', 'ObjectProperty')"
http://hl7.org/fhir/ValueSet.compose.include.concept.code,http://hl7.org/fhir/,ValueSet.compose.include.concept.code,ObjectProperty,"('http://hl7.org/fhir/ValueSet.compose.include.concept.code', 'ObjectProperty')"
http://hl7.org/fhir/ValueSet.compose.include.concept.designation,http://hl7.org/fhir/,ValueSet.compose.include.concept.designation,ObjectProperty,"('http://hl7.org/fhir/ValueSet.compose.include.concept.designation', 'ObjectProperty')"
http://hl7.org/fhir/ValueSet.compose.include.concept.designation.language,http://hl7.org/fhir/,ValueSet.compose.include.concept.designation.language,ObjectProperty,"('http://hl7.org/fhir/ValueSet.compose.include.concept.designation.language', 'ObjectProperty')"
http://hl7.org/fhir/ValueSet.compose.include.concept.designation.use,http://hl7.org/fhir/,ValueSet.compose.include.concept.designation.use,ObjectProperty,"('http://hl7.org/fhir/ValueSet.compose.include.concept.designation.use', 'ObjectProperty')"
http://hl7.org/fhir/ValueSet.compose.include.concept.designation.value,http://hl7.org/fhir/,ValueSet.compose.include.concept.designation.value,ObjectProperty,"('http://hl7.org/fhir/ValueSet.compose.include.concept.designation.value', 'ObjectProperty')"
http://hl7.org/fhir/ValueSet.compose.include.concept.display,http://hl7.org/fhir/,ValueSet.compose.include.concept.display,ObjectProperty,"('http://hl7.org/fhir/ValueSet.compose.include.concept.display', 'ObjectProperty')"
http://hl7.org/fhir/ValueSet.compose.include.filter,http://hl7.org/fhir/,ValueSet.compose.include.filter,ObjectProperty,"('http://hl7.org/fhir/ValueSet.compose.include.filter', 'ObjectProperty')"
http://hl7.org/fhir/ValueSet.compose.include.filter.op,http://hl7.org/fhir/,ValueSet.compose.include.filter.op,ObjectProperty,"('http://hl7.org/fhir/ValueSet.compose.include.filter.op', 'ObjectProperty')"
http://hl7.org/fhir/ValueSet.compose.include.filter.property,http://hl7.org/fhir/,ValueSet.compose.include.filter.property,ObjectProperty,"('http://hl7.org/fhir/ValueSet.compose.include.filter.property', 'ObjectProperty')"
http://hl7.org/fhir/ValueSet.compose.include.filter.value,http://hl7.org/fhir/,ValueSet.compose.include.filter.value,ObjectProperty,"('http://hl7.org/fhir/ValueSet.compose.include.filter.value', 'ObjectProperty')"
http://hl7.org/fhir/ValueSet.compose.include.system,http://hl7.org/fhir/,ValueSet.compose.include.system,ObjectProperty,"('http://hl7.org/fhir/ValueSet.compose.include.system', 'ObjectProperty')"
http://hl7.org/fhir/ValueSet.compose.include.valueSet,http://hl7.org/fhir/,ValueSet.compose.include.valueSet,ObjectProperty,"('http://hl7.org/fhir/ValueSet.compose.include.valueSet', 'ObjectProperty')"
http://hl7.org/fhir/ValueSet.compose.include.version,http://hl7.org/fhir/,ValueSet.compose.include.version,ObjectProperty,"('http://hl7.org/fhir/ValueSet.compose.include.version', 'ObjectProperty')"
http://hl7.org/fhir/ValueSet.compose.lockedDate,http://hl7.org/fhir/,ValueSet.compose.lockedDate,ObjectProperty,"('http://hl7.org/fhir/ValueSet.compose.lockedDate', 'ObjectProperty')"
http://hl7.org/fhir/ValueSet.contact,http://hl7.org/fhir/,ValueSet.contact,ObjectProperty,"('http://hl7.org/fhir/ValueSet.contact', 'ObjectProperty')"
http://hl7.org/fhir/ValueSet.copyright,http://hl7.org/fhir/,ValueSet.copyright,ObjectProperty,"('http://hl7.org/fhir/ValueSet.copyright', 'ObjectProperty')"
http://hl7.org/fhir/ValueSet.date,http://hl7.org/fhir/,ValueSet.date,ObjectProperty,"('http://hl7.org/fhir/ValueSet.date', 'ObjectProperty')"
http://hl7.org/fhir/ValueSet.description,http://hl7.org/fhir/,ValueSet.description,ObjectProperty,"('http://hl7.org/fhir/ValueSet.description', 'ObjectProperty')"
http://hl7.org/fhir/ValueSet.expansion,http://hl7.org/fhir/,ValueSet.expansion,ObjectProperty,"('http://hl7.org/fhir/ValueSet.expansion', 'ObjectProperty')"
http://hl7.org/fhir/ValueSet.expansion.contains,http://hl7.org/fhir/,ValueSet.expansion.contains,ObjectProperty,"('http://hl7.org/fhir/ValueSet.expansion.contains', 'ObjectProperty')"
http://hl7.org/fhir/ValueSet.expansion.contains.abstract,http://hl7.org/fhir/,ValueSet.expansion.contains.abstract,ObjectProperty,"('http://hl7.org/fhir/ValueSet.expansion.contains.abstract', 'ObjectProperty')"
http://hl7.org/fhir/ValueSet.expansion.contains.code,http://hl7.org/fhir/,ValueSet.expansion.contains.code,ObjectProperty,"('http://hl7.org/fhir/ValueSet.expansion.contains.code', 'ObjectProperty')"
http://hl7.org/fhir/ValueSet.expansion.contains.contains,http://hl7.org/fhir/,ValueSet.expansion.contains.contains,ObjectProperty,"('http://hl7.org/fhir/ValueSet.expansion.contains.contains', 'ObjectProperty')"
http://hl7.org/fhir/ValueSet.expansion.contains.designation,http://hl7.org/fhir/,ValueSet.expansion.contains.designation,ObjectProperty,"('http://hl7.org/fhir/ValueSet.expansion.contains.designation', 'ObjectProperty')"
http://hl7.org/fhir/ValueSet.expansion.contains.display,http://hl7.org/fhir/,ValueSet.expansion.contains.display,ObjectProperty,"('http://hl7.org/fhir/ValueSet.expansion.contains.display', 'ObjectProperty')"
http://hl7.org/fhir/ValueSet.expansion.contains.inactive,http://hl7.org/fhir/,ValueSet.expansion.contains.inactive,ObjectProperty,"('http://hl7.org/fhir/ValueSet.expansion.contains.inactive', 'ObjectProperty')"
http://hl7.org/fhir/ValueSet.expansion.contains.system,http://hl7.org/fhir/,ValueSet.expansion.contains.system,ObjectProperty,"('http://hl7.org/fhir/ValueSet.expansion.contains.system', 'ObjectProperty')"
http://hl7.org/fhir/ValueSet.expansion.contains.version,http://hl7.org/fhir/,ValueSet.expansion.contains.version,ObjectProperty,"('http://hl7.org/fhir/ValueSet.expansion.contains.version', 'ObjectProperty')"
http://hl7.org/fhir/ValueSet.expansion.identifier,http://hl7.org/fhir/,ValueSet.expansion.identifier,ObjectProperty,"('http://hl7.org/fhir/ValueSet.expansion.identifier', 'ObjectProperty')"
http://hl7.org/fhir/ValueSet.expansion.offset,http://hl7.org/fhir/,ValueSet.expansion.offset,ObjectProperty,"('http://hl7.org/fhir/ValueSet.expansion.offset', 'ObjectProperty')"
http://hl7.org/fhir/ValueSet.expansion.parameter,http://hl7.org/fhir/,ValueSet.expansion.parameter,ObjectProperty,"('http://hl7.org/fhir/ValueSet.expansion.parameter', 'ObjectProperty')"
http://hl7.org/fhir/ValueSet.expansion.parameter.name,http://hl7.org/fhir/,ValueSet.expansion.parameter.name,ObjectProperty,"('http://hl7.org/fhir/ValueSet.expansion.parameter.name', 'ObjectProperty')"
http://hl7.org/fhir/ValueSet.expansion.parameter.value,http://hl7.org/fhir/,ValueSet.expansion.parameter.value,ObjectProperty,"('http://hl7.org/fhir/ValueSet.expansion.parameter.value', 'ObjectProperty')"
http://hl7.org/fhir/ValueSet.expansion.parameter.valueBoolean,http://hl7.org/fhir/,ValueSet.expansion.parameter.valueBoolean,ObjectProperty,"('http://hl7.org/fhir/ValueSet.expansion.parameter.valueBoolean', 'ObjectProperty')"
http://hl7.org/fhir/ValueSet.expansion.parameter.valueCode,http://hl7.org/fhir/,ValueSet.expansion.parameter.valueCode,ObjectProperty,"('http://hl7.org/fhir/ValueSet.expansion.parameter.valueCode', 'ObjectProperty')"
http://hl7.org/fhir/ValueSet.expansion.parameter.valueDecimal,http://hl7.org/fhir/,ValueSet.expansion.parameter.valueDecimal,ObjectProperty,"('http://hl7.org/fhir/ValueSet.expansion.parameter.valueDecimal', 'ObjectProperty')"
http://hl7.org/fhir/ValueSet.expansion.parameter.valueInteger,http://hl7.org/fhir/,ValueSet.expansion.parameter.valueInteger,ObjectProperty,"('http://hl7.org/fhir/ValueSet.expansion.parameter.valueInteger', 'ObjectProperty')"
http://hl7.org/fhir/ValueSet.expansion.parameter.valueString,http://hl7.org/fhir/,ValueSet.expansion.parameter.valueString,ObjectProperty,"('http://hl7.org/fhir/ValueSet.expansion.parameter.valueString', 'ObjectProperty')"
http://hl7.org/fhir/ValueSet.expansion.parameter.valueUri,http://hl7.org/fhir/,ValueSet.expansion.parameter.valueUri,ObjectProperty,"('http://hl7.org/fhir/ValueSet.expansion.parameter.valueUri', 'ObjectProperty')"
http://hl7.org/fhir/ValueSet.expansion.timestamp,http://hl7.org/fhir/,ValueSet.expansion.timestamp,ObjectProperty,"('http://hl7.org/fhir/ValueSet.expansion.timestamp', 'ObjectProperty')"
http://hl7.org/fhir/ValueSet.expansion.total,http://hl7.org/fhir/,ValueSet.expansion.total,ObjectProperty,"('http://hl7.org/fhir/ValueSet.expansion.total', 'ObjectProperty')"
http://hl7.org/fhir/ValueSet.experimental,http://hl7.org/fhir/,ValueSet.experimental,ObjectProperty,"('http://hl7.org/fhir/ValueSet.experimental', 'ObjectProperty')"
http://hl7.org/fhir/ValueSet.extensible,http://hl7.org/fhir/,ValueSet.extensible,ObjectProperty,"('http://hl7.org/fhir/ValueSet.extensible', 'ObjectProperty')"
http://hl7.org/fhir/ValueSet.identifier,http://hl7.org/fhir/,ValueSet.identifier,ObjectProperty,"('http://hl7.org/fhir/ValueSet.identifier', 'ObjectProperty')"
http://hl7.org/fhir/ValueSet.immutable,http://hl7.org/fhir/,ValueSet.immutable,ObjectProperty,"('http://hl7.org/fhir/ValueSet.immutable', 'ObjectProperty')"
http://hl7.org/fhir/ValueSet.jurisdiction,http://hl7.org/fhir/,ValueSet.jurisdiction,ObjectProperty,"('http://hl7.org/fhir/ValueSet.jurisdiction', 'ObjectProperty')"
http://hl7.org/fhir/ValueSet.name,http://hl7.org/fhir/,ValueSet.name,ObjectProperty,"('http://hl7.org/fhir/ValueSet.name', 'ObjectProperty')"
http://hl7.org/fhir/ValueSet.publisher,http://hl7.org/fhir/,ValueSet.publisher,ObjectProperty,"('http://hl7.org/fhir/ValueSet.publisher', 'ObjectProperty')"
http://hl7.org/fhir/ValueSet.purpose,http://hl7.org/fhir/,ValueSet.purpose,ObjectProperty,"('http://hl7.org/fhir/ValueSet.purpose', 'ObjectProperty')"
http://hl7.org/fhir/ValueSet.status,http://hl7.org/fhir/,ValueSet.status,ObjectProperty,"('http://hl7.org/fhir/ValueSet.status', 'ObjectProperty')"
http://hl7.org/fhir/ValueSet.title,http://hl7.org/fhir/,ValueSet.title,ObjectProperty,"('http://hl7.org/fhir/ValueSet.title', 'ObjectProperty')"
http://hl7.org/fhir/ValueSet.url,http://hl7.org/fhir/,ValueSet.url,ObjectProperty,"('http://hl7.org/fhir/ValueSet.url', 'ObjectProperty')"
http://hl7.org/fhir/ValueSet.useContext,http://hl7.org/fhir/,ValueSet.useContext,ObjectProperty,"('http://hl7.org/fhir/ValueSet.useContext', 'ObjectProperty')"
http://hl7.org/fhir/ValueSet.version,http://hl7.org/fhir/,ValueSet.version,ObjectProperty,"('http://hl7.org/fhir/ValueSet.version', 'ObjectProperty')"
http://hl7.org/fhir/VisionPrescription.dateWritten,http://hl7.org/fhir/,VisionPrescription.dateWritten,ObjectProperty,"('http://hl7.org/fhir/VisionPrescription.dateWritten', 'ObjectProperty')"
http://hl7.org/fhir/VisionPrescription.dispense,http://hl7.org/fhir/,VisionPrescription.dispense,ObjectProperty,"('http://hl7.org/fhir/VisionPrescription.dispense', 'ObjectProperty')"
http://hl7.org/fhir/VisionPrescription.dispense.add,http://hl7.org/fhir/,VisionPrescription.dispense.add,ObjectProperty,"('http://hl7.org/fhir/VisionPrescription.dispense.add', 'ObjectProperty')"
http://hl7.org/fhir/VisionPrescription.dispense.axis,http://hl7.org/fhir/,VisionPrescription.dispense.axis,ObjectProperty,"('http://hl7.org/fhir/VisionPrescription.dispense.axis', 'ObjectProperty')"
http://hl7.org/fhir/VisionPrescription.dispense.backCurve,http://hl7.org/fhir/,VisionPrescription.dispense.backCurve,ObjectProperty,"('http://hl7.org/fhir/VisionPrescription.dispense.backCurve', 'ObjectProperty')"
http://hl7.org/fhir/VisionPrescription.dispense.base,http://hl7.org/fhir/,VisionPrescription.dispense.base,ObjectProperty,"('http://hl7.org/fhir/VisionPrescription.dispense.base', 'ObjectProperty')"
http://hl7.org/fhir/VisionPrescription.dispense.brand,http://hl7.org/fhir/,VisionPrescription.dispense.brand,ObjectProperty,"('http://hl7.org/fhir/VisionPrescription.dispense.brand', 'ObjectProperty')"
http://hl7.org/fhir/VisionPrescription.dispense.color,http://hl7.org/fhir/,VisionPrescription.dispense.color,ObjectProperty,"('http://hl7.org/fhir/VisionPrescription.dispense.color', 'ObjectProperty')"
http://hl7.org/fhir/VisionPrescription.dispense.cylinder,http://hl7.org/fhir/,VisionPrescription.dispense.cylinder,ObjectProperty,"('http://hl7.org/fhir/VisionPrescription.dispense.cylinder', 'ObjectProperty')"
http://hl7.org/fhir/VisionPrescription.dispense.diameter,http://hl7.org/fhir/,VisionPrescription.dispense.diameter,ObjectProperty,"('http://hl7.org/fhir/VisionPrescription.dispense.diameter', 'ObjectProperty')"
http://hl7.org/fhir/VisionPrescription.dispense.duration,http://hl7.org/fhir/,VisionPrescription.dispense.duration,ObjectProperty,"('http://hl7.org/fhir/VisionPrescription.dispense.duration', 'ObjectProperty')"
http://hl7.org/fhir/VisionPrescription.dispense.eye,http://hl7.org/fhir/,VisionPrescription.dispense.eye,ObjectProperty,"('http://hl7.org/fhir/VisionPrescription.dispense.eye', 'ObjectProperty')"
http://hl7.org/fhir/VisionPrescription.dispense.note,http://hl7.org/fhir/,VisionPrescription.dispense.note,ObjectProperty,"('http://hl7.org/fhir/VisionPrescription.dispense.note', 'ObjectProperty')"
http://hl7.org/fhir/VisionPrescription.dispense.power,http://hl7.org/fhir/,VisionPrescription.dispense.power,ObjectProperty,"('http://hl7.org/fhir/VisionPrescription.dispense.power', 'ObjectProperty')"
http://hl7.org/fhir/VisionPrescription.dispense.prism,http://hl7.org/fhir/,VisionPrescription.dispense.prism,ObjectProperty,"('http://hl7.org/fhir/VisionPrescription.dispense.prism', 'ObjectProperty')"
http://hl7.org/fhir/VisionPrescription.dispense.product,http://hl7.org/fhir/,VisionPrescription.dispense.product,ObjectProperty,"('http://hl7.org/fhir/VisionPrescription.dispense.product', 'ObjectProperty')"
http://hl7.org/fhir/VisionPrescription.dispense.sphere,http://hl7.org/fhir/,VisionPrescription.dispense.sphere,ObjectProperty,"('http://hl7.org/fhir/VisionPrescription.dispense.sphere', 'ObjectProperty')"
http://hl7.org/fhir/VisionPrescription.encounter,http://hl7.org/fhir/,VisionPrescription.encounter,ObjectProperty,"('http://hl7.org/fhir/VisionPrescription.encounter', 'ObjectProperty')"
http://hl7.org/fhir/VisionPrescription.identifier,http://hl7.org/fhir/,VisionPrescription.identifier,ObjectProperty,"('http://hl7.org/fhir/VisionPrescription.identifier', 'ObjectProperty')"
http://hl7.org/fhir/VisionPrescription.patient,http://hl7.org/fhir/,VisionPrescription.patient,ObjectProperty,"('http://hl7.org/fhir/VisionPrescription.patient', 'ObjectProperty')"
http://hl7.org/fhir/VisionPrescription.prescriber,http://hl7.org/fhir/,VisionPrescription.prescriber,ObjectProperty,"('http://hl7.org/fhir/VisionPrescription.prescriber', 'ObjectProperty')"
http://hl7.org/fhir/VisionPrescription.reason,http://hl7.org/fhir/,VisionPrescription.reason,ObjectProperty,"('http://hl7.org/fhir/VisionPrescription.reason', 'ObjectProperty')"
http://hl7.org/fhir/VisionPrescription.reasonCodeableConcept,http://hl7.org/fhir/,VisionPrescription.reasonCodeableConcept,ObjectProperty,"('http://hl7.org/fhir/VisionPrescription.reasonCodeableConcept', 'ObjectProperty')"
http://hl7.org/fhir/VisionPrescription.reasonReference,http://hl7.org/fhir/,VisionPrescription.reasonReference,ObjectProperty,"('http://hl7.org/fhir/VisionPrescription.reasonReference', 'ObjectProperty')"
http://hl7.org/fhir/VisionPrescription.status,http://hl7.org/fhir/,VisionPrescription.status,ObjectProperty,"('http://hl7.org/fhir/VisionPrescription.status', 'ObjectProperty')"
http://hl7.org/fhir/link,http://hl7.org/fhir/,link,ObjectProperty,"('http://hl7.org/fhir/link', 'ObjectProperty')"
http://hl7.org/fhir/nodeRole,http://hl7.org/fhir/,nodeRole,ObjectProperty,"('http://hl7.org/fhir/nodeRole', 'ObjectProperty')"
