?entity	?type
<https://bioportal.bioontology.org/ontologies/FTDM.owl#Admelog>	<http://www.w3.org/2002/07/owl#NamedIndividual>
<https://bioportal.bioontology.org/ontologies/FTDM.owl#Antihypertensive_drug>	<http://www.w3.org/2002/07/owl#Class>
<https://bioportal.bioontology.org/ontologies/FTDM.owl#Basaglar>	<http://www.w3.org/2002/07/owl#Class>
<https://bioportal.bioontology.org/ontologies/FTDM.owl#DDO_17621005>	<http://www.w3.org/2002/07/owl#Class>
<https://bioportal.bioontology.org/ontologies/FTDM.owl#DMTO_0000011>	<http://www.w3.org/2002/07/owl#Class>
<https://bioportal.bioontology.org/ontologies/FTDM.owl#DMTO_0000012>	<http://www.w3.org/2002/07/owl#Class>
<https://bioportal.bioontology.org/ontologies/FTDM.owl#DMTO_0000013>	<http://www.w3.org/2002/07/owl#Class>
<https://bioportal.bioontology.org/ontologies/FTDM.owl#DMTO_0000020>	<http://www.w3.org/2002/07/owl#Class>
<https://bioportal.bioontology.org/ontologies/FTDM.owl#DMTO_0000024>	<http://www.w3.org/2002/07/owl#Class>
<https://bioportal.bioontology.org/ontologies/FTDM.owl#DMTO_0000025>	<http://www.w3.org/2002/07/owl#DatatypeProperty>
<https://bioportal.bioontology.org/ontologies/FTDM.owl#DMTO_0000026>	<http://www.w3.org/2002/07/owl#ObjectProperty>
<https://bioportal.bioontology.org/ontologies/FTDM.owl#DMTO_0000027>	<http://www.w3.org/2002/07/owl#Class>
<https://bioportal.bioontology.org/ontologies/FTDM.owl#DMTO_0000028>	<http://www.w3.org/2002/07/owl#Class>
<https://bioportal.bioontology.org/ontologies/FTDM.owl#DMTO_0000029>	<http://www.w3.org/2002/07/owl#Class>
<https://bioportal.bioontology.org/ontologies/FTDM.owl#DMTO_0000030>	<http://www.w3.org/2002/07/owl#ObjectProperty>
<https://bioportal.bioontology.org/ontologies/FTDM.owl#DMTO_0000031>	<http://www.w3.org/2002/07/owl#ObjectProperty>
<https://bioportal.bioontology.org/ontologies/FTDM.owl#DMTO_0000032>	<http://www.w3.org/2002/07/owl#ObjectProperty>
<https://bioportal.bioontology.org/ontologies/FTDM.owl#DMTO_0000033>	<http://www.w3.org/2002/07/owl#Class>
<https://bioportal.bioontology.org/ontologies/FTDM.owl#DMTO_0000034>	<http://www.w3.org/2002/07/owl#ObjectProperty>
<https://bioportal.bioontology.org/ontologies/FTDM.owl#DMTO_0000035>	<http://www.w3.org/2002/07/owl#DatatypeProperty>
<https://bioportal.bioontology.org/ontologies/FTDM.owl#DMTO_0000036>	<http://www.w3.org/2002/07/owl#DatatypeProperty>
<https://bioportal.bioontology.org/ontologies/FTDM.owl#DMTO_0000037>	<http://www.w3.org/2002/07/owl#DatatypeProperty>
<https://bioportal.bioontology.org/ontologies/FTDM.owl#DMTO_0000041>	<http://www.w3.org/2002/07/owl#ObjectProperty>
<https://bioportal.bioontology.org/ontologies/FTDM.owl#DMTO_0000042>	<http://www.w3.org/2002/07/owl#Class>
<https://bioportal.bioontology.org/ontologies/FTDM.owl#DMTO_0000044>	<http://www.w3.org/2002/07/owl#Class>
<https://bioportal.bioontology.org/ontologies/FTDM.owl#DMTO_0000045>	<http://www.w3.org/2002/07/owl#Class>
<https://bioportal.bioontology.org/ontologies/FTDM.owl#DMTO_0000051>	<http://www.w3.org/2002/07/owl#AnnotationProperty>
<https://bioportal.bioontology.org/ontologies/FTDM.owl#DMTO_0000053>	<http://www.w3.org/2002/07/owl#Class>
<https://bioportal.bioontology.org/ontologies/FTDM.owl#DMTO_0000054>	<http://www.w3.org/2002/07/owl#Class>
<https://bioportal.bioontology.org/ontologies/FTDM.owl#DMTO_0000055>	<http://www.w3.org/2002/07/owl#Class>
<https://bioportal.bioontology.org/ontologies/FTDM.owl#DMTO_0000056>	<http://www.w3.org/2002/07/owl#Class>
<https://bioportal.bioontology.org/ontologies/FTDM.owl#DMTO_0000057>	<http://www.w3.org/2002/07/owl#Class>
<https://bioportal.bioontology.org/ontologies/FTDM.owl#DMTO_0000058>	<http://www.w3.org/2002/07/owl#Class>
<https://bioportal.bioontology.org/ontologies/FTDM.owl#DMTO_0000059>	<http://www.w3.org/2002/07/owl#Class>
<https://bioportal.bioontology.org/ontologies/FTDM.owl#DMTO_0000060>	<http://www.w3.org/2002/07/owl#Class>
<https://bioportal.bioontology.org/ontologies/FTDM.owl#DMTO_0000061>	<http://www.w3.org/2002/07/owl#Class>
<https://bioportal.bioontology.org/ontologies/FTDM.owl#DMTO_0000062>	<http://www.w3.org/2002/07/owl#Class>
<https://bioportal.bioontology.org/ontologies/FTDM.owl#DMTO_0000063>	<http://www.w3.org/2002/07/owl#Class>
<https://bioportal.bioontology.org/ontologies/FTDM.owl#DMTO_0000064>	<http://www.w3.org/2002/07/owl#Class>
<https://bioportal.bioontology.org/ontologies/FTDM.owl#DMTO_0000065>	<http://www.w3.org/2002/07/owl#Class>
<https://bioportal.bioontology.org/ontologies/FTDM.owl#DMTO_0000066>	<http://www.w3.org/2002/07/owl#Class>
<https://bioportal.bioontology.org/ontologies/FTDM.owl#DMTO_0000067>	<http://www.w3.org/2002/07/owl#Class>
<https://bioportal.bioontology.org/ontologies/FTDM.owl#DMTO_0000068>	<http://www.w3.org/2002/07/owl#Class>
<https://bioportal.bioontology.org/ontologies/FTDM.owl#DMTO_0000069>	<http://www.w3.org/2002/07/owl#Class>
<https://bioportal.bioontology.org/ontologies/FTDM.owl#DMTO_0000070>	<http://www.w3.org/2002/07/owl#Class>
<https://bioportal.bioontology.org/ontologies/FTDM.owl#DMTO_0000071>	<http://www.w3.org/2002/07/owl#Class>
<https://bioportal.bioontology.org/ontologies/FTDM.owl#DMTO_0000079>	<http://www.w3.org/2002/07/owl#AnnotationProperty>
<https://bioportal.bioontology.org/ontologies/FTDM.owl#DMTO_0000081>	<http://www.w3.org/2002/07/owl#AnnotationProperty>
<https://bioportal.bioontology.org/ontologies/FTDM.owl#DMTO_0000082>	<http://www.w3.org/2002/07/owl#Class>
<https://bioportal.bioontology.org/ontologies/FTDM.owl#DMTO_0000083>	<http://www.w3.org/2002/07/owl#Class>
<https://bioportal.bioontology.org/ontologies/FTDM.owl#DMTO_0000084>	<http://www.w3.org/2002/07/owl#Class>
<https://bioportal.bioontology.org/ontologies/FTDM.owl#DMTO_0000085>	<http://www.w3.org/2002/07/owl#Class>
<https://bioportal.bioontology.org/ontologies/FTDM.owl#DMTO_0000086>	<http://www.w3.org/2002/07/owl#Class>
<https://bioportal.bioontology.org/ontologies/FTDM.owl#DMTO_0000087>	<http://www.w3.org/2002/07/owl#Class>
<https://bioportal.bioontology.org/ontologies/FTDM.owl#DMTO_0000088>	<http://www.w3.org/2002/07/owl#Class>
<https://bioportal.bioontology.org/ontologies/FTDM.owl#DMTO_0000089>	<http://www.w3.org/2002/07/owl#Class>
<https://bioportal.bioontology.org/ontologies/FTDM.owl#DMTO_0000090>	<http://www.w3.org/2002/07/owl#Class>
<https://bioportal.bioontology.org/ontologies/FTDM.owl#DMTO_0000091>	<http://www.w3.org/2002/07/owl#Class>
<https://bioportal.bioontology.org/ontologies/FTDM.owl#DMTO_0000092>	<http://www.w3.org/2002/07/owl#Class>
<https://bioportal.bioontology.org/ontologies/FTDM.owl#DMTO_0000093>	<http://www.w3.org/2002/07/owl#Class>
<https://bioportal.bioontology.org/ontologies/FTDM.owl#DMTO_0000094>	<http://www.w3.org/2002/07/owl#Class>
<https://bioportal.bioontology.org/ontologies/FTDM.owl#DMTO_0000095>	<http://www.w3.org/2002/07/owl#Class>
<https://bioportal.bioontology.org/ontologies/FTDM.owl#DMTO_0000096>	<http://www.w3.org/2002/07/owl#Class>
<https://bioportal.bioontology.org/ontologies/FTDM.owl#DMTO_0000097>	<http://www.w3.org/2002/07/owl#Class>
<https://bioportal.bioontology.org/ontologies/FTDM.owl#DMTO_0000098>	<http://www.w3.org/2002/07/owl#Class>
<https://bioportal.bioontology.org/ontologies/FTDM.owl#DMTO_0000099>	<http://www.w3.org/2002/07/owl#Class>
<https://bioportal.bioontology.org/ontologies/FTDM.owl#DMTO_0000100>	<http://www.w3.org/2002/07/owl#Class>
<https://bioportal.bioontology.org/ontologies/FTDM.owl#DMTO_0000101>	<http://www.w3.org/2002/07/owl#Class>
<https://bioportal.bioontology.org/ontologies/FTDM.owl#DMTO_0000102>	<http://www.w3.org/2002/07/owl#Class>
<https://bioportal.bioontology.org/ontologies/FTDM.owl#DMTO_0000103>	<http://www.w3.org/2002/07/owl#Class>
<https://bioportal.bioontology.org/ontologies/FTDM.owl#DMTO_0000104>	<http://www.w3.org/2002/07/owl#Class>
<https://bioportal.bioontology.org/ontologies/FTDM.owl#DMTO_0000105>	<http://www.w3.org/2002/07/owl#Class>
<https://bioportal.bioontology.org/ontologies/FTDM.owl#DMTO_0000106>	<http://www.w3.org/2002/07/owl#Class>
<https://bioportal.bioontology.org/ontologies/FTDM.owl#DMTO_0000107>	<http://www.w3.org/2002/07/owl#Class>
<https://bioportal.bioontology.org/ontologies/FTDM.owl#DMTO_0000108>	<http://www.w3.org/2002/07/owl#Class>
<https://bioportal.bioontology.org/ontologies/FTDM.owl#DMTO_0000109>	<http://www.w3.org/2002/07/owl#Class>
<https://bioportal.bioontology.org/ontologies/FTDM.owl#DMTO_0000110>	<http://www.w3.org/2002/07/owl#Class>
<https://bioportal.bioontology.org/ontologies/FTDM.owl#DMTO_0000111>	<http://www.w3.org/2002/07/owl#Class>
<https://bioportal.bioontology.org/ontologies/FTDM.owl#DMTO_0000112>	<http://www.w3.org/2002/07/owl#Class>
<https://bioportal.bioontology.org/ontologies/FTDM.owl#DMTO_0000113>	<http://www.w3.org/2002/07/owl#Class>
<https://bioportal.bioontology.org/ontologies/FTDM.owl#DMTO_0000114>	<http://www.w3.org/2002/07/owl#Class>
<https://bioportal.bioontology.org/ontologies/FTDM.owl#DMTO_0000115>	<http://www.w3.org/2002/07/owl#Class>
<https://bioportal.bioontology.org/ontologies/FTDM.owl#DMTO_0000116>	<http://www.w3.org/2002/07/owl#Class>
<https://bioportal.bioontology.org/ontologies/FTDM.owl#DMTO_0000117>	<http://www.w3.org/2002/07/owl#Class>
<https://bioportal.bioontology.org/ontologies/FTDM.owl#DMTO_0000118>	<http://www.w3.org/2002/07/owl#Class>
<https://bioportal.bioontology.org/ontologies/FTDM.owl#DMTO_0000119>	<http://www.w3.org/2002/07/owl#Class>
<https://bioportal.bioontology.org/ontologies/FTDM.owl#DMTO_0000120>	<http://www.w3.org/2002/07/owl#Class>
<https://bioportal.bioontology.org/ontologies/FTDM.owl#DMTO_0000121>	<http://www.w3.org/2002/07/owl#Class>
<https://bioportal.bioontology.org/ontologies/FTDM.owl#DMTO_0000122>	<http://www.w3.org/2002/07/owl#Class>
<https://bioportal.bioontology.org/ontologies/FTDM.owl#DMTO_0000123>	<http://www.w3.org/2002/07/owl#Class>
<https://bioportal.bioontology.org/ontologies/FTDM.owl#DMTO_0000124>	<http://www.w3.org/2002/07/owl#Class>
<https://bioportal.bioontology.org/ontologies/FTDM.owl#DMTO_0000125>	<http://www.w3.org/2002/07/owl#Class>
<https://bioportal.bioontology.org/ontologies/FTDM.owl#DMTO_0000126>	<http://www.w3.org/2002/07/owl#Class>
<https://bioportal.bioontology.org/ontologies/FTDM.owl#DMTO_0000127>	<http://www.w3.org/2002/07/owl#Class>
<https://bioportal.bioontology.org/ontologies/FTDM.owl#DMTO_0000128>	<http://www.w3.org/2002/07/owl#Class>
<https://bioportal.bioontology.org/ontologies/FTDM.owl#DMTO_0000129>	<http://www.w3.org/2002/07/owl#Class>
<https://bioportal.bioontology.org/ontologies/FTDM.owl#DMTO_0000130>	<http://www.w3.org/2002/07/owl#Class>
<https://bioportal.bioontology.org/ontologies/FTDM.owl#DMTO_0000131>	<http://www.w3.org/2002/07/owl#Class>
<https://bioportal.bioontology.org/ontologies/FTDM.owl#DMTO_0000132>	<http://www.w3.org/2002/07/owl#Class>
<https://bioportal.bioontology.org/ontologies/FTDM.owl#DMTO_0000133>	<http://www.w3.org/2002/07/owl#Class>
<https://bioportal.bioontology.org/ontologies/FTDM.owl#DMTO_0000134>	<http://www.w3.org/2002/07/owl#Class>
<https://bioportal.bioontology.org/ontologies/FTDM.owl#DMTO_0000135>	<http://www.w3.org/2002/07/owl#Class>
<https://bioportal.bioontology.org/ontologies/FTDM.owl#DMTO_0000136>	<http://www.w3.org/2002/07/owl#Class>
<https://bioportal.bioontology.org/ontologies/FTDM.owl#DMTO_0000137>	<http://www.w3.org/2002/07/owl#Class>
<https://bioportal.bioontology.org/ontologies/FTDM.owl#DMTO_0000138>	<http://www.w3.org/2002/07/owl#Class>
<https://bioportal.bioontology.org/ontologies/FTDM.owl#DMTO_0000139>	<http://www.w3.org/2002/07/owl#Class>
<https://bioportal.bioontology.org/ontologies/FTDM.owl#DMTO_0000140>	<http://www.w3.org/2002/07/owl#Class>
<https://bioportal.bioontology.org/ontologies/FTDM.owl#DMTO_0000141>	<http://www.w3.org/2002/07/owl#Class>
<https://bioportal.bioontology.org/ontologies/FTDM.owl#DMTO_0000142>	<http://www.w3.org/2002/07/owl#Class>
<https://bioportal.bioontology.org/ontologies/FTDM.owl#DMTO_0000143>	<http://www.w3.org/2002/07/owl#Class>
<https://bioportal.bioontology.org/ontologies/FTDM.owl#DMTO_0000144>	<http://www.w3.org/2002/07/owl#Class>
<https://bioportal.bioontology.org/ontologies/FTDM.owl#DMTO_0000145>	<http://www.w3.org/2002/07/owl#Class>
<https://bioportal.bioontology.org/ontologies/FTDM.owl#DMTO_0000146>	<http://www.w3.org/2002/07/owl#Class>
<https://bioportal.bioontology.org/ontologies/FTDM.owl#DMTO_0000147>	<http://www.w3.org/2002/07/owl#Class>
<https://bioportal.bioontology.org/ontologies/FTDM.owl#DMTO_0000148>	<http://www.w3.org/2002/07/owl#Class>
<https://bioportal.bioontology.org/ontologies/FTDM.owl#DMTO_0000149>	<http://www.w3.org/2002/07/owl#Class>
<https://bioportal.bioontology.org/ontologies/FTDM.owl#DMTO_0000150>	<http://www.w3.org/2002/07/owl#Class>
<https://bioportal.bioontology.org/ontologies/FTDM.owl#DMTO_0000151>	<http://www.w3.org/2002/07/owl#Class>
<https://bioportal.bioontology.org/ontologies/FTDM.owl#DMTO_0000152>	<http://www.w3.org/2002/07/owl#Class>
<https://bioportal.bioontology.org/ontologies/FTDM.owl#DMTO_0000153>	<http://www.w3.org/2002/07/owl#Class>
<https://bioportal.bioontology.org/ontologies/FTDM.owl#DMTO_0000154>	<http://www.w3.org/2002/07/owl#Class>
<https://bioportal.bioontology.org/ontologies/FTDM.owl#DMTO_0000155>	<http://www.w3.org/2002/07/owl#Class>
<https://bioportal.bioontology.org/ontologies/FTDM.owl#DMTO_0000156>	<http://www.w3.org/2002/07/owl#Class>
<https://bioportal.bioontology.org/ontologies/FTDM.owl#DMTO_0000157>	<http://www.w3.org/2002/07/owl#Class>
<https://bioportal.bioontology.org/ontologies/FTDM.owl#DMTO_0000158>	<http://www.w3.org/2002/07/owl#Class>
<https://bioportal.bioontology.org/ontologies/FTDM.owl#DMTO_0000159>	<http://www.w3.org/2002/07/owl#Class>
<https://bioportal.bioontology.org/ontologies/FTDM.owl#DMTO_0000160>	<http://www.w3.org/2002/07/owl#Class>
<https://bioportal.bioontology.org/ontologies/FTDM.owl#DMTO_0000161>	<http://www.w3.org/2002/07/owl#Class>
<https://bioportal.bioontology.org/ontologies/FTDM.owl#DMTO_0000162>	<http://www.w3.org/2002/07/owl#Class>
<https://bioportal.bioontology.org/ontologies/FTDM.owl#DMTO_0000163>	<http://www.w3.org/2002/07/owl#Class>
<https://bioportal.bioontology.org/ontologies/FTDM.owl#DMTO_0000164>	<http://www.w3.org/2002/07/owl#Class>
<https://bioportal.bioontology.org/ontologies/FTDM.owl#DMTO_0000165>	<http://www.w3.org/2002/07/owl#Class>
<https://bioportal.bioontology.org/ontologies/FTDM.owl#DMTO_0000166>	<http://www.w3.org/2002/07/owl#Class>
<https://bioportal.bioontology.org/ontologies/FTDM.owl#DMTO_0000167>	<http://www.w3.org/2002/07/owl#Class>
<https://bioportal.bioontology.org/ontologies/FTDM.owl#DMTO_0000168>	<http://www.w3.org/2002/07/owl#Class>
<https://bioportal.bioontology.org/ontologies/FTDM.owl#DMTO_0000169>	<http://www.w3.org/2002/07/owl#Class>
<https://bioportal.bioontology.org/ontologies/FTDM.owl#DMTO_0000170>	<http://www.w3.org/2002/07/owl#Class>
<https://bioportal.bioontology.org/ontologies/FTDM.owl#DMTO_0000171>	<http://www.w3.org/2002/07/owl#Class>
<https://bioportal.bioontology.org/ontologies/FTDM.owl#DMTO_0000172>	<http://www.w3.org/2002/07/owl#Class>
<https://bioportal.bioontology.org/ontologies/FTDM.owl#DMTO_0000173>	<http://www.w3.org/2002/07/owl#Class>
<https://bioportal.bioontology.org/ontologies/FTDM.owl#DMTO_0000174>	<http://www.w3.org/2002/07/owl#Class>
<https://bioportal.bioontology.org/ontologies/FTDM.owl#DMTO_0000175>	<http://www.w3.org/2002/07/owl#Class>
<https://bioportal.bioontology.org/ontologies/FTDM.owl#DMTO_0000180>	<http://www.w3.org/2002/07/owl#Class>
<https://bioportal.bioontology.org/ontologies/FTDM.owl#DMTO_0000181>	<http://www.w3.org/2002/07/owl#Class>
<https://bioportal.bioontology.org/ontologies/FTDM.owl#DMTO_0000182>	<http://www.w3.org/2002/07/owl#Class>
<https://bioportal.bioontology.org/ontologies/FTDM.owl#DMTO_0000183>	<http://www.w3.org/2002/07/owl#Class>
<https://bioportal.bioontology.org/ontologies/FTDM.owl#DMTO_0000184>	<http://www.w3.org/2002/07/owl#Class>
<https://bioportal.bioontology.org/ontologies/FTDM.owl#DMTO_0000185>	<http://www.w3.org/2002/07/owl#Class>
<https://bioportal.bioontology.org/ontologies/FTDM.owl#DMTO_0000186>	<http://www.w3.org/2002/07/owl#Class>
<https://bioportal.bioontology.org/ontologies/FTDM.owl#DMTO_0000187>	<http://www.w3.org/2002/07/owl#Class>
<https://bioportal.bioontology.org/ontologies/FTDM.owl#DMTO_0000188>	<http://www.w3.org/2002/07/owl#Class>
<https://bioportal.bioontology.org/ontologies/FTDM.owl#DMTO_0000189>	<http://www.w3.org/2002/07/owl#Class>
<https://bioportal.bioontology.org/ontologies/FTDM.owl#DMTO_0000190>	<http://www.w3.org/2002/07/owl#Class>
<https://bioportal.bioontology.org/ontologies/FTDM.owl#DMTO_0000191>	<http://www.w3.org/2002/07/owl#Class>
<https://bioportal.bioontology.org/ontologies/FTDM.owl#DMTO_0000192>	<http://www.w3.org/2002/07/owl#Class>
<https://bioportal.bioontology.org/ontologies/FTDM.owl#DMTO_0000193>	<http://www.w3.org/2002/07/owl#Class>
<https://bioportal.bioontology.org/ontologies/FTDM.owl#DMTO_0000194>	<http://www.w3.org/2002/07/owl#Class>
<https://bioportal.bioontology.org/ontologies/FTDM.owl#DMTO_0000195>	<http://www.w3.org/2002/07/owl#Class>
<https://bioportal.bioontology.org/ontologies/FTDM.owl#DMTO_0000196>	<http://www.w3.org/2002/07/owl#Class>
<https://bioportal.bioontology.org/ontologies/FTDM.owl#DMTO_0000197>	<http://www.w3.org/2002/07/owl#Class>
<https://bioportal.bioontology.org/ontologies/FTDM.owl#DMTO_0000198>	<http://www.w3.org/2002/07/owl#Class>
<https://bioportal.bioontology.org/ontologies/FTDM.owl#DMTO_0000199>	<http://www.w3.org/2002/07/owl#Class>
<https://bioportal.bioontology.org/ontologies/FTDM.owl#DMTO_0000200>	<http://www.w3.org/2002/07/owl#Class>
<https://bioportal.bioontology.org/ontologies/FTDM.owl#DMTO_0000201>	<http://www.w3.org/2002/07/owl#Class>
<https://bioportal.bioontology.org/ontologies/FTDM.owl#DMTO_0000202>	<http://www.w3.org/2002/07/owl#Class>
<https://bioportal.bioontology.org/ontologies/FTDM.owl#DMTO_0000203>	<http://www.w3.org/2002/07/owl#Class>
<https://bioportal.bioontology.org/ontologies/FTDM.owl#DMTO_0000204>	<http://www.w3.org/2002/07/owl#Class>
<https://bioportal.bioontology.org/ontologies/FTDM.owl#DMTO_0000205>	<http://www.w3.org/2002/07/owl#Class>
<https://bioportal.bioontology.org/ontologies/FTDM.owl#DMTO_0000206>	<http://www.w3.org/2002/07/owl#Class>
<https://bioportal.bioontology.org/ontologies/FTDM.owl#DMTO_0000207>	<http://www.w3.org/2002/07/owl#Class>
<https://bioportal.bioontology.org/ontologies/FTDM.owl#DMTO_0000208>	<http://www.w3.org/2002/07/owl#Class>
<https://bioportal.bioontology.org/ontologies/FTDM.owl#DMTO_0000209>	<http://www.w3.org/2002/07/owl#Class>
<https://bioportal.bioontology.org/ontologies/FTDM.owl#DMTO_0000210>	<http://www.w3.org/2002/07/owl#Class>
<https://bioportal.bioontology.org/ontologies/FTDM.owl#DMTO_0000211>	<http://www.w3.org/2002/07/owl#Class>
<https://bioportal.bioontology.org/ontologies/FTDM.owl#DMTO_0000212>	<http://www.w3.org/2002/07/owl#Class>
<https://bioportal.bioontology.org/ontologies/FTDM.owl#DMTO_0000213>	<http://www.w3.org/2002/07/owl#Class>
<https://bioportal.bioontology.org/ontologies/FTDM.owl#DMTO_0000214>	<http://www.w3.org/2002/07/owl#Class>
<https://bioportal.bioontology.org/ontologies/FTDM.owl#DMTO_0000215>	<http://www.w3.org/2002/07/owl#Class>
<https://bioportal.bioontology.org/ontologies/FTDM.owl#DMTO_0000216>	<http://www.w3.org/2002/07/owl#Class>
<https://bioportal.bioontology.org/ontologies/FTDM.owl#DMTO_0000217>	<http://www.w3.org/2002/07/owl#Class>
<https://bioportal.bioontology.org/ontologies/FTDM.owl#DMTO_0000218>	<http://www.w3.org/2002/07/owl#Class>
<https://bioportal.bioontology.org/ontologies/FTDM.owl#DMTO_0000219>	<http://www.w3.org/2002/07/owl#Class>
<https://bioportal.bioontology.org/ontologies/FTDM.owl#DMTO_0000220>	<http://www.w3.org/2002/07/owl#Class>
<https://bioportal.bioontology.org/ontologies/FTDM.owl#DMTO_0000221>	<http://www.w3.org/2002/07/owl#Class>
<https://bioportal.bioontology.org/ontologies/FTDM.owl#DMTO_0000222>	<http://www.w3.org/2002/07/owl#Class>
<https://bioportal.bioontology.org/ontologies/FTDM.owl#DMTO_0000223>	<http://www.w3.org/2002/07/owl#Class>
<https://bioportal.bioontology.org/ontologies/FTDM.owl#DMTO_0000224>	<http://www.w3.org/2002/07/owl#Class>
<https://bioportal.bioontology.org/ontologies/FTDM.owl#DMTO_0000225>	<http://www.w3.org/2002/07/owl#Class>
<https://bioportal.bioontology.org/ontologies/FTDM.owl#DMTO_0000226>	<http://www.w3.org/2002/07/owl#Class>
<https://bioportal.bioontology.org/ontologies/FTDM.owl#DMTO_0000227>	<http://www.w3.org/2002/07/owl#Class>
<https://bioportal.bioontology.org/ontologies/FTDM.owl#DMTO_0000228>	<http://www.w3.org/2002/07/owl#Class>
<https://bioportal.bioontology.org/ontologies/FTDM.owl#DMTO_0000229>	<http://www.w3.org/2002/07/owl#Class>
<https://bioportal.bioontology.org/ontologies/FTDM.owl#DMTO_0000230>	<http://www.w3.org/2002/07/owl#Class>
<https://bioportal.bioontology.org/ontologies/FTDM.owl#DMTO_0000231>	<http://www.w3.org/2002/07/owl#Class>
<https://bioportal.bioontology.org/ontologies/FTDM.owl#DMTO_0000232>	<http://www.w3.org/2002/07/owl#Class>
<https://bioportal.bioontology.org/ontologies/FTDM.owl#DMTO_0000233>	<http://www.w3.org/2002/07/owl#Class>
<https://bioportal.bioontology.org/ontologies/FTDM.owl#DMTO_0000234>	<http://www.w3.org/2002/07/owl#Class>
<https://bioportal.bioontology.org/ontologies/FTDM.owl#DMTO_0000235>	<http://www.w3.org/2002/07/owl#Class>
<https://bioportal.bioontology.org/ontologies/FTDM.owl#DMTO_0000236>	<http://www.w3.org/2002/07/owl#Class>
<https://bioportal.bioontology.org/ontologies/FTDM.owl#DMTO_0000237>	<http://www.w3.org/2002/07/owl#Class>
<https://bioportal.bioontology.org/ontologies/FTDM.owl#DMTO_0000238>	<http://www.w3.org/2002/07/owl#Class>
<https://bioportal.bioontology.org/ontologies/FTDM.owl#DMTO_0000239>	<http://www.w3.org/2002/07/owl#Class>
<https://bioportal.bioontology.org/ontologies/FTDM.owl#DMTO_0000240>	<http://www.w3.org/2002/07/owl#Class>
<https://bioportal.bioontology.org/ontologies/FTDM.owl#DMTO_0000241>	<http://www.w3.org/2002/07/owl#Class>
<https://bioportal.bioontology.org/ontologies/FTDM.owl#DMTO_0000242>	<http://www.w3.org/2002/07/owl#Class>
<https://bioportal.bioontology.org/ontologies/FTDM.owl#DMTO_0000243>	<http://www.w3.org/2002/07/owl#Class>
<https://bioportal.bioontology.org/ontologies/FTDM.owl#DMTO_0000244>	<http://www.w3.org/2002/07/owl#Class>
<https://bioportal.bioontology.org/ontologies/FTDM.owl#DMTO_0000245>	<http://www.w3.org/2002/07/owl#Class>
<https://bioportal.bioontology.org/ontologies/FTDM.owl#DMTO_0000246>	<http://www.w3.org/2002/07/owl#Class>
<https://bioportal.bioontology.org/ontologies/FTDM.owl#DMTO_0000247>	<http://www.w3.org/2002/07/owl#Class>
<https://bioportal.bioontology.org/ontologies/FTDM.owl#DMTO_0000248>	<http://www.w3.org/2002/07/owl#Class>
<https://bioportal.bioontology.org/ontologies/FTDM.owl#DMTO_0000249>	<http://www.w3.org/2002/07/owl#Class>
<https://bioportal.bioontology.org/ontologies/FTDM.owl#DMTO_0000250>	<http://www.w3.org/2002/07/owl#Class>
<https://bioportal.bioontology.org/ontologies/FTDM.owl#DMTO_0000251>	<http://www.w3.org/2002/07/owl#Class>
<https://bioportal.bioontology.org/ontologies/FTDM.owl#DMTO_0000252>	<http://www.w3.org/2002/07/owl#Class>
<https://bioportal.bioontology.org/ontologies/FTDM.owl#DMTO_0000253>	<http://www.w3.org/2002/07/owl#Class>
<https://bioportal.bioontology.org/ontologies/FTDM.owl#DMTO_0000254>	<http://www.w3.org/2002/07/owl#Class>
<https://bioportal.bioontology.org/ontologies/FTDM.owl#DMTO_0000255>	<http://www.w3.org/2002/07/owl#Class>
<https://bioportal.bioontology.org/ontologies/FTDM.owl#DMTO_0000256>	<http://www.w3.org/2002/07/owl#Class>
<https://bioportal.bioontology.org/ontologies/FTDM.owl#DMTO_0000257>	<http://www.w3.org/2002/07/owl#Class>
<https://bioportal.bioontology.org/ontologies/FTDM.owl#DMTO_0000258>	<http://www.w3.org/2002/07/owl#Class>
<https://bioportal.bioontology.org/ontologies/FTDM.owl#DMTO_0000261>	<http://www.w3.org/2002/07/owl#Class>
<https://bioportal.bioontology.org/ontologies/FTDM.owl#DMTO_0000262>	<http://www.w3.org/2002/07/owl#Class>
<https://bioportal.bioontology.org/ontologies/FTDM.owl#DMTO_0000263>	<http://www.w3.org/2002/07/owl#Class>
<https://bioportal.bioontology.org/ontologies/FTDM.owl#DMTO_0000264>	<http://www.w3.org/2002/07/owl#Class>
<https://bioportal.bioontology.org/ontologies/FTDM.owl#DMTO_0000265>	<http://www.w3.org/2002/07/owl#Class>
<https://bioportal.bioontology.org/ontologies/FTDM.owl#DMTO_0000266>	<http://www.w3.org/2002/07/owl#Class>
<https://bioportal.bioontology.org/ontologies/FTDM.owl#DMTO_0000267>	<http://www.w3.org/2002/07/owl#Class>
<https://bioportal.bioontology.org/ontologies/FTDM.owl#DMTO_0000268>	<http://www.w3.org/2002/07/owl#Class>
<https://bioportal.bioontology.org/ontologies/FTDM.owl#DMTO_0000269>	<http://www.w3.org/2002/07/owl#Class>
<https://bioportal.bioontology.org/ontologies/FTDM.owl#DMTO_0000270>	<http://www.w3.org/2002/07/owl#Class>
<https://bioportal.bioontology.org/ontologies/FTDM.owl#DMTO_0000271>	<http://www.w3.org/2002/07/owl#Class>
<https://bioportal.bioontology.org/ontologies/FTDM.owl#DMTO_0000272>	<http://www.w3.org/2002/07/owl#Class>
<https://bioportal.bioontology.org/ontologies/FTDM.owl#DMTO_0000273>	<http://www.w3.org/2002/07/owl#Class>
<https://bioportal.bioontology.org/ontologies/FTDM.owl#DMTO_0000274>	<http://www.w3.org/2002/07/owl#Class>
<https://bioportal.bioontology.org/ontologies/FTDM.owl#DMTO_0000275>	<http://www.w3.org/2002/07/owl#Class>
<https://bioportal.bioontology.org/ontologies/FTDM.owl#DMTO_0000276>	<http://www.w3.org/2002/07/owl#Class>
<https://bioportal.bioontology.org/ontologies/FTDM.owl#DMTO_0000277>	<http://www.w3.org/2002/07/owl#Class>
<https://bioportal.bioontology.org/ontologies/FTDM.owl#DMTO_0000278>	<http://www.w3.org/2002/07/owl#Class>
<https://bioportal.bioontology.org/ontologies/FTDM.owl#DMTO_0000279>	<http://www.w3.org/2002/07/owl#Class>
<https://bioportal.bioontology.org/ontologies/FTDM.owl#DMTO_0000280>	<http://www.w3.org/2002/07/owl#Class>
<https://bioportal.bioontology.org/ontologies/FTDM.owl#DMTO_0000281>	<http://www.w3.org/2002/07/owl#Class>
<https://bioportal.bioontology.org/ontologies/FTDM.owl#DMTO_0000282>	<http://www.w3.org/2002/07/owl#Class>
<https://bioportal.bioontology.org/ontologies/FTDM.owl#DMTO_0000283>	<http://www.w3.org/2002/07/owl#Class>
<https://bioportal.bioontology.org/ontologies/FTDM.owl#DMTO_0000284>	<http://www.w3.org/2002/07/owl#Class>
<https://bioportal.bioontology.org/ontologies/FTDM.owl#DMTO_0000285>	<http://www.w3.org/2002/07/owl#Class>
<https://bioportal.bioontology.org/ontologies/FTDM.owl#DMTO_0000286>	<http://www.w3.org/2002/07/owl#Class>
<https://bioportal.bioontology.org/ontologies/FTDM.owl#DMTO_0000287>	<http://www.w3.org/2002/07/owl#Class>
<https://bioportal.bioontology.org/ontologies/FTDM.owl#DMTO_0000288>	<http://www.w3.org/2002/07/owl#Class>
<https://bioportal.bioontology.org/ontologies/FTDM.owl#DMTO_0000289>	<http://www.w3.org/2002/07/owl#Class>
<https://bioportal.bioontology.org/ontologies/FTDM.owl#DMTO_0000290>	<http://www.w3.org/2002/07/owl#Class>
<https://bioportal.bioontology.org/ontologies/FTDM.owl#DMTO_0000291>	<http://www.w3.org/2002/07/owl#Class>
<https://bioportal.bioontology.org/ontologies/FTDM.owl#DMTO_0000292>	<http://www.w3.org/2002/07/owl#Class>
<https://bioportal.bioontology.org/ontologies/FTDM.owl#DMTO_0000293>	<http://www.w3.org/2002/07/owl#Class>
<https://bioportal.bioontology.org/ontologies/FTDM.owl#DMTO_0000294>	<http://www.w3.org/2002/07/owl#Class>
<https://bioportal.bioontology.org/ontologies/FTDM.owl#DMTO_0000295>	<http://www.w3.org/2002/07/owl#Class>
<https://bioportal.bioontology.org/ontologies/FTDM.owl#DMTO_0000296>	<http://www.w3.org/2002/07/owl#Class>
<https://bioportal.bioontology.org/ontologies/FTDM.owl#DMTO_0000297>	<http://www.w3.org/2002/07/owl#Class>
<https://bioportal.bioontology.org/ontologies/FTDM.owl#DMTO_0000298>	<http://www.w3.org/2002/07/owl#Class>
<https://bioportal.bioontology.org/ontologies/FTDM.owl#DMTO_0000299>	<http://www.w3.org/2002/07/owl#Class>
<https://bioportal.bioontology.org/ontologies/FTDM.owl#DMTO_0000300>	<http://www.w3.org/2002/07/owl#Class>
<https://bioportal.bioontology.org/ontologies/FTDM.owl#DMTO_0000301>	<http://www.w3.org/2002/07/owl#Class>
<https://bioportal.bioontology.org/ontologies/FTDM.owl#DMTO_0000302>	<http://www.w3.org/2002/07/owl#Class>
<https://bioportal.bioontology.org/ontologies/FTDM.owl#DMTO_0000303>	<http://www.w3.org/2002/07/owl#Class>
<https://bioportal.bioontology.org/ontologies/FTDM.owl#DMTO_0000304>	<http://www.w3.org/2002/07/owl#Class>
<https://bioportal.bioontology.org/ontologies/FTDM.owl#DMTO_0000305>	<http://www.w3.org/2002/07/owl#Class>
<https://bioportal.bioontology.org/ontologies/FTDM.owl#DMTO_0000306>	<http://www.w3.org/2002/07/owl#Class>
<https://bioportal.bioontology.org/ontologies/FTDM.owl#DMTO_0000307>	<http://www.w3.org/2002/07/owl#Class>
<https://bioportal.bioontology.org/ontologies/FTDM.owl#DMTO_0000308>	<http://www.w3.org/2002/07/owl#Class>
<https://bioportal.bioontology.org/ontologies/FTDM.owl#DMTO_0000309>	<http://www.w3.org/2002/07/owl#Class>
<https://bioportal.bioontology.org/ontologies/FTDM.owl#DMTO_0000310>	<http://www.w3.org/2002/07/owl#Class>
<https://bioportal.bioontology.org/ontologies/FTDM.owl#DMTO_0000311>	<http://www.w3.org/2002/07/owl#Class>
<https://bioportal.bioontology.org/ontologies/FTDM.owl#DMTO_0000312>	<http://www.w3.org/2002/07/owl#Class>
<https://bioportal.bioontology.org/ontologies/FTDM.owl#DMTO_0000313>	<http://www.w3.org/2002/07/owl#Class>
<https://bioportal.bioontology.org/ontologies/FTDM.owl#DMTO_0000314>	<http://www.w3.org/2002/07/owl#Class>
<https://bioportal.bioontology.org/ontologies/FTDM.owl#DMTO_0000315>	<http://www.w3.org/2002/07/owl#Class>
<https://bioportal.bioontology.org/ontologies/FTDM.owl#DMTO_0000316>	<http://www.w3.org/2002/07/owl#Class>
<https://bioportal.bioontology.org/ontologies/FTDM.owl#DMTO_0000317>	<http://www.w3.org/2002/07/owl#Class>
<https://bioportal.bioontology.org/ontologies/FTDM.owl#DMTO_0000318>	<http://www.w3.org/2002/07/owl#Class>
<https://bioportal.bioontology.org/ontologies/FTDM.owl#DMTO_0000319>	<http://www.w3.org/2002/07/owl#Class>
<https://bioportal.bioontology.org/ontologies/FTDM.owl#DMTO_0000320>	<http://www.w3.org/2002/07/owl#Class>
<https://bioportal.bioontology.org/ontologies/FTDM.owl#DMTO_0000321>	<http://www.w3.org/2002/07/owl#Class>
<https://bioportal.bioontology.org/ontologies/FTDM.owl#DMTO_0000322>	<http://www.w3.org/2002/07/owl#Class>
<https://bioportal.bioontology.org/ontologies/FTDM.owl#DMTO_0000323>	<http://www.w3.org/2002/07/owl#Class>
<https://bioportal.bioontology.org/ontologies/FTDM.owl#DMTO_0000324>	<http://www.w3.org/2002/07/owl#Class>
<https://bioportal.bioontology.org/ontologies/FTDM.owl#DMTO_0000325>	<http://www.w3.org/2002/07/owl#Class>
<https://bioportal.bioontology.org/ontologies/FTDM.owl#DMTO_0000326>	<http://www.w3.org/2002/07/owl#Class>
<https://bioportal.bioontology.org/ontologies/FTDM.owl#DMTO_0000327>	<http://www.w3.org/2002/07/owl#Class>
<https://bioportal.bioontology.org/ontologies/FTDM.owl#DMTO_0000328>	<http://www.w3.org/2002/07/owl#Class>
<https://bioportal.bioontology.org/ontologies/FTDM.owl#DMTO_0000329>	<http://www.w3.org/2002/07/owl#Class>
<https://bioportal.bioontology.org/ontologies/FTDM.owl#DMTO_0000330>	<http://www.w3.org/2002/07/owl#Class>
<https://bioportal.bioontology.org/ontologies/FTDM.owl#DMTO_0000331>	<http://www.w3.org/2002/07/owl#Class>
<https://bioportal.bioontology.org/ontologies/FTDM.owl#DMTO_0000332>	<http://www.w3.org/2002/07/owl#Class>
<https://bioportal.bioontology.org/ontologies/FTDM.owl#DMTO_0000333>	<http://www.w3.org/2002/07/owl#Class>
<https://bioportal.bioontology.org/ontologies/FTDM.owl#DMTO_0000334>	<http://www.w3.org/2002/07/owl#Class>
<https://bioportal.bioontology.org/ontologies/FTDM.owl#DMTO_0000335>	<http://www.w3.org/2002/07/owl#Class>
<https://bioportal.bioontology.org/ontologies/FTDM.owl#DMTO_0000336>	<http://www.w3.org/2002/07/owl#Class>
<https://bioportal.bioontology.org/ontologies/FTDM.owl#DMTO_0000337>	<http://www.w3.org/2002/07/owl#Class>
<https://bioportal.bioontology.org/ontologies/FTDM.owl#DMTO_0000338>	<http://www.w3.org/2002/07/owl#Class>
<https://bioportal.bioontology.org/ontologies/FTDM.owl#DMTO_0000339>	<http://www.w3.org/2002/07/owl#Class>
<https://bioportal.bioontology.org/ontologies/FTDM.owl#DMTO_0000340>	<http://www.w3.org/2002/07/owl#Class>
<https://bioportal.bioontology.org/ontologies/FTDM.owl#DMTO_0000341>	<http://www.w3.org/2002/07/owl#Class>
<https://bioportal.bioontology.org/ontologies/FTDM.owl#DMTO_0000342>	<http://www.w3.org/2002/07/owl#Class>
<https://bioportal.bioontology.org/ontologies/FTDM.owl#DMTO_0000343>	<http://www.w3.org/2002/07/owl#Class>
<https://bioportal.bioontology.org/ontologies/FTDM.owl#DMTO_0000344>	<http://www.w3.org/2002/07/owl#Class>
<https://bioportal.bioontology.org/ontologies/FTDM.owl#DMTO_0000345>	<http://www.w3.org/2002/07/owl#Class>
<https://bioportal.bioontology.org/ontologies/FTDM.owl#DMTO_0000346>	<http://www.w3.org/2002/07/owl#Class>
<https://bioportal.bioontology.org/ontologies/FTDM.owl#DMTO_0000347>	<http://www.w3.org/2002/07/owl#Class>
<https://bioportal.bioontology.org/ontologies/FTDM.owl#DMTO_0000348>	<http://www.w3.org/2002/07/owl#Class>
<https://bioportal.bioontology.org/ontologies/FTDM.owl#DMTO_0000349>	<http://www.w3.org/2002/07/owl#Class>
<https://bioportal.bioontology.org/ontologies/FTDM.owl#DMTO_0000350>	<http://www.w3.org/2002/07/owl#Class>
<https://bioportal.bioontology.org/ontologies/FTDM.owl#DMTO_0000351>	<http://www.w3.org/2002/07/owl#Class>
<https://bioportal.bioontology.org/ontologies/FTDM.owl#DMTO_0000352>	<http://www.w3.org/2002/07/owl#Class>
<https://bioportal.bioontology.org/ontologies/FTDM.owl#DMTO_0000353>	<http://www.w3.org/2002/07/owl#Class>
<https://bioportal.bioontology.org/ontologies/FTDM.owl#DMTO_0000354>	<http://www.w3.org/2002/07/owl#Class>
<https://bioportal.bioontology.org/ontologies/FTDM.owl#DMTO_0000355>	<http://www.w3.org/2002/07/owl#Class>
<https://bioportal.bioontology.org/ontologies/FTDM.owl#DMTO_0000356>	<http://www.w3.org/2002/07/owl#Class>
<https://bioportal.bioontology.org/ontologies/FTDM.owl#DMTO_0000357>	<http://www.w3.org/2002/07/owl#Class>
<https://bioportal.bioontology.org/ontologies/FTDM.owl#DMTO_0000358>	<http://www.w3.org/2002/07/owl#Class>
<https://bioportal.bioontology.org/ontologies/FTDM.owl#DMTO_0000359>	<http://www.w3.org/2002/07/owl#Class>
<https://bioportal.bioontology.org/ontologies/FTDM.owl#DMTO_0000360>	<http://www.w3.org/2002/07/owl#Class>
<https://bioportal.bioontology.org/ontologies/FTDM.owl#DMTO_0000361>	<http://www.w3.org/2002/07/owl#Class>
<https://bioportal.bioontology.org/ontologies/FTDM.owl#DMTO_0000362>	<http://www.w3.org/2002/07/owl#Class>
<https://bioportal.bioontology.org/ontologies/FTDM.owl#DMTO_0000363>	<http://www.w3.org/2002/07/owl#Class>
<https://bioportal.bioontology.org/ontologies/FTDM.owl#DMTO_0000364>	<http://www.w3.org/2002/07/owl#Class>
<https://bioportal.bioontology.org/ontologies/FTDM.owl#DMTO_0000365>	<http://www.w3.org/2002/07/owl#Class>
<https://bioportal.bioontology.org/ontologies/FTDM.owl#DMTO_0000366>	<http://www.w3.org/2002/07/owl#Class>
<https://bioportal.bioontology.org/ontologies/FTDM.owl#DMTO_0000367>	<http://www.w3.org/2002/07/owl#Class>
<https://bioportal.bioontology.org/ontologies/FTDM.owl#DMTO_0000368>	<http://www.w3.org/2002/07/owl#Class>
<https://bioportal.bioontology.org/ontologies/FTDM.owl#DMTO_0000369>	<http://www.w3.org/2002/07/owl#Class>
<https://bioportal.bioontology.org/ontologies/FTDM.owl#DMTO_0000370>	<http://www.w3.org/2002/07/owl#Class>
<https://bioportal.bioontology.org/ontologies/FTDM.owl#DMTO_0000371>	<http://www.w3.org/2002/07/owl#Class>
<https://bioportal.bioontology.org/ontologies/FTDM.owl#DMTO_0000372>	<http://www.w3.org/2002/07/owl#Class>
<https://bioportal.bioontology.org/ontologies/FTDM.owl#DMTO_0000373>	<http://www.w3.org/2002/07/owl#Class>
<https://bioportal.bioontology.org/ontologies/FTDM.owl#DMTO_0000374>	<http://www.w3.org/2002/07/owl#Class>
<https://bioportal.bioontology.org/ontologies/FTDM.owl#DMTO_0000375>	<http://www.w3.org/2002/07/owl#Class>
<https://bioportal.bioontology.org/ontologies/FTDM.owl#DMTO_0000376>	<http://www.w3.org/2002/07/owl#Class>
<https://bioportal.bioontology.org/ontologies/FTDM.owl#DMTO_0000377>	<http://www.w3.org/2002/07/owl#Class>
<https://bioportal.bioontology.org/ontologies/FTDM.owl#DMTO_0000378>	<http://www.w3.org/2002/07/owl#Class>
<https://bioportal.bioontology.org/ontologies/FTDM.owl#DMTO_0000379>	<http://www.w3.org/2002/07/owl#Class>
<https://bioportal.bioontology.org/ontologies/FTDM.owl#DMTO_0000380>	<http://www.w3.org/2002/07/owl#Class>
<https://bioportal.bioontology.org/ontologies/FTDM.owl#DMTO_0000381>	<http://www.w3.org/2002/07/owl#Class>
<https://bioportal.bioontology.org/ontologies/FTDM.owl#DMTO_0000382>	<http://www.w3.org/2002/07/owl#Class>
<https://bioportal.bioontology.org/ontologies/FTDM.owl#DMTO_0000383>	<http://www.w3.org/2002/07/owl#Class>
<https://bioportal.bioontology.org/ontologies/FTDM.owl#DMTO_0000384>	<http://www.w3.org/2002/07/owl#Class>
<https://bioportal.bioontology.org/ontologies/FTDM.owl#DMTO_0000385>	<http://www.w3.org/2002/07/owl#Class>
<https://bioportal.bioontology.org/ontologies/FTDM.owl#DMTO_0000386>	<http://www.w3.org/2002/07/owl#Class>
<https://bioportal.bioontology.org/ontologies/FTDM.owl#DMTO_0000387>	<http://www.w3.org/2002/07/owl#Class>
<https://bioportal.bioontology.org/ontologies/FTDM.owl#DMTO_0000388>	<http://www.w3.org/2002/07/owl#Class>
<https://bioportal.bioontology.org/ontologies/FTDM.owl#DMTO_0000389>	<http://www.w3.org/2002/07/owl#Class>
<https://bioportal.bioontology.org/ontologies/FTDM.owl#DMTO_0000390>	<http://www.w3.org/2002/07/owl#Class>
<https://bioportal.bioontology.org/ontologies/FTDM.owl#DMTO_0000391>	<http://www.w3.org/2002/07/owl#Class>
<https://bioportal.bioontology.org/ontologies/FTDM.owl#DMTO_0000392>	<http://www.w3.org/2002/07/owl#Class>
<https://bioportal.bioontology.org/ontologies/FTDM.owl#DMTO_0000393>	<http://www.w3.org/2002/07/owl#Class>
<https://bioportal.bioontology.org/ontologies/FTDM.owl#DMTO_0000394>	<http://www.w3.org/2002/07/owl#Class>
<https://bioportal.bioontology.org/ontologies/FTDM.owl#DMTO_0000395>	<http://www.w3.org/2002/07/owl#Class>
<https://bioportal.bioontology.org/ontologies/FTDM.owl#DMTO_0000396>	<http://www.w3.org/2002/07/owl#Class>
<https://bioportal.bioontology.org/ontologies/FTDM.owl#DMTO_0000397>	<http://www.w3.org/2002/07/owl#Class>
<https://bioportal.bioontology.org/ontologies/FTDM.owl#DMTO_0000398>	<http://www.w3.org/2002/07/owl#Class>
<https://bioportal.bioontology.org/ontologies/FTDM.owl#DMTO_0000399>	<http://www.w3.org/2002/07/owl#Class>
<https://bioportal.bioontology.org/ontologies/FTDM.owl#DMTO_0000400>	<http://www.w3.org/2002/07/owl#Class>
<https://bioportal.bioontology.org/ontologies/FTDM.owl#DMTO_0000401>	<http://www.w3.org/2002/07/owl#Class>
<https://bioportal.bioontology.org/ontologies/FTDM.owl#DMTO_0000402>	<http://www.w3.org/2002/07/owl#Class>
<https://bioportal.bioontology.org/ontologies/FTDM.owl#DMTO_0000403>	<http://www.w3.org/2002/07/owl#Class>
<https://bioportal.bioontology.org/ontologies/FTDM.owl#DMTO_0000404>	<http://www.w3.org/2002/07/owl#Class>
<https://bioportal.bioontology.org/ontologies/FTDM.owl#DMTO_0000405>	<http://www.w3.org/2002/07/owl#Class>
<https://bioportal.bioontology.org/ontologies/FTDM.owl#DMTO_0000406>	<http://www.w3.org/2002/07/owl#Class>
<https://bioportal.bioontology.org/ontologies/FTDM.owl#DMTO_0000407>	<http://www.w3.org/2002/07/owl#Class>
<https://bioportal.bioontology.org/ontologies/FTDM.owl#DMTO_0000408>	<http://www.w3.org/2002/07/owl#Class>
<https://bioportal.bioontology.org/ontologies/FTDM.owl#DMTO_0000409>	<http://www.w3.org/2002/07/owl#Class>
<https://bioportal.bioontology.org/ontologies/FTDM.owl#DMTO_0000410>	<http://www.w3.org/2002/07/owl#Class>
<https://bioportal.bioontology.org/ontologies/FTDM.owl#DMTO_0000411>	<http://www.w3.org/2002/07/owl#Class>
<https://bioportal.bioontology.org/ontologies/FTDM.owl#DMTO_0000412>	<http://www.w3.org/2002/07/owl#Class>
<https://bioportal.bioontology.org/ontologies/FTDM.owl#DMTO_0000413>	<http://www.w3.org/2002/07/owl#Class>
<https://bioportal.bioontology.org/ontologies/FTDM.owl#DMTO_0000414>	<http://www.w3.org/2002/07/owl#Class>
<https://bioportal.bioontology.org/ontologies/FTDM.owl#DMTO_0000415>	<http://www.w3.org/2002/07/owl#Class>
<https://bioportal.bioontology.org/ontologies/FTDM.owl#DMTO_0000416>	<http://www.w3.org/2002/07/owl#Class>
<https://bioportal.bioontology.org/ontologies/FTDM.owl#DMTO_0000417>	<http://www.w3.org/2002/07/owl#Class>
<https://bioportal.bioontology.org/ontologies/FTDM.owl#DMTO_0000418>	<http://www.w3.org/2002/07/owl#Class>
<https://bioportal.bioontology.org/ontologies/FTDM.owl#DMTO_0000419>	<http://www.w3.org/2002/07/owl#Class>
<https://bioportal.bioontology.org/ontologies/FTDM.owl#DMTO_0000420>	<http://www.w3.org/2002/07/owl#Class>
<https://bioportal.bioontology.org/ontologies/FTDM.owl#DMTO_0000421>	<http://www.w3.org/2002/07/owl#Class>
<https://bioportal.bioontology.org/ontologies/FTDM.owl#DMTO_0000422>	<http://www.w3.org/2002/07/owl#Class>
<https://bioportal.bioontology.org/ontologies/FTDM.owl#DMTO_0000423>	<http://www.w3.org/2002/07/owl#Class>
<https://bioportal.bioontology.org/ontologies/FTDM.owl#DMTO_0000424>	<http://www.w3.org/2002/07/owl#Class>
<https://bioportal.bioontology.org/ontologies/FTDM.owl#DMTO_0000425>	<http://www.w3.org/2002/07/owl#Class>
<https://bioportal.bioontology.org/ontologies/FTDM.owl#DMTO_0000426>	<http://www.w3.org/2002/07/owl#Class>
<https://bioportal.bioontology.org/ontologies/FTDM.owl#DMTO_0000427>	<http://www.w3.org/2002/07/owl#Class>
<https://bioportal.bioontology.org/ontologies/FTDM.owl#DMTO_0000428>	<http://www.w3.org/2002/07/owl#Class>
<https://bioportal.bioontology.org/ontologies/FTDM.owl#DMTO_0000429>	<http://www.w3.org/2002/07/owl#Class>
<https://bioportal.bioontology.org/ontologies/FTDM.owl#DMTO_0000430>	<http://www.w3.org/2002/07/owl#Class>
<https://bioportal.bioontology.org/ontologies/FTDM.owl#DMTO_0000431>	<http://www.w3.org/2002/07/owl#Class>
<https://bioportal.bioontology.org/ontologies/FTDM.owl#DMTO_0000432>	<http://www.w3.org/2002/07/owl#Class>
<https://bioportal.bioontology.org/ontologies/FTDM.owl#DMTO_0000433>	<http://www.w3.org/2002/07/owl#Class>
<https://bioportal.bioontology.org/ontologies/FTDM.owl#DMTO_0000434>	<http://www.w3.org/2002/07/owl#Class>
<https://bioportal.bioontology.org/ontologies/FTDM.owl#DMTO_0000435>	<http://www.w3.org/2002/07/owl#Class>
<https://bioportal.bioontology.org/ontologies/FTDM.owl#DMTO_0000436>	<http://www.w3.org/2002/07/owl#Class>
<https://bioportal.bioontology.org/ontologies/FTDM.owl#DMTO_0000437>	<http://www.w3.org/2002/07/owl#Class>
<https://bioportal.bioontology.org/ontologies/FTDM.owl#DMTO_0000438>	<http://www.w3.org/2002/07/owl#Class>
<https://bioportal.bioontology.org/ontologies/FTDM.owl#DMTO_0000439>	<http://www.w3.org/2002/07/owl#Class>
<https://bioportal.bioontology.org/ontologies/FTDM.owl#DMTO_0000440>	<http://www.w3.org/2002/07/owl#Class>
<https://bioportal.bioontology.org/ontologies/FTDM.owl#DMTO_0000441>	<http://www.w3.org/2002/07/owl#Class>
<https://bioportal.bioontology.org/ontologies/FTDM.owl#DMTO_0000442>	<http://www.w3.org/2002/07/owl#Class>
<https://bioportal.bioontology.org/ontologies/FTDM.owl#DMTO_0000443>	<http://www.w3.org/2002/07/owl#Class>
<https://bioportal.bioontology.org/ontologies/FTDM.owl#DMTO_0000444>	<http://www.w3.org/2002/07/owl#Class>
<https://bioportal.bioontology.org/ontologies/FTDM.owl#DMTO_0000445>	<http://www.w3.org/2002/07/owl#Class>
<https://bioportal.bioontology.org/ontologies/FTDM.owl#DMTO_0000446>	<http://www.w3.org/2002/07/owl#Class>
<https://bioportal.bioontology.org/ontologies/FTDM.owl#DMTO_0000447>	<http://www.w3.org/2002/07/owl#Class>
<https://bioportal.bioontology.org/ontologies/FTDM.owl#DMTO_0000448>	<http://www.w3.org/2002/07/owl#Class>
<https://bioportal.bioontology.org/ontologies/FTDM.owl#DMTO_0000449>	<http://www.w3.org/2002/07/owl#Class>
<https://bioportal.bioontology.org/ontologies/FTDM.owl#DMTO_0000450>	<http://www.w3.org/2002/07/owl#Class>
<https://bioportal.bioontology.org/ontologies/FTDM.owl#DMTO_0000451>	<http://www.w3.org/2002/07/owl#Class>
<https://bioportal.bioontology.org/ontologies/FTDM.owl#DMTO_0000452>	<http://www.w3.org/2002/07/owl#Class>
<https://bioportal.bioontology.org/ontologies/FTDM.owl#DMTO_0000453>	<http://www.w3.org/2002/07/owl#Class>
<https://bioportal.bioontology.org/ontologies/FTDM.owl#DMTO_0000454>	<http://www.w3.org/2002/07/owl#Class>
<https://bioportal.bioontology.org/ontologies/FTDM.owl#DMTO_0000455>	<http://www.w3.org/2002/07/owl#Class>
<https://bioportal.bioontology.org/ontologies/FTDM.owl#DMTO_0000456>	<http://www.w3.org/2002/07/owl#Class>
<https://bioportal.bioontology.org/ontologies/FTDM.owl#DMTO_0000457>	<http://www.w3.org/2002/07/owl#Class>
<https://bioportal.bioontology.org/ontologies/FTDM.owl#DMTO_0000458>	<http://www.w3.org/2002/07/owl#Class>
<https://bioportal.bioontology.org/ontologies/FTDM.owl#DMTO_0000459>	<http://www.w3.org/2002/07/owl#Class>
<https://bioportal.bioontology.org/ontologies/FTDM.owl#DMTO_0000460>	<http://www.w3.org/2002/07/owl#Class>
<https://bioportal.bioontology.org/ontologies/FTDM.owl#DMTO_0000461>	<http://www.w3.org/2002/07/owl#Class>
<https://bioportal.bioontology.org/ontologies/FTDM.owl#DMTO_0000462>	<http://www.w3.org/2002/07/owl#Class>
<https://bioportal.bioontology.org/ontologies/FTDM.owl#DMTO_0000463>	<http://www.w3.org/2002/07/owl#Class>
<https://bioportal.bioontology.org/ontologies/FTDM.owl#DMTO_0000464>	<http://www.w3.org/2002/07/owl#Class>
<https://bioportal.bioontology.org/ontologies/FTDM.owl#DMTO_0000465>	<http://www.w3.org/2002/07/owl#Class>
<https://bioportal.bioontology.org/ontologies/FTDM.owl#DMTO_0000466>	<http://www.w3.org/2002/07/owl#Class>
<https://bioportal.bioontology.org/ontologies/FTDM.owl#DMTO_0000467>	<http://www.w3.org/2002/07/owl#Class>
<https://bioportal.bioontology.org/ontologies/FTDM.owl#DMTO_0000468>	<http://www.w3.org/2002/07/owl#Class>
<https://bioportal.bioontology.org/ontologies/FTDM.owl#DMTO_0000469>	<http://www.w3.org/2002/07/owl#Class>
<https://bioportal.bioontology.org/ontologies/FTDM.owl#DMTO_0000470>	<http://www.w3.org/2002/07/owl#Class>
<https://bioportal.bioontology.org/ontologies/FTDM.owl#DMTO_0000471>	<http://www.w3.org/2002/07/owl#Class>
<https://bioportal.bioontology.org/ontologies/FTDM.owl#DMTO_0000472>	<http://www.w3.org/2002/07/owl#Class>
<https://bioportal.bioontology.org/ontologies/FTDM.owl#DMTO_0000473>	<http://www.w3.org/2002/07/owl#Class>
<https://bioportal.bioontology.org/ontologies/FTDM.owl#DMTO_0000474>	<http://www.w3.org/2002/07/owl#Class>
<https://bioportal.bioontology.org/ontologies/FTDM.owl#DMTO_0000475>	<http://www.w3.org/2002/07/owl#Class>
<https://bioportal.bioontology.org/ontologies/FTDM.owl#DMTO_0000476>	<http://www.w3.org/2002/07/owl#Class>
<https://bioportal.bioontology.org/ontologies/FTDM.owl#DMTO_0000477>	<http://www.w3.org/2002/07/owl#Class>
<https://bioportal.bioontology.org/ontologies/FTDM.owl#DMTO_0000478>	<http://www.w3.org/2002/07/owl#Class>
<https://bioportal.bioontology.org/ontologies/FTDM.owl#DMTO_0000479>	<http://www.w3.org/2002/07/owl#Class>
<https://bioportal.bioontology.org/ontologies/FTDM.owl#DMTO_0000480>	<http://www.w3.org/2002/07/owl#Class>
<https://bioportal.bioontology.org/ontologies/FTDM.owl#DMTO_0000481>	<http://www.w3.org/2002/07/owl#Class>
<https://bioportal.bioontology.org/ontologies/FTDM.owl#DMTO_0000482>	<http://www.w3.org/2002/07/owl#Class>
<https://bioportal.bioontology.org/ontologies/FTDM.owl#DMTO_0000483>	<http://www.w3.org/2002/07/owl#Class>
<https://bioportal.bioontology.org/ontologies/FTDM.owl#DMTO_0000484>	<http://www.w3.org/2002/07/owl#Class>
<https://bioportal.bioontology.org/ontologies/FTDM.owl#DMTO_0000485>	<http://www.w3.org/2002/07/owl#Class>
<https://bioportal.bioontology.org/ontologies/FTDM.owl#DMTO_0000486>	<http://www.w3.org/2002/07/owl#Class>
<https://bioportal.bioontology.org/ontologies/FTDM.owl#DMTO_0000487>	<http://www.w3.org/2002/07/owl#Class>
<https://bioportal.bioontology.org/ontologies/FTDM.owl#DMTO_0000488>	<http://www.w3.org/2002/07/owl#Class>
<https://bioportal.bioontology.org/ontologies/FTDM.owl#DMTO_0000489>	<http://www.w3.org/2002/07/owl#Class>
<https://bioportal.bioontology.org/ontologies/FTDM.owl#DMTO_0000490>	<http://www.w3.org/2002/07/owl#Class>
<https://bioportal.bioontology.org/ontologies/FTDM.owl#DMTO_0000491>	<http://www.w3.org/2002/07/owl#Class>
<https://bioportal.bioontology.org/ontologies/FTDM.owl#DMTO_0000492>	<http://www.w3.org/2002/07/owl#Class>
<https://bioportal.bioontology.org/ontologies/FTDM.owl#DMTO_0000493>	<http://www.w3.org/2002/07/owl#Class>
<https://bioportal.bioontology.org/ontologies/FTDM.owl#DMTO_0000494>	<http://www.w3.org/2002/07/owl#Class>
<https://bioportal.bioontology.org/ontologies/FTDM.owl#DMTO_0000495>	<http://www.w3.org/2002/07/owl#Class>
<https://bioportal.bioontology.org/ontologies/FTDM.owl#DMTO_0000496>	<http://www.w3.org/2002/07/owl#Class>
<https://bioportal.bioontology.org/ontologies/FTDM.owl#DMTO_0000497>	<http://www.w3.org/2002/07/owl#Class>
<https://bioportal.bioontology.org/ontologies/FTDM.owl#DMTO_0000498>	<http://www.w3.org/2002/07/owl#Class>
<https://bioportal.bioontology.org/ontologies/FTDM.owl#DMTO_0000499>	<http://www.w3.org/2002/07/owl#Class>
<https://bioportal.bioontology.org/ontologies/FTDM.owl#DMTO_0000500>	<http://www.w3.org/2002/07/owl#Class>
<https://bioportal.bioontology.org/ontologies/FTDM.owl#DMTO_0000501>	<http://www.w3.org/2002/07/owl#Class>
<https://bioportal.bioontology.org/ontologies/FTDM.owl#DMTO_0000502>	<http://www.w3.org/2002/07/owl#Class>
<https://bioportal.bioontology.org/ontologies/FTDM.owl#DMTO_0000503>	<http://www.w3.org/2002/07/owl#Class>
<https://bioportal.bioontology.org/ontologies/FTDM.owl#DMTO_0000504>	<http://www.w3.org/2002/07/owl#Class>
<https://bioportal.bioontology.org/ontologies/FTDM.owl#DMTO_0000505>	<http://www.w3.org/2002/07/owl#Class>
<https://bioportal.bioontology.org/ontologies/FTDM.owl#DMTO_0000506>	<http://www.w3.org/2002/07/owl#Class>
<https://bioportal.bioontology.org/ontologies/FTDM.owl#DMTO_0000507>	<http://www.w3.org/2002/07/owl#Class>
<https://bioportal.bioontology.org/ontologies/FTDM.owl#DMTO_0000508>	<http://www.w3.org/2002/07/owl#Class>
<https://bioportal.bioontology.org/ontologies/FTDM.owl#DMTO_0000509>	<http://www.w3.org/2002/07/owl#Class>
<https://bioportal.bioontology.org/ontologies/FTDM.owl#DMTO_0000510>	<http://www.w3.org/2002/07/owl#Class>
<https://bioportal.bioontology.org/ontologies/FTDM.owl#DMTO_0000511>	<http://www.w3.org/2002/07/owl#Class>
<https://bioportal.bioontology.org/ontologies/FTDM.owl#DMTO_0000512>	<http://www.w3.org/2002/07/owl#Class>
<https://bioportal.bioontology.org/ontologies/FTDM.owl#DMTO_0000513>	<http://www.w3.org/2002/07/owl#Class>
<https://bioportal.bioontology.org/ontologies/FTDM.owl#DMTO_0000514>	<http://www.w3.org/2002/07/owl#Class>
<https://bioportal.bioontology.org/ontologies/FTDM.owl#DMTO_0000515>	<http://www.w3.org/2002/07/owl#Class>
<https://bioportal.bioontology.org/ontologies/FTDM.owl#DMTO_0000516>	<http://www.w3.org/2002/07/owl#Class>
<https://bioportal.bioontology.org/ontologies/FTDM.owl#DMTO_0000517>	<http://www.w3.org/2002/07/owl#Class>
<https://bioportal.bioontology.org/ontologies/FTDM.owl#DMTO_0000518>	<http://www.w3.org/2002/07/owl#Class>
<https://bioportal.bioontology.org/ontologies/FTDM.owl#DMTO_0000519>	<http://www.w3.org/2002/07/owl#Class>
<https://bioportal.bioontology.org/ontologies/FTDM.owl#DMTO_0000520>	<http://www.w3.org/2002/07/owl#Class>
<https://bioportal.bioontology.org/ontologies/FTDM.owl#DMTO_0000521>	<http://www.w3.org/2002/07/owl#Class>
<https://bioportal.bioontology.org/ontologies/FTDM.owl#DMTO_0000522>	<http://www.w3.org/2002/07/owl#Class>
<https://bioportal.bioontology.org/ontologies/FTDM.owl#DMTO_0000523>	<http://www.w3.org/2002/07/owl#Class>
<https://bioportal.bioontology.org/ontologies/FTDM.owl#DMTO_0000524>	<http://www.w3.org/2002/07/owl#Class>
<https://bioportal.bioontology.org/ontologies/FTDM.owl#DMTO_0000525>	<http://www.w3.org/2002/07/owl#Class>
<https://bioportal.bioontology.org/ontologies/FTDM.owl#DMTO_0000526>	<http://www.w3.org/2002/07/owl#Class>
<https://bioportal.bioontology.org/ontologies/FTDM.owl#DMTO_0000527>	<http://www.w3.org/2002/07/owl#Class>
<https://bioportal.bioontology.org/ontologies/FTDM.owl#DMTO_0000528>	<http://www.w3.org/2002/07/owl#Class>
<https://bioportal.bioontology.org/ontologies/FTDM.owl#DMTO_0000529>	<http://www.w3.org/2002/07/owl#Class>
<https://bioportal.bioontology.org/ontologies/FTDM.owl#DMTO_0000530>	<http://www.w3.org/2002/07/owl#Class>
<https://bioportal.bioontology.org/ontologies/FTDM.owl#DMTO_0000531>	<http://www.w3.org/2002/07/owl#Class>
<https://bioportal.bioontology.org/ontologies/FTDM.owl#DMTO_0000532>	<http://www.w3.org/2002/07/owl#Class>
<https://bioportal.bioontology.org/ontologies/FTDM.owl#DMTO_0000533>	<http://www.w3.org/2002/07/owl#Class>
<https://bioportal.bioontology.org/ontologies/FTDM.owl#DMTO_0000534>	<http://www.w3.org/2002/07/owl#Class>
<https://bioportal.bioontology.org/ontologies/FTDM.owl#DMTO_0000535>	<http://www.w3.org/2002/07/owl#Class>
<https://bioportal.bioontology.org/ontologies/FTDM.owl#DMTO_0000536>	<http://www.w3.org/2002/07/owl#Class>
<https://bioportal.bioontology.org/ontologies/FTDM.owl#DMTO_0000537>	<http://www.w3.org/2002/07/owl#Class>
<https://bioportal.bioontology.org/ontologies/FTDM.owl#DMTO_0000538>	<http://www.w3.org/2002/07/owl#Class>
<https://bioportal.bioontology.org/ontologies/FTDM.owl#DMTO_0000539>	<http://www.w3.org/2002/07/owl#Class>
<https://bioportal.bioontology.org/ontologies/FTDM.owl#DMTO_0000540>	<http://www.w3.org/2002/07/owl#Class>
<https://bioportal.bioontology.org/ontologies/FTDM.owl#DMTO_0000541>	<http://www.w3.org/2002/07/owl#Class>
<https://bioportal.bioontology.org/ontologies/FTDM.owl#DMTO_0000542>	<http://www.w3.org/2002/07/owl#Class>
<https://bioportal.bioontology.org/ontologies/FTDM.owl#DMTO_0000543>	<http://www.w3.org/2002/07/owl#Class>
<https://bioportal.bioontology.org/ontologies/FTDM.owl#DMTO_0000544>	<http://www.w3.org/2002/07/owl#Class>
<https://bioportal.bioontology.org/ontologies/FTDM.owl#DMTO_0000545>	<http://www.w3.org/2002/07/owl#Class>
<https://bioportal.bioontology.org/ontologies/FTDM.owl#DMTO_0000546>	<http://www.w3.org/2002/07/owl#Class>
<https://bioportal.bioontology.org/ontologies/FTDM.owl#DMTO_0000547>	<http://www.w3.org/2002/07/owl#Class>
<https://bioportal.bioontology.org/ontologies/FTDM.owl#DMTO_0000548>	<http://www.w3.org/2002/07/owl#Class>
<https://bioportal.bioontology.org/ontologies/FTDM.owl#DMTO_0000549>	<http://www.w3.org/2002/07/owl#Class>
<https://bioportal.bioontology.org/ontologies/FTDM.owl#DMTO_0000550>	<http://www.w3.org/2002/07/owl#Class>
<https://bioportal.bioontology.org/ontologies/FTDM.owl#DMTO_0000551>	<http://www.w3.org/2002/07/owl#Class>
<https://bioportal.bioontology.org/ontologies/FTDM.owl#DMTO_0000552>	<http://www.w3.org/2002/07/owl#Class>
<https://bioportal.bioontology.org/ontologies/FTDM.owl#DMTO_0000553>	<http://www.w3.org/2002/07/owl#Class>
<https://bioportal.bioontology.org/ontologies/FTDM.owl#DMTO_0000554>	<http://www.w3.org/2002/07/owl#Class>
<https://bioportal.bioontology.org/ontologies/FTDM.owl#DMTO_0000555>	<http://www.w3.org/2002/07/owl#Class>
<https://bioportal.bioontology.org/ontologies/FTDM.owl#DMTO_0000556>	<http://www.w3.org/2002/07/owl#Class>
<https://bioportal.bioontology.org/ontologies/FTDM.owl#DMTO_0000557>	<http://www.w3.org/2002/07/owl#Class>
<https://bioportal.bioontology.org/ontologies/FTDM.owl#DMTO_0000558>	<http://www.w3.org/2002/07/owl#Class>
<https://bioportal.bioontology.org/ontologies/FTDM.owl#DMTO_0000559>	<http://www.w3.org/2002/07/owl#Class>
<https://bioportal.bioontology.org/ontologies/FTDM.owl#DMTO_0000560>	<http://www.w3.org/2002/07/owl#Class>
<https://bioportal.bioontology.org/ontologies/FTDM.owl#DMTO_0000561>	<http://www.w3.org/2002/07/owl#Class>
<https://bioportal.bioontology.org/ontologies/FTDM.owl#DMTO_0000562>	<http://www.w3.org/2002/07/owl#Class>
<https://bioportal.bioontology.org/ontologies/FTDM.owl#DMTO_0000563>	<http://www.w3.org/2002/07/owl#Class>
<https://bioportal.bioontology.org/ontologies/FTDM.owl#DMTO_0000564>	<http://www.w3.org/2002/07/owl#Class>
<https://bioportal.bioontology.org/ontologies/FTDM.owl#DMTO_0000565>	<http://www.w3.org/2002/07/owl#Class>
<https://bioportal.bioontology.org/ontologies/FTDM.owl#DMTO_0000566>	<http://www.w3.org/2002/07/owl#Class>
<https://bioportal.bioontology.org/ontologies/FTDM.owl#DMTO_0000567>	<http://www.w3.org/2002/07/owl#Class>
<https://bioportal.bioontology.org/ontologies/FTDM.owl#DMTO_0000568>	<http://www.w3.org/2002/07/owl#Class>
<https://bioportal.bioontology.org/ontologies/FTDM.owl#DMTO_0000569>	<http://www.w3.org/2002/07/owl#Class>
<https://bioportal.bioontology.org/ontologies/FTDM.owl#DMTO_0000570>	<http://www.w3.org/2002/07/owl#Class>
<https://bioportal.bioontology.org/ontologies/FTDM.owl#DMTO_0000571>	<http://www.w3.org/2002/07/owl#Class>
<https://bioportal.bioontology.org/ontologies/FTDM.owl#DMTO_0000572>	<http://www.w3.org/2002/07/owl#Class>
<https://bioportal.bioontology.org/ontologies/FTDM.owl#DMTO_0000573>	<http://www.w3.org/2002/07/owl#Class>
<https://bioportal.bioontology.org/ontologies/FTDM.owl#DMTO_0000574>	<http://www.w3.org/2002/07/owl#Class>
<https://bioportal.bioontology.org/ontologies/FTDM.owl#DMTO_0000575>	<http://www.w3.org/2002/07/owl#Class>
<https://bioportal.bioontology.org/ontologies/FTDM.owl#DMTO_0000576>	<http://www.w3.org/2002/07/owl#Class>
<https://bioportal.bioontology.org/ontologies/FTDM.owl#DMTO_0000577>	<http://www.w3.org/2002/07/owl#Class>
<https://bioportal.bioontology.org/ontologies/FTDM.owl#DMTO_0000578>	<http://www.w3.org/2002/07/owl#Class>
<https://bioportal.bioontology.org/ontologies/FTDM.owl#DMTO_0000579>	<http://www.w3.org/2002/07/owl#Class>
<https://bioportal.bioontology.org/ontologies/FTDM.owl#DMTO_0000580>	<http://www.w3.org/2002/07/owl#Class>
<https://bioportal.bioontology.org/ontologies/FTDM.owl#DMTO_0000581>	<http://www.w3.org/2002/07/owl#Class>
<https://bioportal.bioontology.org/ontologies/FTDM.owl#DMTO_0000582>	<http://www.w3.org/2002/07/owl#Class>
<https://bioportal.bioontology.org/ontologies/FTDM.owl#DMTO_0000583>	<http://www.w3.org/2002/07/owl#Class>
<https://bioportal.bioontology.org/ontologies/FTDM.owl#DMTO_0000584>	<http://www.w3.org/2002/07/owl#Class>
<https://bioportal.bioontology.org/ontologies/FTDM.owl#DMTO_0000585>	<http://www.w3.org/2002/07/owl#Class>
<https://bioportal.bioontology.org/ontologies/FTDM.owl#DMTO_0000586>	<http://www.w3.org/2002/07/owl#Class>
<https://bioportal.bioontology.org/ontologies/FTDM.owl#DMTO_0000587>	<http://www.w3.org/2002/07/owl#Class>
<https://bioportal.bioontology.org/ontologies/FTDM.owl#DMTO_0000588>	<http://www.w3.org/2002/07/owl#Class>
<https://bioportal.bioontology.org/ontologies/FTDM.owl#DMTO_0000589>	<http://www.w3.org/2002/07/owl#Class>
<https://bioportal.bioontology.org/ontologies/FTDM.owl#DMTO_0000590>	<http://www.w3.org/2002/07/owl#Class>
<https://bioportal.bioontology.org/ontologies/FTDM.owl#DMTO_0000591>	<http://www.w3.org/2002/07/owl#Class>
<https://bioportal.bioontology.org/ontologies/FTDM.owl#DMTO_0000592>	<http://www.w3.org/2002/07/owl#Class>
<https://bioportal.bioontology.org/ontologies/FTDM.owl#DMTO_0000593>	<http://www.w3.org/2002/07/owl#Class>
<https://bioportal.bioontology.org/ontologies/FTDM.owl#DMTO_0000594>	<http://www.w3.org/2002/07/owl#Class>
<https://bioportal.bioontology.org/ontologies/FTDM.owl#DMTO_0000595>	<http://www.w3.org/2002/07/owl#Class>
<https://bioportal.bioontology.org/ontologies/FTDM.owl#DMTO_0000596>	<http://www.w3.org/2002/07/owl#Class>
<https://bioportal.bioontology.org/ontologies/FTDM.owl#DMTO_0000597>	<http://www.w3.org/2002/07/owl#Class>
<https://bioportal.bioontology.org/ontologies/FTDM.owl#DMTO_0000598>	<http://www.w3.org/2002/07/owl#Class>
<https://bioportal.bioontology.org/ontologies/FTDM.owl#DMTO_0000599>	<http://www.w3.org/2002/07/owl#Class>
<https://bioportal.bioontology.org/ontologies/FTDM.owl#DMTO_0000600>	<http://www.w3.org/2002/07/owl#Class>
<https://bioportal.bioontology.org/ontologies/FTDM.owl#DMTO_0000601>	<http://www.w3.org/2002/07/owl#Class>
<https://bioportal.bioontology.org/ontologies/FTDM.owl#DMTO_0000602>	<http://www.w3.org/2002/07/owl#Class>
<https://bioportal.bioontology.org/ontologies/FTDM.owl#DMTO_0000603>	<http://www.w3.org/2002/07/owl#Class>
<https://bioportal.bioontology.org/ontologies/FTDM.owl#DMTO_0000604>	<http://www.w3.org/2002/07/owl#Class>
<https://bioportal.bioontology.org/ontologies/FTDM.owl#DMTO_0000605>	<http://www.w3.org/2002/07/owl#Class>
<https://bioportal.bioontology.org/ontologies/FTDM.owl#DMTO_0000606>	<http://www.w3.org/2002/07/owl#Class>
<https://bioportal.bioontology.org/ontologies/FTDM.owl#DMTO_0000607>	<http://www.w3.org/2002/07/owl#Class>
<https://bioportal.bioontology.org/ontologies/FTDM.owl#DMTO_0000608>	<http://www.w3.org/2002/07/owl#Class>
<https://bioportal.bioontology.org/ontologies/FTDM.owl#DMTO_0000609>	<http://www.w3.org/2002/07/owl#Class>
<https://bioportal.bioontology.org/ontologies/FTDM.owl#DMTO_0000610>	<http://www.w3.org/2002/07/owl#Class>
<https://bioportal.bioontology.org/ontologies/FTDM.owl#DMTO_0000611>	<http://www.w3.org/2002/07/owl#Class>
<https://bioportal.bioontology.org/ontologies/FTDM.owl#DMTO_0000612>	<http://www.w3.org/2002/07/owl#Class>
<https://bioportal.bioontology.org/ontologies/FTDM.owl#DMTO_0000613>	<http://www.w3.org/2002/07/owl#Class>
<https://bioportal.bioontology.org/ontologies/FTDM.owl#DMTO_0000614>	<http://www.w3.org/2002/07/owl#Class>
<https://bioportal.bioontology.org/ontologies/FTDM.owl#DMTO_0000615>	<http://www.w3.org/2002/07/owl#Class>
<https://bioportal.bioontology.org/ontologies/FTDM.owl#DMTO_0000616>	<http://www.w3.org/2002/07/owl#Class>
<https://bioportal.bioontology.org/ontologies/FTDM.owl#DMTO_0000617>	<http://www.w3.org/2002/07/owl#Class>
<https://bioportal.bioontology.org/ontologies/FTDM.owl#DMTO_0000618>	<http://www.w3.org/2002/07/owl#Class>
<https://bioportal.bioontology.org/ontologies/FTDM.owl#DMTO_0000619>	<http://www.w3.org/2002/07/owl#Class>
<https://bioportal.bioontology.org/ontologies/FTDM.owl#DMTO_0000620>	<http://www.w3.org/2002/07/owl#Class>
<https://bioportal.bioontology.org/ontologies/FTDM.owl#DMTO_0000621>	<http://www.w3.org/2002/07/owl#Class>
<https://bioportal.bioontology.org/ontologies/FTDM.owl#DMTO_0000622>	<http://www.w3.org/2002/07/owl#Class>
<https://bioportal.bioontology.org/ontologies/FTDM.owl#DMTO_0000623>	<http://www.w3.org/2002/07/owl#Class>
<https://bioportal.bioontology.org/ontologies/FTDM.owl#DMTO_0000624>	<http://www.w3.org/2002/07/owl#Class>
<https://bioportal.bioontology.org/ontologies/FTDM.owl#DMTO_0000625>	<http://www.w3.org/2002/07/owl#Class>
<https://bioportal.bioontology.org/ontologies/FTDM.owl#DMTO_0000626>	<http://www.w3.org/2002/07/owl#Class>
<https://bioportal.bioontology.org/ontologies/FTDM.owl#DMTO_0000627>	<http://www.w3.org/2002/07/owl#Class>
<https://bioportal.bioontology.org/ontologies/FTDM.owl#DMTO_0000628>	<http://www.w3.org/2002/07/owl#Class>
<https://bioportal.bioontology.org/ontologies/FTDM.owl#DMTO_0000629>	<http://www.w3.org/2002/07/owl#Class>
<https://bioportal.bioontology.org/ontologies/FTDM.owl#DMTO_0000630>	<http://www.w3.org/2002/07/owl#Class>
<https://bioportal.bioontology.org/ontologies/FTDM.owl#DMTO_0000631>	<http://www.w3.org/2002/07/owl#Class>
<https://bioportal.bioontology.org/ontologies/FTDM.owl#DMTO_0000632>	<http://www.w3.org/2002/07/owl#Class>
<https://bioportal.bioontology.org/ontologies/FTDM.owl#DMTO_0000633>	<http://www.w3.org/2002/07/owl#Class>
<https://bioportal.bioontology.org/ontologies/FTDM.owl#DMTO_0000634>	<http://www.w3.org/2002/07/owl#Class>
<https://bioportal.bioontology.org/ontologies/FTDM.owl#DMTO_0000635>	<http://www.w3.org/2002/07/owl#Class>
<https://bioportal.bioontology.org/ontologies/FTDM.owl#DMTO_0000636>	<http://www.w3.org/2002/07/owl#Class>
<https://bioportal.bioontology.org/ontologies/FTDM.owl#DMTO_0000637>	<http://www.w3.org/2002/07/owl#Class>
<https://bioportal.bioontology.org/ontologies/FTDM.owl#DMTO_0000638>	<http://www.w3.org/2002/07/owl#Class>
<https://bioportal.bioontology.org/ontologies/FTDM.owl#DMTO_0000639>	<http://www.w3.org/2002/07/owl#Class>
<https://bioportal.bioontology.org/ontologies/FTDM.owl#DMTO_0000640>	<http://www.w3.org/2002/07/owl#Class>
<https://bioportal.bioontology.org/ontologies/FTDM.owl#DMTO_0000641>	<http://www.w3.org/2002/07/owl#Class>
<https://bioportal.bioontology.org/ontologies/FTDM.owl#DMTO_0000642>	<http://www.w3.org/2002/07/owl#Class>
<https://bioportal.bioontology.org/ontologies/FTDM.owl#DMTO_0000643>	<http://www.w3.org/2002/07/owl#Class>
<https://bioportal.bioontology.org/ontologies/FTDM.owl#DMTO_0000644>	<http://www.w3.org/2002/07/owl#Class>
<https://bioportal.bioontology.org/ontologies/FTDM.owl#DMTO_0000645>	<http://www.w3.org/2002/07/owl#Class>
<https://bioportal.bioontology.org/ontologies/FTDM.owl#DMTO_0000646>	<http://www.w3.org/2002/07/owl#Class>
<https://bioportal.bioontology.org/ontologies/FTDM.owl#DMTO_0000647>	<http://www.w3.org/2002/07/owl#Class>
<https://bioportal.bioontology.org/ontologies/FTDM.owl#DMTO_0000648>	<http://www.w3.org/2002/07/owl#Class>
<https://bioportal.bioontology.org/ontologies/FTDM.owl#DMTO_0000649>	<http://www.w3.org/2002/07/owl#Class>
<https://bioportal.bioontology.org/ontologies/FTDM.owl#DMTO_0000650>	<http://www.w3.org/2002/07/owl#Class>
<https://bioportal.bioontology.org/ontologies/FTDM.owl#DMTO_0000651>	<http://www.w3.org/2002/07/owl#Class>
<https://bioportal.bioontology.org/ontologies/FTDM.owl#DMTO_0000652>	<http://www.w3.org/2002/07/owl#Class>
<https://bioportal.bioontology.org/ontologies/FTDM.owl#DMTO_0000653>	<http://www.w3.org/2002/07/owl#Class>
<https://bioportal.bioontology.org/ontologies/FTDM.owl#DMTO_0000654>	<http://www.w3.org/2002/07/owl#Class>
<https://bioportal.bioontology.org/ontologies/FTDM.owl#DMTO_0000655>	<http://www.w3.org/2002/07/owl#Class>
<https://bioportal.bioontology.org/ontologies/FTDM.owl#DMTO_0000656>	<http://www.w3.org/2002/07/owl#Class>
<https://bioportal.bioontology.org/ontologies/FTDM.owl#DMTO_0000657>	<http://www.w3.org/2002/07/owl#Class>
<https://bioportal.bioontology.org/ontologies/FTDM.owl#DMTO_0000658>	<http://www.w3.org/2002/07/owl#Class>
<https://bioportal.bioontology.org/ontologies/FTDM.owl#DMTO_0000659>	<http://www.w3.org/2002/07/owl#Class>
<https://bioportal.bioontology.org/ontologies/FTDM.owl#DMTO_0000660>	<http://www.w3.org/2002/07/owl#Class>
<https://bioportal.bioontology.org/ontologies/FTDM.owl#DMTO_0000661>	<http://www.w3.org/2002/07/owl#Class>
<https://bioportal.bioontology.org/ontologies/FTDM.owl#DMTO_0000662>	<http://www.w3.org/2002/07/owl#Class>
<https://bioportal.bioontology.org/ontologies/FTDM.owl#DMTO_0000663>	<http://www.w3.org/2002/07/owl#Class>
<https://bioportal.bioontology.org/ontologies/FTDM.owl#DMTO_0000664>	<http://www.w3.org/2002/07/owl#Class>
<https://bioportal.bioontology.org/ontologies/FTDM.owl#DMTO_0000665>	<http://www.w3.org/2002/07/owl#Class>
<https://bioportal.bioontology.org/ontologies/FTDM.owl#DMTO_0000666>	<http://www.w3.org/2002/07/owl#Class>
<https://bioportal.bioontology.org/ontologies/FTDM.owl#DMTO_0000667>	<http://www.w3.org/2002/07/owl#Class>
<https://bioportal.bioontology.org/ontologies/FTDM.owl#DMTO_0000668>	<http://www.w3.org/2002/07/owl#Class>
<https://bioportal.bioontology.org/ontologies/FTDM.owl#DMTO_0000669>	<http://www.w3.org/2002/07/owl#Class>
<https://bioportal.bioontology.org/ontologies/FTDM.owl#DMTO_0000670>	<http://www.w3.org/2002/07/owl#Class>
<https://bioportal.bioontology.org/ontologies/FTDM.owl#DMTO_0000671>	<http://www.w3.org/2002/07/owl#Class>
<https://bioportal.bioontology.org/ontologies/FTDM.owl#DMTO_0000672>	<http://www.w3.org/2002/07/owl#Class>
<https://bioportal.bioontology.org/ontologies/FTDM.owl#DMTO_0000673>	<http://www.w3.org/2002/07/owl#Class>
<https://bioportal.bioontology.org/ontologies/FTDM.owl#DMTO_0000674>	<http://www.w3.org/2002/07/owl#Class>
<https://bioportal.bioontology.org/ontologies/FTDM.owl#DMTO_0000675>	<http://www.w3.org/2002/07/owl#Class>
<https://bioportal.bioontology.org/ontologies/FTDM.owl#DMTO_0000676>	<http://www.w3.org/2002/07/owl#Class>
<https://bioportal.bioontology.org/ontologies/FTDM.owl#DMTO_0000677>	<http://www.w3.org/2002/07/owl#Class>
<https://bioportal.bioontology.org/ontologies/FTDM.owl#DMTO_0000678>	<http://www.w3.org/2002/07/owl#Class>
<https://bioportal.bioontology.org/ontologies/FTDM.owl#DMTO_0000679>	<http://www.w3.org/2002/07/owl#Class>
<https://bioportal.bioontology.org/ontologies/FTDM.owl#DMTO_0000680>	<http://www.w3.org/2002/07/owl#Class>
<https://bioportal.bioontology.org/ontologies/FTDM.owl#DMTO_0000681>	<http://www.w3.org/2002/07/owl#Class>
<https://bioportal.bioontology.org/ontologies/FTDM.owl#DMTO_0000682>	<http://www.w3.org/2002/07/owl#Class>
<https://bioportal.bioontology.org/ontologies/FTDM.owl#DMTO_0000683>	<http://www.w3.org/2002/07/owl#Class>
<https://bioportal.bioontology.org/ontologies/FTDM.owl#DMTO_0000684>	<http://www.w3.org/2002/07/owl#Class>
<https://bioportal.bioontology.org/ontologies/FTDM.owl#DMTO_0000685>	<http://www.w3.org/2002/07/owl#Class>
<https://bioportal.bioontology.org/ontologies/FTDM.owl#DMTO_0000686>	<http://www.w3.org/2002/07/owl#Class>
<https://bioportal.bioontology.org/ontologies/FTDM.owl#DMTO_0000687>	<http://www.w3.org/2002/07/owl#Class>
<https://bioportal.bioontology.org/ontologies/FTDM.owl#DMTO_0000688>	<http://www.w3.org/2002/07/owl#Class>
<https://bioportal.bioontology.org/ontologies/FTDM.owl#DMTO_0000689>	<http://www.w3.org/2002/07/owl#Class>
<https://bioportal.bioontology.org/ontologies/FTDM.owl#DMTO_0000690>	<http://www.w3.org/2002/07/owl#Class>
<https://bioportal.bioontology.org/ontologies/FTDM.owl#DMTO_0000691>	<http://www.w3.org/2002/07/owl#Class>
<https://bioportal.bioontology.org/ontologies/FTDM.owl#DMTO_0000692>	<http://www.w3.org/2002/07/owl#Class>
<https://bioportal.bioontology.org/ontologies/FTDM.owl#DMTO_0000693>	<http://www.w3.org/2002/07/owl#Class>
<https://bioportal.bioontology.org/ontologies/FTDM.owl#DMTO_0000694>	<http://www.w3.org/2002/07/owl#Class>
<https://bioportal.bioontology.org/ontologies/FTDM.owl#DMTO_0000695>	<http://www.w3.org/2002/07/owl#Class>
<https://bioportal.bioontology.org/ontologies/FTDM.owl#DMTO_0000696>	<http://www.w3.org/2002/07/owl#Class>
<https://bioportal.bioontology.org/ontologies/FTDM.owl#DMTO_0000697>	<http://www.w3.org/2002/07/owl#Class>
<https://bioportal.bioontology.org/ontologies/FTDM.owl#DMTO_0000698>	<http://www.w3.org/2002/07/owl#Class>
<https://bioportal.bioontology.org/ontologies/FTDM.owl#DMTO_0000699>	<http://www.w3.org/2002/07/owl#Class>
<https://bioportal.bioontology.org/ontologies/FTDM.owl#DMTO_0000700>	<http://www.w3.org/2002/07/owl#Class>
<https://bioportal.bioontology.org/ontologies/FTDM.owl#DMTO_0000701>	<http://www.w3.org/2002/07/owl#Class>
<https://bioportal.bioontology.org/ontologies/FTDM.owl#DMTO_0000702>	<http://www.w3.org/2002/07/owl#Class>
<https://bioportal.bioontology.org/ontologies/FTDM.owl#DMTO_0000703>	<http://www.w3.org/2002/07/owl#Class>
<https://bioportal.bioontology.org/ontologies/FTDM.owl#DMTO_0000704>	<http://www.w3.org/2002/07/owl#Class>
<https://bioportal.bioontology.org/ontologies/FTDM.owl#DMTO_0000705>	<http://www.w3.org/2002/07/owl#Class>
<https://bioportal.bioontology.org/ontologies/FTDM.owl#DMTO_0000706>	<http://www.w3.org/2002/07/owl#Class>
<https://bioportal.bioontology.org/ontologies/FTDM.owl#DMTO_0000707>	<http://www.w3.org/2002/07/owl#Class>
<https://bioportal.bioontology.org/ontologies/FTDM.owl#DMTO_0000708>	<http://www.w3.org/2002/07/owl#Class>
<https://bioportal.bioontology.org/ontologies/FTDM.owl#DMTO_0000709>	<http://www.w3.org/2002/07/owl#Class>
<https://bioportal.bioontology.org/ontologies/FTDM.owl#DMTO_0000710>	<http://www.w3.org/2002/07/owl#Class>
<https://bioportal.bioontology.org/ontologies/FTDM.owl#DMTO_0000711>	<http://www.w3.org/2002/07/owl#Class>
<https://bioportal.bioontology.org/ontologies/FTDM.owl#DMTO_0000712>	<http://www.w3.org/2002/07/owl#Class>
<https://bioportal.bioontology.org/ontologies/FTDM.owl#DMTO_0000713>	<http://www.w3.org/2002/07/owl#Class>
<https://bioportal.bioontology.org/ontologies/FTDM.owl#DMTO_0000714>	<http://www.w3.org/2002/07/owl#Class>
<https://bioportal.bioontology.org/ontologies/FTDM.owl#DMTO_0000715>	<http://www.w3.org/2002/07/owl#Class>
<https://bioportal.bioontology.org/ontologies/FTDM.owl#DMTO_0000716>	<http://www.w3.org/2002/07/owl#Class>
<https://bioportal.bioontology.org/ontologies/FTDM.owl#DMTO_0000717>	<http://www.w3.org/2002/07/owl#Class>
<https://bioportal.bioontology.org/ontologies/FTDM.owl#DMTO_0000718>	<http://www.w3.org/2002/07/owl#Class>
<https://bioportal.bioontology.org/ontologies/FTDM.owl#DMTO_0000719>	<http://www.w3.org/2002/07/owl#Class>
<https://bioportal.bioontology.org/ontologies/FTDM.owl#DMTO_0000720>	<http://www.w3.org/2002/07/owl#Class>
<https://bioportal.bioontology.org/ontologies/FTDM.owl#DMTO_0000721>	<http://www.w3.org/2002/07/owl#Class>
<https://bioportal.bioontology.org/ontologies/FTDM.owl#DMTO_0000722>	<http://www.w3.org/2002/07/owl#Class>
<https://bioportal.bioontology.org/ontologies/FTDM.owl#DMTO_0000723>	<http://www.w3.org/2002/07/owl#Class>
<https://bioportal.bioontology.org/ontologies/FTDM.owl#DMTO_0000724>	<http://www.w3.org/2002/07/owl#Class>
<https://bioportal.bioontology.org/ontologies/FTDM.owl#DMTO_0000725>	<http://www.w3.org/2002/07/owl#Class>
<https://bioportal.bioontology.org/ontologies/FTDM.owl#DMTO_0000726>	<http://www.w3.org/2002/07/owl#Class>
<https://bioportal.bioontology.org/ontologies/FTDM.owl#DMTO_0000727>	<http://www.w3.org/2002/07/owl#Class>
<https://bioportal.bioontology.org/ontologies/FTDM.owl#DMTO_0000728>	<http://www.w3.org/2002/07/owl#Class>
<https://bioportal.bioontology.org/ontologies/FTDM.owl#DMTO_0000729>	<http://www.w3.org/2002/07/owl#Class>
<https://bioportal.bioontology.org/ontologies/FTDM.owl#DMTO_0000730>	<http://www.w3.org/2002/07/owl#Class>
<https://bioportal.bioontology.org/ontologies/FTDM.owl#DMTO_0000731>	<http://www.w3.org/2002/07/owl#Class>
<https://bioportal.bioontology.org/ontologies/FTDM.owl#DMTO_0000732>	<http://www.w3.org/2002/07/owl#Class>
<https://bioportal.bioontology.org/ontologies/FTDM.owl#DMTO_0000733>	<http://www.w3.org/2002/07/owl#Class>
<https://bioportal.bioontology.org/ontologies/FTDM.owl#DMTO_0000734>	<http://www.w3.org/2002/07/owl#Class>
<https://bioportal.bioontology.org/ontologies/FTDM.owl#DMTO_0000735>	<http://www.w3.org/2002/07/owl#Class>
<https://bioportal.bioontology.org/ontologies/FTDM.owl#DMTO_0000736>	<http://www.w3.org/2002/07/owl#Class>
<https://bioportal.bioontology.org/ontologies/FTDM.owl#DMTO_0000737>	<http://www.w3.org/2002/07/owl#Class>
<https://bioportal.bioontology.org/ontologies/FTDM.owl#DMTO_0000738>	<http://www.w3.org/2002/07/owl#Class>
<https://bioportal.bioontology.org/ontologies/FTDM.owl#DMTO_0000739>	<http://www.w3.org/2002/07/owl#Class>
<https://bioportal.bioontology.org/ontologies/FTDM.owl#DMTO_0000740>	<http://www.w3.org/2002/07/owl#Class>
<https://bioportal.bioontology.org/ontologies/FTDM.owl#DMTO_0000741>	<http://www.w3.org/2002/07/owl#Class>
<https://bioportal.bioontology.org/ontologies/FTDM.owl#DMTO_0000742>	<http://www.w3.org/2002/07/owl#Class>
<https://bioportal.bioontology.org/ontologies/FTDM.owl#DMTO_0000743>	<http://www.w3.org/2002/07/owl#Class>
<https://bioportal.bioontology.org/ontologies/FTDM.owl#DMTO_0000744>	<http://www.w3.org/2002/07/owl#Class>
<https://bioportal.bioontology.org/ontologies/FTDM.owl#DMTO_0000745>	<http://www.w3.org/2002/07/owl#Class>
<https://bioportal.bioontology.org/ontologies/FTDM.owl#DMTO_0000746>	<http://www.w3.org/2002/07/owl#Class>
<https://bioportal.bioontology.org/ontologies/FTDM.owl#DMTO_0000747>	<http://www.w3.org/2002/07/owl#Class>
<https://bioportal.bioontology.org/ontologies/FTDM.owl#DMTO_0000748>	<http://www.w3.org/2002/07/owl#Class>
<https://bioportal.bioontology.org/ontologies/FTDM.owl#DMTO_0000749>	<http://www.w3.org/2002/07/owl#Class>
<https://bioportal.bioontology.org/ontologies/FTDM.owl#DMTO_0000750>	<http://www.w3.org/2002/07/owl#Class>
<https://bioportal.bioontology.org/ontologies/FTDM.owl#DMTO_0000751>	<http://www.w3.org/2002/07/owl#Class>
<https://bioportal.bioontology.org/ontologies/FTDM.owl#DMTO_0000752>	<http://www.w3.org/2002/07/owl#Class>
<https://bioportal.bioontology.org/ontologies/FTDM.owl#DMTO_0000753>	<http://www.w3.org/2002/07/owl#Class>
<https://bioportal.bioontology.org/ontologies/FTDM.owl#DMTO_0000754>	<http://www.w3.org/2002/07/owl#Class>
<https://bioportal.bioontology.org/ontologies/FTDM.owl#DMTO_0000755>	<http://www.w3.org/2002/07/owl#Class>
<https://bioportal.bioontology.org/ontologies/FTDM.owl#DMTO_0000756>	<http://www.w3.org/2002/07/owl#Class>
<https://bioportal.bioontology.org/ontologies/FTDM.owl#DMTO_0000757>	<http://www.w3.org/2002/07/owl#Class>
<https://bioportal.bioontology.org/ontologies/FTDM.owl#DMTO_0000758>	<http://www.w3.org/2002/07/owl#Class>
<https://bioportal.bioontology.org/ontologies/FTDM.owl#DMTO_0000759>	<http://www.w3.org/2002/07/owl#Class>
<https://bioportal.bioontology.org/ontologies/FTDM.owl#DMTO_0000760>	<http://www.w3.org/2002/07/owl#Class>
<https://bioportal.bioontology.org/ontologies/FTDM.owl#DMTO_0000761>	<http://www.w3.org/2002/07/owl#Class>
<https://bioportal.bioontology.org/ontologies/FTDM.owl#DMTO_0000762>	<http://www.w3.org/2002/07/owl#Class>
<https://bioportal.bioontology.org/ontologies/FTDM.owl#DMTO_0000763>	<http://www.w3.org/2002/07/owl#Class>
<https://bioportal.bioontology.org/ontologies/FTDM.owl#DMTO_0000764>	<http://www.w3.org/2002/07/owl#Class>
<https://bioportal.bioontology.org/ontologies/FTDM.owl#DMTO_0000765>	<http://www.w3.org/2002/07/owl#Class>
<https://bioportal.bioontology.org/ontologies/FTDM.owl#DMTO_0000766>	<http://www.w3.org/2002/07/owl#Class>
<https://bioportal.bioontology.org/ontologies/FTDM.owl#DMTO_0000767>	<http://www.w3.org/2002/07/owl#Class>
<https://bioportal.bioontology.org/ontologies/FTDM.owl#DMTO_0000768>	<http://www.w3.org/2002/07/owl#Class>
<https://bioportal.bioontology.org/ontologies/FTDM.owl#DMTO_0000769>	<http://www.w3.org/2002/07/owl#Class>
<https://bioportal.bioontology.org/ontologies/FTDM.owl#DMTO_0000770>	<http://www.w3.org/2002/07/owl#Class>
<https://bioportal.bioontology.org/ontologies/FTDM.owl#DMTO_0000771>	<http://www.w3.org/2002/07/owl#Class>
<https://bioportal.bioontology.org/ontologies/FTDM.owl#DMTO_0000772>	<http://www.w3.org/2002/07/owl#Class>
<https://bioportal.bioontology.org/ontologies/FTDM.owl#DMTO_0000773>	<http://www.w3.org/2002/07/owl#Class>
<https://bioportal.bioontology.org/ontologies/FTDM.owl#DMTO_0000774>	<http://www.w3.org/2002/07/owl#Class>
<https://bioportal.bioontology.org/ontologies/FTDM.owl#DMTO_0000775>	<http://www.w3.org/2002/07/owl#Class>
<https://bioportal.bioontology.org/ontologies/FTDM.owl#DMTO_0000776>	<http://www.w3.org/2002/07/owl#Class>
<https://bioportal.bioontology.org/ontologies/FTDM.owl#DMTO_0000777>	<http://www.w3.org/2002/07/owl#Class>
<https://bioportal.bioontology.org/ontologies/FTDM.owl#DMTO_0000778>	<http://www.w3.org/2002/07/owl#Class>
<https://bioportal.bioontology.org/ontologies/FTDM.owl#DMTO_0000779>	<http://www.w3.org/2002/07/owl#Class>
<https://bioportal.bioontology.org/ontologies/FTDM.owl#DMTO_0000780>	<http://www.w3.org/2002/07/owl#Class>
<https://bioportal.bioontology.org/ontologies/FTDM.owl#DMTO_0000781>	<http://www.w3.org/2002/07/owl#Class>
<https://bioportal.bioontology.org/ontologies/FTDM.owl#DMTO_0000782>	<http://www.w3.org/2002/07/owl#Class>
<https://bioportal.bioontology.org/ontologies/FTDM.owl#DMTO_0000783>	<http://www.w3.org/2002/07/owl#Class>
<https://bioportal.bioontology.org/ontologies/FTDM.owl#DMTO_0000784>	<http://www.w3.org/2002/07/owl#Class>
<https://bioportal.bioontology.org/ontologies/FTDM.owl#DMTO_0000785>	<http://www.w3.org/2002/07/owl#Class>
<https://bioportal.bioontology.org/ontologies/FTDM.owl#DMTO_0000786>	<http://www.w3.org/2002/07/owl#Class>
<https://bioportal.bioontology.org/ontologies/FTDM.owl#DMTO_0000787>	<http://www.w3.org/2002/07/owl#Class>
<https://bioportal.bioontology.org/ontologies/FTDM.owl#DMTO_0000788>	<http://www.w3.org/2002/07/owl#Class>
<https://bioportal.bioontology.org/ontologies/FTDM.owl#DMTO_0000789>	<http://www.w3.org/2002/07/owl#Class>
<https://bioportal.bioontology.org/ontologies/FTDM.owl#DMTO_0000790>	<http://www.w3.org/2002/07/owl#Class>
<https://bioportal.bioontology.org/ontologies/FTDM.owl#DMTO_0000791>	<http://www.w3.org/2002/07/owl#Class>
<https://bioportal.bioontology.org/ontologies/FTDM.owl#DMTO_0000792>	<http://www.w3.org/2002/07/owl#Class>
<https://bioportal.bioontology.org/ontologies/FTDM.owl#DMTO_0000793>	<http://www.w3.org/2002/07/owl#Class>
<https://bioportal.bioontology.org/ontologies/FTDM.owl#DMTO_0000794>	<http://www.w3.org/2002/07/owl#Class>
<https://bioportal.bioontology.org/ontologies/FTDM.owl#DMTO_0000795>	<http://www.w3.org/2002/07/owl#Class>
<https://bioportal.bioontology.org/ontologies/FTDM.owl#DMTO_0000796>	<http://www.w3.org/2002/07/owl#Class>
<https://bioportal.bioontology.org/ontologies/FTDM.owl#DMTO_0000797>	<http://www.w3.org/2002/07/owl#Class>
<https://bioportal.bioontology.org/ontologies/FTDM.owl#DMTO_0000798>	<http://www.w3.org/2002/07/owl#Class>
<https://bioportal.bioontology.org/ontologies/FTDM.owl#DMTO_0000799>	<http://www.w3.org/2002/07/owl#Class>
<https://bioportal.bioontology.org/ontologies/FTDM.owl#DMTO_0000800>	<http://www.w3.org/2002/07/owl#Class>
<https://bioportal.bioontology.org/ontologies/FTDM.owl#DMTO_0000801>	<http://www.w3.org/2002/07/owl#Class>
<https://bioportal.bioontology.org/ontologies/FTDM.owl#DMTO_0000802>	<http://www.w3.org/2002/07/owl#Class>
<https://bioportal.bioontology.org/ontologies/FTDM.owl#DMTO_0000803>	<http://www.w3.org/2002/07/owl#Class>
<https://bioportal.bioontology.org/ontologies/FTDM.owl#DMTO_0000804>	<http://www.w3.org/2002/07/owl#Class>
<https://bioportal.bioontology.org/ontologies/FTDM.owl#DMTO_0000805>	<http://www.w3.org/2002/07/owl#Class>
<https://bioportal.bioontology.org/ontologies/FTDM.owl#DMTO_0000806>	<http://www.w3.org/2002/07/owl#Class>
<https://bioportal.bioontology.org/ontologies/FTDM.owl#DMTO_0000807>	<http://www.w3.org/2002/07/owl#Class>
<https://bioportal.bioontology.org/ontologies/FTDM.owl#DMTO_0000808>	<http://www.w3.org/2002/07/owl#Class>
<https://bioportal.bioontology.org/ontologies/FTDM.owl#DMTO_0000809>	<http://www.w3.org/2002/07/owl#Class>
<https://bioportal.bioontology.org/ontologies/FTDM.owl#DMTO_0000810>	<http://www.w3.org/2002/07/owl#Class>
<https://bioportal.bioontology.org/ontologies/FTDM.owl#DMTO_0000811>	<http://www.w3.org/2002/07/owl#Class>
<https://bioportal.bioontology.org/ontologies/FTDM.owl#DMTO_0000812>	<http://www.w3.org/2002/07/owl#Class>
<https://bioportal.bioontology.org/ontologies/FTDM.owl#DMTO_0000813>	<http://www.w3.org/2002/07/owl#Class>
<https://bioportal.bioontology.org/ontologies/FTDM.owl#DMTO_0000814>	<http://www.w3.org/2002/07/owl#Class>
<https://bioportal.bioontology.org/ontologies/FTDM.owl#DMTO_0000815>	<http://www.w3.org/2002/07/owl#Class>
<https://bioportal.bioontology.org/ontologies/FTDM.owl#DMTO_0000816>	<http://www.w3.org/2002/07/owl#Class>
<https://bioportal.bioontology.org/ontologies/FTDM.owl#DMTO_0000817>	<http://www.w3.org/2002/07/owl#Class>
<https://bioportal.bioontology.org/ontologies/FTDM.owl#DMTO_0000818>	<http://www.w3.org/2002/07/owl#Class>
<https://bioportal.bioontology.org/ontologies/FTDM.owl#DMTO_0000819>	<http://www.w3.org/2002/07/owl#Class>
<https://bioportal.bioontology.org/ontologies/FTDM.owl#DMTO_0000820>	<http://www.w3.org/2002/07/owl#Class>
<https://bioportal.bioontology.org/ontologies/FTDM.owl#DMTO_0000821>	<http://www.w3.org/2002/07/owl#Class>
<https://bioportal.bioontology.org/ontologies/FTDM.owl#DMTO_0000822>	<http://www.w3.org/2002/07/owl#Class>
<https://bioportal.bioontology.org/ontologies/FTDM.owl#DMTO_0000823>	<http://www.w3.org/2002/07/owl#Class>
<https://bioportal.bioontology.org/ontologies/FTDM.owl#DMTO_0000824>	<http://www.w3.org/2002/07/owl#Class>
<https://bioportal.bioontology.org/ontologies/FTDM.owl#DMTO_0000825>	<http://www.w3.org/2002/07/owl#Class>
<https://bioportal.bioontology.org/ontologies/FTDM.owl#DMTO_0000826>	<http://www.w3.org/2002/07/owl#Class>
<https://bioportal.bioontology.org/ontologies/FTDM.owl#DMTO_0000827>	<http://www.w3.org/2002/07/owl#Class>
<https://bioportal.bioontology.org/ontologies/FTDM.owl#DMTO_0000828>	<http://www.w3.org/2002/07/owl#Class>
<https://bioportal.bioontology.org/ontologies/FTDM.owl#DMTO_0000829>	<http://www.w3.org/2002/07/owl#Class>
<https://bioportal.bioontology.org/ontologies/FTDM.owl#DMTO_0000830>	<http://www.w3.org/2002/07/owl#Class>
<https://bioportal.bioontology.org/ontologies/FTDM.owl#DMTO_0000831>	<http://www.w3.org/2002/07/owl#Class>
<https://bioportal.bioontology.org/ontologies/FTDM.owl#DMTO_0000832>	<http://www.w3.org/2002/07/owl#Class>
<https://bioportal.bioontology.org/ontologies/FTDM.owl#DMTO_0000833>	<http://www.w3.org/2002/07/owl#Class>
<https://bioportal.bioontology.org/ontologies/FTDM.owl#DMTO_0000834>	<http://www.w3.org/2002/07/owl#Class>
<https://bioportal.bioontology.org/ontologies/FTDM.owl#DMTO_0000835>	<http://www.w3.org/2002/07/owl#Class>
<https://bioportal.bioontology.org/ontologies/FTDM.owl#DMTO_0000836>	<http://www.w3.org/2002/07/owl#Class>
<https://bioportal.bioontology.org/ontologies/FTDM.owl#DMTO_0000837>	<http://www.w3.org/2002/07/owl#Class>
<https://bioportal.bioontology.org/ontologies/FTDM.owl#DMTO_0000838>	<http://www.w3.org/2002/07/owl#Class>
<https://bioportal.bioontology.org/ontologies/FTDM.owl#DMTO_0000839>	<http://www.w3.org/2002/07/owl#Class>
<https://bioportal.bioontology.org/ontologies/FTDM.owl#DMTO_0000840>	<http://www.w3.org/2002/07/owl#Class>
<https://bioportal.bioontology.org/ontologies/FTDM.owl#DMTO_0000841>	<http://www.w3.org/2002/07/owl#Class>
<https://bioportal.bioontology.org/ontologies/FTDM.owl#DMTO_0000842>	<http://www.w3.org/2002/07/owl#Class>
<https://bioportal.bioontology.org/ontologies/FTDM.owl#DMTO_0000843>	<http://www.w3.org/2002/07/owl#Class>
<https://bioportal.bioontology.org/ontologies/FTDM.owl#DMTO_0000844>	<http://www.w3.org/2002/07/owl#Class>
<https://bioportal.bioontology.org/ontologies/FTDM.owl#DMTO_0000845>	<http://www.w3.org/2002/07/owl#Class>
<https://bioportal.bioontology.org/ontologies/FTDM.owl#DMTO_0000846>	<http://www.w3.org/2002/07/owl#Class>
<https://bioportal.bioontology.org/ontologies/FTDM.owl#DMTO_0000847>	<http://www.w3.org/2002/07/owl#Class>
<https://bioportal.bioontology.org/ontologies/FTDM.owl#DMTO_0000848>	<http://www.w3.org/2002/07/owl#Class>
<https://bioportal.bioontology.org/ontologies/FTDM.owl#DMTO_0000849>	<http://www.w3.org/2002/07/owl#Class>
<https://bioportal.bioontology.org/ontologies/FTDM.owl#DMTO_0000850>	<http://www.w3.org/2002/07/owl#Class>
<https://bioportal.bioontology.org/ontologies/FTDM.owl#DMTO_0000851>	<http://www.w3.org/2002/07/owl#Class>
<https://bioportal.bioontology.org/ontologies/FTDM.owl#DMTO_0000852>	<http://www.w3.org/2002/07/owl#Class>
<https://bioportal.bioontology.org/ontologies/FTDM.owl#DMTO_0000853>	<http://www.w3.org/2002/07/owl#Class>
<https://bioportal.bioontology.org/ontologies/FTDM.owl#DMTO_0000854>	<http://www.w3.org/2002/07/owl#Class>
<https://bioportal.bioontology.org/ontologies/FTDM.owl#DMTO_0000855>	<http://www.w3.org/2002/07/owl#Class>
<https://bioportal.bioontology.org/ontologies/FTDM.owl#DMTO_0000856>	<http://www.w3.org/2002/07/owl#Class>
<https://bioportal.bioontology.org/ontologies/FTDM.owl#DMTO_0000857>	<http://www.w3.org/2002/07/owl#Class>
<https://bioportal.bioontology.org/ontologies/FTDM.owl#DMTO_0000858>	<http://www.w3.org/2002/07/owl#Class>
<https://bioportal.bioontology.org/ontologies/FTDM.owl#DMTO_0000859>	<http://www.w3.org/2002/07/owl#Class>
<https://bioportal.bioontology.org/ontologies/FTDM.owl#DMTO_0000860>	<http://www.w3.org/2002/07/owl#Class>
<https://bioportal.bioontology.org/ontologies/FTDM.owl#DMTO_0000861>	<http://www.w3.org/2002/07/owl#Class>
<https://bioportal.bioontology.org/ontologies/FTDM.owl#DMTO_0000862>	<http://www.w3.org/2002/07/owl#Class>
<https://bioportal.bioontology.org/ontologies/FTDM.owl#DMTO_0000863>	<http://www.w3.org/2002/07/owl#Class>
<https://bioportal.bioontology.org/ontologies/FTDM.owl#DMTO_0000864>	<http://www.w3.org/2002/07/owl#Class>
<https://bioportal.bioontology.org/ontologies/FTDM.owl#DMTO_0000865>	<http://www.w3.org/2002/07/owl#Class>
<https://bioportal.bioontology.org/ontologies/FTDM.owl#DMTO_0000866>	<http://www.w3.org/2002/07/owl#Class>
<https://bioportal.bioontology.org/ontologies/FTDM.owl#DMTO_0000867>	<http://www.w3.org/2002/07/owl#Class>
<https://bioportal.bioontology.org/ontologies/FTDM.owl#DMTO_0000868>	<http://www.w3.org/2002/07/owl#Class>
<https://bioportal.bioontology.org/ontologies/FTDM.owl#DMTO_0000869>	<http://www.w3.org/2002/07/owl#Class>
<https://bioportal.bioontology.org/ontologies/FTDM.owl#DMTO_0000870>	<http://www.w3.org/2002/07/owl#Class>
<https://bioportal.bioontology.org/ontologies/FTDM.owl#DMTO_0000871>	<http://www.w3.org/2002/07/owl#Class>
<https://bioportal.bioontology.org/ontologies/FTDM.owl#DMTO_0000872>	<http://www.w3.org/2002/07/owl#Class>
<https://bioportal.bioontology.org/ontologies/FTDM.owl#DMTO_0000873>	<http://www.w3.org/2002/07/owl#Class>
<https://bioportal.bioontology.org/ontologies/FTDM.owl#DMTO_0000874>	<http://www.w3.org/2002/07/owl#Class>
<https://bioportal.bioontology.org/ontologies/FTDM.owl#DMTO_0000875>	<http://www.w3.org/2002/07/owl#Class>
<https://bioportal.bioontology.org/ontologies/FTDM.owl#DMTO_0000876>	<http://www.w3.org/2002/07/owl#Class>
<https://bioportal.bioontology.org/ontologies/FTDM.owl#DMTO_0000877>	<http://www.w3.org/2002/07/owl#Class>
<https://bioportal.bioontology.org/ontologies/FTDM.owl#DMTO_0000878>	<http://www.w3.org/2002/07/owl#Class>
<https://bioportal.bioontology.org/ontologies/FTDM.owl#DMTO_0000879>	<http://www.w3.org/2002/07/owl#Class>
<https://bioportal.bioontology.org/ontologies/FTDM.owl#DMTO_0000880>	<http://www.w3.org/2002/07/owl#Class>
<https://bioportal.bioontology.org/ontologies/FTDM.owl#DMTO_0000881>	<http://www.w3.org/2002/07/owl#Class>
<https://bioportal.bioontology.org/ontologies/FTDM.owl#DMTO_0000882>	<http://www.w3.org/2002/07/owl#Class>
<https://bioportal.bioontology.org/ontologies/FTDM.owl#DMTO_0000883>	<http://www.w3.org/2002/07/owl#Class>
<https://bioportal.bioontology.org/ontologies/FTDM.owl#DMTO_0000884>	<http://www.w3.org/2002/07/owl#Class>
<https://bioportal.bioontology.org/ontologies/FTDM.owl#DMTO_0000885>	<http://www.w3.org/2002/07/owl#Class>
<https://bioportal.bioontology.org/ontologies/FTDM.owl#DMTO_0000886>	<http://www.w3.org/2002/07/owl#Class>
<https://bioportal.bioontology.org/ontologies/FTDM.owl#DMTO_0000887>	<http://www.w3.org/2002/07/owl#Class>
<https://bioportal.bioontology.org/ontologies/FTDM.owl#DMTO_0000888>	<http://www.w3.org/2002/07/owl#Class>
<https://bioportal.bioontology.org/ontologies/FTDM.owl#DMTO_0000889>	<http://www.w3.org/2002/07/owl#Class>
<https://bioportal.bioontology.org/ontologies/FTDM.owl#DMTO_0000890>	<http://www.w3.org/2002/07/owl#Class>
<https://bioportal.bioontology.org/ontologies/FTDM.owl#DMTO_0000891>	<http://www.w3.org/2002/07/owl#Class>
<https://bioportal.bioontology.org/ontologies/FTDM.owl#DMTO_0000892>	<http://www.w3.org/2002/07/owl#Class>
<https://bioportal.bioontology.org/ontologies/FTDM.owl#DMTO_0000893>	<http://www.w3.org/2002/07/owl#Class>
<https://bioportal.bioontology.org/ontologies/FTDM.owl#DMTO_0000894>	<http://www.w3.org/2002/07/owl#Class>
<https://bioportal.bioontology.org/ontologies/FTDM.owl#DMTO_0000895>	<http://www.w3.org/2002/07/owl#Class>
<https://bioportal.bioontology.org/ontologies/FTDM.owl#DMTO_0000896>	<http://www.w3.org/2002/07/owl#Class>
<https://bioportal.bioontology.org/ontologies/FTDM.owl#DMTO_0000897>	<http://www.w3.org/2002/07/owl#Class>
<https://bioportal.bioontology.org/ontologies/FTDM.owl#DMTO_0000898>	<http://www.w3.org/2002/07/owl#Class>
<https://bioportal.bioontology.org/ontologies/FTDM.owl#DMTO_0000899>	<http://www.w3.org/2002/07/owl#Class>
<https://bioportal.bioontology.org/ontologies/FTDM.owl#DMTO_0000900>	<http://www.w3.org/2002/07/owl#Class>
<https://bioportal.bioontology.org/ontologies/FTDM.owl#DMTO_0000901>	<http://www.w3.org/2002/07/owl#Class>
<https://bioportal.bioontology.org/ontologies/FTDM.owl#DMTO_0000902>	<http://www.w3.org/2002/07/owl#Class>
<https://bioportal.bioontology.org/ontologies/FTDM.owl#DMTO_0000903>	<http://www.w3.org/2002/07/owl#Class>
<https://bioportal.bioontology.org/ontologies/FTDM.owl#DMTO_0000904>	<http://www.w3.org/2002/07/owl#Class>
<https://bioportal.bioontology.org/ontologies/FTDM.owl#DMTO_0000905>	<http://www.w3.org/2002/07/owl#Class>
<https://bioportal.bioontology.org/ontologies/FTDM.owl#DMTO_0000906>	<http://www.w3.org/2002/07/owl#Class>
<https://bioportal.bioontology.org/ontologies/FTDM.owl#DMTO_0000907>	<http://www.w3.org/2002/07/owl#Class>
<https://bioportal.bioontology.org/ontologies/FTDM.owl#DMTO_0000908>	<http://www.w3.org/2002/07/owl#Class>
<https://bioportal.bioontology.org/ontologies/FTDM.owl#DMTO_0000909>	<http://www.w3.org/2002/07/owl#AnnotationProperty>
<https://bioportal.bioontology.org/ontologies/FTDM.owl#DMTO_0000912>	<http://www.w3.org/2002/07/owl#Class>
<https://bioportal.bioontology.org/ontologies/FTDM.owl#DMTO_0000914>	<http://www.w3.org/2002/07/owl#Class>
<https://bioportal.bioontology.org/ontologies/FTDM.owl#DMTO_0000917>	<http://www.w3.org/2002/07/owl#Class>
<https://bioportal.bioontology.org/ontologies/FTDM.owl#DMTO_0000918>	<http://www.w3.org/2002/07/owl#Class>
<https://bioportal.bioontology.org/ontologies/FTDM.owl#DMTO_0000920>	<http://www.w3.org/2002/07/owl#Class>
<https://bioportal.bioontology.org/ontologies/FTDM.owl#DMTO_0000921>	<http://www.w3.org/2002/07/owl#Class>
<https://bioportal.bioontology.org/ontologies/FTDM.owl#DMTO_0000922>	<http://www.w3.org/2002/07/owl#Class>
<https://bioportal.bioontology.org/ontologies/FTDM.owl#DMTO_0000925>	<http://www.w3.org/2002/07/owl#Class>
<https://bioportal.bioontology.org/ontologies/FTDM.owl#DMTO_0000926>	<http://www.w3.org/2002/07/owl#Class>
<https://bioportal.bioontology.org/ontologies/FTDM.owl#DMTO_0000927>	<http://www.w3.org/2002/07/owl#Class>
<https://bioportal.bioontology.org/ontologies/FTDM.owl#DMTO_0000928>	<http://www.w3.org/2002/07/owl#Class>
<https://bioportal.bioontology.org/ontologies/FTDM.owl#DMTO_0000929>	<http://www.w3.org/2002/07/owl#Class>
<https://bioportal.bioontology.org/ontologies/FTDM.owl#DMTO_0000930>	<http://www.w3.org/2002/07/owl#Class>
<https://bioportal.bioontology.org/ontologies/FTDM.owl#DMTO_0000934>	<http://www.w3.org/2002/07/owl#Class>
<https://bioportal.bioontology.org/ontologies/FTDM.owl#DMTO_0000937>	<http://www.w3.org/2002/07/owl#Class>
<https://bioportal.bioontology.org/ontologies/FTDM.owl#DMTO_0000938>	<http://www.w3.org/2002/07/owl#Class>
<https://bioportal.bioontology.org/ontologies/FTDM.owl#DMTO_0000939>	<http://www.w3.org/2002/07/owl#Class>
<https://bioportal.bioontology.org/ontologies/FTDM.owl#DMTO_0000940>	<http://www.w3.org/2002/07/owl#Class>
<https://bioportal.bioontology.org/ontologies/FTDM.owl#DMTO_0000944>	<http://www.w3.org/2002/07/owl#Class>
<https://bioportal.bioontology.org/ontologies/FTDM.owl#DMTO_0000945>	<http://www.w3.org/2002/07/owl#Class>
<https://bioportal.bioontology.org/ontologies/FTDM.owl#DMTO_0000947>	<http://www.w3.org/2002/07/owl#Class>
<https://bioportal.bioontology.org/ontologies/FTDM.owl#DMTO_0000948>	<http://www.w3.org/2002/07/owl#Class>
<https://bioportal.bioontology.org/ontologies/FTDM.owl#DMTO_0000951>	<http://www.w3.org/2002/07/owl#Class>
<https://bioportal.bioontology.org/ontologies/FTDM.owl#DMTO_0000953>	<http://www.w3.org/2002/07/owl#Class>
<https://bioportal.bioontology.org/ontologies/FTDM.owl#DMTO_0000954>	<http://www.w3.org/2002/07/owl#Class>
<https://bioportal.bioontology.org/ontologies/FTDM.owl#DMTO_0000955>	<http://www.w3.org/2002/07/owl#Class>
<https://bioportal.bioontology.org/ontologies/FTDM.owl#DMTO_0000956>	<http://www.w3.org/2002/07/owl#Class>
<https://bioportal.bioontology.org/ontologies/FTDM.owl#DMTO_0000957>	<http://www.w3.org/2002/07/owl#Class>
<https://bioportal.bioontology.org/ontologies/FTDM.owl#DMTO_0000959>	<http://www.w3.org/2002/07/owl#Class>
<https://bioportal.bioontology.org/ontologies/FTDM.owl#DMTO_0000964>	<http://www.w3.org/2002/07/owl#Class>
<https://bioportal.bioontology.org/ontologies/FTDM.owl#DMTO_0000965>	<http://www.w3.org/2002/07/owl#Class>
<https://bioportal.bioontology.org/ontologies/FTDM.owl#DMTO_0000966>	<http://www.w3.org/2002/07/owl#Class>
<https://bioportal.bioontology.org/ontologies/FTDM.owl#DMTO_0000967>	<http://www.w3.org/2002/07/owl#Class>
<https://bioportal.bioontology.org/ontologies/FTDM.owl#DMTO_0000968>	<http://www.w3.org/2002/07/owl#Class>
<https://bioportal.bioontology.org/ontologies/FTDM.owl#DMTO_0000969>	<http://www.w3.org/2002/07/owl#Class>
<https://bioportal.bioontology.org/ontologies/FTDM.owl#DMTO_0000970>	<http://www.w3.org/2002/07/owl#Class>
<https://bioportal.bioontology.org/ontologies/FTDM.owl#DMTO_0000971>	<http://www.w3.org/2002/07/owl#Class>
<https://bioportal.bioontology.org/ontologies/FTDM.owl#DMTO_0000977>	<http://www.w3.org/2002/07/owl#ObjectProperty>
<https://bioportal.bioontology.org/ontologies/FTDM.owl#DMTO_0000979>	<http://www.w3.org/2002/07/owl#Class>
<https://bioportal.bioontology.org/ontologies/FTDM.owl#DMTO_0000984>	<http://www.w3.org/2002/07/owl#Class>
<https://bioportal.bioontology.org/ontologies/FTDM.owl#DMTO_0000985>	<http://www.w3.org/2002/07/owl#ObjectProperty>
<https://bioportal.bioontology.org/ontologies/FTDM.owl#DMTO_0000993>	<http://www.w3.org/2002/07/owl#ObjectProperty>
<https://bioportal.bioontology.org/ontologies/FTDM.owl#DMTO_0001013>	<http://www.w3.org/2002/07/owl#Class>
<https://bioportal.bioontology.org/ontologies/FTDM.owl#DMTO_0001014>	<http://www.w3.org/2002/07/owl#Class>
<https://bioportal.bioontology.org/ontologies/FTDM.owl#DMTO_0001015>	<http://www.w3.org/2002/07/owl#Class>
<https://bioportal.bioontology.org/ontologies/FTDM.owl#DMTO_0001016>	<http://www.w3.org/2002/07/owl#ObjectProperty>
<https://bioportal.bioontology.org/ontologies/FTDM.owl#DMTO_0001055>	<http://www.w3.org/2002/07/owl#Class>
<https://bioportal.bioontology.org/ontologies/FTDM.owl#DMTO_0001056>	<http://www.w3.org/2002/07/owl#Class>
<https://bioportal.bioontology.org/ontologies/FTDM.owl#DMTO_0001057>	<http://www.w3.org/2002/07/owl#Class>
<https://bioportal.bioontology.org/ontologies/FTDM.owl#DMTO_0001058>	<http://www.w3.org/2002/07/owl#Class>
<https://bioportal.bioontology.org/ontologies/FTDM.owl#DMTO_0001088>	<http://www.w3.org/2002/07/owl#Class>
<https://bioportal.bioontology.org/ontologies/FTDM.owl#DMTO_0001126>	<http://www.w3.org/2002/07/owl#Class>
<https://bioportal.bioontology.org/ontologies/FTDM.owl#DMTO_0001127>	<http://www.w3.org/2002/07/owl#Class>
<https://bioportal.bioontology.org/ontologies/FTDM.owl#DMTO_0001128>	<http://www.w3.org/2002/07/owl#Class>
<https://bioportal.bioontology.org/ontologies/FTDM.owl#DMTO_0001129>	<http://www.w3.org/2002/07/owl#Class>
<https://bioportal.bioontology.org/ontologies/FTDM.owl#DMTO_0001130>	<http://www.w3.org/2002/07/owl#Class>
<https://bioportal.bioontology.org/ontologies/FTDM.owl#DMTO_0001131>	<http://www.w3.org/2002/07/owl#Class>
<https://bioportal.bioontology.org/ontologies/FTDM.owl#DMTO_0001179>	<http://www.w3.org/2002/07/owl#Class>
<https://bioportal.bioontology.org/ontologies/FTDM.owl#DMTO_0001180>	<http://www.w3.org/2002/07/owl#Class>
<https://bioportal.bioontology.org/ontologies/FTDM.owl#DMTO_0001181>	<http://www.w3.org/2002/07/owl#Class>
<https://bioportal.bioontology.org/ontologies/FTDM.owl#DMTO_0001182>	<http://www.w3.org/2002/07/owl#Class>
<https://bioportal.bioontology.org/ontologies/FTDM.owl#DMTO_0001183>	<http://www.w3.org/2002/07/owl#Class>
<https://bioportal.bioontology.org/ontologies/FTDM.owl#DMTO_0001184>	<http://www.w3.org/2002/07/owl#Class>
<https://bioportal.bioontology.org/ontologies/FTDM.owl#DMTO_0001185>	<http://www.w3.org/2002/07/owl#Class>
<https://bioportal.bioontology.org/ontologies/FTDM.owl#DMTO_0001186>	<http://www.w3.org/2002/07/owl#Class>
<https://bioportal.bioontology.org/ontologies/FTDM.owl#DMTO_0001187>	<http://www.w3.org/2002/07/owl#Class>
<https://bioportal.bioontology.org/ontologies/FTDM.owl#DMTO_0001188>	<http://www.w3.org/2002/07/owl#Class>
<https://bioportal.bioontology.org/ontologies/FTDM.owl#DMTO_0001189>	<http://www.w3.org/2002/07/owl#Class>
<https://bioportal.bioontology.org/ontologies/FTDM.owl#DMTO_0001193>	<http://www.w3.org/2002/07/owl#Class>
<https://bioportal.bioontology.org/ontologies/FTDM.owl#DMTO_0001194>	<http://www.w3.org/2002/07/owl#Class>
<https://bioportal.bioontology.org/ontologies/FTDM.owl#DMTO_0001195>	<http://www.w3.org/2002/07/owl#Class>
<https://bioportal.bioontology.org/ontologies/FTDM.owl#DMTO_0001196>	<http://www.w3.org/2002/07/owl#Class>
<https://bioportal.bioontology.org/ontologies/FTDM.owl#DMTO_0001197>	<http://www.w3.org/2002/07/owl#Class>
<https://bioportal.bioontology.org/ontologies/FTDM.owl#DMTO_0001198>	<http://www.w3.org/2002/07/owl#Class>
<https://bioportal.bioontology.org/ontologies/FTDM.owl#DMTO_0001199>	<http://www.w3.org/2002/07/owl#Class>
<https://bioportal.bioontology.org/ontologies/FTDM.owl#DMTO_0001200>	<http://www.w3.org/2002/07/owl#Class>
<https://bioportal.bioontology.org/ontologies/FTDM.owl#DMTO_0001203>	<http://www.w3.org/2002/07/owl#Class>
<https://bioportal.bioontology.org/ontologies/FTDM.owl#DMTO_0001206>	<http://www.w3.org/2002/07/owl#Class>
<https://bioportal.bioontology.org/ontologies/FTDM.owl#DMTO_0001207>	<http://www.w3.org/2002/07/owl#Class>
<https://bioportal.bioontology.org/ontologies/FTDM.owl#DMTO_0001208>	<http://www.w3.org/2002/07/owl#Class>
<https://bioportal.bioontology.org/ontologies/FTDM.owl#DMTO_0001209>	<http://www.w3.org/2002/07/owl#Class>
<https://bioportal.bioontology.org/ontologies/FTDM.owl#DMTO_0001210>	<http://www.w3.org/2002/07/owl#Class>
<https://bioportal.bioontology.org/ontologies/FTDM.owl#DMTO_0001212>	<http://www.w3.org/2002/07/owl#Class>
<https://bioportal.bioontology.org/ontologies/FTDM.owl#DMTO_0001213>	<http://www.w3.org/2002/07/owl#Class>
<https://bioportal.bioontology.org/ontologies/FTDM.owl#DMTO_0001214>	<http://www.w3.org/2002/07/owl#Class>
<https://bioportal.bioontology.org/ontologies/FTDM.owl#DMTO_0001215>	<http://www.w3.org/2002/07/owl#Class>
<https://bioportal.bioontology.org/ontologies/FTDM.owl#DMTO_0001216>	<http://www.w3.org/2002/07/owl#Class>
<https://bioportal.bioontology.org/ontologies/FTDM.owl#DMTO_0001217>	<http://www.w3.org/2002/07/owl#Class>
<https://bioportal.bioontology.org/ontologies/FTDM.owl#DMTO_0001221>	<http://www.w3.org/2002/07/owl#Class>
<https://bioportal.bioontology.org/ontologies/FTDM.owl#DMTO_0001222>	<http://www.w3.org/2002/07/owl#Class>
<https://bioportal.bioontology.org/ontologies/FTDM.owl#DMTO_0001223>	<http://www.w3.org/2002/07/owl#Class>
<https://bioportal.bioontology.org/ontologies/FTDM.owl#DMTO_0001224>	<http://www.w3.org/2002/07/owl#Class>
<https://bioportal.bioontology.org/ontologies/FTDM.owl#DMTO_0001225>	<http://www.w3.org/2002/07/owl#Class>
<https://bioportal.bioontology.org/ontologies/FTDM.owl#DMTO_0001226>	<http://www.w3.org/2002/07/owl#Class>
<https://bioportal.bioontology.org/ontologies/FTDM.owl#DMTO_0001227>	<http://www.w3.org/2002/07/owl#Class>
<https://bioportal.bioontology.org/ontologies/FTDM.owl#DMTO_0001228>	<http://www.w3.org/2002/07/owl#Class>
<https://bioportal.bioontology.org/ontologies/FTDM.owl#DMTO_0001229>	<http://www.w3.org/2002/07/owl#Class>
<https://bioportal.bioontology.org/ontologies/FTDM.owl#DMTO_0001230>	<http://www.w3.org/2002/07/owl#Class>
<https://bioportal.bioontology.org/ontologies/FTDM.owl#DMTO_0001231>	<http://www.w3.org/2002/07/owl#Class>
<https://bioportal.bioontology.org/ontologies/FTDM.owl#DMTO_0001232>	<http://www.w3.org/2002/07/owl#Class>
<https://bioportal.bioontology.org/ontologies/FTDM.owl#DMTO_0001233>	<http://www.w3.org/2002/07/owl#Class>
<https://bioportal.bioontology.org/ontologies/FTDM.owl#DMTO_0001234>	<http://www.w3.org/2002/07/owl#Class>
<https://bioportal.bioontology.org/ontologies/FTDM.owl#DMTO_0001237>	<http://www.w3.org/2002/07/owl#Class>
<https://bioportal.bioontology.org/ontologies/FTDM.owl#DMTO_0001238>	<http://www.w3.org/2002/07/owl#Class>
<https://bioportal.bioontology.org/ontologies/FTDM.owl#DMTO_0001239>	<http://www.w3.org/2002/07/owl#Class>
<https://bioportal.bioontology.org/ontologies/FTDM.owl#DMTO_0001240>	<http://www.w3.org/2002/07/owl#Class>
<https://bioportal.bioontology.org/ontologies/FTDM.owl#DMTO_0001241>	<http://www.w3.org/2002/07/owl#Class>
<https://bioportal.bioontology.org/ontologies/FTDM.owl#DMTO_0001243>	<http://www.w3.org/2002/07/owl#Class>
<https://bioportal.bioontology.org/ontologies/FTDM.owl#DMTO_0001244>	<http://www.w3.org/2002/07/owl#Class>
<https://bioportal.bioontology.org/ontologies/FTDM.owl#DMTO_0001250>	<http://www.w3.org/2002/07/owl#Class>
<https://bioportal.bioontology.org/ontologies/FTDM.owl#DMTO_0001251>	<http://www.w3.org/2002/07/owl#Class>
<https://bioportal.bioontology.org/ontologies/FTDM.owl#DMTO_0001252>	<http://www.w3.org/2002/07/owl#Class>
<https://bioportal.bioontology.org/ontologies/FTDM.owl#DMTO_0001253>	<http://www.w3.org/2002/07/owl#Class>
<https://bioportal.bioontology.org/ontologies/FTDM.owl#DMTO_0001257>	<http://www.w3.org/2002/07/owl#Class>
<https://bioportal.bioontology.org/ontologies/FTDM.owl#DMTO_0001258>	<http://www.w3.org/2002/07/owl#Class>
<https://bioportal.bioontology.org/ontologies/FTDM.owl#DMTO_0001261>	<http://www.w3.org/2002/07/owl#Class>
<https://bioportal.bioontology.org/ontologies/FTDM.owl#DMTO_0001262>	<http://www.w3.org/2002/07/owl#Class>
<https://bioportal.bioontology.org/ontologies/FTDM.owl#DMTO_0001263>	<http://www.w3.org/2002/07/owl#Class>
<https://bioportal.bioontology.org/ontologies/FTDM.owl#DMTO_0001264>	<http://www.w3.org/2002/07/owl#Class>
<https://bioportal.bioontology.org/ontologies/FTDM.owl#DMTO_0001266>	<http://www.w3.org/2002/07/owl#Class>
<https://bioportal.bioontology.org/ontologies/FTDM.owl#DMTO_0001267>	<http://www.w3.org/2002/07/owl#Class>
<https://bioportal.bioontology.org/ontologies/FTDM.owl#DMTO_0001268>	<http://www.w3.org/2002/07/owl#Class>
<https://bioportal.bioontology.org/ontologies/FTDM.owl#DMTO_0001271>	<http://www.w3.org/2002/07/owl#Class>
<https://bioportal.bioontology.org/ontologies/FTDM.owl#DMTO_0001272>	<http://www.w3.org/2002/07/owl#Class>
<https://bioportal.bioontology.org/ontologies/FTDM.owl#DMTO_0001273>	<http://www.w3.org/2002/07/owl#Class>
<https://bioportal.bioontology.org/ontologies/FTDM.owl#DMTO_0001274>	<http://www.w3.org/2002/07/owl#Class>
<https://bioportal.bioontology.org/ontologies/FTDM.owl#DMTO_0001275>	<http://www.w3.org/2002/07/owl#Class>
<https://bioportal.bioontology.org/ontologies/FTDM.owl#DMTO_0001277>	<http://www.w3.org/2002/07/owl#Class>
<https://bioportal.bioontology.org/ontologies/FTDM.owl#DMTO_0001278>	<http://www.w3.org/2002/07/owl#Class>
<https://bioportal.bioontology.org/ontologies/FTDM.owl#DMTO_0001280>	<http://www.w3.org/2002/07/owl#Class>
<https://bioportal.bioontology.org/ontologies/FTDM.owl#DMTO_0001281>	<http://www.w3.org/2002/07/owl#Class>
<https://bioportal.bioontology.org/ontologies/FTDM.owl#DMTO_0001282>	<http://www.w3.org/2002/07/owl#Class>
<https://bioportal.bioontology.org/ontologies/FTDM.owl#DMTO_0001289>	<http://www.w3.org/2002/07/owl#Class>
<https://bioportal.bioontology.org/ontologies/FTDM.owl#DMTO_0001290>	<http://www.w3.org/2002/07/owl#Class>
<https://bioportal.bioontology.org/ontologies/FTDM.owl#DMTO_0001291>	<http://www.w3.org/2002/07/owl#Class>
<https://bioportal.bioontology.org/ontologies/FTDM.owl#DMTO_0001292>	<http://www.w3.org/2002/07/owl#Class>
<https://bioportal.bioontology.org/ontologies/FTDM.owl#DMTO_0001293>	<http://www.w3.org/2002/07/owl#Class>
<https://bioportal.bioontology.org/ontologies/FTDM.owl#DMTO_0001325>	<http://www.w3.org/2002/07/owl#Class>
<https://bioportal.bioontology.org/ontologies/FTDM.owl#DMTO_0001326>	<http://www.w3.org/2002/07/owl#Class>
<https://bioportal.bioontology.org/ontologies/FTDM.owl#DMTO_0001327>	<http://www.w3.org/2002/07/owl#Class>
<https://bioportal.bioontology.org/ontologies/FTDM.owl#DMTO_0001328>	<http://www.w3.org/2002/07/owl#Class>
<https://bioportal.bioontology.org/ontologies/FTDM.owl#DMTO_0001332>	<http://www.w3.org/2002/07/owl#Class>
<https://bioportal.bioontology.org/ontologies/FTDM.owl#DMTO_0001333>	<http://www.w3.org/2002/07/owl#Class>
<https://bioportal.bioontology.org/ontologies/FTDM.owl#DMTO_0001334>	<http://www.w3.org/2002/07/owl#Class>
<https://bioportal.bioontology.org/ontologies/FTDM.owl#DMTO_0001335>	<http://www.w3.org/2002/07/owl#Class>
<https://bioportal.bioontology.org/ontologies/FTDM.owl#DMTO_0001336>	<http://www.w3.org/2002/07/owl#Class>
<https://bioportal.bioontology.org/ontologies/FTDM.owl#DMTO_0001337>	<http://www.w3.org/2002/07/owl#Class>
<https://bioportal.bioontology.org/ontologies/FTDM.owl#DMTO_0001338>	<http://www.w3.org/2002/07/owl#Class>
<https://bioportal.bioontology.org/ontologies/FTDM.owl#DMTO_0001339>	<http://www.w3.org/2002/07/owl#Class>
<https://bioportal.bioontology.org/ontologies/FTDM.owl#DMTO_0001340>	<http://www.w3.org/2002/07/owl#Class>
<https://bioportal.bioontology.org/ontologies/FTDM.owl#DMTO_0001341>	<http://www.w3.org/2002/07/owl#Class>
<https://bioportal.bioontology.org/ontologies/FTDM.owl#DMTO_0001342>	<http://www.w3.org/2002/07/owl#Class>
<https://bioportal.bioontology.org/ontologies/FTDM.owl#DMTO_0001343>	<http://www.w3.org/2002/07/owl#Class>
<https://bioportal.bioontology.org/ontologies/FTDM.owl#DMTO_0001344>	<http://www.w3.org/2002/07/owl#Class>
<https://bioportal.bioontology.org/ontologies/FTDM.owl#DMTO_0001347>	<http://www.w3.org/2002/07/owl#Class>
<https://bioportal.bioontology.org/ontologies/FTDM.owl#DMTO_0001348>	<http://www.w3.org/2002/07/owl#Class>
<https://bioportal.bioontology.org/ontologies/FTDM.owl#DMTO_0001349>	<http://www.w3.org/2002/07/owl#Class>
<https://bioportal.bioontology.org/ontologies/FTDM.owl#DMTO_0001350>	<http://www.w3.org/2002/07/owl#Class>
<https://bioportal.bioontology.org/ontologies/FTDM.owl#DMTO_0001351>	<http://www.w3.org/2002/07/owl#Class>
<https://bioportal.bioontology.org/ontologies/FTDM.owl#DMTO_0001352>	<http://www.w3.org/2002/07/owl#Class>
<https://bioportal.bioontology.org/ontologies/FTDM.owl#DMTO_0001353>	<http://www.w3.org/2002/07/owl#Class>
<https://bioportal.bioontology.org/ontologies/FTDM.owl#DMTO_0001354>	<http://www.w3.org/2002/07/owl#Class>
<https://bioportal.bioontology.org/ontologies/FTDM.owl#DMTO_0001355>	<http://www.w3.org/2002/07/owl#Class>
<https://bioportal.bioontology.org/ontologies/FTDM.owl#DMTO_0001359>	<http://www.w3.org/2002/07/owl#Class>
<https://bioportal.bioontology.org/ontologies/FTDM.owl#DMTO_0001360>	<http://www.w3.org/2002/07/owl#Class>
<https://bioportal.bioontology.org/ontologies/FTDM.owl#DMTO_0001361>	<http://www.w3.org/2002/07/owl#Class>
<https://bioportal.bioontology.org/ontologies/FTDM.owl#DMTO_0001362>	<http://www.w3.org/2002/07/owl#Class>
<https://bioportal.bioontology.org/ontologies/FTDM.owl#DMTO_0001363>	<http://www.w3.org/2002/07/owl#Class>
<https://bioportal.bioontology.org/ontologies/FTDM.owl#DMTO_0001364>	<http://www.w3.org/2002/07/owl#Class>
<https://bioportal.bioontology.org/ontologies/FTDM.owl#DMTO_0001365>	<http://www.w3.org/2002/07/owl#Class>
<https://bioportal.bioontology.org/ontologies/FTDM.owl#DMTO_0001366>	<http://www.w3.org/2002/07/owl#Class>
<https://bioportal.bioontology.org/ontologies/FTDM.owl#DMTO_0001367>	<http://www.w3.org/2002/07/owl#Class>
<https://bioportal.bioontology.org/ontologies/FTDM.owl#DMTO_0001368>	<http://www.w3.org/2002/07/owl#Class>
<https://bioportal.bioontology.org/ontologies/FTDM.owl#DMTO_0001370>	<http://www.w3.org/2002/07/owl#Class>
<https://bioportal.bioontology.org/ontologies/FTDM.owl#DMTO_0001371>	<http://www.w3.org/2002/07/owl#Class>
<https://bioportal.bioontology.org/ontologies/FTDM.owl#DMTO_0001372>	<http://www.w3.org/2002/07/owl#Class>
<https://bioportal.bioontology.org/ontologies/FTDM.owl#DMTO_0001373>	<http://www.w3.org/2002/07/owl#Class>
<https://bioportal.bioontology.org/ontologies/FTDM.owl#DMTO_0001378>	<http://www.w3.org/2002/07/owl#Class>
<https://bioportal.bioontology.org/ontologies/FTDM.owl#DMTO_0001379>	<http://www.w3.org/2002/07/owl#Class>
<https://bioportal.bioontology.org/ontologies/FTDM.owl#DMTO_0001380>	<http://www.w3.org/2002/07/owl#Class>
<https://bioportal.bioontology.org/ontologies/FTDM.owl#DMTO_0001381>	<http://www.w3.org/2002/07/owl#Class>
<https://bioportal.bioontology.org/ontologies/FTDM.owl#DMTO_0001382>	<http://www.w3.org/2002/07/owl#Class>
<https://bioportal.bioontology.org/ontologies/FTDM.owl#DMTO_0001383>	<http://www.w3.org/2002/07/owl#Class>
<https://bioportal.bioontology.org/ontologies/FTDM.owl#DMTO_0001384>	<http://www.w3.org/2002/07/owl#Class>
<https://bioportal.bioontology.org/ontologies/FTDM.owl#DMTO_0001385>	<http://www.w3.org/2002/07/owl#Class>
<https://bioportal.bioontology.org/ontologies/FTDM.owl#DMTO_0001386>	<http://www.w3.org/2002/07/owl#Class>
<https://bioportal.bioontology.org/ontologies/FTDM.owl#DMTO_0001387>	<http://www.w3.org/2002/07/owl#Class>
<https://bioportal.bioontology.org/ontologies/FTDM.owl#DMTO_0001388>	<http://www.w3.org/2002/07/owl#Class>
<https://bioportal.bioontology.org/ontologies/FTDM.owl#DMTO_0001389>	<http://www.w3.org/2002/07/owl#Class>
<https://bioportal.bioontology.org/ontologies/FTDM.owl#DMTO_0001390>	<http://www.w3.org/2002/07/owl#Class>
<https://bioportal.bioontology.org/ontologies/FTDM.owl#DMTO_0001391>	<http://www.w3.org/2002/07/owl#Class>
<https://bioportal.bioontology.org/ontologies/FTDM.owl#DMTO_0001392>	<http://www.w3.org/2002/07/owl#Class>
<https://bioportal.bioontology.org/ontologies/FTDM.owl#DMTO_0001396>	<http://www.w3.org/2002/07/owl#Class>
<https://bioportal.bioontology.org/ontologies/FTDM.owl#DMTO_0001397>	<http://www.w3.org/2002/07/owl#Class>
<https://bioportal.bioontology.org/ontologies/FTDM.owl#DMTO_0001398>	<http://www.w3.org/2002/07/owl#Class>
<https://bioportal.bioontology.org/ontologies/FTDM.owl#DMTO_0001399>	<http://www.w3.org/2002/07/owl#Class>
<https://bioportal.bioontology.org/ontologies/FTDM.owl#DMTO_0001400>	<http://www.w3.org/2002/07/owl#Class>
<https://bioportal.bioontology.org/ontologies/FTDM.owl#DMTO_0001401>	<http://www.w3.org/2002/07/owl#Class>
<https://bioportal.bioontology.org/ontologies/FTDM.owl#DMTO_0001402>	<http://www.w3.org/2002/07/owl#Class>
<https://bioportal.bioontology.org/ontologies/FTDM.owl#DMTO_0001403>	<http://www.w3.org/2002/07/owl#Class>
<https://bioportal.bioontology.org/ontologies/FTDM.owl#DMTO_0001404>	<http://www.w3.org/2002/07/owl#Class>
<https://bioportal.bioontology.org/ontologies/FTDM.owl#DMTO_0001405>	<http://www.w3.org/2002/07/owl#Class>
<https://bioportal.bioontology.org/ontologies/FTDM.owl#DMTO_0001406>	<http://www.w3.org/2002/07/owl#Class>
<https://bioportal.bioontology.org/ontologies/FTDM.owl#DMTO_0001407>	<http://www.w3.org/2002/07/owl#Class>
<https://bioportal.bioontology.org/ontologies/FTDM.owl#DMTO_0001408>	<http://www.w3.org/2002/07/owl#Class>
<https://bioportal.bioontology.org/ontologies/FTDM.owl#DMTO_0001409>	<http://www.w3.org/2002/07/owl#Class>
<https://bioportal.bioontology.org/ontologies/FTDM.owl#DMTO_0001410>	<http://www.w3.org/2002/07/owl#Class>
<https://bioportal.bioontology.org/ontologies/FTDM.owl#DMTO_0001411>	<http://www.w3.org/2002/07/owl#Class>
<https://bioportal.bioontology.org/ontologies/FTDM.owl#DMTO_0001413>	<http://www.w3.org/2002/07/owl#Class>
<https://bioportal.bioontology.org/ontologies/FTDM.owl#DMTO_0001414>	<http://www.w3.org/2002/07/owl#Class>
<https://bioportal.bioontology.org/ontologies/FTDM.owl#DMTO_0001426>	<http://www.w3.org/2002/07/owl#Class>
<https://bioportal.bioontology.org/ontologies/FTDM.owl#DMTO_0001432>	<http://www.w3.org/2002/07/owl#Class>
<https://bioportal.bioontology.org/ontologies/FTDM.owl#DMTO_0001527>	<http://www.w3.org/2002/07/owl#Class>
<https://bioportal.bioontology.org/ontologies/FTDM.owl#DMTO_0001528>	<http://www.w3.org/2002/07/owl#Class>
<https://bioportal.bioontology.org/ontologies/FTDM.owl#DMTO_0001529>	<http://www.w3.org/2002/07/owl#Class>
<https://bioportal.bioontology.org/ontologies/FTDM.owl#DMTO_0001530>	<http://www.w3.org/2002/07/owl#Class>
<https://bioportal.bioontology.org/ontologies/FTDM.owl#DMTO_0001531>	<http://www.w3.org/2002/07/owl#Class>
<https://bioportal.bioontology.org/ontologies/FTDM.owl#DMTO_0001532>	<http://www.w3.org/2002/07/owl#Class>
<https://bioportal.bioontology.org/ontologies/FTDM.owl#DMTO_0001533>	<http://www.w3.org/2002/07/owl#Class>
<https://bioportal.bioontology.org/ontologies/FTDM.owl#DMTO_0001534>	<http://www.w3.org/2002/07/owl#Class>
<https://bioportal.bioontology.org/ontologies/FTDM.owl#DMTO_0001535>	<http://www.w3.org/2002/07/owl#Class>
<https://bioportal.bioontology.org/ontologies/FTDM.owl#DMTO_0001536>	<http://www.w3.org/2002/07/owl#Class>
<https://bioportal.bioontology.org/ontologies/FTDM.owl#DMTO_0001537>	<http://www.w3.org/2002/07/owl#Class>
<https://bioportal.bioontology.org/ontologies/FTDM.owl#DMTO_0001538>	<http://www.w3.org/2002/07/owl#Class>
<https://bioportal.bioontology.org/ontologies/FTDM.owl#DMTO_0001539>	<http://www.w3.org/2002/07/owl#Class>
<https://bioportal.bioontology.org/ontologies/FTDM.owl#DMTO_0001540>	<http://www.w3.org/2002/07/owl#Class>
<https://bioportal.bioontology.org/ontologies/FTDM.owl#DMTO_0001541>	<http://www.w3.org/2002/07/owl#Class>
<https://bioportal.bioontology.org/ontologies/FTDM.owl#DMTO_0001542>	<http://www.w3.org/2002/07/owl#Class>
<https://bioportal.bioontology.org/ontologies/FTDM.owl#DMTO_0001543>	<http://www.w3.org/2002/07/owl#Class>
<https://bioportal.bioontology.org/ontologies/FTDM.owl#DMTO_0001544>	<http://www.w3.org/2002/07/owl#Class>
<https://bioportal.bioontology.org/ontologies/FTDM.owl#DMTO_0001545>	<http://www.w3.org/2002/07/owl#Class>
<https://bioportal.bioontology.org/ontologies/FTDM.owl#DMTO_0001546>	<http://www.w3.org/2002/07/owl#Class>
<https://bioportal.bioontology.org/ontologies/FTDM.owl#DMTO_0001548>	<http://www.w3.org/2002/07/owl#Class>
<https://bioportal.bioontology.org/ontologies/FTDM.owl#DMTO_0001549>	<http://www.w3.org/2002/07/owl#Class>
<https://bioportal.bioontology.org/ontologies/FTDM.owl#DMTO_0001550>	<http://www.w3.org/2002/07/owl#Class>
<https://bioportal.bioontology.org/ontologies/FTDM.owl#DMTO_0001551>	<http://www.w3.org/2002/07/owl#Class>
<https://bioportal.bioontology.org/ontologies/FTDM.owl#DMTO_0001552>	<http://www.w3.org/2002/07/owl#Class>
<https://bioportal.bioontology.org/ontologies/FTDM.owl#DMTO_0001553>	<http://www.w3.org/2002/07/owl#Class>
<https://bioportal.bioontology.org/ontologies/FTDM.owl#DMTO_0001556>	<http://www.w3.org/2002/07/owl#Class>
<https://bioportal.bioontology.org/ontologies/FTDM.owl#DMTO_0001557>	<http://www.w3.org/2002/07/owl#Class>
<https://bioportal.bioontology.org/ontologies/FTDM.owl#DMTO_0001558>	<http://www.w3.org/2002/07/owl#Class>
<https://bioportal.bioontology.org/ontologies/FTDM.owl#DMTO_0001559>	<http://www.w3.org/2002/07/owl#Class>
<https://bioportal.bioontology.org/ontologies/FTDM.owl#DMTO_0001560>	<http://www.w3.org/2002/07/owl#Class>
<https://bioportal.bioontology.org/ontologies/FTDM.owl#DMTO_0001561>	<http://www.w3.org/2002/07/owl#Class>
<https://bioportal.bioontology.org/ontologies/FTDM.owl#DMTO_0001562>	<http://www.w3.org/2002/07/owl#Class>
<https://bioportal.bioontology.org/ontologies/FTDM.owl#DMTO_0001563>	<http://www.w3.org/2002/07/owl#Class>
<https://bioportal.bioontology.org/ontologies/FTDM.owl#DMTO_0001564>	<http://www.w3.org/2002/07/owl#Class>
<https://bioportal.bioontology.org/ontologies/FTDM.owl#DMTO_0001565>	<http://www.w3.org/2002/07/owl#Class>
<https://bioportal.bioontology.org/ontologies/FTDM.owl#DMTO_0001566>	<http://www.w3.org/2002/07/owl#Class>
<https://bioportal.bioontology.org/ontologies/FTDM.owl#DMTO_0001567>	<http://www.w3.org/2002/07/owl#Class>
<https://bioportal.bioontology.org/ontologies/FTDM.owl#DMTO_0001568>	<http://www.w3.org/2002/07/owl#Class>
<https://bioportal.bioontology.org/ontologies/FTDM.owl#DMTO_0001569>	<http://www.w3.org/2002/07/owl#Class>
<https://bioportal.bioontology.org/ontologies/FTDM.owl#DMTO_0001570>	<http://www.w3.org/2002/07/owl#Class>
<https://bioportal.bioontology.org/ontologies/FTDM.owl#DMTO_0001571>	<http://www.w3.org/2002/07/owl#Class>
<https://bioportal.bioontology.org/ontologies/FTDM.owl#DMTO_0001572>	<http://www.w3.org/2002/07/owl#Class>
<https://bioportal.bioontology.org/ontologies/FTDM.owl#DMTO_0001573>	<http://www.w3.org/2002/07/owl#Class>
<https://bioportal.bioontology.org/ontologies/FTDM.owl#DMTO_0001574>	<http://www.w3.org/2002/07/owl#Class>
<https://bioportal.bioontology.org/ontologies/FTDM.owl#DMTO_0001582>	<http://www.w3.org/2002/07/owl#Class>
<https://bioportal.bioontology.org/ontologies/FTDM.owl#DMTO_0001583>	<http://www.w3.org/2002/07/owl#ObjectProperty>
<https://bioportal.bioontology.org/ontologies/FTDM.owl#DMTO_0001585>	<http://www.w3.org/2002/07/owl#Class>
<https://bioportal.bioontology.org/ontologies/FTDM.owl#DMTO_0001589>	<http://www.w3.org/2002/07/owl#Class>
<https://bioportal.bioontology.org/ontologies/FTDM.owl#DMTO_0001590>	<http://www.w3.org/2002/07/owl#Class>
<https://bioportal.bioontology.org/ontologies/FTDM.owl#DMTO_0001594>	<http://www.w3.org/2002/07/owl#ObjectProperty>
<https://bioportal.bioontology.org/ontologies/FTDM.owl#DMTO_0001598>	<http://www.w3.org/2002/07/owl#Class>
<https://bioportal.bioontology.org/ontologies/FTDM.owl#DMTO_0001601>	<http://www.w3.org/2002/07/owl#Class>
<https://bioportal.bioontology.org/ontologies/FTDM.owl#DMTO_0001606>	<http://www.w3.org/2002/07/owl#Class>
<https://bioportal.bioontology.org/ontologies/FTDM.owl#DMTO_0001607>	<http://www.w3.org/2002/07/owl#Class>
<https://bioportal.bioontology.org/ontologies/FTDM.owl#DMTO_0001608>	<http://www.w3.org/2002/07/owl#Class>
<https://bioportal.bioontology.org/ontologies/FTDM.owl#DMTO_0001609>	<http://www.w3.org/2002/07/owl#Class>
<https://bioportal.bioontology.org/ontologies/FTDM.owl#DMTO_0001610>	<http://www.w3.org/2002/07/owl#Class>
<https://bioportal.bioontology.org/ontologies/FTDM.owl#DMTO_0001611>	<http://www.w3.org/2002/07/owl#Class>
<https://bioportal.bioontology.org/ontologies/FTDM.owl#DMTO_0001612>	<http://www.w3.org/2002/07/owl#Class>
<https://bioportal.bioontology.org/ontologies/FTDM.owl#DMTO_0001613>	<http://www.w3.org/2002/07/owl#Class>
<https://bioportal.bioontology.org/ontologies/FTDM.owl#DMTO_0001614>	<http://www.w3.org/2002/07/owl#Class>
<https://bioportal.bioontology.org/ontologies/FTDM.owl#DMTO_0001615>	<http://www.w3.org/2002/07/owl#Class>
<https://bioportal.bioontology.org/ontologies/FTDM.owl#DMTO_0001616>	<http://www.w3.org/2002/07/owl#Class>
<https://bioportal.bioontology.org/ontologies/FTDM.owl#DMTO_0001617>	<http://www.w3.org/2002/07/owl#Class>
<https://bioportal.bioontology.org/ontologies/FTDM.owl#DMTO_0001618>	<http://www.w3.org/2002/07/owl#Class>
<https://bioportal.bioontology.org/ontologies/FTDM.owl#DMTO_0001619>	<http://www.w3.org/2002/07/owl#Class>
<https://bioportal.bioontology.org/ontologies/FTDM.owl#DMTO_0001620>	<http://www.w3.org/2002/07/owl#Class>
<https://bioportal.bioontology.org/ontologies/FTDM.owl#DMTO_0001621>	<http://www.w3.org/2002/07/owl#Class>
<https://bioportal.bioontology.org/ontologies/FTDM.owl#DMTO_0001623>	<http://www.w3.org/2002/07/owl#Class>
<https://bioportal.bioontology.org/ontologies/FTDM.owl#DMTO_0001624>	<http://www.w3.org/2002/07/owl#Class>
<https://bioportal.bioontology.org/ontologies/FTDM.owl#DMTO_0001625>	<http://www.w3.org/2002/07/owl#Class>
<https://bioportal.bioontology.org/ontologies/FTDM.owl#DMTO_0001626>	<http://www.w3.org/2002/07/owl#Class>
<https://bioportal.bioontology.org/ontologies/FTDM.owl#DMTO_0001627>	<http://www.w3.org/2002/07/owl#Class>
<https://bioportal.bioontology.org/ontologies/FTDM.owl#DMTO_0001628>	<http://www.w3.org/2002/07/owl#Class>
<https://bioportal.bioontology.org/ontologies/FTDM.owl#DMTO_0001629>	<http://www.w3.org/2002/07/owl#Class>
<https://bioportal.bioontology.org/ontologies/FTDM.owl#DMTO_0001630>	<http://www.w3.org/2002/07/owl#Class>
<https://bioportal.bioontology.org/ontologies/FTDM.owl#DMTO_0001631>	<http://www.w3.org/2002/07/owl#Class>
<https://bioportal.bioontology.org/ontologies/FTDM.owl#DMTO_0001632>	<http://www.w3.org/2002/07/owl#Class>
<https://bioportal.bioontology.org/ontologies/FTDM.owl#DMTO_0001633>	<http://www.w3.org/2002/07/owl#Class>
<https://bioportal.bioontology.org/ontologies/FTDM.owl#DMTO_0001634>	<http://www.w3.org/2002/07/owl#Class>
<https://bioportal.bioontology.org/ontologies/FTDM.owl#DMTO_0001635>	<http://www.w3.org/2002/07/owl#Class>
<https://bioportal.bioontology.org/ontologies/FTDM.owl#DMTO_0001636>	<http://www.w3.org/2002/07/owl#Class>
<https://bioportal.bioontology.org/ontologies/FTDM.owl#DMTO_0001637>	<http://www.w3.org/2002/07/owl#Class>
<https://bioportal.bioontology.org/ontologies/FTDM.owl#DMTO_0001638>	<http://www.w3.org/2002/07/owl#Class>
<https://bioportal.bioontology.org/ontologies/FTDM.owl#DMTO_0001639>	<http://www.w3.org/2002/07/owl#Class>
<https://bioportal.bioontology.org/ontologies/FTDM.owl#DMTO_0001640>	<http://www.w3.org/2002/07/owl#Class>
<https://bioportal.bioontology.org/ontologies/FTDM.owl#DMTO_0001641>	<http://www.w3.org/2002/07/owl#Class>
<https://bioportal.bioontology.org/ontologies/FTDM.owl#DMTO_0001642>	<http://www.w3.org/2002/07/owl#Class>
<https://bioportal.bioontology.org/ontologies/FTDM.owl#DMTO_0001643>	<http://www.w3.org/2002/07/owl#Class>
<https://bioportal.bioontology.org/ontologies/FTDM.owl#DMTO_0001644>	<http://www.w3.org/2002/07/owl#Class>
<https://bioportal.bioontology.org/ontologies/FTDM.owl#DMTO_0001645>	<http://www.w3.org/2002/07/owl#Class>
<https://bioportal.bioontology.org/ontologies/FTDM.owl#DMTO_0001646>	<http://www.w3.org/2002/07/owl#Class>
<https://bioportal.bioontology.org/ontologies/FTDM.owl#DMTO_0001649>	<http://www.w3.org/2002/07/owl#AnnotationProperty>
<https://bioportal.bioontology.org/ontologies/FTDM.owl#DMTO_0001650>	<http://www.w3.org/2002/07/owl#Class>
<https://bioportal.bioontology.org/ontologies/FTDM.owl#DMTO_0001655>	<http://www.w3.org/2002/07/owl#DatatypeProperty>
<https://bioportal.bioontology.org/ontologies/FTDM.owl#DMTO_0001656>	<http://www.w3.org/2002/07/owl#DatatypeProperty>
<https://bioportal.bioontology.org/ontologies/FTDM.owl#DMTO_0001661>	<http://www.w3.org/2002/07/owl#Class>
<https://bioportal.bioontology.org/ontologies/FTDM.owl#DMTO_0001663>	<http://www.w3.org/2002/07/owl#DatatypeProperty>
<https://bioportal.bioontology.org/ontologies/FTDM.owl#DMTO_0001665>	<http://www.w3.org/2002/07/owl#DatatypeProperty>
<https://bioportal.bioontology.org/ontologies/FTDM.owl#DMTO_0001668>	<http://www.w3.org/2002/07/owl#ObjectProperty>
<https://bioportal.bioontology.org/ontologies/FTDM.owl#DMTO_0001674>	<http://www.w3.org/2002/07/owl#Class>
<https://bioportal.bioontology.org/ontologies/FTDM.owl#DMTO_0001675>	<http://www.w3.org/2002/07/owl#DatatypeProperty>
<https://bioportal.bioontology.org/ontologies/FTDM.owl#DMTO_0001677>	<http://www.w3.org/2002/07/owl#Class>
<https://bioportal.bioontology.org/ontologies/FTDM.owl#DMTO_0001693>	<http://www.w3.org/2002/07/owl#Class>
<https://bioportal.bioontology.org/ontologies/FTDM.owl#DMTO_0001695>	<http://www.w3.org/2002/07/owl#Class>
<https://bioportal.bioontology.org/ontologies/FTDM.owl#DMTO_0001696>	<http://www.w3.org/2002/07/owl#Class>
<https://bioportal.bioontology.org/ontologies/FTDM.owl#DMTO_0001697>	<http://www.w3.org/2002/07/owl#Class>
<https://bioportal.bioontology.org/ontologies/FTDM.owl#DMTO_0001698>	<http://www.w3.org/2002/07/owl#Class>
<https://bioportal.bioontology.org/ontologies/FTDM.owl#DMTO_0001703>	<http://www.w3.org/2002/07/owl#Class>
<https://bioportal.bioontology.org/ontologies/FTDM.owl#DMTO_0001706>	<http://www.w3.org/2002/07/owl#ObjectProperty>
<https://bioportal.bioontology.org/ontologies/FTDM.owl#DMTO_0001719>	<http://www.w3.org/2002/07/owl#Class>
<https://bioportal.bioontology.org/ontologies/FTDM.owl#DMTO_0001720>	<http://www.w3.org/2002/07/owl#Class>
<https://bioportal.bioontology.org/ontologies/FTDM.owl#DMTO_0001721>	<http://www.w3.org/2002/07/owl#Class>
<https://bioportal.bioontology.org/ontologies/FTDM.owl#DMTO_0001722>	<http://www.w3.org/2002/07/owl#Class>
<https://bioportal.bioontology.org/ontologies/FTDM.owl#DMTO_0001723>	<http://www.w3.org/2002/07/owl#Class>
<https://bioportal.bioontology.org/ontologies/FTDM.owl#DMTO_0001724>	<http://www.w3.org/2002/07/owl#Class>
<https://bioportal.bioontology.org/ontologies/FTDM.owl#DMTO_0001725>	<http://www.w3.org/2002/07/owl#Class>
<https://bioportal.bioontology.org/ontologies/FTDM.owl#DMTO_0001726>	<http://www.w3.org/2002/07/owl#Class>
<https://bioportal.bioontology.org/ontologies/FTDM.owl#DMTO_0001727>	<http://www.w3.org/2002/07/owl#Class>
<https://bioportal.bioontology.org/ontologies/FTDM.owl#DMTO_0001775>	<http://www.w3.org/2002/07/owl#DatatypeProperty>
<https://bioportal.bioontology.org/ontologies/FTDM.owl#DMTO_0001781>	<http://www.w3.org/2002/07/owl#DatatypeProperty>
<https://bioportal.bioontology.org/ontologies/FTDM.owl#DMTO_0001786>	<http://www.w3.org/2002/07/owl#Class>
<https://bioportal.bioontology.org/ontologies/FTDM.owl#DMTO_0001787>	<http://www.w3.org/2002/07/owl#ObjectProperty>
<https://bioportal.bioontology.org/ontologies/FTDM.owl#DMTO_0001788>	<http://www.w3.org/2002/07/owl#Class>
<https://bioportal.bioontology.org/ontologies/FTDM.owl#DMTO_0001789>	<http://www.w3.org/2002/07/owl#Class>
<https://bioportal.bioontology.org/ontologies/FTDM.owl#DMTO_0001790>	<http://www.w3.org/2002/07/owl#Class>
<https://bioportal.bioontology.org/ontologies/FTDM.owl#DMTO_0001791>	<http://www.w3.org/2002/07/owl#Class>
<https://bioportal.bioontology.org/ontologies/FTDM.owl#DMTO_0001792>	<http://www.w3.org/2002/07/owl#DatatypeProperty>
<https://bioportal.bioontology.org/ontologies/FTDM.owl#DMTO_0001793>	<http://www.w3.org/2002/07/owl#Class>
<https://bioportal.bioontology.org/ontologies/FTDM.owl#DMTO_0001794>	<http://www.w3.org/2002/07/owl#Class>
<https://bioportal.bioontology.org/ontologies/FTDM.owl#DMTO_0001795>	<http://www.w3.org/2002/07/owl#Class>
<https://bioportal.bioontology.org/ontologies/FTDM.owl#DMTO_0001796>	<http://www.w3.org/2002/07/owl#Class>
<https://bioportal.bioontology.org/ontologies/FTDM.owl#DMTO_0001797>	<http://www.w3.org/2002/07/owl#Class>
<https://bioportal.bioontology.org/ontologies/FTDM.owl#DMTO_0001799>	<http://www.w3.org/2002/07/owl#Class>
<https://bioportal.bioontology.org/ontologies/FTDM.owl#DMTO_0001803>	<http://www.w3.org/2002/07/owl#Class>
<https://bioportal.bioontology.org/ontologies/FTDM.owl#DMTO_0001804>	<http://www.w3.org/2002/07/owl#Class>
<https://bioportal.bioontology.org/ontologies/FTDM.owl#DMTO_0001805>	<http://www.w3.org/2002/07/owl#Class>
<https://bioportal.bioontology.org/ontologies/FTDM.owl#DMTO_0001806>	<http://www.w3.org/2002/07/owl#Class>
<https://bioportal.bioontology.org/ontologies/FTDM.owl#DMTO_0001807>	<http://www.w3.org/2002/07/owl#Class>
<https://bioportal.bioontology.org/ontologies/FTDM.owl#DMTO_0001808>	<http://www.w3.org/2002/07/owl#Class>
<https://bioportal.bioontology.org/ontologies/FTDM.owl#DMTO_0001809>	<http://www.w3.org/2002/07/owl#Class>
<https://bioportal.bioontology.org/ontologies/FTDM.owl#DMTO_0001810>	<http://www.w3.org/2002/07/owl#Class>
<https://bioportal.bioontology.org/ontologies/FTDM.owl#DMTO_0001811>	<http://www.w3.org/2002/07/owl#Class>
<https://bioportal.bioontology.org/ontologies/FTDM.owl#DMTO_0001812>	<http://www.w3.org/2002/07/owl#Class>
<https://bioportal.bioontology.org/ontologies/FTDM.owl#DMTO_0001813>	<http://www.w3.org/2002/07/owl#Class>
<https://bioportal.bioontology.org/ontologies/FTDM.owl#DMTO_0001814>	<http://www.w3.org/2002/07/owl#Class>
<https://bioportal.bioontology.org/ontologies/FTDM.owl#DMTO_0001815>	<http://www.w3.org/2002/07/owl#Class>
<https://bioportal.bioontology.org/ontologies/FTDM.owl#DMTO_0001816>	<http://www.w3.org/2002/07/owl#Class>
<https://bioportal.bioontology.org/ontologies/FTDM.owl#DMTO_0001817>	<http://www.w3.org/2002/07/owl#Class>
<https://bioportal.bioontology.org/ontologies/FTDM.owl#DMTO_0001818>	<http://www.w3.org/2002/07/owl#Class>
<https://bioportal.bioontology.org/ontologies/FTDM.owl#DMTO_0001820>	<http://www.w3.org/2002/07/owl#DatatypeProperty>
<https://bioportal.bioontology.org/ontologies/FTDM.owl#DMTO_0001824>	<http://www.w3.org/2002/07/owl#ObjectProperty>
<https://bioportal.bioontology.org/ontologies/FTDM.owl#DMTO_0001825>	<http://www.w3.org/2002/07/owl#DatatypeProperty>
<https://bioportal.bioontology.org/ontologies/FTDM.owl#DMTO_0001826>	<http://www.w3.org/2002/07/owl#Class>
<https://bioportal.bioontology.org/ontologies/FTDM.owl#DMTO_0001829>	<http://www.w3.org/2002/07/owl#Class>
<https://bioportal.bioontology.org/ontologies/FTDM.owl#DMTO_0001830>	<http://www.w3.org/2002/07/owl#Class>
<https://bioportal.bioontology.org/ontologies/FTDM.owl#DMTO_0001831>	<http://www.w3.org/2002/07/owl#Class>
<https://bioportal.bioontology.org/ontologies/FTDM.owl#DMTO_0001832>	<http://www.w3.org/2002/07/owl#Class>
<https://bioportal.bioontology.org/ontologies/FTDM.owl#DMTO_0001833>	<http://www.w3.org/2002/07/owl#Class>
<https://bioportal.bioontology.org/ontologies/FTDM.owl#DMTO_0001834>	<http://www.w3.org/2002/07/owl#Class>
<https://bioportal.bioontology.org/ontologies/FTDM.owl#DMTO_0001835>	<http://www.w3.org/2002/07/owl#Class>
<https://bioportal.bioontology.org/ontologies/FTDM.owl#DMTO_0001836>	<http://www.w3.org/2002/07/owl#Class>
<https://bioportal.bioontology.org/ontologies/FTDM.owl#DMTO_0001837>	<http://www.w3.org/2002/07/owl#Class>
<https://bioportal.bioontology.org/ontologies/FTDM.owl#DMTO_0001838>	<http://www.w3.org/2002/07/owl#Class>
<https://bioportal.bioontology.org/ontologies/FTDM.owl#DMTO_0001839>	<http://www.w3.org/2002/07/owl#Class>
<https://bioportal.bioontology.org/ontologies/FTDM.owl#DMTO_0001840>	<http://www.w3.org/2002/07/owl#Class>
<https://bioportal.bioontology.org/ontologies/FTDM.owl#DMTO_0001841>	<http://www.w3.org/2002/07/owl#Class>
<https://bioportal.bioontology.org/ontologies/FTDM.owl#DMTO_0001842>	<http://www.w3.org/2002/07/owl#Class>
<https://bioportal.bioontology.org/ontologies/FTDM.owl#DMTO_0001843>	<http://www.w3.org/2002/07/owl#Class>
<https://bioportal.bioontology.org/ontologies/FTDM.owl#DMTO_0001844>	<http://www.w3.org/2002/07/owl#Class>
<https://bioportal.bioontology.org/ontologies/FTDM.owl#DMTO_0001845>	<http://www.w3.org/2002/07/owl#Class>
<https://bioportal.bioontology.org/ontologies/FTDM.owl#DMTO_0001847>	<http://www.w3.org/2002/07/owl#DatatypeProperty>
<https://bioportal.bioontology.org/ontologies/FTDM.owl#DMTO_0001848>	<http://www.w3.org/2002/07/owl#DatatypeProperty>
<https://bioportal.bioontology.org/ontologies/FTDM.owl#DMTO_0001849>	<http://www.w3.org/2002/07/owl#DatatypeProperty>
<https://bioportal.bioontology.org/ontologies/FTDM.owl#DMTO_0001850>	<http://www.w3.org/2002/07/owl#DatatypeProperty>
<https://bioportal.bioontology.org/ontologies/FTDM.owl#DMTO_0001851>	<http://www.w3.org/2002/07/owl#DatatypeProperty>
<https://bioportal.bioontology.org/ontologies/FTDM.owl#DMTO_0001955>	<http://www.w3.org/2002/07/owl#Class>
<https://bioportal.bioontology.org/ontologies/FTDM.owl#DMTO_0001956>	<http://www.w3.org/2002/07/owl#Class>
<https://bioportal.bioontology.org/ontologies/FTDM.owl#DMTO_0001957>	<http://www.w3.org/2002/07/owl#Class>
<https://bioportal.bioontology.org/ontologies/FTDM.owl#DMTO_0001958>	<http://www.w3.org/2002/07/owl#Class>
<https://bioportal.bioontology.org/ontologies/FTDM.owl#DMTO_0001959>	<http://www.w3.org/2002/07/owl#Class>
<https://bioportal.bioontology.org/ontologies/FTDM.owl#DMTO_0001960>	<http://www.w3.org/2002/07/owl#Class>
<https://bioportal.bioontology.org/ontologies/FTDM.owl#DMTO_0001961>	<http://www.w3.org/2002/07/owl#Class>
<https://bioportal.bioontology.org/ontologies/FTDM.owl#DMTO_0001962>	<http://www.w3.org/2002/07/owl#Class>
<https://bioportal.bioontology.org/ontologies/FTDM.owl#DMTO_0001963>	<http://www.w3.org/2002/07/owl#Class>
<https://bioportal.bioontology.org/ontologies/FTDM.owl#DMTO_0001964>	<http://www.w3.org/2002/07/owl#Class>
<https://bioportal.bioontology.org/ontologies/FTDM.owl#DMTO_0001965>	<http://www.w3.org/2002/07/owl#Class>
<https://bioportal.bioontology.org/ontologies/FTDM.owl#DMTO_0001966>	<http://www.w3.org/2002/07/owl#Class>
<https://bioportal.bioontology.org/ontologies/FTDM.owl#DMTO_0001975>	<http://www.w3.org/2002/07/owl#DatatypeProperty>
<https://bioportal.bioontology.org/ontologies/FTDM.owl#DMTO_0002045>	<http://www.w3.org/2002/07/owl#DatatypeProperty>
<https://bioportal.bioontology.org/ontologies/FTDM.owl#DMTO_0002047>	<http://www.w3.org/2002/07/owl#Class>
<https://bioportal.bioontology.org/ontologies/FTDM.owl#DMTO_0002049>	<http://www.w3.org/2002/07/owl#ObjectProperty>
<https://bioportal.bioontology.org/ontologies/FTDM.owl#DMTO_0002058>	<http://www.w3.org/2002/07/owl#Class>
<https://bioportal.bioontology.org/ontologies/FTDM.owl#DMTO_0002059>	<http://www.w3.org/2002/07/owl#ObjectProperty>
<https://bioportal.bioontology.org/ontologies/FTDM.owl#DMTO_0002060>	<http://www.w3.org/2002/07/owl#DatatypeProperty>
<https://bioportal.bioontology.org/ontologies/FTDM.owl#DMTO_0002061>	<http://www.w3.org/2002/07/owl#DatatypeProperty>
<https://bioportal.bioontology.org/ontologies/FTDM.owl#DMTO_0002063>	<http://www.w3.org/2002/07/owl#DatatypeProperty>
<https://bioportal.bioontology.org/ontologies/FTDM.owl#DMTO_0002064>	<http://www.w3.org/2002/07/owl#Class>
<https://bioportal.bioontology.org/ontologies/FTDM.owl#DMTO_0002065>	<http://www.w3.org/2002/07/owl#Class>
<https://bioportal.bioontology.org/ontologies/FTDM.owl#DMTO_0002066>	<http://www.w3.org/2002/07/owl#Class>
<https://bioportal.bioontology.org/ontologies/FTDM.owl#DMTO_0002067>	<http://www.w3.org/2002/07/owl#Class>
<https://bioportal.bioontology.org/ontologies/FTDM.owl#DMTO_0002068>	<http://www.w3.org/2002/07/owl#Class>
<https://bioportal.bioontology.org/ontologies/FTDM.owl#DMTO_0002069>	<http://www.w3.org/2002/07/owl#Class>
<https://bioportal.bioontology.org/ontologies/FTDM.owl#DMTO_0002070>	<http://www.w3.org/2002/07/owl#Class>
<https://bioportal.bioontology.org/ontologies/FTDM.owl#DMTO_0002072>	<http://www.w3.org/2002/07/owl#Class>
<https://bioportal.bioontology.org/ontologies/FTDM.owl#DMTO_0002073>	<http://www.w3.org/2002/07/owl#Class>
<https://bioportal.bioontology.org/ontologies/FTDM.owl#DMTO_0002074>	<http://www.w3.org/2002/07/owl#DatatypeProperty>
<https://bioportal.bioontology.org/ontologies/FTDM.owl#DMTO_0002075>	<http://www.w3.org/2002/07/owl#DatatypeProperty>
<https://bioportal.bioontology.org/ontologies/FTDM.owl#DMTO_0002098>	<http://www.w3.org/2002/07/owl#DatatypeProperty>
<https://bioportal.bioontology.org/ontologies/FTDM.owl#DMTO_0002099>	<http://www.w3.org/2002/07/owl#DatatypeProperty>
<https://bioportal.bioontology.org/ontologies/FTDM.owl#DMTO_0002116>	<http://www.w3.org/2002/07/owl#DatatypeProperty>
<https://bioportal.bioontology.org/ontologies/FTDM.owl#DMTO_0002117>	<http://www.w3.org/2002/07/owl#DatatypeProperty>
<https://bioportal.bioontology.org/ontologies/FTDM.owl#DMTO_0002118>	<http://www.w3.org/2002/07/owl#DatatypeProperty>
<https://bioportal.bioontology.org/ontologies/FTDM.owl#DMTO_0002119>	<http://www.w3.org/2002/07/owl#DatatypeProperty>
<https://bioportal.bioontology.org/ontologies/FTDM.owl#DMTO_0002120>	<http://www.w3.org/2002/07/owl#DatatypeProperty>
<https://bioportal.bioontology.org/ontologies/FTDM.owl#DMTO_0002121>	<http://www.w3.org/2002/07/owl#DatatypeProperty>
<https://bioportal.bioontology.org/ontologies/FTDM.owl#DMTO_0002122>	<http://www.w3.org/2002/07/owl#DatatypeProperty>
<https://bioportal.bioontology.org/ontologies/FTDM.owl#DMTO_0002123>	<http://www.w3.org/2002/07/owl#DatatypeProperty>
<https://bioportal.bioontology.org/ontologies/FTDM.owl#DMTO_0002124>	<http://www.w3.org/2002/07/owl#DatatypeProperty>
<https://bioportal.bioontology.org/ontologies/FTDM.owl#DMTO_0002135>	<http://www.w3.org/2002/07/owl#DatatypeProperty>
<https://bioportal.bioontology.org/ontologies/FTDM.owl#DMTO_0002155>	<http://www.w3.org/2002/07/owl#DatatypeProperty>
<https://bioportal.bioontology.org/ontologies/FTDM.owl#DMTO_0002156>	<http://www.w3.org/2002/07/owl#DatatypeProperty>
<https://bioportal.bioontology.org/ontologies/FTDM.owl#DMTO_0002157>	<http://www.w3.org/2002/07/owl#DatatypeProperty>
<https://bioportal.bioontology.org/ontologies/FTDM.owl#DMTO_0002158>	<http://www.w3.org/2002/07/owl#DatatypeProperty>
<https://bioportal.bioontology.org/ontologies/FTDM.owl#DMTO_0002159>	<http://www.w3.org/2002/07/owl#Class>
<https://bioportal.bioontology.org/ontologies/FTDM.owl#DMTO_0002160>	<http://www.w3.org/2002/07/owl#Class>
<https://bioportal.bioontology.org/ontologies/FTDM.owl#DMTO_0002161>	<http://www.w3.org/2002/07/owl#Class>
<https://bioportal.bioontology.org/ontologies/FTDM.owl#DMTO_0002162>	<http://www.w3.org/2002/07/owl#Class>
<https://bioportal.bioontology.org/ontologies/FTDM.owl#DMTO_0002163>	<http://www.w3.org/2002/07/owl#Class>
<https://bioportal.bioontology.org/ontologies/FTDM.owl#DMTO_0002164>	<http://www.w3.org/2002/07/owl#Class>
<https://bioportal.bioontology.org/ontologies/FTDM.owl#DMTO_0002165>	<http://www.w3.org/2002/07/owl#Class>
<https://bioportal.bioontology.org/ontologies/FTDM.owl#DMTO_0002166>	<http://www.w3.org/2002/07/owl#Class>
<https://bioportal.bioontology.org/ontologies/FTDM.owl#DMTO_0002167>	<http://www.w3.org/2002/07/owl#Class>
<https://bioportal.bioontology.org/ontologies/FTDM.owl#DMTO_0002168>	<http://www.w3.org/2002/07/owl#Class>
<https://bioportal.bioontology.org/ontologies/FTDM.owl#DMTO_0002169>	<http://www.w3.org/2002/07/owl#DatatypeProperty>
<https://bioportal.bioontology.org/ontologies/FTDM.owl#DMTO_0002170>	<http://www.w3.org/2002/07/owl#ObjectProperty>
<https://bioportal.bioontology.org/ontologies/FTDM.owl#DMTO_0002171>	<http://www.w3.org/2002/07/owl#DatatypeProperty>
<https://bioportal.bioontology.org/ontologies/FTDM.owl#DMTO_0002172>	<http://www.w3.org/2002/07/owl#ObjectProperty>
<https://bioportal.bioontology.org/ontologies/FTDM.owl#DMTO_0002178>	<http://www.w3.org/2002/07/owl#DatatypeProperty>
<https://bioportal.bioontology.org/ontologies/FTDM.owl#DMTO_0002179>	<http://www.w3.org/2002/07/owl#Class>
<https://bioportal.bioontology.org/ontologies/FTDM.owl#DMTO_0002180>	<http://www.w3.org/2002/07/owl#Class>
<https://bioportal.bioontology.org/ontologies/FTDM.owl#DMTO_0002181>	<http://www.w3.org/2002/07/owl#Class>
<https://bioportal.bioontology.org/ontologies/FTDM.owl#DMTO_0002182>	<http://www.w3.org/2002/07/owl#Class>
<https://bioportal.bioontology.org/ontologies/FTDM.owl#DMTO_0002183>	<http://www.w3.org/2002/07/owl#Class>
<https://bioportal.bioontology.org/ontologies/FTDM.owl#DMTO_0002185>	<http://www.w3.org/2002/07/owl#DatatypeProperty>
<https://bioportal.bioontology.org/ontologies/FTDM.owl#DMTO_0002186>	<http://www.w3.org/2002/07/owl#DatatypeProperty>
<https://bioportal.bioontology.org/ontologies/FTDM.owl#DMTO_0002187>	<http://www.w3.org/2002/07/owl#Class>
<https://bioportal.bioontology.org/ontologies/FTDM.owl#DMTO_0002188>	<http://www.w3.org/2002/07/owl#Class>
<https://bioportal.bioontology.org/ontologies/FTDM.owl#DMTO_0002190>	<http://www.w3.org/2002/07/owl#Class>
<https://bioportal.bioontology.org/ontologies/FTDM.owl#DMTO_0002191>	<http://www.w3.org/2002/07/owl#Class>
<https://bioportal.bioontology.org/ontologies/FTDM.owl#DMTO_0002192>	<http://www.w3.org/2002/07/owl#Class>
<https://bioportal.bioontology.org/ontologies/FTDM.owl#DMTO_0002193>	<http://www.w3.org/2002/07/owl#Class>
<https://bioportal.bioontology.org/ontologies/FTDM.owl#DMTO_0002194>	<http://www.w3.org/2002/07/owl#Class>
<https://bioportal.bioontology.org/ontologies/FTDM.owl#DMTO_0002195>	<http://www.w3.org/2002/07/owl#Class>
<https://bioportal.bioontology.org/ontologies/FTDM.owl#DMTO_0002196>	<http://www.w3.org/2002/07/owl#Class>
<https://bioportal.bioontology.org/ontologies/FTDM.owl#DMTO_0002197>	<http://www.w3.org/2002/07/owl#Class>
<https://bioportal.bioontology.org/ontologies/FTDM.owl#DMTO_0002198>	<http://www.w3.org/2002/07/owl#Class>
<https://bioportal.bioontology.org/ontologies/FTDM.owl#DMTO_0002206>	<http://www.w3.org/2002/07/owl#DatatypeProperty>
<https://bioportal.bioontology.org/ontologies/FTDM.owl#DMTO_0002208>	<http://www.w3.org/2002/07/owl#Class>
<https://bioportal.bioontology.org/ontologies/FTDM.owl#DMTO_0002209>	<http://www.w3.org/2002/07/owl#Class>
<https://bioportal.bioontology.org/ontologies/FTDM.owl#DMTO_0002210>	<http://www.w3.org/2002/07/owl#Class>
<https://bioportal.bioontology.org/ontologies/FTDM.owl#DMTO_0002211>	<http://www.w3.org/2002/07/owl#Class>
<https://bioportal.bioontology.org/ontologies/FTDM.owl#DMTO_0002212>	<http://www.w3.org/2002/07/owl#Class>
<https://bioportal.bioontology.org/ontologies/FTDM.owl#DMTO_0002213>	<http://www.w3.org/2002/07/owl#Class>
<https://bioportal.bioontology.org/ontologies/FTDM.owl#DMTO_0002214>	<http://www.w3.org/2002/07/owl#Class>
<https://bioportal.bioontology.org/ontologies/FTDM.owl#DMTO_0002215>	<http://www.w3.org/2002/07/owl#DatatypeProperty>
<https://bioportal.bioontology.org/ontologies/FTDM.owl#DMTO_0002216>	<http://www.w3.org/2002/07/owl#DatatypeProperty>
<https://bioportal.bioontology.org/ontologies/FTDM.owl#DMTO_0002217>	<http://www.w3.org/2002/07/owl#DatatypeProperty>
<https://bioportal.bioontology.org/ontologies/FTDM.owl#DMTO_0002218>	<http://www.w3.org/2002/07/owl#DatatypeProperty>
<https://bioportal.bioontology.org/ontologies/FTDM.owl#DMTO_0002226>	<http://www.w3.org/2002/07/owl#DatatypeProperty>
<https://bioportal.bioontology.org/ontologies/FTDM.owl#DMTO_0002227>	<http://www.w3.org/2002/07/owl#DatatypeProperty>
<https://bioportal.bioontology.org/ontologies/FTDM.owl#DMTO_0002228>	<http://www.w3.org/2002/07/owl#DatatypeProperty>
<https://bioportal.bioontology.org/ontologies/FTDM.owl#DMTO_0002229>	<http://www.w3.org/2002/07/owl#DatatypeProperty>
<https://bioportal.bioontology.org/ontologies/FTDM.owl#FASTOOntologyProperty>	<http://www.w3.org/2002/07/owl#ObjectProperty>
<https://bioportal.bioontology.org/ontologies/FTDM.owl#FOTDO_000000>	<http://www.w3.org/2002/07/owl#DatatypeProperty>
<https://bioportal.bioontology.org/ontologies/FTDM.owl#FOTDO_000001>	<http://www.w3.org/2002/07/owl#DatatypeProperty>
<https://bioportal.bioontology.org/ontologies/FTDM.owl#FOTDO_000004>	<http://www.w3.org/2002/07/owl#ObjectProperty>
<https://bioportal.bioontology.org/ontologies/FTDM.owl#FOTDO_000005>	<http://www.w3.org/2002/07/owl#DatatypeProperty>
<https://bioportal.bioontology.org/ontologies/FTDM.owl#FixedRegimen>	<http://www.w3.org/2002/07/owl#Class>
<https://bioportal.bioontology.org/ontologies/FTDM.owl#Flosequinan>	<http://www.w3.org/2002/07/owl#Class>
<https://bioportal.bioontology.org/ontologies/FTDM.owl#Humalog_Mix_50/50>	<http://www.w3.org/2002/07/owl#Class>
<https://bioportal.bioontology.org/ontologies/FTDM.owl#Humalog_Mix_50/50_KwikPen>	<http://www.w3.org/2002/07/owl#Class>
<https://bioportal.bioontology.org/ontologies/FTDM.owl#Humalog_Mix_75/25>	<http://www.w3.org/2002/07/owl#Class>
<https://bioportal.bioontology.org/ontologies/FTDM.owl#Humalog_Mix_75/25_KwikPen>	<http://www.w3.org/2002/07/owl#Class>
<https://bioportal.bioontology.org/ontologies/FTDM.owl#HumuLIN_70/30_KwikPen>	<http://www.w3.org/2002/07/owl#Class>
<https://bioportal.bioontology.org/ontologies/FTDM.owl#HumuLIN_R_KwikPen_(Concentrated)_(U-500)>	<http://www.w3.org/2002/07/owl#Class>
<https://bioportal.bioontology.org/ontologies/FTDM.owl#Humulin_50/50>	<http://www.w3.org/2002/07/owl#Class>
<https://bioportal.bioontology.org/ontologies/FTDM.owl#Humulin_70/30>	<http://www.w3.org/2002/07/owl#Class>
<https://bioportal.bioontology.org/ontologies/FTDM.owl#Humulin_R>	<http://www.w3.org/2002/07/owl#Class>
<https://bioportal.bioontology.org/ontologies/FTDM.owl#Humulin_R_(Concentrated)_(U-500)>	<http://www.w3.org/2002/07/owl#Class>
<https://bioportal.bioontology.org/ontologies/FTDM.owl#Humulin_R_Pen>	<http://www.w3.org/2002/07/owl#Class>
<https://bioportal.bioontology.org/ontologies/FTDM.owl#Hypoglycemia>	<http://www.w3.org/2002/07/owl#NamedIndividual>
<https://bioportal.bioontology.org/ontologies/FTDM.owl#Hypokalemia>	<http://www.w3.org/2002/07/owl#NamedIndividual>
<https://bioportal.bioontology.org/ontologies/FTDM.owl#Iloprost>	<http://www.w3.org/2002/07/owl#Class>
<https://bioportal.bioontology.org/ontologies/FTDM.owl#Insulin_aspart_and_insulin_aspart_protamine>	<http://www.w3.org/2002/07/owl#Class>
<https://bioportal.bioontology.org/ontologies/FTDM.owl#Insulin_aspart_and_insulin_degludec_(Subcutaneous)>	<http://www.w3.org/2002/07/owl#Class>
<https://bioportal.bioontology.org/ontologies/FTDM.owl#Insulin_isophane_and_insulin_regular>	<http://www.w3.org/2002/07/owl#Class>
<https://bioportal.bioontology.org/ontologies/FTDM.owl#Insulin_lispro_and_insulin_lispro_protamine>	<http://www.w3.org/2002/07/owl#Class>
<https://bioportal.bioontology.org/ontologies/FTDM.owl#Meal.component>	<http://www.w3.org/2002/07/owl#ObjectProperty>
<https://bioportal.bioontology.org/ontologies/FTDM.owl#Metolazone>	<http://www.w3.org/2002/07/owl#Class>
<https://bioportal.bioontology.org/ontologies/FTDM.owl#NovoLog_Mix_70/30>	<http://www.w3.org/2002/07/owl#Class>
<https://bioportal.bioontology.org/ontologies/FTDM.owl#NovoLog_Mix_70/30_FlexPen>	<http://www.w3.org/2002/07/owl#Class>
<https://bioportal.bioontology.org/ontologies/FTDM.owl#Novolin_70/30>	<http://www.w3.org/2002/07/owl#Class>
<https://bioportal.bioontology.org/ontologies/FTDM.owl#Novolin_R>	<http://www.w3.org/2002/07/owl#Class>
<https://bioportal.bioontology.org/ontologies/FTDM.owl#PATO:0001995>	<http://www.w3.org/2002/07/owl#Class>
<https://bioportal.bioontology.org/ontologies/FTDM.owl#PATO:0002198>	<http://www.w3.org/2002/07/owl#Class>
<https://bioportal.bioontology.org/ontologies/FTDM.owl#ReliOn/HumuLIN_R>	<http://www.w3.org/2002/07/owl#Class>
<https://bioportal.bioontology.org/ontologies/FTDM.owl#ReliOn/Novolin_70/30>	<http://www.w3.org/2002/07/owl#Class>
<https://bioportal.bioontology.org/ontologies/FTDM.owl#Renal_Dysfunction>	<http://www.w3.org/2002/07/owl#NamedIndividual>
<https://bioportal.bioontology.org/ontologies/FTDM.owl#Ryzodeg_70/30>	<http://www.w3.org/2002/07/owl#Class>
<https://bioportal.bioontology.org/ontologies/FTDM.owl#Ryzodeg_FlexTouch_Pen>	<http://www.w3.org/2002/07/owl#Class>
<https://bioportal.bioontology.org/ontologies/FTDM.owl#TIME:0000004>	<http://www.w3.org/2002/07/owl#ObjectProperty>
<https://bioportal.bioontology.org/ontologies/FTDM.owl#TIME:0000005>	<http://www.w3.org/2002/07/owl#DatatypeProperty>
<https://bioportal.bioontology.org/ontologies/FTDM.owl#Toujeo>	<http://www.w3.org/2002/07/owl#Class>
<https://bioportal.bioontology.org/ontologies/FTDM.owl#Tresiba>	<http://www.w3.org/2002/07/owl#Class>
<https://bioportal.bioontology.org/ontologies/FTDM.owl#acetazolamide>	<http://www.w3.org/2002/07/owl#Class>
<https://bioportal.bioontology.org/ontologies/FTDM.owl#aclidinium>	<http://www.w3.org/2002/07/owl#Class>
<https://bioportal.bioontology.org/ontologies/FTDM.owl#aclidinium_bromide_375micrograms_inhaler>	<http://www.w3.org/2002/07/owl#Class>
<https://bioportal.bioontology.org/ontologies/FTDM.owl#activeIngredient>	<http://www.w3.org/2002/07/owl#Class>
<https://bioportal.bioontology.org/ontologies/FTDM.owl#actuator>	<http://www.w3.org/2002/07/owl#Class>
<https://bioportal.bioontology.org/ontologies/FTDM.owl#admelog>	<http://www.w3.org/2002/07/owl#Class>
<https://bioportal.bioontology.org/ontologies/FTDM.owl#adolescent>	<http://www.w3.org/2002/07/owl#Class>
<https://bioportal.bioontology.org/ontologies/FTDM.owl#adult>	<http://www.w3.org/2002/07/owl#Class>
<https://bioportal.bioontology.org/ontologies/FTDM.owl#afrezza>	<http://www.w3.org/2002/07/owl#Class>
<https://bioportal.bioontology.org/ontologies/FTDM.owl#aldosterone_antagonists>	<http://www.w3.org/2002/07/owl#Class>
<https://bioportal.bioontology.org/ontologies/FTDM.owl#aliskiren>	<http://www.w3.org/2002/07/owl#Class>
<https://bioportal.bioontology.org/ontologies/FTDM.owl#ambrisentan>	<http://www.w3.org/2002/07/owl#Class>
<https://bioportal.bioontology.org/ontologies/FTDM.owl#amiloride>	<http://www.w3.org/2002/07/owl#Class>
<https://bioportal.bioontology.org/ontologies/FTDM.owl#aminophylline>	<http://www.w3.org/2002/07/owl#Class>
<https://bioportal.bioontology.org/ontologies/FTDM.owl#amyl_nitrite>	<http://www.w3.org/2002/07/owl#Class>
<https://bioportal.bioontology.org/ontologies/FTDM.owl#angiotensin-converting_enzyme_inhibitor>	<http://www.w3.org/2002/07/owl#Class>
<https://bioportal.bioontology.org/ontologies/FTDM.owl#angiotensin_II_receptor_antagonist+diuretic>	<http://www.w3.org/2002/07/owl#Class>
<https://bioportal.bioontology.org/ontologies/FTDM.owl#aquaretic>	<http://www.w3.org/2002/07/owl#Class>
<https://bioportal.bioontology.org/ontologies/FTDM.owl#aspart>	<http://www.w3.org/2002/07/owl#Class>
<https://bioportal.bioontology.org/ontologies/FTDM.owl#aviptadil>	<http://www.w3.org/2002/07/owl#Class>
<https://bioportal.bioontology.org/ontologies/FTDM.owl#bamethan_sulfate>	<http://www.w3.org/2002/07/owl#Class>
<https://bioportal.bioontology.org/ontologies/FTDM.owl#beforeBedBloodGlucose>	<http://www.w3.org/2002/07/owl#Class>
<https://bioportal.bioontology.org/ontologies/FTDM.owl#beforeBreakfastBloodGlucose>	<http://www.w3.org/2002/07/owl#Class>
<https://bioportal.bioontology.org/ontologies/FTDM.owl#beforeEveningMealBloodGlucose>	<http://www.w3.org/2002/07/owl#Class>
<https://bioportal.bioontology.org/ontologies/FTDM.owl#beforeLunchBloodGlucose>	<http://www.w3.org/2002/07/owl#Class>
<https://bioportal.bioontology.org/ontologies/FTDM.owl#benazepril>	<http://www.w3.org/2002/07/owl#Class>
<https://bioportal.bioontology.org/ontologies/FTDM.owl#benazepril_hydrochloride>	<http://www.w3.org/2002/07/owl#Class>
<https://bioportal.bioontology.org/ontologies/FTDM.owl#bendroflumethiazide>	<http://www.w3.org/2002/07/owl#Class>
<https://bioportal.bioontology.org/ontologies/FTDM.owl#benzbromarone>	<http://www.w3.org/2002/07/owl#Class>
<https://bioportal.bioontology.org/ontologies/FTDM.owl#benzthiazide>	<http://www.w3.org/2002/07/owl#Class>
<https://bioportal.bioontology.org/ontologies/FTDM.owl#betahistine>	<http://www.w3.org/2002/07/owl#Class>
<https://bioportal.bioontology.org/ontologies/FTDM.owl#bloodGlucoseSensor>	<http://www.w3.org/2002/07/owl#Class>
<https://bioportal.bioontology.org/ontologies/FTDM.owl#bloodPressureMeasurementCapability>	<http://www.w3.org/2002/07/owl#Class>
<https://bioportal.bioontology.org/ontologies/FTDM.owl#bloodPressureSensor>	<http://www.w3.org/2002/07/owl#Class>
<https://bioportal.bioontology.org/ontologies/FTDM.owl#bodyTempratureSensor>	<http://www.w3.org/2002/07/owl#Class>
<https://bioportal.bioontology.org/ontologies/FTDM.owl#bosentan>	<http://www.w3.org/2002/07/owl#Class>
<https://bioportal.bioontology.org/ontologies/FTDM.owl#brand_name>	<http://www.w3.org/2002/07/owl#AnnotationProperty>
<https://bioportal.bioontology.org/ontologies/FTDM.owl#brinzolamide>	<http://www.w3.org/2002/07/owl#Class>
<https://bioportal.bioontology.org/ontologies/FTDM.owl#bumetanide>	<http://www.w3.org/2002/07/owl#Class>
<https://bioportal.bioontology.org/ontologies/FTDM.owl#captopril>	<http://www.w3.org/2002/07/owl#Class>
<https://bioportal.bioontology.org/ontologies/FTDM.owl#carbinoxamine>	<http://www.w3.org/2002/07/owl#Class>
<https://bioportal.bioontology.org/ontologies/FTDM.owl#carbohydrate>	<http://www.w3.org/2002/07/owl#Class>
<https://bioportal.bioontology.org/ontologies/FTDM.owl#carbonic_anhydrase_inhibitor>	<http://www.w3.org/2002/07/owl#Class>
<https://bioportal.bioontology.org/ontologies/FTDM.owl#careTeam>	<http://www.w3.org/2002/07/owl#Class>
<https://bioportal.bioontology.org/ontologies/FTDM.owl#centrally_acting_appetite_suppressant>	<http://www.w3.org/2002/07/owl#Class>
<https://bioportal.bioontology.org/ontologies/FTDM.owl#chemical_entity>	<http://www.w3.org/2002/07/owl#Class>
<https://bioportal.bioontology.org/ontologies/FTDM.owl#child>	<http://www.w3.org/2002/07/owl#Class>
<https://bioportal.bioontology.org/ontologies/FTDM.owl#chlorothiazide>	<http://www.w3.org/2002/07/owl#Class>
<https://bioportal.bioontology.org/ontologies/FTDM.owl#chlorthalidone>	<http://www.w3.org/2002/07/owl#Class>
<https://bioportal.bioontology.org/ontologies/FTDM.owl#chronic_kidney_disease>	<http://www.w3.org/2002/07/owl#NamedIndividual>
<https://bioportal.bioontology.org/ontologies/FTDM.owl#cilazapril>	<http://www.w3.org/2002/07/owl#Class>
<https://bioportal.bioontology.org/ontologies/FTDM.owl#clidinium>	<http://www.w3.org/2002/07/owl#Class>
<https://bioportal.bioontology.org/ontologies/FTDM.owl#clofibrate>	<http://www.w3.org/2002/07/owl#Class>
<https://bioportal.bioontology.org/ontologies/FTDM.owl#clopamide>	<http://www.w3.org/2002/07/owl#Class>
<https://bioportal.bioontology.org/ontologies/FTDM.owl#conivaptan>	<http://www.w3.org/2002/07/owl#Class>
<https://bioportal.bioontology.org/ontologies/FTDM.owl#coronary_vasodilator>	<http://www.w3.org/2002/07/owl#Class>
<https://bioportal.bioontology.org/ontologies/FTDM.owl#cyclandelate>	<http://www.w3.org/2002/07/owl#Class>
<https://bioportal.bioontology.org/ontologies/FTDM.owl#cyclopenthiazide>	<http://www.w3.org/2002/07/owl#Class>
<https://bioportal.bioontology.org/ontologies/FTDM.owl#dalbavancin>	<http://www.w3.org/2002/07/owl#Class>
<https://bioportal.bioontology.org/ontologies/FTDM.owl#dalbavancin_500mg_powder_for_injection_solution>	<http://www.w3.org/2002/07/owl#Class>
<https://bioportal.bioontology.org/ontologies/FTDM.owl#degludec>	<http://www.w3.org/2002/07/owl#Class>
<https://bioportal.bioontology.org/ontologies/FTDM.owl#deserpidine>	<http://www.w3.org/2002/07/owl#Class>
<https://bioportal.bioontology.org/ontologies/FTDM.owl#detemir>	<http://www.w3.org/2002/07/owl#Class>
<https://bioportal.bioontology.org/ontologies/FTDM.owl#diazoxide>	<http://www.w3.org/2002/07/owl#Class>
<https://bioportal.bioontology.org/ontologies/FTDM.owl#dichlorphenamide>	<http://www.w3.org/2002/07/owl#Class>
<https://bioportal.bioontology.org/ontologies/FTDM.owl#dipyridamole>	<http://www.w3.org/2002/07/owl#Class>
<https://bioportal.bioontology.org/ontologies/FTDM.owl#diseaseContradictWithDrug>	<http://www.w3.org/2002/07/owl#ObjectProperty>
<https://bioportal.bioontology.org/ontologies/FTDM.owl#diseaseContradictWithExercise>	<http://www.w3.org/2002/07/owl#ObjectProperty>
<https://bioportal.bioontology.org/ontologies/FTDM.owl#diseaseContradictWithFood>	<http://www.w3.org/2002/07/owl#ObjectProperty>
<https://bioportal.bioontology.org/ontologies/FTDM.owl#diseaseRecommendedDrug>	<http://www.w3.org/2002/07/owl#ObjectProperty>
<https://bioportal.bioontology.org/ontologies/FTDM.owl#diseaseRecommendedFood>	<http://www.w3.org/2002/07/owl#ObjectProperty>
<https://bioportal.bioontology.org/ontologies/FTDM.owl#diskospondylitis>	<http://www.w3.org/2002/07/owl#Class>
<https://bioportal.bioontology.org/ontologies/FTDM.owl#distanceSensor>	<http://www.w3.org/2002/07/owl#Class>
<https://bioportal.bioontology.org/ontologies/FTDM.owl#diuretic>	<http://www.w3.org/2002/07/owl#Class>
<https://bioportal.bioontology.org/ontologies/FTDM.owl#dorzolamide>	<http://www.w3.org/2002/07/owl#Class>
<https://bioportal.bioontology.org/ontologies/FTDM.owl#doxylamine>	<http://www.w3.org/2002/07/owl#Class>
<https://bioportal.bioontology.org/ontologies/FTDM.owl#drugA1CLoweringLevel>	<http://www.w3.org/2002/07/owl#Class>
<https://bioportal.bioontology.org/ontologies/FTDM.owl#drugContradictDithDisease>	<http://www.w3.org/2002/07/owl#ObjectProperty>
<https://bioportal.bioontology.org/ontologies/FTDM.owl#drugContradictWithDrug>	<http://www.w3.org/2002/07/owl#ObjectProperty>
<https://bioportal.bioontology.org/ontologies/FTDM.owl#drugContradictWithFood>	<http://www.w3.org/2002/07/owl#ObjectProperty>
<https://bioportal.bioontology.org/ontologies/FTDM.owl#educationProgramRequest>	<http://www.w3.org/2002/07/owl#Class>
<https://bioportal.bioontology.org/ontologies/FTDM.owl#educator>	<http://www.w3.org/2002/07/owl#Class>
<https://bioportal.bioontology.org/ontologies/FTDM.owl#enalapril>	<http://www.w3.org/2002/07/owl#Class>
<https://bioportal.bioontology.org/ontologies/FTDM.owl#enalaprilat>	<http://www.w3.org/2002/07/owl#Class>
<https://bioportal.bioontology.org/ontologies/FTDM.owl#endothelin_receptor_antagonist>	<http://www.w3.org/2002/07/owl#Class>
<https://bioportal.bioontology.org/ontologies/FTDM.owl#eplerenone>	<http://www.w3.org/2002/07/owl#Class>
<https://bioportal.bioontology.org/ontologies/FTDM.owl#erythrityl_tetranitrate>	<http://www.w3.org/2002/07/owl#Class>
<https://bioportal.bioontology.org/ontologies/FTDM.owl#ethacrynic_acid>	<http://www.w3.org/2002/07/owl#Class>
<https://bioportal.bioontology.org/ontologies/FTDM.owl#ethanolamine_derivative_antihistamine>	<http://www.w3.org/2002/07/owl#Class>
<https://bioportal.bioontology.org/ontologies/FTDM.owl#exerciseContradicteWithDisease>	<http://www.w3.org/2002/07/owl#ObjectProperty>
<https://bioportal.bioontology.org/ontologies/FTDM.owl#familyMemberHistory>	<http://www.w3.org/2002/07/owl#Class>
<https://bioportal.bioontology.org/ontologies/FTDM.owl#fat>	<http://www.w3.org/2002/07/owl#Class>
<https://bioportal.bioontology.org/ontologies/FTDM.owl#fenfluramine>	<http://www.w3.org/2002/07/owl#Class>
<https://bioportal.bioontology.org/ontologies/FTDM.owl#fenfluramine_hydrochloride>	<http://www.w3.org/2002/07/owl#Class>
<https://bioportal.bioontology.org/ontologies/FTDM.owl#fenoldopam>	<http://www.w3.org/2002/07/owl#Class>
<https://bioportal.bioontology.org/ontologies/FTDM.owl#fibrate_antihyperlipidemic>	<http://www.w3.org/2002/07/owl#Class>
<https://bioportal.bioontology.org/ontologies/FTDM.owl#flu_syndrome_AE>	<http://www.w3.org/2002/07/owl#NamedIndividual>
<https://bioportal.bioontology.org/ontologies/FTDM.owl#fosinopril>	<http://www.w3.org/2002/07/owl#Class>
<https://bioportal.bioontology.org/ontologies/FTDM.owl#furosemide>	<http://www.w3.org/2002/07/owl#Class>
<https://bioportal.bioontology.org/ontologies/FTDM.owl#gatifloxacin>	<http://www.w3.org/2002/07/owl#NamedIndividual>
<https://bioportal.bioontology.org/ontologies/FTDM.owl#generic_name>	<http://www.w3.org/2002/07/owl#AnnotationProperty>
<https://bioportal.bioontology.org/ontologies/FTDM.owl#glargine>	<http://www.w3.org/2002/07/owl#Class>
<https://bioportal.bioontology.org/ontologies/FTDM.owl#glucoseLevelValue>	<http://www.w3.org/2002/07/owl#Class>
<https://bioportal.bioontology.org/ontologies/FTDM.owl#glulisine>	<http://www.w3.org/2002/07/owl#Class>
<https://bioportal.bioontology.org/ontologies/FTDM.owl#glycopeptide_antibiotic>	<http://www.w3.org/2002/07/owl#Class>
<https://bioportal.bioontology.org/ontologies/FTDM.owl#gram>	<http://www.w3.org/2002/07/owl#NamedIndividual>
<https://bioportal.bioontology.org/ontologies/FTDM.owl#guanadrel>	<http://www.w3.org/2002/07/owl#Class>
<https://bioportal.bioontology.org/ontologies/FTDM.owl#guanethidine>	<http://www.w3.org/2002/07/owl#Class>
<https://bioportal.bioontology.org/ontologies/FTDM.owl#hasBasalInsulin>	<http://www.w3.org/2002/07/owl#ObjectProperty>
<https://bioportal.bioontology.org/ontologies/FTDM.owl#hasBolusInsulin>	<http://www.w3.org/2002/07/owl#ObjectProperty>
<https://bioportal.bioontology.org/ontologies/FTDM.owl#hasBreakfastMeal>	<http://www.w3.org/2002/07/owl#ObjectProperty>
<https://bioportal.bioontology.org/ontologies/FTDM.owl#hasCarePlan>	<http://www.w3.org/2002/07/owl#ObjectProperty>
<https://bioportal.bioontology.org/ontologies/FTDM.owl#hasCareTeam>	<http://www.w3.org/2002/07/owl#ObjectProperty>
<https://bioportal.bioontology.org/ontologies/FTDM.owl#hasComplication>	<http://www.w3.org/2002/07/owl#ObjectProperty>
<https://bioportal.bioontology.org/ontologies/FTDM.owl#hasDinnerMeal>	<http://www.w3.org/2002/07/owl#ObjectProperty>
<https://bioportal.bioontology.org/ontologies/FTDM.owl#hasDrugParticipant>	<http://www.w3.org/2002/07/owl#ObjectProperty>
<https://bioportal.bioontology.org/ontologies/FTDM.owl#hasForbiddenDrug>	<http://www.w3.org/2002/07/owl#ObjectProperty>
<https://bioportal.bioontology.org/ontologies/FTDM.owl#hasForbiddenFood>	<http://www.w3.org/2002/07/owl#ObjectProperty>
<https://bioportal.bioontology.org/ontologies/FTDM.owl#hasHeight>	<http://www.w3.org/2002/07/owl#DatatypeProperty>
<https://bioportal.bioontology.org/ontologies/FTDM.owl#hasHistory>	<http://www.w3.org/2002/07/owl#ObjectProperty>
<https://bioportal.bioontology.org/ontologies/FTDM.owl#hasLunchMeal>	<http://www.w3.org/2002/07/owl#ObjectProperty>
<https://bioportal.bioontology.org/ontologies/FTDM.owl#hasNotPreferFood>	<http://www.w3.org/2002/07/owl#ObjectProperty>
<https://bioportal.bioontology.org/ontologies/FTDM.owl#hasOnset>	<http://www.w3.org/2002/07/owl#ObjectProperty>
<https://bioportal.bioontology.org/ontologies/FTDM.owl#hasPart>	<http://www.w3.org/2002/07/owl#ObjectProperty>
<https://bioportal.bioontology.org/ontologies/FTDM.owl#hasPatientID>	<http://www.w3.org/2002/07/owl#DatatypeProperty>
<https://bioportal.bioontology.org/ontologies/FTDM.owl#hasPatientMedication>	<http://www.w3.org/2002/07/owl#ObjectProperty>
<https://bioportal.bioontology.org/ontologies/FTDM.owl#hasPatientProfile>	<http://www.w3.org/2002/07/owl#ObjectProperty>
<https://bioportal.bioontology.org/ontologies/FTDM.owl#hasPeak>	<http://www.w3.org/2002/07/owl#ObjectProperty>
<https://bioportal.bioontology.org/ontologies/FTDM.owl#hasPreferFood>	<http://www.w3.org/2002/07/owl#ObjectProperty>
<https://bioportal.bioontology.org/ontologies/FTDM.owl#hasPremixedInsulin>	<http://www.w3.org/2002/07/owl#ObjectProperty>
<https://bioportal.bioontology.org/ontologies/FTDM.owl#hasProfileDuration>	<http://www.w3.org/2002/07/owl#ObjectProperty>
<https://bioportal.bioontology.org/ontologies/FTDM.owl#hasQuantityInGrams>	<http://www.w3.org/2002/07/owl#DatatypeProperty>
<https://bioportal.bioontology.org/ontologies/FTDM.owl#hasRecommendedFood>	<http://www.w3.org/2002/07/owl#ObjectProperty>
<https://bioportal.bioontology.org/ontologies/FTDM.owl#hasSensorID>	<http://www.w3.org/2002/07/owl#DatatypeProperty>
<https://bioportal.bioontology.org/ontologies/FTDM.owl#hasSymptom>	<http://www.w3.org/2002/07/owl#ObjectProperty>
<https://bioportal.bioontology.org/ontologies/FTDM.owl#hasTotalCarbsInGrams>	<http://www.w3.org/2002/07/owl#DatatypeProperty>
<https://bioportal.bioontology.org/ontologies/FTDM.owl#hasTotalDailyDose>	<http://www.w3.org/2002/07/owl#DatatypeProperty>
<https://bioportal.bioontology.org/ontologies/FTDM.owl#hasTypeOfInjectionTherapy>	<http://www.w3.org/2002/07/owl#DatatypeProperty>
<https://bioportal.bioontology.org/ontologies/FTDM.owl#hasWBANID>	<http://www.w3.org/2002/07/owl#DatatypeProperty>
<https://bioportal.bioontology.org/ontologies/FTDM.owl#hasWeight>	<http://www.w3.org/2002/07/owl#DatatypeProperty>
<https://bioportal.bioontology.org/ontologies/FTDM.owl#has_3_months_A1C_level>	<http://www.w3.org/2002/07/owl#ObjectProperty>
<https://bioportal.bioontology.org/ontologies/FTDM.owl#has_bedtime_blooad_glucose_level>	<http://www.w3.org/2002/07/owl#ObjectProperty>
<https://bioportal.bioontology.org/ontologies/FTDM.owl#has_blood_pressure_level>	<http://www.w3.org/2002/07/owl#ObjectProperty>
<https://bioportal.bioontology.org/ontologies/FTDM.owl#has_current_blood_glucose_level>	<http://www.w3.org/2002/07/owl#ObjectProperty>
<https://bioportal.bioontology.org/ontologies/FTDM.owl#has_daily_premeal_blood_glucose_level>	<http://www.w3.org/2002/07/owl#ObjectProperty>
<https://bioportal.bioontology.org/ontologies/FTDM.owl#has_diastolic_blood_pressure>	<http://www.w3.org/2002/07/owl#DatatypeProperty>
<https://bioportal.bioontology.org/ontologies/FTDM.owl#has_emergency_contact>	<http://www.w3.org/2002/07/owl#DatatypeProperty>
<https://bioportal.bioontology.org/ontologies/FTDM.owl#has_end>	<http://www.w3.org/2002/07/owl#DatatypeProperty>
<https://bioportal.bioontology.org/ontologies/FTDM.owl#has_fasting_blooad_glucose_level>	<http://www.w3.org/2002/07/owl#ObjectProperty>
<https://bioportal.bioontology.org/ontologies/FTDM.owl#has_hypoglycemic_risk_level>	<http://www.w3.org/2002/07/owl#DatatypeProperty>
<https://bioportal.bioontology.org/ontologies/FTDM.owl#has_insulin_duration>	<http://www.w3.org/2002/07/owl#ObjectProperty>
<https://bioportal.bioontology.org/ontologies/FTDM.owl#has_insulin_factor_time>	<http://www.w3.org/2002/07/owl#DatatypeProperty>
<https://bioportal.bioontology.org/ontologies/FTDM.owl#has_insulin_factor_value>	<http://www.w3.org/2002/07/owl#DatatypeProperty>
<https://bioportal.bioontology.org/ontologies/FTDM.owl#has_insulin_regimen>	<http://www.w3.org/2002/07/owl#ObjectProperty>
<https://bioportal.bioontology.org/ontologies/FTDM.owl#has_premixed_first_shot_dose>	<http://www.w3.org/2002/07/owl#DatatypeProperty>
<https://bioportal.bioontology.org/ontologies/FTDM.owl#has_premixed_second_shot_dose>	<http://www.w3.org/2002/07/owl#DatatypeProperty>
<https://bioportal.bioontology.org/ontologies/FTDM.owl#has_premixed_third_shot_dose>	<http://www.w3.org/2002/07/owl#DatatypeProperty>
<https://bioportal.bioontology.org/ontologies/FTDM.owl#has_real_time_glucose_level>	<http://www.w3.org/2002/07/owl#DatatypeProperty>
<https://bioportal.bioontology.org/ontologies/FTDM.owl#has_start>	<http://www.w3.org/2002/07/owl#DatatypeProperty>
<https://bioportal.bioontology.org/ontologies/FTDM.owl#has_systolic_blood_pressure>	<http://www.w3.org/2002/07/owl#DatatypeProperty>
<https://bioportal.bioontology.org/ontologies/FTDM.owl#healthcare_Organization>	<http://www.w3.org/2002/07/owl#Class>
<https://bioportal.bioontology.org/ontologies/FTDM.owl#hub>	<http://www.w3.org/2002/07/owl#Class>
<https://bioportal.bioontology.org/ontologies/FTDM.owl#humalog_Mix>	<http://www.w3.org/2002/07/owl#Class>
<https://bioportal.bioontology.org/ontologies/FTDM.owl#human_B-type_natriuretic_peptide>	<http://www.w3.org/2002/07/owl#Class>
<https://bioportal.bioontology.org/ontologies/FTDM.owl#hydralazine>	<http://www.w3.org/2002/07/owl#Class>
<https://bioportal.bioontology.org/ontologies/FTDM.owl#hydrochlorothiazide>	<http://www.w3.org/2002/07/owl#Class>
<https://bioportal.bioontology.org/ontologies/FTDM.owl#hydroflumethiazide>	<http://www.w3.org/2002/07/owl#Class>
<https://bioportal.bioontology.org/ontologies/FTDM.owl#hypokalaemia_AE>	<http://www.w3.org/2002/07/owl#NamedIndividual>
<https://bioportal.bioontology.org/ontologies/FTDM.owl#hypotensive_agent>	<http://www.w3.org/2002/07/owl#Class>
<https://bioportal.bioontology.org/ontologies/FTDM.owl#imidapril>	<http://www.w3.org/2002/07/owl#Class>
<https://bioportal.bioontology.org/ontologies/FTDM.owl#indapamide>	<http://www.w3.org/2002/07/owl#Class>
<https://bioportal.bioontology.org/ontologies/FTDM.owl#inositol_niacinate>	<http://www.w3.org/2002/07/owl#Class>
<https://bioportal.bioontology.org/ontologies/FTDM.owl#insulinRegimen>	<http://www.w3.org/2002/07/owl#Class>
<https://bioportal.bioontology.org/ontologies/FTDM.owl#insulinRelatedFactors>	<http://www.w3.org/2002/07/owl#Class>
<https://bioportal.bioontology.org/ontologies/FTDM.owl#insulinSensitivityFactor>	<http://www.w3.org/2002/07/owl#Class>
<https://bioportal.bioontology.org/ontologies/FTDM.owl#insulinToCarbohydrateRatio>	<http://www.w3.org/2002/07/owl#Class>
<https://bioportal.bioontology.org/ontologies/FTDM.owl#intensiveInsulinTherapy>	<http://www.w3.org/2002/07/owl#Class>
<https://bioportal.bioontology.org/ontologies/FTDM.owl#interval>	<http://www.w3.org/2002/07/owl#Class>
<https://bioportal.bioontology.org/ontologies/FTDM.owl#interval_1>	<http://www.w3.org/2002/07/owl#NamedIndividual>
<https://bioportal.bioontology.org/ontologies/FTDM.owl#interval_2>	<http://www.w3.org/2002/07/owl#NamedIndividual>
<https://bioportal.bioontology.org/ontologies/FTDM.owl#interval_3>	<http://www.w3.org/2002/07/owl#NamedIndividual>
<https://bioportal.bioontology.org/ontologies/FTDM.owl#intra-arterial_vasodilator>	<http://www.w3.org/2002/07/owl#Class>
<https://bioportal.bioontology.org/ontologies/FTDM.owl#intra-cavernosal_vasodilator>	<http://www.w3.org/2002/07/owl#Class>
<https://bioportal.bioontology.org/ontologies/FTDM.owl#intravenous_vasodilator>	<http://www.w3.org/2002/07/owl#Class>
<https://bioportal.bioontology.org/ontologies/FTDM.owl#isophane>	<http://www.w3.org/2002/07/owl#Class>
<https://bioportal.bioontology.org/ontologies/FTDM.owl#isosorbide>	<http://www.w3.org/2002/07/owl#Class>
<https://bioportal.bioontology.org/ontologies/FTDM.owl#isosorbide_dinitrate>	<http://www.w3.org/2002/07/owl#Class>
<https://bioportal.bioontology.org/ontologies/FTDM.owl#isosorbide_mononitrate>	<http://www.w3.org/2002/07/owl#Class>
<https://bioportal.bioontology.org/ontologies/FTDM.owl#isoxsuprine>	<http://www.w3.org/2002/07/owl#Class>
<https://bioportal.bioontology.org/ontologies/FTDM.owl#ketanserin>	<http://www.w3.org/2002/07/owl#Class>
<https://bioportal.bioontology.org/ontologies/FTDM.owl#levosimendan>	<http://www.w3.org/2002/07/owl#Class>
<https://bioportal.bioontology.org/ontologies/FTDM.owl#lisinopril>	<http://www.w3.org/2002/07/owl#Class>
<https://bioportal.bioontology.org/ontologies/FTDM.owl#lispro>	<http://www.w3.org/2002/07/owl#Class>
<https://bioportal.bioontology.org/ontologies/FTDM.owl#loop_diuretic>	<http://www.w3.org/2002/07/owl#Class>
<https://bioportal.bioontology.org/ontologies/FTDM.owl#mannitol>	<http://www.w3.org/2002/07/owl#Class>
<https://bioportal.bioontology.org/ontologies/FTDM.owl#mechanismOfAction>	<http://www.w3.org/2002/07/owl#Class>
<https://bioportal.bioontology.org/ontologies/FTDM.owl#medication_affect_insulin_sensitivity>	<http://www.w3.org/2002/07/owl#Class>
<https://bioportal.bioontology.org/ontologies/FTDM.owl#mefruside>	<http://www.w3.org/2002/07/owl#Class>
<https://bioportal.bioontology.org/ontologies/FTDM.owl#mercurial_diuretic>	<http://www.w3.org/2002/07/owl#Class>
<https://bioportal.bioontology.org/ontologies/FTDM.owl#mersalyl>	<http://www.w3.org/2002/07/owl#Class>
<https://bioportal.bioontology.org/ontologies/FTDM.owl#methazolamide>	<http://www.w3.org/2002/07/owl#Class>
<https://bioportal.bioontology.org/ontologies/FTDM.owl#methyclothiazide>	<http://www.w3.org/2002/07/owl#Class>
<https://bioportal.bioontology.org/ontologies/FTDM.owl#metyrosine>	<http://www.w3.org/2002/07/owl#Class>
<https://bioportal.bioontology.org/ontologies/FTDM.owl#minoxidil>	<http://www.w3.org/2002/07/owl#Class>
<https://bioportal.bioontology.org/ontologies/FTDM.owl#moexipril>	<http://www.w3.org/2002/07/owl#Class>
<https://bioportal.bioontology.org/ontologies/FTDM.owl#moexipril_hydrochloride>	<http://www.w3.org/2002/07/owl#Class>
<https://bioportal.bioontology.org/ontologies/FTDM.owl#monitors>	<http://www.w3.org/2002/07/owl#ObjectProperty>
<https://bioportal.bioontology.org/ontologies/FTDM.owl#nafronyl>	<http://www.w3.org/2002/07/owl#Class>
<https://bioportal.bioontology.org/ontologies/FTDM.owl#nesiritide>	<http://www.w3.org/2002/07/owl#Class>
<https://bioportal.bioontology.org/ontologies/FTDM.owl#neutral_protamine_Hagedorn>	<http://www.w3.org/2002/07/owl#Class>
<https://bioportal.bioontology.org/ontologies/FTDM.owl#nicofuranose>	<http://www.w3.org/2002/07/owl#Class>
<https://bioportal.bioontology.org/ontologies/FTDM.owl#nicorandil>	<http://www.w3.org/2002/07/owl#Class>
<https://bioportal.bioontology.org/ontologies/FTDM.owl#nicotinyl_alcohol>	<http://www.w3.org/2002/07/owl#Class>
<https://bioportal.bioontology.org/ontologies/FTDM.owl#nimodipine>	<http://www.w3.org/2002/07/owl#Class>
<https://bioportal.bioontology.org/ontologies/FTDM.owl#nitrate-based_vasodilating_agent>	<http://www.w3.org/2002/07/owl#Class>
<https://bioportal.bioontology.org/ontologies/FTDM.owl#nitroglycerin>	<http://www.w3.org/2002/07/owl#Class>
<https://bioportal.bioontology.org/ontologies/FTDM.owl#nitroprusside>	<http://www.w3.org/2002/07/owl#Class>
<https://bioportal.bioontology.org/ontologies/FTDM.owl#node>	<http://www.w3.org/2002/07/owl#Class>
<https://bioportal.bioontology.org/ontologies/FTDM.owl#oldAdult>	<http://www.w3.org/2002/07/owl#Class>
<https://bioportal.bioontology.org/ontologies/FTDM.owl#oneShotDaily>	<http://www.w3.org/2002/07/owl#Class>
<https://bioportal.bioontology.org/ontologies/FTDM.owl#organization>	<http://www.w3.org/2002/07/owl#Class>
<https://bioportal.bioontology.org/ontologies/FTDM.owl#osmotic_diuretic>	<http://www.w3.org/2002/07/owl#Class>
<https://bioportal.bioontology.org/ontologies/FTDM.owl#osteomyelitis>	<http://www.w3.org/2002/07/owl#Class>
<https://bioportal.bioontology.org/ontologies/FTDM.owl#oxerutins>	<http://www.w3.org/2002/07/owl#Class>
<https://bioportal.bioontology.org/ontologies/FTDM.owl#pamabrom>	<http://www.w3.org/2002/07/owl#Class>
<https://bioportal.bioontology.org/ontologies/FTDM.owl#papaverine>	<http://www.w3.org/2002/07/owl#Class>
<https://bioportal.bioontology.org/ontologies/FTDM.owl#parenteral_form_urea>	<http://www.w3.org/2002/07/owl#Class>
<https://bioportal.bioontology.org/ontologies/FTDM.owl#patientProfile>	<http://www.w3.org/2002/07/owl#Class>
<https://bioportal.bioontology.org/ontologies/FTDM.owl#pentaerythritol_tetranitrate>	<http://www.w3.org/2002/07/owl#Class>
<https://bioportal.bioontology.org/ontologies/FTDM.owl#pentoxifylline>	<http://www.w3.org/2002/07/owl#Class>
<https://bioportal.bioontology.org/ontologies/FTDM.owl#perindopril>	<http://www.w3.org/2002/07/owl#Class>
<https://bioportal.bioontology.org/ontologies/FTDM.owl#peripheral/cerebral_vasodilator>	<http://www.w3.org/2002/07/owl#Class>
<https://bioportal.bioontology.org/ontologies/FTDM.owl#pharyngitis_AE>	<http://www.w3.org/2002/07/owl#NamedIndividual>
<https://bioportal.bioontology.org/ontologies/FTDM.owl#physicalExercise>	<http://www.w3.org/2002/07/owl#Class>
<https://bioportal.bioontology.org/ontologies/FTDM.owl#piretanide>	<http://www.w3.org/2002/07/owl#Class>
<https://bioportal.bioontology.org/ontologies/FTDM.owl#polythiazide>	<http://www.w3.org/2002/07/owl#Class>
<https://bioportal.bioontology.org/ontologies/FTDM.owl#potassium-sparing_diuretic>	<http://www.w3.org/2002/07/owl#Class>
<https://bioportal.bioontology.org/ontologies/FTDM.owl#potassium_canrenoate>	<http://www.w3.org/2002/07/owl#Class>
<https://bioportal.bioontology.org/ontologies/FTDM.owl#pramlintide>	<http://www.w3.org/2002/07/owl#Class>
<https://bioportal.bioontology.org/ontologies/FTDM.owl#pramlintide>	<http://www.w3.org/2002/07/owl#NamedIndividual>
<https://bioportal.bioontology.org/ontologies/FTDM.owl#pre-mixed_insulin>	<http://www.w3.org/2002/07/owl#Class>
<https://bioportal.bioontology.org/ontologies/FTDM.owl#pregnant>	<http://www.w3.org/2002/07/owl#Class>
<https://bioportal.bioontology.org/ontologies/FTDM.owl#prenylamine>	<http://www.w3.org/2002/07/owl#Class>
<https://bioportal.bioontology.org/ontologies/FTDM.owl#probenecid>	<http://www.w3.org/2002/07/owl#Class>
<https://bioportal.bioontology.org/ontologies/FTDM.owl#process_quality>	<http://www.w3.org/2002/07/owl#Class>
<https://bioportal.bioontology.org/ontologies/FTDM.owl#protein>	<http://www.w3.org/2002/07/owl#Class>
<https://bioportal.bioontology.org/ontologies/FTDM.owl#purine_diuretic>	<http://www.w3.org/2002/07/owl#Class>
<https://bioportal.bioontology.org/ontologies/FTDM.owl#pyogenic_proteinuria>	<http://www.w3.org/2002/07/owl#Class>
<https://bioportal.bioontology.org/ontologies/FTDM.owl#pyuria>	<http://www.w3.org/2002/07/owl#Class>
<https://bioportal.bioontology.org/ontologies/FTDM.owl#quinapril>	<http://www.w3.org/2002/07/owl#Class>
<https://bioportal.bioontology.org/ontologies/FTDM.owl#quinazoline_diuretic_product>	<http://www.w3.org/2002/07/owl#Class>
<https://bioportal.bioontology.org/ontologies/FTDM.owl#quinethazone>	<http://www.w3.org/2002/07/owl#Class>
<https://bioportal.bioontology.org/ontologies/FTDM.owl#ramipril>	<http://www.w3.org/2002/07/owl#Class>
<https://bioportal.bioontology.org/ontologies/FTDM.owl#ranolazine>	<http://www.w3.org/2002/07/owl#Class>
<https://bioportal.bioontology.org/ontologies/FTDM.owl#rauwolfia_alkaloid>	<http://www.w3.org/2002/07/owl#Class>
<https://bioportal.bioontology.org/ontologies/FTDM.owl#rectal_form_aminophylline>	<http://www.w3.org/2002/07/owl#Class>
<https://bioportal.bioontology.org/ontologies/FTDM.owl#rectal_form_glyceryl_trinitrate>	<http://www.w3.org/2002/07/owl#Class>
<https://bioportal.bioontology.org/ontologies/FTDM.owl#regular>	<http://www.w3.org/2002/07/owl#Class>
<https://bioportal.bioontology.org/ontologies/FTDM.owl#renin_inhibitor>	<http://www.w3.org/2002/07/owl#Class>
<https://bioportal.bioontology.org/ontologies/FTDM.owl#reserpine>	<http://www.w3.org/2002/07/owl#Class>
<https://bioportal.bioontology.org/ontologies/FTDM.owl#saluretic_drug>	<http://www.w3.org/2002/07/owl#Class>
<https://bioportal.bioontology.org/ontologies/FTDM.owl#sitaxentan>	<http://www.w3.org/2002/07/owl#Class>
<https://bioportal.bioontology.org/ontologies/FTDM.owl#sodium_nitroprusside>	<http://www.w3.org/2002/07/owl#Class>
<https://bioportal.bioontology.org/ontologies/FTDM.owl#spironolactone>	<http://www.w3.org/2002/07/owl#Class>
<https://bioportal.bioontology.org/ontologies/FTDM.owl#sterile_pyuria>	<http://www.w3.org/2002/07/owl#Class>
<https://bioportal.bioontology.org/ontologies/FTDM.owl#subacute_osteomyelitis>	<http://www.w3.org/2002/07/owl#Class>
<https://bioportal.bioontology.org/ontologies/FTDM.owl#sulfinpyrazone>	<http://www.w3.org/2002/07/owl#Class>
<https://bioportal.bioontology.org/ontologies/FTDM.owl#theophylline>	<http://www.w3.org/2002/07/owl#Class>
<https://bioportal.bioontology.org/ontologies/FTDM.owl#thiazide_diuretic>	<http://www.w3.org/2002/07/owl#Class>
<https://bioportal.bioontology.org/ontologies/FTDM.owl#tiotropium>	<http://www.w3.org/2002/07/owl#Class>
<https://bioportal.bioontology.org/ontologies/FTDM.owl#tolterodine>	<http://www.w3.org/2002/07/owl#Class>
<https://bioportal.bioontology.org/ontologies/FTDM.owl#tolterodine_m/r_capsule>	<http://www.w3.org/2002/07/owl#Class>
<https://bioportal.bioontology.org/ontologies/FTDM.owl#tolterodine_tartrate>	<http://www.w3.org/2002/07/owl#Class>
<https://bioportal.bioontology.org/ontologies/FTDM.owl#tolvaptan>	<http://www.w3.org/2002/07/owl#Class>
<https://bioportal.bioontology.org/ontologies/FTDM.owl#torsemide>	<http://www.w3.org/2002/07/owl#Class>
<https://bioportal.bioontology.org/ontologies/FTDM.owl#trandolapril>	<http://www.w3.org/2002/07/owl#Class>
<https://bioportal.bioontology.org/ontologies/FTDM.owl#treprostinil>	<http://www.w3.org/2002/07/owl#Class>
<https://bioportal.bioontology.org/ontologies/FTDM.owl#triamterene>	<http://www.w3.org/2002/07/owl#Class>
<https://bioportal.bioontology.org/ontologies/FTDM.owl#trichlormethiazide>	<http://www.w3.org/2002/07/owl#Class>
<https://bioportal.bioontology.org/ontologies/FTDM.owl#trihexyphenidyl>	<http://www.w3.org/2002/07/owl#Class>
<https://bioportal.bioontology.org/ontologies/FTDM.owl#trimethobenzamide>	<http://www.w3.org/2002/07/owl#Class>
<https://bioportal.bioontology.org/ontologies/FTDM.owl#triprolidine>	<http://www.w3.org/2002/07/owl#Class>
<https://bioportal.bioontology.org/ontologies/FTDM.owl#trospium>	<http://www.w3.org/2002/07/owl#Class>
<https://bioportal.bioontology.org/ontologies/FTDM.owl#twoShotsDaily>	<http://www.w3.org/2002/07/owl#Class>
<https://bioportal.bioontology.org/ontologies/FTDM.owl#unitPerDay>	<http://www.w3.org/2002/07/owl#NamedIndividual>
<https://bioportal.bioontology.org/ontologies/FTDM.owl#vasodilating_agent>	<http://www.w3.org/2002/07/owl#Class>
<https://bioportal.bioontology.org/ontologies/FTDM.owl#vasodilator_antihypertensive_drugs>	<http://www.w3.org/2002/07/owl#Class>
<https://bioportal.bioontology.org/ontologies/FTDM.owl#when_to_take>	<http://www.w3.org/2002/07/owl#DatatypeProperty>
<https://bioportal.bioontology.org/ontologies/FTDM.owl#xipamide>	<http://www.w3.org/2002/07/owl#Class>
<https://bioportal.bioontology.org/ontologies/FTDM.owl#yohimbine>	<http://www.w3.org/2002/07/owl#Class>
<https://bioportal.bioontology.org/ontologies/FTDM.owl#zofenopril>	<http://www.w3.org/2002/07/owl#Class>
<https://bioportal.bioontology.org/ontologies/FTDM.owl#zofenoprilat>	<http://www.w3.org/2002/07/owl#Class>
<https://bioportal.bioontology.org/ontologies/FTDM/Condition.disease>	<http://www.w3.org/2002/07/owl#ObjectProperty>
<https://bioportal.bioontology.org/ontologies/FTDM/Condition.symptom>	<http://www.w3.org/2002/07/owl#ObjectProperty>
<https://bioportal.bioontology.org/ontologies/FTDM/GPB203_Micro>	<http://www.w3.org/2002/07/owl#Class>
<https://bioportal.bioontology.org/ontologies/FTDM/IIT_1>	<http://www.w3.org/2002/07/owl#NamedIndividual>
<https://bioportal.bioontology.org/ontologies/FTDM/LOINC>	<http://www.w3.org/2002/07/owl#NamedIndividual>
<https://bioportal.bioontology.org/ontologies/FTDM/MLC815>	<http://www.w3.org/2002/07/owl#Class>
<https://bioportal.bioontology.org/ontologies/FTDM/MLC815>	<http://www.w3.org/2002/07/owl#NamedIndividual>
<https://bioportal.bioontology.org/ontologies/FTDM/MLC815SensorOutput_1>	<http://www.w3.org/2002/07/owl#NamedIndividual>
<https://bioportal.bioontology.org/ontologies/FTDM/SNOMED_CT>	<http://www.w3.org/2002/07/owl#NamedIndividual>
<https://bioportal.bioontology.org/ontologies/FTDM/UCUM_coding_system>	<http://www.w3.org/2002/07/owl#NamedIndividual>
<https://bioportal.bioontology.org/ontologies/FTDM/YGX-CL928E>	<http://www.w3.org/2002/07/owl#Class>
<https://bioportal.bioontology.org/ontologies/FTDM/acanthosis_nigricans>	<http://www.w3.org/2002/07/owl#NamedIndividual>
<https://bioportal.bioontology.org/ontologies/FTDM/acute_condition>	<http://www.w3.org/2002/07/owl#NamedIndividual>
<https://bioportal.bioontology.org/ontologies/FTDM/acute_disease>	<http://www.w3.org/2002/07/owl#NamedIndividual>
<https://bioportal.bioontology.org/ontologies/FTDM/acute_disease_code>	<http://www.w3.org/2002/07/owl#NamedIndividual>
<https://bioportal.bioontology.org/ontologies/FTDM/address_1>	<http://www.w3.org/2002/07/owl#NamedIndividual>
<https://bioportal.bioontology.org/ontologies/FTDM/address_1_city>	<http://www.w3.org/2002/07/owl#NamedIndividual>
<https://bioportal.bioontology.org/ontologies/FTDM/address_1_country>	<http://www.w3.org/2002/07/owl#NamedIndividual>
<https://bioportal.bioontology.org/ontologies/FTDM/address_1_postalCode>	<http://www.w3.org/2002/07/owl#NamedIndividual>
<https://bioportal.bioontology.org/ontologies/FTDM/arteriosclerosis>	<http://www.w3.org/2002/07/owl#NamedIndividual>
<https://bioportal.bioontology.org/ontologies/FTDM/aspart>	<http://www.w3.org/2002/07/owl#NamedIndividual>
<https://bioportal.bioontology.org/ontologies/FTDM/aspirin>	<http://www.w3.org/2002/07/owl#NamedIndividual>
<https://bioportal.bioontology.org/ontologies/FTDM/bmi_1_patient_1>	<http://www.w3.org/2002/07/owl#NamedIndividual>
<https://bioportal.bioontology.org/ontologies/FTDM/bodyWeightProperty>	<http://www.w3.org/2002/07/owl#Class>
<https://bioportal.bioontology.org/ontologies/FTDM/bodyWeightSensor>	<http://www.w3.org/2002/07/owl#Class>
<https://bioportal.bioontology.org/ontologies/FTDM/boolean_false>	<http://www.w3.org/2002/07/owl#NamedIndividual>
<https://bioportal.bioontology.org/ontologies/FTDM/carePlan_1_a1c_goal>	<http://www.w3.org/2002/07/owl#NamedIndividual>
<https://bioportal.bioontology.org/ontologies/FTDM/carePlan_1_a1c_goalTargetComponent>	<http://www.w3.org/2002/07/owl#NamedIndividual>
<https://bioportal.bioontology.org/ontologies/FTDM/carePlan_1_a1c_target_dueDate>	<http://www.w3.org/2002/07/owl#NamedIndividual>
<https://bioportal.bioontology.org/ontologies/FTDM/carePlan_1_a1c_target_quantity>	<http://www.w3.org/2002/07/owl#NamedIndividual>
<https://bioportal.bioontology.org/ontologies/FTDM/carePlan_1_bedTime_goalTargetComponent>	<http://www.w3.org/2002/07/owl#NamedIndividual>
<https://bioportal.bioontology.org/ontologies/FTDM/carePlan_1_bedTime_target_dueDate>	<http://www.w3.org/2002/07/owl#NamedIndividual>
<https://bioportal.bioontology.org/ontologies/FTDM/carePlan_1_bedTime_target_range>	<http://www.w3.org/2002/07/owl#NamedIndividual>
<https://bioportal.bioontology.org/ontologies/FTDM/carePlan_1_bedTime_target_range_high>	<http://www.w3.org/2002/07/owl#NamedIndividual>
<https://bioportal.bioontology.org/ontologies/FTDM/carePlan_1_bedTime_target_range_high_decimal>	<http://www.w3.org/2002/07/owl#NamedIndividual>
<https://bioportal.bioontology.org/ontologies/FTDM/carePlan_1_bedTime_target_range_low>	<http://www.w3.org/2002/07/owl#NamedIndividual>
<https://bioportal.bioontology.org/ontologies/FTDM/carePlan_1_bedTime_target_range_low_decimal>	<http://www.w3.org/2002/07/owl#NamedIndividual>
<https://bioportal.bioontology.org/ontologies/FTDM/carePlan_1_medication_request_1>	<http://www.w3.org/2002/07/owl#NamedIndividual>
<https://bioportal.bioontology.org/ontologies/FTDM/carePlan_1_premealBG_goalTargetComponent>	<http://www.w3.org/2002/07/owl#NamedIndividual>
<https://bioportal.bioontology.org/ontologies/FTDM/carePlan_1_premealBG_target_dueDate>	<http://www.w3.org/2002/07/owl#NamedIndividual>
<https://bioportal.bioontology.org/ontologies/FTDM/carePlan_1_premealBG_target_range>	<http://www.w3.org/2002/07/owl#NamedIndividual>
<https://bioportal.bioontology.org/ontologies/FTDM/carePlan_1_premealBG_target_range_high>	<http://www.w3.org/2002/07/owl#NamedIndividual>
<https://bioportal.bioontology.org/ontologies/FTDM/carePlan_1_premealBG_target_range_high_decimal>	<http://www.w3.org/2002/07/owl#NamedIndividual>
<https://bioportal.bioontology.org/ontologies/FTDM/carePlan_1_premealBG_target_range_low>	<http://www.w3.org/2002/07/owl#NamedIndividual>
<https://bioportal.bioontology.org/ontologies/FTDM/carePlan_1_premealBG_target_range_low_decimal>	<http://www.w3.org/2002/07/owl#NamedIndividual>
<https://bioportal.bioontology.org/ontologies/FTDM/carePlan_1_title>	<http://www.w3.org/2002/07/owl#NamedIndividual>
<https://bioportal.bioontology.org/ontologies/FTDM/carePlan_active>	<http://www.w3.org/2002/07/owl#NamedIndividual>
<https://bioportal.bioontology.org/ontologies/FTDM/careTeam_1>	<http://www.w3.org/2002/07/owl#NamedIndividual>
<https://bioportal.bioontology.org/ontologies/FTDM/comparatorCode>	<http://www.w3.org/2002/07/owl#Class>
<https://bioportal.bioontology.org/ontologies/FTDM/comparator_code_equal>	<http://www.w3.org/2002/07/owl#NamedIndividual>
<https://bioportal.bioontology.org/ontologies/FTDM/comparator_code_greaterThan>	<http://www.w3.org/2002/07/owl#NamedIndividual>
<https://bioportal.bioontology.org/ontologies/FTDM/comparator_code_greaterThanOrEqual>	<http://www.w3.org/2002/07/owl#NamedIndividual>
<https://bioportal.bioontology.org/ontologies/FTDM/comparator_code_lessThan>	<http://www.w3.org/2002/07/owl#NamedIndividual>
<https://bioportal.bioontology.org/ontologies/FTDM/comparator_code_lessThanOrEqual>	<http://www.w3.org/2002/07/owl#NamedIndividual>
<https://bioportal.bioontology.org/ontologies/FTDM/condition_2_dummy>	<http://www.w3.org/2002/07/owl#NamedIndividual>
<https://bioportal.bioontology.org/ontologies/FTDM/detemir>	<http://www.w3.org/2002/07/owl#NamedIndividual>
<https://bioportal.bioontology.org/ontologies/FTDM/detemir_duration_high>	<http://www.w3.org/2002/07/owl#NamedIndividual>
<https://bioportal.bioontology.org/ontologies/FTDM/detemir_duration_low>	<http://www.w3.org/2002/07/owl#NamedIndividual>
<https://bioportal.bioontology.org/ontologies/FTDM/detemir_onset_high>	<http://www.w3.org/2002/07/owl#NamedIndividual>
<https://bioportal.bioontology.org/ontologies/FTDM/detemir_onset_low>	<http://www.w3.org/2002/07/owl#NamedIndividual>
<https://bioportal.bioontology.org/ontologies/FTDM/detemir_peak_high>	<http://www.w3.org/2002/07/owl#NamedIndividual>
<https://bioportal.bioontology.org/ontologies/FTDM/detemir_peak_low>	<http://www.w3.org/2002/07/owl#NamedIndividual>
<https://bioportal.bioontology.org/ontologies/FTDM/dosage_timing_daily>	<http://www.w3.org/2002/07/owl#NamedIndividual>
<https://bioportal.bioontology.org/ontologies/FTDM/dosage_timing_daily_coding>	<http://www.w3.org/2002/07/owl#NamedIndividual>
<https://bioportal.bioontology.org/ontologies/FTDM/dosage_timing_daily_coding_code>	<http://www.w3.org/2002/07/owl#NamedIndividual>
<https://bioportal.bioontology.org/ontologies/FTDM/dosage_timing_daily_coding_display>	<http://www.w3.org/2002/07/owl#NamedIndividual>
<https://bioportal.bioontology.org/ontologies/FTDM/drugs_used_to_treat_addiction>	<http://www.w3.org/2002/07/owl#Class>
<https://bioportal.bioontology.org/ontologies/FTDM/endogenous_obesity>	<http://www.w3.org/2002/07/owl#NamedIndividual>
<https://bioportal.bioontology.org/ontologies/FTDM/ethanol>	<http://www.w3.org/2002/07/owl#NamedIndividual>
<https://bioportal.bioontology.org/ontologies/FTDM/gemifloxacin>	<http://www.w3.org/2002/07/owl#NamedIndividual>
<https://bioportal.bioontology.org/ontologies/FTDM/gender_male>	<http://www.w3.org/2002/07/owl#NamedIndividual>
<https://bioportal.bioontology.org/ontologies/FTDM/generalPractitioner>	<http://www.w3.org/2002/07/owl#Class>
<https://bioportal.bioontology.org/ontologies/FTDM/glargine_duration_high>	<http://www.w3.org/2002/07/owl#NamedIndividual>
<https://bioportal.bioontology.org/ontologies/FTDM/glargine_duration_low>	<http://www.w3.org/2002/07/owl#NamedIndividual>
<https://bioportal.bioontology.org/ontologies/FTDM/glargine_onset_high>	<http://www.w3.org/2002/07/owl#NamedIndividual>
<https://bioportal.bioontology.org/ontologies/FTDM/glargine_onset_low>	<http://www.w3.org/2002/07/owl#NamedIndividual>
<https://bioportal.bioontology.org/ontologies/FTDM/glulisine>	<http://www.w3.org/2002/07/owl#NamedIndividual>
<https://bioportal.bioontology.org/ontologies/FTDM/hasActivityLevel>	<http://www.w3.org/2002/07/owl#DatatypeProperty>
<https://bioportal.bioontology.org/ontologies/FTDM/hasBasalBedtimeDose>	<http://www.w3.org/2002/07/owl#ObjectProperty>
<https://bioportal.bioontology.org/ontologies/FTDM/hasBasalInsulinPercentage>	<http://www.w3.org/2002/07/owl#DatatypeProperty>
<https://bioportal.bioontology.org/ontologies/FTDM/hasBasalInsulinUnits>	<http://www.w3.org/2002/07/owl#DatatypeProperty>
<https://bioportal.bioontology.org/ontologies/FTDM/hasBasalMorningDose>	<http://www.w3.org/2002/07/owl#ObjectProperty>
<https://bioportal.bioontology.org/ontologies/FTDM/hasBolusBreakfastDose>	<http://www.w3.org/2002/07/owl#ObjectProperty>
<https://bioportal.bioontology.org/ontologies/FTDM/hasBolusDinnerDose>	<http://www.w3.org/2002/07/owl#ObjectProperty>
<https://bioportal.bioontology.org/ontologies/FTDM/hasBolusInsulinPercentage>	<http://www.w3.org/2002/07/owl#DatatypeProperty>
<https://bioportal.bioontology.org/ontologies/FTDM/hasBolusInsulinUnits>	<http://www.w3.org/2002/07/owl#DatatypeProperty>
<https://bioportal.bioontology.org/ontologies/FTDM/hasBolusLunchDose>	<http://www.w3.org/2002/07/owl#ObjectProperty>
<https://bioportal.bioontology.org/ontologies/FTDM/hasCarbsInsulinUnits>	<http://www.w3.org/2002/07/owl#DatatypeProperty>
<https://bioportal.bioontology.org/ontologies/FTDM/hasCorrectionInsulinUnits>	<http://www.w3.org/2002/07/owl#DatatypeProperty>
<https://bioportal.bioontology.org/ontologies/FTDM/hasDuration>	<http://www.w3.org/2002/07/owl#ObjectProperty>
<https://bioportal.bioontology.org/ontologies/FTDM/hasFatsPerGramOfFood>	<http://www.w3.org/2002/07/owl#DatatypeProperty>
<https://bioportal.bioontology.org/ontologies/FTDM/hasFixedOneshotLongActingInsulin>	<http://www.w3.org/2002/07/owl#ObjectProperty>
<https://bioportal.bioontology.org/ontologies/FTDM/hasFixedOneshotLongActingInsulinDose>	<http://www.w3.org/2002/07/owl#ObjectProperty>
<https://bioportal.bioontology.org/ontologies/FTDM/hasFixedTwoshotsEveningIntermActingInsulin>	<http://www.w3.org/2002/07/owl#ObjectProperty>
<https://bioportal.bioontology.org/ontologies/FTDM/hasFixedTwoshotsEveningIntermActingInsulinDose>	<http://www.w3.org/2002/07/owl#ObjectProperty>
<https://bioportal.bioontology.org/ontologies/FTDM/hasFixedTwoshotsEveningShortActingInsulin>	<http://www.w3.org/2002/07/owl#ObjectProperty>
<https://bioportal.bioontology.org/ontologies/FTDM/hasFixedTwoshotsEveningShortActingInsulinDose>	<http://www.w3.org/2002/07/owl#ObjectProperty>
<https://bioportal.bioontology.org/ontologies/FTDM/hasFixedTwoshotsMorningIntermActingInsulin>	<http://www.w3.org/2002/07/owl#ObjectProperty>
<https://bioportal.bioontology.org/ontologies/FTDM/hasFixedTwoshotsMorningIntermActingInsulinDose>	<http://www.w3.org/2002/07/owl#ObjectProperty>
<https://bioportal.bioontology.org/ontologies/FTDM/hasFixedTwoshotsMorningShortActingInsulin>	<http://www.w3.org/2002/07/owl#ObjectProperty>
<https://bioportal.bioontology.org/ontologies/FTDM/hasFixedTwoshotsMorningShortActingInsulinDose>	<http://www.w3.org/2002/07/owl#ObjectProperty>
<https://bioportal.bioontology.org/ontologies/FTDM/hasGlucoseBehaviorBeforeBedTime>	<http://www.w3.org/2002/07/owl#DatatypeProperty>
<https://bioportal.bioontology.org/ontologies/FTDM/hasGlucoseBehaviorBeforeBreakfast>	<http://www.w3.org/2002/07/owl#DatatypeProperty>
<https://bioportal.bioontology.org/ontologies/FTDM/hasGlucoseBehaviorBeforeDinner>	<http://www.w3.org/2002/07/owl#DatatypeProperty>
<https://bioportal.bioontology.org/ontologies/FTDM/hasGlucoseBehaviorBeforeLunch>	<http://www.w3.org/2002/07/owl#DatatypeProperty>
<https://bioportal.bioontology.org/ontologies/FTDM/hasHistoryOfHyperglycemia>	<http://www.w3.org/2002/07/owl#DatatypeProperty>
<https://bioportal.bioontology.org/ontologies/FTDM/hasHistoryOfHypoglycemia>	<http://www.w3.org/2002/07/owl#DatatypeProperty>
<https://bioportal.bioontology.org/ontologies/FTDM/hasInsulinRegimen>	<http://www.w3.org/2002/07/owl#ObjectProperty>
<https://bioportal.bioontology.org/ontologies/FTDM/hasInsulinSensitivityFactor>	<http://www.w3.org/2002/07/owl#ObjectProperty>
<https://bioportal.bioontology.org/ontologies/FTDM/hasInsulinToCarbohydrateRatio>	<http://www.w3.org/2002/07/owl#ObjectProperty>
<https://bioportal.bioontology.org/ontologies/FTDM/hasKiloCaloriesPerGramOfFood>	<http://www.w3.org/2002/07/owl#DatatypeProperty>
<https://bioportal.bioontology.org/ontologies/FTDM/hasPreferedInsulinRegimen>	<http://www.w3.org/2002/07/owl#DatatypeProperty>
<https://bioportal.bioontology.org/ontologies/FTDM/hasProteinsPerGramOfFood>	<http://www.w3.org/2002/07/owl#DatatypeProperty>
<https://bioportal.bioontology.org/ontologies/FTDM/hasTotalInsulin>	<http://www.w3.org/2002/07/owl#DatatypeProperty>
<https://bioportal.bioontology.org/ontologies/FTDM/hasWeightToTDDfactor>	<http://www.w3.org/2002/07/owl#DatatypeProperty>
<https://bioportal.bioontology.org/ontologies/FTDM/has_regimen_name>	<http://www.w3.org/2002/07/owl#DatatypeProperty>
<https://bioportal.bioontology.org/ontologies/FTDM/hospital_1>	<http://www.w3.org/2002/07/owl#NamedIndividual>
<https://bioportal.bioontology.org/ontologies/FTDM/insulinResistant>	<http://www.w3.org/2002/07/owl#Class>
<https://bioportal.bioontology.org/ontologies/FTDM/insulin_NPH>	<http://www.w3.org/2002/07/owl#Class>
<https://bioportal.bioontology.org/ontologies/FTDM/insulin_dosage_timing>	<http://www.w3.org/2002/07/owl#NamedIndividual>
<https://bioportal.bioontology.org/ontologies/FTDM/insulin_injection>	<http://www.w3.org/2002/07/owl#NamedIndividual>
<https://bioportal.bioontology.org/ontologies/FTDM/insulin_injection_display>	<http://www.w3.org/2002/07/owl#NamedIndividual>
<https://bioportal.bioontology.org/ontologies/FTDM/insulin_route_of_administration>	<http://www.w3.org/2002/07/owl#NamedIndividual>
<https://bioportal.bioontology.org/ontologies/FTDM/insulin_route_of_administration_coding>	<http://www.w3.org/2002/07/owl#NamedIndividual>
<https://bioportal.bioontology.org/ontologies/FTDM/isInsulinResistant>	<http://www.w3.org/2002/07/owl#DatatypeProperty>
<https://bioportal.bioontology.org/ontologies/FTDM/isPragnant>	<http://www.w3.org/2002/07/owl#DatatypeProperty>
<https://bioportal.bioontology.org/ontologies/FTDM/lispro>	<http://www.w3.org/2002/07/owl#NamedIndividual>
<https://bioportal.bioontology.org/ontologies/FTDM/medroxyprogesterone>	<http://www.w3.org/2002/07/owl#NamedIndividual>
<https://bioportal.bioontology.org/ontologies/FTDM/methadone>	<http://www.w3.org/2002/07/owl#Class>
<https://bioportal.bioontology.org/ontologies/FTDM/metoprolol>	<http://www.w3.org/2002/07/owl#NamedIndividual>
<https://bioportal.bioontology.org/ontologies/FTDM/nonInsulinResistant>	<http://www.w3.org/2002/07/owl#Class>
<https://bioportal.bioontology.org/ontologies/FTDM/obese_codeable>	<http://www.w3.org/2002/07/owl#NamedIndividual>
<https://bioportal.bioontology.org/ontologies/FTDM/obesity>	<http://www.w3.org/2002/07/owl#NamedIndividual>
<https://bioportal.bioontology.org/ontologies/FTDM/obesity_condition>	<http://www.w3.org/2002/07/owl#NamedIndividual>
<https://bioportal.bioontology.org/ontologies/FTDM/patientContradictWithAspart>	<http://www.w3.org/2002/07/owl#Class>
<https://bioportal.bioontology.org/ontologies/FTDM/patientContradictWithDetemir>	<http://www.w3.org/2002/07/owl#Class>
<https://bioportal.bioontology.org/ontologies/FTDM/patientContradictWithGlargine>	<http://www.w3.org/2002/07/owl#Class>
<https://bioportal.bioontology.org/ontologies/FTDM/patientContradictWithGlulisine>	<http://www.w3.org/2002/07/owl#Class>
<https://bioportal.bioontology.org/ontologies/FTDM/patientContradictWithLispro>	<http://www.w3.org/2002/07/owl#Class>
<https://bioportal.bioontology.org/ontologies/FTDM/patientHasNoLongActingContradict>	<http://www.w3.org/2002/07/owl#Class>
<https://bioportal.bioontology.org/ontologies/FTDM/patientInHoneymoonPeriod>	<http://www.w3.org/2002/07/owl#Class>
<https://bioportal.bioontology.org/ontologies/FTDM/patientNOTInHoneymoonPeriod>	<http://www.w3.org/2002/07/owl#Class>
<https://bioportal.bioontology.org/ontologies/FTDM/patient_1_age>	<http://www.w3.org/2002/07/owl#NamedIndividual>
<https://bioportal.bioontology.org/ontologies/FTDM/patient_1_allergyIntolerance_1>	<http://www.w3.org/2002/07/owl#NamedIndividual>
<https://bioportal.bioontology.org/ontologies/FTDM/patient_1_birthDate>	<http://www.w3.org/2002/07/owl#NamedIndividual>
<https://bioportal.bioontology.org/ontologies/FTDM/patient_1_bmi_ObservationValue_1>	<http://www.w3.org/2002/07/owl#NamedIndividual>
<https://bioportal.bioontology.org/ontologies/FTDM/patient_1_bodyWeightProperty_1>	<http://www.w3.org/2002/07/owl#NamedIndividual>
<https://bioportal.bioontology.org/ontologies/FTDM/patient_1_breakfast_1>	<http://www.w3.org/2002/07/owl#NamedIndividual>
<https://bioportal.bioontology.org/ontologies/FTDM/patient_1_carePlan_1>	<http://www.w3.org/2002/07/owl#NamedIndividual>
<https://bioportal.bioontology.org/ontologies/FTDM/patient_1_carePlan_1_1ac_goal_status>	<http://www.w3.org/2002/07/owl#NamedIndividual>
<https://bioportal.bioontology.org/ontologies/FTDM/patient_1_carePlan_1_a1c_goal>	<http://www.w3.org/2002/07/owl#NamedIndividual>
<https://bioportal.bioontology.org/ontologies/FTDM/patient_1_carePlan_1_bedTimeBG_goal_status>	<http://www.w3.org/2002/07/owl#NamedIndividual>
<https://bioportal.bioontology.org/ontologies/FTDM/patient_1_carePlan_1_bedtime_goal>	<http://www.w3.org/2002/07/owl#NamedIndividual>
<https://bioportal.bioontology.org/ontologies/FTDM/patient_1_carePlan_1_bloodPressure_goal>	<http://www.w3.org/2002/07/owl#NamedIndividual>
<https://bioportal.bioontology.org/ontologies/FTDM/patient_1_carePlan_1_category>	<http://www.w3.org/2002/07/owl#NamedIndividual>
<https://bioportal.bioontology.org/ontologies/FTDM/patient_1_carePlan_1_category_code>	<http://www.w3.org/2002/07/owl#NamedIndividual>
<https://bioportal.bioontology.org/ontologies/FTDM/patient_1_carePlan_1_category_coding>	<http://www.w3.org/2002/07/owl#NamedIndividual>
<https://bioportal.bioontology.org/ontologies/FTDM/patient_1_carePlan_1_category_display>	<http://www.w3.org/2002/07/owl#NamedIndividual>
<https://bioportal.bioontology.org/ontologies/FTDM/patient_1_carePlan_1_category_text>	<http://www.w3.org/2002/07/owl#NamedIndividual>
<https://bioportal.bioontology.org/ontologies/FTDM/patient_1_carePlan_1_date>	<http://www.w3.org/2002/07/owl#NamedIndividual>
<https://bioportal.bioontology.org/ontologies/FTDM/patient_1_carePlan_1_education_activityComponent>	<http://www.w3.org/2002/07/owl#NamedIndividual>
<https://bioportal.bioontology.org/ontologies/FTDM/patient_1_carePlan_1_exercise_activityComponent>	<http://www.w3.org/2002/07/owl#NamedIndividual>
<https://bioportal.bioontology.org/ontologies/FTDM/patient_1_carePlan_1_fixed_regimen_1>	<http://www.w3.org/2002/07/owl#NamedIndividual>
<https://bioportal.bioontology.org/ontologies/FTDM/patient_1_carePlan_1_fixed_regimen_1_evening_long_dose>	<http://www.w3.org/2002/07/owl#NamedIndividual>
<https://bioportal.bioontology.org/ontologies/FTDM/patient_1_carePlan_1_fixed_regimen_1_evening_long_quantity>	<http://www.w3.org/2002/07/owl#NamedIndividual>
<https://bioportal.bioontology.org/ontologies/FTDM/patient_1_carePlan_1_fixed_regimen_1_evening_long_quantity_value>	<http://www.w3.org/2002/07/owl#NamedIndividual>
<https://bioportal.bioontology.org/ontologies/FTDM/patient_1_carePlan_1_fixed_regimen_1_evening_short_dose>	<http://www.w3.org/2002/07/owl#NamedIndividual>
<https://bioportal.bioontology.org/ontologies/FTDM/patient_1_carePlan_1_fixed_regimen_1_evening_short_quantity>	<http://www.w3.org/2002/07/owl#NamedIndividual>
<https://bioportal.bioontology.org/ontologies/FTDM/patient_1_carePlan_1_fixed_regimen_1_evening_short_quantity_value>	<http://www.w3.org/2002/07/owl#NamedIndividual>
<https://bioportal.bioontology.org/ontologies/FTDM/patient_1_carePlan_1_fixed_regimen_1_morning_long_dose>	<http://www.w3.org/2002/07/owl#NamedIndividual>
<https://bioportal.bioontology.org/ontologies/FTDM/patient_1_carePlan_1_fixed_regimen_1_morning_long_quantity>	<http://www.w3.org/2002/07/owl#NamedIndividual>
<https://bioportal.bioontology.org/ontologies/FTDM/patient_1_carePlan_1_fixed_regimen_1_morning_long_quantity_value>	<http://www.w3.org/2002/07/owl#NamedIndividual>
<https://bioportal.bioontology.org/ontologies/FTDM/patient_1_carePlan_1_fixed_regimen_1_morning_short_dose>	<http://www.w3.org/2002/07/owl#NamedIndividual>
<https://bioportal.bioontology.org/ontologies/FTDM/patient_1_carePlan_1_fixed_regimen_1_morning_short_quantity>	<http://www.w3.org/2002/07/owl#NamedIndividual>
<https://bioportal.bioontology.org/ontologies/FTDM/patient_1_carePlan_1_fixed_regimen_1_morning_short_quantity_value>	<http://www.w3.org/2002/07/owl#NamedIndividual>
<https://bioportal.bioontology.org/ontologies/FTDM/patient_1_carePlan_1_medication_activityComponent>	<http://www.w3.org/2002/07/owl#NamedIndividual>
<https://bioportal.bioontology.org/ontologies/FTDM/patient_1_carePlan_1_nutrition_activityComponent>	<http://www.w3.org/2002/07/owl#NamedIndividual>
<https://bioportal.bioontology.org/ontologies/FTDM/patient_1_carePlan_1_period>	<http://www.w3.org/2002/07/owl#NamedIndividual>
<https://bioportal.bioontology.org/ontologies/FTDM/patient_1_carePlan_1_period_end>	<http://www.w3.org/2002/07/owl#NamedIndividual>
<https://bioportal.bioontology.org/ontologies/FTDM/patient_1_carePlan_1_period_start>	<http://www.w3.org/2002/07/owl#NamedIndividual>
<https://bioportal.bioontology.org/ontologies/FTDM/patient_1_carePlan_1_preMealBG_goal>	<http://www.w3.org/2002/07/owl#NamedIndividual>
<https://bioportal.bioontology.org/ontologies/FTDM/patient_1_carePlan_1_premeal_goal_status>	<http://www.w3.org/2002/07/owl#NamedIndividual>
<https://bioportal.bioontology.org/ontologies/FTDM/patient_1_carePlan_1_regimen>	<http://www.w3.org/2002/07/owl#NamedIndividual>
<https://bioportal.bioontology.org/ontologies/FTDM/patient_1_carePlan_1_weight_goal>	<http://www.w3.org/2002/07/owl#NamedIndividual>
<https://bioportal.bioontology.org/ontologies/FTDM/patient_1_code_obese>	<http://www.w3.org/2002/07/owl#NamedIndividual>
<https://bioportal.bioontology.org/ontologies/FTDM/patient_1_coding_obese>	<http://www.w3.org/2002/07/owl#NamedIndividual>
<https://bioportal.bioontology.org/ontologies/FTDM/patient_1_coding_obese_display>	<http://www.w3.org/2002/07/owl#NamedIndividual>
<https://bioportal.bioontology.org/ontologies/FTDM/patient_1_diabetesDuration>	<http://www.w3.org/2002/07/owl#NamedIndividual>
<https://bioportal.bioontology.org/ontologies/FTDM/patient_1_diabetesDuration_Q_value>	<http://www.w3.org/2002/07/owl#NamedIndividual>
<https://bioportal.bioontology.org/ontologies/FTDM/patient_1_encounter_1>	<http://www.w3.org/2002/07/owl#NamedIndividual>
<https://bioportal.bioontology.org/ontologies/FTDM/patient_1_familyMemberHistory>	<http://www.w3.org/2002/07/owl#NamedIndividual>
<https://bioportal.bioontology.org/ontologies/FTDM/patient_1_id>	<http://www.w3.org/2002/07/owl#NamedIndividual>
<https://bioportal.bioontology.org/ontologies/FTDM/patient_1_id_period>	<http://www.w3.org/2002/07/owl#NamedIndividual>
<https://bioportal.bioontology.org/ontologies/FTDM/patient_1_id_period_start>	<http://www.w3.org/2002/07/owl#NamedIndividual>
<https://bioportal.bioontology.org/ontologies/FTDM/patient_1_id_system>	<http://www.w3.org/2002/07/owl#NamedIndividual>
<https://bioportal.bioontology.org/ontologies/FTDM/patient_1_id_use>	<http://www.w3.org/2002/07/owl#NamedIndividual>
<https://bioportal.bioontology.org/ontologies/FTDM/patient_1_id_value>	<http://www.w3.org/2002/07/owl#NamedIndividual>
<https://bioportal.bioontology.org/ontologies/FTDM/patient_1_medicationStatement_1>	<http://www.w3.org/2002/07/owl#NamedIndividual>
<https://bioportal.bioontology.org/ontologies/FTDM/patient_1_name>	<http://www.w3.org/2002/07/owl#NamedIndividual>
<https://bioportal.bioontology.org/ontologies/FTDM/patient_1_name_family>	<http://www.w3.org/2002/07/owl#NamedIndividual>
<https://bioportal.bioontology.org/ontologies/FTDM/patient_1_name_given>	<http://www.w3.org/2002/07/owl#NamedIndividual>
<https://bioportal.bioontology.org/ontologies/FTDM/patient_1_obese_str>	<http://www.w3.org/2002/07/owl#NamedIndividual>
<https://bioportal.bioontology.org/ontologies/FTDM/patient_1_profile>	<http://www.w3.org/2002/07/owl#NamedIndividual>
<https://bioportal.bioontology.org/ontologies/FTDM/patient_1_relative>	<http://www.w3.org/2002/07/owl#NamedIndividual>
<https://bioportal.bioontology.org/ontologies/FTDM/patient_1_weight_1_obs_codable>	<http://www.w3.org/2002/07/owl#NamedIndividual>
<https://bioportal.bioontology.org/ontologies/FTDM/patient_1_weight_1_obs_code>	<http://www.w3.org/2002/07/owl#NamedIndividual>
<https://bioportal.bioontology.org/ontologies/FTDM/patient_1_weight_1_obs_coding>	<http://www.w3.org/2002/07/owl#NamedIndividual>
<https://bioportal.bioontology.org/ontologies/FTDM/patient_1_weight_1_obs_comparator>	<http://www.w3.org/2002/07/owl#NamedIndividual>
<https://bioportal.bioontology.org/ontologies/FTDM/patient_1_weight_1_obs_date>	<http://www.w3.org/2002/07/owl#NamedIndividual>
<https://bioportal.bioontology.org/ontologies/FTDM/patient_1_weight_1_obs_display>	<http://www.w3.org/2002/07/owl#NamedIndividual>
<https://bioportal.bioontology.org/ontologies/FTDM/patient_1_weight_1_obs_quantity>	<http://www.w3.org/2002/07/owl#NamedIndividual>
<https://bioportal.bioontology.org/ontologies/FTDM/patient_1_weight_1_obs_text>	<http://www.w3.org/2002/07/owl#NamedIndividual>
<https://bioportal.bioontology.org/ontologies/FTDM/patient_1_weight_1_obs_value>	<http://www.w3.org/2002/07/owl#NamedIndividual>
<https://bioportal.bioontology.org/ontologies/FTDM/patient_1_weight_ObservationValue_1>	<http://www.w3.org/2002/07/owl#NamedIndividual>
<https://bioportal.bioontology.org/ontologies/FTDM/patient_1_weight_ObservationValue_category>	<http://www.w3.org/2002/07/owl#NamedIndividual>
<https://bioportal.bioontology.org/ontologies/FTDM/patient_1_weight_ObservationValue_category_code>	<http://www.w3.org/2002/07/owl#NamedIndividual>
<https://bioportal.bioontology.org/ontologies/FTDM/patient_1_weight_ObservationValue_category_coding>	<http://www.w3.org/2002/07/owl#NamedIndividual>
<https://bioportal.bioontology.org/ontologies/FTDM/patient_1_weight_ObservationValue_category_display>	<http://www.w3.org/2002/07/owl#NamedIndividual>
<https://bioportal.bioontology.org/ontologies/FTDM/patient_1_weight_featureOfInterest>	<http://www.w3.org/2002/07/owl#NamedIndividual>
<https://bioportal.bioontology.org/ontologies/FTDM/patient_1_weight_observation_1>	<http://www.w3.org/2002/07/owl#NamedIndividual>
<https://bioportal.bioontology.org/ontologies/FTDM/patient_2>	<http://www.w3.org/2002/07/owl#NamedIndividual>
<https://bioportal.bioontology.org/ontologies/FTDM/patient_2_carePlan_a1c_goal>	<http://www.w3.org/2002/07/owl#NamedIndividual>
<https://bioportal.bioontology.org/ontologies/FTDM/patient_2_carePlan_bedTime_goal>	<http://www.w3.org/2002/07/owl#NamedIndividual>
<https://bioportal.bioontology.org/ontologies/FTDM/patient_2_carePlan_preMeal_goal>	<http://www.w3.org/2002/07/owl#NamedIndividual>
<https://bioportal.bioontology.org/ontologies/FTDM/patient_2_profile>	<http://www.w3.org/2002/07/owl#NamedIndividual>
<https://bioportal.bioontology.org/ontologies/FTDM/pentamidine>	<http://www.w3.org/2002/07/owl#NamedIndividual>
<https://bioportal.bioontology.org/ontologies/FTDM/practitioner_1>	<http://www.w3.org/2002/07/owl#NamedIndividual>
<https://bioportal.bioontology.org/ontologies/FTDM/pramlintide>	<http://www.w3.org/2002/07/owl#NamedIndividual>
<https://bioportal.bioontology.org/ontologies/FTDM/quantity_bmi_1_patient_1>	<http://www.w3.org/2002/07/owl#NamedIndividual>
<https://bioportal.bioontology.org/ontologies/FTDM/quantity_detemir_duration_high>	<http://www.w3.org/2002/07/owl#NamedIndividual>
<https://bioportal.bioontology.org/ontologies/FTDM/quantity_detemir_duration_low>	<http://www.w3.org/2002/07/owl#NamedIndividual>
<https://bioportal.bioontology.org/ontologies/FTDM/quantity_detemir_onset_high>	<http://www.w3.org/2002/07/owl#NamedIndividual>
<https://bioportal.bioontology.org/ontologies/FTDM/quantity_detemir_onset_low>	<http://www.w3.org/2002/07/owl#NamedIndividual>
<https://bioportal.bioontology.org/ontologies/FTDM/quantity_detemir_peak_high>	<http://www.w3.org/2002/07/owl#NamedIndividual>
<https://bioportal.bioontology.org/ontologies/FTDM/quantity_detemir_peak_low>	<http://www.w3.org/2002/07/owl#NamedIndividual>
<https://bioportal.bioontology.org/ontologies/FTDM/quantity_glargine_duration_high>	<http://www.w3.org/2002/07/owl#NamedIndividual>
<https://bioportal.bioontology.org/ontologies/FTDM/quantity_glargine_duration_low>	<http://www.w3.org/2002/07/owl#NamedIndividual>
<https://bioportal.bioontology.org/ontologies/FTDM/quantity_glargine_onset_high>	<http://www.w3.org/2002/07/owl#NamedIndividual>
<https://bioportal.bioontology.org/ontologies/FTDM/quantity_glargine_onset_low>	<http://www.w3.org/2002/07/owl#NamedIndividual>
<https://bioportal.bioontology.org/ontologies/FTDM/quantity_rapid_acting_duration_high>	<http://www.w3.org/2002/07/owl#NamedIndividual>
<https://bioportal.bioontology.org/ontologies/FTDM/quantity_rapid_acting_duration_low>	<http://www.w3.org/2002/07/owl#NamedIndividual>
<https://bioportal.bioontology.org/ontologies/FTDM/quantity_rapid_acting_onset_high>	<http://www.w3.org/2002/07/owl#NamedIndividual>
<https://bioportal.bioontology.org/ontologies/FTDM/quantity_rapid_acting_onset_low>	<http://www.w3.org/2002/07/owl#NamedIndividual>
<https://bioportal.bioontology.org/ontologies/FTDM/quantity_rapid_acting_peak_high>	<http://www.w3.org/2002/07/owl#NamedIndividual>
<https://bioportal.bioontology.org/ontologies/FTDM/quantity_rapid_acting_peak_low>	<http://www.w3.org/2002/07/owl#NamedIndividual>
<https://bioportal.bioontology.org/ontologies/FTDM/range_detemir_duration>	<http://www.w3.org/2002/07/owl#NamedIndividual>
<https://bioportal.bioontology.org/ontologies/FTDM/range_detemir_onset>	<http://www.w3.org/2002/07/owl#NamedIndividual>
<https://bioportal.bioontology.org/ontologies/FTDM/range_detemir_peak>	<http://www.w3.org/2002/07/owl#NamedIndividual>
<https://bioportal.bioontology.org/ontologies/FTDM/range_glargine_duration>	<http://www.w3.org/2002/07/owl#NamedIndividual>
<https://bioportal.bioontology.org/ontologies/FTDM/range_glargine_onset>	<http://www.w3.org/2002/07/owl#NamedIndividual>
<https://bioportal.bioontology.org/ontologies/FTDM/range_rapid_acting_duration>	<http://www.w3.org/2002/07/owl#NamedIndividual>
<https://bioportal.bioontology.org/ontologies/FTDM/range_rapid_acting_onset>	<http://www.w3.org/2002/07/owl#NamedIndividual>
<https://bioportal.bioontology.org/ontologies/FTDM/range_rapid_acting_peak>	<http://www.w3.org/2002/07/owl#NamedIndividual>
<https://bioportal.bioontology.org/ontologies/FTDM/rapid_acting_duration_high>	<http://www.w3.org/2002/07/owl#NamedIndividual>
<https://bioportal.bioontology.org/ontologies/FTDM/rapid_acting_duration_low>	<http://www.w3.org/2002/07/owl#NamedIndividual>
<https://bioportal.bioontology.org/ontologies/FTDM/rapid_acting_onset_high>	<http://www.w3.org/2002/07/owl#NamedIndividual>
<https://bioportal.bioontology.org/ontologies/FTDM/rapid_acting_onset_low>	<http://www.w3.org/2002/07/owl#NamedIndividual>
<https://bioportal.bioontology.org/ontologies/FTDM/rapid_acting_peak_high>	<http://www.w3.org/2002/07/owl#NamedIndividual>
<https://bioportal.bioontology.org/ontologies/FTDM/rapid_acting_peak_low>	<http://www.w3.org/2002/07/owl#NamedIndividual>
<https://bioportal.bioontology.org/ontologies/FTDM/steatosis_of_liver>	<http://www.w3.org/2002/07/owl#NamedIndividual>
<https://bioportal.bioontology.org/ontologies/FTDM/tacrolimus>	<http://www.w3.org/2002/07/owl#NamedIndividual>
<https://bioportal.bioontology.org/ontologies/FTDM/tranquilizer>	<http://www.w3.org/2002/07/owl#Class>
<https://bioportal.bioontology.org/ontologies/FTDM/type_1_diabetes_codable>	<http://www.w3.org/2002/07/owl#NamedIndividual>
<https://bioportal.bioontology.org/ontologies/FTDM/type_1_diabetes_code>	<http://www.w3.org/2002/07/owl#NamedIndividual>
<https://bioportal.bioontology.org/ontologies/FTDM/type_1_diabetes_coding>	<http://www.w3.org/2002/07/owl#NamedIndividual>
<https://bioportal.bioontology.org/ontologies/FTDM/type_1_diabetes_display>	<http://www.w3.org/2002/07/owl#NamedIndividual>
<https://bioportal.bioontology.org/ontologies/FTDM/type_1_diabetes_mellitus_condition>	<http://www.w3.org/2002/07/owl#NamedIndividual>
<https://bioportal.bioontology.org/ontologies/FTDM/type_1_diabetes_mellitus_disease>	<http://www.w3.org/2002/07/owl#NamedIndividual>
<https://bioportal.bioontology.org/ontologies/FTDM/type_1_diabetes_text>	<http://www.w3.org/2002/07/owl#NamedIndividual>
<https://bioportal.bioontology.org/ontologies/FTDM/units>	<http://www.w3.org/2002/07/owl#NamedIndividual>
<https://bioportal.bioontology.org/ontologies/FTDM/weightSensorOutput>	<http://www.w3.org/2002/07/owl#Class>
