?entity	?type
<http://hl7.org/fhir/AccidentComponent>	<http://www.w3.org/2002/07/owl#Class>
<http://hl7.org/fhir/Account>	<http://www.w3.org/2002/07/owl#Class>
<http://hl7.org/fhir/Account.active>	<http://www.w3.org/2002/07/owl#ObjectProperty>
<http://hl7.org/fhir/Account.balance>	<http://www.w3.org/2002/07/owl#ObjectProperty>
<http://hl7.org/fhir/Account.coverage>	<http://www.w3.org/2002/07/owl#ObjectProperty>
<http://hl7.org/fhir/Account.coverage.coverage>	<http://www.w3.org/2002/07/owl#ObjectProperty>
<http://hl7.org/fhir/Account.coverage.priority>	<http://www.w3.org/2002/07/owl#ObjectProperty>
<http://hl7.org/fhir/Account.description>	<http://www.w3.org/2002/07/owl#ObjectProperty>
<http://hl7.org/fhir/Account.guarantor>	<http://www.w3.org/2002/07/owl#ObjectProperty>
<http://hl7.org/fhir/Account.guarantor.onHold>	<http://www.w3.org/2002/07/owl#ObjectProperty>
<http://hl7.org/fhir/Account.guarantor.party>	<http://www.w3.org/2002/07/owl#ObjectProperty>
<http://hl7.org/fhir/Account.guarantor.period>	<http://www.w3.org/2002/07/owl#ObjectProperty>
<http://hl7.org/fhir/Account.identifier>	<http://www.w3.org/2002/07/owl#ObjectProperty>
<http://hl7.org/fhir/Account.name>	<http://www.w3.org/2002/07/owl#ObjectProperty>
<http://hl7.org/fhir/Account.owner>	<http://www.w3.org/2002/07/owl#ObjectProperty>
<http://hl7.org/fhir/Account.period>	<http://www.w3.org/2002/07/owl#ObjectProperty>
<http://hl7.org/fhir/Account.status>	<http://www.w3.org/2002/07/owl#ObjectProperty>
<http://hl7.org/fhir/Account.subject>	<http://www.w3.org/2002/07/owl#ObjectProperty>
<http://hl7.org/fhir/Account.type>	<http://www.w3.org/2002/07/owl#ObjectProperty>
<http://hl7.org/fhir/ActionAssertRuleComponent>	<http://www.w3.org/2002/07/owl#Class>
<http://hl7.org/fhir/ActionAssertRuleParamComponent>	<http://www.w3.org/2002/07/owl#Class>
<http://hl7.org/fhir/ActionAssertRulesetComponent>	<http://www.w3.org/2002/07/owl#Class>
<http://hl7.org/fhir/ActionAssertRulesetRuleComponent>	<http://www.w3.org/2002/07/owl#Class>
<http://hl7.org/fhir/ActionAssertRulesetRuleParamComponent>	<http://www.w3.org/2002/07/owl#Class>
<http://hl7.org/fhir/ActivityDefinition>	<http://www.w3.org/2002/07/owl#Class>
<http://hl7.org/fhir/ActivityDefinition.approvalDate>	<http://www.w3.org/2002/07/owl#ObjectProperty>
<http://hl7.org/fhir/ActivityDefinition.bodySite>	<http://www.w3.org/2002/07/owl#ObjectProperty>
<http://hl7.org/fhir/ActivityDefinition.code>	<http://www.w3.org/2002/07/owl#ObjectProperty>
<http://hl7.org/fhir/ActivityDefinition.contact>	<http://www.w3.org/2002/07/owl#ObjectProperty>
<http://hl7.org/fhir/ActivityDefinition.contributor>	<http://www.w3.org/2002/07/owl#ObjectProperty>
<http://hl7.org/fhir/ActivityDefinition.copyright>	<http://www.w3.org/2002/07/owl#ObjectProperty>
<http://hl7.org/fhir/ActivityDefinition.date>	<http://www.w3.org/2002/07/owl#ObjectProperty>
<http://hl7.org/fhir/ActivityDefinition.description>	<http://www.w3.org/2002/07/owl#ObjectProperty>
<http://hl7.org/fhir/ActivityDefinition.dosage>	<http://www.w3.org/2002/07/owl#ObjectProperty>
<http://hl7.org/fhir/ActivityDefinition.dynamicValue>	<http://www.w3.org/2002/07/owl#ObjectProperty>
<http://hl7.org/fhir/ActivityDefinition.dynamicValue.description>	<http://www.w3.org/2002/07/owl#ObjectProperty>
<http://hl7.org/fhir/ActivityDefinition.dynamicValue.expression>	<http://www.w3.org/2002/07/owl#ObjectProperty>
<http://hl7.org/fhir/ActivityDefinition.dynamicValue.language>	<http://www.w3.org/2002/07/owl#ObjectProperty>
<http://hl7.org/fhir/ActivityDefinition.dynamicValue.path>	<http://www.w3.org/2002/07/owl#ObjectProperty>
<http://hl7.org/fhir/ActivityDefinition.effectivePeriod>	<http://www.w3.org/2002/07/owl#ObjectProperty>
<http://hl7.org/fhir/ActivityDefinition.experimental>	<http://www.w3.org/2002/07/owl#ObjectProperty>
<http://hl7.org/fhir/ActivityDefinition.identifier>	<http://www.w3.org/2002/07/owl#ObjectProperty>
<http://hl7.org/fhir/ActivityDefinition.jurisdiction>	<http://www.w3.org/2002/07/owl#ObjectProperty>
<http://hl7.org/fhir/ActivityDefinition.kind>	<http://www.w3.org/2002/07/owl#ObjectProperty>
<http://hl7.org/fhir/ActivityDefinition.lastReviewDate>	<http://www.w3.org/2002/07/owl#ObjectProperty>
<http://hl7.org/fhir/ActivityDefinition.library>	<http://www.w3.org/2002/07/owl#ObjectProperty>
<http://hl7.org/fhir/ActivityDefinition.location>	<http://www.w3.org/2002/07/owl#ObjectProperty>
<http://hl7.org/fhir/ActivityDefinition.name>	<http://www.w3.org/2002/07/owl#ObjectProperty>
<http://hl7.org/fhir/ActivityDefinition.participant>	<http://www.w3.org/2002/07/owl#ObjectProperty>
<http://hl7.org/fhir/ActivityDefinition.participant.role>	<http://www.w3.org/2002/07/owl#ObjectProperty>
<http://hl7.org/fhir/ActivityDefinition.participant.type>	<http://www.w3.org/2002/07/owl#ObjectProperty>
<http://hl7.org/fhir/ActivityDefinition.product>	<http://www.w3.org/2002/07/owl#ObjectProperty>
<http://hl7.org/fhir/ActivityDefinition.productCodeableConcept>	<http://www.w3.org/2002/07/owl#ObjectProperty>
<http://hl7.org/fhir/ActivityDefinition.productReference>	<http://www.w3.org/2002/07/owl#ObjectProperty>
<http://hl7.org/fhir/ActivityDefinition.publisher>	<http://www.w3.org/2002/07/owl#ObjectProperty>
<http://hl7.org/fhir/ActivityDefinition.purpose>	<http://www.w3.org/2002/07/owl#ObjectProperty>
<http://hl7.org/fhir/ActivityDefinition.quantity>	<http://www.w3.org/2002/07/owl#ObjectProperty>
<http://hl7.org/fhir/ActivityDefinition.relatedArtifact>	<http://www.w3.org/2002/07/owl#ObjectProperty>
<http://hl7.org/fhir/ActivityDefinition.status>	<http://www.w3.org/2002/07/owl#ObjectProperty>
<http://hl7.org/fhir/ActivityDefinition.timing>	<http://www.w3.org/2002/07/owl#ObjectProperty>
<http://hl7.org/fhir/ActivityDefinition.timingDateTime>	<http://www.w3.org/2002/07/owl#ObjectProperty>
<http://hl7.org/fhir/ActivityDefinition.timingPeriod>	<http://www.w3.org/2002/07/owl#ObjectProperty>
<http://hl7.org/fhir/ActivityDefinition.timingRange>	<http://www.w3.org/2002/07/owl#ObjectProperty>
<http://hl7.org/fhir/ActivityDefinition.timingTiming>	<http://www.w3.org/2002/07/owl#ObjectProperty>
<http://hl7.org/fhir/ActivityDefinition.title>	<http://www.w3.org/2002/07/owl#ObjectProperty>
<http://hl7.org/fhir/ActivityDefinition.topic>	<http://www.w3.org/2002/07/owl#ObjectProperty>
<http://hl7.org/fhir/ActivityDefinition.transform>	<http://www.w3.org/2002/07/owl#ObjectProperty>
<http://hl7.org/fhir/ActivityDefinition.url>	<http://www.w3.org/2002/07/owl#ObjectProperty>
<http://hl7.org/fhir/ActivityDefinition.usage>	<http://www.w3.org/2002/07/owl#ObjectProperty>
<http://hl7.org/fhir/ActivityDefinition.useContext>	<http://www.w3.org/2002/07/owl#ObjectProperty>
<http://hl7.org/fhir/ActivityDefinition.version>	<http://www.w3.org/2002/07/owl#ObjectProperty>
<http://hl7.org/fhir/ActivityDefinitionDynamicValueComponent>	<http://www.w3.org/2002/07/owl#Class>
<http://hl7.org/fhir/ActivityDefinitionParticipantComponent>	<http://www.w3.org/2002/07/owl#Class>
<http://hl7.org/fhir/AddedItemComponent>	<http://www.w3.org/2002/07/owl#Class>
<http://hl7.org/fhir/AddedItemsDetailComponent>	<http://www.w3.org/2002/07/owl#Class>
<http://hl7.org/fhir/Address>	<http://www.w3.org/2002/07/owl#Class>
<http://hl7.org/fhir/Address.city>	<http://www.w3.org/2002/07/owl#ObjectProperty>
<http://hl7.org/fhir/Address.country>	<http://www.w3.org/2002/07/owl#ObjectProperty>
<http://hl7.org/fhir/Address.district>	<http://www.w3.org/2002/07/owl#ObjectProperty>
<http://hl7.org/fhir/Address.line>	<http://www.w3.org/2002/07/owl#ObjectProperty>
<http://hl7.org/fhir/Address.period>	<http://www.w3.org/2002/07/owl#ObjectProperty>
<http://hl7.org/fhir/Address.postalCode>	<http://www.w3.org/2002/07/owl#ObjectProperty>
<http://hl7.org/fhir/Address.state>	<http://www.w3.org/2002/07/owl#ObjectProperty>
<http://hl7.org/fhir/Address.text>	<http://www.w3.org/2002/07/owl#ObjectProperty>
<http://hl7.org/fhir/Address.type>	<http://www.w3.org/2002/07/owl#ObjectProperty>
<http://hl7.org/fhir/Address.use>	<http://www.w3.org/2002/07/owl#ObjectProperty>
<http://hl7.org/fhir/AdjudicationComponent>	<http://www.w3.org/2002/07/owl#Class>
<http://hl7.org/fhir/AdverseEvent>	<http://www.w3.org/2002/07/owl#Class>
<http://hl7.org/fhir/AdverseEvent.category>	<http://www.w3.org/2002/07/owl#ObjectProperty>
<http://hl7.org/fhir/AdverseEvent.date>	<http://www.w3.org/2002/07/owl#ObjectProperty>
<http://hl7.org/fhir/AdverseEvent.description>	<http://www.w3.org/2002/07/owl#ObjectProperty>
<http://hl7.org/fhir/AdverseEvent.eventParticipant>	<http://www.w3.org/2002/07/owl#ObjectProperty>
<http://hl7.org/fhir/AdverseEvent.identifier>	<http://www.w3.org/2002/07/owl#ObjectProperty>
<http://hl7.org/fhir/AdverseEvent.location>	<http://www.w3.org/2002/07/owl#ObjectProperty>
<http://hl7.org/fhir/AdverseEvent.outcome>	<http://www.w3.org/2002/07/owl#ObjectProperty>
<http://hl7.org/fhir/AdverseEvent.reaction>	<http://www.w3.org/2002/07/owl#ObjectProperty>
<http://hl7.org/fhir/AdverseEvent.recorder>	<http://www.w3.org/2002/07/owl#ObjectProperty>
<http://hl7.org/fhir/AdverseEvent.referenceDocument>	<http://www.w3.org/2002/07/owl#ObjectProperty>
<http://hl7.org/fhir/AdverseEvent.seriousness>	<http://www.w3.org/2002/07/owl#ObjectProperty>
<http://hl7.org/fhir/AdverseEvent.study>	<http://www.w3.org/2002/07/owl#ObjectProperty>
<http://hl7.org/fhir/AdverseEvent.subject>	<http://www.w3.org/2002/07/owl#ObjectProperty>
<http://hl7.org/fhir/AdverseEvent.subjectMedicalHistory>	<http://www.w3.org/2002/07/owl#ObjectProperty>
<http://hl7.org/fhir/AdverseEvent.suspectEntity>	<http://www.w3.org/2002/07/owl#ObjectProperty>
<http://hl7.org/fhir/AdverseEvent.suspectEntity.causality>	<http://www.w3.org/2002/07/owl#ObjectProperty>
<http://hl7.org/fhir/AdverseEvent.suspectEntity.causalityAssessment>	<http://www.w3.org/2002/07/owl#ObjectProperty>
<http://hl7.org/fhir/AdverseEvent.suspectEntity.causalityAuthor>	<http://www.w3.org/2002/07/owl#ObjectProperty>
<http://hl7.org/fhir/AdverseEvent.suspectEntity.causalityMethod>	<http://www.w3.org/2002/07/owl#ObjectProperty>
<http://hl7.org/fhir/AdverseEvent.suspectEntity.causalityProductRelatedness>	<http://www.w3.org/2002/07/owl#ObjectProperty>
<http://hl7.org/fhir/AdverseEvent.suspectEntity.causalityResult>	<http://www.w3.org/2002/07/owl#ObjectProperty>
<http://hl7.org/fhir/AdverseEvent.suspectEntity.instance>	<http://www.w3.org/2002/07/owl#ObjectProperty>
<http://hl7.org/fhir/AdverseEvent.type>	<http://www.w3.org/2002/07/owl#ObjectProperty>
<http://hl7.org/fhir/AdverseEventSuspectEntityComponent>	<http://www.w3.org/2002/07/owl#Class>
<http://hl7.org/fhir/Age>	<http://www.w3.org/2002/07/owl#Class>
<http://hl7.org/fhir/AgentComponent>	<http://www.w3.org/2002/07/owl#Class>
<http://hl7.org/fhir/AllergyIntolerance>	<http://www.w3.org/2002/07/owl#Class>
<http://hl7.org/fhir/AllergyIntolerance.assertedDate>	<http://www.w3.org/2002/07/owl#ObjectProperty>
<http://hl7.org/fhir/AllergyIntolerance.asserter>	<http://www.w3.org/2002/07/owl#ObjectProperty>
<http://hl7.org/fhir/AllergyIntolerance.category>	<http://www.w3.org/2002/07/owl#ObjectProperty>
<http://hl7.org/fhir/AllergyIntolerance.clinicalStatus>	<http://www.w3.org/2002/07/owl#ObjectProperty>
<http://hl7.org/fhir/AllergyIntolerance.code>	<http://www.w3.org/2002/07/owl#ObjectProperty>
<http://hl7.org/fhir/AllergyIntolerance.criticality>	<http://www.w3.org/2002/07/owl#ObjectProperty>
<http://hl7.org/fhir/AllergyIntolerance.identifier>	<http://www.w3.org/2002/07/owl#ObjectProperty>
<http://hl7.org/fhir/AllergyIntolerance.lastOccurrence>	<http://www.w3.org/2002/07/owl#ObjectProperty>
<http://hl7.org/fhir/AllergyIntolerance.note>	<http://www.w3.org/2002/07/owl#ObjectProperty>
<http://hl7.org/fhir/AllergyIntolerance.onset>	<http://www.w3.org/2002/07/owl#ObjectProperty>
<http://hl7.org/fhir/AllergyIntolerance.onsetAge>	<http://www.w3.org/2002/07/owl#ObjectProperty>
<http://hl7.org/fhir/AllergyIntolerance.onsetDateTime>	<http://www.w3.org/2002/07/owl#ObjectProperty>
<http://hl7.org/fhir/AllergyIntolerance.onsetPeriod>	<http://www.w3.org/2002/07/owl#ObjectProperty>
<http://hl7.org/fhir/AllergyIntolerance.onsetRange>	<http://www.w3.org/2002/07/owl#ObjectProperty>
<http://hl7.org/fhir/AllergyIntolerance.onsetString>	<http://www.w3.org/2002/07/owl#ObjectProperty>
<http://hl7.org/fhir/AllergyIntolerance.patient>	<http://www.w3.org/2002/07/owl#ObjectProperty>
<http://hl7.org/fhir/AllergyIntolerance.reaction>	<http://www.w3.org/2002/07/owl#ObjectProperty>
<http://hl7.org/fhir/AllergyIntolerance.reaction.description>	<http://www.w3.org/2002/07/owl#ObjectProperty>
<http://hl7.org/fhir/AllergyIntolerance.reaction.exposureRoute>	<http://www.w3.org/2002/07/owl#ObjectProperty>
<http://hl7.org/fhir/AllergyIntolerance.reaction.manifestation>	<http://www.w3.org/2002/07/owl#ObjectProperty>
<http://hl7.org/fhir/AllergyIntolerance.reaction.note>	<http://www.w3.org/2002/07/owl#ObjectProperty>
<http://hl7.org/fhir/AllergyIntolerance.reaction.onset>	<http://www.w3.org/2002/07/owl#ObjectProperty>
<http://hl7.org/fhir/AllergyIntolerance.reaction.severity>	<http://www.w3.org/2002/07/owl#ObjectProperty>
<http://hl7.org/fhir/AllergyIntolerance.reaction.substance>	<http://www.w3.org/2002/07/owl#ObjectProperty>
<http://hl7.org/fhir/AllergyIntolerance.recorder>	<http://www.w3.org/2002/07/owl#ObjectProperty>
<http://hl7.org/fhir/AllergyIntolerance.type>	<http://www.w3.org/2002/07/owl#ObjectProperty>
<http://hl7.org/fhir/AllergyIntolerance.verificationStatus>	<http://www.w3.org/2002/07/owl#ObjectProperty>
<http://hl7.org/fhir/AllergyIntoleranceReactionComponent>	<http://www.w3.org/2002/07/owl#Class>
<http://hl7.org/fhir/AnimalComponent>	<http://www.w3.org/2002/07/owl#Class>
<http://hl7.org/fhir/Annotation>	<http://www.w3.org/2002/07/owl#Class>
<http://hl7.org/fhir/Annotation.author>	<http://www.w3.org/2002/07/owl#ObjectProperty>
<http://hl7.org/fhir/Annotation.authorReference>	<http://www.w3.org/2002/07/owl#ObjectProperty>
<http://hl7.org/fhir/Annotation.authorString>	<http://www.w3.org/2002/07/owl#ObjectProperty>
<http://hl7.org/fhir/Annotation.text>	<http://www.w3.org/2002/07/owl#ObjectProperty>
<http://hl7.org/fhir/Annotation.time>	<http://www.w3.org/2002/07/owl#ObjectProperty>
<http://hl7.org/fhir/Appointment>	<http://www.w3.org/2002/07/owl#Class>
<http://hl7.org/fhir/Appointment.appointmentType>	<http://www.w3.org/2002/07/owl#ObjectProperty>
<http://hl7.org/fhir/Appointment.comment>	<http://www.w3.org/2002/07/owl#ObjectProperty>
<http://hl7.org/fhir/Appointment.created>	<http://www.w3.org/2002/07/owl#ObjectProperty>
<http://hl7.org/fhir/Appointment.description>	<http://www.w3.org/2002/07/owl#ObjectProperty>
<http://hl7.org/fhir/Appointment.end>	<http://www.w3.org/2002/07/owl#ObjectProperty>
<http://hl7.org/fhir/Appointment.identifier>	<http://www.w3.org/2002/07/owl#ObjectProperty>
<http://hl7.org/fhir/Appointment.incomingReferral>	<http://www.w3.org/2002/07/owl#ObjectProperty>
<http://hl7.org/fhir/Appointment.indication>	<http://www.w3.org/2002/07/owl#ObjectProperty>
<http://hl7.org/fhir/Appointment.minutesDuration>	<http://www.w3.org/2002/07/owl#ObjectProperty>
<http://hl7.org/fhir/Appointment.participant>	<http://www.w3.org/2002/07/owl#ObjectProperty>
<http://hl7.org/fhir/Appointment.participant.actor>	<http://www.w3.org/2002/07/owl#ObjectProperty>
<http://hl7.org/fhir/Appointment.participant.required>	<http://www.w3.org/2002/07/owl#ObjectProperty>
<http://hl7.org/fhir/Appointment.participant.status>	<http://www.w3.org/2002/07/owl#ObjectProperty>
<http://hl7.org/fhir/Appointment.participant.type>	<http://www.w3.org/2002/07/owl#ObjectProperty>
<http://hl7.org/fhir/Appointment.priority>	<http://www.w3.org/2002/07/owl#ObjectProperty>
<http://hl7.org/fhir/Appointment.reason>	<http://www.w3.org/2002/07/owl#ObjectProperty>
<http://hl7.org/fhir/Appointment.requestedPeriod>	<http://www.w3.org/2002/07/owl#ObjectProperty>
<http://hl7.org/fhir/Appointment.serviceCategory>	<http://www.w3.org/2002/07/owl#ObjectProperty>
<http://hl7.org/fhir/Appointment.serviceType>	<http://www.w3.org/2002/07/owl#ObjectProperty>
<http://hl7.org/fhir/Appointment.slot>	<http://www.w3.org/2002/07/owl#ObjectProperty>
<http://hl7.org/fhir/Appointment.specialty>	<http://www.w3.org/2002/07/owl#ObjectProperty>
<http://hl7.org/fhir/Appointment.start>	<http://www.w3.org/2002/07/owl#ObjectProperty>
<http://hl7.org/fhir/Appointment.status>	<http://www.w3.org/2002/07/owl#ObjectProperty>
<http://hl7.org/fhir/Appointment.supportingInformation>	<http://www.w3.org/2002/07/owl#ObjectProperty>
<http://hl7.org/fhir/AppointmentParticipantComponent>	<http://www.w3.org/2002/07/owl#Class>
<http://hl7.org/fhir/AppointmentResponse>	<http://www.w3.org/2002/07/owl#Class>
<http://hl7.org/fhir/AppointmentResponse.actor>	<http://www.w3.org/2002/07/owl#ObjectProperty>
<http://hl7.org/fhir/AppointmentResponse.appointment>	<http://www.w3.org/2002/07/owl#ObjectProperty>
<http://hl7.org/fhir/AppointmentResponse.comment>	<http://www.w3.org/2002/07/owl#ObjectProperty>
<http://hl7.org/fhir/AppointmentResponse.end>	<http://www.w3.org/2002/07/owl#ObjectProperty>
<http://hl7.org/fhir/AppointmentResponse.identifier>	<http://www.w3.org/2002/07/owl#ObjectProperty>
<http://hl7.org/fhir/AppointmentResponse.participantStatus>	<http://www.w3.org/2002/07/owl#ObjectProperty>
<http://hl7.org/fhir/AppointmentResponse.participantType>	<http://www.w3.org/2002/07/owl#ObjectProperty>
<http://hl7.org/fhir/AppointmentResponse.start>	<http://www.w3.org/2002/07/owl#ObjectProperty>
<http://hl7.org/fhir/Attachment>	<http://www.w3.org/2002/07/owl#Class>
<http://hl7.org/fhir/Attachment.contentType>	<http://www.w3.org/2002/07/owl#ObjectProperty>
<http://hl7.org/fhir/Attachment.creation>	<http://www.w3.org/2002/07/owl#ObjectProperty>
<http://hl7.org/fhir/Attachment.data>	<http://www.w3.org/2002/07/owl#ObjectProperty>
<http://hl7.org/fhir/Attachment.hash>	<http://www.w3.org/2002/07/owl#ObjectProperty>
<http://hl7.org/fhir/Attachment.language>	<http://www.w3.org/2002/07/owl#ObjectProperty>
<http://hl7.org/fhir/Attachment.size>	<http://www.w3.org/2002/07/owl#ObjectProperty>
<http://hl7.org/fhir/Attachment.title>	<http://www.w3.org/2002/07/owl#ObjectProperty>
<http://hl7.org/fhir/Attachment.url>	<http://www.w3.org/2002/07/owl#ObjectProperty>
<http://hl7.org/fhir/AuditEvent>	<http://www.w3.org/2002/07/owl#Class>
<http://hl7.org/fhir/AuditEvent.action>	<http://www.w3.org/2002/07/owl#ObjectProperty>
<http://hl7.org/fhir/AuditEvent.agent>	<http://www.w3.org/2002/07/owl#ObjectProperty>
<http://hl7.org/fhir/AuditEvent.agent.altId>	<http://www.w3.org/2002/07/owl#ObjectProperty>
<http://hl7.org/fhir/AuditEvent.agent.location>	<http://www.w3.org/2002/07/owl#ObjectProperty>
<http://hl7.org/fhir/AuditEvent.agent.media>	<http://www.w3.org/2002/07/owl#ObjectProperty>
<http://hl7.org/fhir/AuditEvent.agent.name>	<http://www.w3.org/2002/07/owl#ObjectProperty>
<http://hl7.org/fhir/AuditEvent.agent.network>	<http://www.w3.org/2002/07/owl#ObjectProperty>
<http://hl7.org/fhir/AuditEvent.agent.network.address>	<http://www.w3.org/2002/07/owl#ObjectProperty>
<http://hl7.org/fhir/AuditEvent.agent.network.type>	<http://www.w3.org/2002/07/owl#ObjectProperty>
<http://hl7.org/fhir/AuditEvent.agent.policy>	<http://www.w3.org/2002/07/owl#ObjectProperty>
<http://hl7.org/fhir/AuditEvent.agent.purposeOfUse>	<http://www.w3.org/2002/07/owl#ObjectProperty>
<http://hl7.org/fhir/AuditEvent.agent.reference>	<http://www.w3.org/2002/07/owl#ObjectProperty>
<http://hl7.org/fhir/AuditEvent.agent.requestor>	<http://www.w3.org/2002/07/owl#ObjectProperty>
<http://hl7.org/fhir/AuditEvent.agent.role>	<http://www.w3.org/2002/07/owl#ObjectProperty>
<http://hl7.org/fhir/AuditEvent.agent.userId>	<http://www.w3.org/2002/07/owl#ObjectProperty>
<http://hl7.org/fhir/AuditEvent.entity>	<http://www.w3.org/2002/07/owl#ObjectProperty>
<http://hl7.org/fhir/AuditEvent.entity.description>	<http://www.w3.org/2002/07/owl#ObjectProperty>
<http://hl7.org/fhir/AuditEvent.entity.detail>	<http://www.w3.org/2002/07/owl#ObjectProperty>
<http://hl7.org/fhir/AuditEvent.entity.detail.type>	<http://www.w3.org/2002/07/owl#ObjectProperty>
<http://hl7.org/fhir/AuditEvent.entity.detail.value>	<http://www.w3.org/2002/07/owl#ObjectProperty>
<http://hl7.org/fhir/AuditEvent.entity.identifier>	<http://www.w3.org/2002/07/owl#ObjectProperty>
<http://hl7.org/fhir/AuditEvent.entity.lifecycle>	<http://www.w3.org/2002/07/owl#ObjectProperty>
<http://hl7.org/fhir/AuditEvent.entity.name>	<http://www.w3.org/2002/07/owl#ObjectProperty>
<http://hl7.org/fhir/AuditEvent.entity.query>	<http://www.w3.org/2002/07/owl#ObjectProperty>
<http://hl7.org/fhir/AuditEvent.entity.reference>	<http://www.w3.org/2002/07/owl#ObjectProperty>
<http://hl7.org/fhir/AuditEvent.entity.role>	<http://www.w3.org/2002/07/owl#ObjectProperty>
<http://hl7.org/fhir/AuditEvent.entity.securityLabel>	<http://www.w3.org/2002/07/owl#ObjectProperty>
<http://hl7.org/fhir/AuditEvent.entity.type>	<http://www.w3.org/2002/07/owl#ObjectProperty>
<http://hl7.org/fhir/AuditEvent.outcome>	<http://www.w3.org/2002/07/owl#ObjectProperty>
<http://hl7.org/fhir/AuditEvent.outcomeDesc>	<http://www.w3.org/2002/07/owl#ObjectProperty>
<http://hl7.org/fhir/AuditEvent.purposeOfEvent>	<http://www.w3.org/2002/07/owl#ObjectProperty>
<http://hl7.org/fhir/AuditEvent.recorded>	<http://www.w3.org/2002/07/owl#ObjectProperty>
<http://hl7.org/fhir/AuditEvent.source>	<http://www.w3.org/2002/07/owl#ObjectProperty>
<http://hl7.org/fhir/AuditEvent.source.identifier>	<http://www.w3.org/2002/07/owl#ObjectProperty>
<http://hl7.org/fhir/AuditEvent.source.site>	<http://www.w3.org/2002/07/owl#ObjectProperty>
<http://hl7.org/fhir/AuditEvent.source.type>	<http://www.w3.org/2002/07/owl#ObjectProperty>
<http://hl7.org/fhir/AuditEvent.subtype>	<http://www.w3.org/2002/07/owl#ObjectProperty>
<http://hl7.org/fhir/AuditEvent.type>	<http://www.w3.org/2002/07/owl#ObjectProperty>
<http://hl7.org/fhir/AuditEventAgentComponent>	<http://www.w3.org/2002/07/owl#Class>
<http://hl7.org/fhir/AuditEventAgentNetworkComponent>	<http://www.w3.org/2002/07/owl#Class>
<http://hl7.org/fhir/AuditEventEntityComponent>	<http://www.w3.org/2002/07/owl#Class>
<http://hl7.org/fhir/AuditEventEntityDetailComponent>	<http://www.w3.org/2002/07/owl#Class>
<http://hl7.org/fhir/AuditEventSourceComponent>	<http://www.w3.org/2002/07/owl#Class>
<http://hl7.org/fhir/BackboneElement>	<http://www.w3.org/2002/07/owl#Class>
<http://hl7.org/fhir/BackboneElement.modifierExtension>	<http://www.w3.org/2002/07/owl#ObjectProperty>
<http://hl7.org/fhir/Basic>	<http://www.w3.org/2002/07/owl#Class>
<http://hl7.org/fhir/Basic.author>	<http://www.w3.org/2002/07/owl#ObjectProperty>
<http://hl7.org/fhir/Basic.code>	<http://www.w3.org/2002/07/owl#ObjectProperty>
<http://hl7.org/fhir/Basic.created>	<http://www.w3.org/2002/07/owl#ObjectProperty>
<http://hl7.org/fhir/Basic.identifier>	<http://www.w3.org/2002/07/owl#ObjectProperty>
<http://hl7.org/fhir/Basic.subject>	<http://www.w3.org/2002/07/owl#ObjectProperty>
<http://hl7.org/fhir/BenefitBalanceComponent>	<http://www.w3.org/2002/07/owl#Class>
<http://hl7.org/fhir/BenefitComponent>	<http://www.w3.org/2002/07/owl#Class>
<http://hl7.org/fhir/BenefitsComponent>	<http://www.w3.org/2002/07/owl#Class>
<http://hl7.org/fhir/Binary>	<http://www.w3.org/2002/07/owl#Class>
<http://hl7.org/fhir/Binary.content>	<http://www.w3.org/2002/07/owl#ObjectProperty>
<http://hl7.org/fhir/Binary.contentType>	<http://www.w3.org/2002/07/owl#ObjectProperty>
<http://hl7.org/fhir/Binary.securityContext>	<http://www.w3.org/2002/07/owl#ObjectProperty>
<http://hl7.org/fhir/BodySite>	<http://www.w3.org/2002/07/owl#Class>
<http://hl7.org/fhir/BodySite.active>	<http://www.w3.org/2002/07/owl#ObjectProperty>
<http://hl7.org/fhir/BodySite.code>	<http://www.w3.org/2002/07/owl#ObjectProperty>
<http://hl7.org/fhir/BodySite.description>	<http://www.w3.org/2002/07/owl#ObjectProperty>
<http://hl7.org/fhir/BodySite.identifier>	<http://www.w3.org/2002/07/owl#ObjectProperty>
<http://hl7.org/fhir/BodySite.image>	<http://www.w3.org/2002/07/owl#ObjectProperty>
<http://hl7.org/fhir/BodySite.patient>	<http://www.w3.org/2002/07/owl#ObjectProperty>
<http://hl7.org/fhir/BodySite.qualifier>	<http://www.w3.org/2002/07/owl#ObjectProperty>
<http://hl7.org/fhir/Bundle>	<http://www.w3.org/2002/07/owl#Class>
<http://hl7.org/fhir/Bundle.entry>	<http://www.w3.org/2002/07/owl#ObjectProperty>
<http://hl7.org/fhir/Bundle.entry.fullUrl>	<http://www.w3.org/2002/07/owl#ObjectProperty>
<http://hl7.org/fhir/Bundle.entry.link>	<http://www.w3.org/2002/07/owl#ObjectProperty>
<http://hl7.org/fhir/Bundle.entry.request>	<http://www.w3.org/2002/07/owl#ObjectProperty>
<http://hl7.org/fhir/Bundle.entry.request.ifMatch>	<http://www.w3.org/2002/07/owl#ObjectProperty>
<http://hl7.org/fhir/Bundle.entry.request.ifModifiedSince>	<http://www.w3.org/2002/07/owl#ObjectProperty>
<http://hl7.org/fhir/Bundle.entry.request.ifNoneExist>	<http://www.w3.org/2002/07/owl#ObjectProperty>
<http://hl7.org/fhir/Bundle.entry.request.ifNoneMatch>	<http://www.w3.org/2002/07/owl#ObjectProperty>
<http://hl7.org/fhir/Bundle.entry.request.method>	<http://www.w3.org/2002/07/owl#ObjectProperty>
<http://hl7.org/fhir/Bundle.entry.request.url>	<http://www.w3.org/2002/07/owl#ObjectProperty>
<http://hl7.org/fhir/Bundle.entry.resource>	<http://www.w3.org/2002/07/owl#ObjectProperty>
<http://hl7.org/fhir/Bundle.entry.response>	<http://www.w3.org/2002/07/owl#ObjectProperty>
<http://hl7.org/fhir/Bundle.entry.response.etag>	<http://www.w3.org/2002/07/owl#ObjectProperty>
<http://hl7.org/fhir/Bundle.entry.response.lastModified>	<http://www.w3.org/2002/07/owl#ObjectProperty>
<http://hl7.org/fhir/Bundle.entry.response.location>	<http://www.w3.org/2002/07/owl#ObjectProperty>
<http://hl7.org/fhir/Bundle.entry.response.outcome>	<http://www.w3.org/2002/07/owl#ObjectProperty>
<http://hl7.org/fhir/Bundle.entry.response.status>	<http://www.w3.org/2002/07/owl#ObjectProperty>
<http://hl7.org/fhir/Bundle.entry.search>	<http://www.w3.org/2002/07/owl#ObjectProperty>
<http://hl7.org/fhir/Bundle.entry.search.mode>	<http://www.w3.org/2002/07/owl#ObjectProperty>
<http://hl7.org/fhir/Bundle.entry.search.score>	<http://www.w3.org/2002/07/owl#ObjectProperty>
<http://hl7.org/fhir/Bundle.identifier>	<http://www.w3.org/2002/07/owl#ObjectProperty>
<http://hl7.org/fhir/Bundle.link>	<http://www.w3.org/2002/07/owl#ObjectProperty>
<http://hl7.org/fhir/Bundle.link.relation>	<http://www.w3.org/2002/07/owl#ObjectProperty>
<http://hl7.org/fhir/Bundle.link.url>	<http://www.w3.org/2002/07/owl#ObjectProperty>
<http://hl7.org/fhir/Bundle.signature>	<http://www.w3.org/2002/07/owl#ObjectProperty>
<http://hl7.org/fhir/Bundle.total>	<http://www.w3.org/2002/07/owl#ObjectProperty>
<http://hl7.org/fhir/Bundle.type>	<http://www.w3.org/2002/07/owl#ObjectProperty>
<http://hl7.org/fhir/BundleEntryComponent>	<http://www.w3.org/2002/07/owl#Class>
<http://hl7.org/fhir/BundleEntryRequestComponent>	<http://www.w3.org/2002/07/owl#Class>
<http://hl7.org/fhir/BundleEntryResponseComponent>	<http://www.w3.org/2002/07/owl#Class>
<http://hl7.org/fhir/BundleEntrySearchComponent>	<http://www.w3.org/2002/07/owl#Class>
<http://hl7.org/fhir/BundleLinkComponent>	<http://www.w3.org/2002/07/owl#Class>
<http://hl7.org/fhir/CapabilityStatement>	<http://www.w3.org/2002/07/owl#Class>
<http://hl7.org/fhir/CapabilityStatement.acceptUnknown>	<http://www.w3.org/2002/07/owl#ObjectProperty>
<http://hl7.org/fhir/CapabilityStatement.contact>	<http://www.w3.org/2002/07/owl#ObjectProperty>
<http://hl7.org/fhir/CapabilityStatement.copyright>	<http://www.w3.org/2002/07/owl#ObjectProperty>
<http://hl7.org/fhir/CapabilityStatement.date>	<http://www.w3.org/2002/07/owl#ObjectProperty>
<http://hl7.org/fhir/CapabilityStatement.description>	<http://www.w3.org/2002/07/owl#ObjectProperty>
<http://hl7.org/fhir/CapabilityStatement.document>	<http://www.w3.org/2002/07/owl#ObjectProperty>
<http://hl7.org/fhir/CapabilityStatement.document.documentation>	<http://www.w3.org/2002/07/owl#ObjectProperty>
<http://hl7.org/fhir/CapabilityStatement.document.mode>	<http://www.w3.org/2002/07/owl#ObjectProperty>
<http://hl7.org/fhir/CapabilityStatement.document.profile>	<http://www.w3.org/2002/07/owl#ObjectProperty>
<http://hl7.org/fhir/CapabilityStatement.experimental>	<http://www.w3.org/2002/07/owl#ObjectProperty>
<http://hl7.org/fhir/CapabilityStatement.fhirVersion>	<http://www.w3.org/2002/07/owl#ObjectProperty>
<http://hl7.org/fhir/CapabilityStatement.format>	<http://www.w3.org/2002/07/owl#ObjectProperty>
<http://hl7.org/fhir/CapabilityStatement.implementation>	<http://www.w3.org/2002/07/owl#ObjectProperty>
<http://hl7.org/fhir/CapabilityStatement.implementation.description>	<http://www.w3.org/2002/07/owl#ObjectProperty>
<http://hl7.org/fhir/CapabilityStatement.implementation.url>	<http://www.w3.org/2002/07/owl#ObjectProperty>
<http://hl7.org/fhir/CapabilityStatement.implementationGuide>	<http://www.w3.org/2002/07/owl#ObjectProperty>
<http://hl7.org/fhir/CapabilityStatement.instantiates>	<http://www.w3.org/2002/07/owl#ObjectProperty>
<http://hl7.org/fhir/CapabilityStatement.jurisdiction>	<http://www.w3.org/2002/07/owl#ObjectProperty>
<http://hl7.org/fhir/CapabilityStatement.kind>	<http://www.w3.org/2002/07/owl#ObjectProperty>
<http://hl7.org/fhir/CapabilityStatement.messaging>	<http://www.w3.org/2002/07/owl#ObjectProperty>
<http://hl7.org/fhir/CapabilityStatement.messaging.documentation>	<http://www.w3.org/2002/07/owl#ObjectProperty>
<http://hl7.org/fhir/CapabilityStatement.messaging.endpoint>	<http://www.w3.org/2002/07/owl#ObjectProperty>
<http://hl7.org/fhir/CapabilityStatement.messaging.endpoint.address>	<http://www.w3.org/2002/07/owl#ObjectProperty>
<http://hl7.org/fhir/CapabilityStatement.messaging.endpoint.protocol>	<http://www.w3.org/2002/07/owl#ObjectProperty>
<http://hl7.org/fhir/CapabilityStatement.messaging.event>	<http://www.w3.org/2002/07/owl#ObjectProperty>
<http://hl7.org/fhir/CapabilityStatement.messaging.event.category>	<http://www.w3.org/2002/07/owl#ObjectProperty>
<http://hl7.org/fhir/CapabilityStatement.messaging.event.code>	<http://www.w3.org/2002/07/owl#ObjectProperty>
<http://hl7.org/fhir/CapabilityStatement.messaging.event.documentation>	<http://www.w3.org/2002/07/owl#ObjectProperty>
<http://hl7.org/fhir/CapabilityStatement.messaging.event.focus>	<http://www.w3.org/2002/07/owl#ObjectProperty>
<http://hl7.org/fhir/CapabilityStatement.messaging.event.mode>	<http://www.w3.org/2002/07/owl#ObjectProperty>
<http://hl7.org/fhir/CapabilityStatement.messaging.event.request>	<http://www.w3.org/2002/07/owl#ObjectProperty>
<http://hl7.org/fhir/CapabilityStatement.messaging.event.response>	<http://www.w3.org/2002/07/owl#ObjectProperty>
<http://hl7.org/fhir/CapabilityStatement.messaging.reliableCache>	<http://www.w3.org/2002/07/owl#ObjectProperty>
<http://hl7.org/fhir/CapabilityStatement.messaging.supportedMessage>	<http://www.w3.org/2002/07/owl#ObjectProperty>
<http://hl7.org/fhir/CapabilityStatement.messaging.supportedMessage.definition>	<http://www.w3.org/2002/07/owl#ObjectProperty>
<http://hl7.org/fhir/CapabilityStatement.messaging.supportedMessage.mode>	<http://www.w3.org/2002/07/owl#ObjectProperty>
<http://hl7.org/fhir/CapabilityStatement.name>	<http://www.w3.org/2002/07/owl#ObjectProperty>
<http://hl7.org/fhir/CapabilityStatement.patchFormat>	<http://www.w3.org/2002/07/owl#ObjectProperty>
<http://hl7.org/fhir/CapabilityStatement.profile>	<http://www.w3.org/2002/07/owl#ObjectProperty>
<http://hl7.org/fhir/CapabilityStatement.publisher>	<http://www.w3.org/2002/07/owl#ObjectProperty>
<http://hl7.org/fhir/CapabilityStatement.purpose>	<http://www.w3.org/2002/07/owl#ObjectProperty>
<http://hl7.org/fhir/CapabilityStatement.rest>	<http://www.w3.org/2002/07/owl#ObjectProperty>
<http://hl7.org/fhir/CapabilityStatement.rest.compartment>	<http://www.w3.org/2002/07/owl#ObjectProperty>
<http://hl7.org/fhir/CapabilityStatement.rest.documentation>	<http://www.w3.org/2002/07/owl#ObjectProperty>
<http://hl7.org/fhir/CapabilityStatement.rest.interaction>	<http://www.w3.org/2002/07/owl#ObjectProperty>
<http://hl7.org/fhir/CapabilityStatement.rest.interaction.code>	<http://www.w3.org/2002/07/owl#ObjectProperty>
<http://hl7.org/fhir/CapabilityStatement.rest.interaction.documentation>	<http://www.w3.org/2002/07/owl#ObjectProperty>
<http://hl7.org/fhir/CapabilityStatement.rest.mode>	<http://www.w3.org/2002/07/owl#ObjectProperty>
<http://hl7.org/fhir/CapabilityStatement.rest.operation>	<http://www.w3.org/2002/07/owl#ObjectProperty>
<http://hl7.org/fhir/CapabilityStatement.rest.operation.definition>	<http://www.w3.org/2002/07/owl#ObjectProperty>
<http://hl7.org/fhir/CapabilityStatement.rest.operation.name>	<http://www.w3.org/2002/07/owl#ObjectProperty>
<http://hl7.org/fhir/CapabilityStatement.rest.resource>	<http://www.w3.org/2002/07/owl#ObjectProperty>
<http://hl7.org/fhir/CapabilityStatement.rest.resource.conditionalCreate>	<http://www.w3.org/2002/07/owl#ObjectProperty>
<http://hl7.org/fhir/CapabilityStatement.rest.resource.conditionalDelete>	<http://www.w3.org/2002/07/owl#ObjectProperty>
<http://hl7.org/fhir/CapabilityStatement.rest.resource.conditionalRead>	<http://www.w3.org/2002/07/owl#ObjectProperty>
<http://hl7.org/fhir/CapabilityStatement.rest.resource.conditionalUpdate>	<http://www.w3.org/2002/07/owl#ObjectProperty>
<http://hl7.org/fhir/CapabilityStatement.rest.resource.documentation>	<http://www.w3.org/2002/07/owl#ObjectProperty>
<http://hl7.org/fhir/CapabilityStatement.rest.resource.interaction>	<http://www.w3.org/2002/07/owl#ObjectProperty>
<http://hl7.org/fhir/CapabilityStatement.rest.resource.interaction.code>	<http://www.w3.org/2002/07/owl#ObjectProperty>
<http://hl7.org/fhir/CapabilityStatement.rest.resource.interaction.documentation>	<http://www.w3.org/2002/07/owl#ObjectProperty>
<http://hl7.org/fhir/CapabilityStatement.rest.resource.profile>	<http://www.w3.org/2002/07/owl#ObjectProperty>
<http://hl7.org/fhir/CapabilityStatement.rest.resource.readHistory>	<http://www.w3.org/2002/07/owl#ObjectProperty>
<http://hl7.org/fhir/CapabilityStatement.rest.resource.referencePolicy>	<http://www.w3.org/2002/07/owl#ObjectProperty>
<http://hl7.org/fhir/CapabilityStatement.rest.resource.searchInclude>	<http://www.w3.org/2002/07/owl#ObjectProperty>
<http://hl7.org/fhir/CapabilityStatement.rest.resource.searchParam>	<http://www.w3.org/2002/07/owl#ObjectProperty>
<http://hl7.org/fhir/CapabilityStatement.rest.resource.searchParam.definition>	<http://www.w3.org/2002/07/owl#ObjectProperty>
<http://hl7.org/fhir/CapabilityStatement.rest.resource.searchParam.documentation>	<http://www.w3.org/2002/07/owl#ObjectProperty>
<http://hl7.org/fhir/CapabilityStatement.rest.resource.searchParam.name>	<http://www.w3.org/2002/07/owl#ObjectProperty>
<http://hl7.org/fhir/CapabilityStatement.rest.resource.searchParam.type>	<http://www.w3.org/2002/07/owl#ObjectProperty>
<http://hl7.org/fhir/CapabilityStatement.rest.resource.searchRevInclude>	<http://www.w3.org/2002/07/owl#ObjectProperty>
<http://hl7.org/fhir/CapabilityStatement.rest.resource.type>	<http://www.w3.org/2002/07/owl#ObjectProperty>
<http://hl7.org/fhir/CapabilityStatement.rest.resource.updateCreate>	<http://www.w3.org/2002/07/owl#ObjectProperty>
<http://hl7.org/fhir/CapabilityStatement.rest.resource.versioning>	<http://www.w3.org/2002/07/owl#ObjectProperty>
<http://hl7.org/fhir/CapabilityStatement.rest.searchParam>	<http://www.w3.org/2002/07/owl#ObjectProperty>
<http://hl7.org/fhir/CapabilityStatement.rest.security>	<http://www.w3.org/2002/07/owl#ObjectProperty>
<http://hl7.org/fhir/CapabilityStatement.rest.security.certificate>	<http://www.w3.org/2002/07/owl#ObjectProperty>
<http://hl7.org/fhir/CapabilityStatement.rest.security.certificate.blob>	<http://www.w3.org/2002/07/owl#ObjectProperty>
<http://hl7.org/fhir/CapabilityStatement.rest.security.certificate.type>	<http://www.w3.org/2002/07/owl#ObjectProperty>
<http://hl7.org/fhir/CapabilityStatement.rest.security.cors>	<http://www.w3.org/2002/07/owl#ObjectProperty>
<http://hl7.org/fhir/CapabilityStatement.rest.security.description>	<http://www.w3.org/2002/07/owl#ObjectProperty>
<http://hl7.org/fhir/CapabilityStatement.rest.security.service>	<http://www.w3.org/2002/07/owl#ObjectProperty>
<http://hl7.org/fhir/CapabilityStatement.software>	<http://www.w3.org/2002/07/owl#ObjectProperty>
<http://hl7.org/fhir/CapabilityStatement.software.name>	<http://www.w3.org/2002/07/owl#ObjectProperty>
<http://hl7.org/fhir/CapabilityStatement.software.releaseDate>	<http://www.w3.org/2002/07/owl#ObjectProperty>
<http://hl7.org/fhir/CapabilityStatement.software.version>	<http://www.w3.org/2002/07/owl#ObjectProperty>
<http://hl7.org/fhir/CapabilityStatement.status>	<http://www.w3.org/2002/07/owl#ObjectProperty>
<http://hl7.org/fhir/CapabilityStatement.title>	<http://www.w3.org/2002/07/owl#ObjectProperty>
<http://hl7.org/fhir/CapabilityStatement.url>	<http://www.w3.org/2002/07/owl#ObjectProperty>
<http://hl7.org/fhir/CapabilityStatement.useContext>	<http://www.w3.org/2002/07/owl#ObjectProperty>
<http://hl7.org/fhir/CapabilityStatement.version>	<http://www.w3.org/2002/07/owl#ObjectProperty>
<http://hl7.org/fhir/CapabilityStatementDocumentComponent>	<http://www.w3.org/2002/07/owl#Class>
<http://hl7.org/fhir/CapabilityStatementImplementationComponent>	<http://www.w3.org/2002/07/owl#Class>
<http://hl7.org/fhir/CapabilityStatementMessagingComponent>	<http://www.w3.org/2002/07/owl#Class>
<http://hl7.org/fhir/CapabilityStatementMessagingEndpointComponent>	<http://www.w3.org/2002/07/owl#Class>
<http://hl7.org/fhir/CapabilityStatementMessagingEventComponent>	<http://www.w3.org/2002/07/owl#Class>
<http://hl7.org/fhir/CapabilityStatementMessagingSupportedMessageComponent>	<http://www.w3.org/2002/07/owl#Class>
<http://hl7.org/fhir/CapabilityStatementRestComponent>	<http://www.w3.org/2002/07/owl#Class>
<http://hl7.org/fhir/CapabilityStatementRestOperationComponent>	<http://www.w3.org/2002/07/owl#Class>
<http://hl7.org/fhir/CapabilityStatementRestResourceComponent>	<http://www.w3.org/2002/07/owl#Class>
<http://hl7.org/fhir/CapabilityStatementRestResourceSearchParamComponent>	<http://www.w3.org/2002/07/owl#Class>
<http://hl7.org/fhir/CapabilityStatementRestSecurityCertificateComponent>	<http://www.w3.org/2002/07/owl#Class>
<http://hl7.org/fhir/CapabilityStatementRestSecurityComponent>	<http://www.w3.org/2002/07/owl#Class>
<http://hl7.org/fhir/CapabilityStatementSoftwareComponent>	<http://www.w3.org/2002/07/owl#Class>
<http://hl7.org/fhir/CarePlan>	<http://www.w3.org/2002/07/owl#Class>
<http://hl7.org/fhir/CarePlan.activity>	<http://www.w3.org/2002/07/owl#ObjectProperty>
<http://hl7.org/fhir/CarePlan.activity.detail>	<http://www.w3.org/2002/07/owl#ObjectProperty>
<http://hl7.org/fhir/CarePlan.activity.detail.category>	<http://www.w3.org/2002/07/owl#ObjectProperty>
<http://hl7.org/fhir/CarePlan.activity.detail.code>	<http://www.w3.org/2002/07/owl#ObjectProperty>
<http://hl7.org/fhir/CarePlan.activity.detail.dailyAmount>	<http://www.w3.org/2002/07/owl#ObjectProperty>
<http://hl7.org/fhir/CarePlan.activity.detail.definition>	<http://www.w3.org/2002/07/owl#ObjectProperty>
<http://hl7.org/fhir/CarePlan.activity.detail.description>	<http://www.w3.org/2002/07/owl#ObjectProperty>
<http://hl7.org/fhir/CarePlan.activity.detail.goal>	<http://www.w3.org/2002/07/owl#ObjectProperty>
<http://hl7.org/fhir/CarePlan.activity.detail.location>	<http://www.w3.org/2002/07/owl#ObjectProperty>
<http://hl7.org/fhir/CarePlan.activity.detail.performer>	<http://www.w3.org/2002/07/owl#ObjectProperty>
<http://hl7.org/fhir/CarePlan.activity.detail.product>	<http://www.w3.org/2002/07/owl#ObjectProperty>
<http://hl7.org/fhir/CarePlan.activity.detail.productCodeableConcept>	<http://www.w3.org/2002/07/owl#ObjectProperty>
<http://hl7.org/fhir/CarePlan.activity.detail.productReference>	<http://www.w3.org/2002/07/owl#ObjectProperty>
<http://hl7.org/fhir/CarePlan.activity.detail.prohibited>	<http://www.w3.org/2002/07/owl#ObjectProperty>
<http://hl7.org/fhir/CarePlan.activity.detail.quantity>	<http://www.w3.org/2002/07/owl#ObjectProperty>
<http://hl7.org/fhir/CarePlan.activity.detail.reasonCode>	<http://www.w3.org/2002/07/owl#ObjectProperty>
<http://hl7.org/fhir/CarePlan.activity.detail.reasonReference>	<http://www.w3.org/2002/07/owl#ObjectProperty>
<http://hl7.org/fhir/CarePlan.activity.detail.scheduled>	<http://www.w3.org/2002/07/owl#ObjectProperty>
<http://hl7.org/fhir/CarePlan.activity.detail.scheduledPeriod>	<http://www.w3.org/2002/07/owl#ObjectProperty>
<http://hl7.org/fhir/CarePlan.activity.detail.scheduledString>	<http://www.w3.org/2002/07/owl#ObjectProperty>
<http://hl7.org/fhir/CarePlan.activity.detail.scheduledTiming>	<http://www.w3.org/2002/07/owl#ObjectProperty>
<http://hl7.org/fhir/CarePlan.activity.detail.status>	<http://www.w3.org/2002/07/owl#ObjectProperty>
<http://hl7.org/fhir/CarePlan.activity.detail.statusReason>	<http://www.w3.org/2002/07/owl#ObjectProperty>
<http://hl7.org/fhir/CarePlan.activity.outcomeCodeableConcept>	<http://www.w3.org/2002/07/owl#ObjectProperty>
<http://hl7.org/fhir/CarePlan.activity.outcomeReference>	<http://www.w3.org/2002/07/owl#ObjectProperty>
<http://hl7.org/fhir/CarePlan.activity.progress>	<http://www.w3.org/2002/07/owl#ObjectProperty>
<http://hl7.org/fhir/CarePlan.activity.reference>	<http://www.w3.org/2002/07/owl#ObjectProperty>
<http://hl7.org/fhir/CarePlan.addresses>	<http://www.w3.org/2002/07/owl#ObjectProperty>
<http://hl7.org/fhir/CarePlan.author>	<http://www.w3.org/2002/07/owl#ObjectProperty>
<http://hl7.org/fhir/CarePlan.basedOn>	<http://www.w3.org/2002/07/owl#ObjectProperty>
<http://hl7.org/fhir/CarePlan.careTeam>	<http://www.w3.org/2002/07/owl#ObjectProperty>
<http://hl7.org/fhir/CarePlan.category>	<http://www.w3.org/2002/07/owl#ObjectProperty>
<http://hl7.org/fhir/CarePlan.context>	<http://www.w3.org/2002/07/owl#ObjectProperty>
<http://hl7.org/fhir/CarePlan.definition>	<http://www.w3.org/2002/07/owl#ObjectProperty>
<http://hl7.org/fhir/CarePlan.description>	<http://www.w3.org/2002/07/owl#ObjectProperty>
<http://hl7.org/fhir/CarePlan.goal>	<http://www.w3.org/2002/07/owl#ObjectProperty>
<http://hl7.org/fhir/CarePlan.identifier>	<http://www.w3.org/2002/07/owl#ObjectProperty>
<http://hl7.org/fhir/CarePlan.intent>	<http://www.w3.org/2002/07/owl#ObjectProperty>
<http://hl7.org/fhir/CarePlan.note>	<http://www.w3.org/2002/07/owl#ObjectProperty>
<http://hl7.org/fhir/CarePlan.partOf>	<http://www.w3.org/2002/07/owl#ObjectProperty>
<http://hl7.org/fhir/CarePlan.period>	<http://www.w3.org/2002/07/owl#ObjectProperty>
<http://hl7.org/fhir/CarePlan.replaces>	<http://www.w3.org/2002/07/owl#ObjectProperty>
<http://hl7.org/fhir/CarePlan.status>	<http://www.w3.org/2002/07/owl#ObjectProperty>
<http://hl7.org/fhir/CarePlan.subject>	<http://www.w3.org/2002/07/owl#ObjectProperty>
<http://hl7.org/fhir/CarePlan.supportingInfo>	<http://www.w3.org/2002/07/owl#ObjectProperty>
<http://hl7.org/fhir/CarePlan.title>	<http://www.w3.org/2002/07/owl#ObjectProperty>
<http://hl7.org/fhir/CarePlanActivityComponent>	<http://www.w3.org/2002/07/owl#Class>
<http://hl7.org/fhir/CarePlanActivityDetailComponent>	<http://www.w3.org/2002/07/owl#Class>
<http://hl7.org/fhir/CareTeam>	<http://www.w3.org/2002/07/owl#Class>
<http://hl7.org/fhir/CareTeam.category>	<http://www.w3.org/2002/07/owl#ObjectProperty>
<http://hl7.org/fhir/CareTeam.context>	<http://www.w3.org/2002/07/owl#ObjectProperty>
<http://hl7.org/fhir/CareTeam.identifier>	<http://www.w3.org/2002/07/owl#ObjectProperty>
<http://hl7.org/fhir/CareTeam.managingOrganization>	<http://www.w3.org/2002/07/owl#ObjectProperty>
<http://hl7.org/fhir/CareTeam.name>	<http://www.w3.org/2002/07/owl#ObjectProperty>
<http://hl7.org/fhir/CareTeam.note>	<http://www.w3.org/2002/07/owl#ObjectProperty>
<http://hl7.org/fhir/CareTeam.participant>	<http://www.w3.org/2002/07/owl#ObjectProperty>
<http://hl7.org/fhir/CareTeam.participant.member>	<http://www.w3.org/2002/07/owl#ObjectProperty>
<http://hl7.org/fhir/CareTeam.participant.onBehalfOf>	<http://www.w3.org/2002/07/owl#ObjectProperty>
<http://hl7.org/fhir/CareTeam.participant.period>	<http://www.w3.org/2002/07/owl#ObjectProperty>
<http://hl7.org/fhir/CareTeam.participant.role>	<http://www.w3.org/2002/07/owl#ObjectProperty>
<http://hl7.org/fhir/CareTeam.period>	<http://www.w3.org/2002/07/owl#ObjectProperty>
<http://hl7.org/fhir/CareTeam.reasonCode>	<http://www.w3.org/2002/07/owl#ObjectProperty>
<http://hl7.org/fhir/CareTeam.reasonReference>	<http://www.w3.org/2002/07/owl#ObjectProperty>
<http://hl7.org/fhir/CareTeam.status>	<http://www.w3.org/2002/07/owl#ObjectProperty>
<http://hl7.org/fhir/CareTeam.subject>	<http://www.w3.org/2002/07/owl#ObjectProperty>
<http://hl7.org/fhir/CareTeamComponent>	<http://www.w3.org/2002/07/owl#Class>
<http://hl7.org/fhir/CareTeamParticipantComponent>	<http://www.w3.org/2002/07/owl#Class>
<http://hl7.org/fhir/ChargeItem>	<http://www.w3.org/2002/07/owl#Class>
<http://hl7.org/fhir/ChargeItem.account>	<http://www.w3.org/2002/07/owl#ObjectProperty>
<http://hl7.org/fhir/ChargeItem.bodysite>	<http://www.w3.org/2002/07/owl#ObjectProperty>
<http://hl7.org/fhir/ChargeItem.code>	<http://www.w3.org/2002/07/owl#ObjectProperty>
<http://hl7.org/fhir/ChargeItem.context>	<http://www.w3.org/2002/07/owl#ObjectProperty>
<http://hl7.org/fhir/ChargeItem.definition>	<http://www.w3.org/2002/07/owl#ObjectProperty>
<http://hl7.org/fhir/ChargeItem.enteredDate>	<http://www.w3.org/2002/07/owl#ObjectProperty>
<http://hl7.org/fhir/ChargeItem.enterer>	<http://www.w3.org/2002/07/owl#ObjectProperty>
<http://hl7.org/fhir/ChargeItem.factorOverride>	<http://www.w3.org/2002/07/owl#ObjectProperty>
<http://hl7.org/fhir/ChargeItem.identifier>	<http://www.w3.org/2002/07/owl#ObjectProperty>
<http://hl7.org/fhir/ChargeItem.note>	<http://www.w3.org/2002/07/owl#ObjectProperty>
<http://hl7.org/fhir/ChargeItem.occurrence>	<http://www.w3.org/2002/07/owl#ObjectProperty>
<http://hl7.org/fhir/ChargeItem.occurrenceDateTime>	<http://www.w3.org/2002/07/owl#ObjectProperty>
<http://hl7.org/fhir/ChargeItem.occurrencePeriod>	<http://www.w3.org/2002/07/owl#ObjectProperty>
<http://hl7.org/fhir/ChargeItem.occurrenceTiming>	<http://www.w3.org/2002/07/owl#ObjectProperty>
<http://hl7.org/fhir/ChargeItem.overrideReason>	<http://www.w3.org/2002/07/owl#ObjectProperty>
<http://hl7.org/fhir/ChargeItem.partOf>	<http://www.w3.org/2002/07/owl#ObjectProperty>
<http://hl7.org/fhir/ChargeItem.participant>	<http://www.w3.org/2002/07/owl#ObjectProperty>
<http://hl7.org/fhir/ChargeItem.participant.actor>	<http://www.w3.org/2002/07/owl#ObjectProperty>
<http://hl7.org/fhir/ChargeItem.participant.role>	<http://www.w3.org/2002/07/owl#ObjectProperty>
<http://hl7.org/fhir/ChargeItem.performingOrganization>	<http://www.w3.org/2002/07/owl#ObjectProperty>
<http://hl7.org/fhir/ChargeItem.priceOverride>	<http://www.w3.org/2002/07/owl#ObjectProperty>
<http://hl7.org/fhir/ChargeItem.quantity>	<http://www.w3.org/2002/07/owl#ObjectProperty>
<http://hl7.org/fhir/ChargeItem.reason>	<http://www.w3.org/2002/07/owl#ObjectProperty>
<http://hl7.org/fhir/ChargeItem.requestingOrganization>	<http://www.w3.org/2002/07/owl#ObjectProperty>
<http://hl7.org/fhir/ChargeItem.service>	<http://www.w3.org/2002/07/owl#ObjectProperty>
<http://hl7.org/fhir/ChargeItem.status>	<http://www.w3.org/2002/07/owl#ObjectProperty>
<http://hl7.org/fhir/ChargeItem.subject>	<http://www.w3.org/2002/07/owl#ObjectProperty>
<http://hl7.org/fhir/ChargeItem.supportingInformation>	<http://www.w3.org/2002/07/owl#ObjectProperty>
<http://hl7.org/fhir/ChargeItemParticipantComponent>	<http://www.w3.org/2002/07/owl#Class>
<http://hl7.org/fhir/Claim>	<http://www.w3.org/2002/07/owl#Class>
<http://hl7.org/fhir/Claim.accident>	<http://www.w3.org/2002/07/owl#ObjectProperty>
<http://hl7.org/fhir/Claim.accident.date>	<http://www.w3.org/2002/07/owl#ObjectProperty>
<http://hl7.org/fhir/Claim.accident.location>	<http://www.w3.org/2002/07/owl#ObjectProperty>
<http://hl7.org/fhir/Claim.accident.locationAddress>	<http://www.w3.org/2002/07/owl#ObjectProperty>
<http://hl7.org/fhir/Claim.accident.locationReference>	<http://www.w3.org/2002/07/owl#ObjectProperty>
<http://hl7.org/fhir/Claim.accident.type>	<http://www.w3.org/2002/07/owl#ObjectProperty>
<http://hl7.org/fhir/Claim.billablePeriod>	<http://www.w3.org/2002/07/owl#ObjectProperty>
<http://hl7.org/fhir/Claim.careTeam>	<http://www.w3.org/2002/07/owl#ObjectProperty>
<http://hl7.org/fhir/Claim.careTeam.provider>	<http://www.w3.org/2002/07/owl#ObjectProperty>
<http://hl7.org/fhir/Claim.careTeam.qualification>	<http://www.w3.org/2002/07/owl#ObjectProperty>
<http://hl7.org/fhir/Claim.careTeam.responsible>	<http://www.w3.org/2002/07/owl#ObjectProperty>
<http://hl7.org/fhir/Claim.careTeam.role>	<http://www.w3.org/2002/07/owl#ObjectProperty>
<http://hl7.org/fhir/Claim.careTeam.sequence>	<http://www.w3.org/2002/07/owl#ObjectProperty>
<http://hl7.org/fhir/Claim.created>	<http://www.w3.org/2002/07/owl#ObjectProperty>
<http://hl7.org/fhir/Claim.diagnosis>	<http://www.w3.org/2002/07/owl#ObjectProperty>
<http://hl7.org/fhir/Claim.diagnosis.diagnosis>	<http://www.w3.org/2002/07/owl#ObjectProperty>
<http://hl7.org/fhir/Claim.diagnosis.diagnosisCodeableConcept>	<http://www.w3.org/2002/07/owl#ObjectProperty>
<http://hl7.org/fhir/Claim.diagnosis.diagnosisReference>	<http://www.w3.org/2002/07/owl#ObjectProperty>
<http://hl7.org/fhir/Claim.diagnosis.packageCode>	<http://www.w3.org/2002/07/owl#ObjectProperty>
<http://hl7.org/fhir/Claim.diagnosis.sequence>	<http://www.w3.org/2002/07/owl#ObjectProperty>
<http://hl7.org/fhir/Claim.diagnosis.type>	<http://www.w3.org/2002/07/owl#ObjectProperty>
<http://hl7.org/fhir/Claim.employmentImpacted>	<http://www.w3.org/2002/07/owl#ObjectProperty>
<http://hl7.org/fhir/Claim.enterer>	<http://www.w3.org/2002/07/owl#ObjectProperty>
<http://hl7.org/fhir/Claim.facility>	<http://www.w3.org/2002/07/owl#ObjectProperty>
<http://hl7.org/fhir/Claim.fundsReserve>	<http://www.w3.org/2002/07/owl#ObjectProperty>
<http://hl7.org/fhir/Claim.hospitalization>	<http://www.w3.org/2002/07/owl#ObjectProperty>
<http://hl7.org/fhir/Claim.identifier>	<http://www.w3.org/2002/07/owl#ObjectProperty>
<http://hl7.org/fhir/Claim.information>	<http://www.w3.org/2002/07/owl#ObjectProperty>
<http://hl7.org/fhir/Claim.information.category>	<http://www.w3.org/2002/07/owl#ObjectProperty>
<http://hl7.org/fhir/Claim.information.code>	<http://www.w3.org/2002/07/owl#ObjectProperty>
<http://hl7.org/fhir/Claim.information.reason>	<http://www.w3.org/2002/07/owl#ObjectProperty>
<http://hl7.org/fhir/Claim.information.sequence>	<http://www.w3.org/2002/07/owl#ObjectProperty>
<http://hl7.org/fhir/Claim.information.timing>	<http://www.w3.org/2002/07/owl#ObjectProperty>
<http://hl7.org/fhir/Claim.information.timingDate>	<http://www.w3.org/2002/07/owl#ObjectProperty>
<http://hl7.org/fhir/Claim.information.timingPeriod>	<http://www.w3.org/2002/07/owl#ObjectProperty>
<http://hl7.org/fhir/Claim.information.value>	<http://www.w3.org/2002/07/owl#ObjectProperty>
<http://hl7.org/fhir/Claim.information.valueAttachment>	<http://www.w3.org/2002/07/owl#ObjectProperty>
<http://hl7.org/fhir/Claim.information.valueQuantity>	<http://www.w3.org/2002/07/owl#ObjectProperty>
<http://hl7.org/fhir/Claim.information.valueReference>	<http://www.w3.org/2002/07/owl#ObjectProperty>
<http://hl7.org/fhir/Claim.information.valueString>	<http://www.w3.org/2002/07/owl#ObjectProperty>
<http://hl7.org/fhir/Claim.insurance>	<http://www.w3.org/2002/07/owl#ObjectProperty>
<http://hl7.org/fhir/Claim.insurance.businessArrangement>	<http://www.w3.org/2002/07/owl#ObjectProperty>
<http://hl7.org/fhir/Claim.insurance.claimResponse>	<http://www.w3.org/2002/07/owl#ObjectProperty>
<http://hl7.org/fhir/Claim.insurance.coverage>	<http://www.w3.org/2002/07/owl#ObjectProperty>
<http://hl7.org/fhir/Claim.insurance.focal>	<http://www.w3.org/2002/07/owl#ObjectProperty>
<http://hl7.org/fhir/Claim.insurance.preAuthRef>	<http://www.w3.org/2002/07/owl#ObjectProperty>
<http://hl7.org/fhir/Claim.insurance.sequence>	<http://www.w3.org/2002/07/owl#ObjectProperty>
<http://hl7.org/fhir/Claim.insurer>	<http://www.w3.org/2002/07/owl#ObjectProperty>
<http://hl7.org/fhir/Claim.item>	<http://www.w3.org/2002/07/owl#ObjectProperty>
<http://hl7.org/fhir/Claim.item.bodySite>	<http://www.w3.org/2002/07/owl#ObjectProperty>
<http://hl7.org/fhir/Claim.item.careTeamLinkId>	<http://www.w3.org/2002/07/owl#ObjectProperty>
<http://hl7.org/fhir/Claim.item.category>	<http://www.w3.org/2002/07/owl#ObjectProperty>
<http://hl7.org/fhir/Claim.item.detail>	<http://www.w3.org/2002/07/owl#ObjectProperty>
<http://hl7.org/fhir/Claim.item.detail.category>	<http://www.w3.org/2002/07/owl#ObjectProperty>
<http://hl7.org/fhir/Claim.item.detail.factor>	<http://www.w3.org/2002/07/owl#ObjectProperty>
<http://hl7.org/fhir/Claim.item.detail.modifier>	<http://www.w3.org/2002/07/owl#ObjectProperty>
<http://hl7.org/fhir/Claim.item.detail.net>	<http://www.w3.org/2002/07/owl#ObjectProperty>
<http://hl7.org/fhir/Claim.item.detail.programCode>	<http://www.w3.org/2002/07/owl#ObjectProperty>
<http://hl7.org/fhir/Claim.item.detail.quantity>	<http://www.w3.org/2002/07/owl#ObjectProperty>
<http://hl7.org/fhir/Claim.item.detail.revenue>	<http://www.w3.org/2002/07/owl#ObjectProperty>
<http://hl7.org/fhir/Claim.item.detail.sequence>	<http://www.w3.org/2002/07/owl#ObjectProperty>
<http://hl7.org/fhir/Claim.item.detail.service>	<http://www.w3.org/2002/07/owl#ObjectProperty>
<http://hl7.org/fhir/Claim.item.detail.subDetail>	<http://www.w3.org/2002/07/owl#ObjectProperty>
<http://hl7.org/fhir/Claim.item.detail.subDetail.category>	<http://www.w3.org/2002/07/owl#ObjectProperty>
<http://hl7.org/fhir/Claim.item.detail.subDetail.factor>	<http://www.w3.org/2002/07/owl#ObjectProperty>
<http://hl7.org/fhir/Claim.item.detail.subDetail.modifier>	<http://www.w3.org/2002/07/owl#ObjectProperty>
<http://hl7.org/fhir/Claim.item.detail.subDetail.net>	<http://www.w3.org/2002/07/owl#ObjectProperty>
<http://hl7.org/fhir/Claim.item.detail.subDetail.programCode>	<http://www.w3.org/2002/07/owl#ObjectProperty>
<http://hl7.org/fhir/Claim.item.detail.subDetail.quantity>	<http://www.w3.org/2002/07/owl#ObjectProperty>
<http://hl7.org/fhir/Claim.item.detail.subDetail.revenue>	<http://www.w3.org/2002/07/owl#ObjectProperty>
<http://hl7.org/fhir/Claim.item.detail.subDetail.sequence>	<http://www.w3.org/2002/07/owl#ObjectProperty>
<http://hl7.org/fhir/Claim.item.detail.subDetail.service>	<http://www.w3.org/2002/07/owl#ObjectProperty>
<http://hl7.org/fhir/Claim.item.detail.subDetail.udi>	<http://www.w3.org/2002/07/owl#ObjectProperty>
<http://hl7.org/fhir/Claim.item.detail.subDetail.unitPrice>	<http://www.w3.org/2002/07/owl#ObjectProperty>
<http://hl7.org/fhir/Claim.item.detail.udi>	<http://www.w3.org/2002/07/owl#ObjectProperty>
<http://hl7.org/fhir/Claim.item.detail.unitPrice>	<http://www.w3.org/2002/07/owl#ObjectProperty>
<http://hl7.org/fhir/Claim.item.diagnosisLinkId>	<http://www.w3.org/2002/07/owl#ObjectProperty>
<http://hl7.org/fhir/Claim.item.encounter>	<http://www.w3.org/2002/07/owl#ObjectProperty>
<http://hl7.org/fhir/Claim.item.factor>	<http://www.w3.org/2002/07/owl#ObjectProperty>
<http://hl7.org/fhir/Claim.item.informationLinkId>	<http://www.w3.org/2002/07/owl#ObjectProperty>
<http://hl7.org/fhir/Claim.item.location>	<http://www.w3.org/2002/07/owl#ObjectProperty>
<http://hl7.org/fhir/Claim.item.locationAddress>	<http://www.w3.org/2002/07/owl#ObjectProperty>
<http://hl7.org/fhir/Claim.item.locationCodeableConcept>	<http://www.w3.org/2002/07/owl#ObjectProperty>
<http://hl7.org/fhir/Claim.item.locationReference>	<http://www.w3.org/2002/07/owl#ObjectProperty>
<http://hl7.org/fhir/Claim.item.modifier>	<http://www.w3.org/2002/07/owl#ObjectProperty>
<http://hl7.org/fhir/Claim.item.net>	<http://www.w3.org/2002/07/owl#ObjectProperty>
<http://hl7.org/fhir/Claim.item.procedureLinkId>	<http://www.w3.org/2002/07/owl#ObjectProperty>
<http://hl7.org/fhir/Claim.item.programCode>	<http://www.w3.org/2002/07/owl#ObjectProperty>
<http://hl7.org/fhir/Claim.item.quantity>	<http://www.w3.org/2002/07/owl#ObjectProperty>
<http://hl7.org/fhir/Claim.item.revenue>	<http://www.w3.org/2002/07/owl#ObjectProperty>
<http://hl7.org/fhir/Claim.item.sequence>	<http://www.w3.org/2002/07/owl#ObjectProperty>
<http://hl7.org/fhir/Claim.item.service>	<http://www.w3.org/2002/07/owl#ObjectProperty>
<http://hl7.org/fhir/Claim.item.serviced>	<http://www.w3.org/2002/07/owl#ObjectProperty>
<http://hl7.org/fhir/Claim.item.servicedDate>	<http://www.w3.org/2002/07/owl#ObjectProperty>
<http://hl7.org/fhir/Claim.item.servicedPeriod>	<http://www.w3.org/2002/07/owl#ObjectProperty>
<http://hl7.org/fhir/Claim.item.subSite>	<http://www.w3.org/2002/07/owl#ObjectProperty>
<http://hl7.org/fhir/Claim.item.udi>	<http://www.w3.org/2002/07/owl#ObjectProperty>
<http://hl7.org/fhir/Claim.item.unitPrice>	<http://www.w3.org/2002/07/owl#ObjectProperty>
<http://hl7.org/fhir/Claim.organization>	<http://www.w3.org/2002/07/owl#ObjectProperty>
<http://hl7.org/fhir/Claim.originalPrescription>	<http://www.w3.org/2002/07/owl#ObjectProperty>
<http://hl7.org/fhir/Claim.patient>	<http://www.w3.org/2002/07/owl#ObjectProperty>
<http://hl7.org/fhir/Claim.payee>	<http://www.w3.org/2002/07/owl#ObjectProperty>
<http://hl7.org/fhir/Claim.payee.party>	<http://www.w3.org/2002/07/owl#ObjectProperty>
<http://hl7.org/fhir/Claim.payee.resourceType>	<http://www.w3.org/2002/07/owl#ObjectProperty>
<http://hl7.org/fhir/Claim.payee.type>	<http://www.w3.org/2002/07/owl#ObjectProperty>
<http://hl7.org/fhir/Claim.prescription>	<http://www.w3.org/2002/07/owl#ObjectProperty>
<http://hl7.org/fhir/Claim.priority>	<http://www.w3.org/2002/07/owl#ObjectProperty>
<http://hl7.org/fhir/Claim.procedure>	<http://www.w3.org/2002/07/owl#ObjectProperty>
<http://hl7.org/fhir/Claim.procedure.date>	<http://www.w3.org/2002/07/owl#ObjectProperty>
<http://hl7.org/fhir/Claim.procedure.procedure>	<http://www.w3.org/2002/07/owl#ObjectProperty>
<http://hl7.org/fhir/Claim.procedure.procedureCodeableConcept>	<http://www.w3.org/2002/07/owl#ObjectProperty>
<http://hl7.org/fhir/Claim.procedure.procedureReference>	<http://www.w3.org/2002/07/owl#ObjectProperty>
<http://hl7.org/fhir/Claim.procedure.sequence>	<http://www.w3.org/2002/07/owl#ObjectProperty>
<http://hl7.org/fhir/Claim.provider>	<http://www.w3.org/2002/07/owl#ObjectProperty>
<http://hl7.org/fhir/Claim.referral>	<http://www.w3.org/2002/07/owl#ObjectProperty>
<http://hl7.org/fhir/Claim.related>	<http://www.w3.org/2002/07/owl#ObjectProperty>
<http://hl7.org/fhir/Claim.related.claim>	<http://www.w3.org/2002/07/owl#ObjectProperty>
<http://hl7.org/fhir/Claim.related.reference>	<http://www.w3.org/2002/07/owl#ObjectProperty>
<http://hl7.org/fhir/Claim.related.relationship>	<http://www.w3.org/2002/07/owl#ObjectProperty>
<http://hl7.org/fhir/Claim.status>	<http://www.w3.org/2002/07/owl#ObjectProperty>
<http://hl7.org/fhir/Claim.subType>	<http://www.w3.org/2002/07/owl#ObjectProperty>
<http://hl7.org/fhir/Claim.total>	<http://www.w3.org/2002/07/owl#ObjectProperty>
<http://hl7.org/fhir/Claim.type>	<http://www.w3.org/2002/07/owl#ObjectProperty>
<http://hl7.org/fhir/Claim.use>	<http://www.w3.org/2002/07/owl#ObjectProperty>
<http://hl7.org/fhir/ClaimResponse>	<http://www.w3.org/2002/07/owl#Class>
<http://hl7.org/fhir/ClaimResponse.addItem>	<http://www.w3.org/2002/07/owl#ObjectProperty>
<http://hl7.org/fhir/ClaimResponse.addItem.adjudication>	<http://www.w3.org/2002/07/owl#ObjectProperty>
<http://hl7.org/fhir/ClaimResponse.addItem.category>	<http://www.w3.org/2002/07/owl#ObjectProperty>
<http://hl7.org/fhir/ClaimResponse.addItem.detail>	<http://www.w3.org/2002/07/owl#ObjectProperty>
<http://hl7.org/fhir/ClaimResponse.addItem.detail.adjudication>	<http://www.w3.org/2002/07/owl#ObjectProperty>
<http://hl7.org/fhir/ClaimResponse.addItem.detail.category>	<http://www.w3.org/2002/07/owl#ObjectProperty>
<http://hl7.org/fhir/ClaimResponse.addItem.detail.fee>	<http://www.w3.org/2002/07/owl#ObjectProperty>
<http://hl7.org/fhir/ClaimResponse.addItem.detail.modifier>	<http://www.w3.org/2002/07/owl#ObjectProperty>
<http://hl7.org/fhir/ClaimResponse.addItem.detail.noteNumber>	<http://www.w3.org/2002/07/owl#ObjectProperty>
<http://hl7.org/fhir/ClaimResponse.addItem.detail.revenue>	<http://www.w3.org/2002/07/owl#ObjectProperty>
<http://hl7.org/fhir/ClaimResponse.addItem.detail.service>	<http://www.w3.org/2002/07/owl#ObjectProperty>
<http://hl7.org/fhir/ClaimResponse.addItem.fee>	<http://www.w3.org/2002/07/owl#ObjectProperty>
<http://hl7.org/fhir/ClaimResponse.addItem.modifier>	<http://www.w3.org/2002/07/owl#ObjectProperty>
<http://hl7.org/fhir/ClaimResponse.addItem.noteNumber>	<http://www.w3.org/2002/07/owl#ObjectProperty>
<http://hl7.org/fhir/ClaimResponse.addItem.revenue>	<http://www.w3.org/2002/07/owl#ObjectProperty>
<http://hl7.org/fhir/ClaimResponse.addItem.sequenceLinkId>	<http://www.w3.org/2002/07/owl#ObjectProperty>
<http://hl7.org/fhir/ClaimResponse.addItem.service>	<http://www.w3.org/2002/07/owl#ObjectProperty>
<http://hl7.org/fhir/ClaimResponse.communicationRequest>	<http://www.w3.org/2002/07/owl#ObjectProperty>
<http://hl7.org/fhir/ClaimResponse.created>	<http://www.w3.org/2002/07/owl#ObjectProperty>
<http://hl7.org/fhir/ClaimResponse.disposition>	<http://www.w3.org/2002/07/owl#ObjectProperty>
<http://hl7.org/fhir/ClaimResponse.error>	<http://www.w3.org/2002/07/owl#ObjectProperty>
<http://hl7.org/fhir/ClaimResponse.error.code>	<http://www.w3.org/2002/07/owl#ObjectProperty>
<http://hl7.org/fhir/ClaimResponse.error.detailSequenceLinkId>	<http://www.w3.org/2002/07/owl#ObjectProperty>
<http://hl7.org/fhir/ClaimResponse.error.sequenceLinkId>	<http://www.w3.org/2002/07/owl#ObjectProperty>
<http://hl7.org/fhir/ClaimResponse.error.subdetailSequenceLinkId>	<http://www.w3.org/2002/07/owl#ObjectProperty>
<http://hl7.org/fhir/ClaimResponse.form>	<http://www.w3.org/2002/07/owl#ObjectProperty>
<http://hl7.org/fhir/ClaimResponse.identifier>	<http://www.w3.org/2002/07/owl#ObjectProperty>
<http://hl7.org/fhir/ClaimResponse.insurance>	<http://www.w3.org/2002/07/owl#ObjectProperty>
<http://hl7.org/fhir/ClaimResponse.insurance.businessArrangement>	<http://www.w3.org/2002/07/owl#ObjectProperty>
<http://hl7.org/fhir/ClaimResponse.insurance.claimResponse>	<http://www.w3.org/2002/07/owl#ObjectProperty>
<http://hl7.org/fhir/ClaimResponse.insurance.coverage>	<http://www.w3.org/2002/07/owl#ObjectProperty>
<http://hl7.org/fhir/ClaimResponse.insurance.focal>	<http://www.w3.org/2002/07/owl#ObjectProperty>
<http://hl7.org/fhir/ClaimResponse.insurance.preAuthRef>	<http://www.w3.org/2002/07/owl#ObjectProperty>
<http://hl7.org/fhir/ClaimResponse.insurance.sequence>	<http://www.w3.org/2002/07/owl#ObjectProperty>
<http://hl7.org/fhir/ClaimResponse.insurer>	<http://www.w3.org/2002/07/owl#ObjectProperty>
<http://hl7.org/fhir/ClaimResponse.item>	<http://www.w3.org/2002/07/owl#ObjectProperty>
<http://hl7.org/fhir/ClaimResponse.item.adjudication>	<http://www.w3.org/2002/07/owl#ObjectProperty>
<http://hl7.org/fhir/ClaimResponse.item.adjudication.amount>	<http://www.w3.org/2002/07/owl#ObjectProperty>
<http://hl7.org/fhir/ClaimResponse.item.adjudication.category>	<http://www.w3.org/2002/07/owl#ObjectProperty>
<http://hl7.org/fhir/ClaimResponse.item.adjudication.reason>	<http://www.w3.org/2002/07/owl#ObjectProperty>
<http://hl7.org/fhir/ClaimResponse.item.adjudication.value>	<http://www.w3.org/2002/07/owl#ObjectProperty>
<http://hl7.org/fhir/ClaimResponse.item.detail>	<http://www.w3.org/2002/07/owl#ObjectProperty>
<http://hl7.org/fhir/ClaimResponse.item.detail.adjudication>	<http://www.w3.org/2002/07/owl#ObjectProperty>
<http://hl7.org/fhir/ClaimResponse.item.detail.noteNumber>	<http://www.w3.org/2002/07/owl#ObjectProperty>
<http://hl7.org/fhir/ClaimResponse.item.detail.sequenceLinkId>	<http://www.w3.org/2002/07/owl#ObjectProperty>
<http://hl7.org/fhir/ClaimResponse.item.detail.subDetail>	<http://www.w3.org/2002/07/owl#ObjectProperty>
<http://hl7.org/fhir/ClaimResponse.item.detail.subDetail.adjudication>	<http://www.w3.org/2002/07/owl#ObjectProperty>
<http://hl7.org/fhir/ClaimResponse.item.detail.subDetail.noteNumber>	<http://www.w3.org/2002/07/owl#ObjectProperty>
<http://hl7.org/fhir/ClaimResponse.item.detail.subDetail.sequenceLinkId>	<http://www.w3.org/2002/07/owl#ObjectProperty>
<http://hl7.org/fhir/ClaimResponse.item.noteNumber>	<http://www.w3.org/2002/07/owl#ObjectProperty>
<http://hl7.org/fhir/ClaimResponse.item.sequenceLinkId>	<http://www.w3.org/2002/07/owl#ObjectProperty>
<http://hl7.org/fhir/ClaimResponse.outcome>	<http://www.w3.org/2002/07/owl#ObjectProperty>
<http://hl7.org/fhir/ClaimResponse.patient>	<http://www.w3.org/2002/07/owl#ObjectProperty>
<http://hl7.org/fhir/ClaimResponse.payeeType>	<http://www.w3.org/2002/07/owl#ObjectProperty>
<http://hl7.org/fhir/ClaimResponse.payment>	<http://www.w3.org/2002/07/owl#ObjectProperty>
<http://hl7.org/fhir/ClaimResponse.payment.adjustment>	<http://www.w3.org/2002/07/owl#ObjectProperty>
<http://hl7.org/fhir/ClaimResponse.payment.adjustmentReason>	<http://www.w3.org/2002/07/owl#ObjectProperty>
<http://hl7.org/fhir/ClaimResponse.payment.amount>	<http://www.w3.org/2002/07/owl#ObjectProperty>
<http://hl7.org/fhir/ClaimResponse.payment.date>	<http://www.w3.org/2002/07/owl#ObjectProperty>
<http://hl7.org/fhir/ClaimResponse.payment.identifier>	<http://www.w3.org/2002/07/owl#ObjectProperty>
<http://hl7.org/fhir/ClaimResponse.payment.type>	<http://www.w3.org/2002/07/owl#ObjectProperty>
<http://hl7.org/fhir/ClaimResponse.processNote>	<http://www.w3.org/2002/07/owl#ObjectProperty>
<http://hl7.org/fhir/ClaimResponse.processNote.language>	<http://www.w3.org/2002/07/owl#ObjectProperty>
<http://hl7.org/fhir/ClaimResponse.processNote.number>	<http://www.w3.org/2002/07/owl#ObjectProperty>
<http://hl7.org/fhir/ClaimResponse.processNote.text>	<http://www.w3.org/2002/07/owl#ObjectProperty>
<http://hl7.org/fhir/ClaimResponse.processNote.type>	<http://www.w3.org/2002/07/owl#ObjectProperty>
<http://hl7.org/fhir/ClaimResponse.request>	<http://www.w3.org/2002/07/owl#ObjectProperty>
<http://hl7.org/fhir/ClaimResponse.requestOrganization>	<http://www.w3.org/2002/07/owl#ObjectProperty>
<http://hl7.org/fhir/ClaimResponse.requestProvider>	<http://www.w3.org/2002/07/owl#ObjectProperty>
<http://hl7.org/fhir/ClaimResponse.reserved>	<http://www.w3.org/2002/07/owl#ObjectProperty>
<http://hl7.org/fhir/ClaimResponse.status>	<http://www.w3.org/2002/07/owl#ObjectProperty>
<http://hl7.org/fhir/ClaimResponse.totalBenefit>	<http://www.w3.org/2002/07/owl#ObjectProperty>
<http://hl7.org/fhir/ClaimResponse.totalCost>	<http://www.w3.org/2002/07/owl#ObjectProperty>
<http://hl7.org/fhir/ClaimResponse.unallocDeductable>	<http://www.w3.org/2002/07/owl#ObjectProperty>
<http://hl7.org/fhir/ClassHistoryComponent>	<http://www.w3.org/2002/07/owl#Class>
<http://hl7.org/fhir/ClinicalImpression>	<http://www.w3.org/2002/07/owl#Class>
<http://hl7.org/fhir/ClinicalImpression.action>	<http://www.w3.org/2002/07/owl#ObjectProperty>
<http://hl7.org/fhir/ClinicalImpression.assessor>	<http://www.w3.org/2002/07/owl#ObjectProperty>
<http://hl7.org/fhir/ClinicalImpression.code>	<http://www.w3.org/2002/07/owl#ObjectProperty>
<http://hl7.org/fhir/ClinicalImpression.context>	<http://www.w3.org/2002/07/owl#ObjectProperty>
<http://hl7.org/fhir/ClinicalImpression.date>	<http://www.w3.org/2002/07/owl#ObjectProperty>
<http://hl7.org/fhir/ClinicalImpression.description>	<http://www.w3.org/2002/07/owl#ObjectProperty>
<http://hl7.org/fhir/ClinicalImpression.effective>	<http://www.w3.org/2002/07/owl#ObjectProperty>
<http://hl7.org/fhir/ClinicalImpression.effectiveDateTime>	<http://www.w3.org/2002/07/owl#ObjectProperty>
<http://hl7.org/fhir/ClinicalImpression.effectivePeriod>	<http://www.w3.org/2002/07/owl#ObjectProperty>
<http://hl7.org/fhir/ClinicalImpression.finding>	<http://www.w3.org/2002/07/owl#ObjectProperty>
<http://hl7.org/fhir/ClinicalImpression.finding.basis>	<http://www.w3.org/2002/07/owl#ObjectProperty>
<http://hl7.org/fhir/ClinicalImpression.finding.item>	<http://www.w3.org/2002/07/owl#ObjectProperty>
<http://hl7.org/fhir/ClinicalImpression.finding.itemCodeableConcept>	<http://www.w3.org/2002/07/owl#ObjectProperty>
<http://hl7.org/fhir/ClinicalImpression.finding.itemReference>	<http://www.w3.org/2002/07/owl#ObjectProperty>
<http://hl7.org/fhir/ClinicalImpression.identifier>	<http://www.w3.org/2002/07/owl#ObjectProperty>
<http://hl7.org/fhir/ClinicalImpression.investigation>	<http://www.w3.org/2002/07/owl#ObjectProperty>
<http://hl7.org/fhir/ClinicalImpression.investigation.code>	<http://www.w3.org/2002/07/owl#ObjectProperty>
<http://hl7.org/fhir/ClinicalImpression.investigation.item>	<http://www.w3.org/2002/07/owl#ObjectProperty>
<http://hl7.org/fhir/ClinicalImpression.note>	<http://www.w3.org/2002/07/owl#ObjectProperty>
<http://hl7.org/fhir/ClinicalImpression.previous>	<http://www.w3.org/2002/07/owl#ObjectProperty>
<http://hl7.org/fhir/ClinicalImpression.problem>	<http://www.w3.org/2002/07/owl#ObjectProperty>
<http://hl7.org/fhir/ClinicalImpression.prognosisCodeableConcept>	<http://www.w3.org/2002/07/owl#ObjectProperty>
<http://hl7.org/fhir/ClinicalImpression.prognosisReference>	<http://www.w3.org/2002/07/owl#ObjectProperty>
<http://hl7.org/fhir/ClinicalImpression.protocol>	<http://www.w3.org/2002/07/owl#ObjectProperty>
<http://hl7.org/fhir/ClinicalImpression.status>	<http://www.w3.org/2002/07/owl#ObjectProperty>
<http://hl7.org/fhir/ClinicalImpression.subject>	<http://www.w3.org/2002/07/owl#ObjectProperty>
<http://hl7.org/fhir/ClinicalImpression.summary>	<http://www.w3.org/2002/07/owl#ObjectProperty>
<http://hl7.org/fhir/ClinicalImpressionFindingComponent>	<http://www.w3.org/2002/07/owl#Class>
<http://hl7.org/fhir/ClinicalImpressionInvestigationComponent>	<http://www.w3.org/2002/07/owl#Class>
<http://hl7.org/fhir/CodeSystem>	<http://www.w3.org/2002/07/owl#Class>
<http://hl7.org/fhir/CodeSystem.caseSensitive>	<http://www.w3.org/2002/07/owl#ObjectProperty>
<http://hl7.org/fhir/CodeSystem.compositional>	<http://www.w3.org/2002/07/owl#ObjectProperty>
<http://hl7.org/fhir/CodeSystem.concept>	<http://www.w3.org/2002/07/owl#ObjectProperty>
<http://hl7.org/fhir/CodeSystem.concept.code>	<http://www.w3.org/2002/07/owl#ObjectProperty>
<http://hl7.org/fhir/CodeSystem.concept.concept>	<http://www.w3.org/2002/07/owl#ObjectProperty>
<http://hl7.org/fhir/CodeSystem.concept.definition>	<http://www.w3.org/2002/07/owl#ObjectProperty>
<http://hl7.org/fhir/CodeSystem.concept.designation>	<http://www.w3.org/2002/07/owl#ObjectProperty>
<http://hl7.org/fhir/CodeSystem.concept.designation.language>	<http://www.w3.org/2002/07/owl#ObjectProperty>
<http://hl7.org/fhir/CodeSystem.concept.designation.use>	<http://www.w3.org/2002/07/owl#ObjectProperty>
<http://hl7.org/fhir/CodeSystem.concept.designation.value>	<http://www.w3.org/2002/07/owl#ObjectProperty>
<http://hl7.org/fhir/CodeSystem.concept.display>	<http://www.w3.org/2002/07/owl#ObjectProperty>
<http://hl7.org/fhir/CodeSystem.concept.property>	<http://www.w3.org/2002/07/owl#ObjectProperty>
<http://hl7.org/fhir/CodeSystem.concept.property.code>	<http://www.w3.org/2002/07/owl#ObjectProperty>
<http://hl7.org/fhir/CodeSystem.concept.property.value>	<http://www.w3.org/2002/07/owl#ObjectProperty>
<http://hl7.org/fhir/CodeSystem.concept.property.valueBoolean>	<http://www.w3.org/2002/07/owl#ObjectProperty>
<http://hl7.org/fhir/CodeSystem.concept.property.valueCode>	<http://www.w3.org/2002/07/owl#ObjectProperty>
<http://hl7.org/fhir/CodeSystem.concept.property.valueCoding>	<http://www.w3.org/2002/07/owl#ObjectProperty>
<http://hl7.org/fhir/CodeSystem.concept.property.valueDateTime>	<http://www.w3.org/2002/07/owl#ObjectProperty>
<http://hl7.org/fhir/CodeSystem.concept.property.valueInteger>	<http://www.w3.org/2002/07/owl#ObjectProperty>
<http://hl7.org/fhir/CodeSystem.concept.property.valueString>	<http://www.w3.org/2002/07/owl#ObjectProperty>
<http://hl7.org/fhir/CodeSystem.contact>	<http://www.w3.org/2002/07/owl#ObjectProperty>
<http://hl7.org/fhir/CodeSystem.content>	<http://www.w3.org/2002/07/owl#ObjectProperty>
<http://hl7.org/fhir/CodeSystem.copyright>	<http://www.w3.org/2002/07/owl#ObjectProperty>
<http://hl7.org/fhir/CodeSystem.count>	<http://www.w3.org/2002/07/owl#ObjectProperty>
<http://hl7.org/fhir/CodeSystem.date>	<http://www.w3.org/2002/07/owl#ObjectProperty>
<http://hl7.org/fhir/CodeSystem.description>	<http://www.w3.org/2002/07/owl#ObjectProperty>
<http://hl7.org/fhir/CodeSystem.experimental>	<http://www.w3.org/2002/07/owl#ObjectProperty>
<http://hl7.org/fhir/CodeSystem.filter>	<http://www.w3.org/2002/07/owl#ObjectProperty>
<http://hl7.org/fhir/CodeSystem.filter.code>	<http://www.w3.org/2002/07/owl#ObjectProperty>
<http://hl7.org/fhir/CodeSystem.filter.description>	<http://www.w3.org/2002/07/owl#ObjectProperty>
<http://hl7.org/fhir/CodeSystem.filter.operator>	<http://www.w3.org/2002/07/owl#ObjectProperty>
<http://hl7.org/fhir/CodeSystem.filter.value>	<http://www.w3.org/2002/07/owl#ObjectProperty>
<http://hl7.org/fhir/CodeSystem.hierarchyMeaning>	<http://www.w3.org/2002/07/owl#ObjectProperty>
<http://hl7.org/fhir/CodeSystem.identifier>	<http://www.w3.org/2002/07/owl#ObjectProperty>
<http://hl7.org/fhir/CodeSystem.jurisdiction>	<http://www.w3.org/2002/07/owl#ObjectProperty>
<http://hl7.org/fhir/CodeSystem.name>	<http://www.w3.org/2002/07/owl#ObjectProperty>
<http://hl7.org/fhir/CodeSystem.property>	<http://www.w3.org/2002/07/owl#ObjectProperty>
<http://hl7.org/fhir/CodeSystem.property.code>	<http://www.w3.org/2002/07/owl#ObjectProperty>
<http://hl7.org/fhir/CodeSystem.property.description>	<http://www.w3.org/2002/07/owl#ObjectProperty>
<http://hl7.org/fhir/CodeSystem.property.type>	<http://www.w3.org/2002/07/owl#ObjectProperty>
<http://hl7.org/fhir/CodeSystem.property.uri>	<http://www.w3.org/2002/07/owl#ObjectProperty>
<http://hl7.org/fhir/CodeSystem.publisher>	<http://www.w3.org/2002/07/owl#ObjectProperty>
<http://hl7.org/fhir/CodeSystem.purpose>	<http://www.w3.org/2002/07/owl#ObjectProperty>
<http://hl7.org/fhir/CodeSystem.status>	<http://www.w3.org/2002/07/owl#ObjectProperty>
<http://hl7.org/fhir/CodeSystem.title>	<http://www.w3.org/2002/07/owl#ObjectProperty>
<http://hl7.org/fhir/CodeSystem.url>	<http://www.w3.org/2002/07/owl#ObjectProperty>
<http://hl7.org/fhir/CodeSystem.useContext>	<http://www.w3.org/2002/07/owl#ObjectProperty>
<http://hl7.org/fhir/CodeSystem.valueSet>	<http://www.w3.org/2002/07/owl#ObjectProperty>
<http://hl7.org/fhir/CodeSystem.version>	<http://www.w3.org/2002/07/owl#ObjectProperty>
<http://hl7.org/fhir/CodeSystem.versionNeeded>	<http://www.w3.org/2002/07/owl#ObjectProperty>
<http://hl7.org/fhir/CodeSystemFilterComponent>	<http://www.w3.org/2002/07/owl#Class>
<http://hl7.org/fhir/CodeableConcept>	<http://www.w3.org/2002/07/owl#Class>
<http://hl7.org/fhir/CodeableConcept.coding>	<http://www.w3.org/2002/07/owl#ObjectProperty>
<http://hl7.org/fhir/CodeableConcept.text>	<http://www.w3.org/2002/07/owl#ObjectProperty>
<http://hl7.org/fhir/Coding>	<http://www.w3.org/2002/07/owl#Class>
<http://hl7.org/fhir/Coding.code>	<http://www.w3.org/2002/07/owl#ObjectProperty>
<http://hl7.org/fhir/Coding.display>	<http://www.w3.org/2002/07/owl#ObjectProperty>
<http://hl7.org/fhir/Coding.system>	<http://www.w3.org/2002/07/owl#ObjectProperty>
<http://hl7.org/fhir/Coding.userSelected>	<http://www.w3.org/2002/07/owl#ObjectProperty>
<http://hl7.org/fhir/Coding.version>	<http://www.w3.org/2002/07/owl#ObjectProperty>
<http://hl7.org/fhir/Communication>	<http://www.w3.org/2002/07/owl#Class>
<http://hl7.org/fhir/Communication.basedOn>	<http://www.w3.org/2002/07/owl#ObjectProperty>
<http://hl7.org/fhir/Communication.category>	<http://www.w3.org/2002/07/owl#ObjectProperty>
<http://hl7.org/fhir/Communication.context>	<http://www.w3.org/2002/07/owl#ObjectProperty>
<http://hl7.org/fhir/Communication.definition>	<http://www.w3.org/2002/07/owl#ObjectProperty>
<http://hl7.org/fhir/Communication.identifier>	<http://www.w3.org/2002/07/owl#ObjectProperty>
<http://hl7.org/fhir/Communication.medium>	<http://www.w3.org/2002/07/owl#ObjectProperty>
<http://hl7.org/fhir/Communication.notDone>	<http://www.w3.org/2002/07/owl#ObjectProperty>
<http://hl7.org/fhir/Communication.notDoneReason>	<http://www.w3.org/2002/07/owl#ObjectProperty>
<http://hl7.org/fhir/Communication.note>	<http://www.w3.org/2002/07/owl#ObjectProperty>
<http://hl7.org/fhir/Communication.partOf>	<http://www.w3.org/2002/07/owl#ObjectProperty>
<http://hl7.org/fhir/Communication.payload>	<http://www.w3.org/2002/07/owl#ObjectProperty>
<http://hl7.org/fhir/Communication.payload.content>	<http://www.w3.org/2002/07/owl#ObjectProperty>
<http://hl7.org/fhir/Communication.payload.contentAttachment>	<http://www.w3.org/2002/07/owl#ObjectProperty>
<http://hl7.org/fhir/Communication.payload.contentReference>	<http://www.w3.org/2002/07/owl#ObjectProperty>
<http://hl7.org/fhir/Communication.payload.contentString>	<http://www.w3.org/2002/07/owl#ObjectProperty>
<http://hl7.org/fhir/Communication.reasonCode>	<http://www.w3.org/2002/07/owl#ObjectProperty>
<http://hl7.org/fhir/Communication.reasonReference>	<http://www.w3.org/2002/07/owl#ObjectProperty>
<http://hl7.org/fhir/Communication.received>	<http://www.w3.org/2002/07/owl#ObjectProperty>
<http://hl7.org/fhir/Communication.recipient>	<http://www.w3.org/2002/07/owl#ObjectProperty>
<http://hl7.org/fhir/Communication.sender>	<http://www.w3.org/2002/07/owl#ObjectProperty>
<http://hl7.org/fhir/Communication.sent>	<http://www.w3.org/2002/07/owl#ObjectProperty>
<http://hl7.org/fhir/Communication.status>	<http://www.w3.org/2002/07/owl#ObjectProperty>
<http://hl7.org/fhir/Communication.subject>	<http://www.w3.org/2002/07/owl#ObjectProperty>
<http://hl7.org/fhir/Communication.topic>	<http://www.w3.org/2002/07/owl#ObjectProperty>
<http://hl7.org/fhir/CommunicationPayloadComponent>	<http://www.w3.org/2002/07/owl#Class>
<http://hl7.org/fhir/CommunicationRequest>	<http://www.w3.org/2002/07/owl#Class>
<http://hl7.org/fhir/CommunicationRequest.authoredOn>	<http://www.w3.org/2002/07/owl#ObjectProperty>
<http://hl7.org/fhir/CommunicationRequest.basedOn>	<http://www.w3.org/2002/07/owl#ObjectProperty>
<http://hl7.org/fhir/CommunicationRequest.category>	<http://www.w3.org/2002/07/owl#ObjectProperty>
<http://hl7.org/fhir/CommunicationRequest.context>	<http://www.w3.org/2002/07/owl#ObjectProperty>
<http://hl7.org/fhir/CommunicationRequest.groupIdentifier>	<http://www.w3.org/2002/07/owl#ObjectProperty>
<http://hl7.org/fhir/CommunicationRequest.identifier>	<http://www.w3.org/2002/07/owl#ObjectProperty>
<http://hl7.org/fhir/CommunicationRequest.medium>	<http://www.w3.org/2002/07/owl#ObjectProperty>
<http://hl7.org/fhir/CommunicationRequest.note>	<http://www.w3.org/2002/07/owl#ObjectProperty>
<http://hl7.org/fhir/CommunicationRequest.occurrence>	<http://www.w3.org/2002/07/owl#ObjectProperty>
<http://hl7.org/fhir/CommunicationRequest.occurrenceDateTime>	<http://www.w3.org/2002/07/owl#ObjectProperty>
<http://hl7.org/fhir/CommunicationRequest.occurrencePeriod>	<http://www.w3.org/2002/07/owl#ObjectProperty>
<http://hl7.org/fhir/CommunicationRequest.payload>	<http://www.w3.org/2002/07/owl#ObjectProperty>
<http://hl7.org/fhir/CommunicationRequest.payload.content>	<http://www.w3.org/2002/07/owl#ObjectProperty>
<http://hl7.org/fhir/CommunicationRequest.payload.contentAttachment>	<http://www.w3.org/2002/07/owl#ObjectProperty>
<http://hl7.org/fhir/CommunicationRequest.payload.contentReference>	<http://www.w3.org/2002/07/owl#ObjectProperty>
<http://hl7.org/fhir/CommunicationRequest.payload.contentString>	<http://www.w3.org/2002/07/owl#ObjectProperty>
<http://hl7.org/fhir/CommunicationRequest.priority>	<http://www.w3.org/2002/07/owl#ObjectProperty>
<http://hl7.org/fhir/CommunicationRequest.reasonCode>	<http://www.w3.org/2002/07/owl#ObjectProperty>
<http://hl7.org/fhir/CommunicationRequest.reasonReference>	<http://www.w3.org/2002/07/owl#ObjectProperty>
<http://hl7.org/fhir/CommunicationRequest.recipient>	<http://www.w3.org/2002/07/owl#ObjectProperty>
<http://hl7.org/fhir/CommunicationRequest.replaces>	<http://www.w3.org/2002/07/owl#ObjectProperty>
<http://hl7.org/fhir/CommunicationRequest.requester>	<http://www.w3.org/2002/07/owl#ObjectProperty>
<http://hl7.org/fhir/CommunicationRequest.requester.agent>	<http://www.w3.org/2002/07/owl#ObjectProperty>
<http://hl7.org/fhir/CommunicationRequest.requester.onBehalfOf>	<http://www.w3.org/2002/07/owl#ObjectProperty>
<http://hl7.org/fhir/CommunicationRequest.sender>	<http://www.w3.org/2002/07/owl#ObjectProperty>
<http://hl7.org/fhir/CommunicationRequest.status>	<http://www.w3.org/2002/07/owl#ObjectProperty>
<http://hl7.org/fhir/CommunicationRequest.subject>	<http://www.w3.org/2002/07/owl#ObjectProperty>
<http://hl7.org/fhir/CommunicationRequest.topic>	<http://www.w3.org/2002/07/owl#ObjectProperty>
<http://hl7.org/fhir/CommunicationRequestPayloadComponent>	<http://www.w3.org/2002/07/owl#Class>
<http://hl7.org/fhir/CommunicationRequestRequesterComponent>	<http://www.w3.org/2002/07/owl#Class>
<http://hl7.org/fhir/CompartmentDefinition>	<http://www.w3.org/2002/07/owl#Class>
<http://hl7.org/fhir/CompartmentDefinition.code>	<http://www.w3.org/2002/07/owl#ObjectProperty>
<http://hl7.org/fhir/CompartmentDefinition.contact>	<http://www.w3.org/2002/07/owl#ObjectProperty>
<http://hl7.org/fhir/CompartmentDefinition.date>	<http://www.w3.org/2002/07/owl#ObjectProperty>
<http://hl7.org/fhir/CompartmentDefinition.description>	<http://www.w3.org/2002/07/owl#ObjectProperty>
<http://hl7.org/fhir/CompartmentDefinition.experimental>	<http://www.w3.org/2002/07/owl#ObjectProperty>
<http://hl7.org/fhir/CompartmentDefinition.jurisdiction>	<http://www.w3.org/2002/07/owl#ObjectProperty>
<http://hl7.org/fhir/CompartmentDefinition.name>	<http://www.w3.org/2002/07/owl#ObjectProperty>
<http://hl7.org/fhir/CompartmentDefinition.publisher>	<http://www.w3.org/2002/07/owl#ObjectProperty>
<http://hl7.org/fhir/CompartmentDefinition.purpose>	<http://www.w3.org/2002/07/owl#ObjectProperty>
<http://hl7.org/fhir/CompartmentDefinition.resource>	<http://www.w3.org/2002/07/owl#ObjectProperty>
<http://hl7.org/fhir/CompartmentDefinition.resource.code>	<http://www.w3.org/2002/07/owl#ObjectProperty>
<http://hl7.org/fhir/CompartmentDefinition.resource.documentation>	<http://www.w3.org/2002/07/owl#ObjectProperty>
<http://hl7.org/fhir/CompartmentDefinition.resource.param>	<http://www.w3.org/2002/07/owl#ObjectProperty>
<http://hl7.org/fhir/CompartmentDefinition.search>	<http://www.w3.org/2002/07/owl#ObjectProperty>
<http://hl7.org/fhir/CompartmentDefinition.status>	<http://www.w3.org/2002/07/owl#ObjectProperty>
<http://hl7.org/fhir/CompartmentDefinition.title>	<http://www.w3.org/2002/07/owl#ObjectProperty>
<http://hl7.org/fhir/CompartmentDefinition.url>	<http://www.w3.org/2002/07/owl#ObjectProperty>
<http://hl7.org/fhir/CompartmentDefinition.useContext>	<http://www.w3.org/2002/07/owl#ObjectProperty>
<http://hl7.org/fhir/CompartmentDefinitionResourceComponent>	<http://www.w3.org/2002/07/owl#Class>
<http://hl7.org/fhir/Composition>	<http://www.w3.org/2002/07/owl#Class>
<http://hl7.org/fhir/Composition.attester>	<http://www.w3.org/2002/07/owl#ObjectProperty>
<http://hl7.org/fhir/Composition.attester.mode>	<http://www.w3.org/2002/07/owl#ObjectProperty>
<http://hl7.org/fhir/Composition.attester.party>	<http://www.w3.org/2002/07/owl#ObjectProperty>
<http://hl7.org/fhir/Composition.attester.time>	<http://www.w3.org/2002/07/owl#ObjectProperty>
<http://hl7.org/fhir/Composition.author>	<http://www.w3.org/2002/07/owl#ObjectProperty>
<http://hl7.org/fhir/Composition.class>	<http://www.w3.org/2002/07/owl#ObjectProperty>
<http://hl7.org/fhir/Composition.confidentiality>	<http://www.w3.org/2002/07/owl#ObjectProperty>
<http://hl7.org/fhir/Composition.custodian>	<http://www.w3.org/2002/07/owl#ObjectProperty>
<http://hl7.org/fhir/Composition.date>	<http://www.w3.org/2002/07/owl#ObjectProperty>
<http://hl7.org/fhir/Composition.encounter>	<http://www.w3.org/2002/07/owl#ObjectProperty>
<http://hl7.org/fhir/Composition.event>	<http://www.w3.org/2002/07/owl#ObjectProperty>
<http://hl7.org/fhir/Composition.event.code>	<http://www.w3.org/2002/07/owl#ObjectProperty>
<http://hl7.org/fhir/Composition.event.detail>	<http://www.w3.org/2002/07/owl#ObjectProperty>
<http://hl7.org/fhir/Composition.event.period>	<http://www.w3.org/2002/07/owl#ObjectProperty>
<http://hl7.org/fhir/Composition.identifier>	<http://www.w3.org/2002/07/owl#ObjectProperty>
<http://hl7.org/fhir/Composition.relatesTo>	<http://www.w3.org/2002/07/owl#ObjectProperty>
<http://hl7.org/fhir/Composition.relatesTo.code>	<http://www.w3.org/2002/07/owl#ObjectProperty>
<http://hl7.org/fhir/Composition.relatesTo.target>	<http://www.w3.org/2002/07/owl#ObjectProperty>
<http://hl7.org/fhir/Composition.relatesTo.targetIdentifier>	<http://www.w3.org/2002/07/owl#ObjectProperty>
<http://hl7.org/fhir/Composition.relatesTo.targetReference>	<http://www.w3.org/2002/07/owl#ObjectProperty>
<http://hl7.org/fhir/Composition.section>	<http://www.w3.org/2002/07/owl#ObjectProperty>
<http://hl7.org/fhir/Composition.section.code>	<http://www.w3.org/2002/07/owl#ObjectProperty>
<http://hl7.org/fhir/Composition.section.emptyReason>	<http://www.w3.org/2002/07/owl#ObjectProperty>
<http://hl7.org/fhir/Composition.section.entry>	<http://www.w3.org/2002/07/owl#ObjectProperty>
<http://hl7.org/fhir/Composition.section.mode>	<http://www.w3.org/2002/07/owl#ObjectProperty>
<http://hl7.org/fhir/Composition.section.orderedBy>	<http://www.w3.org/2002/07/owl#ObjectProperty>
<http://hl7.org/fhir/Composition.section.section>	<http://www.w3.org/2002/07/owl#ObjectProperty>
<http://hl7.org/fhir/Composition.section.text>	<http://www.w3.org/2002/07/owl#ObjectProperty>
<http://hl7.org/fhir/Composition.section.title>	<http://www.w3.org/2002/07/owl#ObjectProperty>
<http://hl7.org/fhir/Composition.status>	<http://www.w3.org/2002/07/owl#ObjectProperty>
<http://hl7.org/fhir/Composition.subject>	<http://www.w3.org/2002/07/owl#ObjectProperty>
<http://hl7.org/fhir/Composition.title>	<http://www.w3.org/2002/07/owl#ObjectProperty>
<http://hl7.org/fhir/Composition.type>	<http://www.w3.org/2002/07/owl#ObjectProperty>
<http://hl7.org/fhir/CompositionAttesterComponent>	<http://www.w3.org/2002/07/owl#Class>
<http://hl7.org/fhir/CompositionEventComponent>	<http://www.w3.org/2002/07/owl#Class>
<http://hl7.org/fhir/CompositionRelatesToComponent>	<http://www.w3.org/2002/07/owl#Class>
<http://hl7.org/fhir/ComputableLanguageComponent>	<http://www.w3.org/2002/07/owl#Class>
<http://hl7.org/fhir/ConceptDefinitionComponent>	<http://www.w3.org/2002/07/owl#Class>
<http://hl7.org/fhir/ConceptDefinitionDesignationComponent>	<http://www.w3.org/2002/07/owl#Class>
<http://hl7.org/fhir/ConceptMap>	<http://www.w3.org/2002/07/owl#Class>
<http://hl7.org/fhir/ConceptMap.contact>	<http://www.w3.org/2002/07/owl#ObjectProperty>
<http://hl7.org/fhir/ConceptMap.copyright>	<http://www.w3.org/2002/07/owl#ObjectProperty>
<http://hl7.org/fhir/ConceptMap.date>	<http://www.w3.org/2002/07/owl#ObjectProperty>
<http://hl7.org/fhir/ConceptMap.description>	<http://www.w3.org/2002/07/owl#ObjectProperty>
<http://hl7.org/fhir/ConceptMap.experimental>	<http://www.w3.org/2002/07/owl#ObjectProperty>
<http://hl7.org/fhir/ConceptMap.group>	<http://www.w3.org/2002/07/owl#ObjectProperty>
<http://hl7.org/fhir/ConceptMap.group.element>	<http://www.w3.org/2002/07/owl#ObjectProperty>
<http://hl7.org/fhir/ConceptMap.group.element.code>	<http://www.w3.org/2002/07/owl#ObjectProperty>
<http://hl7.org/fhir/ConceptMap.group.element.display>	<http://www.w3.org/2002/07/owl#ObjectProperty>
<http://hl7.org/fhir/ConceptMap.group.element.target>	<http://www.w3.org/2002/07/owl#ObjectProperty>
<http://hl7.org/fhir/ConceptMap.group.element.target.code>	<http://www.w3.org/2002/07/owl#ObjectProperty>
<http://hl7.org/fhir/ConceptMap.group.element.target.comment>	<http://www.w3.org/2002/07/owl#ObjectProperty>
<http://hl7.org/fhir/ConceptMap.group.element.target.dependsOn>	<http://www.w3.org/2002/07/owl#ObjectProperty>
<http://hl7.org/fhir/ConceptMap.group.element.target.dependsOn.code>	<http://www.w3.org/2002/07/owl#ObjectProperty>
<http://hl7.org/fhir/ConceptMap.group.element.target.dependsOn.display>	<http://www.w3.org/2002/07/owl#ObjectProperty>
<http://hl7.org/fhir/ConceptMap.group.element.target.dependsOn.property>	<http://www.w3.org/2002/07/owl#ObjectProperty>
<http://hl7.org/fhir/ConceptMap.group.element.target.dependsOn.system>	<http://www.w3.org/2002/07/owl#ObjectProperty>
<http://hl7.org/fhir/ConceptMap.group.element.target.display>	<http://www.w3.org/2002/07/owl#ObjectProperty>
<http://hl7.org/fhir/ConceptMap.group.element.target.equivalence>	<http://www.w3.org/2002/07/owl#ObjectProperty>
<http://hl7.org/fhir/ConceptMap.group.element.target.product>	<http://www.w3.org/2002/07/owl#ObjectProperty>
<http://hl7.org/fhir/ConceptMap.group.source>	<http://www.w3.org/2002/07/owl#ObjectProperty>
<http://hl7.org/fhir/ConceptMap.group.sourceVersion>	<http://www.w3.org/2002/07/owl#ObjectProperty>
<http://hl7.org/fhir/ConceptMap.group.target>	<http://www.w3.org/2002/07/owl#ObjectProperty>
<http://hl7.org/fhir/ConceptMap.group.targetVersion>	<http://www.w3.org/2002/07/owl#ObjectProperty>
<http://hl7.org/fhir/ConceptMap.group.unmapped>	<http://www.w3.org/2002/07/owl#ObjectProperty>
<http://hl7.org/fhir/ConceptMap.group.unmapped.code>	<http://www.w3.org/2002/07/owl#ObjectProperty>
<http://hl7.org/fhir/ConceptMap.group.unmapped.display>	<http://www.w3.org/2002/07/owl#ObjectProperty>
<http://hl7.org/fhir/ConceptMap.group.unmapped.mode>	<http://www.w3.org/2002/07/owl#ObjectProperty>
<http://hl7.org/fhir/ConceptMap.group.unmapped.url>	<http://www.w3.org/2002/07/owl#ObjectProperty>
<http://hl7.org/fhir/ConceptMap.identifier>	<http://www.w3.org/2002/07/owl#ObjectProperty>
<http://hl7.org/fhir/ConceptMap.jurisdiction>	<http://www.w3.org/2002/07/owl#ObjectProperty>
<http://hl7.org/fhir/ConceptMap.name>	<http://www.w3.org/2002/07/owl#ObjectProperty>
<http://hl7.org/fhir/ConceptMap.publisher>	<http://www.w3.org/2002/07/owl#ObjectProperty>
<http://hl7.org/fhir/ConceptMap.purpose>	<http://www.w3.org/2002/07/owl#ObjectProperty>
<http://hl7.org/fhir/ConceptMap.source>	<http://www.w3.org/2002/07/owl#ObjectProperty>
<http://hl7.org/fhir/ConceptMap.sourceReference>	<http://www.w3.org/2002/07/owl#ObjectProperty>
<http://hl7.org/fhir/ConceptMap.sourceUri>	<http://www.w3.org/2002/07/owl#ObjectProperty>
<http://hl7.org/fhir/ConceptMap.status>	<http://www.w3.org/2002/07/owl#ObjectProperty>
<http://hl7.org/fhir/ConceptMap.target>	<http://www.w3.org/2002/07/owl#ObjectProperty>
<http://hl7.org/fhir/ConceptMap.targetReference>	<http://www.w3.org/2002/07/owl#ObjectProperty>
<http://hl7.org/fhir/ConceptMap.targetUri>	<http://www.w3.org/2002/07/owl#ObjectProperty>
<http://hl7.org/fhir/ConceptMap.title>	<http://www.w3.org/2002/07/owl#ObjectProperty>
<http://hl7.org/fhir/ConceptMap.url>	<http://www.w3.org/2002/07/owl#ObjectProperty>
<http://hl7.org/fhir/ConceptMap.useContext>	<http://www.w3.org/2002/07/owl#ObjectProperty>
<http://hl7.org/fhir/ConceptMap.version>	<http://www.w3.org/2002/07/owl#ObjectProperty>
<http://hl7.org/fhir/ConceptMapGroupComponent>	<http://www.w3.org/2002/07/owl#Class>
<http://hl7.org/fhir/ConceptMapGroupUnmappedComponent>	<http://www.w3.org/2002/07/owl#Class>
<http://hl7.org/fhir/ConceptPropertyComponent>	<http://www.w3.org/2002/07/owl#Class>
<http://hl7.org/fhir/ConceptReferenceComponent>	<http://www.w3.org/2002/07/owl#Class>
<http://hl7.org/fhir/ConceptReferenceDesignationComponent>	<http://www.w3.org/2002/07/owl#Class>
<http://hl7.org/fhir/ConceptSetComponent>	<http://www.w3.org/2002/07/owl#Class>
<http://hl7.org/fhir/ConceptSetFilterComponent>	<http://www.w3.org/2002/07/owl#Class>
<http://hl7.org/fhir/Condition>	<http://www.w3.org/2002/07/owl#Class>
<http://hl7.org/fhir/Condition.abatement>	<http://www.w3.org/2002/07/owl#ObjectProperty>
<http://hl7.org/fhir/Condition.abatementAge>	<http://www.w3.org/2002/07/owl#ObjectProperty>
<http://hl7.org/fhir/Condition.abatementBoolean>	<http://www.w3.org/2002/07/owl#ObjectProperty>
<http://hl7.org/fhir/Condition.abatementDateTime>	<http://www.w3.org/2002/07/owl#ObjectProperty>
<http://hl7.org/fhir/Condition.abatementPeriod>	<http://www.w3.org/2002/07/owl#ObjectProperty>
<http://hl7.org/fhir/Condition.abatementRange>	<http://www.w3.org/2002/07/owl#ObjectProperty>
<http://hl7.org/fhir/Condition.abatementString>	<http://www.w3.org/2002/07/owl#ObjectProperty>
<http://hl7.org/fhir/Condition.assertedDate>	<http://www.w3.org/2002/07/owl#ObjectProperty>
<http://hl7.org/fhir/Condition.asserter>	<http://www.w3.org/2002/07/owl#ObjectProperty>
<http://hl7.org/fhir/Condition.bodySite>	<http://www.w3.org/2002/07/owl#ObjectProperty>
<http://hl7.org/fhir/Condition.category>	<http://www.w3.org/2002/07/owl#ObjectProperty>
<http://hl7.org/fhir/Condition.clinicalStatus>	<http://www.w3.org/2002/07/owl#ObjectProperty>
<http://hl7.org/fhir/Condition.code>	<http://www.w3.org/2002/07/owl#ObjectProperty>
<http://hl7.org/fhir/Condition.context>	<http://www.w3.org/2002/07/owl#ObjectProperty>
<http://hl7.org/fhir/Condition.evidence>	<http://www.w3.org/2002/07/owl#ObjectProperty>
<http://hl7.org/fhir/Condition.evidence.code>	<http://www.w3.org/2002/07/owl#ObjectProperty>
<http://hl7.org/fhir/Condition.evidence.detail>	<http://www.w3.org/2002/07/owl#ObjectProperty>
<http://hl7.org/fhir/Condition.identifier>	<http://www.w3.org/2002/07/owl#ObjectProperty>
<http://hl7.org/fhir/Condition.note>	<http://www.w3.org/2002/07/owl#ObjectProperty>
<http://hl7.org/fhir/Condition.onset>	<http://www.w3.org/2002/07/owl#ObjectProperty>
<http://hl7.org/fhir/Condition.onsetAge>	<http://www.w3.org/2002/07/owl#ObjectProperty>
<http://hl7.org/fhir/Condition.onsetDateTime>	<http://www.w3.org/2002/07/owl#ObjectProperty>
<http://hl7.org/fhir/Condition.onsetPeriod>	<http://www.w3.org/2002/07/owl#ObjectProperty>
<http://hl7.org/fhir/Condition.onsetRange>	<http://www.w3.org/2002/07/owl#ObjectProperty>
<http://hl7.org/fhir/Condition.onsetString>	<http://www.w3.org/2002/07/owl#ObjectProperty>
<http://hl7.org/fhir/Condition.severity>	<http://www.w3.org/2002/07/owl#ObjectProperty>
<http://hl7.org/fhir/Condition.stage>	<http://www.w3.org/2002/07/owl#ObjectProperty>
<http://hl7.org/fhir/Condition.stage.assessment>	<http://www.w3.org/2002/07/owl#ObjectProperty>
<http://hl7.org/fhir/Condition.stage.summary>	<http://www.w3.org/2002/07/owl#ObjectProperty>
<http://hl7.org/fhir/Condition.subject>	<http://www.w3.org/2002/07/owl#ObjectProperty>
<http://hl7.org/fhir/Condition.verificationStatus>	<http://www.w3.org/2002/07/owl#ObjectProperty>
<http://hl7.org/fhir/ConditionEvidenceComponent>	<http://www.w3.org/2002/07/owl#Class>
<http://hl7.org/fhir/ConditionStageComponent>	<http://www.w3.org/2002/07/owl#Class>
<http://hl7.org/fhir/Consent>	<http://www.w3.org/2002/07/owl#Class>
<http://hl7.org/fhir/Consent.action>	<http://www.w3.org/2002/07/owl#ObjectProperty>
<http://hl7.org/fhir/Consent.actor>	<http://www.w3.org/2002/07/owl#ObjectProperty>
<http://hl7.org/fhir/Consent.actor.reference>	<http://www.w3.org/2002/07/owl#ObjectProperty>
<http://hl7.org/fhir/Consent.actor.role>	<http://www.w3.org/2002/07/owl#ObjectProperty>
<http://hl7.org/fhir/Consent.category>	<http://www.w3.org/2002/07/owl#ObjectProperty>
<http://hl7.org/fhir/Consent.consentingParty>	<http://www.w3.org/2002/07/owl#ObjectProperty>
<http://hl7.org/fhir/Consent.data>	<http://www.w3.org/2002/07/owl#ObjectProperty>
<http://hl7.org/fhir/Consent.data.meaning>	<http://www.w3.org/2002/07/owl#ObjectProperty>
<http://hl7.org/fhir/Consent.data.reference>	<http://www.w3.org/2002/07/owl#ObjectProperty>
<http://hl7.org/fhir/Consent.dataPeriod>	<http://www.w3.org/2002/07/owl#ObjectProperty>
<http://hl7.org/fhir/Consent.dateTime>	<http://www.w3.org/2002/07/owl#ObjectProperty>
<http://hl7.org/fhir/Consent.except>	<http://www.w3.org/2002/07/owl#ObjectProperty>
<http://hl7.org/fhir/Consent.except.action>	<http://www.w3.org/2002/07/owl#ObjectProperty>
<http://hl7.org/fhir/Consent.except.actor>	<http://www.w3.org/2002/07/owl#ObjectProperty>
<http://hl7.org/fhir/Consent.except.actor.reference>	<http://www.w3.org/2002/07/owl#ObjectProperty>
<http://hl7.org/fhir/Consent.except.actor.role>	<http://www.w3.org/2002/07/owl#ObjectProperty>
<http://hl7.org/fhir/Consent.except.class>	<http://www.w3.org/2002/07/owl#ObjectProperty>
<http://hl7.org/fhir/Consent.except.code>	<http://www.w3.org/2002/07/owl#ObjectProperty>
<http://hl7.org/fhir/Consent.except.data>	<http://www.w3.org/2002/07/owl#ObjectProperty>
<http://hl7.org/fhir/Consent.except.data.meaning>	<http://www.w3.org/2002/07/owl#ObjectProperty>
<http://hl7.org/fhir/Consent.except.data.reference>	<http://www.w3.org/2002/07/owl#ObjectProperty>
<http://hl7.org/fhir/Consent.except.dataPeriod>	<http://www.w3.org/2002/07/owl#ObjectProperty>
<http://hl7.org/fhir/Consent.except.period>	<http://www.w3.org/2002/07/owl#ObjectProperty>
<http://hl7.org/fhir/Consent.except.purpose>	<http://www.w3.org/2002/07/owl#ObjectProperty>
<http://hl7.org/fhir/Consent.except.securityLabel>	<http://www.w3.org/2002/07/owl#ObjectProperty>
<http://hl7.org/fhir/Consent.except.type>	<http://www.w3.org/2002/07/owl#ObjectProperty>
<http://hl7.org/fhir/Consent.identifier>	<http://www.w3.org/2002/07/owl#ObjectProperty>
<http://hl7.org/fhir/Consent.organization>	<http://www.w3.org/2002/07/owl#ObjectProperty>
<http://hl7.org/fhir/Consent.patient>	<http://www.w3.org/2002/07/owl#ObjectProperty>
<http://hl7.org/fhir/Consent.period>	<http://www.w3.org/2002/07/owl#ObjectProperty>
<http://hl7.org/fhir/Consent.policy>	<http://www.w3.org/2002/07/owl#ObjectProperty>
<http://hl7.org/fhir/Consent.policy.authority>	<http://www.w3.org/2002/07/owl#ObjectProperty>
<http://hl7.org/fhir/Consent.policy.uri>	<http://www.w3.org/2002/07/owl#ObjectProperty>
<http://hl7.org/fhir/Consent.policyRule>	<http://www.w3.org/2002/07/owl#ObjectProperty>
<http://hl7.org/fhir/Consent.purpose>	<http://www.w3.org/2002/07/owl#ObjectProperty>
<http://hl7.org/fhir/Consent.securityLabel>	<http://www.w3.org/2002/07/owl#ObjectProperty>
<http://hl7.org/fhir/Consent.source>	<http://www.w3.org/2002/07/owl#ObjectProperty>
<http://hl7.org/fhir/Consent.sourceAttachment>	<http://www.w3.org/2002/07/owl#ObjectProperty>
<http://hl7.org/fhir/Consent.sourceIdentifier>	<http://www.w3.org/2002/07/owl#ObjectProperty>
<http://hl7.org/fhir/Consent.sourceReference>	<http://www.w3.org/2002/07/owl#ObjectProperty>
<http://hl7.org/fhir/Consent.status>	<http://www.w3.org/2002/07/owl#ObjectProperty>
<http://hl7.org/fhir/ConsentActorComponent>	<http://www.w3.org/2002/07/owl#Class>
<http://hl7.org/fhir/ConsentDataComponent>	<http://www.w3.org/2002/07/owl#Class>
<http://hl7.org/fhir/ConsentPolicyComponent>	<http://www.w3.org/2002/07/owl#Class>
<http://hl7.org/fhir/ContactComponent>	<http://www.w3.org/2002/07/owl#Class>
<http://hl7.org/fhir/ContactDetail>	<http://www.w3.org/2002/07/owl#Class>
<http://hl7.org/fhir/ContactDetail.name>	<http://www.w3.org/2002/07/owl#ObjectProperty>
<http://hl7.org/fhir/ContactDetail.telecom>	<http://www.w3.org/2002/07/owl#ObjectProperty>
<http://hl7.org/fhir/ContactPoint>	<http://www.w3.org/2002/07/owl#Class>
<http://hl7.org/fhir/ContactPoint.period>	<http://www.w3.org/2002/07/owl#ObjectProperty>
<http://hl7.org/fhir/ContactPoint.rank>	<http://www.w3.org/2002/07/owl#ObjectProperty>
<http://hl7.org/fhir/ContactPoint.system>	<http://www.w3.org/2002/07/owl#ObjectProperty>
<http://hl7.org/fhir/ContactPoint.use>	<http://www.w3.org/2002/07/owl#ObjectProperty>
<http://hl7.org/fhir/ContactPoint.value>	<http://www.w3.org/2002/07/owl#ObjectProperty>
<http://hl7.org/fhir/Contract>	<http://www.w3.org/2002/07/owl#Class>
<http://hl7.org/fhir/Contract.action>	<http://www.w3.org/2002/07/owl#ObjectProperty>
<http://hl7.org/fhir/Contract.actionReason>	<http://www.w3.org/2002/07/owl#ObjectProperty>
<http://hl7.org/fhir/Contract.agent>	<http://www.w3.org/2002/07/owl#ObjectProperty>
<http://hl7.org/fhir/Contract.agent.actor>	<http://www.w3.org/2002/07/owl#ObjectProperty>
<http://hl7.org/fhir/Contract.agent.role>	<http://www.w3.org/2002/07/owl#ObjectProperty>
<http://hl7.org/fhir/Contract.applies>	<http://www.w3.org/2002/07/owl#ObjectProperty>
<http://hl7.org/fhir/Contract.authority>	<http://www.w3.org/2002/07/owl#ObjectProperty>
<http://hl7.org/fhir/Contract.binding>	<http://www.w3.org/2002/07/owl#ObjectProperty>
<http://hl7.org/fhir/Contract.bindingAttachment>	<http://www.w3.org/2002/07/owl#ObjectProperty>
<http://hl7.org/fhir/Contract.bindingReference>	<http://www.w3.org/2002/07/owl#ObjectProperty>
<http://hl7.org/fhir/Contract.contentDerivative>	<http://www.w3.org/2002/07/owl#ObjectProperty>
<http://hl7.org/fhir/Contract.decisionType>	<http://www.w3.org/2002/07/owl#ObjectProperty>
<http://hl7.org/fhir/Contract.domain>	<http://www.w3.org/2002/07/owl#ObjectProperty>
<http://hl7.org/fhir/Contract.friendly>	<http://www.w3.org/2002/07/owl#ObjectProperty>
<http://hl7.org/fhir/Contract.friendly.content>	<http://www.w3.org/2002/07/owl#ObjectProperty>
<http://hl7.org/fhir/Contract.friendly.contentAttachment>	<http://www.w3.org/2002/07/owl#ObjectProperty>
<http://hl7.org/fhir/Contract.friendly.contentReference>	<http://www.w3.org/2002/07/owl#ObjectProperty>
<http://hl7.org/fhir/Contract.identifier>	<http://www.w3.org/2002/07/owl#ObjectProperty>
<http://hl7.org/fhir/Contract.issued>	<http://www.w3.org/2002/07/owl#ObjectProperty>
<http://hl7.org/fhir/Contract.legal>	<http://www.w3.org/2002/07/owl#ObjectProperty>
<http://hl7.org/fhir/Contract.legal.content>	<http://www.w3.org/2002/07/owl#ObjectProperty>
<http://hl7.org/fhir/Contract.legal.contentAttachment>	<http://www.w3.org/2002/07/owl#ObjectProperty>
<http://hl7.org/fhir/Contract.legal.contentReference>	<http://www.w3.org/2002/07/owl#ObjectProperty>
<http://hl7.org/fhir/Contract.rule>	<http://www.w3.org/2002/07/owl#ObjectProperty>
<http://hl7.org/fhir/Contract.rule.content>	<http://www.w3.org/2002/07/owl#ObjectProperty>
<http://hl7.org/fhir/Contract.rule.contentAttachment>	<http://www.w3.org/2002/07/owl#ObjectProperty>
<http://hl7.org/fhir/Contract.rule.contentReference>	<http://www.w3.org/2002/07/owl#ObjectProperty>
<http://hl7.org/fhir/Contract.securityLabel>	<http://www.w3.org/2002/07/owl#ObjectProperty>
<http://hl7.org/fhir/Contract.signer>	<http://www.w3.org/2002/07/owl#ObjectProperty>
<http://hl7.org/fhir/Contract.signer.party>	<http://www.w3.org/2002/07/owl#ObjectProperty>
<http://hl7.org/fhir/Contract.signer.signature>	<http://www.w3.org/2002/07/owl#ObjectProperty>
<http://hl7.org/fhir/Contract.signer.type>	<http://www.w3.org/2002/07/owl#ObjectProperty>
<http://hl7.org/fhir/Contract.status>	<http://www.w3.org/2002/07/owl#ObjectProperty>
<http://hl7.org/fhir/Contract.subType>	<http://www.w3.org/2002/07/owl#ObjectProperty>
<http://hl7.org/fhir/Contract.subject>	<http://www.w3.org/2002/07/owl#ObjectProperty>
<http://hl7.org/fhir/Contract.term>	<http://www.w3.org/2002/07/owl#ObjectProperty>
<http://hl7.org/fhir/Contract.term.action>	<http://www.w3.org/2002/07/owl#ObjectProperty>
<http://hl7.org/fhir/Contract.term.actionReason>	<http://www.w3.org/2002/07/owl#ObjectProperty>
<http://hl7.org/fhir/Contract.term.agent>	<http://www.w3.org/2002/07/owl#ObjectProperty>
<http://hl7.org/fhir/Contract.term.agent.actor>	<http://www.w3.org/2002/07/owl#ObjectProperty>
<http://hl7.org/fhir/Contract.term.agent.role>	<http://www.w3.org/2002/07/owl#ObjectProperty>
<http://hl7.org/fhir/Contract.term.applies>	<http://www.w3.org/2002/07/owl#ObjectProperty>
<http://hl7.org/fhir/Contract.term.group>	<http://www.w3.org/2002/07/owl#ObjectProperty>
<http://hl7.org/fhir/Contract.term.identifier>	<http://www.w3.org/2002/07/owl#ObjectProperty>
<http://hl7.org/fhir/Contract.term.issued>	<http://www.w3.org/2002/07/owl#ObjectProperty>
<http://hl7.org/fhir/Contract.term.securityLabel>	<http://www.w3.org/2002/07/owl#ObjectProperty>
<http://hl7.org/fhir/Contract.term.subType>	<http://www.w3.org/2002/07/owl#ObjectProperty>
<http://hl7.org/fhir/Contract.term.text>	<http://www.w3.org/2002/07/owl#ObjectProperty>
<http://hl7.org/fhir/Contract.term.topic>	<http://www.w3.org/2002/07/owl#ObjectProperty>
<http://hl7.org/fhir/Contract.term.type>	<http://www.w3.org/2002/07/owl#ObjectProperty>
<http://hl7.org/fhir/Contract.term.valuedItem>	<http://www.w3.org/2002/07/owl#ObjectProperty>
<http://hl7.org/fhir/Contract.term.valuedItem.effectiveTime>	<http://www.w3.org/2002/07/owl#ObjectProperty>
<http://hl7.org/fhir/Contract.term.valuedItem.entity>	<http://www.w3.org/2002/07/owl#ObjectProperty>
<http://hl7.org/fhir/Contract.term.valuedItem.entityCodeableConcept>	<http://www.w3.org/2002/07/owl#ObjectProperty>
<http://hl7.org/fhir/Contract.term.valuedItem.entityReference>	<http://www.w3.org/2002/07/owl#ObjectProperty>
<http://hl7.org/fhir/Contract.term.valuedItem.factor>	<http://www.w3.org/2002/07/owl#ObjectProperty>
<http://hl7.org/fhir/Contract.term.valuedItem.identifier>	<http://www.w3.org/2002/07/owl#ObjectProperty>
<http://hl7.org/fhir/Contract.term.valuedItem.net>	<http://www.w3.org/2002/07/owl#ObjectProperty>
<http://hl7.org/fhir/Contract.term.valuedItem.points>	<http://www.w3.org/2002/07/owl#ObjectProperty>
<http://hl7.org/fhir/Contract.term.valuedItem.quantity>	<http://www.w3.org/2002/07/owl#ObjectProperty>
<http://hl7.org/fhir/Contract.term.valuedItem.unitPrice>	<http://www.w3.org/2002/07/owl#ObjectProperty>
<http://hl7.org/fhir/Contract.topic>	<http://www.w3.org/2002/07/owl#ObjectProperty>
<http://hl7.org/fhir/Contract.type>	<http://www.w3.org/2002/07/owl#ObjectProperty>
<http://hl7.org/fhir/Contract.valuedItem>	<http://www.w3.org/2002/07/owl#ObjectProperty>
<http://hl7.org/fhir/Contract.valuedItem.effectiveTime>	<http://www.w3.org/2002/07/owl#ObjectProperty>
<http://hl7.org/fhir/Contract.valuedItem.entity>	<http://www.w3.org/2002/07/owl#ObjectProperty>
<http://hl7.org/fhir/Contract.valuedItem.entityCodeableConcept>	<http://www.w3.org/2002/07/owl#ObjectProperty>
<http://hl7.org/fhir/Contract.valuedItem.entityReference>	<http://www.w3.org/2002/07/owl#ObjectProperty>
<http://hl7.org/fhir/Contract.valuedItem.factor>	<http://www.w3.org/2002/07/owl#ObjectProperty>
<http://hl7.org/fhir/Contract.valuedItem.identifier>	<http://www.w3.org/2002/07/owl#ObjectProperty>
<http://hl7.org/fhir/Contract.valuedItem.net>	<http://www.w3.org/2002/07/owl#ObjectProperty>
<http://hl7.org/fhir/Contract.valuedItem.points>	<http://www.w3.org/2002/07/owl#ObjectProperty>
<http://hl7.org/fhir/Contract.valuedItem.quantity>	<http://www.w3.org/2002/07/owl#ObjectProperty>
<http://hl7.org/fhir/Contract.valuedItem.unitPrice>	<http://www.w3.org/2002/07/owl#ObjectProperty>
<http://hl7.org/fhir/Contributor>	<http://www.w3.org/2002/07/owl#Class>
<http://hl7.org/fhir/Contributor.contact>	<http://www.w3.org/2002/07/owl#ObjectProperty>
<http://hl7.org/fhir/Contributor.name>	<http://www.w3.org/2002/07/owl#ObjectProperty>
<http://hl7.org/fhir/Contributor.type>	<http://www.w3.org/2002/07/owl#ObjectProperty>
<http://hl7.org/fhir/Count>	<http://www.w3.org/2002/07/owl#Class>
<http://hl7.org/fhir/Coverage>	<http://www.w3.org/2002/07/owl#Class>
<http://hl7.org/fhir/Coverage.beneficiary>	<http://www.w3.org/2002/07/owl#ObjectProperty>
<http://hl7.org/fhir/Coverage.contract>	<http://www.w3.org/2002/07/owl#ObjectProperty>
<http://hl7.org/fhir/Coverage.dependent>	<http://www.w3.org/2002/07/owl#ObjectProperty>
<http://hl7.org/fhir/Coverage.grouping>	<http://www.w3.org/2002/07/owl#ObjectProperty>
<http://hl7.org/fhir/Coverage.grouping.class>	<http://www.w3.org/2002/07/owl#ObjectProperty>
<http://hl7.org/fhir/Coverage.grouping.classDisplay>	<http://www.w3.org/2002/07/owl#ObjectProperty>
<http://hl7.org/fhir/Coverage.grouping.group>	<http://www.w3.org/2002/07/owl#ObjectProperty>
<http://hl7.org/fhir/Coverage.grouping.groupDisplay>	<http://www.w3.org/2002/07/owl#ObjectProperty>
<http://hl7.org/fhir/Coverage.grouping.plan>	<http://www.w3.org/2002/07/owl#ObjectProperty>
<http://hl7.org/fhir/Coverage.grouping.planDisplay>	<http://www.w3.org/2002/07/owl#ObjectProperty>
<http://hl7.org/fhir/Coverage.grouping.subClass>	<http://www.w3.org/2002/07/owl#ObjectProperty>
<http://hl7.org/fhir/Coverage.grouping.subClassDisplay>	<http://www.w3.org/2002/07/owl#ObjectProperty>
<http://hl7.org/fhir/Coverage.grouping.subGroup>	<http://www.w3.org/2002/07/owl#ObjectProperty>
<http://hl7.org/fhir/Coverage.grouping.subGroupDisplay>	<http://www.w3.org/2002/07/owl#ObjectProperty>
<http://hl7.org/fhir/Coverage.grouping.subPlan>	<http://www.w3.org/2002/07/owl#ObjectProperty>
<http://hl7.org/fhir/Coverage.grouping.subPlanDisplay>	<http://www.w3.org/2002/07/owl#ObjectProperty>
<http://hl7.org/fhir/Coverage.identifier>	<http://www.w3.org/2002/07/owl#ObjectProperty>
<http://hl7.org/fhir/Coverage.network>	<http://www.w3.org/2002/07/owl#ObjectProperty>
<http://hl7.org/fhir/Coverage.order>	<http://www.w3.org/2002/07/owl#ObjectProperty>
<http://hl7.org/fhir/Coverage.payor>	<http://www.w3.org/2002/07/owl#ObjectProperty>
<http://hl7.org/fhir/Coverage.period>	<http://www.w3.org/2002/07/owl#ObjectProperty>
<http://hl7.org/fhir/Coverage.policyHolder>	<http://www.w3.org/2002/07/owl#ObjectProperty>
<http://hl7.org/fhir/Coverage.relationship>	<http://www.w3.org/2002/07/owl#ObjectProperty>
<http://hl7.org/fhir/Coverage.sequence>	<http://www.w3.org/2002/07/owl#ObjectProperty>
<http://hl7.org/fhir/Coverage.status>	<http://www.w3.org/2002/07/owl#ObjectProperty>
<http://hl7.org/fhir/Coverage.subscriber>	<http://www.w3.org/2002/07/owl#ObjectProperty>
<http://hl7.org/fhir/Coverage.subscriberId>	<http://www.w3.org/2002/07/owl#ObjectProperty>
<http://hl7.org/fhir/Coverage.type>	<http://www.w3.org/2002/07/owl#ObjectProperty>
<http://hl7.org/fhir/CoverageComponent>	<http://www.w3.org/2002/07/owl#Class>
<http://hl7.org/fhir/DataElement>	<http://www.w3.org/2002/07/owl#Class>
<http://hl7.org/fhir/DataElement.contact>	<http://www.w3.org/2002/07/owl#ObjectProperty>
<http://hl7.org/fhir/DataElement.copyright>	<http://www.w3.org/2002/07/owl#ObjectProperty>
<http://hl7.org/fhir/DataElement.date>	<http://www.w3.org/2002/07/owl#ObjectProperty>
<http://hl7.org/fhir/DataElement.element>	<http://www.w3.org/2002/07/owl#ObjectProperty>
<http://hl7.org/fhir/DataElement.experimental>	<http://www.w3.org/2002/07/owl#ObjectProperty>
<http://hl7.org/fhir/DataElement.identifier>	<http://www.w3.org/2002/07/owl#ObjectProperty>
<http://hl7.org/fhir/DataElement.jurisdiction>	<http://www.w3.org/2002/07/owl#ObjectProperty>
<http://hl7.org/fhir/DataElement.mapping>	<http://www.w3.org/2002/07/owl#ObjectProperty>
<http://hl7.org/fhir/DataElement.mapping.comment>	<http://www.w3.org/2002/07/owl#ObjectProperty>
<http://hl7.org/fhir/DataElement.mapping.identity>	<http://www.w3.org/2002/07/owl#ObjectProperty>
<http://hl7.org/fhir/DataElement.mapping.name>	<http://www.w3.org/2002/07/owl#ObjectProperty>
<http://hl7.org/fhir/DataElement.mapping.uri>	<http://www.w3.org/2002/07/owl#ObjectProperty>
<http://hl7.org/fhir/DataElement.name>	<http://www.w3.org/2002/07/owl#ObjectProperty>
<http://hl7.org/fhir/DataElement.publisher>	<http://www.w3.org/2002/07/owl#ObjectProperty>
<http://hl7.org/fhir/DataElement.status>	<http://www.w3.org/2002/07/owl#ObjectProperty>
<http://hl7.org/fhir/DataElement.stringency>	<http://www.w3.org/2002/07/owl#ObjectProperty>
<http://hl7.org/fhir/DataElement.title>	<http://www.w3.org/2002/07/owl#ObjectProperty>
<http://hl7.org/fhir/DataElement.url>	<http://www.w3.org/2002/07/owl#ObjectProperty>
<http://hl7.org/fhir/DataElement.useContext>	<http://www.w3.org/2002/07/owl#ObjectProperty>
<http://hl7.org/fhir/DataElement.version>	<http://www.w3.org/2002/07/owl#ObjectProperty>
<http://hl7.org/fhir/DataElementMappingComponent>	<http://www.w3.org/2002/07/owl#Class>
<http://hl7.org/fhir/DataRequirement>	<http://www.w3.org/2002/07/owl#Class>
<http://hl7.org/fhir/DataRequirement.codeFilter>	<http://www.w3.org/2002/07/owl#ObjectProperty>
<http://hl7.org/fhir/DataRequirement.codeFilter.path>	<http://www.w3.org/2002/07/owl#ObjectProperty>
<http://hl7.org/fhir/DataRequirement.codeFilter.valueCode>	<http://www.w3.org/2002/07/owl#ObjectProperty>
<http://hl7.org/fhir/DataRequirement.codeFilter.valueCodeableConcept>	<http://www.w3.org/2002/07/owl#ObjectProperty>
<http://hl7.org/fhir/DataRequirement.codeFilter.valueCoding>	<http://www.w3.org/2002/07/owl#ObjectProperty>
<http://hl7.org/fhir/DataRequirement.codeFilter.valueSet>	<http://www.w3.org/2002/07/owl#ObjectProperty>
<http://hl7.org/fhir/DataRequirement.codeFilter.valueSetReference>	<http://www.w3.org/2002/07/owl#ObjectProperty>
<http://hl7.org/fhir/DataRequirement.codeFilter.valueSetString>	<http://www.w3.org/2002/07/owl#ObjectProperty>
<http://hl7.org/fhir/DataRequirement.dateFilter>	<http://www.w3.org/2002/07/owl#ObjectProperty>
<http://hl7.org/fhir/DataRequirement.dateFilter.path>	<http://www.w3.org/2002/07/owl#ObjectProperty>
<http://hl7.org/fhir/DataRequirement.dateFilter.value>	<http://www.w3.org/2002/07/owl#ObjectProperty>
<http://hl7.org/fhir/DataRequirement.dateFilter.valueDateTime>	<http://www.w3.org/2002/07/owl#ObjectProperty>
<http://hl7.org/fhir/DataRequirement.dateFilter.valueDuration>	<http://www.w3.org/2002/07/owl#ObjectProperty>
<http://hl7.org/fhir/DataRequirement.dateFilter.valuePeriod>	<http://www.w3.org/2002/07/owl#ObjectProperty>
<http://hl7.org/fhir/DataRequirement.mustSupport>	<http://www.w3.org/2002/07/owl#ObjectProperty>
<http://hl7.org/fhir/DataRequirement.profile>	<http://www.w3.org/2002/07/owl#ObjectProperty>
<http://hl7.org/fhir/DataRequirement.type>	<http://www.w3.org/2002/07/owl#ObjectProperty>
<http://hl7.org/fhir/DataRequirementCodeFilterComponent>	<http://www.w3.org/2002/07/owl#Class>
<http://hl7.org/fhir/DataRequirementDateFilterComponent>	<http://www.w3.org/2002/07/owl#Class>
<http://hl7.org/fhir/DesignationExcludeComponent>	<http://www.w3.org/2002/07/owl#Class>
<http://hl7.org/fhir/DesignationExcludeDesignationComponent>	<http://www.w3.org/2002/07/owl#Class>
<http://hl7.org/fhir/DesignationIncludeComponent>	<http://www.w3.org/2002/07/owl#Class>
<http://hl7.org/fhir/DesignationIncludeDesignationComponent>	<http://www.w3.org/2002/07/owl#Class>
<http://hl7.org/fhir/DetailComponent>	<http://www.w3.org/2002/07/owl#Class>
<http://hl7.org/fhir/DetailsComponent>	<http://www.w3.org/2002/07/owl#Class>
<http://hl7.org/fhir/DetectedIssue>	<http://www.w3.org/2002/07/owl#Class>
<http://hl7.org/fhir/DetectedIssue.author>	<http://www.w3.org/2002/07/owl#ObjectProperty>
<http://hl7.org/fhir/DetectedIssue.category>	<http://www.w3.org/2002/07/owl#ObjectProperty>
<http://hl7.org/fhir/DetectedIssue.date>	<http://www.w3.org/2002/07/owl#ObjectProperty>
<http://hl7.org/fhir/DetectedIssue.detail>	<http://www.w3.org/2002/07/owl#ObjectProperty>
<http://hl7.org/fhir/DetectedIssue.identifier>	<http://www.w3.org/2002/07/owl#ObjectProperty>
<http://hl7.org/fhir/DetectedIssue.implicated>	<http://www.w3.org/2002/07/owl#ObjectProperty>
<http://hl7.org/fhir/DetectedIssue.mitigation>	<http://www.w3.org/2002/07/owl#ObjectProperty>
<http://hl7.org/fhir/DetectedIssue.mitigation.action>	<http://www.w3.org/2002/07/owl#ObjectProperty>
<http://hl7.org/fhir/DetectedIssue.mitigation.author>	<http://www.w3.org/2002/07/owl#ObjectProperty>
<http://hl7.org/fhir/DetectedIssue.mitigation.date>	<http://www.w3.org/2002/07/owl#ObjectProperty>
<http://hl7.org/fhir/DetectedIssue.patient>	<http://www.w3.org/2002/07/owl#ObjectProperty>
<http://hl7.org/fhir/DetectedIssue.reference>	<http://www.w3.org/2002/07/owl#ObjectProperty>
<http://hl7.org/fhir/DetectedIssue.severity>	<http://www.w3.org/2002/07/owl#ObjectProperty>
<http://hl7.org/fhir/DetectedIssue.status>	<http://www.w3.org/2002/07/owl#ObjectProperty>
<http://hl7.org/fhir/DetectedIssueMitigationComponent>	<http://www.w3.org/2002/07/owl#Class>
<http://hl7.org/fhir/Device>	<http://www.w3.org/2002/07/owl#Class>
<http://hl7.org/fhir/Device.contact>	<http://www.w3.org/2002/07/owl#ObjectProperty>
<http://hl7.org/fhir/Device.expirationDate>	<http://www.w3.org/2002/07/owl#ObjectProperty>
<http://hl7.org/fhir/Device.identifier>	<http://www.w3.org/2002/07/owl#ObjectProperty>
<http://hl7.org/fhir/Device.location>	<http://www.w3.org/2002/07/owl#ObjectProperty>
<http://hl7.org/fhir/Device.lotNumber>	<http://www.w3.org/2002/07/owl#ObjectProperty>
<http://hl7.org/fhir/Device.manufactureDate>	<http://www.w3.org/2002/07/owl#ObjectProperty>
<http://hl7.org/fhir/Device.manufacturer>	<http://www.w3.org/2002/07/owl#ObjectProperty>
<http://hl7.org/fhir/Device.model>	<http://www.w3.org/2002/07/owl#ObjectProperty>
<http://hl7.org/fhir/Device.note>	<http://www.w3.org/2002/07/owl#ObjectProperty>
<http://hl7.org/fhir/Device.owner>	<http://www.w3.org/2002/07/owl#ObjectProperty>
<http://hl7.org/fhir/Device.patient>	<http://www.w3.org/2002/07/owl#ObjectProperty>
<http://hl7.org/fhir/Device.safety>	<http://www.w3.org/2002/07/owl#ObjectProperty>
<http://hl7.org/fhir/Device.status>	<http://www.w3.org/2002/07/owl#ObjectProperty>
<http://hl7.org/fhir/Device.type>	<http://www.w3.org/2002/07/owl#ObjectProperty>
<http://hl7.org/fhir/Device.udi>	<http://www.w3.org/2002/07/owl#ObjectProperty>
<http://hl7.org/fhir/Device.udi.carrierAIDC>	<http://www.w3.org/2002/07/owl#ObjectProperty>
<http://hl7.org/fhir/Device.udi.carrierHRF>	<http://www.w3.org/2002/07/owl#ObjectProperty>
<http://hl7.org/fhir/Device.udi.deviceIdentifier>	<http://www.w3.org/2002/07/owl#ObjectProperty>
<http://hl7.org/fhir/Device.udi.entryType>	<http://www.w3.org/2002/07/owl#ObjectProperty>
<http://hl7.org/fhir/Device.udi.issuer>	<http://www.w3.org/2002/07/owl#ObjectProperty>
<http://hl7.org/fhir/Device.udi.jurisdiction>	<http://www.w3.org/2002/07/owl#ObjectProperty>
<http://hl7.org/fhir/Device.udi.name>	<http://www.w3.org/2002/07/owl#ObjectProperty>
<http://hl7.org/fhir/Device.url>	<http://www.w3.org/2002/07/owl#ObjectProperty>
<http://hl7.org/fhir/Device.version>	<http://www.w3.org/2002/07/owl#ObjectProperty>
<http://hl7.org/fhir/DeviceComponent>	<http://www.w3.org/2002/07/owl#Class>
<http://hl7.org/fhir/DeviceComponent.identifier>	<http://www.w3.org/2002/07/owl#ObjectProperty>
<http://hl7.org/fhir/DeviceComponent.languageCode>	<http://www.w3.org/2002/07/owl#ObjectProperty>
<http://hl7.org/fhir/DeviceComponent.lastSystemChange>	<http://www.w3.org/2002/07/owl#ObjectProperty>
<http://hl7.org/fhir/DeviceComponent.measurementPrinciple>	<http://www.w3.org/2002/07/owl#ObjectProperty>
<http://hl7.org/fhir/DeviceComponent.operationalStatus>	<http://www.w3.org/2002/07/owl#ObjectProperty>
<http://hl7.org/fhir/DeviceComponent.parameterGroup>	<http://www.w3.org/2002/07/owl#ObjectProperty>
<http://hl7.org/fhir/DeviceComponent.parent>	<http://www.w3.org/2002/07/owl#ObjectProperty>
<http://hl7.org/fhir/DeviceComponent.productionSpecification>	<http://www.w3.org/2002/07/owl#ObjectProperty>
<http://hl7.org/fhir/DeviceComponent.productionSpecification.componentId>	<http://www.w3.org/2002/07/owl#ObjectProperty>
<http://hl7.org/fhir/DeviceComponent.productionSpecification.productionSpec>	<http://www.w3.org/2002/07/owl#ObjectProperty>
<http://hl7.org/fhir/DeviceComponent.productionSpecification.specType>	<http://www.w3.org/2002/07/owl#ObjectProperty>
<http://hl7.org/fhir/DeviceComponent.source>	<http://www.w3.org/2002/07/owl#ObjectProperty>
<http://hl7.org/fhir/DeviceComponent.type>	<http://www.w3.org/2002/07/owl#ObjectProperty>
<http://hl7.org/fhir/DeviceComponentProductionSpecificationComponent>	<http://www.w3.org/2002/07/owl#Class>
<http://hl7.org/fhir/DeviceMetric>	<http://www.w3.org/2002/07/owl#Class>
<http://hl7.org/fhir/DeviceMetric.calibration>	<http://www.w3.org/2002/07/owl#ObjectProperty>
<http://hl7.org/fhir/DeviceMetric.calibration.state>	<http://www.w3.org/2002/07/owl#ObjectProperty>
<http://hl7.org/fhir/DeviceMetric.calibration.time>	<http://www.w3.org/2002/07/owl#ObjectProperty>
<http://hl7.org/fhir/DeviceMetric.calibration.type>	<http://www.w3.org/2002/07/owl#ObjectProperty>
<http://hl7.org/fhir/DeviceMetric.category>	<http://www.w3.org/2002/07/owl#ObjectProperty>
<http://hl7.org/fhir/DeviceMetric.color>	<http://www.w3.org/2002/07/owl#ObjectProperty>
<http://hl7.org/fhir/DeviceMetric.identifier>	<http://www.w3.org/2002/07/owl#ObjectProperty>
<http://hl7.org/fhir/DeviceMetric.measurementPeriod>	<http://www.w3.org/2002/07/owl#ObjectProperty>
<http://hl7.org/fhir/DeviceMetric.operationalStatus>	<http://www.w3.org/2002/07/owl#ObjectProperty>
<http://hl7.org/fhir/DeviceMetric.parent>	<http://www.w3.org/2002/07/owl#ObjectProperty>
<http://hl7.org/fhir/DeviceMetric.source>	<http://www.w3.org/2002/07/owl#ObjectProperty>
<http://hl7.org/fhir/DeviceMetric.type>	<http://www.w3.org/2002/07/owl#ObjectProperty>
<http://hl7.org/fhir/DeviceMetric.unit>	<http://www.w3.org/2002/07/owl#ObjectProperty>
<http://hl7.org/fhir/DeviceMetricCalibrationComponent>	<http://www.w3.org/2002/07/owl#Class>
<http://hl7.org/fhir/DeviceRequest>	<http://www.w3.org/2002/07/owl#Class>
<http://hl7.org/fhir/DeviceRequest.authoredOn>	<http://www.w3.org/2002/07/owl#ObjectProperty>
<http://hl7.org/fhir/DeviceRequest.basedOn>	<http://www.w3.org/2002/07/owl#ObjectProperty>
<http://hl7.org/fhir/DeviceRequest.code>	<http://www.w3.org/2002/07/owl#ObjectProperty>
<http://hl7.org/fhir/DeviceRequest.codeCodeableConcept>	<http://www.w3.org/2002/07/owl#ObjectProperty>
<http://hl7.org/fhir/DeviceRequest.codeReference>	<http://www.w3.org/2002/07/owl#ObjectProperty>
<http://hl7.org/fhir/DeviceRequest.context>	<http://www.w3.org/2002/07/owl#ObjectProperty>
<http://hl7.org/fhir/DeviceRequest.definition>	<http://www.w3.org/2002/07/owl#ObjectProperty>
<http://hl7.org/fhir/DeviceRequest.groupIdentifier>	<http://www.w3.org/2002/07/owl#ObjectProperty>
<http://hl7.org/fhir/DeviceRequest.identifier>	<http://www.w3.org/2002/07/owl#ObjectProperty>
<http://hl7.org/fhir/DeviceRequest.intent>	<http://www.w3.org/2002/07/owl#ObjectProperty>
<http://hl7.org/fhir/DeviceRequest.note>	<http://www.w3.org/2002/07/owl#ObjectProperty>
<http://hl7.org/fhir/DeviceRequest.occurrence>	<http://www.w3.org/2002/07/owl#ObjectProperty>
<http://hl7.org/fhir/DeviceRequest.occurrenceDateTime>	<http://www.w3.org/2002/07/owl#ObjectProperty>
<http://hl7.org/fhir/DeviceRequest.occurrencePeriod>	<http://www.w3.org/2002/07/owl#ObjectProperty>
<http://hl7.org/fhir/DeviceRequest.occurrenceTiming>	<http://www.w3.org/2002/07/owl#ObjectProperty>
<http://hl7.org/fhir/DeviceRequest.performer>	<http://www.w3.org/2002/07/owl#ObjectProperty>
<http://hl7.org/fhir/DeviceRequest.performerType>	<http://www.w3.org/2002/07/owl#ObjectProperty>
<http://hl7.org/fhir/DeviceRequest.priorRequest>	<http://www.w3.org/2002/07/owl#ObjectProperty>
<http://hl7.org/fhir/DeviceRequest.priority>	<http://www.w3.org/2002/07/owl#ObjectProperty>
<http://hl7.org/fhir/DeviceRequest.reasonCode>	<http://www.w3.org/2002/07/owl#ObjectProperty>
<http://hl7.org/fhir/DeviceRequest.reasonReference>	<http://www.w3.org/2002/07/owl#ObjectProperty>
<http://hl7.org/fhir/DeviceRequest.relevantHistory>	<http://www.w3.org/2002/07/owl#ObjectProperty>
<http://hl7.org/fhir/DeviceRequest.requester>	<http://www.w3.org/2002/07/owl#ObjectProperty>
<http://hl7.org/fhir/DeviceRequest.requester.agent>	<http://www.w3.org/2002/07/owl#ObjectProperty>
<http://hl7.org/fhir/DeviceRequest.requester.onBehalfOf>	<http://www.w3.org/2002/07/owl#ObjectProperty>
<http://hl7.org/fhir/DeviceRequest.status>	<http://www.w3.org/2002/07/owl#ObjectProperty>
<http://hl7.org/fhir/DeviceRequest.subject>	<http://www.w3.org/2002/07/owl#ObjectProperty>
<http://hl7.org/fhir/DeviceRequest.supportingInfo>	<http://www.w3.org/2002/07/owl#ObjectProperty>
<http://hl7.org/fhir/DeviceRequestRequesterComponent>	<http://www.w3.org/2002/07/owl#Class>
<http://hl7.org/fhir/DeviceUdiComponent>	<http://www.w3.org/2002/07/owl#Class>
<http://hl7.org/fhir/DeviceUseStatement>	<http://www.w3.org/2002/07/owl#Class>
<http://hl7.org/fhir/DeviceUseStatement.bodySite>	<http://www.w3.org/2002/07/owl#ObjectProperty>
<http://hl7.org/fhir/DeviceUseStatement.device>	<http://www.w3.org/2002/07/owl#ObjectProperty>
<http://hl7.org/fhir/DeviceUseStatement.identifier>	<http://www.w3.org/2002/07/owl#ObjectProperty>
<http://hl7.org/fhir/DeviceUseStatement.indication>	<http://www.w3.org/2002/07/owl#ObjectProperty>
<http://hl7.org/fhir/DeviceUseStatement.note>	<http://www.w3.org/2002/07/owl#ObjectProperty>
<http://hl7.org/fhir/DeviceUseStatement.recordedOn>	<http://www.w3.org/2002/07/owl#ObjectProperty>
<http://hl7.org/fhir/DeviceUseStatement.source>	<http://www.w3.org/2002/07/owl#ObjectProperty>
<http://hl7.org/fhir/DeviceUseStatement.status>	<http://www.w3.org/2002/07/owl#ObjectProperty>
<http://hl7.org/fhir/DeviceUseStatement.subject>	<http://www.w3.org/2002/07/owl#ObjectProperty>
<http://hl7.org/fhir/DeviceUseStatement.timing>	<http://www.w3.org/2002/07/owl#ObjectProperty>
<http://hl7.org/fhir/DeviceUseStatement.timingDateTime>	<http://www.w3.org/2002/07/owl#ObjectProperty>
<http://hl7.org/fhir/DeviceUseStatement.timingPeriod>	<http://www.w3.org/2002/07/owl#ObjectProperty>
<http://hl7.org/fhir/DeviceUseStatement.timingTiming>	<http://www.w3.org/2002/07/owl#ObjectProperty>
<http://hl7.org/fhir/DeviceUseStatement.whenUsed>	<http://www.w3.org/2002/07/owl#ObjectProperty>
<http://hl7.org/fhir/DiagnosisComponent>	<http://www.w3.org/2002/07/owl#Class>
<http://hl7.org/fhir/DiagnosticReport>	<http://www.w3.org/2002/07/owl#Class>
<http://hl7.org/fhir/DiagnosticReport.basedOn>	<http://www.w3.org/2002/07/owl#ObjectProperty>
<http://hl7.org/fhir/DiagnosticReport.category>	<http://www.w3.org/2002/07/owl#ObjectProperty>
<http://hl7.org/fhir/DiagnosticReport.code>	<http://www.w3.org/2002/07/owl#ObjectProperty>
<http://hl7.org/fhir/DiagnosticReport.codedDiagnosis>	<http://www.w3.org/2002/07/owl#ObjectProperty>
<http://hl7.org/fhir/DiagnosticReport.conclusion>	<http://www.w3.org/2002/07/owl#ObjectProperty>
<http://hl7.org/fhir/DiagnosticReport.context>	<http://www.w3.org/2002/07/owl#ObjectProperty>
<http://hl7.org/fhir/DiagnosticReport.effective>	<http://www.w3.org/2002/07/owl#ObjectProperty>
<http://hl7.org/fhir/DiagnosticReport.effectiveDateTime>	<http://www.w3.org/2002/07/owl#ObjectProperty>
<http://hl7.org/fhir/DiagnosticReport.effectivePeriod>	<http://www.w3.org/2002/07/owl#ObjectProperty>
<http://hl7.org/fhir/DiagnosticReport.identifier>	<http://www.w3.org/2002/07/owl#ObjectProperty>
<http://hl7.org/fhir/DiagnosticReport.image>	<http://www.w3.org/2002/07/owl#ObjectProperty>
<http://hl7.org/fhir/DiagnosticReport.image.comment>	<http://www.w3.org/2002/07/owl#ObjectProperty>
<http://hl7.org/fhir/DiagnosticReport.image.link>	<http://www.w3.org/2002/07/owl#ObjectProperty>
<http://hl7.org/fhir/DiagnosticReport.imagingStudy>	<http://www.w3.org/2002/07/owl#ObjectProperty>
<http://hl7.org/fhir/DiagnosticReport.issued>	<http://www.w3.org/2002/07/owl#ObjectProperty>
<http://hl7.org/fhir/DiagnosticReport.performer>	<http://www.w3.org/2002/07/owl#ObjectProperty>
<http://hl7.org/fhir/DiagnosticReport.performer.actor>	<http://www.w3.org/2002/07/owl#ObjectProperty>
<http://hl7.org/fhir/DiagnosticReport.performer.role>	<http://www.w3.org/2002/07/owl#ObjectProperty>
<http://hl7.org/fhir/DiagnosticReport.presentedForm>	<http://www.w3.org/2002/07/owl#ObjectProperty>
<http://hl7.org/fhir/DiagnosticReport.result>	<http://www.w3.org/2002/07/owl#ObjectProperty>
<http://hl7.org/fhir/DiagnosticReport.specimen>	<http://www.w3.org/2002/07/owl#ObjectProperty>
<http://hl7.org/fhir/DiagnosticReport.status>	<http://www.w3.org/2002/07/owl#ObjectProperty>
<http://hl7.org/fhir/DiagnosticReport.subject>	<http://www.w3.org/2002/07/owl#ObjectProperty>
<http://hl7.org/fhir/DiagnosticReportImageComponent>	<http://www.w3.org/2002/07/owl#Class>
<http://hl7.org/fhir/DiagnosticReportPerformerComponent>	<http://www.w3.org/2002/07/owl#Class>
<http://hl7.org/fhir/Distance>	<http://www.w3.org/2002/07/owl#Class>
<http://hl7.org/fhir/DocumentManifest>	<http://www.w3.org/2002/07/owl#Class>
<http://hl7.org/fhir/DocumentManifest.author>	<http://www.w3.org/2002/07/owl#ObjectProperty>
<http://hl7.org/fhir/DocumentManifest.content>	<http://www.w3.org/2002/07/owl#ObjectProperty>
<http://hl7.org/fhir/DocumentManifest.content.p>	<http://www.w3.org/2002/07/owl#ObjectProperty>
<http://hl7.org/fhir/DocumentManifest.content.pAttachment>	<http://www.w3.org/2002/07/owl#ObjectProperty>
<http://hl7.org/fhir/DocumentManifest.content.pReference>	<http://www.w3.org/2002/07/owl#ObjectProperty>
<http://hl7.org/fhir/DocumentManifest.created>	<http://www.w3.org/2002/07/owl#ObjectProperty>
<http://hl7.org/fhir/DocumentManifest.description>	<http://www.w3.org/2002/07/owl#ObjectProperty>
<http://hl7.org/fhir/DocumentManifest.identifier>	<http://www.w3.org/2002/07/owl#ObjectProperty>
<http://hl7.org/fhir/DocumentManifest.masterIdentifier>	<http://www.w3.org/2002/07/owl#ObjectProperty>
<http://hl7.org/fhir/DocumentManifest.recipient>	<http://www.w3.org/2002/07/owl#ObjectProperty>
<http://hl7.org/fhir/DocumentManifest.related>	<http://www.w3.org/2002/07/owl#ObjectProperty>
<http://hl7.org/fhir/DocumentManifest.related.identifier>	<http://www.w3.org/2002/07/owl#ObjectProperty>
<http://hl7.org/fhir/DocumentManifest.related.ref>	<http://www.w3.org/2002/07/owl#ObjectProperty>
<http://hl7.org/fhir/DocumentManifest.source>	<http://www.w3.org/2002/07/owl#ObjectProperty>
<http://hl7.org/fhir/DocumentManifest.status>	<http://www.w3.org/2002/07/owl#ObjectProperty>
<http://hl7.org/fhir/DocumentManifest.subject>	<http://www.w3.org/2002/07/owl#ObjectProperty>
<http://hl7.org/fhir/DocumentManifest.type>	<http://www.w3.org/2002/07/owl#ObjectProperty>
<http://hl7.org/fhir/DocumentManifestContentComponent>	<http://www.w3.org/2002/07/owl#Class>
<http://hl7.org/fhir/DocumentManifestRelatedComponent>	<http://www.w3.org/2002/07/owl#Class>
<http://hl7.org/fhir/DocumentReference>	<http://www.w3.org/2002/07/owl#Class>
<http://hl7.org/fhir/DocumentReference.authenticator>	<http://www.w3.org/2002/07/owl#ObjectProperty>
<http://hl7.org/fhir/DocumentReference.author>	<http://www.w3.org/2002/07/owl#ObjectProperty>
<http://hl7.org/fhir/DocumentReference.class>	<http://www.w3.org/2002/07/owl#ObjectProperty>
<http://hl7.org/fhir/DocumentReference.content>	<http://www.w3.org/2002/07/owl#ObjectProperty>
<http://hl7.org/fhir/DocumentReference.content.attachment>	<http://www.w3.org/2002/07/owl#ObjectProperty>
<http://hl7.org/fhir/DocumentReference.content.format>	<http://www.w3.org/2002/07/owl#ObjectProperty>
<http://hl7.org/fhir/DocumentReference.context>	<http://www.w3.org/2002/07/owl#ObjectProperty>
<http://hl7.org/fhir/DocumentReference.context.encounter>	<http://www.w3.org/2002/07/owl#ObjectProperty>
<http://hl7.org/fhir/DocumentReference.context.event>	<http://www.w3.org/2002/07/owl#ObjectProperty>
<http://hl7.org/fhir/DocumentReference.context.facilityType>	<http://www.w3.org/2002/07/owl#ObjectProperty>
<http://hl7.org/fhir/DocumentReference.context.period>	<http://www.w3.org/2002/07/owl#ObjectProperty>
<http://hl7.org/fhir/DocumentReference.context.practiceSetting>	<http://www.w3.org/2002/07/owl#ObjectProperty>
<http://hl7.org/fhir/DocumentReference.context.related>	<http://www.w3.org/2002/07/owl#ObjectProperty>
<http://hl7.org/fhir/DocumentReference.context.related.identifier>	<http://www.w3.org/2002/07/owl#ObjectProperty>
<http://hl7.org/fhir/DocumentReference.context.related.ref>	<http://www.w3.org/2002/07/owl#ObjectProperty>
<http://hl7.org/fhir/DocumentReference.context.sourcePatientInfo>	<http://www.w3.org/2002/07/owl#ObjectProperty>
<http://hl7.org/fhir/DocumentReference.created>	<http://www.w3.org/2002/07/owl#ObjectProperty>
<http://hl7.org/fhir/DocumentReference.custodian>	<http://www.w3.org/2002/07/owl#ObjectProperty>
<http://hl7.org/fhir/DocumentReference.description>	<http://www.w3.org/2002/07/owl#ObjectProperty>
<http://hl7.org/fhir/DocumentReference.docStatus>	<http://www.w3.org/2002/07/owl#ObjectProperty>
<http://hl7.org/fhir/DocumentReference.identifier>	<http://www.w3.org/2002/07/owl#ObjectProperty>
<http://hl7.org/fhir/DocumentReference.indexed>	<http://www.w3.org/2002/07/owl#ObjectProperty>
<http://hl7.org/fhir/DocumentReference.masterIdentifier>	<http://www.w3.org/2002/07/owl#ObjectProperty>
<http://hl7.org/fhir/DocumentReference.relatesTo>	<http://www.w3.org/2002/07/owl#ObjectProperty>
<http://hl7.org/fhir/DocumentReference.relatesTo.code>	<http://www.w3.org/2002/07/owl#ObjectProperty>
<http://hl7.org/fhir/DocumentReference.relatesTo.target>	<http://www.w3.org/2002/07/owl#ObjectProperty>
<http://hl7.org/fhir/DocumentReference.securityLabel>	<http://www.w3.org/2002/07/owl#ObjectProperty>
<http://hl7.org/fhir/DocumentReference.status>	<http://www.w3.org/2002/07/owl#ObjectProperty>
<http://hl7.org/fhir/DocumentReference.subject>	<http://www.w3.org/2002/07/owl#ObjectProperty>
<http://hl7.org/fhir/DocumentReference.type>	<http://www.w3.org/2002/07/owl#ObjectProperty>
<http://hl7.org/fhir/DocumentReferenceContentComponent>	<http://www.w3.org/2002/07/owl#Class>
<http://hl7.org/fhir/DocumentReferenceContextComponent>	<http://www.w3.org/2002/07/owl#Class>
<http://hl7.org/fhir/DocumentReferenceContextRelatedComponent>	<http://www.w3.org/2002/07/owl#Class>
<http://hl7.org/fhir/DocumentReferenceRelatesToComponent>	<http://www.w3.org/2002/07/owl#Class>
<http://hl7.org/fhir/DomainResource>	<http://www.w3.org/2002/07/owl#Class>
<http://hl7.org/fhir/DomainResource.contained>	<http://www.w3.org/2002/07/owl#ObjectProperty>
<http://hl7.org/fhir/DomainResource.extension>	<http://www.w3.org/2002/07/owl#ObjectProperty>
<http://hl7.org/fhir/DomainResource.modifierExtension>	<http://www.w3.org/2002/07/owl#ObjectProperty>
<http://hl7.org/fhir/DomainResource.text>	<http://www.w3.org/2002/07/owl#ObjectProperty>
<http://hl7.org/fhir/Dosage>	<http://www.w3.org/2002/07/owl#Class>
<http://hl7.org/fhir/Dosage.additionalInstruction>	<http://www.w3.org/2002/07/owl#ObjectProperty>
<http://hl7.org/fhir/Dosage.asNeeded>	<http://www.w3.org/2002/07/owl#ObjectProperty>
<http://hl7.org/fhir/Dosage.asNeededBoolean>	<http://www.w3.org/2002/07/owl#ObjectProperty>
<http://hl7.org/fhir/Dosage.asNeededCodeableConcept>	<http://www.w3.org/2002/07/owl#ObjectProperty>
<http://hl7.org/fhir/Dosage.dose>	<http://www.w3.org/2002/07/owl#ObjectProperty>
<http://hl7.org/fhir/Dosage.doseRange>	<http://www.w3.org/2002/07/owl#ObjectProperty>
<http://hl7.org/fhir/Dosage.doseSimpleQuantity>	<http://www.w3.org/2002/07/owl#ObjectProperty>
<http://hl7.org/fhir/Dosage.maxDosePerAdministration>	<http://www.w3.org/2002/07/owl#ObjectProperty>
<http://hl7.org/fhir/Dosage.maxDosePerLifetime>	<http://www.w3.org/2002/07/owl#ObjectProperty>
<http://hl7.org/fhir/Dosage.maxDosePerPeriod>	<http://www.w3.org/2002/07/owl#ObjectProperty>
<http://hl7.org/fhir/Dosage.method>	<http://www.w3.org/2002/07/owl#ObjectProperty>
<http://hl7.org/fhir/Dosage.patientInstruction>	<http://www.w3.org/2002/07/owl#ObjectProperty>
<http://hl7.org/fhir/Dosage.rate>	<http://www.w3.org/2002/07/owl#ObjectProperty>
<http://hl7.org/fhir/Dosage.rateRange>	<http://www.w3.org/2002/07/owl#ObjectProperty>
<http://hl7.org/fhir/Dosage.rateRatio>	<http://www.w3.org/2002/07/owl#ObjectProperty>
<http://hl7.org/fhir/Dosage.rateSimpleQuantity>	<http://www.w3.org/2002/07/owl#ObjectProperty>
<http://hl7.org/fhir/Dosage.route>	<http://www.w3.org/2002/07/owl#ObjectProperty>
<http://hl7.org/fhir/Dosage.sequence>	<http://www.w3.org/2002/07/owl#ObjectProperty>
<http://hl7.org/fhir/Dosage.site>	<http://www.w3.org/2002/07/owl#ObjectProperty>
<http://hl7.org/fhir/Dosage.text>	<http://www.w3.org/2002/07/owl#ObjectProperty>
<http://hl7.org/fhir/Dosage.timing>	<http://www.w3.org/2002/07/owl#ObjectProperty>
<http://hl7.org/fhir/Duration>	<http://www.w3.org/2002/07/owl#Class>
<http://hl7.org/fhir/Element>	<http://www.w3.org/2002/07/owl#Class>
<http://hl7.org/fhir/Element.extension>	<http://www.w3.org/2002/07/owl#ObjectProperty>
<http://hl7.org/fhir/Element.id>	<http://www.w3.org/2002/07/owl#ObjectProperty>
<http://hl7.org/fhir/ElementDefinition>	<http://www.w3.org/2002/07/owl#Class>
<http://hl7.org/fhir/ElementDefinition.alias>	<http://www.w3.org/2002/07/owl#ObjectProperty>
<http://hl7.org/fhir/ElementDefinition.base>	<http://www.w3.org/2002/07/owl#ObjectProperty>
<http://hl7.org/fhir/ElementDefinition.base.max>	<http://www.w3.org/2002/07/owl#ObjectProperty>
<http://hl7.org/fhir/ElementDefinition.base.min>	<http://www.w3.org/2002/07/owl#ObjectProperty>
<http://hl7.org/fhir/ElementDefinition.base.path>	<http://www.w3.org/2002/07/owl#ObjectProperty>
<http://hl7.org/fhir/ElementDefinition.binding>	<http://www.w3.org/2002/07/owl#ObjectProperty>
<http://hl7.org/fhir/ElementDefinition.binding.description>	<http://www.w3.org/2002/07/owl#ObjectProperty>
<http://hl7.org/fhir/ElementDefinition.binding.strength>	<http://www.w3.org/2002/07/owl#ObjectProperty>
<http://hl7.org/fhir/ElementDefinition.binding.valueSet>	<http://www.w3.org/2002/07/owl#ObjectProperty>
<http://hl7.org/fhir/ElementDefinition.binding.valueSetReference>	<http://www.w3.org/2002/07/owl#ObjectProperty>
<http://hl7.org/fhir/ElementDefinition.binding.valueSetUri>	<http://www.w3.org/2002/07/owl#ObjectProperty>
<http://hl7.org/fhir/ElementDefinition.code>	<http://www.w3.org/2002/07/owl#ObjectProperty>
<http://hl7.org/fhir/ElementDefinition.comment>	<http://www.w3.org/2002/07/owl#ObjectProperty>
<http://hl7.org/fhir/ElementDefinition.condition>	<http://www.w3.org/2002/07/owl#ObjectProperty>
<http://hl7.org/fhir/ElementDefinition.constraint>	<http://www.w3.org/2002/07/owl#ObjectProperty>
<http://hl7.org/fhir/ElementDefinition.constraint.expression>	<http://www.w3.org/2002/07/owl#ObjectProperty>
<http://hl7.org/fhir/ElementDefinition.constraint.human>	<http://www.w3.org/2002/07/owl#ObjectProperty>
<http://hl7.org/fhir/ElementDefinition.constraint.key>	<http://www.w3.org/2002/07/owl#ObjectProperty>
<http://hl7.org/fhir/ElementDefinition.constraint.requirements>	<http://www.w3.org/2002/07/owl#ObjectProperty>
<http://hl7.org/fhir/ElementDefinition.constraint.severity>	<http://www.w3.org/2002/07/owl#ObjectProperty>
<http://hl7.org/fhir/ElementDefinition.constraint.source>	<http://www.w3.org/2002/07/owl#ObjectProperty>
<http://hl7.org/fhir/ElementDefinition.constraint.xpath>	<http://www.w3.org/2002/07/owl#ObjectProperty>
<http://hl7.org/fhir/ElementDefinition.contentReference>	<http://www.w3.org/2002/07/owl#ObjectProperty>
<http://hl7.org/fhir/ElementDefinition.defaultValue>	<http://www.w3.org/2002/07/owl#ObjectProperty>
<http://hl7.org/fhir/ElementDefinition.definition>	<http://www.w3.org/2002/07/owl#ObjectProperty>
<http://hl7.org/fhir/ElementDefinition.example>	<http://www.w3.org/2002/07/owl#ObjectProperty>
<http://hl7.org/fhir/ElementDefinition.example.label>	<http://www.w3.org/2002/07/owl#ObjectProperty>
<http://hl7.org/fhir/ElementDefinition.example.value>	<http://www.w3.org/2002/07/owl#ObjectProperty>
<http://hl7.org/fhir/ElementDefinition.fixed>	<http://www.w3.org/2002/07/owl#ObjectProperty>
<http://hl7.org/fhir/ElementDefinition.isModifier>	<http://www.w3.org/2002/07/owl#ObjectProperty>
<http://hl7.org/fhir/ElementDefinition.isSummary>	<http://www.w3.org/2002/07/owl#ObjectProperty>
<http://hl7.org/fhir/ElementDefinition.label>	<http://www.w3.org/2002/07/owl#ObjectProperty>
<http://hl7.org/fhir/ElementDefinition.mapping>	<http://www.w3.org/2002/07/owl#ObjectProperty>
<http://hl7.org/fhir/ElementDefinition.mapping.comment>	<http://www.w3.org/2002/07/owl#ObjectProperty>
<http://hl7.org/fhir/ElementDefinition.mapping.identity>	<http://www.w3.org/2002/07/owl#ObjectProperty>
<http://hl7.org/fhir/ElementDefinition.mapping.language>	<http://www.w3.org/2002/07/owl#ObjectProperty>
<http://hl7.org/fhir/ElementDefinition.mapping.map>	<http://www.w3.org/2002/07/owl#ObjectProperty>
<http://hl7.org/fhir/ElementDefinition.max>	<http://www.w3.org/2002/07/owl#ObjectProperty>
<http://hl7.org/fhir/ElementDefinition.maxLength>	<http://www.w3.org/2002/07/owl#ObjectProperty>
<http://hl7.org/fhir/ElementDefinition.maxValue>	<http://www.w3.org/2002/07/owl#ObjectProperty>
<http://hl7.org/fhir/ElementDefinition.maxValueDate>	<http://www.w3.org/2002/07/owl#ObjectProperty>
<http://hl7.org/fhir/ElementDefinition.maxValueDateTime>	<http://www.w3.org/2002/07/owl#ObjectProperty>
<http://hl7.org/fhir/ElementDefinition.maxValueDecimal>	<http://www.w3.org/2002/07/owl#ObjectProperty>
<http://hl7.org/fhir/ElementDefinition.maxValueInstant>	<http://www.w3.org/2002/07/owl#ObjectProperty>
<http://hl7.org/fhir/ElementDefinition.maxValueInteger>	<http://www.w3.org/2002/07/owl#ObjectProperty>
<http://hl7.org/fhir/ElementDefinition.maxValuePositiveInt>	<http://www.w3.org/2002/07/owl#ObjectProperty>
<http://hl7.org/fhir/ElementDefinition.maxValueQuantity>	<http://www.w3.org/2002/07/owl#ObjectProperty>
<http://hl7.org/fhir/ElementDefinition.maxValueTime>	<http://www.w3.org/2002/07/owl#ObjectProperty>
<http://hl7.org/fhir/ElementDefinition.maxValueUnsignedInt>	<http://www.w3.org/2002/07/owl#ObjectProperty>
<http://hl7.org/fhir/ElementDefinition.meaningWhenMissing>	<http://www.w3.org/2002/07/owl#ObjectProperty>
<http://hl7.org/fhir/ElementDefinition.min>	<http://www.w3.org/2002/07/owl#ObjectProperty>
<http://hl7.org/fhir/ElementDefinition.minValue>	<http://www.w3.org/2002/07/owl#ObjectProperty>
<http://hl7.org/fhir/ElementDefinition.minValueDate>	<http://www.w3.org/2002/07/owl#ObjectProperty>
<http://hl7.org/fhir/ElementDefinition.minValueDateTime>	<http://www.w3.org/2002/07/owl#ObjectProperty>
<http://hl7.org/fhir/ElementDefinition.minValueDecimal>	<http://www.w3.org/2002/07/owl#ObjectProperty>
<http://hl7.org/fhir/ElementDefinition.minValueInstant>	<http://www.w3.org/2002/07/owl#ObjectProperty>
<http://hl7.org/fhir/ElementDefinition.minValueInteger>	<http://www.w3.org/2002/07/owl#ObjectProperty>
<http://hl7.org/fhir/ElementDefinition.minValuePositiveInt>	<http://www.w3.org/2002/07/owl#ObjectProperty>
<http://hl7.org/fhir/ElementDefinition.minValueQuantity>	<http://www.w3.org/2002/07/owl#ObjectProperty>
<http://hl7.org/fhir/ElementDefinition.minValueTime>	<http://www.w3.org/2002/07/owl#ObjectProperty>
<http://hl7.org/fhir/ElementDefinition.minValueUnsignedInt>	<http://www.w3.org/2002/07/owl#ObjectProperty>
<http://hl7.org/fhir/ElementDefinition.mustSupport>	<http://www.w3.org/2002/07/owl#ObjectProperty>
<http://hl7.org/fhir/ElementDefinition.orderMeaning>	<http://www.w3.org/2002/07/owl#ObjectProperty>
<http://hl7.org/fhir/ElementDefinition.path>	<http://www.w3.org/2002/07/owl#ObjectProperty>
<http://hl7.org/fhir/ElementDefinition.pattern>	<http://www.w3.org/2002/07/owl#ObjectProperty>
<http://hl7.org/fhir/ElementDefinition.representation>	<http://www.w3.org/2002/07/owl#ObjectProperty>
<http://hl7.org/fhir/ElementDefinition.requirements>	<http://www.w3.org/2002/07/owl#ObjectProperty>
<http://hl7.org/fhir/ElementDefinition.short>	<http://www.w3.org/2002/07/owl#ObjectProperty>
<http://hl7.org/fhir/ElementDefinition.sliceName>	<http://www.w3.org/2002/07/owl#ObjectProperty>
<http://hl7.org/fhir/ElementDefinition.slicing>	<http://www.w3.org/2002/07/owl#ObjectProperty>
<http://hl7.org/fhir/ElementDefinition.slicing.description>	<http://www.w3.org/2002/07/owl#ObjectProperty>
<http://hl7.org/fhir/ElementDefinition.slicing.discriminator>	<http://www.w3.org/2002/07/owl#ObjectProperty>
<http://hl7.org/fhir/ElementDefinition.slicing.discriminator.path>	<http://www.w3.org/2002/07/owl#ObjectProperty>
<http://hl7.org/fhir/ElementDefinition.slicing.discriminator.type>	<http://www.w3.org/2002/07/owl#ObjectProperty>
<http://hl7.org/fhir/ElementDefinition.slicing.ordered>	<http://www.w3.org/2002/07/owl#ObjectProperty>
<http://hl7.org/fhir/ElementDefinition.slicing.rules>	<http://www.w3.org/2002/07/owl#ObjectProperty>
<http://hl7.org/fhir/ElementDefinition.type>	<http://www.w3.org/2002/07/owl#ObjectProperty>
<http://hl7.org/fhir/ElementDefinition.type.aggregation>	<http://www.w3.org/2002/07/owl#ObjectProperty>
<http://hl7.org/fhir/ElementDefinition.type.code>	<http://www.w3.org/2002/07/owl#ObjectProperty>
<http://hl7.org/fhir/ElementDefinition.type.profile>	<http://www.w3.org/2002/07/owl#ObjectProperty>
<http://hl7.org/fhir/ElementDefinition.type.targetProfile>	<http://www.w3.org/2002/07/owl#ObjectProperty>
<http://hl7.org/fhir/ElementDefinition.type.versioning>	<http://www.w3.org/2002/07/owl#ObjectProperty>
<http://hl7.org/fhir/ElementDefinitionBaseComponent>	<http://www.w3.org/2002/07/owl#Class>
<http://hl7.org/fhir/ElementDefinitionBindingComponent>	<http://www.w3.org/2002/07/owl#Class>
<http://hl7.org/fhir/ElementDefinitionConstraintComponent>	<http://www.w3.org/2002/07/owl#Class>
<http://hl7.org/fhir/ElementDefinitionExampleComponent>	<http://www.w3.org/2002/07/owl#Class>
<http://hl7.org/fhir/ElementDefinitionMappingComponent>	<http://www.w3.org/2002/07/owl#Class>
<http://hl7.org/fhir/ElementDefinitionSlicingComponent>	<http://www.w3.org/2002/07/owl#Class>
<http://hl7.org/fhir/ElementDefinitionSlicingDiscriminatorComponent>	<http://www.w3.org/2002/07/owl#Class>
<http://hl7.org/fhir/EligibilityRequest>	<http://www.w3.org/2002/07/owl#Class>
<http://hl7.org/fhir/EligibilityRequest.benefitCategory>	<http://www.w3.org/2002/07/owl#ObjectProperty>
<http://hl7.org/fhir/EligibilityRequest.benefitSubCategory>	<http://www.w3.org/2002/07/owl#ObjectProperty>
<http://hl7.org/fhir/EligibilityRequest.businessArrangement>	<http://www.w3.org/2002/07/owl#ObjectProperty>
<http://hl7.org/fhir/EligibilityRequest.coverage>	<http://www.w3.org/2002/07/owl#ObjectProperty>
<http://hl7.org/fhir/EligibilityRequest.created>	<http://www.w3.org/2002/07/owl#ObjectProperty>
<http://hl7.org/fhir/EligibilityRequest.enterer>	<http://www.w3.org/2002/07/owl#ObjectProperty>
<http://hl7.org/fhir/EligibilityRequest.facility>	<http://www.w3.org/2002/07/owl#ObjectProperty>
<http://hl7.org/fhir/EligibilityRequest.identifier>	<http://www.w3.org/2002/07/owl#ObjectProperty>
<http://hl7.org/fhir/EligibilityRequest.insurer>	<http://www.w3.org/2002/07/owl#ObjectProperty>
<http://hl7.org/fhir/EligibilityRequest.organization>	<http://www.w3.org/2002/07/owl#ObjectProperty>
<http://hl7.org/fhir/EligibilityRequest.patient>	<http://www.w3.org/2002/07/owl#ObjectProperty>
<http://hl7.org/fhir/EligibilityRequest.priority>	<http://www.w3.org/2002/07/owl#ObjectProperty>
<http://hl7.org/fhir/EligibilityRequest.provider>	<http://www.w3.org/2002/07/owl#ObjectProperty>
<http://hl7.org/fhir/EligibilityRequest.serviced>	<http://www.w3.org/2002/07/owl#ObjectProperty>
<http://hl7.org/fhir/EligibilityRequest.servicedDate>	<http://www.w3.org/2002/07/owl#ObjectProperty>
<http://hl7.org/fhir/EligibilityRequest.servicedPeriod>	<http://www.w3.org/2002/07/owl#ObjectProperty>
<http://hl7.org/fhir/EligibilityRequest.status>	<http://www.w3.org/2002/07/owl#ObjectProperty>
<http://hl7.org/fhir/EligibilityResponse>	<http://www.w3.org/2002/07/owl#Class>
<http://hl7.org/fhir/EligibilityResponse.created>	<http://www.w3.org/2002/07/owl#ObjectProperty>
<http://hl7.org/fhir/EligibilityResponse.disposition>	<http://www.w3.org/2002/07/owl#ObjectProperty>
<http://hl7.org/fhir/EligibilityResponse.error>	<http://www.w3.org/2002/07/owl#ObjectProperty>
<http://hl7.org/fhir/EligibilityResponse.error.code>	<http://www.w3.org/2002/07/owl#ObjectProperty>
<http://hl7.org/fhir/EligibilityResponse.form>	<http://www.w3.org/2002/07/owl#ObjectProperty>
<http://hl7.org/fhir/EligibilityResponse.identifier>	<http://www.w3.org/2002/07/owl#ObjectProperty>
<http://hl7.org/fhir/EligibilityResponse.inforce>	<http://www.w3.org/2002/07/owl#ObjectProperty>
<http://hl7.org/fhir/EligibilityResponse.insurance>	<http://www.w3.org/2002/07/owl#ObjectProperty>
<http://hl7.org/fhir/EligibilityResponse.insurance.benefitBalance>	<http://www.w3.org/2002/07/owl#ObjectProperty>
<http://hl7.org/fhir/EligibilityResponse.insurance.benefitBalance.category>	<http://www.w3.org/2002/07/owl#ObjectProperty>
<http://hl7.org/fhir/EligibilityResponse.insurance.benefitBalance.description>	<http://www.w3.org/2002/07/owl#ObjectProperty>
<http://hl7.org/fhir/EligibilityResponse.insurance.benefitBalance.excluded>	<http://www.w3.org/2002/07/owl#ObjectProperty>
<http://hl7.org/fhir/EligibilityResponse.insurance.benefitBalance.financial>	<http://www.w3.org/2002/07/owl#ObjectProperty>
<http://hl7.org/fhir/EligibilityResponse.insurance.benefitBalance.financial.allowed>	<http://www.w3.org/2002/07/owl#ObjectProperty>
<http://hl7.org/fhir/EligibilityResponse.insurance.benefitBalance.financial.allowedMoney>	<http://www.w3.org/2002/07/owl#ObjectProperty>
<http://hl7.org/fhir/EligibilityResponse.insurance.benefitBalance.financial.allowedString>	<http://www.w3.org/2002/07/owl#ObjectProperty>
<http://hl7.org/fhir/EligibilityResponse.insurance.benefitBalance.financial.allowedUnsignedInt>	<http://www.w3.org/2002/07/owl#ObjectProperty>
<http://hl7.org/fhir/EligibilityResponse.insurance.benefitBalance.financial.type>	<http://www.w3.org/2002/07/owl#ObjectProperty>
<http://hl7.org/fhir/EligibilityResponse.insurance.benefitBalance.financial.used>	<http://www.w3.org/2002/07/owl#ObjectProperty>
<http://hl7.org/fhir/EligibilityResponse.insurance.benefitBalance.financial.usedMoney>	<http://www.w3.org/2002/07/owl#ObjectProperty>
<http://hl7.org/fhir/EligibilityResponse.insurance.benefitBalance.financial.usedUnsignedInt>	<http://www.w3.org/2002/07/owl#ObjectProperty>
<http://hl7.org/fhir/EligibilityResponse.insurance.benefitBalance.name>	<http://www.w3.org/2002/07/owl#ObjectProperty>
<http://hl7.org/fhir/EligibilityResponse.insurance.benefitBalance.network>	<http://www.w3.org/2002/07/owl#ObjectProperty>
<http://hl7.org/fhir/EligibilityResponse.insurance.benefitBalance.subCategory>	<http://www.w3.org/2002/07/owl#ObjectProperty>
<http://hl7.org/fhir/EligibilityResponse.insurance.benefitBalance.term>	<http://www.w3.org/2002/07/owl#ObjectProperty>
<http://hl7.org/fhir/EligibilityResponse.insurance.benefitBalance.unit>	<http://www.w3.org/2002/07/owl#ObjectProperty>
<http://hl7.org/fhir/EligibilityResponse.insurance.contract>	<http://www.w3.org/2002/07/owl#ObjectProperty>
<http://hl7.org/fhir/EligibilityResponse.insurance.coverage>	<http://www.w3.org/2002/07/owl#ObjectProperty>
<http://hl7.org/fhir/EligibilityResponse.insurer>	<http://www.w3.org/2002/07/owl#ObjectProperty>
<http://hl7.org/fhir/EligibilityResponse.outcome>	<http://www.w3.org/2002/07/owl#ObjectProperty>
<http://hl7.org/fhir/EligibilityResponse.request>	<http://www.w3.org/2002/07/owl#ObjectProperty>
<http://hl7.org/fhir/EligibilityResponse.requestOrganization>	<http://www.w3.org/2002/07/owl#ObjectProperty>
<http://hl7.org/fhir/EligibilityResponse.requestProvider>	<http://www.w3.org/2002/07/owl#ObjectProperty>
<http://hl7.org/fhir/EligibilityResponse.status>	<http://www.w3.org/2002/07/owl#ObjectProperty>
<http://hl7.org/fhir/Encounter>	<http://www.w3.org/2002/07/owl#Class>
<http://hl7.org/fhir/Encounter.account>	<http://www.w3.org/2002/07/owl#ObjectProperty>
<http://hl7.org/fhir/Encounter.appointment>	<http://www.w3.org/2002/07/owl#ObjectProperty>
<http://hl7.org/fhir/Encounter.class>	<http://www.w3.org/2002/07/owl#ObjectProperty>
<http://hl7.org/fhir/Encounter.classHistory>	<http://www.w3.org/2002/07/owl#ObjectProperty>
<http://hl7.org/fhir/Encounter.classHistory.class>	<http://www.w3.org/2002/07/owl#ObjectProperty>
<http://hl7.org/fhir/Encounter.classHistory.period>	<http://www.w3.org/2002/07/owl#ObjectProperty>
<http://hl7.org/fhir/Encounter.diagnosis>	<http://www.w3.org/2002/07/owl#ObjectProperty>
<http://hl7.org/fhir/Encounter.diagnosis.condition>	<http://www.w3.org/2002/07/owl#ObjectProperty>
<http://hl7.org/fhir/Encounter.diagnosis.rank>	<http://www.w3.org/2002/07/owl#ObjectProperty>
<http://hl7.org/fhir/Encounter.diagnosis.role>	<http://www.w3.org/2002/07/owl#ObjectProperty>
<http://hl7.org/fhir/Encounter.episodeOfCare>	<http://www.w3.org/2002/07/owl#ObjectProperty>
<http://hl7.org/fhir/Encounter.hospitalization>	<http://www.w3.org/2002/07/owl#ObjectProperty>
<http://hl7.org/fhir/Encounter.hospitalization.admitSource>	<http://www.w3.org/2002/07/owl#ObjectProperty>
<http://hl7.org/fhir/Encounter.hospitalization.destination>	<http://www.w3.org/2002/07/owl#ObjectProperty>
<http://hl7.org/fhir/Encounter.hospitalization.dietPreference>	<http://www.w3.org/2002/07/owl#ObjectProperty>
<http://hl7.org/fhir/Encounter.hospitalization.dischargeDisposition>	<http://www.w3.org/2002/07/owl#ObjectProperty>
<http://hl7.org/fhir/Encounter.hospitalization.origin>	<http://www.w3.org/2002/07/owl#ObjectProperty>
<http://hl7.org/fhir/Encounter.hospitalization.preAdmissionIdentifier>	<http://www.w3.org/2002/07/owl#ObjectProperty>
<http://hl7.org/fhir/Encounter.hospitalization.reAdmission>	<http://www.w3.org/2002/07/owl#ObjectProperty>
<http://hl7.org/fhir/Encounter.hospitalization.specialArrangement>	<http://www.w3.org/2002/07/owl#ObjectProperty>
<http://hl7.org/fhir/Encounter.hospitalization.specialCourtesy>	<http://www.w3.org/2002/07/owl#ObjectProperty>
<http://hl7.org/fhir/Encounter.identifier>	<http://www.w3.org/2002/07/owl#ObjectProperty>
<http://hl7.org/fhir/Encounter.incomingReferral>	<http://www.w3.org/2002/07/owl#ObjectProperty>
<http://hl7.org/fhir/Encounter.length>	<http://www.w3.org/2002/07/owl#ObjectProperty>
<http://hl7.org/fhir/Encounter.location>	<http://www.w3.org/2002/07/owl#ObjectProperty>
<http://hl7.org/fhir/Encounter.location.location>	<http://www.w3.org/2002/07/owl#ObjectProperty>
<http://hl7.org/fhir/Encounter.location.period>	<http://www.w3.org/2002/07/owl#ObjectProperty>
<http://hl7.org/fhir/Encounter.location.status>	<http://www.w3.org/2002/07/owl#ObjectProperty>
<http://hl7.org/fhir/Encounter.partOf>	<http://www.w3.org/2002/07/owl#ObjectProperty>
<http://hl7.org/fhir/Encounter.participant>	<http://www.w3.org/2002/07/owl#ObjectProperty>
<http://hl7.org/fhir/Encounter.participant.individual>	<http://www.w3.org/2002/07/owl#ObjectProperty>
<http://hl7.org/fhir/Encounter.participant.period>	<http://www.w3.org/2002/07/owl#ObjectProperty>
<http://hl7.org/fhir/Encounter.participant.type>	<http://www.w3.org/2002/07/owl#ObjectProperty>
<http://hl7.org/fhir/Encounter.period>	<http://www.w3.org/2002/07/owl#ObjectProperty>
<http://hl7.org/fhir/Encounter.priority>	<http://www.w3.org/2002/07/owl#ObjectProperty>
<http://hl7.org/fhir/Encounter.reason>	<http://www.w3.org/2002/07/owl#ObjectProperty>
<http://hl7.org/fhir/Encounter.serviceProvider>	<http://www.w3.org/2002/07/owl#ObjectProperty>
<http://hl7.org/fhir/Encounter.status>	<http://www.w3.org/2002/07/owl#ObjectProperty>
<http://hl7.org/fhir/Encounter.statusHistory>	<http://www.w3.org/2002/07/owl#ObjectProperty>
<http://hl7.org/fhir/Encounter.statusHistory.period>	<http://www.w3.org/2002/07/owl#ObjectProperty>
<http://hl7.org/fhir/Encounter.statusHistory.status>	<http://www.w3.org/2002/07/owl#ObjectProperty>
<http://hl7.org/fhir/Encounter.subject>	<http://www.w3.org/2002/07/owl#ObjectProperty>
<http://hl7.org/fhir/Encounter.type>	<http://www.w3.org/2002/07/owl#ObjectProperty>
<http://hl7.org/fhir/EncounterHospitalizationComponent>	<http://www.w3.org/2002/07/owl#Class>
<http://hl7.org/fhir/EncounterLocationComponent>	<http://www.w3.org/2002/07/owl#Class>
<http://hl7.org/fhir/EncounterParticipantComponent>	<http://www.w3.org/2002/07/owl#Class>
<http://hl7.org/fhir/Endpoint>	<http://www.w3.org/2002/07/owl#Class>
<http://hl7.org/fhir/Endpoint.address>	<http://www.w3.org/2002/07/owl#ObjectProperty>
<http://hl7.org/fhir/Endpoint.connectionType>	<http://www.w3.org/2002/07/owl#ObjectProperty>
<http://hl7.org/fhir/Endpoint.contact>	<http://www.w3.org/2002/07/owl#ObjectProperty>
<http://hl7.org/fhir/Endpoint.header>	<http://www.w3.org/2002/07/owl#ObjectProperty>
<http://hl7.org/fhir/Endpoint.identifier>	<http://www.w3.org/2002/07/owl#ObjectProperty>
<http://hl7.org/fhir/Endpoint.managingOrganization>	<http://www.w3.org/2002/07/owl#ObjectProperty>
<http://hl7.org/fhir/Endpoint.name>	<http://www.w3.org/2002/07/owl#ObjectProperty>
<http://hl7.org/fhir/Endpoint.payloadMimeType>	<http://www.w3.org/2002/07/owl#ObjectProperty>
<http://hl7.org/fhir/Endpoint.payloadType>	<http://www.w3.org/2002/07/owl#ObjectProperty>
<http://hl7.org/fhir/Endpoint.period>	<http://www.w3.org/2002/07/owl#ObjectProperty>
<http://hl7.org/fhir/Endpoint.status>	<http://www.w3.org/2002/07/owl#ObjectProperty>
<http://hl7.org/fhir/EnrollmentRequest>	<http://www.w3.org/2002/07/owl#Class>
<http://hl7.org/fhir/EnrollmentRequest.coverage>	<http://www.w3.org/2002/07/owl#ObjectProperty>
<http://hl7.org/fhir/EnrollmentRequest.created>	<http://www.w3.org/2002/07/owl#ObjectProperty>
<http://hl7.org/fhir/EnrollmentRequest.identifier>	<http://www.w3.org/2002/07/owl#ObjectProperty>
<http://hl7.org/fhir/EnrollmentRequest.insurer>	<http://www.w3.org/2002/07/owl#ObjectProperty>
<http://hl7.org/fhir/EnrollmentRequest.organization>	<http://www.w3.org/2002/07/owl#ObjectProperty>
<http://hl7.org/fhir/EnrollmentRequest.provider>	<http://www.w3.org/2002/07/owl#ObjectProperty>
<http://hl7.org/fhir/EnrollmentRequest.status>	<http://www.w3.org/2002/07/owl#ObjectProperty>
<http://hl7.org/fhir/EnrollmentRequest.subject>	<http://www.w3.org/2002/07/owl#ObjectProperty>
<http://hl7.org/fhir/EnrollmentResponse>	<http://www.w3.org/2002/07/owl#Class>
<http://hl7.org/fhir/EnrollmentResponse.created>	<http://www.w3.org/2002/07/owl#ObjectProperty>
<http://hl7.org/fhir/EnrollmentResponse.disposition>	<http://www.w3.org/2002/07/owl#ObjectProperty>
<http://hl7.org/fhir/EnrollmentResponse.identifier>	<http://www.w3.org/2002/07/owl#ObjectProperty>
<http://hl7.org/fhir/EnrollmentResponse.organization>	<http://www.w3.org/2002/07/owl#ObjectProperty>
<http://hl7.org/fhir/EnrollmentResponse.outcome>	<http://www.w3.org/2002/07/owl#ObjectProperty>
<http://hl7.org/fhir/EnrollmentResponse.request>	<http://www.w3.org/2002/07/owl#ObjectProperty>
<http://hl7.org/fhir/EnrollmentResponse.requestOrganization>	<http://www.w3.org/2002/07/owl#ObjectProperty>
<http://hl7.org/fhir/EnrollmentResponse.requestProvider>	<http://www.w3.org/2002/07/owl#ObjectProperty>
<http://hl7.org/fhir/EnrollmentResponse.status>	<http://www.w3.org/2002/07/owl#ObjectProperty>
<http://hl7.org/fhir/EpisodeOfCare>	<http://www.w3.org/2002/07/owl#Class>
<http://hl7.org/fhir/EpisodeOfCare.account>	<http://www.w3.org/2002/07/owl#ObjectProperty>
<http://hl7.org/fhir/EpisodeOfCare.careManager>	<http://www.w3.org/2002/07/owl#ObjectProperty>
<http://hl7.org/fhir/EpisodeOfCare.diagnosis>	<http://www.w3.org/2002/07/owl#ObjectProperty>
<http://hl7.org/fhir/EpisodeOfCare.diagnosis.condition>	<http://www.w3.org/2002/07/owl#ObjectProperty>
<http://hl7.org/fhir/EpisodeOfCare.diagnosis.rank>	<http://www.w3.org/2002/07/owl#ObjectProperty>
<http://hl7.org/fhir/EpisodeOfCare.diagnosis.role>	<http://www.w3.org/2002/07/owl#ObjectProperty>
<http://hl7.org/fhir/EpisodeOfCare.identifier>	<http://www.w3.org/2002/07/owl#ObjectProperty>
<http://hl7.org/fhir/EpisodeOfCare.managingOrganization>	<http://www.w3.org/2002/07/owl#ObjectProperty>
<http://hl7.org/fhir/EpisodeOfCare.patient>	<http://www.w3.org/2002/07/owl#ObjectProperty>
<http://hl7.org/fhir/EpisodeOfCare.period>	<http://www.w3.org/2002/07/owl#ObjectProperty>
<http://hl7.org/fhir/EpisodeOfCare.referralRequest>	<http://www.w3.org/2002/07/owl#ObjectProperty>
<http://hl7.org/fhir/EpisodeOfCare.status>	<http://www.w3.org/2002/07/owl#ObjectProperty>
<http://hl7.org/fhir/EpisodeOfCare.statusHistory>	<http://www.w3.org/2002/07/owl#ObjectProperty>
<http://hl7.org/fhir/EpisodeOfCare.statusHistory.period>	<http://www.w3.org/2002/07/owl#ObjectProperty>
<http://hl7.org/fhir/EpisodeOfCare.statusHistory.status>	<http://www.w3.org/2002/07/owl#ObjectProperty>
<http://hl7.org/fhir/EpisodeOfCare.team>	<http://www.w3.org/2002/07/owl#ObjectProperty>
<http://hl7.org/fhir/EpisodeOfCare.type>	<http://www.w3.org/2002/07/owl#ObjectProperty>
<http://hl7.org/fhir/EpisodeOfCareStatusHistoryComponent>	<http://www.w3.org/2002/07/owl#Class>
<http://hl7.org/fhir/ErrorComponent>	<http://www.w3.org/2002/07/owl#Class>
<http://hl7.org/fhir/ErrorsComponent>	<http://www.w3.org/2002/07/owl#Class>
<http://hl7.org/fhir/ExceptActorComponent>	<http://www.w3.org/2002/07/owl#Class>
<http://hl7.org/fhir/ExceptComponent>	<http://www.w3.org/2002/07/owl#Class>
<http://hl7.org/fhir/ExceptDataComponent>	<http://www.w3.org/2002/07/owl#Class>
<http://hl7.org/fhir/ExpansionProfile>	<http://www.w3.org/2002/07/owl#Class>
<http://hl7.org/fhir/ExpansionProfile.activeOnly>	<http://www.w3.org/2002/07/owl#ObjectProperty>
<http://hl7.org/fhir/ExpansionProfile.contact>	<http://www.w3.org/2002/07/owl#ObjectProperty>
<http://hl7.org/fhir/ExpansionProfile.date>	<http://www.w3.org/2002/07/owl#ObjectProperty>
<http://hl7.org/fhir/ExpansionProfile.description>	<http://www.w3.org/2002/07/owl#ObjectProperty>
<http://hl7.org/fhir/ExpansionProfile.designation>	<http://www.w3.org/2002/07/owl#ObjectProperty>
<http://hl7.org/fhir/ExpansionProfile.designation.exclude>	<http://www.w3.org/2002/07/owl#ObjectProperty>
<http://hl7.org/fhir/ExpansionProfile.designation.exclude.designation>	<http://www.w3.org/2002/07/owl#ObjectProperty>
<http://hl7.org/fhir/ExpansionProfile.designation.exclude.designation.language>	<http://www.w3.org/2002/07/owl#ObjectProperty>
<http://hl7.org/fhir/ExpansionProfile.designation.exclude.designation.use>	<http://www.w3.org/2002/07/owl#ObjectProperty>
<http://hl7.org/fhir/ExpansionProfile.designation.include>	<http://www.w3.org/2002/07/owl#ObjectProperty>
<http://hl7.org/fhir/ExpansionProfile.designation.include.designation>	<http://www.w3.org/2002/07/owl#ObjectProperty>
<http://hl7.org/fhir/ExpansionProfile.designation.include.designation.language>	<http://www.w3.org/2002/07/owl#ObjectProperty>
<http://hl7.org/fhir/ExpansionProfile.designation.include.designation.use>	<http://www.w3.org/2002/07/owl#ObjectProperty>
<http://hl7.org/fhir/ExpansionProfile.displayLanguage>	<http://www.w3.org/2002/07/owl#ObjectProperty>
<http://hl7.org/fhir/ExpansionProfile.excludeNested>	<http://www.w3.org/2002/07/owl#ObjectProperty>
<http://hl7.org/fhir/ExpansionProfile.excludeNotForUI>	<http://www.w3.org/2002/07/owl#ObjectProperty>
<http://hl7.org/fhir/ExpansionProfile.excludePostCoordinated>	<http://www.w3.org/2002/07/owl#ObjectProperty>
<http://hl7.org/fhir/ExpansionProfile.excludedSystem>	<http://www.w3.org/2002/07/owl#ObjectProperty>
<http://hl7.org/fhir/ExpansionProfile.excludedSystem.system>	<http://www.w3.org/2002/07/owl#ObjectProperty>
<http://hl7.org/fhir/ExpansionProfile.excludedSystem.version>	<http://www.w3.org/2002/07/owl#ObjectProperty>
<http://hl7.org/fhir/ExpansionProfile.experimental>	<http://www.w3.org/2002/07/owl#ObjectProperty>
<http://hl7.org/fhir/ExpansionProfile.fixedVersion>	<http://www.w3.org/2002/07/owl#ObjectProperty>
<http://hl7.org/fhir/ExpansionProfile.fixedVersion.mode>	<http://www.w3.org/2002/07/owl#ObjectProperty>
<http://hl7.org/fhir/ExpansionProfile.fixedVersion.system>	<http://www.w3.org/2002/07/owl#ObjectProperty>
<http://hl7.org/fhir/ExpansionProfile.fixedVersion.version>	<http://www.w3.org/2002/07/owl#ObjectProperty>
<http://hl7.org/fhir/ExpansionProfile.identifier>	<http://www.w3.org/2002/07/owl#ObjectProperty>
<http://hl7.org/fhir/ExpansionProfile.includeDefinition>	<http://www.w3.org/2002/07/owl#ObjectProperty>
<http://hl7.org/fhir/ExpansionProfile.includeDesignations>	<http://www.w3.org/2002/07/owl#ObjectProperty>
<http://hl7.org/fhir/ExpansionProfile.jurisdiction>	<http://www.w3.org/2002/07/owl#ObjectProperty>
<http://hl7.org/fhir/ExpansionProfile.limitedExpansion>	<http://www.w3.org/2002/07/owl#ObjectProperty>
<http://hl7.org/fhir/ExpansionProfile.name>	<http://www.w3.org/2002/07/owl#ObjectProperty>
<http://hl7.org/fhir/ExpansionProfile.publisher>	<http://www.w3.org/2002/07/owl#ObjectProperty>
<http://hl7.org/fhir/ExpansionProfile.status>	<http://www.w3.org/2002/07/owl#ObjectProperty>
<http://hl7.org/fhir/ExpansionProfile.url>	<http://www.w3.org/2002/07/owl#ObjectProperty>
<http://hl7.org/fhir/ExpansionProfile.useContext>	<http://www.w3.org/2002/07/owl#ObjectProperty>
<http://hl7.org/fhir/ExpansionProfile.version>	<http://www.w3.org/2002/07/owl#ObjectProperty>
<http://hl7.org/fhir/ExpansionProfileDesignationComponent>	<http://www.w3.org/2002/07/owl#Class>
<http://hl7.org/fhir/ExpansionProfileExcludedSystemComponent>	<http://www.w3.org/2002/07/owl#Class>
<http://hl7.org/fhir/ExpansionProfileFixedVersionComponent>	<http://www.w3.org/2002/07/owl#Class>
<http://hl7.org/fhir/ExplanationOfBenefit>	<http://www.w3.org/2002/07/owl#Class>
<http://hl7.org/fhir/ExplanationOfBenefit.accident>	<http://www.w3.org/2002/07/owl#ObjectProperty>
<http://hl7.org/fhir/ExplanationOfBenefit.accident.date>	<http://www.w3.org/2002/07/owl#ObjectProperty>
<http://hl7.org/fhir/ExplanationOfBenefit.accident.location>	<http://www.w3.org/2002/07/owl#ObjectProperty>
<http://hl7.org/fhir/ExplanationOfBenefit.accident.locationAddress>	<http://www.w3.org/2002/07/owl#ObjectProperty>
<http://hl7.org/fhir/ExplanationOfBenefit.accident.locationReference>	<http://www.w3.org/2002/07/owl#ObjectProperty>
<http://hl7.org/fhir/ExplanationOfBenefit.accident.type>	<http://www.w3.org/2002/07/owl#ObjectProperty>
<http://hl7.org/fhir/ExplanationOfBenefit.addItem>	<http://www.w3.org/2002/07/owl#ObjectProperty>
<http://hl7.org/fhir/ExplanationOfBenefit.addItem.adjudication>	<http://www.w3.org/2002/07/owl#ObjectProperty>
<http://hl7.org/fhir/ExplanationOfBenefit.addItem.category>	<http://www.w3.org/2002/07/owl#ObjectProperty>
<http://hl7.org/fhir/ExplanationOfBenefit.addItem.detail>	<http://www.w3.org/2002/07/owl#ObjectProperty>
<http://hl7.org/fhir/ExplanationOfBenefit.addItem.detail.adjudication>	<http://www.w3.org/2002/07/owl#ObjectProperty>
<http://hl7.org/fhir/ExplanationOfBenefit.addItem.detail.category>	<http://www.w3.org/2002/07/owl#ObjectProperty>
<http://hl7.org/fhir/ExplanationOfBenefit.addItem.detail.fee>	<http://www.w3.org/2002/07/owl#ObjectProperty>
<http://hl7.org/fhir/ExplanationOfBenefit.addItem.detail.modifier>	<http://www.w3.org/2002/07/owl#ObjectProperty>
<http://hl7.org/fhir/ExplanationOfBenefit.addItem.detail.noteNumber>	<http://www.w3.org/2002/07/owl#ObjectProperty>
<http://hl7.org/fhir/ExplanationOfBenefit.addItem.detail.revenue>	<http://www.w3.org/2002/07/owl#ObjectProperty>
<http://hl7.org/fhir/ExplanationOfBenefit.addItem.detail.service>	<http://www.w3.org/2002/07/owl#ObjectProperty>
<http://hl7.org/fhir/ExplanationOfBenefit.addItem.fee>	<http://www.w3.org/2002/07/owl#ObjectProperty>
<http://hl7.org/fhir/ExplanationOfBenefit.addItem.modifier>	<http://www.w3.org/2002/07/owl#ObjectProperty>
<http://hl7.org/fhir/ExplanationOfBenefit.addItem.noteNumber>	<http://www.w3.org/2002/07/owl#ObjectProperty>
<http://hl7.org/fhir/ExplanationOfBenefit.addItem.revenue>	<http://www.w3.org/2002/07/owl#ObjectProperty>
<http://hl7.org/fhir/ExplanationOfBenefit.addItem.sequenceLinkId>	<http://www.w3.org/2002/07/owl#ObjectProperty>
<http://hl7.org/fhir/ExplanationOfBenefit.addItem.service>	<http://www.w3.org/2002/07/owl#ObjectProperty>
<http://hl7.org/fhir/ExplanationOfBenefit.benefitBalance>	<http://www.w3.org/2002/07/owl#ObjectProperty>
<http://hl7.org/fhir/ExplanationOfBenefit.benefitBalance.category>	<http://www.w3.org/2002/07/owl#ObjectProperty>
<http://hl7.org/fhir/ExplanationOfBenefit.benefitBalance.description>	<http://www.w3.org/2002/07/owl#ObjectProperty>
<http://hl7.org/fhir/ExplanationOfBenefit.benefitBalance.excluded>	<http://www.w3.org/2002/07/owl#ObjectProperty>
<http://hl7.org/fhir/ExplanationOfBenefit.benefitBalance.financial>	<http://www.w3.org/2002/07/owl#ObjectProperty>
<http://hl7.org/fhir/ExplanationOfBenefit.benefitBalance.financial.allowed>	<http://www.w3.org/2002/07/owl#ObjectProperty>
<http://hl7.org/fhir/ExplanationOfBenefit.benefitBalance.financial.allowedMoney>	<http://www.w3.org/2002/07/owl#ObjectProperty>
<http://hl7.org/fhir/ExplanationOfBenefit.benefitBalance.financial.allowedString>	<http://www.w3.org/2002/07/owl#ObjectProperty>
<http://hl7.org/fhir/ExplanationOfBenefit.benefitBalance.financial.allowedUnsignedInt>	<http://www.w3.org/2002/07/owl#ObjectProperty>
<http://hl7.org/fhir/ExplanationOfBenefit.benefitBalance.financial.type>	<http://www.w3.org/2002/07/owl#ObjectProperty>
<http://hl7.org/fhir/ExplanationOfBenefit.benefitBalance.financial.used>	<http://www.w3.org/2002/07/owl#ObjectProperty>
<http://hl7.org/fhir/ExplanationOfBenefit.benefitBalance.financial.usedMoney>	<http://www.w3.org/2002/07/owl#ObjectProperty>
<http://hl7.org/fhir/ExplanationOfBenefit.benefitBalance.financial.usedUnsignedInt>	<http://www.w3.org/2002/07/owl#ObjectProperty>
<http://hl7.org/fhir/ExplanationOfBenefit.benefitBalance.name>	<http://www.w3.org/2002/07/owl#ObjectProperty>
<http://hl7.org/fhir/ExplanationOfBenefit.benefitBalance.network>	<http://www.w3.org/2002/07/owl#ObjectProperty>
<http://hl7.org/fhir/ExplanationOfBenefit.benefitBalance.subCategory>	<http://www.w3.org/2002/07/owl#ObjectProperty>
<http://hl7.org/fhir/ExplanationOfBenefit.benefitBalance.term>	<http://www.w3.org/2002/07/owl#ObjectProperty>
<http://hl7.org/fhir/ExplanationOfBenefit.benefitBalance.unit>	<http://www.w3.org/2002/07/owl#ObjectProperty>
<http://hl7.org/fhir/ExplanationOfBenefit.billablePeriod>	<http://www.w3.org/2002/07/owl#ObjectProperty>
<http://hl7.org/fhir/ExplanationOfBenefit.careTeam>	<http://www.w3.org/2002/07/owl#ObjectProperty>
<http://hl7.org/fhir/ExplanationOfBenefit.careTeam.provider>	<http://www.w3.org/2002/07/owl#ObjectProperty>
<http://hl7.org/fhir/ExplanationOfBenefit.careTeam.qualification>	<http://www.w3.org/2002/07/owl#ObjectProperty>
<http://hl7.org/fhir/ExplanationOfBenefit.careTeam.responsible>	<http://www.w3.org/2002/07/owl#ObjectProperty>
<http://hl7.org/fhir/ExplanationOfBenefit.careTeam.role>	<http://www.w3.org/2002/07/owl#ObjectProperty>
<http://hl7.org/fhir/ExplanationOfBenefit.careTeam.sequence>	<http://www.w3.org/2002/07/owl#ObjectProperty>
<http://hl7.org/fhir/ExplanationOfBenefit.claim>	<http://www.w3.org/2002/07/owl#ObjectProperty>
<http://hl7.org/fhir/ExplanationOfBenefit.claimResponse>	<http://www.w3.org/2002/07/owl#ObjectProperty>
<http://hl7.org/fhir/ExplanationOfBenefit.created>	<http://www.w3.org/2002/07/owl#ObjectProperty>
<http://hl7.org/fhir/ExplanationOfBenefit.diagnosis>	<http://www.w3.org/2002/07/owl#ObjectProperty>
<http://hl7.org/fhir/ExplanationOfBenefit.diagnosis.diagnosis>	<http://www.w3.org/2002/07/owl#ObjectProperty>
<http://hl7.org/fhir/ExplanationOfBenefit.diagnosis.diagnosisCodeableConcept>	<http://www.w3.org/2002/07/owl#ObjectProperty>
<http://hl7.org/fhir/ExplanationOfBenefit.diagnosis.diagnosisReference>	<http://www.w3.org/2002/07/owl#ObjectProperty>
<http://hl7.org/fhir/ExplanationOfBenefit.diagnosis.packageCode>	<http://www.w3.org/2002/07/owl#ObjectProperty>
<http://hl7.org/fhir/ExplanationOfBenefit.diagnosis.sequence>	<http://www.w3.org/2002/07/owl#ObjectProperty>
<http://hl7.org/fhir/ExplanationOfBenefit.diagnosis.type>	<http://www.w3.org/2002/07/owl#ObjectProperty>
<http://hl7.org/fhir/ExplanationOfBenefit.disposition>	<http://www.w3.org/2002/07/owl#ObjectProperty>
<http://hl7.org/fhir/ExplanationOfBenefit.employmentImpacted>	<http://www.w3.org/2002/07/owl#ObjectProperty>
<http://hl7.org/fhir/ExplanationOfBenefit.enterer>	<http://www.w3.org/2002/07/owl#ObjectProperty>
<http://hl7.org/fhir/ExplanationOfBenefit.facility>	<http://www.w3.org/2002/07/owl#ObjectProperty>
<http://hl7.org/fhir/ExplanationOfBenefit.form>	<http://www.w3.org/2002/07/owl#ObjectProperty>
<http://hl7.org/fhir/ExplanationOfBenefit.hospitalization>	<http://www.w3.org/2002/07/owl#ObjectProperty>
<http://hl7.org/fhir/ExplanationOfBenefit.identifier>	<http://www.w3.org/2002/07/owl#ObjectProperty>
<http://hl7.org/fhir/ExplanationOfBenefit.information>	<http://www.w3.org/2002/07/owl#ObjectProperty>
<http://hl7.org/fhir/ExplanationOfBenefit.information.category>	<http://www.w3.org/2002/07/owl#ObjectProperty>
<http://hl7.org/fhir/ExplanationOfBenefit.information.code>	<http://www.w3.org/2002/07/owl#ObjectProperty>
<http://hl7.org/fhir/ExplanationOfBenefit.information.reason>	<http://www.w3.org/2002/07/owl#ObjectProperty>
<http://hl7.org/fhir/ExplanationOfBenefit.information.sequence>	<http://www.w3.org/2002/07/owl#ObjectProperty>
<http://hl7.org/fhir/ExplanationOfBenefit.information.timing>	<http://www.w3.org/2002/07/owl#ObjectProperty>
<http://hl7.org/fhir/ExplanationOfBenefit.information.timingDate>	<http://www.w3.org/2002/07/owl#ObjectProperty>
<http://hl7.org/fhir/ExplanationOfBenefit.information.timingPeriod>	<http://www.w3.org/2002/07/owl#ObjectProperty>
<http://hl7.org/fhir/ExplanationOfBenefit.information.value>	<http://www.w3.org/2002/07/owl#ObjectProperty>
<http://hl7.org/fhir/ExplanationOfBenefit.information.valueAttachment>	<http://www.w3.org/2002/07/owl#ObjectProperty>
<http://hl7.org/fhir/ExplanationOfBenefit.information.valueQuantity>	<http://www.w3.org/2002/07/owl#ObjectProperty>
<http://hl7.org/fhir/ExplanationOfBenefit.information.valueReference>	<http://www.w3.org/2002/07/owl#ObjectProperty>
<http://hl7.org/fhir/ExplanationOfBenefit.information.valueString>	<http://www.w3.org/2002/07/owl#ObjectProperty>
<http://hl7.org/fhir/ExplanationOfBenefit.insurance>	<http://www.w3.org/2002/07/owl#ObjectProperty>
<http://hl7.org/fhir/ExplanationOfBenefit.insurance.coverage>	<http://www.w3.org/2002/07/owl#ObjectProperty>
<http://hl7.org/fhir/ExplanationOfBenefit.insurance.preAuthRef>	<http://www.w3.org/2002/07/owl#ObjectProperty>
<http://hl7.org/fhir/ExplanationOfBenefit.insurer>	<http://www.w3.org/2002/07/owl#ObjectProperty>
<http://hl7.org/fhir/ExplanationOfBenefit.item>	<http://www.w3.org/2002/07/owl#ObjectProperty>
<http://hl7.org/fhir/ExplanationOfBenefit.item.adjudication>	<http://www.w3.org/2002/07/owl#ObjectProperty>
<http://hl7.org/fhir/ExplanationOfBenefit.item.adjudication.amount>	<http://www.w3.org/2002/07/owl#ObjectProperty>
<http://hl7.org/fhir/ExplanationOfBenefit.item.adjudication.category>	<http://www.w3.org/2002/07/owl#ObjectProperty>
<http://hl7.org/fhir/ExplanationOfBenefit.item.adjudication.reason>	<http://www.w3.org/2002/07/owl#ObjectProperty>
<http://hl7.org/fhir/ExplanationOfBenefit.item.adjudication.value>	<http://www.w3.org/2002/07/owl#ObjectProperty>
<http://hl7.org/fhir/ExplanationOfBenefit.item.bodySite>	<http://www.w3.org/2002/07/owl#ObjectProperty>
<http://hl7.org/fhir/ExplanationOfBenefit.item.careTeamLinkId>	<http://www.w3.org/2002/07/owl#ObjectProperty>
<http://hl7.org/fhir/ExplanationOfBenefit.item.category>	<http://www.w3.org/2002/07/owl#ObjectProperty>
<http://hl7.org/fhir/ExplanationOfBenefit.item.detail>	<http://www.w3.org/2002/07/owl#ObjectProperty>
<http://hl7.org/fhir/ExplanationOfBenefit.item.detail.adjudication>	<http://www.w3.org/2002/07/owl#ObjectProperty>
<http://hl7.org/fhir/ExplanationOfBenefit.item.detail.category>	<http://www.w3.org/2002/07/owl#ObjectProperty>
<http://hl7.org/fhir/ExplanationOfBenefit.item.detail.factor>	<http://www.w3.org/2002/07/owl#ObjectProperty>
<http://hl7.org/fhir/ExplanationOfBenefit.item.detail.modifier>	<http://www.w3.org/2002/07/owl#ObjectProperty>
<http://hl7.org/fhir/ExplanationOfBenefit.item.detail.net>	<http://www.w3.org/2002/07/owl#ObjectProperty>
<http://hl7.org/fhir/ExplanationOfBenefit.item.detail.noteNumber>	<http://www.w3.org/2002/07/owl#ObjectProperty>
<http://hl7.org/fhir/ExplanationOfBenefit.item.detail.programCode>	<http://www.w3.org/2002/07/owl#ObjectProperty>
<http://hl7.org/fhir/ExplanationOfBenefit.item.detail.quantity>	<http://www.w3.org/2002/07/owl#ObjectProperty>
<http://hl7.org/fhir/ExplanationOfBenefit.item.detail.revenue>	<http://www.w3.org/2002/07/owl#ObjectProperty>
<http://hl7.org/fhir/ExplanationOfBenefit.item.detail.sequence>	<http://www.w3.org/2002/07/owl#ObjectProperty>
<http://hl7.org/fhir/ExplanationOfBenefit.item.detail.service>	<http://www.w3.org/2002/07/owl#ObjectProperty>
<http://hl7.org/fhir/ExplanationOfBenefit.item.detail.subDetail>	<http://www.w3.org/2002/07/owl#ObjectProperty>
<http://hl7.org/fhir/ExplanationOfBenefit.item.detail.subDetail.adjudication>	<http://www.w3.org/2002/07/owl#ObjectProperty>
<http://hl7.org/fhir/ExplanationOfBenefit.item.detail.subDetail.category>	<http://www.w3.org/2002/07/owl#ObjectProperty>
<http://hl7.org/fhir/ExplanationOfBenefit.item.detail.subDetail.factor>	<http://www.w3.org/2002/07/owl#ObjectProperty>
<http://hl7.org/fhir/ExplanationOfBenefit.item.detail.subDetail.modifier>	<http://www.w3.org/2002/07/owl#ObjectProperty>
<http://hl7.org/fhir/ExplanationOfBenefit.item.detail.subDetail.net>	<http://www.w3.org/2002/07/owl#ObjectProperty>
<http://hl7.org/fhir/ExplanationOfBenefit.item.detail.subDetail.noteNumber>	<http://www.w3.org/2002/07/owl#ObjectProperty>
<http://hl7.org/fhir/ExplanationOfBenefit.item.detail.subDetail.programCode>	<http://www.w3.org/2002/07/owl#ObjectProperty>
<http://hl7.org/fhir/ExplanationOfBenefit.item.detail.subDetail.quantity>	<http://www.w3.org/2002/07/owl#ObjectProperty>
<http://hl7.org/fhir/ExplanationOfBenefit.item.detail.subDetail.revenue>	<http://www.w3.org/2002/07/owl#ObjectProperty>
<http://hl7.org/fhir/ExplanationOfBenefit.item.detail.subDetail.sequence>	<http://www.w3.org/2002/07/owl#ObjectProperty>
<http://hl7.org/fhir/ExplanationOfBenefit.item.detail.subDetail.service>	<http://www.w3.org/2002/07/owl#ObjectProperty>
<http://hl7.org/fhir/ExplanationOfBenefit.item.detail.subDetail.type>	<http://www.w3.org/2002/07/owl#ObjectProperty>
<http://hl7.org/fhir/ExplanationOfBenefit.item.detail.subDetail.udi>	<http://www.w3.org/2002/07/owl#ObjectProperty>
<http://hl7.org/fhir/ExplanationOfBenefit.item.detail.subDetail.unitPrice>	<http://www.w3.org/2002/07/owl#ObjectProperty>
<http://hl7.org/fhir/ExplanationOfBenefit.item.detail.type>	<http://www.w3.org/2002/07/owl#ObjectProperty>
<http://hl7.org/fhir/ExplanationOfBenefit.item.detail.udi>	<http://www.w3.org/2002/07/owl#ObjectProperty>
<http://hl7.org/fhir/ExplanationOfBenefit.item.detail.unitPrice>	<http://www.w3.org/2002/07/owl#ObjectProperty>
<http://hl7.org/fhir/ExplanationOfBenefit.item.diagnosisLinkId>	<http://www.w3.org/2002/07/owl#ObjectProperty>
<http://hl7.org/fhir/ExplanationOfBenefit.item.encounter>	<http://www.w3.org/2002/07/owl#ObjectProperty>
<http://hl7.org/fhir/ExplanationOfBenefit.item.factor>	<http://www.w3.org/2002/07/owl#ObjectProperty>
<http://hl7.org/fhir/ExplanationOfBenefit.item.informationLinkId>	<http://www.w3.org/2002/07/owl#ObjectProperty>
<http://hl7.org/fhir/ExplanationOfBenefit.item.location>	<http://www.w3.org/2002/07/owl#ObjectProperty>
<http://hl7.org/fhir/ExplanationOfBenefit.item.locationAddress>	<http://www.w3.org/2002/07/owl#ObjectProperty>
<http://hl7.org/fhir/ExplanationOfBenefit.item.locationCodeableConcept>	<http://www.w3.org/2002/07/owl#ObjectProperty>
<http://hl7.org/fhir/ExplanationOfBenefit.item.locationReference>	<http://www.w3.org/2002/07/owl#ObjectProperty>
<http://hl7.org/fhir/ExplanationOfBenefit.item.modifier>	<http://www.w3.org/2002/07/owl#ObjectProperty>
<http://hl7.org/fhir/ExplanationOfBenefit.item.net>	<http://www.w3.org/2002/07/owl#ObjectProperty>
<http://hl7.org/fhir/ExplanationOfBenefit.item.noteNumber>	<http://www.w3.org/2002/07/owl#ObjectProperty>
<http://hl7.org/fhir/ExplanationOfBenefit.item.procedureLinkId>	<http://www.w3.org/2002/07/owl#ObjectProperty>
<http://hl7.org/fhir/ExplanationOfBenefit.item.programCode>	<http://www.w3.org/2002/07/owl#ObjectProperty>
<http://hl7.org/fhir/ExplanationOfBenefit.item.quantity>	<http://www.w3.org/2002/07/owl#ObjectProperty>
<http://hl7.org/fhir/ExplanationOfBenefit.item.revenue>	<http://www.w3.org/2002/07/owl#ObjectProperty>
<http://hl7.org/fhir/ExplanationOfBenefit.item.sequence>	<http://www.w3.org/2002/07/owl#ObjectProperty>
<http://hl7.org/fhir/ExplanationOfBenefit.item.service>	<http://www.w3.org/2002/07/owl#ObjectProperty>
<http://hl7.org/fhir/ExplanationOfBenefit.item.serviced>	<http://www.w3.org/2002/07/owl#ObjectProperty>
<http://hl7.org/fhir/ExplanationOfBenefit.item.servicedDate>	<http://www.w3.org/2002/07/owl#ObjectProperty>
<http://hl7.org/fhir/ExplanationOfBenefit.item.servicedPeriod>	<http://www.w3.org/2002/07/owl#ObjectProperty>
<http://hl7.org/fhir/ExplanationOfBenefit.item.subSite>	<http://www.w3.org/2002/07/owl#ObjectProperty>
<http://hl7.org/fhir/ExplanationOfBenefit.item.udi>	<http://www.w3.org/2002/07/owl#ObjectProperty>
<http://hl7.org/fhir/ExplanationOfBenefit.item.unitPrice>	<http://www.w3.org/2002/07/owl#ObjectProperty>
<http://hl7.org/fhir/ExplanationOfBenefit.organization>	<http://www.w3.org/2002/07/owl#ObjectProperty>
<http://hl7.org/fhir/ExplanationOfBenefit.originalPrescription>	<http://www.w3.org/2002/07/owl#ObjectProperty>
<http://hl7.org/fhir/ExplanationOfBenefit.outcome>	<http://www.w3.org/2002/07/owl#ObjectProperty>
<http://hl7.org/fhir/ExplanationOfBenefit.patient>	<http://www.w3.org/2002/07/owl#ObjectProperty>
<http://hl7.org/fhir/ExplanationOfBenefit.payee>	<http://www.w3.org/2002/07/owl#ObjectProperty>
<http://hl7.org/fhir/ExplanationOfBenefit.payee.party>	<http://www.w3.org/2002/07/owl#ObjectProperty>
<http://hl7.org/fhir/ExplanationOfBenefit.payee.resourceType>	<http://www.w3.org/2002/07/owl#ObjectProperty>
<http://hl7.org/fhir/ExplanationOfBenefit.payee.type>	<http://www.w3.org/2002/07/owl#ObjectProperty>
<http://hl7.org/fhir/ExplanationOfBenefit.payment>	<http://www.w3.org/2002/07/owl#ObjectProperty>
<http://hl7.org/fhir/ExplanationOfBenefit.payment.adjustment>	<http://www.w3.org/2002/07/owl#ObjectProperty>
<http://hl7.org/fhir/ExplanationOfBenefit.payment.adjustmentReason>	<http://www.w3.org/2002/07/owl#ObjectProperty>
<http://hl7.org/fhir/ExplanationOfBenefit.payment.amount>	<http://www.w3.org/2002/07/owl#ObjectProperty>
<http://hl7.org/fhir/ExplanationOfBenefit.payment.date>	<http://www.w3.org/2002/07/owl#ObjectProperty>
<http://hl7.org/fhir/ExplanationOfBenefit.payment.identifier>	<http://www.w3.org/2002/07/owl#ObjectProperty>
<http://hl7.org/fhir/ExplanationOfBenefit.payment.type>	<http://www.w3.org/2002/07/owl#ObjectProperty>
<http://hl7.org/fhir/ExplanationOfBenefit.precedence>	<http://www.w3.org/2002/07/owl#ObjectProperty>
<http://hl7.org/fhir/ExplanationOfBenefit.prescription>	<http://www.w3.org/2002/07/owl#ObjectProperty>
<http://hl7.org/fhir/ExplanationOfBenefit.procedure>	<http://www.w3.org/2002/07/owl#ObjectProperty>
<http://hl7.org/fhir/ExplanationOfBenefit.procedure.date>	<http://www.w3.org/2002/07/owl#ObjectProperty>
<http://hl7.org/fhir/ExplanationOfBenefit.procedure.procedure>	<http://www.w3.org/2002/07/owl#ObjectProperty>
<http://hl7.org/fhir/ExplanationOfBenefit.procedure.procedureCodeableConcept>	<http://www.w3.org/2002/07/owl#ObjectProperty>
<http://hl7.org/fhir/ExplanationOfBenefit.procedure.procedureReference>	<http://www.w3.org/2002/07/owl#ObjectProperty>
<http://hl7.org/fhir/ExplanationOfBenefit.procedure.sequence>	<http://www.w3.org/2002/07/owl#ObjectProperty>
<http://hl7.org/fhir/ExplanationOfBenefit.processNote>	<http://www.w3.org/2002/07/owl#ObjectProperty>
<http://hl7.org/fhir/ExplanationOfBenefit.processNote.language>	<http://www.w3.org/2002/07/owl#ObjectProperty>
<http://hl7.org/fhir/ExplanationOfBenefit.processNote.number>	<http://www.w3.org/2002/07/owl#ObjectProperty>
<http://hl7.org/fhir/ExplanationOfBenefit.processNote.text>	<http://www.w3.org/2002/07/owl#ObjectProperty>
<http://hl7.org/fhir/ExplanationOfBenefit.processNote.type>	<http://www.w3.org/2002/07/owl#ObjectProperty>
<http://hl7.org/fhir/ExplanationOfBenefit.provider>	<http://www.w3.org/2002/07/owl#ObjectProperty>
<http://hl7.org/fhir/ExplanationOfBenefit.referral>	<http://www.w3.org/2002/07/owl#ObjectProperty>
<http://hl7.org/fhir/ExplanationOfBenefit.related>	<http://www.w3.org/2002/07/owl#ObjectProperty>
<http://hl7.org/fhir/ExplanationOfBenefit.related.claim>	<http://www.w3.org/2002/07/owl#ObjectProperty>
<http://hl7.org/fhir/ExplanationOfBenefit.related.reference>	<http://www.w3.org/2002/07/owl#ObjectProperty>
<http://hl7.org/fhir/ExplanationOfBenefit.related.relationship>	<http://www.w3.org/2002/07/owl#ObjectProperty>
<http://hl7.org/fhir/ExplanationOfBenefit.status>	<http://www.w3.org/2002/07/owl#ObjectProperty>
<http://hl7.org/fhir/ExplanationOfBenefit.subType>	<http://www.w3.org/2002/07/owl#ObjectProperty>
<http://hl7.org/fhir/ExplanationOfBenefit.totalBenefit>	<http://www.w3.org/2002/07/owl#ObjectProperty>
<http://hl7.org/fhir/ExplanationOfBenefit.totalCost>	<http://www.w3.org/2002/07/owl#ObjectProperty>
<http://hl7.org/fhir/ExplanationOfBenefit.type>	<http://www.w3.org/2002/07/owl#ObjectProperty>
<http://hl7.org/fhir/ExplanationOfBenefit.unallocDeductable>	<http://www.w3.org/2002/07/owl#ObjectProperty>
<http://hl7.org/fhir/Extension>	<http://www.w3.org/2002/07/owl#Class>
<http://hl7.org/fhir/Extension.url>	<http://www.w3.org/2002/07/owl#ObjectProperty>
<http://hl7.org/fhir/Extension.value>	<http://www.w3.org/2002/07/owl#ObjectProperty>
<http://hl7.org/fhir/FamilyMemberHistory>	<http://www.w3.org/2002/07/owl#Class>
<http://hl7.org/fhir/FamilyMemberHistory.age>	<http://www.w3.org/2002/07/owl#ObjectProperty>
<http://hl7.org/fhir/FamilyMemberHistory.ageAge>	<http://www.w3.org/2002/07/owl#ObjectProperty>
<http://hl7.org/fhir/FamilyMemberHistory.ageRange>	<http://www.w3.org/2002/07/owl#ObjectProperty>
<http://hl7.org/fhir/FamilyMemberHistory.ageString>	<http://www.w3.org/2002/07/owl#ObjectProperty>
<http://hl7.org/fhir/FamilyMemberHistory.born>	<http://www.w3.org/2002/07/owl#ObjectProperty>
<http://hl7.org/fhir/FamilyMemberHistory.bornDate>	<http://www.w3.org/2002/07/owl#ObjectProperty>
<http://hl7.org/fhir/FamilyMemberHistory.bornPeriod>	<http://www.w3.org/2002/07/owl#ObjectProperty>
<http://hl7.org/fhir/FamilyMemberHistory.bornString>	<http://www.w3.org/2002/07/owl#ObjectProperty>
<http://hl7.org/fhir/FamilyMemberHistory.condition>	<http://www.w3.org/2002/07/owl#ObjectProperty>
<http://hl7.org/fhir/FamilyMemberHistory.condition.code>	<http://www.w3.org/2002/07/owl#ObjectProperty>
<http://hl7.org/fhir/FamilyMemberHistory.condition.note>	<http://www.w3.org/2002/07/owl#ObjectProperty>
<http://hl7.org/fhir/FamilyMemberHistory.condition.onset>	<http://www.w3.org/2002/07/owl#ObjectProperty>
<http://hl7.org/fhir/FamilyMemberHistory.condition.onsetAge>	<http://www.w3.org/2002/07/owl#ObjectProperty>
<http://hl7.org/fhir/FamilyMemberHistory.condition.onsetPeriod>	<http://www.w3.org/2002/07/owl#ObjectProperty>
<http://hl7.org/fhir/FamilyMemberHistory.condition.onsetRange>	<http://www.w3.org/2002/07/owl#ObjectProperty>
<http://hl7.org/fhir/FamilyMemberHistory.condition.onsetString>	<http://www.w3.org/2002/07/owl#ObjectProperty>
<http://hl7.org/fhir/FamilyMemberHistory.condition.outcome>	<http://www.w3.org/2002/07/owl#ObjectProperty>
<http://hl7.org/fhir/FamilyMemberHistory.date>	<http://www.w3.org/2002/07/owl#ObjectProperty>
<http://hl7.org/fhir/FamilyMemberHistory.deceased>	<http://www.w3.org/2002/07/owl#ObjectProperty>
<http://hl7.org/fhir/FamilyMemberHistory.deceasedAge>	<http://www.w3.org/2002/07/owl#ObjectProperty>
<http://hl7.org/fhir/FamilyMemberHistory.deceasedBoolean>	<http://www.w3.org/2002/07/owl#ObjectProperty>
<http://hl7.org/fhir/FamilyMemberHistory.deceasedDate>	<http://www.w3.org/2002/07/owl#ObjectProperty>
<http://hl7.org/fhir/FamilyMemberHistory.deceasedRange>	<http://www.w3.org/2002/07/owl#ObjectProperty>
<http://hl7.org/fhir/FamilyMemberHistory.deceasedString>	<http://www.w3.org/2002/07/owl#ObjectProperty>
<http://hl7.org/fhir/FamilyMemberHistory.definition>	<http://www.w3.org/2002/07/owl#ObjectProperty>
<http://hl7.org/fhir/FamilyMemberHistory.estimatedAge>	<http://www.w3.org/2002/07/owl#ObjectProperty>
<http://hl7.org/fhir/FamilyMemberHistory.gender>	<http://www.w3.org/2002/07/owl#ObjectProperty>
<http://hl7.org/fhir/FamilyMemberHistory.identifier>	<http://www.w3.org/2002/07/owl#ObjectProperty>
<http://hl7.org/fhir/FamilyMemberHistory.name>	<http://www.w3.org/2002/07/owl#ObjectProperty>
<http://hl7.org/fhir/FamilyMemberHistory.notDone>	<http://www.w3.org/2002/07/owl#ObjectProperty>
<http://hl7.org/fhir/FamilyMemberHistory.notDoneReason>	<http://www.w3.org/2002/07/owl#ObjectProperty>
<http://hl7.org/fhir/FamilyMemberHistory.note>	<http://www.w3.org/2002/07/owl#ObjectProperty>
<http://hl7.org/fhir/FamilyMemberHistory.patient>	<http://www.w3.org/2002/07/owl#ObjectProperty>
<http://hl7.org/fhir/FamilyMemberHistory.reasonCode>	<http://www.w3.org/2002/07/owl#ObjectProperty>
<http://hl7.org/fhir/FamilyMemberHistory.reasonReference>	<http://www.w3.org/2002/07/owl#ObjectProperty>
<http://hl7.org/fhir/FamilyMemberHistory.relationship>	<http://www.w3.org/2002/07/owl#ObjectProperty>
<http://hl7.org/fhir/FamilyMemberHistory.status>	<http://www.w3.org/2002/07/owl#ObjectProperty>
<http://hl7.org/fhir/FamilyMemberHistoryConditionComponent>	<http://www.w3.org/2002/07/owl#Class>
<http://hl7.org/fhir/Flag>	<http://www.w3.org/2002/07/owl#Class>
<http://hl7.org/fhir/Flag.author>	<http://www.w3.org/2002/07/owl#ObjectProperty>
<http://hl7.org/fhir/Flag.category>	<http://www.w3.org/2002/07/owl#ObjectProperty>
<http://hl7.org/fhir/Flag.code>	<http://www.w3.org/2002/07/owl#ObjectProperty>
<http://hl7.org/fhir/Flag.encounter>	<http://www.w3.org/2002/07/owl#ObjectProperty>
<http://hl7.org/fhir/Flag.identifier>	<http://www.w3.org/2002/07/owl#ObjectProperty>
<http://hl7.org/fhir/Flag.period>	<http://www.w3.org/2002/07/owl#ObjectProperty>
<http://hl7.org/fhir/Flag.status>	<http://www.w3.org/2002/07/owl#ObjectProperty>
<http://hl7.org/fhir/Flag.subject>	<http://www.w3.org/2002/07/owl#ObjectProperty>
<http://hl7.org/fhir/FriendlyLanguageComponent>	<http://www.w3.org/2002/07/owl#Class>
<http://hl7.org/fhir/Goal>	<http://www.w3.org/2002/07/owl#Class>
<http://hl7.org/fhir/Goal.addresses>	<http://www.w3.org/2002/07/owl#ObjectProperty>
<http://hl7.org/fhir/Goal.category>	<http://www.w3.org/2002/07/owl#ObjectProperty>
<http://hl7.org/fhir/Goal.description>	<http://www.w3.org/2002/07/owl#ObjectProperty>
<http://hl7.org/fhir/Goal.expressedBy>	<http://www.w3.org/2002/07/owl#ObjectProperty>
<http://hl7.org/fhir/Goal.identifier>	<http://www.w3.org/2002/07/owl#ObjectProperty>
<http://hl7.org/fhir/Goal.note>	<http://www.w3.org/2002/07/owl#ObjectProperty>
<http://hl7.org/fhir/Goal.outcomeCode>	<http://www.w3.org/2002/07/owl#ObjectProperty>
<http://hl7.org/fhir/Goal.outcomeReference>	<http://www.w3.org/2002/07/owl#ObjectProperty>
<http://hl7.org/fhir/Goal.priority>	<http://www.w3.org/2002/07/owl#ObjectProperty>
<http://hl7.org/fhir/Goal.start>	<http://www.w3.org/2002/07/owl#ObjectProperty>
<http://hl7.org/fhir/Goal.startCodeableConcept>	<http://www.w3.org/2002/07/owl#ObjectProperty>
<http://hl7.org/fhir/Goal.startDate>	<http://www.w3.org/2002/07/owl#ObjectProperty>
<http://hl7.org/fhir/Goal.status>	<http://www.w3.org/2002/07/owl#ObjectProperty>
<http://hl7.org/fhir/Goal.statusDate>	<http://www.w3.org/2002/07/owl#ObjectProperty>
<http://hl7.org/fhir/Goal.statusReason>	<http://www.w3.org/2002/07/owl#ObjectProperty>
<http://hl7.org/fhir/Goal.subject>	<http://www.w3.org/2002/07/owl#ObjectProperty>
<http://hl7.org/fhir/Goal.target>	<http://www.w3.org/2002/07/owl#ObjectProperty>
<http://hl7.org/fhir/Goal.target.detail>	<http://www.w3.org/2002/07/owl#ObjectProperty>
<http://hl7.org/fhir/Goal.target.detailCodeableConcept>	<http://www.w3.org/2002/07/owl#ObjectProperty>
<http://hl7.org/fhir/Goal.target.detailQuantity>	<http://www.w3.org/2002/07/owl#ObjectProperty>
<http://hl7.org/fhir/Goal.target.detailRange>	<http://www.w3.org/2002/07/owl#ObjectProperty>
<http://hl7.org/fhir/Goal.target.due>	<http://www.w3.org/2002/07/owl#ObjectProperty>
<http://hl7.org/fhir/Goal.target.dueDate>	<http://www.w3.org/2002/07/owl#ObjectProperty>
<http://hl7.org/fhir/Goal.target.dueDuration>	<http://www.w3.org/2002/07/owl#ObjectProperty>
<http://hl7.org/fhir/Goal.target.measure>	<http://www.w3.org/2002/07/owl#ObjectProperty>
<http://hl7.org/fhir/GoalTargetComponent>	<http://www.w3.org/2002/07/owl#Class>
<http://hl7.org/fhir/GraphDefinition>	<http://www.w3.org/2002/07/owl#Class>
<http://hl7.org/fhir/GraphDefinition.contact>	<http://www.w3.org/2002/07/owl#ObjectProperty>
<http://hl7.org/fhir/GraphDefinition.date>	<http://www.w3.org/2002/07/owl#ObjectProperty>
<http://hl7.org/fhir/GraphDefinition.description>	<http://www.w3.org/2002/07/owl#ObjectProperty>
<http://hl7.org/fhir/GraphDefinition.experimental>	<http://www.w3.org/2002/07/owl#ObjectProperty>
<http://hl7.org/fhir/GraphDefinition.jurisdiction>	<http://www.w3.org/2002/07/owl#ObjectProperty>
<http://hl7.org/fhir/GraphDefinition.link>	<http://www.w3.org/2002/07/owl#ObjectProperty>
<http://hl7.org/fhir/GraphDefinition.link.description>	<http://www.w3.org/2002/07/owl#ObjectProperty>
<http://hl7.org/fhir/GraphDefinition.link.max>	<http://www.w3.org/2002/07/owl#ObjectProperty>
<http://hl7.org/fhir/GraphDefinition.link.min>	<http://www.w3.org/2002/07/owl#ObjectProperty>
<http://hl7.org/fhir/GraphDefinition.link.path>	<http://www.w3.org/2002/07/owl#ObjectProperty>
<http://hl7.org/fhir/GraphDefinition.link.sliceName>	<http://www.w3.org/2002/07/owl#ObjectProperty>
<http://hl7.org/fhir/GraphDefinition.link.target>	<http://www.w3.org/2002/07/owl#ObjectProperty>
<http://hl7.org/fhir/GraphDefinition.link.target.compartment>	<http://www.w3.org/2002/07/owl#ObjectProperty>
<http://hl7.org/fhir/GraphDefinition.link.target.compartment.code>	<http://www.w3.org/2002/07/owl#ObjectProperty>
<http://hl7.org/fhir/GraphDefinition.link.target.compartment.description>	<http://www.w3.org/2002/07/owl#ObjectProperty>
<http://hl7.org/fhir/GraphDefinition.link.target.compartment.expression>	<http://www.w3.org/2002/07/owl#ObjectProperty>
<http://hl7.org/fhir/GraphDefinition.link.target.compartment.rule>	<http://www.w3.org/2002/07/owl#ObjectProperty>
<http://hl7.org/fhir/GraphDefinition.link.target.link>	<http://www.w3.org/2002/07/owl#ObjectProperty>
<http://hl7.org/fhir/GraphDefinition.link.target.profile>	<http://www.w3.org/2002/07/owl#ObjectProperty>
<http://hl7.org/fhir/GraphDefinition.link.target.type>	<http://www.w3.org/2002/07/owl#ObjectProperty>
<http://hl7.org/fhir/GraphDefinition.name>	<http://www.w3.org/2002/07/owl#ObjectProperty>
<http://hl7.org/fhir/GraphDefinition.profile>	<http://www.w3.org/2002/07/owl#ObjectProperty>
<http://hl7.org/fhir/GraphDefinition.publisher>	<http://www.w3.org/2002/07/owl#ObjectProperty>
<http://hl7.org/fhir/GraphDefinition.purpose>	<http://www.w3.org/2002/07/owl#ObjectProperty>
<http://hl7.org/fhir/GraphDefinition.start>	<http://www.w3.org/2002/07/owl#ObjectProperty>
<http://hl7.org/fhir/GraphDefinition.status>	<http://www.w3.org/2002/07/owl#ObjectProperty>
<http://hl7.org/fhir/GraphDefinition.url>	<http://www.w3.org/2002/07/owl#ObjectProperty>
<http://hl7.org/fhir/GraphDefinition.useContext>	<http://www.w3.org/2002/07/owl#ObjectProperty>
<http://hl7.org/fhir/GraphDefinition.version>	<http://www.w3.org/2002/07/owl#ObjectProperty>
<http://hl7.org/fhir/GraphDefinitionLinkComponent>	<http://www.w3.org/2002/07/owl#Class>
<http://hl7.org/fhir/GraphDefinitionLinkTargetCompartmentComponent>	<http://www.w3.org/2002/07/owl#Class>
<http://hl7.org/fhir/GraphDefinitionLinkTargetComponent>	<http://www.w3.org/2002/07/owl#Class>
<http://hl7.org/fhir/Group>	<http://www.w3.org/2002/07/owl#Class>
<http://hl7.org/fhir/Group.active>	<http://www.w3.org/2002/07/owl#ObjectProperty>
<http://hl7.org/fhir/Group.actual>	<http://www.w3.org/2002/07/owl#ObjectProperty>
<http://hl7.org/fhir/Group.characteristic>	<http://www.w3.org/2002/07/owl#ObjectProperty>
<http://hl7.org/fhir/Group.characteristic.code>	<http://www.w3.org/2002/07/owl#ObjectProperty>
<http://hl7.org/fhir/Group.characteristic.exclude>	<http://www.w3.org/2002/07/owl#ObjectProperty>
<http://hl7.org/fhir/Group.characteristic.period>	<http://www.w3.org/2002/07/owl#ObjectProperty>
<http://hl7.org/fhir/Group.characteristic.value>	<http://www.w3.org/2002/07/owl#ObjectProperty>
<http://hl7.org/fhir/Group.characteristic.valueBoolean>	<http://www.w3.org/2002/07/owl#ObjectProperty>
<http://hl7.org/fhir/Group.characteristic.valueCodeableConcept>	<http://www.w3.org/2002/07/owl#ObjectProperty>
<http://hl7.org/fhir/Group.characteristic.valueQuantity>	<http://www.w3.org/2002/07/owl#ObjectProperty>
<http://hl7.org/fhir/Group.characteristic.valueRange>	<http://www.w3.org/2002/07/owl#ObjectProperty>
<http://hl7.org/fhir/Group.code>	<http://www.w3.org/2002/07/owl#ObjectProperty>
<http://hl7.org/fhir/Group.identifier>	<http://www.w3.org/2002/07/owl#ObjectProperty>
<http://hl7.org/fhir/Group.member>	<http://www.w3.org/2002/07/owl#ObjectProperty>
<http://hl7.org/fhir/Group.member.entity>	<http://www.w3.org/2002/07/owl#ObjectProperty>
<http://hl7.org/fhir/Group.member.inactive>	<http://www.w3.org/2002/07/owl#ObjectProperty>
<http://hl7.org/fhir/Group.member.period>	<http://www.w3.org/2002/07/owl#ObjectProperty>
<http://hl7.org/fhir/Group.name>	<http://www.w3.org/2002/07/owl#ObjectProperty>
<http://hl7.org/fhir/Group.quantity>	<http://www.w3.org/2002/07/owl#ObjectProperty>
<http://hl7.org/fhir/Group.type>	<http://www.w3.org/2002/07/owl#ObjectProperty>
<http://hl7.org/fhir/GroupCharacteristicComponent>	<http://www.w3.org/2002/07/owl#Class>
<http://hl7.org/fhir/GroupComponent>	<http://www.w3.org/2002/07/owl#Class>
<http://hl7.org/fhir/GroupMemberComponent>	<http://www.w3.org/2002/07/owl#Class>
<http://hl7.org/fhir/GuarantorComponent>	<http://www.w3.org/2002/07/owl#Class>
<http://hl7.org/fhir/GuidanceResponse>	<http://www.w3.org/2002/07/owl#Class>
<http://hl7.org/fhir/GuidanceResponse.context>	<http://www.w3.org/2002/07/owl#ObjectProperty>
<http://hl7.org/fhir/GuidanceResponse.dataRequirement>	<http://www.w3.org/2002/07/owl#ObjectProperty>
<http://hl7.org/fhir/GuidanceResponse.evaluationMessage>	<http://www.w3.org/2002/07/owl#ObjectProperty>
<http://hl7.org/fhir/GuidanceResponse.identifier>	<http://www.w3.org/2002/07/owl#ObjectProperty>
<http://hl7.org/fhir/GuidanceResponse.module>	<http://www.w3.org/2002/07/owl#ObjectProperty>
<http://hl7.org/fhir/GuidanceResponse.note>	<http://www.w3.org/2002/07/owl#ObjectProperty>
<http://hl7.org/fhir/GuidanceResponse.occurrenceDateTime>	<http://www.w3.org/2002/07/owl#ObjectProperty>
<http://hl7.org/fhir/GuidanceResponse.outputParameters>	<http://www.w3.org/2002/07/owl#ObjectProperty>
<http://hl7.org/fhir/GuidanceResponse.performer>	<http://www.w3.org/2002/07/owl#ObjectProperty>
<http://hl7.org/fhir/GuidanceResponse.reason>	<http://www.w3.org/2002/07/owl#ObjectProperty>
<http://hl7.org/fhir/GuidanceResponse.reasonCodeableConcept>	<http://www.w3.org/2002/07/owl#ObjectProperty>
<http://hl7.org/fhir/GuidanceResponse.reasonReference>	<http://www.w3.org/2002/07/owl#ObjectProperty>
<http://hl7.org/fhir/GuidanceResponse.requestId>	<http://www.w3.org/2002/07/owl#ObjectProperty>
<http://hl7.org/fhir/GuidanceResponse.result>	<http://www.w3.org/2002/07/owl#ObjectProperty>
<http://hl7.org/fhir/GuidanceResponse.status>	<http://www.w3.org/2002/07/owl#ObjectProperty>
<http://hl7.org/fhir/GuidanceResponse.subject>	<http://www.w3.org/2002/07/owl#ObjectProperty>
<http://hl7.org/fhir/HealthcareService>	<http://www.w3.org/2002/07/owl#Class>
<http://hl7.org/fhir/HealthcareService.active>	<http://www.w3.org/2002/07/owl#ObjectProperty>
<http://hl7.org/fhir/HealthcareService.appointmentRequired>	<http://www.w3.org/2002/07/owl#ObjectProperty>
<http://hl7.org/fhir/HealthcareService.availabilityExceptions>	<http://www.w3.org/2002/07/owl#ObjectProperty>
<http://hl7.org/fhir/HealthcareService.availableTime>	<http://www.w3.org/2002/07/owl#ObjectProperty>
<http://hl7.org/fhir/HealthcareService.availableTime.allDay>	<http://www.w3.org/2002/07/owl#ObjectProperty>
<http://hl7.org/fhir/HealthcareService.availableTime.availableEndTime>	<http://www.w3.org/2002/07/owl#ObjectProperty>
<http://hl7.org/fhir/HealthcareService.availableTime.availableStartTime>	<http://www.w3.org/2002/07/owl#ObjectProperty>
<http://hl7.org/fhir/HealthcareService.availableTime.daysOfWeek>	<http://www.w3.org/2002/07/owl#ObjectProperty>
<http://hl7.org/fhir/HealthcareService.category>	<http://www.w3.org/2002/07/owl#ObjectProperty>
<http://hl7.org/fhir/HealthcareService.characteristic>	<http://www.w3.org/2002/07/owl#ObjectProperty>
<http://hl7.org/fhir/HealthcareService.comment>	<http://www.w3.org/2002/07/owl#ObjectProperty>
<http://hl7.org/fhir/HealthcareService.coverageArea>	<http://www.w3.org/2002/07/owl#ObjectProperty>
<http://hl7.org/fhir/HealthcareService.eligibility>	<http://www.w3.org/2002/07/owl#ObjectProperty>
<http://hl7.org/fhir/HealthcareService.eligibilityNote>	<http://www.w3.org/2002/07/owl#ObjectProperty>
<http://hl7.org/fhir/HealthcareService.endpoint>	<http://www.w3.org/2002/07/owl#ObjectProperty>
<http://hl7.org/fhir/HealthcareService.extraDetails>	<http://www.w3.org/2002/07/owl#ObjectProperty>
<http://hl7.org/fhir/HealthcareService.identifier>	<http://www.w3.org/2002/07/owl#ObjectProperty>
<http://hl7.org/fhir/HealthcareService.location>	<http://www.w3.org/2002/07/owl#ObjectProperty>
<http://hl7.org/fhir/HealthcareService.name>	<http://www.w3.org/2002/07/owl#ObjectProperty>
<http://hl7.org/fhir/HealthcareService.notAvailable>	<http://www.w3.org/2002/07/owl#ObjectProperty>
<http://hl7.org/fhir/HealthcareService.notAvailable.description>	<http://www.w3.org/2002/07/owl#ObjectProperty>
<http://hl7.org/fhir/HealthcareService.notAvailable.during>	<http://www.w3.org/2002/07/owl#ObjectProperty>
<http://hl7.org/fhir/HealthcareService.photo>	<http://www.w3.org/2002/07/owl#ObjectProperty>
<http://hl7.org/fhir/HealthcareService.programName>	<http://www.w3.org/2002/07/owl#ObjectProperty>
<http://hl7.org/fhir/HealthcareService.providedBy>	<http://www.w3.org/2002/07/owl#ObjectProperty>
<http://hl7.org/fhir/HealthcareService.referralMethod>	<http://www.w3.org/2002/07/owl#ObjectProperty>
<http://hl7.org/fhir/HealthcareService.serviceProvisionCode>	<http://www.w3.org/2002/07/owl#ObjectProperty>
<http://hl7.org/fhir/HealthcareService.specialty>	<http://www.w3.org/2002/07/owl#ObjectProperty>
<http://hl7.org/fhir/HealthcareService.telecom>	<http://www.w3.org/2002/07/owl#ObjectProperty>
<http://hl7.org/fhir/HealthcareService.type>	<http://www.w3.org/2002/07/owl#ObjectProperty>
<http://hl7.org/fhir/HealthcareServiceAvailableTimeComponent>	<http://www.w3.org/2002/07/owl#Class>
<http://hl7.org/fhir/HealthcareServiceNotAvailableComponent>	<http://www.w3.org/2002/07/owl#Class>
<http://hl7.org/fhir/HumanName>	<http://www.w3.org/2002/07/owl#Class>
<http://hl7.org/fhir/HumanName.family>	<http://www.w3.org/2002/07/owl#ObjectProperty>
<http://hl7.org/fhir/HumanName.given>	<http://www.w3.org/2002/07/owl#ObjectProperty>
<http://hl7.org/fhir/HumanName.period>	<http://www.w3.org/2002/07/owl#ObjectProperty>
<http://hl7.org/fhir/HumanName.prefix>	<http://www.w3.org/2002/07/owl#ObjectProperty>
<http://hl7.org/fhir/HumanName.suffix>	<http://www.w3.org/2002/07/owl#ObjectProperty>
<http://hl7.org/fhir/HumanName.text>	<http://www.w3.org/2002/07/owl#ObjectProperty>
<http://hl7.org/fhir/HumanName.use>	<http://www.w3.org/2002/07/owl#ObjectProperty>
<http://hl7.org/fhir/Identifier>	<http://www.w3.org/2002/07/owl#Class>
<http://hl7.org/fhir/Identifier.assigner>	<http://www.w3.org/2002/07/owl#ObjectProperty>
<http://hl7.org/fhir/Identifier.period>	<http://www.w3.org/2002/07/owl#ObjectProperty>
<http://hl7.org/fhir/Identifier.system>	<http://www.w3.org/2002/07/owl#ObjectProperty>
<http://hl7.org/fhir/Identifier.type>	<http://www.w3.org/2002/07/owl#ObjectProperty>
<http://hl7.org/fhir/Identifier.use>	<http://www.w3.org/2002/07/owl#ObjectProperty>
<http://hl7.org/fhir/Identifier.value>	<http://www.w3.org/2002/07/owl#ObjectProperty>
<http://hl7.org/fhir/ImagingManifest>	<http://www.w3.org/2002/07/owl#Class>
<http://hl7.org/fhir/ImagingManifest.author>	<http://www.w3.org/2002/07/owl#ObjectProperty>
<http://hl7.org/fhir/ImagingManifest.authoringTime>	<http://www.w3.org/2002/07/owl#ObjectProperty>
<http://hl7.org/fhir/ImagingManifest.description>	<http://www.w3.org/2002/07/owl#ObjectProperty>
<http://hl7.org/fhir/ImagingManifest.identifier>	<http://www.w3.org/2002/07/owl#ObjectProperty>
<http://hl7.org/fhir/ImagingManifest.patient>	<http://www.w3.org/2002/07/owl#ObjectProperty>
<http://hl7.org/fhir/ImagingManifest.study>	<http://www.w3.org/2002/07/owl#ObjectProperty>
<http://hl7.org/fhir/ImagingManifest.study.endpoint>	<http://www.w3.org/2002/07/owl#ObjectProperty>
<http://hl7.org/fhir/ImagingManifest.study.imagingStudy>	<http://www.w3.org/2002/07/owl#ObjectProperty>
<http://hl7.org/fhir/ImagingManifest.study.series>	<http://www.w3.org/2002/07/owl#ObjectProperty>
<http://hl7.org/fhir/ImagingManifest.study.series.endpoint>	<http://www.w3.org/2002/07/owl#ObjectProperty>
<http://hl7.org/fhir/ImagingManifest.study.series.instance>	<http://www.w3.org/2002/07/owl#ObjectProperty>
<http://hl7.org/fhir/ImagingManifest.study.series.instance.sopClass>	<http://www.w3.org/2002/07/owl#ObjectProperty>
<http://hl7.org/fhir/ImagingManifest.study.series.instance.uid>	<http://www.w3.org/2002/07/owl#ObjectProperty>
<http://hl7.org/fhir/ImagingManifest.study.series.uid>	<http://www.w3.org/2002/07/owl#ObjectProperty>
<http://hl7.org/fhir/ImagingManifest.study.uid>	<http://www.w3.org/2002/07/owl#ObjectProperty>
<http://hl7.org/fhir/ImagingStudy>	<http://www.w3.org/2002/07/owl#Class>
<http://hl7.org/fhir/ImagingStudy.accession>	<http://www.w3.org/2002/07/owl#ObjectProperty>
<http://hl7.org/fhir/ImagingStudy.availability>	<http://www.w3.org/2002/07/owl#ObjectProperty>
<http://hl7.org/fhir/ImagingStudy.basedOn>	<http://www.w3.org/2002/07/owl#ObjectProperty>
<http://hl7.org/fhir/ImagingStudy.context>	<http://www.w3.org/2002/07/owl#ObjectProperty>
<http://hl7.org/fhir/ImagingStudy.description>	<http://www.w3.org/2002/07/owl#ObjectProperty>
<http://hl7.org/fhir/ImagingStudy.endpoint>	<http://www.w3.org/2002/07/owl#ObjectProperty>
<http://hl7.org/fhir/ImagingStudy.identifier>	<http://www.w3.org/2002/07/owl#ObjectProperty>
<http://hl7.org/fhir/ImagingStudy.interpreter>	<http://www.w3.org/2002/07/owl#ObjectProperty>
<http://hl7.org/fhir/ImagingStudy.modalityList>	<http://www.w3.org/2002/07/owl#ObjectProperty>
<http://hl7.org/fhir/ImagingStudy.numberOfInstances>	<http://www.w3.org/2002/07/owl#ObjectProperty>
<http://hl7.org/fhir/ImagingStudy.numberOfSeries>	<http://www.w3.org/2002/07/owl#ObjectProperty>
<http://hl7.org/fhir/ImagingStudy.patient>	<http://www.w3.org/2002/07/owl#ObjectProperty>
<http://hl7.org/fhir/ImagingStudy.procedureCode>	<http://www.w3.org/2002/07/owl#ObjectProperty>
<http://hl7.org/fhir/ImagingStudy.procedureReference>	<http://www.w3.org/2002/07/owl#ObjectProperty>
<http://hl7.org/fhir/ImagingStudy.reason>	<http://www.w3.org/2002/07/owl#ObjectProperty>
<http://hl7.org/fhir/ImagingStudy.referrer>	<http://www.w3.org/2002/07/owl#ObjectProperty>
<http://hl7.org/fhir/ImagingStudy.series>	<http://www.w3.org/2002/07/owl#ObjectProperty>
<http://hl7.org/fhir/ImagingStudy.series.availability>	<http://www.w3.org/2002/07/owl#ObjectProperty>
<http://hl7.org/fhir/ImagingStudy.series.bodySite>	<http://www.w3.org/2002/07/owl#ObjectProperty>
<http://hl7.org/fhir/ImagingStudy.series.description>	<http://www.w3.org/2002/07/owl#ObjectProperty>
<http://hl7.org/fhir/ImagingStudy.series.endpoint>	<http://www.w3.org/2002/07/owl#ObjectProperty>
<http://hl7.org/fhir/ImagingStudy.series.instance>	<http://www.w3.org/2002/07/owl#ObjectProperty>
<http://hl7.org/fhir/ImagingStudy.series.instance.number>	<http://www.w3.org/2002/07/owl#ObjectProperty>
<http://hl7.org/fhir/ImagingStudy.series.instance.sopClass>	<http://www.w3.org/2002/07/owl#ObjectProperty>
<http://hl7.org/fhir/ImagingStudy.series.instance.title>	<http://www.w3.org/2002/07/owl#ObjectProperty>
<http://hl7.org/fhir/ImagingStudy.series.instance.uid>	<http://www.w3.org/2002/07/owl#ObjectProperty>
<http://hl7.org/fhir/ImagingStudy.series.laterality>	<http://www.w3.org/2002/07/owl#ObjectProperty>
<http://hl7.org/fhir/ImagingStudy.series.modality>	<http://www.w3.org/2002/07/owl#ObjectProperty>
<http://hl7.org/fhir/ImagingStudy.series.number>	<http://www.w3.org/2002/07/owl#ObjectProperty>
<http://hl7.org/fhir/ImagingStudy.series.numberOfInstances>	<http://www.w3.org/2002/07/owl#ObjectProperty>
<http://hl7.org/fhir/ImagingStudy.series.performer>	<http://www.w3.org/2002/07/owl#ObjectProperty>
<http://hl7.org/fhir/ImagingStudy.series.started>	<http://www.w3.org/2002/07/owl#ObjectProperty>
<http://hl7.org/fhir/ImagingStudy.series.uid>	<http://www.w3.org/2002/07/owl#ObjectProperty>
<http://hl7.org/fhir/ImagingStudy.started>	<http://www.w3.org/2002/07/owl#ObjectProperty>
<http://hl7.org/fhir/ImagingStudy.uid>	<http://www.w3.org/2002/07/owl#ObjectProperty>
<http://hl7.org/fhir/ImagingStudySeriesComponent>	<http://www.w3.org/2002/07/owl#Class>
<http://hl7.org/fhir/ImagingStudySeriesInstanceComponent>	<http://www.w3.org/2002/07/owl#Class>
<http://hl7.org/fhir/Immunization>	<http://www.w3.org/2002/07/owl#Class>
<http://hl7.org/fhir/Immunization.date>	<http://www.w3.org/2002/07/owl#ObjectProperty>
<http://hl7.org/fhir/Immunization.doseQuantity>	<http://www.w3.org/2002/07/owl#ObjectProperty>
<http://hl7.org/fhir/Immunization.encounter>	<http://www.w3.org/2002/07/owl#ObjectProperty>
<http://hl7.org/fhir/Immunization.expirationDate>	<http://www.w3.org/2002/07/owl#ObjectProperty>
<http://hl7.org/fhir/Immunization.explanation>	<http://www.w3.org/2002/07/owl#ObjectProperty>
<http://hl7.org/fhir/Immunization.explanation.reason>	<http://www.w3.org/2002/07/owl#ObjectProperty>
<http://hl7.org/fhir/Immunization.explanation.reasonNotGiven>	<http://www.w3.org/2002/07/owl#ObjectProperty>
<http://hl7.org/fhir/Immunization.identifier>	<http://www.w3.org/2002/07/owl#ObjectProperty>
<http://hl7.org/fhir/Immunization.location>	<http://www.w3.org/2002/07/owl#ObjectProperty>
<http://hl7.org/fhir/Immunization.lotNumber>	<http://www.w3.org/2002/07/owl#ObjectProperty>
<http://hl7.org/fhir/Immunization.manufacturer>	<http://www.w3.org/2002/07/owl#ObjectProperty>
<http://hl7.org/fhir/Immunization.notGiven>	<http://www.w3.org/2002/07/owl#ObjectProperty>
<http://hl7.org/fhir/Immunization.note>	<http://www.w3.org/2002/07/owl#ObjectProperty>
<http://hl7.org/fhir/Immunization.patient>	<http://www.w3.org/2002/07/owl#ObjectProperty>
<http://hl7.org/fhir/Immunization.practitioner>	<http://www.w3.org/2002/07/owl#ObjectProperty>
<http://hl7.org/fhir/Immunization.practitioner.actor>	<http://www.w3.org/2002/07/owl#ObjectProperty>
<http://hl7.org/fhir/Immunization.practitioner.role>	<http://www.w3.org/2002/07/owl#ObjectProperty>
<http://hl7.org/fhir/Immunization.primarySource>	<http://www.w3.org/2002/07/owl#ObjectProperty>
<http://hl7.org/fhir/Immunization.reaction>	<http://www.w3.org/2002/07/owl#ObjectProperty>
<http://hl7.org/fhir/Immunization.reaction.date>	<http://www.w3.org/2002/07/owl#ObjectProperty>
<http://hl7.org/fhir/Immunization.reaction.detail>	<http://www.w3.org/2002/07/owl#ObjectProperty>
<http://hl7.org/fhir/Immunization.reaction.reported>	<http://www.w3.org/2002/07/owl#ObjectProperty>
<http://hl7.org/fhir/Immunization.reportOrigin>	<http://www.w3.org/2002/07/owl#ObjectProperty>
<http://hl7.org/fhir/Immunization.route>	<http://www.w3.org/2002/07/owl#ObjectProperty>
<http://hl7.org/fhir/Immunization.site>	<http://www.w3.org/2002/07/owl#ObjectProperty>
<http://hl7.org/fhir/Immunization.status>	<http://www.w3.org/2002/07/owl#ObjectProperty>
<http://hl7.org/fhir/Immunization.vaccinationProtocol>	<http://www.w3.org/2002/07/owl#ObjectProperty>
<http://hl7.org/fhir/Immunization.vaccinationProtocol.authority>	<http://www.w3.org/2002/07/owl#ObjectProperty>
<http://hl7.org/fhir/Immunization.vaccinationProtocol.description>	<http://www.w3.org/2002/07/owl#ObjectProperty>
<http://hl7.org/fhir/Immunization.vaccinationProtocol.doseSequence>	<http://www.w3.org/2002/07/owl#ObjectProperty>
<http://hl7.org/fhir/Immunization.vaccinationProtocol.doseStatus>	<http://www.w3.org/2002/07/owl#ObjectProperty>
<http://hl7.org/fhir/Immunization.vaccinationProtocol.doseStatusReason>	<http://www.w3.org/2002/07/owl#ObjectProperty>
<http://hl7.org/fhir/Immunization.vaccinationProtocol.series>	<http://www.w3.org/2002/07/owl#ObjectProperty>
<http://hl7.org/fhir/Immunization.vaccinationProtocol.seriesDoses>	<http://www.w3.org/2002/07/owl#ObjectProperty>
<http://hl7.org/fhir/Immunization.vaccinationProtocol.targetDisease>	<http://www.w3.org/2002/07/owl#ObjectProperty>
<http://hl7.org/fhir/Immunization.vaccineCode>	<http://www.w3.org/2002/07/owl#ObjectProperty>
<http://hl7.org/fhir/ImmunizationExplanationComponent>	<http://www.w3.org/2002/07/owl#Class>
<http://hl7.org/fhir/ImmunizationPractitionerComponent>	<http://www.w3.org/2002/07/owl#Class>
<http://hl7.org/fhir/ImmunizationReactionComponent>	<http://www.w3.org/2002/07/owl#Class>
<http://hl7.org/fhir/ImmunizationRecommendation>	<http://www.w3.org/2002/07/owl#Class>
<http://hl7.org/fhir/ImmunizationRecommendation.identifier>	<http://www.w3.org/2002/07/owl#ObjectProperty>
<http://hl7.org/fhir/ImmunizationRecommendation.patient>	<http://www.w3.org/2002/07/owl#ObjectProperty>
<http://hl7.org/fhir/ImmunizationRecommendation.recommendation>	<http://www.w3.org/2002/07/owl#ObjectProperty>
<http://hl7.org/fhir/ImmunizationRecommendation.recommendation.date>	<http://www.w3.org/2002/07/owl#ObjectProperty>
<http://hl7.org/fhir/ImmunizationRecommendation.recommendation.dateCriterion>	<http://www.w3.org/2002/07/owl#ObjectProperty>
<http://hl7.org/fhir/ImmunizationRecommendation.recommendation.dateCriterion.code>	<http://www.w3.org/2002/07/owl#ObjectProperty>
<http://hl7.org/fhir/ImmunizationRecommendation.recommendation.dateCriterion.value>	<http://www.w3.org/2002/07/owl#ObjectProperty>
<http://hl7.org/fhir/ImmunizationRecommendation.recommendation.doseNumber>	<http://www.w3.org/2002/07/owl#ObjectProperty>
<http://hl7.org/fhir/ImmunizationRecommendation.recommendation.forecastStatus>	<http://www.w3.org/2002/07/owl#ObjectProperty>
<http://hl7.org/fhir/ImmunizationRecommendation.recommendation.protocol>	<http://www.w3.org/2002/07/owl#ObjectProperty>
<http://hl7.org/fhir/ImmunizationRecommendation.recommendation.protocol.authority>	<http://www.w3.org/2002/07/owl#ObjectProperty>
<http://hl7.org/fhir/ImmunizationRecommendation.recommendation.protocol.description>	<http://www.w3.org/2002/07/owl#ObjectProperty>
<http://hl7.org/fhir/ImmunizationRecommendation.recommendation.protocol.doseSequence>	<http://www.w3.org/2002/07/owl#ObjectProperty>
<http://hl7.org/fhir/ImmunizationRecommendation.recommendation.protocol.series>	<http://www.w3.org/2002/07/owl#ObjectProperty>
<http://hl7.org/fhir/ImmunizationRecommendation.recommendation.supportingImmunization>	<http://www.w3.org/2002/07/owl#ObjectProperty>
<http://hl7.org/fhir/ImmunizationRecommendation.recommendation.supportingPatientInformation>	<http://www.w3.org/2002/07/owl#ObjectProperty>
<http://hl7.org/fhir/ImmunizationRecommendation.recommendation.targetDisease>	<http://www.w3.org/2002/07/owl#ObjectProperty>
<http://hl7.org/fhir/ImmunizationRecommendation.recommendation.vaccineCode>	<http://www.w3.org/2002/07/owl#ObjectProperty>
<http://hl7.org/fhir/ImmunizationRecommendationRecommendationComponent>	<http://www.w3.org/2002/07/owl#Class>
<http://hl7.org/fhir/ImmunizationRecommendationRecommendationDateCriterionComponent>	<http://www.w3.org/2002/07/owl#Class>
<http://hl7.org/fhir/ImmunizationRecommendationRecommendationProtocolComponent>	<http://www.w3.org/2002/07/owl#Class>
<http://hl7.org/fhir/ImmunizationVaccinationProtocolComponent>	<http://www.w3.org/2002/07/owl#Class>
<http://hl7.org/fhir/ImplementationGuide>	<http://www.w3.org/2002/07/owl#Class>
<http://hl7.org/fhir/ImplementationGuide.binary>	<http://www.w3.org/2002/07/owl#ObjectProperty>
<http://hl7.org/fhir/ImplementationGuide.contact>	<http://www.w3.org/2002/07/owl#ObjectProperty>
<http://hl7.org/fhir/ImplementationGuide.copyright>	<http://www.w3.org/2002/07/owl#ObjectProperty>
<http://hl7.org/fhir/ImplementationGuide.date>	<http://www.w3.org/2002/07/owl#ObjectProperty>
<http://hl7.org/fhir/ImplementationGuide.dependency>	<http://www.w3.org/2002/07/owl#ObjectProperty>
<http://hl7.org/fhir/ImplementationGuide.dependency.type>	<http://www.w3.org/2002/07/owl#ObjectProperty>
<http://hl7.org/fhir/ImplementationGuide.dependency.uri>	<http://www.w3.org/2002/07/owl#ObjectProperty>
<http://hl7.org/fhir/ImplementationGuide.description>	<http://www.w3.org/2002/07/owl#ObjectProperty>
<http://hl7.org/fhir/ImplementationGuide.experimental>	<http://www.w3.org/2002/07/owl#ObjectProperty>
<http://hl7.org/fhir/ImplementationGuide.fhirVersion>	<http://www.w3.org/2002/07/owl#ObjectProperty>
<http://hl7.org/fhir/ImplementationGuide.global>	<http://www.w3.org/2002/07/owl#ObjectProperty>
<http://hl7.org/fhir/ImplementationGuide.global.profile>	<http://www.w3.org/2002/07/owl#ObjectProperty>
<http://hl7.org/fhir/ImplementationGuide.global.type>	<http://www.w3.org/2002/07/owl#ObjectProperty>
<http://hl7.org/fhir/ImplementationGuide.jurisdiction>	<http://www.w3.org/2002/07/owl#ObjectProperty>
<http://hl7.org/fhir/ImplementationGuide.name>	<http://www.w3.org/2002/07/owl#ObjectProperty>
<http://hl7.org/fhir/ImplementationGuide.package>	<http://www.w3.org/2002/07/owl#ObjectProperty>
<http://hl7.org/fhir/ImplementationGuide.package.description>	<http://www.w3.org/2002/07/owl#ObjectProperty>
<http://hl7.org/fhir/ImplementationGuide.package.name>	<http://www.w3.org/2002/07/owl#ObjectProperty>
<http://hl7.org/fhir/ImplementationGuide.package.resource>	<http://www.w3.org/2002/07/owl#ObjectProperty>
<http://hl7.org/fhir/ImplementationGuide.package.resource.acronym>	<http://www.w3.org/2002/07/owl#ObjectProperty>
<http://hl7.org/fhir/ImplementationGuide.package.resource.description>	<http://www.w3.org/2002/07/owl#ObjectProperty>
<http://hl7.org/fhir/ImplementationGuide.package.resource.example>	<http://www.w3.org/2002/07/owl#ObjectProperty>
<http://hl7.org/fhir/ImplementationGuide.package.resource.exampleFor>	<http://www.w3.org/2002/07/owl#ObjectProperty>
<http://hl7.org/fhir/ImplementationGuide.package.resource.name>	<http://www.w3.org/2002/07/owl#ObjectProperty>
<http://hl7.org/fhir/ImplementationGuide.package.resource.source>	<http://www.w3.org/2002/07/owl#ObjectProperty>
<http://hl7.org/fhir/ImplementationGuide.package.resource.sourceReference>	<http://www.w3.org/2002/07/owl#ObjectProperty>
<http://hl7.org/fhir/ImplementationGuide.package.resource.sourceUri>	<http://www.w3.org/2002/07/owl#ObjectProperty>
<http://hl7.org/fhir/ImplementationGuide.page>	<http://www.w3.org/2002/07/owl#ObjectProperty>
<http://hl7.org/fhir/ImplementationGuide.page.format>	<http://www.w3.org/2002/07/owl#ObjectProperty>
<http://hl7.org/fhir/ImplementationGuide.page.kind>	<http://www.w3.org/2002/07/owl#ObjectProperty>
<http://hl7.org/fhir/ImplementationGuide.page.package>	<http://www.w3.org/2002/07/owl#ObjectProperty>
<http://hl7.org/fhir/ImplementationGuide.page.page>	<http://www.w3.org/2002/07/owl#ObjectProperty>
<http://hl7.org/fhir/ImplementationGuide.page.source>	<http://www.w3.org/2002/07/owl#ObjectProperty>
<http://hl7.org/fhir/ImplementationGuide.page.title>	<http://www.w3.org/2002/07/owl#ObjectProperty>
<http://hl7.org/fhir/ImplementationGuide.page.type>	<http://www.w3.org/2002/07/owl#ObjectProperty>
<http://hl7.org/fhir/ImplementationGuide.publisher>	<http://www.w3.org/2002/07/owl#ObjectProperty>
<http://hl7.org/fhir/ImplementationGuide.status>	<http://www.w3.org/2002/07/owl#ObjectProperty>
<http://hl7.org/fhir/ImplementationGuide.url>	<http://www.w3.org/2002/07/owl#ObjectProperty>
<http://hl7.org/fhir/ImplementationGuide.useContext>	<http://www.w3.org/2002/07/owl#ObjectProperty>
<http://hl7.org/fhir/ImplementationGuide.version>	<http://www.w3.org/2002/07/owl#ObjectProperty>
<http://hl7.org/fhir/ImplementationGuideDependencyComponent>	<http://www.w3.org/2002/07/owl#Class>
<http://hl7.org/fhir/ImplementationGuideGlobalComponent>	<http://www.w3.org/2002/07/owl#Class>
<http://hl7.org/fhir/ImplementationGuidePackageComponent>	<http://www.w3.org/2002/07/owl#Class>
<http://hl7.org/fhir/ImplementationGuidePackageResourceComponent>	<http://www.w3.org/2002/07/owl#Class>
<http://hl7.org/fhir/ImplementationGuidePageComponent>	<http://www.w3.org/2002/07/owl#Class>
<http://hl7.org/fhir/InstanceComponent>	<http://www.w3.org/2002/07/owl#Class>
<http://hl7.org/fhir/InsuranceComponent>	<http://www.w3.org/2002/07/owl#Class>
<http://hl7.org/fhir/ItemComponent>	<http://www.w3.org/2002/07/owl#Class>
<http://hl7.org/fhir/ItemDetailComponent>	<http://www.w3.org/2002/07/owl#Class>
<http://hl7.org/fhir/ItemsComponent>	<http://www.w3.org/2002/07/owl#Class>
<http://hl7.org/fhir/LegalLanguageComponent>	<http://www.w3.org/2002/07/owl#Class>
<http://hl7.org/fhir/Library>	<http://www.w3.org/2002/07/owl#Class>
<http://hl7.org/fhir/Library.approvalDate>	<http://www.w3.org/2002/07/owl#ObjectProperty>
<http://hl7.org/fhir/Library.contact>	<http://www.w3.org/2002/07/owl#ObjectProperty>
<http://hl7.org/fhir/Library.content>	<http://www.w3.org/2002/07/owl#ObjectProperty>
<http://hl7.org/fhir/Library.contributor>	<http://www.w3.org/2002/07/owl#ObjectProperty>
<http://hl7.org/fhir/Library.copyright>	<http://www.w3.org/2002/07/owl#ObjectProperty>
<http://hl7.org/fhir/Library.dataRequirement>	<http://www.w3.org/2002/07/owl#ObjectProperty>
<http://hl7.org/fhir/Library.date>	<http://www.w3.org/2002/07/owl#ObjectProperty>
<http://hl7.org/fhir/Library.description>	<http://www.w3.org/2002/07/owl#ObjectProperty>
<http://hl7.org/fhir/Library.effectivePeriod>	<http://www.w3.org/2002/07/owl#ObjectProperty>
<http://hl7.org/fhir/Library.experimental>	<http://www.w3.org/2002/07/owl#ObjectProperty>
<http://hl7.org/fhir/Library.identifier>	<http://www.w3.org/2002/07/owl#ObjectProperty>
<http://hl7.org/fhir/Library.jurisdiction>	<http://www.w3.org/2002/07/owl#ObjectProperty>
<http://hl7.org/fhir/Library.lastReviewDate>	<http://www.w3.org/2002/07/owl#ObjectProperty>
<http://hl7.org/fhir/Library.name>	<http://www.w3.org/2002/07/owl#ObjectProperty>
<http://hl7.org/fhir/Library.parameter>	<http://www.w3.org/2002/07/owl#ObjectProperty>
<http://hl7.org/fhir/Library.publisher>	<http://www.w3.org/2002/07/owl#ObjectProperty>
<http://hl7.org/fhir/Library.purpose>	<http://www.w3.org/2002/07/owl#ObjectProperty>
<http://hl7.org/fhir/Library.relatedArtifact>	<http://www.w3.org/2002/07/owl#ObjectProperty>
<http://hl7.org/fhir/Library.status>	<http://www.w3.org/2002/07/owl#ObjectProperty>
<http://hl7.org/fhir/Library.title>	<http://www.w3.org/2002/07/owl#ObjectProperty>
<http://hl7.org/fhir/Library.topic>	<http://www.w3.org/2002/07/owl#ObjectProperty>
<http://hl7.org/fhir/Library.type>	<http://www.w3.org/2002/07/owl#ObjectProperty>
<http://hl7.org/fhir/Library.url>	<http://www.w3.org/2002/07/owl#ObjectProperty>
<http://hl7.org/fhir/Library.usage>	<http://www.w3.org/2002/07/owl#ObjectProperty>
<http://hl7.org/fhir/Library.useContext>	<http://www.w3.org/2002/07/owl#ObjectProperty>
<http://hl7.org/fhir/Library.version>	<http://www.w3.org/2002/07/owl#ObjectProperty>
<http://hl7.org/fhir/Linkage>	<http://www.w3.org/2002/07/owl#Class>
<http://hl7.org/fhir/Linkage.active>	<http://www.w3.org/2002/07/owl#ObjectProperty>
<http://hl7.org/fhir/Linkage.author>	<http://www.w3.org/2002/07/owl#ObjectProperty>
<http://hl7.org/fhir/Linkage.item>	<http://www.w3.org/2002/07/owl#ObjectProperty>
<http://hl7.org/fhir/Linkage.item.resource>	<http://www.w3.org/2002/07/owl#ObjectProperty>
<http://hl7.org/fhir/Linkage.item.type>	<http://www.w3.org/2002/07/owl#ObjectProperty>
<http://hl7.org/fhir/LinkageItemComponent>	<http://www.w3.org/2002/07/owl#Class>
<http://hl7.org/fhir/List>	<http://www.w3.org/2002/07/owl#Class>
<http://hl7.org/fhir/List.code>	<http://www.w3.org/2002/07/owl#ObjectProperty>
<http://hl7.org/fhir/List.date>	<http://www.w3.org/2002/07/owl#ObjectProperty>
<http://hl7.org/fhir/List.emptyReason>	<http://www.w3.org/2002/07/owl#ObjectProperty>
<http://hl7.org/fhir/List.encounter>	<http://www.w3.org/2002/07/owl#ObjectProperty>
<http://hl7.org/fhir/List.entry>	<http://www.w3.org/2002/07/owl#ObjectProperty>
<http://hl7.org/fhir/List.entry.date>	<http://www.w3.org/2002/07/owl#ObjectProperty>
<http://hl7.org/fhir/List.entry.deleted>	<http://www.w3.org/2002/07/owl#ObjectProperty>
<http://hl7.org/fhir/List.entry.flag>	<http://www.w3.org/2002/07/owl#ObjectProperty>
<http://hl7.org/fhir/List.entry.item>	<http://www.w3.org/2002/07/owl#ObjectProperty>
<http://hl7.org/fhir/List.identifier>	<http://www.w3.org/2002/07/owl#ObjectProperty>
<http://hl7.org/fhir/List.mode>	<http://www.w3.org/2002/07/owl#ObjectProperty>
<http://hl7.org/fhir/List.note>	<http://www.w3.org/2002/07/owl#ObjectProperty>
<http://hl7.org/fhir/List.orderedBy>	<http://www.w3.org/2002/07/owl#ObjectProperty>
<http://hl7.org/fhir/List.source>	<http://www.w3.org/2002/07/owl#ObjectProperty>
<http://hl7.org/fhir/List.status>	<http://www.w3.org/2002/07/owl#ObjectProperty>
<http://hl7.org/fhir/List.subject>	<http://www.w3.org/2002/07/owl#ObjectProperty>
<http://hl7.org/fhir/List.title>	<http://www.w3.org/2002/07/owl#ObjectProperty>
<http://hl7.org/fhir/ListEntryComponent>	<http://www.w3.org/2002/07/owl#Class>
<http://hl7.org/fhir/Location>	<http://www.w3.org/2002/07/owl#Class>
<http://hl7.org/fhir/Location.address>	<http://www.w3.org/2002/07/owl#ObjectProperty>
<http://hl7.org/fhir/Location.alias>	<http://www.w3.org/2002/07/owl#ObjectProperty>
<http://hl7.org/fhir/Location.description>	<http://www.w3.org/2002/07/owl#ObjectProperty>
<http://hl7.org/fhir/Location.endpoint>	<http://www.w3.org/2002/07/owl#ObjectProperty>
<http://hl7.org/fhir/Location.identifier>	<http://www.w3.org/2002/07/owl#ObjectProperty>
<http://hl7.org/fhir/Location.managingOrganization>	<http://www.w3.org/2002/07/owl#ObjectProperty>
<http://hl7.org/fhir/Location.mode>	<http://www.w3.org/2002/07/owl#ObjectProperty>
<http://hl7.org/fhir/Location.name>	<http://www.w3.org/2002/07/owl#ObjectProperty>
<http://hl7.org/fhir/Location.operationalStatus>	<http://www.w3.org/2002/07/owl#ObjectProperty>
<http://hl7.org/fhir/Location.partOf>	<http://www.w3.org/2002/07/owl#ObjectProperty>
<http://hl7.org/fhir/Location.physicalType>	<http://www.w3.org/2002/07/owl#ObjectProperty>
<http://hl7.org/fhir/Location.position>	<http://www.w3.org/2002/07/owl#ObjectProperty>
<http://hl7.org/fhir/Location.position.altitude>	<http://www.w3.org/2002/07/owl#ObjectProperty>
<http://hl7.org/fhir/Location.position.latitude>	<http://www.w3.org/2002/07/owl#ObjectProperty>
<http://hl7.org/fhir/Location.position.longitude>	<http://www.w3.org/2002/07/owl#ObjectProperty>
<http://hl7.org/fhir/Location.status>	<http://www.w3.org/2002/07/owl#ObjectProperty>
<http://hl7.org/fhir/Location.telecom>	<http://www.w3.org/2002/07/owl#ObjectProperty>
<http://hl7.org/fhir/Location.type>	<http://www.w3.org/2002/07/owl#ObjectProperty>
<http://hl7.org/fhir/LocationPositionComponent>	<http://www.w3.org/2002/07/owl#Class>
<http://hl7.org/fhir/Measure>	<http://www.w3.org/2002/07/owl#Class>
<http://hl7.org/fhir/Measure.approvalDate>	<http://www.w3.org/2002/07/owl#ObjectProperty>
<http://hl7.org/fhir/Measure.clinicalRecommendationStatement>	<http://www.w3.org/2002/07/owl#ObjectProperty>
<http://hl7.org/fhir/Measure.compositeScoring>	<http://www.w3.org/2002/07/owl#ObjectProperty>
<http://hl7.org/fhir/Measure.contact>	<http://www.w3.org/2002/07/owl#ObjectProperty>
<http://hl7.org/fhir/Measure.contributor>	<http://www.w3.org/2002/07/owl#ObjectProperty>
<http://hl7.org/fhir/Measure.copyright>	<http://www.w3.org/2002/07/owl#ObjectProperty>
<http://hl7.org/fhir/Measure.date>	<http://www.w3.org/2002/07/owl#ObjectProperty>
<http://hl7.org/fhir/Measure.definition>	<http://www.w3.org/2002/07/owl#ObjectProperty>
<http://hl7.org/fhir/Measure.description>	<http://www.w3.org/2002/07/owl#ObjectProperty>
<http://hl7.org/fhir/Measure.disclaimer>	<http://www.w3.org/2002/07/owl#ObjectProperty>
<http://hl7.org/fhir/Measure.effectivePeriod>	<http://www.w3.org/2002/07/owl#ObjectProperty>
<http://hl7.org/fhir/Measure.experimental>	<http://www.w3.org/2002/07/owl#ObjectProperty>
<http://hl7.org/fhir/Measure.group>	<http://www.w3.org/2002/07/owl#ObjectProperty>
<http://hl7.org/fhir/Measure.group.description>	<http://www.w3.org/2002/07/owl#ObjectProperty>
<http://hl7.org/fhir/Measure.group.identifier>	<http://www.w3.org/2002/07/owl#ObjectProperty>
<http://hl7.org/fhir/Measure.group.name>	<http://www.w3.org/2002/07/owl#ObjectProperty>
<http://hl7.org/fhir/Measure.group.population>	<http://www.w3.org/2002/07/owl#ObjectProperty>
<http://hl7.org/fhir/Measure.group.population.code>	<http://www.w3.org/2002/07/owl#ObjectProperty>
<http://hl7.org/fhir/Measure.group.population.criteria>	<http://www.w3.org/2002/07/owl#ObjectProperty>
<http://hl7.org/fhir/Measure.group.population.description>	<http://www.w3.org/2002/07/owl#ObjectProperty>
<http://hl7.org/fhir/Measure.group.population.identifier>	<http://www.w3.org/2002/07/owl#ObjectProperty>
<http://hl7.org/fhir/Measure.group.population.name>	<http://www.w3.org/2002/07/owl#ObjectProperty>
<http://hl7.org/fhir/Measure.group.stratifier>	<http://www.w3.org/2002/07/owl#ObjectProperty>
<http://hl7.org/fhir/Measure.group.stratifier.criteria>	<http://www.w3.org/2002/07/owl#ObjectProperty>
<http://hl7.org/fhir/Measure.group.stratifier.identifier>	<http://www.w3.org/2002/07/owl#ObjectProperty>
<http://hl7.org/fhir/Measure.group.stratifier.path>	<http://www.w3.org/2002/07/owl#ObjectProperty>
<http://hl7.org/fhir/Measure.guidance>	<http://www.w3.org/2002/07/owl#ObjectProperty>
<http://hl7.org/fhir/Measure.identifier>	<http://www.w3.org/2002/07/owl#ObjectProperty>
<http://hl7.org/fhir/Measure.improvementNotation>	<http://www.w3.org/2002/07/owl#ObjectProperty>
<http://hl7.org/fhir/Measure.jurisdiction>	<http://www.w3.org/2002/07/owl#ObjectProperty>
<http://hl7.org/fhir/Measure.lastReviewDate>	<http://www.w3.org/2002/07/owl#ObjectProperty>
<http://hl7.org/fhir/Measure.library>	<http://www.w3.org/2002/07/owl#ObjectProperty>
<http://hl7.org/fhir/Measure.name>	<http://www.w3.org/2002/07/owl#ObjectProperty>
<http://hl7.org/fhir/Measure.publisher>	<http://www.w3.org/2002/07/owl#ObjectProperty>
<http://hl7.org/fhir/Measure.purpose>	<http://www.w3.org/2002/07/owl#ObjectProperty>
<http://hl7.org/fhir/Measure.rateAggregation>	<http://www.w3.org/2002/07/owl#ObjectProperty>
<http://hl7.org/fhir/Measure.rationale>	<http://www.w3.org/2002/07/owl#ObjectProperty>
<http://hl7.org/fhir/Measure.relatedArtifact>	<http://www.w3.org/2002/07/owl#ObjectProperty>
<http://hl7.org/fhir/Measure.riskAdjustment>	<http://www.w3.org/2002/07/owl#ObjectProperty>
<http://hl7.org/fhir/Measure.scoring>	<http://www.w3.org/2002/07/owl#ObjectProperty>
<http://hl7.org/fhir/Measure.set>	<http://www.w3.org/2002/07/owl#ObjectProperty>
<http://hl7.org/fhir/Measure.status>	<http://www.w3.org/2002/07/owl#ObjectProperty>
<http://hl7.org/fhir/Measure.supplementalData>	<http://www.w3.org/2002/07/owl#ObjectProperty>
<http://hl7.org/fhir/Measure.supplementalData.criteria>	<http://www.w3.org/2002/07/owl#ObjectProperty>
<http://hl7.org/fhir/Measure.supplementalData.identifier>	<http://www.w3.org/2002/07/owl#ObjectProperty>
<http://hl7.org/fhir/Measure.supplementalData.path>	<http://www.w3.org/2002/07/owl#ObjectProperty>
<http://hl7.org/fhir/Measure.supplementalData.usage>	<http://www.w3.org/2002/07/owl#ObjectProperty>
<http://hl7.org/fhir/Measure.title>	<http://www.w3.org/2002/07/owl#ObjectProperty>
<http://hl7.org/fhir/Measure.topic>	<http://www.w3.org/2002/07/owl#ObjectProperty>
<http://hl7.org/fhir/Measure.type>	<http://www.w3.org/2002/07/owl#ObjectProperty>
<http://hl7.org/fhir/Measure.url>	<http://www.w3.org/2002/07/owl#ObjectProperty>
<http://hl7.org/fhir/Measure.usage>	<http://www.w3.org/2002/07/owl#ObjectProperty>
<http://hl7.org/fhir/Measure.useContext>	<http://www.w3.org/2002/07/owl#ObjectProperty>
<http://hl7.org/fhir/Measure.version>	<http://www.w3.org/2002/07/owl#ObjectProperty>
<http://hl7.org/fhir/MeasureGroupComponent>	<http://www.w3.org/2002/07/owl#Class>
<http://hl7.org/fhir/MeasureGroupPopulationComponent>	<http://www.w3.org/2002/07/owl#Class>
<http://hl7.org/fhir/MeasureGroupStratifierComponent>	<http://www.w3.org/2002/07/owl#Class>
<http://hl7.org/fhir/MeasureReport>	<http://www.w3.org/2002/07/owl#Class>
<http://hl7.org/fhir/MeasureReport.date>	<http://www.w3.org/2002/07/owl#ObjectProperty>
<http://hl7.org/fhir/MeasureReport.evaluatedResources>	<http://www.w3.org/2002/07/owl#ObjectProperty>
<http://hl7.org/fhir/MeasureReport.group>	<http://www.w3.org/2002/07/owl#ObjectProperty>
<http://hl7.org/fhir/MeasureReport.group.identifier>	<http://www.w3.org/2002/07/owl#ObjectProperty>
<http://hl7.org/fhir/MeasureReport.group.measureScore>	<http://www.w3.org/2002/07/owl#ObjectProperty>
<http://hl7.org/fhir/MeasureReport.group.population>	<http://www.w3.org/2002/07/owl#ObjectProperty>
<http://hl7.org/fhir/MeasureReport.group.population.code>	<http://www.w3.org/2002/07/owl#ObjectProperty>
<http://hl7.org/fhir/MeasureReport.group.population.count>	<http://www.w3.org/2002/07/owl#ObjectProperty>
<http://hl7.org/fhir/MeasureReport.group.population.identifier>	<http://www.w3.org/2002/07/owl#ObjectProperty>
<http://hl7.org/fhir/MeasureReport.group.population.patients>	<http://www.w3.org/2002/07/owl#ObjectProperty>
<http://hl7.org/fhir/MeasureReport.group.stratifier>	<http://www.w3.org/2002/07/owl#ObjectProperty>
<http://hl7.org/fhir/MeasureReport.group.stratifier.identifier>	<http://www.w3.org/2002/07/owl#ObjectProperty>
<http://hl7.org/fhir/MeasureReport.group.stratifier.stratum>	<http://www.w3.org/2002/07/owl#ObjectProperty>
<http://hl7.org/fhir/MeasureReport.group.stratifier.stratum.measureScore>	<http://www.w3.org/2002/07/owl#ObjectProperty>
<http://hl7.org/fhir/MeasureReport.group.stratifier.stratum.population>	<http://www.w3.org/2002/07/owl#ObjectProperty>
<http://hl7.org/fhir/MeasureReport.group.stratifier.stratum.population.code>	<http://www.w3.org/2002/07/owl#ObjectProperty>
<http://hl7.org/fhir/MeasureReport.group.stratifier.stratum.population.count>	<http://www.w3.org/2002/07/owl#ObjectProperty>
<http://hl7.org/fhir/MeasureReport.group.stratifier.stratum.population.identifier>	<http://www.w3.org/2002/07/owl#ObjectProperty>
<http://hl7.org/fhir/MeasureReport.group.stratifier.stratum.population.patients>	<http://www.w3.org/2002/07/owl#ObjectProperty>
<http://hl7.org/fhir/MeasureReport.group.stratifier.stratum.value>	<http://www.w3.org/2002/07/owl#ObjectProperty>
<http://hl7.org/fhir/MeasureReport.identifier>	<http://www.w3.org/2002/07/owl#ObjectProperty>
<http://hl7.org/fhir/MeasureReport.measure>	<http://www.w3.org/2002/07/owl#ObjectProperty>
<http://hl7.org/fhir/MeasureReport.patient>	<http://www.w3.org/2002/07/owl#ObjectProperty>
<http://hl7.org/fhir/MeasureReport.period>	<http://www.w3.org/2002/07/owl#ObjectProperty>
<http://hl7.org/fhir/MeasureReport.reportingOrganization>	<http://www.w3.org/2002/07/owl#ObjectProperty>
<http://hl7.org/fhir/MeasureReport.status>	<http://www.w3.org/2002/07/owl#ObjectProperty>
<http://hl7.org/fhir/MeasureReport.type>	<http://www.w3.org/2002/07/owl#ObjectProperty>
<http://hl7.org/fhir/MeasureReportGroupComponent>	<http://www.w3.org/2002/07/owl#Class>
<http://hl7.org/fhir/MeasureReportGroupPopulationComponent>	<http://www.w3.org/2002/07/owl#Class>
<http://hl7.org/fhir/MeasureReportGroupStratifierComponent>	<http://www.w3.org/2002/07/owl#Class>
<http://hl7.org/fhir/MeasureSupplementalDataComponent>	<http://www.w3.org/2002/07/owl#Class>
<http://hl7.org/fhir/Media>	<http://www.w3.org/2002/07/owl#Class>
<http://hl7.org/fhir/Media.basedOn>	<http://www.w3.org/2002/07/owl#ObjectProperty>
<http://hl7.org/fhir/Media.bodySite>	<http://www.w3.org/2002/07/owl#ObjectProperty>
<http://hl7.org/fhir/Media.content>	<http://www.w3.org/2002/07/owl#ObjectProperty>
<http://hl7.org/fhir/Media.context>	<http://www.w3.org/2002/07/owl#ObjectProperty>
<http://hl7.org/fhir/Media.device>	<http://www.w3.org/2002/07/owl#ObjectProperty>
<http://hl7.org/fhir/Media.duration>	<http://www.w3.org/2002/07/owl#ObjectProperty>
<http://hl7.org/fhir/Media.frames>	<http://www.w3.org/2002/07/owl#ObjectProperty>
<http://hl7.org/fhir/Media.height>	<http://www.w3.org/2002/07/owl#ObjectProperty>
<http://hl7.org/fhir/Media.identifier>	<http://www.w3.org/2002/07/owl#ObjectProperty>
<http://hl7.org/fhir/Media.note>	<http://www.w3.org/2002/07/owl#ObjectProperty>
<http://hl7.org/fhir/Media.occurrence>	<http://www.w3.org/2002/07/owl#ObjectProperty>
<http://hl7.org/fhir/Media.occurrenceDateTime>	<http://www.w3.org/2002/07/owl#ObjectProperty>
<http://hl7.org/fhir/Media.occurrencePeriod>	<http://www.w3.org/2002/07/owl#ObjectProperty>
<http://hl7.org/fhir/Media.operator>	<http://www.w3.org/2002/07/owl#ObjectProperty>
<http://hl7.org/fhir/Media.reasonCode>	<http://www.w3.org/2002/07/owl#ObjectProperty>
<http://hl7.org/fhir/Media.subject>	<http://www.w3.org/2002/07/owl#ObjectProperty>
<http://hl7.org/fhir/Media.subtype>	<http://www.w3.org/2002/07/owl#ObjectProperty>
<http://hl7.org/fhir/Media.type>	<http://www.w3.org/2002/07/owl#ObjectProperty>
<http://hl7.org/fhir/Media.view>	<http://www.w3.org/2002/07/owl#ObjectProperty>
<http://hl7.org/fhir/Media.width>	<http://www.w3.org/2002/07/owl#ObjectProperty>
<http://hl7.org/fhir/Medication>	<http://www.w3.org/2002/07/owl#Class>
<http://hl7.org/fhir/Medication.code>	<http://www.w3.org/2002/07/owl#ObjectProperty>
<http://hl7.org/fhir/Medication.form>	<http://www.w3.org/2002/07/owl#ObjectProperty>
<http://hl7.org/fhir/Medication.image>	<http://www.w3.org/2002/07/owl#ObjectProperty>
<http://hl7.org/fhir/Medication.ingredient>	<http://www.w3.org/2002/07/owl#ObjectProperty>
<http://hl7.org/fhir/Medication.ingredient.amount>	<http://www.w3.org/2002/07/owl#ObjectProperty>
<http://hl7.org/fhir/Medication.ingredient.isActive>	<http://www.w3.org/2002/07/owl#ObjectProperty>
<http://hl7.org/fhir/Medication.ingredient.item>	<http://www.w3.org/2002/07/owl#ObjectProperty>
<http://hl7.org/fhir/Medication.ingredient.itemCodeableConcept>	<http://www.w3.org/2002/07/owl#ObjectProperty>
<http://hl7.org/fhir/Medication.ingredient.itemReference>	<http://www.w3.org/2002/07/owl#ObjectProperty>
<http://hl7.org/fhir/Medication.isBrand>	<http://www.w3.org/2002/07/owl#ObjectProperty>
<http://hl7.org/fhir/Medication.isOverTheCounter>	<http://www.w3.org/2002/07/owl#ObjectProperty>
<http://hl7.org/fhir/Medication.manufacturer>	<http://www.w3.org/2002/07/owl#ObjectProperty>
<http://hl7.org/fhir/Medication.package>	<http://www.w3.org/2002/07/owl#ObjectProperty>
<http://hl7.org/fhir/Medication.package.batch>	<http://www.w3.org/2002/07/owl#ObjectProperty>
<http://hl7.org/fhir/Medication.package.batch.expirationDate>	<http://www.w3.org/2002/07/owl#ObjectProperty>
<http://hl7.org/fhir/Medication.package.batch.lotNumber>	<http://www.w3.org/2002/07/owl#ObjectProperty>
<http://hl7.org/fhir/Medication.package.container>	<http://www.w3.org/2002/07/owl#ObjectProperty>
<http://hl7.org/fhir/Medication.package.content>	<http://www.w3.org/2002/07/owl#ObjectProperty>
<http://hl7.org/fhir/Medication.package.content.amount>	<http://www.w3.org/2002/07/owl#ObjectProperty>
<http://hl7.org/fhir/Medication.package.content.item>	<http://www.w3.org/2002/07/owl#ObjectProperty>
<http://hl7.org/fhir/Medication.package.content.itemCodeableConcept>	<http://www.w3.org/2002/07/owl#ObjectProperty>
<http://hl7.org/fhir/Medication.package.content.itemReference>	<http://www.w3.org/2002/07/owl#ObjectProperty>
<http://hl7.org/fhir/Medication.status>	<http://www.w3.org/2002/07/owl#ObjectProperty>
<http://hl7.org/fhir/MedicationAdministration>	<http://www.w3.org/2002/07/owl#Class>
<http://hl7.org/fhir/MedicationAdministration.category>	<http://www.w3.org/2002/07/owl#ObjectProperty>
<http://hl7.org/fhir/MedicationAdministration.context>	<http://www.w3.org/2002/07/owl#ObjectProperty>
<http://hl7.org/fhir/MedicationAdministration.definition>	<http://www.w3.org/2002/07/owl#ObjectProperty>
<http://hl7.org/fhir/MedicationAdministration.device>	<http://www.w3.org/2002/07/owl#ObjectProperty>
<http://hl7.org/fhir/MedicationAdministration.dosage>	<http://www.w3.org/2002/07/owl#ObjectProperty>
<http://hl7.org/fhir/MedicationAdministration.dosage.dose>	<http://www.w3.org/2002/07/owl#ObjectProperty>
<http://hl7.org/fhir/MedicationAdministration.dosage.method>	<http://www.w3.org/2002/07/owl#ObjectProperty>
<http://hl7.org/fhir/MedicationAdministration.dosage.rate>	<http://www.w3.org/2002/07/owl#ObjectProperty>
<http://hl7.org/fhir/MedicationAdministration.dosage.rateRatio>	<http://www.w3.org/2002/07/owl#ObjectProperty>
<http://hl7.org/fhir/MedicationAdministration.dosage.rateSimpleQuantity>	<http://www.w3.org/2002/07/owl#ObjectProperty>
<http://hl7.org/fhir/MedicationAdministration.dosage.route>	<http://www.w3.org/2002/07/owl#ObjectProperty>
<http://hl7.org/fhir/MedicationAdministration.dosage.site>	<http://www.w3.org/2002/07/owl#ObjectProperty>
<http://hl7.org/fhir/MedicationAdministration.dosage.text>	<http://www.w3.org/2002/07/owl#ObjectProperty>
<http://hl7.org/fhir/MedicationAdministration.effective>	<http://www.w3.org/2002/07/owl#ObjectProperty>
<http://hl7.org/fhir/MedicationAdministration.effectiveDateTime>	<http://www.w3.org/2002/07/owl#ObjectProperty>
<http://hl7.org/fhir/MedicationAdministration.effectivePeriod>	<http://www.w3.org/2002/07/owl#ObjectProperty>
<http://hl7.org/fhir/MedicationAdministration.eventHistory>	<http://www.w3.org/2002/07/owl#ObjectProperty>
<http://hl7.org/fhir/MedicationAdministration.identifier>	<http://www.w3.org/2002/07/owl#ObjectProperty>
<http://hl7.org/fhir/MedicationAdministration.medication>	<http://www.w3.org/2002/07/owl#ObjectProperty>
<http://hl7.org/fhir/MedicationAdministration.medicationCodeableConcept>	<http://www.w3.org/2002/07/owl#ObjectProperty>
<http://hl7.org/fhir/MedicationAdministration.medicationReference>	<http://www.w3.org/2002/07/owl#ObjectProperty>
<http://hl7.org/fhir/MedicationAdministration.notGiven>	<http://www.w3.org/2002/07/owl#ObjectProperty>
<http://hl7.org/fhir/MedicationAdministration.note>	<http://www.w3.org/2002/07/owl#ObjectProperty>
<http://hl7.org/fhir/MedicationAdministration.partOf>	<http://www.w3.org/2002/07/owl#ObjectProperty>
<http://hl7.org/fhir/MedicationAdministration.performer>	<http://www.w3.org/2002/07/owl#ObjectProperty>
<http://hl7.org/fhir/MedicationAdministration.performer.actor>	<http://www.w3.org/2002/07/owl#ObjectProperty>
<http://hl7.org/fhir/MedicationAdministration.performer.onBehalfOf>	<http://www.w3.org/2002/07/owl#ObjectProperty>
<http://hl7.org/fhir/MedicationAdministration.prescription>	<http://www.w3.org/2002/07/owl#ObjectProperty>
<http://hl7.org/fhir/MedicationAdministration.reasonCode>	<http://www.w3.org/2002/07/owl#ObjectProperty>
<http://hl7.org/fhir/MedicationAdministration.reasonNotGiven>	<http://www.w3.org/2002/07/owl#ObjectProperty>
<http://hl7.org/fhir/MedicationAdministration.reasonReference>	<http://www.w3.org/2002/07/owl#ObjectProperty>
<http://hl7.org/fhir/MedicationAdministration.status>	<http://www.w3.org/2002/07/owl#ObjectProperty>
<http://hl7.org/fhir/MedicationAdministration.subject>	<http://www.w3.org/2002/07/owl#ObjectProperty>
<http://hl7.org/fhir/MedicationAdministration.supportingInformation>	<http://www.w3.org/2002/07/owl#ObjectProperty>
<http://hl7.org/fhir/MedicationAdministrationDosageComponent>	<http://www.w3.org/2002/07/owl#Class>
<http://hl7.org/fhir/MedicationAdministrationPerformerComponent>	<http://www.w3.org/2002/07/owl#Class>
<http://hl7.org/fhir/MedicationDispense>	<http://www.w3.org/2002/07/owl#Class>
<http://hl7.org/fhir/MedicationDispense.authorizingPrescription>	<http://www.w3.org/2002/07/owl#ObjectProperty>
<http://hl7.org/fhir/MedicationDispense.category>	<http://www.w3.org/2002/07/owl#ObjectProperty>
<http://hl7.org/fhir/MedicationDispense.context>	<http://www.w3.org/2002/07/owl#ObjectProperty>
<http://hl7.org/fhir/MedicationDispense.daysSupply>	<http://www.w3.org/2002/07/owl#ObjectProperty>
<http://hl7.org/fhir/MedicationDispense.destination>	<http://www.w3.org/2002/07/owl#ObjectProperty>
<http://hl7.org/fhir/MedicationDispense.detectedIssue>	<http://www.w3.org/2002/07/owl#ObjectProperty>
<http://hl7.org/fhir/MedicationDispense.dosageInstruction>	<http://www.w3.org/2002/07/owl#ObjectProperty>
<http://hl7.org/fhir/MedicationDispense.eventHistory>	<http://www.w3.org/2002/07/owl#ObjectProperty>
<http://hl7.org/fhir/MedicationDispense.identifier>	<http://www.w3.org/2002/07/owl#ObjectProperty>
<http://hl7.org/fhir/MedicationDispense.medication>	<http://www.w3.org/2002/07/owl#ObjectProperty>
<http://hl7.org/fhir/MedicationDispense.medicationCodeableConcept>	<http://www.w3.org/2002/07/owl#ObjectProperty>
<http://hl7.org/fhir/MedicationDispense.medicationReference>	<http://www.w3.org/2002/07/owl#ObjectProperty>
<http://hl7.org/fhir/MedicationDispense.notDone>	<http://www.w3.org/2002/07/owl#ObjectProperty>
<http://hl7.org/fhir/MedicationDispense.notDoneReason>	<http://www.w3.org/2002/07/owl#ObjectProperty>
<http://hl7.org/fhir/MedicationDispense.notDoneReasonCodeableConcept>	<http://www.w3.org/2002/07/owl#ObjectProperty>
<http://hl7.org/fhir/MedicationDispense.notDoneReasonReference>	<http://www.w3.org/2002/07/owl#ObjectProperty>
<http://hl7.org/fhir/MedicationDispense.note>	<http://www.w3.org/2002/07/owl#ObjectProperty>
<http://hl7.org/fhir/MedicationDispense.partOf>	<http://www.w3.org/2002/07/owl#ObjectProperty>
<http://hl7.org/fhir/MedicationDispense.performer>	<http://www.w3.org/2002/07/owl#ObjectProperty>
<http://hl7.org/fhir/MedicationDispense.performer.actor>	<http://www.w3.org/2002/07/owl#ObjectProperty>
<http://hl7.org/fhir/MedicationDispense.performer.onBehalfOf>	<http://www.w3.org/2002/07/owl#ObjectProperty>
<http://hl7.org/fhir/MedicationDispense.quantity>	<http://www.w3.org/2002/07/owl#ObjectProperty>
<http://hl7.org/fhir/MedicationDispense.receiver>	<http://www.w3.org/2002/07/owl#ObjectProperty>
<http://hl7.org/fhir/MedicationDispense.status>	<http://www.w3.org/2002/07/owl#ObjectProperty>
<http://hl7.org/fhir/MedicationDispense.subject>	<http://www.w3.org/2002/07/owl#ObjectProperty>
<http://hl7.org/fhir/MedicationDispense.substitution>	<http://www.w3.org/2002/07/owl#ObjectProperty>
<http://hl7.org/fhir/MedicationDispense.substitution.reason>	<http://www.w3.org/2002/07/owl#ObjectProperty>
<http://hl7.org/fhir/MedicationDispense.substitution.responsibleParty>	<http://www.w3.org/2002/07/owl#ObjectProperty>
<http://hl7.org/fhir/MedicationDispense.substitution.type>	<http://www.w3.org/2002/07/owl#ObjectProperty>
<http://hl7.org/fhir/MedicationDispense.substitution.wasSubstituted>	<http://www.w3.org/2002/07/owl#ObjectProperty>
<http://hl7.org/fhir/MedicationDispense.supportingInformation>	<http://www.w3.org/2002/07/owl#ObjectProperty>
<http://hl7.org/fhir/MedicationDispense.type>	<http://www.w3.org/2002/07/owl#ObjectProperty>
<http://hl7.org/fhir/MedicationDispense.whenHandedOver>	<http://www.w3.org/2002/07/owl#ObjectProperty>
<http://hl7.org/fhir/MedicationDispense.whenPrepared>	<http://www.w3.org/2002/07/owl#ObjectProperty>
<http://hl7.org/fhir/MedicationDispensePerformerComponent>	<http://www.w3.org/2002/07/owl#Class>
<http://hl7.org/fhir/MedicationDispenseSubstitutionComponent>	<http://www.w3.org/2002/07/owl#Class>
<http://hl7.org/fhir/MedicationIngredientComponent>	<http://www.w3.org/2002/07/owl#Class>
<http://hl7.org/fhir/MedicationPackageBatchComponent>	<http://www.w3.org/2002/07/owl#Class>
<http://hl7.org/fhir/MedicationPackageComponent>	<http://www.w3.org/2002/07/owl#Class>
<http://hl7.org/fhir/MedicationPackageContentComponent>	<http://www.w3.org/2002/07/owl#Class>
<http://hl7.org/fhir/MedicationRequest>	<http://www.w3.org/2002/07/owl#Class>
<http://hl7.org/fhir/MedicationRequest.authoredOn>	<http://www.w3.org/2002/07/owl#ObjectProperty>
<http://hl7.org/fhir/MedicationRequest.basedOn>	<http://www.w3.org/2002/07/owl#ObjectProperty>
<http://hl7.org/fhir/MedicationRequest.category>	<http://www.w3.org/2002/07/owl#ObjectProperty>
<http://hl7.org/fhir/MedicationRequest.context>	<http://www.w3.org/2002/07/owl#ObjectProperty>
<http://hl7.org/fhir/MedicationRequest.definition>	<http://www.w3.org/2002/07/owl#ObjectProperty>
<http://hl7.org/fhir/MedicationRequest.detectedIssue>	<http://www.w3.org/2002/07/owl#ObjectProperty>
<http://hl7.org/fhir/MedicationRequest.dispenseRequest>	<http://www.w3.org/2002/07/owl#ObjectProperty>
<http://hl7.org/fhir/MedicationRequest.dispenseRequest.expectedSupplyDuration>	<http://www.w3.org/2002/07/owl#ObjectProperty>
<http://hl7.org/fhir/MedicationRequest.dispenseRequest.numberOfRepeatsAllowed>	<http://www.w3.org/2002/07/owl#ObjectProperty>
<http://hl7.org/fhir/MedicationRequest.dispenseRequest.performer>	<http://www.w3.org/2002/07/owl#ObjectProperty>
<http://hl7.org/fhir/MedicationRequest.dispenseRequest.quantity>	<http://www.w3.org/2002/07/owl#ObjectProperty>
<http://hl7.org/fhir/MedicationRequest.dispenseRequest.validityPeriod>	<http://www.w3.org/2002/07/owl#ObjectProperty>
<http://hl7.org/fhir/MedicationRequest.dosageInstruction>	<http://www.w3.org/2002/07/owl#ObjectProperty>
<http://hl7.org/fhir/MedicationRequest.eventHistory>	<http://www.w3.org/2002/07/owl#ObjectProperty>
<http://hl7.org/fhir/MedicationRequest.groupIdentifier>	<http://www.w3.org/2002/07/owl#ObjectProperty>
<http://hl7.org/fhir/MedicationRequest.identifier>	<http://www.w3.org/2002/07/owl#ObjectProperty>
<http://hl7.org/fhir/MedicationRequest.intent>	<http://www.w3.org/2002/07/owl#ObjectProperty>
<http://hl7.org/fhir/MedicationRequest.medication>	<http://www.w3.org/2002/07/owl#ObjectProperty>
<http://hl7.org/fhir/MedicationRequest.medicationCodeableConcept>	<http://www.w3.org/2002/07/owl#ObjectProperty>
<http://hl7.org/fhir/MedicationRequest.medicationReference>	<http://www.w3.org/2002/07/owl#ObjectProperty>
<http://hl7.org/fhir/MedicationRequest.note>	<http://www.w3.org/2002/07/owl#ObjectProperty>
<http://hl7.org/fhir/MedicationRequest.priorPrescription>	<http://www.w3.org/2002/07/owl#ObjectProperty>
<http://hl7.org/fhir/MedicationRequest.priority>	<http://www.w3.org/2002/07/owl#ObjectProperty>
<http://hl7.org/fhir/MedicationRequest.reasonCode>	<http://www.w3.org/2002/07/owl#ObjectProperty>
<http://hl7.org/fhir/MedicationRequest.reasonReference>	<http://www.w3.org/2002/07/owl#ObjectProperty>
<http://hl7.org/fhir/MedicationRequest.recorder>	<http://www.w3.org/2002/07/owl#ObjectProperty>
<http://hl7.org/fhir/MedicationRequest.requester>	<http://www.w3.org/2002/07/owl#ObjectProperty>
<http://hl7.org/fhir/MedicationRequest.requester.agent>	<http://www.w3.org/2002/07/owl#ObjectProperty>
<http://hl7.org/fhir/MedicationRequest.requester.onBehalfOf>	<http://www.w3.org/2002/07/owl#ObjectProperty>
<http://hl7.org/fhir/MedicationRequest.status>	<http://www.w3.org/2002/07/owl#ObjectProperty>
<http://hl7.org/fhir/MedicationRequest.subject>	<http://www.w3.org/2002/07/owl#ObjectProperty>
<http://hl7.org/fhir/MedicationRequest.substitution>	<http://www.w3.org/2002/07/owl#ObjectProperty>
<http://hl7.org/fhir/MedicationRequest.substitution.allowed>	<http://www.w3.org/2002/07/owl#ObjectProperty>
<http://hl7.org/fhir/MedicationRequest.substitution.reason>	<http://www.w3.org/2002/07/owl#ObjectProperty>
<http://hl7.org/fhir/MedicationRequest.supportingInformation>	<http://www.w3.org/2002/07/owl#ObjectProperty>
<http://hl7.org/fhir/MedicationRequestDispenseRequestComponent>	<http://www.w3.org/2002/07/owl#Class>
<http://hl7.org/fhir/MedicationRequestRequesterComponent>	<http://www.w3.org/2002/07/owl#Class>
<http://hl7.org/fhir/MedicationRequestSubstitutionComponent>	<http://www.w3.org/2002/07/owl#Class>
<http://hl7.org/fhir/MedicationStatement>	<http://www.w3.org/2002/07/owl#Class>
<http://hl7.org/fhir/MedicationStatement.basedOn>	<http://www.w3.org/2002/07/owl#ObjectProperty>
<http://hl7.org/fhir/MedicationStatement.category>	<http://www.w3.org/2002/07/owl#ObjectProperty>
<http://hl7.org/fhir/MedicationStatement.context>	<http://www.w3.org/2002/07/owl#ObjectProperty>
<http://hl7.org/fhir/MedicationStatement.dateAsserted>	<http://www.w3.org/2002/07/owl#ObjectProperty>
<http://hl7.org/fhir/MedicationStatement.derivedFrom>	<http://www.w3.org/2002/07/owl#ObjectProperty>
<http://hl7.org/fhir/MedicationStatement.dosage>	<http://www.w3.org/2002/07/owl#ObjectProperty>
<http://hl7.org/fhir/MedicationStatement.effective>	<http://www.w3.org/2002/07/owl#ObjectProperty>
<http://hl7.org/fhir/MedicationStatement.effectiveDateTime>	<http://www.w3.org/2002/07/owl#ObjectProperty>
<http://hl7.org/fhir/MedicationStatement.effectivePeriod>	<http://www.w3.org/2002/07/owl#ObjectProperty>
<http://hl7.org/fhir/MedicationStatement.identifier>	<http://www.w3.org/2002/07/owl#ObjectProperty>
<http://hl7.org/fhir/MedicationStatement.informationSource>	<http://www.w3.org/2002/07/owl#ObjectProperty>
<http://hl7.org/fhir/MedicationStatement.medication>	<http://www.w3.org/2002/07/owl#ObjectProperty>
<http://hl7.org/fhir/MedicationStatement.medicationCodeableConcept>	<http://www.w3.org/2002/07/owl#ObjectProperty>
<http://hl7.org/fhir/MedicationStatement.medicationReference>	<http://www.w3.org/2002/07/owl#ObjectProperty>
<http://hl7.org/fhir/MedicationStatement.note>	<http://www.w3.org/2002/07/owl#ObjectProperty>
<http://hl7.org/fhir/MedicationStatement.partOf>	<http://www.w3.org/2002/07/owl#ObjectProperty>
<http://hl7.org/fhir/MedicationStatement.reasonCode>	<http://www.w3.org/2002/07/owl#ObjectProperty>
<http://hl7.org/fhir/MedicationStatement.reasonNotTaken>	<http://www.w3.org/2002/07/owl#ObjectProperty>
<http://hl7.org/fhir/MedicationStatement.reasonReference>	<http://www.w3.org/2002/07/owl#ObjectProperty>
<http://hl7.org/fhir/MedicationStatement.status>	<http://www.w3.org/2002/07/owl#ObjectProperty>
<http://hl7.org/fhir/MedicationStatement.subject>	<http://www.w3.org/2002/07/owl#ObjectProperty>
<http://hl7.org/fhir/MedicationStatement.taken>	<http://www.w3.org/2002/07/owl#ObjectProperty>
<http://hl7.org/fhir/MessageDefinition>	<http://www.w3.org/2002/07/owl#Class>
<http://hl7.org/fhir/MessageDefinition.allowedResponse>	<http://www.w3.org/2002/07/owl#ObjectProperty>
<http://hl7.org/fhir/MessageDefinition.allowedResponse.message>	<http://www.w3.org/2002/07/owl#ObjectProperty>
<http://hl7.org/fhir/MessageDefinition.allowedResponse.situation>	<http://www.w3.org/2002/07/owl#ObjectProperty>
<http://hl7.org/fhir/MessageDefinition.base>	<http://www.w3.org/2002/07/owl#ObjectProperty>
<http://hl7.org/fhir/MessageDefinition.category>	<http://www.w3.org/2002/07/owl#ObjectProperty>
<http://hl7.org/fhir/MessageDefinition.contact>	<http://www.w3.org/2002/07/owl#ObjectProperty>
<http://hl7.org/fhir/MessageDefinition.copyright>	<http://www.w3.org/2002/07/owl#ObjectProperty>
<http://hl7.org/fhir/MessageDefinition.date>	<http://www.w3.org/2002/07/owl#ObjectProperty>
<http://hl7.org/fhir/MessageDefinition.description>	<http://www.w3.org/2002/07/owl#ObjectProperty>
<http://hl7.org/fhir/MessageDefinition.event>	<http://www.w3.org/2002/07/owl#ObjectProperty>
<http://hl7.org/fhir/MessageDefinition.experimental>	<http://www.w3.org/2002/07/owl#ObjectProperty>
<http://hl7.org/fhir/MessageDefinition.focus>	<http://www.w3.org/2002/07/owl#ObjectProperty>
<http://hl7.org/fhir/MessageDefinition.focus.code>	<http://www.w3.org/2002/07/owl#ObjectProperty>
<http://hl7.org/fhir/MessageDefinition.focus.max>	<http://www.w3.org/2002/07/owl#ObjectProperty>
<http://hl7.org/fhir/MessageDefinition.focus.min>	<http://www.w3.org/2002/07/owl#ObjectProperty>
<http://hl7.org/fhir/MessageDefinition.focus.profile>	<http://www.w3.org/2002/07/owl#ObjectProperty>
<http://hl7.org/fhir/MessageDefinition.identifier>	<http://www.w3.org/2002/07/owl#ObjectProperty>
<http://hl7.org/fhir/MessageDefinition.jurisdiction>	<http://www.w3.org/2002/07/owl#ObjectProperty>
<http://hl7.org/fhir/MessageDefinition.name>	<http://www.w3.org/2002/07/owl#ObjectProperty>
<http://hl7.org/fhir/MessageDefinition.parent>	<http://www.w3.org/2002/07/owl#ObjectProperty>
<http://hl7.org/fhir/MessageDefinition.publisher>	<http://www.w3.org/2002/07/owl#ObjectProperty>
<http://hl7.org/fhir/MessageDefinition.purpose>	<http://www.w3.org/2002/07/owl#ObjectProperty>
<http://hl7.org/fhir/MessageDefinition.replaces>	<http://www.w3.org/2002/07/owl#ObjectProperty>
<http://hl7.org/fhir/MessageDefinition.responseRequired>	<http://www.w3.org/2002/07/owl#ObjectProperty>
<http://hl7.org/fhir/MessageDefinition.status>	<http://www.w3.org/2002/07/owl#ObjectProperty>
<http://hl7.org/fhir/MessageDefinition.title>	<http://www.w3.org/2002/07/owl#ObjectProperty>
<http://hl7.org/fhir/MessageDefinition.url>	<http://www.w3.org/2002/07/owl#ObjectProperty>
<http://hl7.org/fhir/MessageDefinition.useContext>	<http://www.w3.org/2002/07/owl#ObjectProperty>
<http://hl7.org/fhir/MessageDefinition.version>	<http://www.w3.org/2002/07/owl#ObjectProperty>
<http://hl7.org/fhir/MessageDefinitionAllowedResponseComponent>	<http://www.w3.org/2002/07/owl#Class>
<http://hl7.org/fhir/MessageDefinitionFocusComponent>	<http://www.w3.org/2002/07/owl#Class>
<http://hl7.org/fhir/MessageDestinationComponent>	<http://www.w3.org/2002/07/owl#Class>
<http://hl7.org/fhir/MessageHeader>	<http://www.w3.org/2002/07/owl#Class>
<http://hl7.org/fhir/MessageHeader.author>	<http://www.w3.org/2002/07/owl#ObjectProperty>
<http://hl7.org/fhir/MessageHeader.destination>	<http://www.w3.org/2002/07/owl#ObjectProperty>
<http://hl7.org/fhir/MessageHeader.destination.endpoint>	<http://www.w3.org/2002/07/owl#ObjectProperty>
<http://hl7.org/fhir/MessageHeader.destination.name>	<http://www.w3.org/2002/07/owl#ObjectProperty>
<http://hl7.org/fhir/MessageHeader.destination.target>	<http://www.w3.org/2002/07/owl#ObjectProperty>
<http://hl7.org/fhir/MessageHeader.enterer>	<http://www.w3.org/2002/07/owl#ObjectProperty>
<http://hl7.org/fhir/MessageHeader.event>	<http://www.w3.org/2002/07/owl#ObjectProperty>
<http://hl7.org/fhir/MessageHeader.focus>	<http://www.w3.org/2002/07/owl#ObjectProperty>
<http://hl7.org/fhir/MessageHeader.reason>	<http://www.w3.org/2002/07/owl#ObjectProperty>
<http://hl7.org/fhir/MessageHeader.receiver>	<http://www.w3.org/2002/07/owl#ObjectProperty>
<http://hl7.org/fhir/MessageHeader.response>	<http://www.w3.org/2002/07/owl#ObjectProperty>
<http://hl7.org/fhir/MessageHeader.response.code>	<http://www.w3.org/2002/07/owl#ObjectProperty>
<http://hl7.org/fhir/MessageHeader.response.details>	<http://www.w3.org/2002/07/owl#ObjectProperty>
<http://hl7.org/fhir/MessageHeader.response.identifier>	<http://www.w3.org/2002/07/owl#ObjectProperty>
<http://hl7.org/fhir/MessageHeader.responsible>	<http://www.w3.org/2002/07/owl#ObjectProperty>
<http://hl7.org/fhir/MessageHeader.sender>	<http://www.w3.org/2002/07/owl#ObjectProperty>
<http://hl7.org/fhir/MessageHeader.source>	<http://www.w3.org/2002/07/owl#ObjectProperty>
<http://hl7.org/fhir/MessageHeader.source.contact>	<http://www.w3.org/2002/07/owl#ObjectProperty>
<http://hl7.org/fhir/MessageHeader.source.endpoint>	<http://www.w3.org/2002/07/owl#ObjectProperty>
<http://hl7.org/fhir/MessageHeader.source.name>	<http://www.w3.org/2002/07/owl#ObjectProperty>
<http://hl7.org/fhir/MessageHeader.source.software>	<http://www.w3.org/2002/07/owl#ObjectProperty>
<http://hl7.org/fhir/MessageHeader.source.version>	<http://www.w3.org/2002/07/owl#ObjectProperty>
<http://hl7.org/fhir/MessageHeader.timestamp>	<http://www.w3.org/2002/07/owl#ObjectProperty>
<http://hl7.org/fhir/MessageHeaderResponseComponent>	<http://www.w3.org/2002/07/owl#Class>
<http://hl7.org/fhir/MessageSourceComponent>	<http://www.w3.org/2002/07/owl#Class>
<http://hl7.org/fhir/Meta>	<http://www.w3.org/2002/07/owl#Class>
<http://hl7.org/fhir/Meta.lastUpdated>	<http://www.w3.org/2002/07/owl#ObjectProperty>
<http://hl7.org/fhir/Meta.profile>	<http://www.w3.org/2002/07/owl#ObjectProperty>
<http://hl7.org/fhir/Meta.security>	<http://www.w3.org/2002/07/owl#ObjectProperty>
<http://hl7.org/fhir/Meta.tag>	<http://www.w3.org/2002/07/owl#ObjectProperty>
<http://hl7.org/fhir/Meta.versionId>	<http://www.w3.org/2002/07/owl#ObjectProperty>
<http://hl7.org/fhir/Money>	<http://www.w3.org/2002/07/owl#Class>
<http://hl7.org/fhir/NamingSystem>	<http://www.w3.org/2002/07/owl#Class>
<http://hl7.org/fhir/NamingSystem.contact>	<http://www.w3.org/2002/07/owl#ObjectProperty>
<http://hl7.org/fhir/NamingSystem.date>	<http://www.w3.org/2002/07/owl#ObjectProperty>
<http://hl7.org/fhir/NamingSystem.description>	<http://www.w3.org/2002/07/owl#ObjectProperty>
<http://hl7.org/fhir/NamingSystem.jurisdiction>	<http://www.w3.org/2002/07/owl#ObjectProperty>
<http://hl7.org/fhir/NamingSystem.kind>	<http://www.w3.org/2002/07/owl#ObjectProperty>
<http://hl7.org/fhir/NamingSystem.name>	<http://www.w3.org/2002/07/owl#ObjectProperty>
<http://hl7.org/fhir/NamingSystem.publisher>	<http://www.w3.org/2002/07/owl#ObjectProperty>
<http://hl7.org/fhir/NamingSystem.replacedBy>	<http://www.w3.org/2002/07/owl#ObjectProperty>
<http://hl7.org/fhir/NamingSystem.responsible>	<http://www.w3.org/2002/07/owl#ObjectProperty>
<http://hl7.org/fhir/NamingSystem.status>	<http://www.w3.org/2002/07/owl#ObjectProperty>
<http://hl7.org/fhir/NamingSystem.type>	<http://www.w3.org/2002/07/owl#ObjectProperty>
<http://hl7.org/fhir/NamingSystem.uniqueId>	<http://www.w3.org/2002/07/owl#ObjectProperty>
<http://hl7.org/fhir/NamingSystem.uniqueId.comment>	<http://www.w3.org/2002/07/owl#ObjectProperty>
<http://hl7.org/fhir/NamingSystem.uniqueId.period>	<http://www.w3.org/2002/07/owl#ObjectProperty>
<http://hl7.org/fhir/NamingSystem.uniqueId.preferred>	<http://www.w3.org/2002/07/owl#ObjectProperty>
<http://hl7.org/fhir/NamingSystem.uniqueId.type>	<http://www.w3.org/2002/07/owl#ObjectProperty>
<http://hl7.org/fhir/NamingSystem.uniqueId.value>	<http://www.w3.org/2002/07/owl#ObjectProperty>
<http://hl7.org/fhir/NamingSystem.usage>	<http://www.w3.org/2002/07/owl#ObjectProperty>
<http://hl7.org/fhir/NamingSystem.useContext>	<http://www.w3.org/2002/07/owl#ObjectProperty>
<http://hl7.org/fhir/NamingSystemUniqueIdComponent>	<http://www.w3.org/2002/07/owl#Class>
<http://hl7.org/fhir/Narrative>	<http://www.w3.org/2002/07/owl#Class>
<http://hl7.org/fhir/Narrative.div>	<http://www.w3.org/2002/07/owl#DatatypeProperty>
<http://hl7.org/fhir/Narrative.div>	<http://www.w3.org/2002/07/owl#ObjectProperty>
<http://hl7.org/fhir/Narrative.status>	<http://www.w3.org/2002/07/owl#ObjectProperty>
<http://hl7.org/fhir/NoteComponent>	<http://www.w3.org/2002/07/owl#Class>
<http://hl7.org/fhir/NotesComponent>	<http://www.w3.org/2002/07/owl#Class>
<http://hl7.org/fhir/NutritionOrder>	<http://www.w3.org/2002/07/owl#Class>
<http://hl7.org/fhir/NutritionOrder.allergyIntolerance>	<http://www.w3.org/2002/07/owl#ObjectProperty>
<http://hl7.org/fhir/NutritionOrder.dateTime>	<http://www.w3.org/2002/07/owl#ObjectProperty>
<http://hl7.org/fhir/NutritionOrder.encounter>	<http://www.w3.org/2002/07/owl#ObjectProperty>
<http://hl7.org/fhir/NutritionOrder.enteralFormula>	<http://www.w3.org/2002/07/owl#ObjectProperty>
<http://hl7.org/fhir/NutritionOrder.enteralFormula.additiveProductName>	<http://www.w3.org/2002/07/owl#ObjectProperty>
<http://hl7.org/fhir/NutritionOrder.enteralFormula.additiveType>	<http://www.w3.org/2002/07/owl#ObjectProperty>
<http://hl7.org/fhir/NutritionOrder.enteralFormula.administration>	<http://www.w3.org/2002/07/owl#ObjectProperty>
<http://hl7.org/fhir/NutritionOrder.enteralFormula.administration.quantity>	<http://www.w3.org/2002/07/owl#ObjectProperty>
<http://hl7.org/fhir/NutritionOrder.enteralFormula.administration.rate>	<http://www.w3.org/2002/07/owl#ObjectProperty>
<http://hl7.org/fhir/NutritionOrder.enteralFormula.administration.rateRatio>	<http://www.w3.org/2002/07/owl#ObjectProperty>
<http://hl7.org/fhir/NutritionOrder.enteralFormula.administration.rateSimpleQuantity>	<http://www.w3.org/2002/07/owl#ObjectProperty>
<http://hl7.org/fhir/NutritionOrder.enteralFormula.administration.schedule>	<http://www.w3.org/2002/07/owl#ObjectProperty>
<http://hl7.org/fhir/NutritionOrder.enteralFormula.administrationInstruction>	<http://www.w3.org/2002/07/owl#ObjectProperty>
<http://hl7.org/fhir/NutritionOrder.enteralFormula.baseFormulaProductName>	<http://www.w3.org/2002/07/owl#ObjectProperty>
<http://hl7.org/fhir/NutritionOrder.enteralFormula.baseFormulaType>	<http://www.w3.org/2002/07/owl#ObjectProperty>
<http://hl7.org/fhir/NutritionOrder.enteralFormula.caloricDensity>	<http://www.w3.org/2002/07/owl#ObjectProperty>
<http://hl7.org/fhir/NutritionOrder.enteralFormula.maxVolumeToDeliver>	<http://www.w3.org/2002/07/owl#ObjectProperty>
<http://hl7.org/fhir/NutritionOrder.enteralFormula.routeofAdministration>	<http://www.w3.org/2002/07/owl#ObjectProperty>
<http://hl7.org/fhir/NutritionOrder.excludeFoodModifier>	<http://www.w3.org/2002/07/owl#ObjectProperty>
<http://hl7.org/fhir/NutritionOrder.foodPreferenceModifier>	<http://www.w3.org/2002/07/owl#ObjectProperty>
<http://hl7.org/fhir/NutritionOrder.identifier>	<http://www.w3.org/2002/07/owl#ObjectProperty>
<http://hl7.org/fhir/NutritionOrder.oralDiet>	<http://www.w3.org/2002/07/owl#ObjectProperty>
<http://hl7.org/fhir/NutritionOrder.oralDiet.fluidConsistencyType>	<http://www.w3.org/2002/07/owl#ObjectProperty>
<http://hl7.org/fhir/NutritionOrder.oralDiet.instruction>	<http://www.w3.org/2002/07/owl#ObjectProperty>
<http://hl7.org/fhir/NutritionOrder.oralDiet.nutrient>	<http://www.w3.org/2002/07/owl#ObjectProperty>
<http://hl7.org/fhir/NutritionOrder.oralDiet.nutrient.amount>	<http://www.w3.org/2002/07/owl#ObjectProperty>
<http://hl7.org/fhir/NutritionOrder.oralDiet.nutrient.modifier>	<http://www.w3.org/2002/07/owl#ObjectProperty>
<http://hl7.org/fhir/NutritionOrder.oralDiet.schedule>	<http://www.w3.org/2002/07/owl#ObjectProperty>
<http://hl7.org/fhir/NutritionOrder.oralDiet.texture>	<http://www.w3.org/2002/07/owl#ObjectProperty>
<http://hl7.org/fhir/NutritionOrder.oralDiet.texture.foodType>	<http://www.w3.org/2002/07/owl#ObjectProperty>
<http://hl7.org/fhir/NutritionOrder.oralDiet.texture.modifier>	<http://www.w3.org/2002/07/owl#ObjectProperty>
<http://hl7.org/fhir/NutritionOrder.oralDiet.type>	<http://www.w3.org/2002/07/owl#ObjectProperty>
<http://hl7.org/fhir/NutritionOrder.orderer>	<http://www.w3.org/2002/07/owl#ObjectProperty>
<http://hl7.org/fhir/NutritionOrder.patient>	<http://www.w3.org/2002/07/owl#ObjectProperty>
<http://hl7.org/fhir/NutritionOrder.status>	<http://www.w3.org/2002/07/owl#ObjectProperty>
<http://hl7.org/fhir/NutritionOrder.supplement>	<http://www.w3.org/2002/07/owl#ObjectProperty>
<http://hl7.org/fhir/NutritionOrder.supplement.instruction>	<http://www.w3.org/2002/07/owl#ObjectProperty>
<http://hl7.org/fhir/NutritionOrder.supplement.productName>	<http://www.w3.org/2002/07/owl#ObjectProperty>
<http://hl7.org/fhir/NutritionOrder.supplement.quantity>	<http://www.w3.org/2002/07/owl#ObjectProperty>
<http://hl7.org/fhir/NutritionOrder.supplement.schedule>	<http://www.w3.org/2002/07/owl#ObjectProperty>
<http://hl7.org/fhir/NutritionOrder.supplement.type>	<http://www.w3.org/2002/07/owl#ObjectProperty>
<http://hl7.org/fhir/NutritionOrderEnteralFormulaAdministrationComponent>	<http://www.w3.org/2002/07/owl#Class>
<http://hl7.org/fhir/NutritionOrderEnteralFormulaComponent>	<http://www.w3.org/2002/07/owl#Class>
<http://hl7.org/fhir/NutritionOrderOralDietComponent>	<http://www.w3.org/2002/07/owl#Class>
<http://hl7.org/fhir/NutritionOrderOralDietNutrientComponent>	<http://www.w3.org/2002/07/owl#Class>
<http://hl7.org/fhir/NutritionOrderOralDietTextureComponent>	<http://www.w3.org/2002/07/owl#Class>
<http://hl7.org/fhir/NutritionOrderSupplementComponent>	<http://www.w3.org/2002/07/owl#Class>
<http://hl7.org/fhir/Observation>	<http://www.w3.org/2002/07/owl#Class>
<http://hl7.org/fhir/Observation.basedOn>	<http://www.w3.org/2002/07/owl#ObjectProperty>
<http://hl7.org/fhir/Observation.bodySite>	<http://www.w3.org/2002/07/owl#ObjectProperty>
<http://hl7.org/fhir/Observation.category>	<http://www.w3.org/2002/07/owl#ObjectProperty>
<http://hl7.org/fhir/Observation.code>	<http://www.w3.org/2002/07/owl#ObjectProperty>
<http://hl7.org/fhir/Observation.comment>	<http://www.w3.org/2002/07/owl#ObjectProperty>
<http://hl7.org/fhir/Observation.component>	<http://www.w3.org/2002/07/owl#ObjectProperty>
<http://hl7.org/fhir/Observation.component.code>	<http://www.w3.org/2002/07/owl#ObjectProperty>
<http://hl7.org/fhir/Observation.component.dataAbsentReason>	<http://www.w3.org/2002/07/owl#ObjectProperty>
<http://hl7.org/fhir/Observation.component.interpretation>	<http://www.w3.org/2002/07/owl#ObjectProperty>
<http://hl7.org/fhir/Observation.component.referenceRange>	<http://www.w3.org/2002/07/owl#ObjectProperty>
<http://hl7.org/fhir/Observation.component.value>	<http://www.w3.org/2002/07/owl#ObjectProperty>
<http://hl7.org/fhir/Observation.component.valueAttachment>	<http://www.w3.org/2002/07/owl#ObjectProperty>
<http://hl7.org/fhir/Observation.component.valueCodeableConcept>	<http://www.w3.org/2002/07/owl#ObjectProperty>
<http://hl7.org/fhir/Observation.component.valueDateTime>	<http://www.w3.org/2002/07/owl#ObjectProperty>
<http://hl7.org/fhir/Observation.component.valuePeriod>	<http://www.w3.org/2002/07/owl#ObjectProperty>
<http://hl7.org/fhir/Observation.component.valueQuantity>	<http://www.w3.org/2002/07/owl#ObjectProperty>
<http://hl7.org/fhir/Observation.component.valueRange>	<http://www.w3.org/2002/07/owl#ObjectProperty>
<http://hl7.org/fhir/Observation.component.valueRatio>	<http://www.w3.org/2002/07/owl#ObjectProperty>
<http://hl7.org/fhir/Observation.component.valueSampledData>	<http://www.w3.org/2002/07/owl#ObjectProperty>
<http://hl7.org/fhir/Observation.component.valueString>	<http://www.w3.org/2002/07/owl#ObjectProperty>
<http://hl7.org/fhir/Observation.component.valueTime>	<http://www.w3.org/2002/07/owl#ObjectProperty>
<http://hl7.org/fhir/Observation.context>	<http://www.w3.org/2002/07/owl#ObjectProperty>
<http://hl7.org/fhir/Observation.dataAbsentReason>	<http://www.w3.org/2002/07/owl#ObjectProperty>
<http://hl7.org/fhir/Observation.device>	<http://www.w3.org/2002/07/owl#ObjectProperty>
<http://hl7.org/fhir/Observation.effective>	<http://www.w3.org/2002/07/owl#ObjectProperty>
<http://hl7.org/fhir/Observation.effectiveDateTime>	<http://www.w3.org/2002/07/owl#ObjectProperty>
<http://hl7.org/fhir/Observation.effectivePeriod>	<http://www.w3.org/2002/07/owl#ObjectProperty>
<http://hl7.org/fhir/Observation.identifier>	<http://www.w3.org/2002/07/owl#ObjectProperty>
<http://hl7.org/fhir/Observation.interpretation>	<http://www.w3.org/2002/07/owl#ObjectProperty>
<http://hl7.org/fhir/Observation.issued>	<http://www.w3.org/2002/07/owl#ObjectProperty>
<http://hl7.org/fhir/Observation.method>	<http://www.w3.org/2002/07/owl#ObjectProperty>
<http://hl7.org/fhir/Observation.performer>	<http://www.w3.org/2002/07/owl#ObjectProperty>
<http://hl7.org/fhir/Observation.referenceRange>	<http://www.w3.org/2002/07/owl#ObjectProperty>
<http://hl7.org/fhir/Observation.referenceRange.age>	<http://www.w3.org/2002/07/owl#ObjectProperty>
<http://hl7.org/fhir/Observation.referenceRange.appliesTo>	<http://www.w3.org/2002/07/owl#ObjectProperty>
<http://hl7.org/fhir/Observation.referenceRange.high>	<http://www.w3.org/2002/07/owl#ObjectProperty>
<http://hl7.org/fhir/Observation.referenceRange.low>	<http://www.w3.org/2002/07/owl#ObjectProperty>
<http://hl7.org/fhir/Observation.referenceRange.text>	<http://www.w3.org/2002/07/owl#ObjectProperty>
<http://hl7.org/fhir/Observation.referenceRange.type>	<http://www.w3.org/2002/07/owl#ObjectProperty>
<http://hl7.org/fhir/Observation.related>	<http://www.w3.org/2002/07/owl#ObjectProperty>
<http://hl7.org/fhir/Observation.related.target>	<http://www.w3.org/2002/07/owl#ObjectProperty>
<http://hl7.org/fhir/Observation.related.type>	<http://www.w3.org/2002/07/owl#ObjectProperty>
<http://hl7.org/fhir/Observation.specimen>	<http://www.w3.org/2002/07/owl#ObjectProperty>
<http://hl7.org/fhir/Observation.status>	<http://www.w3.org/2002/07/owl#ObjectProperty>
<http://hl7.org/fhir/Observation.subject>	<http://www.w3.org/2002/07/owl#ObjectProperty>
<http://hl7.org/fhir/Observation.value>	<http://www.w3.org/2002/07/owl#ObjectProperty>
<http://hl7.org/fhir/Observation.valueAttachment>	<http://www.w3.org/2002/07/owl#ObjectProperty>
<http://hl7.org/fhir/Observation.valueBoolean>	<http://www.w3.org/2002/07/owl#ObjectProperty>
<http://hl7.org/fhir/Observation.valueCodeableConcept>	<http://www.w3.org/2002/07/owl#ObjectProperty>
<http://hl7.org/fhir/Observation.valueDateTime>	<http://www.w3.org/2002/07/owl#ObjectProperty>
<http://hl7.org/fhir/Observation.valuePeriod>	<http://www.w3.org/2002/07/owl#ObjectProperty>
<http://hl7.org/fhir/Observation.valueQuantity>	<http://www.w3.org/2002/07/owl#ObjectProperty>
<http://hl7.org/fhir/Observation.valueRange>	<http://www.w3.org/2002/07/owl#ObjectProperty>
<http://hl7.org/fhir/Observation.valueRatio>	<http://www.w3.org/2002/07/owl#ObjectProperty>
<http://hl7.org/fhir/Observation.valueSampledData>	<http://www.w3.org/2002/07/owl#ObjectProperty>
<http://hl7.org/fhir/Observation.valueString>	<http://www.w3.org/2002/07/owl#ObjectProperty>
<http://hl7.org/fhir/Observation.valueTime>	<http://www.w3.org/2002/07/owl#ObjectProperty>
<http://hl7.org/fhir/ObservationComponentComponent>	<http://www.w3.org/2002/07/owl#Class>
<http://hl7.org/fhir/ObservationReferenceRangeComponent>	<http://www.w3.org/2002/07/owl#Class>
<http://hl7.org/fhir/ObservationRelatedComponent>	<http://www.w3.org/2002/07/owl#Class>
<http://hl7.org/fhir/OperationDefinition>	<http://www.w3.org/2002/07/owl#Class>
<http://hl7.org/fhir/OperationDefinition.base>	<http://www.w3.org/2002/07/owl#ObjectProperty>
<http://hl7.org/fhir/OperationDefinition.code>	<http://www.w3.org/2002/07/owl#ObjectProperty>
<http://hl7.org/fhir/OperationDefinition.comment>	<http://www.w3.org/2002/07/owl#ObjectProperty>
<http://hl7.org/fhir/OperationDefinition.contact>	<http://www.w3.org/2002/07/owl#ObjectProperty>
<http://hl7.org/fhir/OperationDefinition.date>	<http://www.w3.org/2002/07/owl#ObjectProperty>
<http://hl7.org/fhir/OperationDefinition.description>	<http://www.w3.org/2002/07/owl#ObjectProperty>
<http://hl7.org/fhir/OperationDefinition.experimental>	<http://www.w3.org/2002/07/owl#ObjectProperty>
<http://hl7.org/fhir/OperationDefinition.idempotent>	<http://www.w3.org/2002/07/owl#ObjectProperty>
<http://hl7.org/fhir/OperationDefinition.instance>	<http://www.w3.org/2002/07/owl#ObjectProperty>
<http://hl7.org/fhir/OperationDefinition.jurisdiction>	<http://www.w3.org/2002/07/owl#ObjectProperty>
<http://hl7.org/fhir/OperationDefinition.kind>	<http://www.w3.org/2002/07/owl#ObjectProperty>
<http://hl7.org/fhir/OperationDefinition.name>	<http://www.w3.org/2002/07/owl#ObjectProperty>
<http://hl7.org/fhir/OperationDefinition.overload>	<http://www.w3.org/2002/07/owl#ObjectProperty>
<http://hl7.org/fhir/OperationDefinition.overload.comment>	<http://www.w3.org/2002/07/owl#ObjectProperty>
<http://hl7.org/fhir/OperationDefinition.overload.parameterName>	<http://www.w3.org/2002/07/owl#ObjectProperty>
<http://hl7.org/fhir/OperationDefinition.parameter>	<http://www.w3.org/2002/07/owl#ObjectProperty>
<http://hl7.org/fhir/OperationDefinition.parameter.binding>	<http://www.w3.org/2002/07/owl#ObjectProperty>
<http://hl7.org/fhir/OperationDefinition.parameter.binding.strength>	<http://www.w3.org/2002/07/owl#ObjectProperty>
<http://hl7.org/fhir/OperationDefinition.parameter.binding.valueSet>	<http://www.w3.org/2002/07/owl#ObjectProperty>
<http://hl7.org/fhir/OperationDefinition.parameter.binding.valueSetReference>	<http://www.w3.org/2002/07/owl#ObjectProperty>
<http://hl7.org/fhir/OperationDefinition.parameter.binding.valueSetUri>	<http://www.w3.org/2002/07/owl#ObjectProperty>
<http://hl7.org/fhir/OperationDefinition.parameter.documentation>	<http://www.w3.org/2002/07/owl#ObjectProperty>
<http://hl7.org/fhir/OperationDefinition.parameter.max>	<http://www.w3.org/2002/07/owl#ObjectProperty>
<http://hl7.org/fhir/OperationDefinition.parameter.min>	<http://www.w3.org/2002/07/owl#ObjectProperty>
<http://hl7.org/fhir/OperationDefinition.parameter.name>	<http://www.w3.org/2002/07/owl#ObjectProperty>
<http://hl7.org/fhir/OperationDefinition.parameter.part>	<http://www.w3.org/2002/07/owl#ObjectProperty>
<http://hl7.org/fhir/OperationDefinition.parameter.profile>	<http://www.w3.org/2002/07/owl#ObjectProperty>
<http://hl7.org/fhir/OperationDefinition.parameter.searchType>	<http://www.w3.org/2002/07/owl#ObjectProperty>
<http://hl7.org/fhir/OperationDefinition.parameter.type>	<http://www.w3.org/2002/07/owl#ObjectProperty>
<http://hl7.org/fhir/OperationDefinition.parameter.use>	<http://www.w3.org/2002/07/owl#ObjectProperty>
<http://hl7.org/fhir/OperationDefinition.publisher>	<http://www.w3.org/2002/07/owl#ObjectProperty>
<http://hl7.org/fhir/OperationDefinition.purpose>	<http://www.w3.org/2002/07/owl#ObjectProperty>
<http://hl7.org/fhir/OperationDefinition.resource>	<http://www.w3.org/2002/07/owl#ObjectProperty>
<http://hl7.org/fhir/OperationDefinition.status>	<http://www.w3.org/2002/07/owl#ObjectProperty>
<http://hl7.org/fhir/OperationDefinition.system>	<http://www.w3.org/2002/07/owl#ObjectProperty>
<http://hl7.org/fhir/OperationDefinition.type>	<http://www.w3.org/2002/07/owl#ObjectProperty>
<http://hl7.org/fhir/OperationDefinition.url>	<http://www.w3.org/2002/07/owl#ObjectProperty>
<http://hl7.org/fhir/OperationDefinition.useContext>	<http://www.w3.org/2002/07/owl#ObjectProperty>
<http://hl7.org/fhir/OperationDefinition.version>	<http://www.w3.org/2002/07/owl#ObjectProperty>
<http://hl7.org/fhir/OperationDefinitionOverloadComponent>	<http://www.w3.org/2002/07/owl#Class>
<http://hl7.org/fhir/OperationDefinitionParameterBindingComponent>	<http://www.w3.org/2002/07/owl#Class>
<http://hl7.org/fhir/OperationDefinitionParameterComponent>	<http://www.w3.org/2002/07/owl#Class>
<http://hl7.org/fhir/OperationOutcome>	<http://www.w3.org/2002/07/owl#Class>
<http://hl7.org/fhir/OperationOutcome.issue>	<http://www.w3.org/2002/07/owl#ObjectProperty>
<http://hl7.org/fhir/OperationOutcome.issue.code>	<http://www.w3.org/2002/07/owl#ObjectProperty>
<http://hl7.org/fhir/OperationOutcome.issue.details>	<http://www.w3.org/2002/07/owl#ObjectProperty>
<http://hl7.org/fhir/OperationOutcome.issue.diagnostics>	<http://www.w3.org/2002/07/owl#ObjectProperty>
<http://hl7.org/fhir/OperationOutcome.issue.expression>	<http://www.w3.org/2002/07/owl#ObjectProperty>
<http://hl7.org/fhir/OperationOutcome.issue.location>	<http://www.w3.org/2002/07/owl#ObjectProperty>
<http://hl7.org/fhir/OperationOutcome.issue.severity>	<http://www.w3.org/2002/07/owl#ObjectProperty>
<http://hl7.org/fhir/OperationOutcomeIssueComponent>	<http://www.w3.org/2002/07/owl#Class>
<http://hl7.org/fhir/Organization>	<http://www.w3.org/2002/07/owl#Class>
<http://hl7.org/fhir/Organization.active>	<http://www.w3.org/2002/07/owl#ObjectProperty>
<http://hl7.org/fhir/Organization.address>	<http://www.w3.org/2002/07/owl#ObjectProperty>
<http://hl7.org/fhir/Organization.alias>	<http://www.w3.org/2002/07/owl#ObjectProperty>
<http://hl7.org/fhir/Organization.contact>	<http://www.w3.org/2002/07/owl#ObjectProperty>
<http://hl7.org/fhir/Organization.contact.address>	<http://www.w3.org/2002/07/owl#ObjectProperty>
<http://hl7.org/fhir/Organization.contact.name>	<http://www.w3.org/2002/07/owl#ObjectProperty>
<http://hl7.org/fhir/Organization.contact.purpose>	<http://www.w3.org/2002/07/owl#ObjectProperty>
<http://hl7.org/fhir/Organization.contact.telecom>	<http://www.w3.org/2002/07/owl#ObjectProperty>
<http://hl7.org/fhir/Organization.endpoint>	<http://www.w3.org/2002/07/owl#ObjectProperty>
<http://hl7.org/fhir/Organization.identifier>	<http://www.w3.org/2002/07/owl#ObjectProperty>
<http://hl7.org/fhir/Organization.name>	<http://www.w3.org/2002/07/owl#ObjectProperty>
<http://hl7.org/fhir/Organization.partOf>	<http://www.w3.org/2002/07/owl#ObjectProperty>
<http://hl7.org/fhir/Organization.telecom>	<http://www.w3.org/2002/07/owl#ObjectProperty>
<http://hl7.org/fhir/Organization.type>	<http://www.w3.org/2002/07/owl#ObjectProperty>
<http://hl7.org/fhir/OrganizationContactComponent>	<http://www.w3.org/2002/07/owl#Class>
<http://hl7.org/fhir/OtherElementComponent>	<http://www.w3.org/2002/07/owl#Class>
<http://hl7.org/fhir/ParameterComponent>	<http://www.w3.org/2002/07/owl#Class>
<http://hl7.org/fhir/ParameterDefinition>	<http://www.w3.org/2002/07/owl#Class>
<http://hl7.org/fhir/ParameterDefinition.documentation>	<http://www.w3.org/2002/07/owl#ObjectProperty>
<http://hl7.org/fhir/ParameterDefinition.max>	<http://www.w3.org/2002/07/owl#ObjectProperty>
<http://hl7.org/fhir/ParameterDefinition.min>	<http://www.w3.org/2002/07/owl#ObjectProperty>
<http://hl7.org/fhir/ParameterDefinition.name>	<http://www.w3.org/2002/07/owl#ObjectProperty>
<http://hl7.org/fhir/ParameterDefinition.profile>	<http://www.w3.org/2002/07/owl#ObjectProperty>
<http://hl7.org/fhir/ParameterDefinition.type>	<http://www.w3.org/2002/07/owl#ObjectProperty>
<http://hl7.org/fhir/ParameterDefinition.use>	<http://www.w3.org/2002/07/owl#ObjectProperty>
<http://hl7.org/fhir/Parameters>	<http://www.w3.org/2002/07/owl#Class>
<http://hl7.org/fhir/Parameters.parameter>	<http://www.w3.org/2002/07/owl#ObjectProperty>
<http://hl7.org/fhir/Parameters.parameter.name>	<http://www.w3.org/2002/07/owl#ObjectProperty>
<http://hl7.org/fhir/Parameters.parameter.part>	<http://www.w3.org/2002/07/owl#ObjectProperty>
<http://hl7.org/fhir/Parameters.parameter.resource>	<http://www.w3.org/2002/07/owl#ObjectProperty>
<http://hl7.org/fhir/Parameters.parameter.value>	<http://www.w3.org/2002/07/owl#ObjectProperty>
<http://hl7.org/fhir/ParametersParameterComponent>	<http://www.w3.org/2002/07/owl#Class>
<http://hl7.org/fhir/Patient>	<http://www.w3.org/2002/07/owl#Class>
<http://hl7.org/fhir/Patient.active>	<http://www.w3.org/2002/07/owl#ObjectProperty>
<http://hl7.org/fhir/Patient.address>	<http://www.w3.org/2002/07/owl#ObjectProperty>
<http://hl7.org/fhir/Patient.animal>	<http://www.w3.org/2002/07/owl#ObjectProperty>
<http://hl7.org/fhir/Patient.animal.breed>	<http://www.w3.org/2002/07/owl#ObjectProperty>
<http://hl7.org/fhir/Patient.animal.genderStatus>	<http://www.w3.org/2002/07/owl#ObjectProperty>
<http://hl7.org/fhir/Patient.animal.species>	<http://www.w3.org/2002/07/owl#ObjectProperty>
<http://hl7.org/fhir/Patient.birthDate>	<http://www.w3.org/2002/07/owl#ObjectProperty>
<http://hl7.org/fhir/Patient.communication>	<http://www.w3.org/2002/07/owl#ObjectProperty>
<http://hl7.org/fhir/Patient.communication.language>	<http://www.w3.org/2002/07/owl#ObjectProperty>
<http://hl7.org/fhir/Patient.communication.preferred>	<http://www.w3.org/2002/07/owl#ObjectProperty>
<http://hl7.org/fhir/Patient.contact>	<http://www.w3.org/2002/07/owl#ObjectProperty>
<http://hl7.org/fhir/Patient.contact.address>	<http://www.w3.org/2002/07/owl#ObjectProperty>
<http://hl7.org/fhir/Patient.contact.gender>	<http://www.w3.org/2002/07/owl#ObjectProperty>
<http://hl7.org/fhir/Patient.contact.name>	<http://www.w3.org/2002/07/owl#ObjectProperty>
<http://hl7.org/fhir/Patient.contact.organization>	<http://www.w3.org/2002/07/owl#ObjectProperty>
<http://hl7.org/fhir/Patient.contact.period>	<http://www.w3.org/2002/07/owl#ObjectProperty>
<http://hl7.org/fhir/Patient.contact.relationship>	<http://www.w3.org/2002/07/owl#ObjectProperty>
<http://hl7.org/fhir/Patient.contact.telecom>	<http://www.w3.org/2002/07/owl#ObjectProperty>
<http://hl7.org/fhir/Patient.deceased>	<http://www.w3.org/2002/07/owl#ObjectProperty>
<http://hl7.org/fhir/Patient.deceasedBoolean>	<http://www.w3.org/2002/07/owl#ObjectProperty>
<http://hl7.org/fhir/Patient.deceasedDateTime>	<http://www.w3.org/2002/07/owl#ObjectProperty>
<http://hl7.org/fhir/Patient.gender>	<http://www.w3.org/2002/07/owl#ObjectProperty>
<http://hl7.org/fhir/Patient.generalPractitioner>	<http://www.w3.org/2002/07/owl#ObjectProperty>
<http://hl7.org/fhir/Patient.identifier>	<http://www.w3.org/2002/07/owl#ObjectProperty>
<http://hl7.org/fhir/Patient.link>	<http://www.w3.org/2002/07/owl#ObjectProperty>
<http://hl7.org/fhir/Patient.link.other>	<http://www.w3.org/2002/07/owl#ObjectProperty>
<http://hl7.org/fhir/Patient.link.type>	<http://www.w3.org/2002/07/owl#ObjectProperty>
<http://hl7.org/fhir/Patient.managingOrganization>	<http://www.w3.org/2002/07/owl#ObjectProperty>
<http://hl7.org/fhir/Patient.maritalStatus>	<http://www.w3.org/2002/07/owl#ObjectProperty>
<http://hl7.org/fhir/Patient.multipleBirth>	<http://www.w3.org/2002/07/owl#ObjectProperty>
<http://hl7.org/fhir/Patient.multipleBirthBoolean>	<http://www.w3.org/2002/07/owl#ObjectProperty>
<http://hl7.org/fhir/Patient.multipleBirthInteger>	<http://www.w3.org/2002/07/owl#ObjectProperty>
<http://hl7.org/fhir/Patient.name>	<http://www.w3.org/2002/07/owl#ObjectProperty>
<http://hl7.org/fhir/Patient.photo>	<http://www.w3.org/2002/07/owl#ObjectProperty>
<http://hl7.org/fhir/Patient.telecom>	<http://www.w3.org/2002/07/owl#ObjectProperty>
<http://hl7.org/fhir/PatientCommunicationComponent>	<http://www.w3.org/2002/07/owl#Class>
<http://hl7.org/fhir/PatientLinkComponent>	<http://www.w3.org/2002/07/owl#Class>
<http://hl7.org/fhir/PayeeComponent>	<http://www.w3.org/2002/07/owl#Class>
<http://hl7.org/fhir/PaymentComponent>	<http://www.w3.org/2002/07/owl#Class>
<http://hl7.org/fhir/PaymentNotice>	<http://www.w3.org/2002/07/owl#Class>
<http://hl7.org/fhir/PaymentNotice.created>	<http://www.w3.org/2002/07/owl#ObjectProperty>
<http://hl7.org/fhir/PaymentNotice.identifier>	<http://www.w3.org/2002/07/owl#ObjectProperty>
<http://hl7.org/fhir/PaymentNotice.organization>	<http://www.w3.org/2002/07/owl#ObjectProperty>
<http://hl7.org/fhir/PaymentNotice.paymentStatus>	<http://www.w3.org/2002/07/owl#ObjectProperty>
<http://hl7.org/fhir/PaymentNotice.provider>	<http://www.w3.org/2002/07/owl#ObjectProperty>
<http://hl7.org/fhir/PaymentNotice.request>	<http://www.w3.org/2002/07/owl#ObjectProperty>
<http://hl7.org/fhir/PaymentNotice.response>	<http://www.w3.org/2002/07/owl#ObjectProperty>
<http://hl7.org/fhir/PaymentNotice.status>	<http://www.w3.org/2002/07/owl#ObjectProperty>
<http://hl7.org/fhir/PaymentNotice.statusDate>	<http://www.w3.org/2002/07/owl#ObjectProperty>
<http://hl7.org/fhir/PaymentNotice.target>	<http://www.w3.org/2002/07/owl#ObjectProperty>
<http://hl7.org/fhir/PaymentReconciliation>	<http://www.w3.org/2002/07/owl#Class>
<http://hl7.org/fhir/PaymentReconciliation.created>	<http://www.w3.org/2002/07/owl#ObjectProperty>
<http://hl7.org/fhir/PaymentReconciliation.detail>	<http://www.w3.org/2002/07/owl#ObjectProperty>
<http://hl7.org/fhir/PaymentReconciliation.detail.amount>	<http://www.w3.org/2002/07/owl#ObjectProperty>
<http://hl7.org/fhir/PaymentReconciliation.detail.date>	<http://www.w3.org/2002/07/owl#ObjectProperty>
<http://hl7.org/fhir/PaymentReconciliation.detail.payee>	<http://www.w3.org/2002/07/owl#ObjectProperty>
<http://hl7.org/fhir/PaymentReconciliation.detail.request>	<http://www.w3.org/2002/07/owl#ObjectProperty>
<http://hl7.org/fhir/PaymentReconciliation.detail.response>	<http://www.w3.org/2002/07/owl#ObjectProperty>
<http://hl7.org/fhir/PaymentReconciliation.detail.submitter>	<http://www.w3.org/2002/07/owl#ObjectProperty>
<http://hl7.org/fhir/PaymentReconciliation.detail.type>	<http://www.w3.org/2002/07/owl#ObjectProperty>
<http://hl7.org/fhir/PaymentReconciliation.disposition>	<http://www.w3.org/2002/07/owl#ObjectProperty>
<http://hl7.org/fhir/PaymentReconciliation.form>	<http://www.w3.org/2002/07/owl#ObjectProperty>
<http://hl7.org/fhir/PaymentReconciliation.identifier>	<http://www.w3.org/2002/07/owl#ObjectProperty>
<http://hl7.org/fhir/PaymentReconciliation.organization>	<http://www.w3.org/2002/07/owl#ObjectProperty>
<http://hl7.org/fhir/PaymentReconciliation.outcome>	<http://www.w3.org/2002/07/owl#ObjectProperty>
<http://hl7.org/fhir/PaymentReconciliation.period>	<http://www.w3.org/2002/07/owl#ObjectProperty>
<http://hl7.org/fhir/PaymentReconciliation.processNote>	<http://www.w3.org/2002/07/owl#ObjectProperty>
<http://hl7.org/fhir/PaymentReconciliation.processNote.text>	<http://www.w3.org/2002/07/owl#ObjectProperty>
<http://hl7.org/fhir/PaymentReconciliation.processNote.type>	<http://www.w3.org/2002/07/owl#ObjectProperty>
<http://hl7.org/fhir/PaymentReconciliation.request>	<http://www.w3.org/2002/07/owl#ObjectProperty>
<http://hl7.org/fhir/PaymentReconciliation.requestOrganization>	<http://www.w3.org/2002/07/owl#ObjectProperty>
<http://hl7.org/fhir/PaymentReconciliation.requestProvider>	<http://www.w3.org/2002/07/owl#ObjectProperty>
<http://hl7.org/fhir/PaymentReconciliation.status>	<http://www.w3.org/2002/07/owl#ObjectProperty>
<http://hl7.org/fhir/PaymentReconciliation.total>	<http://www.w3.org/2002/07/owl#ObjectProperty>
<http://hl7.org/fhir/Period>	<http://www.w3.org/2002/07/owl#Class>
<http://hl7.org/fhir/Period.end>	<http://www.w3.org/2002/07/owl#ObjectProperty>
<http://hl7.org/fhir/Period.start>	<http://www.w3.org/2002/07/owl#ObjectProperty>
<http://hl7.org/fhir/Person>	<http://www.w3.org/2002/07/owl#Class>
<http://hl7.org/fhir/Person.active>	<http://www.w3.org/2002/07/owl#ObjectProperty>
<http://hl7.org/fhir/Person.address>	<http://www.w3.org/2002/07/owl#ObjectProperty>
<http://hl7.org/fhir/Person.birthDate>	<http://www.w3.org/2002/07/owl#ObjectProperty>
<http://hl7.org/fhir/Person.gender>	<http://www.w3.org/2002/07/owl#ObjectProperty>
<http://hl7.org/fhir/Person.identifier>	<http://www.w3.org/2002/07/owl#ObjectProperty>
<http://hl7.org/fhir/Person.link>	<http://www.w3.org/2002/07/owl#ObjectProperty>
<http://hl7.org/fhir/Person.link.assurance>	<http://www.w3.org/2002/07/owl#ObjectProperty>
<http://hl7.org/fhir/Person.link.target>	<http://www.w3.org/2002/07/owl#ObjectProperty>
<http://hl7.org/fhir/Person.managingOrganization>	<http://www.w3.org/2002/07/owl#ObjectProperty>
<http://hl7.org/fhir/Person.name>	<http://www.w3.org/2002/07/owl#ObjectProperty>
<http://hl7.org/fhir/Person.photo>	<http://www.w3.org/2002/07/owl#ObjectProperty>
<http://hl7.org/fhir/Person.telecom>	<http://www.w3.org/2002/07/owl#ObjectProperty>
<http://hl7.org/fhir/PersonLinkComponent>	<http://www.w3.org/2002/07/owl#Class>
<http://hl7.org/fhir/PlanDefinition>	<http://www.w3.org/2002/07/owl#Class>
<http://hl7.org/fhir/PlanDefinition.action>	<http://www.w3.org/2002/07/owl#ObjectProperty>
<http://hl7.org/fhir/PlanDefinition.action.action>	<http://www.w3.org/2002/07/owl#ObjectProperty>
<http://hl7.org/fhir/PlanDefinition.action.cardinalityBehavior>	<http://www.w3.org/2002/07/owl#ObjectProperty>
<http://hl7.org/fhir/PlanDefinition.action.code>	<http://www.w3.org/2002/07/owl#ObjectProperty>
<http://hl7.org/fhir/PlanDefinition.action.condition>	<http://www.w3.org/2002/07/owl#ObjectProperty>
<http://hl7.org/fhir/PlanDefinition.action.condition.description>	<http://www.w3.org/2002/07/owl#ObjectProperty>
<http://hl7.org/fhir/PlanDefinition.action.condition.expression>	<http://www.w3.org/2002/07/owl#ObjectProperty>
<http://hl7.org/fhir/PlanDefinition.action.condition.kind>	<http://www.w3.org/2002/07/owl#ObjectProperty>
<http://hl7.org/fhir/PlanDefinition.action.condition.language>	<http://www.w3.org/2002/07/owl#ObjectProperty>
<http://hl7.org/fhir/PlanDefinition.action.definition>	<http://www.w3.org/2002/07/owl#ObjectProperty>
<http://hl7.org/fhir/PlanDefinition.action.description>	<http://www.w3.org/2002/07/owl#ObjectProperty>
<http://hl7.org/fhir/PlanDefinition.action.documentation>	<http://www.w3.org/2002/07/owl#ObjectProperty>
<http://hl7.org/fhir/PlanDefinition.action.dynamicValue>	<http://www.w3.org/2002/07/owl#ObjectProperty>
<http://hl7.org/fhir/PlanDefinition.action.dynamicValue.description>	<http://www.w3.org/2002/07/owl#ObjectProperty>
<http://hl7.org/fhir/PlanDefinition.action.dynamicValue.expression>	<http://www.w3.org/2002/07/owl#ObjectProperty>
<http://hl7.org/fhir/PlanDefinition.action.dynamicValue.language>	<http://www.w3.org/2002/07/owl#ObjectProperty>
<http://hl7.org/fhir/PlanDefinition.action.dynamicValue.path>	<http://www.w3.org/2002/07/owl#ObjectProperty>
<http://hl7.org/fhir/PlanDefinition.action.goalId>	<http://www.w3.org/2002/07/owl#ObjectProperty>
<http://hl7.org/fhir/PlanDefinition.action.groupingBehavior>	<http://www.w3.org/2002/07/owl#ObjectProperty>
<http://hl7.org/fhir/PlanDefinition.action.input>	<http://www.w3.org/2002/07/owl#ObjectProperty>
<http://hl7.org/fhir/PlanDefinition.action.label>	<http://www.w3.org/2002/07/owl#ObjectProperty>
<http://hl7.org/fhir/PlanDefinition.action.output>	<http://www.w3.org/2002/07/owl#ObjectProperty>
<http://hl7.org/fhir/PlanDefinition.action.participant>	<http://www.w3.org/2002/07/owl#ObjectProperty>
<http://hl7.org/fhir/PlanDefinition.action.participant.role>	<http://www.w3.org/2002/07/owl#ObjectProperty>
<http://hl7.org/fhir/PlanDefinition.action.participant.type>	<http://www.w3.org/2002/07/owl#ObjectProperty>
<http://hl7.org/fhir/PlanDefinition.action.precheckBehavior>	<http://www.w3.org/2002/07/owl#ObjectProperty>
<http://hl7.org/fhir/PlanDefinition.action.reason>	<http://www.w3.org/2002/07/owl#ObjectProperty>
<http://hl7.org/fhir/PlanDefinition.action.relatedAction>	<http://www.w3.org/2002/07/owl#ObjectProperty>
<http://hl7.org/fhir/PlanDefinition.action.relatedAction.actionId>	<http://www.w3.org/2002/07/owl#ObjectProperty>
<http://hl7.org/fhir/PlanDefinition.action.relatedAction.offset>	<http://www.w3.org/2002/07/owl#ObjectProperty>
<http://hl7.org/fhir/PlanDefinition.action.relatedAction.offsetDuration>	<http://www.w3.org/2002/07/owl#ObjectProperty>
<http://hl7.org/fhir/PlanDefinition.action.relatedAction.offsetRange>	<http://www.w3.org/2002/07/owl#ObjectProperty>
<http://hl7.org/fhir/PlanDefinition.action.relatedAction.relationship>	<http://www.w3.org/2002/07/owl#ObjectProperty>
<http://hl7.org/fhir/PlanDefinition.action.requiredBehavior>	<http://www.w3.org/2002/07/owl#ObjectProperty>
<http://hl7.org/fhir/PlanDefinition.action.selectionBehavior>	<http://www.w3.org/2002/07/owl#ObjectProperty>
<http://hl7.org/fhir/PlanDefinition.action.textEquivalent>	<http://www.w3.org/2002/07/owl#ObjectProperty>
<http://hl7.org/fhir/PlanDefinition.action.timing>	<http://www.w3.org/2002/07/owl#ObjectProperty>
<http://hl7.org/fhir/PlanDefinition.action.timingDateTime>	<http://www.w3.org/2002/07/owl#ObjectProperty>
<http://hl7.org/fhir/PlanDefinition.action.timingDuration>	<http://www.w3.org/2002/07/owl#ObjectProperty>
<http://hl7.org/fhir/PlanDefinition.action.timingPeriod>	<http://www.w3.org/2002/07/owl#ObjectProperty>
<http://hl7.org/fhir/PlanDefinition.action.timingRange>	<http://www.w3.org/2002/07/owl#ObjectProperty>
<http://hl7.org/fhir/PlanDefinition.action.timingTiming>	<http://www.w3.org/2002/07/owl#ObjectProperty>
<http://hl7.org/fhir/PlanDefinition.action.title>	<http://www.w3.org/2002/07/owl#ObjectProperty>
<http://hl7.org/fhir/PlanDefinition.action.transform>	<http://www.w3.org/2002/07/owl#ObjectProperty>
<http://hl7.org/fhir/PlanDefinition.action.triggerDefinition>	<http://www.w3.org/2002/07/owl#ObjectProperty>
<http://hl7.org/fhir/PlanDefinition.action.type>	<http://www.w3.org/2002/07/owl#ObjectProperty>
<http://hl7.org/fhir/PlanDefinition.approvalDate>	<http://www.w3.org/2002/07/owl#ObjectProperty>
<http://hl7.org/fhir/PlanDefinition.contact>	<http://www.w3.org/2002/07/owl#ObjectProperty>
<http://hl7.org/fhir/PlanDefinition.contributor>	<http://www.w3.org/2002/07/owl#ObjectProperty>
<http://hl7.org/fhir/PlanDefinition.copyright>	<http://www.w3.org/2002/07/owl#ObjectProperty>
<http://hl7.org/fhir/PlanDefinition.date>	<http://www.w3.org/2002/07/owl#ObjectProperty>
<http://hl7.org/fhir/PlanDefinition.description>	<http://www.w3.org/2002/07/owl#ObjectProperty>
<http://hl7.org/fhir/PlanDefinition.effectivePeriod>	<http://www.w3.org/2002/07/owl#ObjectProperty>
<http://hl7.org/fhir/PlanDefinition.experimental>	<http://www.w3.org/2002/07/owl#ObjectProperty>
<http://hl7.org/fhir/PlanDefinition.goal>	<http://www.w3.org/2002/07/owl#ObjectProperty>
<http://hl7.org/fhir/PlanDefinition.goal.addresses>	<http://www.w3.org/2002/07/owl#ObjectProperty>
<http://hl7.org/fhir/PlanDefinition.goal.category>	<http://www.w3.org/2002/07/owl#ObjectProperty>
<http://hl7.org/fhir/PlanDefinition.goal.description>	<http://www.w3.org/2002/07/owl#ObjectProperty>
<http://hl7.org/fhir/PlanDefinition.goal.documentation>	<http://www.w3.org/2002/07/owl#ObjectProperty>
<http://hl7.org/fhir/PlanDefinition.goal.priority>	<http://www.w3.org/2002/07/owl#ObjectProperty>
<http://hl7.org/fhir/PlanDefinition.goal.start>	<http://www.w3.org/2002/07/owl#ObjectProperty>
<http://hl7.org/fhir/PlanDefinition.goal.target>	<http://www.w3.org/2002/07/owl#ObjectProperty>
<http://hl7.org/fhir/PlanDefinition.goal.target.detail>	<http://www.w3.org/2002/07/owl#ObjectProperty>
<http://hl7.org/fhir/PlanDefinition.goal.target.detailCodeableConcept>	<http://www.w3.org/2002/07/owl#ObjectProperty>
<http://hl7.org/fhir/PlanDefinition.goal.target.detailQuantity>	<http://www.w3.org/2002/07/owl#ObjectProperty>
<http://hl7.org/fhir/PlanDefinition.goal.target.detailRange>	<http://www.w3.org/2002/07/owl#ObjectProperty>
<http://hl7.org/fhir/PlanDefinition.goal.target.due>	<http://www.w3.org/2002/07/owl#ObjectProperty>
<http://hl7.org/fhir/PlanDefinition.goal.target.measure>	<http://www.w3.org/2002/07/owl#ObjectProperty>
<http://hl7.org/fhir/PlanDefinition.identifier>	<http://www.w3.org/2002/07/owl#ObjectProperty>
<http://hl7.org/fhir/PlanDefinition.jurisdiction>	<http://www.w3.org/2002/07/owl#ObjectProperty>
<http://hl7.org/fhir/PlanDefinition.lastReviewDate>	<http://www.w3.org/2002/07/owl#ObjectProperty>
<http://hl7.org/fhir/PlanDefinition.library>	<http://www.w3.org/2002/07/owl#ObjectProperty>
<http://hl7.org/fhir/PlanDefinition.name>	<http://www.w3.org/2002/07/owl#ObjectProperty>
<http://hl7.org/fhir/PlanDefinition.publisher>	<http://www.w3.org/2002/07/owl#ObjectProperty>
<http://hl7.org/fhir/PlanDefinition.purpose>	<http://www.w3.org/2002/07/owl#ObjectProperty>
<http://hl7.org/fhir/PlanDefinition.relatedArtifact>	<http://www.w3.org/2002/07/owl#ObjectProperty>
<http://hl7.org/fhir/PlanDefinition.status>	<http://www.w3.org/2002/07/owl#ObjectProperty>
<http://hl7.org/fhir/PlanDefinition.title>	<http://www.w3.org/2002/07/owl#ObjectProperty>
<http://hl7.org/fhir/PlanDefinition.topic>	<http://www.w3.org/2002/07/owl#ObjectProperty>
<http://hl7.org/fhir/PlanDefinition.type>	<http://www.w3.org/2002/07/owl#ObjectProperty>
<http://hl7.org/fhir/PlanDefinition.url>	<http://www.w3.org/2002/07/owl#ObjectProperty>
<http://hl7.org/fhir/PlanDefinition.usage>	<http://www.w3.org/2002/07/owl#ObjectProperty>
<http://hl7.org/fhir/PlanDefinition.useContext>	<http://www.w3.org/2002/07/owl#ObjectProperty>
<http://hl7.org/fhir/PlanDefinition.version>	<http://www.w3.org/2002/07/owl#ObjectProperty>
<http://hl7.org/fhir/PlanDefinitionActionComponent>	<http://www.w3.org/2002/07/owl#Class>
<http://hl7.org/fhir/PlanDefinitionActionConditionComponent>	<http://www.w3.org/2002/07/owl#Class>
<http://hl7.org/fhir/PlanDefinitionActionDynamicValueComponent>	<http://www.w3.org/2002/07/owl#Class>
<http://hl7.org/fhir/PlanDefinitionActionParticipantComponent>	<http://www.w3.org/2002/07/owl#Class>
<http://hl7.org/fhir/PlanDefinitionActionRelatedActionComponent>	<http://www.w3.org/2002/07/owl#Class>
<http://hl7.org/fhir/PlanDefinitionGoalComponent>	<http://www.w3.org/2002/07/owl#Class>
<http://hl7.org/fhir/PlanDefinitionGoalTargetComponent>	<http://www.w3.org/2002/07/owl#Class>
<http://hl7.org/fhir/Practitioner>	<http://www.w3.org/2002/07/owl#Class>
<http://hl7.org/fhir/Practitioner.active>	<http://www.w3.org/2002/07/owl#ObjectProperty>
<http://hl7.org/fhir/Practitioner.address>	<http://www.w3.org/2002/07/owl#ObjectProperty>
<http://hl7.org/fhir/Practitioner.birthDate>	<http://www.w3.org/2002/07/owl#ObjectProperty>
<http://hl7.org/fhir/Practitioner.communication>	<http://www.w3.org/2002/07/owl#ObjectProperty>
<http://hl7.org/fhir/Practitioner.gender>	<http://www.w3.org/2002/07/owl#ObjectProperty>
<http://hl7.org/fhir/Practitioner.identifier>	<http://www.w3.org/2002/07/owl#ObjectProperty>
<http://hl7.org/fhir/Practitioner.name>	<http://www.w3.org/2002/07/owl#ObjectProperty>
<http://hl7.org/fhir/Practitioner.photo>	<http://www.w3.org/2002/07/owl#ObjectProperty>
<http://hl7.org/fhir/Practitioner.qualification>	<http://www.w3.org/2002/07/owl#ObjectProperty>
<http://hl7.org/fhir/Practitioner.qualification.code>	<http://www.w3.org/2002/07/owl#ObjectProperty>
<http://hl7.org/fhir/Practitioner.qualification.identifier>	<http://www.w3.org/2002/07/owl#ObjectProperty>
<http://hl7.org/fhir/Practitioner.qualification.issuer>	<http://www.w3.org/2002/07/owl#ObjectProperty>
<http://hl7.org/fhir/Practitioner.qualification.period>	<http://www.w3.org/2002/07/owl#ObjectProperty>
<http://hl7.org/fhir/Practitioner.telecom>	<http://www.w3.org/2002/07/owl#ObjectProperty>
<http://hl7.org/fhir/PractitionerQualificationComponent>	<http://www.w3.org/2002/07/owl#Class>
<http://hl7.org/fhir/PractitionerRole>	<http://www.w3.org/2002/07/owl#Class>
<http://hl7.org/fhir/PractitionerRole.active>	<http://www.w3.org/2002/07/owl#ObjectProperty>
<http://hl7.org/fhir/PractitionerRole.availabilityExceptions>	<http://www.w3.org/2002/07/owl#ObjectProperty>
<http://hl7.org/fhir/PractitionerRole.availableTime>	<http://www.w3.org/2002/07/owl#ObjectProperty>
<http://hl7.org/fhir/PractitionerRole.availableTime.allDay>	<http://www.w3.org/2002/07/owl#ObjectProperty>
<http://hl7.org/fhir/PractitionerRole.availableTime.availableEndTime>	<http://www.w3.org/2002/07/owl#ObjectProperty>
<http://hl7.org/fhir/PractitionerRole.availableTime.availableStartTime>	<http://www.w3.org/2002/07/owl#ObjectProperty>
<http://hl7.org/fhir/PractitionerRole.availableTime.daysOfWeek>	<http://www.w3.org/2002/07/owl#ObjectProperty>
<http://hl7.org/fhir/PractitionerRole.code>	<http://www.w3.org/2002/07/owl#ObjectProperty>
<http://hl7.org/fhir/PractitionerRole.endpoint>	<http://www.w3.org/2002/07/owl#ObjectProperty>
<http://hl7.org/fhir/PractitionerRole.healthcareService>	<http://www.w3.org/2002/07/owl#ObjectProperty>
<http://hl7.org/fhir/PractitionerRole.identifier>	<http://www.w3.org/2002/07/owl#ObjectProperty>
<http://hl7.org/fhir/PractitionerRole.location>	<http://www.w3.org/2002/07/owl#ObjectProperty>
<http://hl7.org/fhir/PractitionerRole.notAvailable>	<http://www.w3.org/2002/07/owl#ObjectProperty>
<http://hl7.org/fhir/PractitionerRole.notAvailable.description>	<http://www.w3.org/2002/07/owl#ObjectProperty>
<http://hl7.org/fhir/PractitionerRole.notAvailable.during>	<http://www.w3.org/2002/07/owl#ObjectProperty>
<http://hl7.org/fhir/PractitionerRole.organization>	<http://www.w3.org/2002/07/owl#ObjectProperty>
<http://hl7.org/fhir/PractitionerRole.period>	<http://www.w3.org/2002/07/owl#ObjectProperty>
<http://hl7.org/fhir/PractitionerRole.practitioner>	<http://www.w3.org/2002/07/owl#ObjectProperty>
<http://hl7.org/fhir/PractitionerRole.specialty>	<http://www.w3.org/2002/07/owl#ObjectProperty>
<http://hl7.org/fhir/PractitionerRole.telecom>	<http://www.w3.org/2002/07/owl#ObjectProperty>
<http://hl7.org/fhir/PractitionerRoleAvailableTimeComponent>	<http://www.w3.org/2002/07/owl#Class>
<http://hl7.org/fhir/PractitionerRoleNotAvailableComponent>	<http://www.w3.org/2002/07/owl#Class>
<http://hl7.org/fhir/Primitive>	<http://www.w3.org/2002/07/owl#Class>
<http://hl7.org/fhir/Procedure>	<http://www.w3.org/2002/07/owl#Class>
<http://hl7.org/fhir/Procedure.basedOn>	<http://www.w3.org/2002/07/owl#ObjectProperty>
<http://hl7.org/fhir/Procedure.bodySite>	<http://www.w3.org/2002/07/owl#ObjectProperty>
<http://hl7.org/fhir/Procedure.category>	<http://www.w3.org/2002/07/owl#ObjectProperty>
<http://hl7.org/fhir/Procedure.code>	<http://www.w3.org/2002/07/owl#ObjectProperty>
<http://hl7.org/fhir/Procedure.complication>	<http://www.w3.org/2002/07/owl#ObjectProperty>
<http://hl7.org/fhir/Procedure.complicationDetail>	<http://www.w3.org/2002/07/owl#ObjectProperty>
<http://hl7.org/fhir/Procedure.context>	<http://www.w3.org/2002/07/owl#ObjectProperty>
<http://hl7.org/fhir/Procedure.definition>	<http://www.w3.org/2002/07/owl#ObjectProperty>
<http://hl7.org/fhir/Procedure.focalDevice>	<http://www.w3.org/2002/07/owl#ObjectProperty>
<http://hl7.org/fhir/Procedure.focalDevice.action>	<http://www.w3.org/2002/07/owl#ObjectProperty>
<http://hl7.org/fhir/Procedure.focalDevice.manipulated>	<http://www.w3.org/2002/07/owl#ObjectProperty>
<http://hl7.org/fhir/Procedure.followUp>	<http://www.w3.org/2002/07/owl#ObjectProperty>
<http://hl7.org/fhir/Procedure.identifier>	<http://www.w3.org/2002/07/owl#ObjectProperty>
<http://hl7.org/fhir/Procedure.location>	<http://www.w3.org/2002/07/owl#ObjectProperty>
<http://hl7.org/fhir/Procedure.notDone>	<http://www.w3.org/2002/07/owl#ObjectProperty>
<http://hl7.org/fhir/Procedure.notDoneReason>	<http://www.w3.org/2002/07/owl#ObjectProperty>
<http://hl7.org/fhir/Procedure.note>	<http://www.w3.org/2002/07/owl#ObjectProperty>
<http://hl7.org/fhir/Procedure.outcome>	<http://www.w3.org/2002/07/owl#ObjectProperty>
<http://hl7.org/fhir/Procedure.partOf>	<http://www.w3.org/2002/07/owl#ObjectProperty>
<http://hl7.org/fhir/Procedure.performed>	<http://www.w3.org/2002/07/owl#ObjectProperty>
<http://hl7.org/fhir/Procedure.performedDateTime>	<http://www.w3.org/2002/07/owl#ObjectProperty>
<http://hl7.org/fhir/Procedure.performedPeriod>	<http://www.w3.org/2002/07/owl#ObjectProperty>
<http://hl7.org/fhir/Procedure.performer>	<http://www.w3.org/2002/07/owl#ObjectProperty>
<http://hl7.org/fhir/Procedure.performer.actor>	<http://www.w3.org/2002/07/owl#ObjectProperty>
<http://hl7.org/fhir/Procedure.performer.onBehalfOf>	<http://www.w3.org/2002/07/owl#ObjectProperty>
<http://hl7.org/fhir/Procedure.performer.role>	<http://www.w3.org/2002/07/owl#ObjectProperty>
<http://hl7.org/fhir/Procedure.reasonCode>	<http://www.w3.org/2002/07/owl#ObjectProperty>
<http://hl7.org/fhir/Procedure.reasonReference>	<http://www.w3.org/2002/07/owl#ObjectProperty>
<http://hl7.org/fhir/Procedure.report>	<http://www.w3.org/2002/07/owl#ObjectProperty>
<http://hl7.org/fhir/Procedure.status>	<http://www.w3.org/2002/07/owl#ObjectProperty>
<http://hl7.org/fhir/Procedure.subject>	<http://www.w3.org/2002/07/owl#ObjectProperty>
<http://hl7.org/fhir/Procedure.usedCode>	<http://www.w3.org/2002/07/owl#ObjectProperty>
<http://hl7.org/fhir/Procedure.usedReference>	<http://www.w3.org/2002/07/owl#ObjectProperty>
<http://hl7.org/fhir/ProcedureComponent>	<http://www.w3.org/2002/07/owl#Class>
<http://hl7.org/fhir/ProcedureFocalDeviceComponent>	<http://www.w3.org/2002/07/owl#Class>
<http://hl7.org/fhir/ProcedurePerformerComponent>	<http://www.w3.org/2002/07/owl#Class>
<http://hl7.org/fhir/ProcedureRequest>	<http://www.w3.org/2002/07/owl#Class>
<http://hl7.org/fhir/ProcedureRequest.asNeeded>	<http://www.w3.org/2002/07/owl#ObjectProperty>
<http://hl7.org/fhir/ProcedureRequest.asNeededBoolean>	<http://www.w3.org/2002/07/owl#ObjectProperty>
<http://hl7.org/fhir/ProcedureRequest.asNeededCodeableConcept>	<http://www.w3.org/2002/07/owl#ObjectProperty>
<http://hl7.org/fhir/ProcedureRequest.authoredOn>	<http://www.w3.org/2002/07/owl#ObjectProperty>
<http://hl7.org/fhir/ProcedureRequest.basedOn>	<http://www.w3.org/2002/07/owl#ObjectProperty>
<http://hl7.org/fhir/ProcedureRequest.bodySite>	<http://www.w3.org/2002/07/owl#ObjectProperty>
<http://hl7.org/fhir/ProcedureRequest.category>	<http://www.w3.org/2002/07/owl#ObjectProperty>
<http://hl7.org/fhir/ProcedureRequest.code>	<http://www.w3.org/2002/07/owl#ObjectProperty>
<http://hl7.org/fhir/ProcedureRequest.context>	<http://www.w3.org/2002/07/owl#ObjectProperty>
<http://hl7.org/fhir/ProcedureRequest.definition>	<http://www.w3.org/2002/07/owl#ObjectProperty>
<http://hl7.org/fhir/ProcedureRequest.doNotPerform>	<http://www.w3.org/2002/07/owl#ObjectProperty>
<http://hl7.org/fhir/ProcedureRequest.identifier>	<http://www.w3.org/2002/07/owl#ObjectProperty>
<http://hl7.org/fhir/ProcedureRequest.intent>	<http://www.w3.org/2002/07/owl#ObjectProperty>
<http://hl7.org/fhir/ProcedureRequest.note>	<http://www.w3.org/2002/07/owl#ObjectProperty>
<http://hl7.org/fhir/ProcedureRequest.occurrence>	<http://www.w3.org/2002/07/owl#ObjectProperty>
<http://hl7.org/fhir/ProcedureRequest.occurrenceDateTime>	<http://www.w3.org/2002/07/owl#ObjectProperty>
<http://hl7.org/fhir/ProcedureRequest.occurrencePeriod>	<http://www.w3.org/2002/07/owl#ObjectProperty>
<http://hl7.org/fhir/ProcedureRequest.occurrenceTiming>	<http://www.w3.org/2002/07/owl#ObjectProperty>
<http://hl7.org/fhir/ProcedureRequest.performer>	<http://www.w3.org/2002/07/owl#ObjectProperty>
<http://hl7.org/fhir/ProcedureRequest.performerType>	<http://www.w3.org/2002/07/owl#ObjectProperty>
<http://hl7.org/fhir/ProcedureRequest.priority>	<http://www.w3.org/2002/07/owl#ObjectProperty>
<http://hl7.org/fhir/ProcedureRequest.reasonCode>	<http://www.w3.org/2002/07/owl#ObjectProperty>
<http://hl7.org/fhir/ProcedureRequest.reasonReference>	<http://www.w3.org/2002/07/owl#ObjectProperty>
<http://hl7.org/fhir/ProcedureRequest.relevantHistory>	<http://www.w3.org/2002/07/owl#ObjectProperty>
<http://hl7.org/fhir/ProcedureRequest.replaces>	<http://www.w3.org/2002/07/owl#ObjectProperty>
<http://hl7.org/fhir/ProcedureRequest.requester>	<http://www.w3.org/2002/07/owl#ObjectProperty>
<http://hl7.org/fhir/ProcedureRequest.requester.agent>	<http://www.w3.org/2002/07/owl#ObjectProperty>
<http://hl7.org/fhir/ProcedureRequest.requester.onBehalfOf>	<http://www.w3.org/2002/07/owl#ObjectProperty>
<http://hl7.org/fhir/ProcedureRequest.requisition>	<http://www.w3.org/2002/07/owl#ObjectProperty>
<http://hl7.org/fhir/ProcedureRequest.specimen>	<http://www.w3.org/2002/07/owl#ObjectProperty>
<http://hl7.org/fhir/ProcedureRequest.status>	<http://www.w3.org/2002/07/owl#ObjectProperty>
<http://hl7.org/fhir/ProcedureRequest.subject>	<http://www.w3.org/2002/07/owl#ObjectProperty>
<http://hl7.org/fhir/ProcedureRequest.supportingInfo>	<http://www.w3.org/2002/07/owl#ObjectProperty>
<http://hl7.org/fhir/ProcedureRequestRequesterComponent>	<http://www.w3.org/2002/07/owl#Class>
<http://hl7.org/fhir/ProcessRequest>	<http://www.w3.org/2002/07/owl#Class>
<http://hl7.org/fhir/ProcessRequest.action>	<http://www.w3.org/2002/07/owl#ObjectProperty>
<http://hl7.org/fhir/ProcessRequest.created>	<http://www.w3.org/2002/07/owl#ObjectProperty>
<http://hl7.org/fhir/ProcessRequest.exclude>	<http://www.w3.org/2002/07/owl#ObjectProperty>
<http://hl7.org/fhir/ProcessRequest.identifier>	<http://www.w3.org/2002/07/owl#ObjectProperty>
<http://hl7.org/fhir/ProcessRequest.include>	<http://www.w3.org/2002/07/owl#ObjectProperty>
<http://hl7.org/fhir/ProcessRequest.item>	<http://www.w3.org/2002/07/owl#ObjectProperty>
<http://hl7.org/fhir/ProcessRequest.item.sequenceLinkId>	<http://www.w3.org/2002/07/owl#ObjectProperty>
<http://hl7.org/fhir/ProcessRequest.nullify>	<http://www.w3.org/2002/07/owl#ObjectProperty>
<http://hl7.org/fhir/ProcessRequest.organization>	<http://www.w3.org/2002/07/owl#ObjectProperty>
<http://hl7.org/fhir/ProcessRequest.period>	<http://www.w3.org/2002/07/owl#ObjectProperty>
<http://hl7.org/fhir/ProcessRequest.provider>	<http://www.w3.org/2002/07/owl#ObjectProperty>
<http://hl7.org/fhir/ProcessRequest.reference>	<http://www.w3.org/2002/07/owl#ObjectProperty>
<http://hl7.org/fhir/ProcessRequest.request>	<http://www.w3.org/2002/07/owl#ObjectProperty>
<http://hl7.org/fhir/ProcessRequest.response>	<http://www.w3.org/2002/07/owl#ObjectProperty>
<http://hl7.org/fhir/ProcessRequest.status>	<http://www.w3.org/2002/07/owl#ObjectProperty>
<http://hl7.org/fhir/ProcessRequest.target>	<http://www.w3.org/2002/07/owl#ObjectProperty>
<http://hl7.org/fhir/ProcessResponse>	<http://www.w3.org/2002/07/owl#Class>
<http://hl7.org/fhir/ProcessResponse.communicationRequest>	<http://www.w3.org/2002/07/owl#ObjectProperty>
<http://hl7.org/fhir/ProcessResponse.created>	<http://www.w3.org/2002/07/owl#ObjectProperty>
<http://hl7.org/fhir/ProcessResponse.disposition>	<http://www.w3.org/2002/07/owl#ObjectProperty>
<http://hl7.org/fhir/ProcessResponse.error>	<http://www.w3.org/2002/07/owl#ObjectProperty>
<http://hl7.org/fhir/ProcessResponse.form>	<http://www.w3.org/2002/07/owl#ObjectProperty>
<http://hl7.org/fhir/ProcessResponse.identifier>	<http://www.w3.org/2002/07/owl#ObjectProperty>
<http://hl7.org/fhir/ProcessResponse.organization>	<http://www.w3.org/2002/07/owl#ObjectProperty>
<http://hl7.org/fhir/ProcessResponse.outcome>	<http://www.w3.org/2002/07/owl#ObjectProperty>
<http://hl7.org/fhir/ProcessResponse.processNote>	<http://www.w3.org/2002/07/owl#ObjectProperty>
<http://hl7.org/fhir/ProcessResponse.processNote.text>	<http://www.w3.org/2002/07/owl#ObjectProperty>
<http://hl7.org/fhir/ProcessResponse.processNote.type>	<http://www.w3.org/2002/07/owl#ObjectProperty>
<http://hl7.org/fhir/ProcessResponse.request>	<http://www.w3.org/2002/07/owl#ObjectProperty>
<http://hl7.org/fhir/ProcessResponse.requestOrganization>	<http://www.w3.org/2002/07/owl#ObjectProperty>
<http://hl7.org/fhir/ProcessResponse.requestProvider>	<http://www.w3.org/2002/07/owl#ObjectProperty>
<http://hl7.org/fhir/ProcessResponse.status>	<http://www.w3.org/2002/07/owl#ObjectProperty>
<http://hl7.org/fhir/ProcessResponseProcessNoteComponent>	<http://www.w3.org/2002/07/owl#Class>
<http://hl7.org/fhir/PropertyComponent>	<http://www.w3.org/2002/07/owl#Class>
<http://hl7.org/fhir/Provenance>	<http://www.w3.org/2002/07/owl#Class>
<http://hl7.org/fhir/Provenance.activity>	<http://www.w3.org/2002/07/owl#ObjectProperty>
<http://hl7.org/fhir/Provenance.agent>	<http://www.w3.org/2002/07/owl#ObjectProperty>
<http://hl7.org/fhir/Provenance.agent.onBehalfOf>	<http://www.w3.org/2002/07/owl#ObjectProperty>
<http://hl7.org/fhir/Provenance.agent.onBehalfOfReference>	<http://www.w3.org/2002/07/owl#ObjectProperty>
<http://hl7.org/fhir/Provenance.agent.onBehalfOfUri>	<http://www.w3.org/2002/07/owl#ObjectProperty>
<http://hl7.org/fhir/Provenance.agent.relatedAgentType>	<http://www.w3.org/2002/07/owl#ObjectProperty>
<http://hl7.org/fhir/Provenance.agent.role>	<http://www.w3.org/2002/07/owl#ObjectProperty>
<http://hl7.org/fhir/Provenance.agent.who>	<http://www.w3.org/2002/07/owl#ObjectProperty>
<http://hl7.org/fhir/Provenance.agent.whoReference>	<http://www.w3.org/2002/07/owl#ObjectProperty>
<http://hl7.org/fhir/Provenance.agent.whoUri>	<http://www.w3.org/2002/07/owl#ObjectProperty>
<http://hl7.org/fhir/Provenance.entity>	<http://www.w3.org/2002/07/owl#ObjectProperty>
<http://hl7.org/fhir/Provenance.entity.agent>	<http://www.w3.org/2002/07/owl#ObjectProperty>
<http://hl7.org/fhir/Provenance.entity.role>	<http://www.w3.org/2002/07/owl#ObjectProperty>
<http://hl7.org/fhir/Provenance.entity.what>	<http://www.w3.org/2002/07/owl#ObjectProperty>
<http://hl7.org/fhir/Provenance.entity.whatIdentifier>	<http://www.w3.org/2002/07/owl#ObjectProperty>
<http://hl7.org/fhir/Provenance.entity.whatReference>	<http://www.w3.org/2002/07/owl#ObjectProperty>
<http://hl7.org/fhir/Provenance.entity.whatUri>	<http://www.w3.org/2002/07/owl#ObjectProperty>
<http://hl7.org/fhir/Provenance.location>	<http://www.w3.org/2002/07/owl#ObjectProperty>
<http://hl7.org/fhir/Provenance.period>	<http://www.w3.org/2002/07/owl#ObjectProperty>
<http://hl7.org/fhir/Provenance.policy>	<http://www.w3.org/2002/07/owl#ObjectProperty>
<http://hl7.org/fhir/Provenance.reason>	<http://www.w3.org/2002/07/owl#ObjectProperty>
<http://hl7.org/fhir/Provenance.recorded>	<http://www.w3.org/2002/07/owl#ObjectProperty>
<http://hl7.org/fhir/Provenance.signature>	<http://www.w3.org/2002/07/owl#ObjectProperty>
<http://hl7.org/fhir/Provenance.target>	<http://www.w3.org/2002/07/owl#ObjectProperty>
<http://hl7.org/fhir/ProvenanceAgentComponent>	<http://www.w3.org/2002/07/owl#Class>
<http://hl7.org/fhir/ProvenanceEntityComponent>	<http://www.w3.org/2002/07/owl#Class>
<http://hl7.org/fhir/Quantity>	<http://www.w3.org/2002/07/owl#Class>
<http://hl7.org/fhir/Quantity.code>	<http://www.w3.org/2002/07/owl#ObjectProperty>
<http://hl7.org/fhir/Quantity.comparator>	<http://www.w3.org/2002/07/owl#ObjectProperty>
<http://hl7.org/fhir/Quantity.system>	<http://www.w3.org/2002/07/owl#ObjectProperty>
<http://hl7.org/fhir/Quantity.unit>	<http://www.w3.org/2002/07/owl#ObjectProperty>
<http://hl7.org/fhir/Quantity.value>	<http://www.w3.org/2002/07/owl#ObjectProperty>
<http://hl7.org/fhir/Questionnaire>	<http://www.w3.org/2002/07/owl#Class>
<http://hl7.org/fhir/Questionnaire.approvalDate>	<http://www.w3.org/2002/07/owl#ObjectProperty>
<http://hl7.org/fhir/Questionnaire.code>	<http://www.w3.org/2002/07/owl#ObjectProperty>
<http://hl7.org/fhir/Questionnaire.contact>	<http://www.w3.org/2002/07/owl#ObjectProperty>
<http://hl7.org/fhir/Questionnaire.copyright>	<http://www.w3.org/2002/07/owl#ObjectProperty>
<http://hl7.org/fhir/Questionnaire.date>	<http://www.w3.org/2002/07/owl#ObjectProperty>
<http://hl7.org/fhir/Questionnaire.description>	<http://www.w3.org/2002/07/owl#ObjectProperty>
<http://hl7.org/fhir/Questionnaire.effectivePeriod>	<http://www.w3.org/2002/07/owl#ObjectProperty>
<http://hl7.org/fhir/Questionnaire.experimental>	<http://www.w3.org/2002/07/owl#ObjectProperty>
<http://hl7.org/fhir/Questionnaire.identifier>	<http://www.w3.org/2002/07/owl#ObjectProperty>
<http://hl7.org/fhir/Questionnaire.item>	<http://www.w3.org/2002/07/owl#ObjectProperty>
<http://hl7.org/fhir/Questionnaire.item.code>	<http://www.w3.org/2002/07/owl#ObjectProperty>
<http://hl7.org/fhir/Questionnaire.item.definition>	<http://www.w3.org/2002/07/owl#ObjectProperty>
<http://hl7.org/fhir/Questionnaire.item.enableWhen>	<http://www.w3.org/2002/07/owl#ObjectProperty>
<http://hl7.org/fhir/Questionnaire.item.enableWhen.answer>	<http://www.w3.org/2002/07/owl#ObjectProperty>
<http://hl7.org/fhir/Questionnaire.item.enableWhen.answerAttachment>	<http://www.w3.org/2002/07/owl#ObjectProperty>
<http://hl7.org/fhir/Questionnaire.item.enableWhen.answerBoolean>	<http://www.w3.org/2002/07/owl#ObjectProperty>
<http://hl7.org/fhir/Questionnaire.item.enableWhen.answerCoding>	<http://www.w3.org/2002/07/owl#ObjectProperty>
<http://hl7.org/fhir/Questionnaire.item.enableWhen.answerDate>	<http://www.w3.org/2002/07/owl#ObjectProperty>
<http://hl7.org/fhir/Questionnaire.item.enableWhen.answerDateTime>	<http://www.w3.org/2002/07/owl#ObjectProperty>
<http://hl7.org/fhir/Questionnaire.item.enableWhen.answerDecimal>	<http://www.w3.org/2002/07/owl#ObjectProperty>
<http://hl7.org/fhir/Questionnaire.item.enableWhen.answerInteger>	<http://www.w3.org/2002/07/owl#ObjectProperty>
<http://hl7.org/fhir/Questionnaire.item.enableWhen.answerQuantity>	<http://www.w3.org/2002/07/owl#ObjectProperty>
<http://hl7.org/fhir/Questionnaire.item.enableWhen.answerReference>	<http://www.w3.org/2002/07/owl#ObjectProperty>
<http://hl7.org/fhir/Questionnaire.item.enableWhen.answerString>	<http://www.w3.org/2002/07/owl#ObjectProperty>
<http://hl7.org/fhir/Questionnaire.item.enableWhen.answerTime>	<http://www.w3.org/2002/07/owl#ObjectProperty>
<http://hl7.org/fhir/Questionnaire.item.enableWhen.answerUri>	<http://www.w3.org/2002/07/owl#ObjectProperty>
<http://hl7.org/fhir/Questionnaire.item.enableWhen.hasAnswer>	<http://www.w3.org/2002/07/owl#ObjectProperty>
<http://hl7.org/fhir/Questionnaire.item.enableWhen.question>	<http://www.w3.org/2002/07/owl#ObjectProperty>
<http://hl7.org/fhir/Questionnaire.item.initial>	<http://www.w3.org/2002/07/owl#ObjectProperty>
<http://hl7.org/fhir/Questionnaire.item.initialAttachment>	<http://www.w3.org/2002/07/owl#ObjectProperty>
<http://hl7.org/fhir/Questionnaire.item.initialBoolean>	<http://www.w3.org/2002/07/owl#ObjectProperty>
<http://hl7.org/fhir/Questionnaire.item.initialCoding>	<http://www.w3.org/2002/07/owl#ObjectProperty>
<http://hl7.org/fhir/Questionnaire.item.initialDate>	<http://www.w3.org/2002/07/owl#ObjectProperty>
<http://hl7.org/fhir/Questionnaire.item.initialDateTime>	<http://www.w3.org/2002/07/owl#ObjectProperty>
<http://hl7.org/fhir/Questionnaire.item.initialDecimal>	<http://www.w3.org/2002/07/owl#ObjectProperty>
<http://hl7.org/fhir/Questionnaire.item.initialInteger>	<http://www.w3.org/2002/07/owl#ObjectProperty>
<http://hl7.org/fhir/Questionnaire.item.initialQuantity>	<http://www.w3.org/2002/07/owl#ObjectProperty>
<http://hl7.org/fhir/Questionnaire.item.initialReference>	<http://www.w3.org/2002/07/owl#ObjectProperty>
<http://hl7.org/fhir/Questionnaire.item.initialString>	<http://www.w3.org/2002/07/owl#ObjectProperty>
<http://hl7.org/fhir/Questionnaire.item.initialTime>	<http://www.w3.org/2002/07/owl#ObjectProperty>
<http://hl7.org/fhir/Questionnaire.item.initialUri>	<http://www.w3.org/2002/07/owl#ObjectProperty>
<http://hl7.org/fhir/Questionnaire.item.item>	<http://www.w3.org/2002/07/owl#ObjectProperty>
<http://hl7.org/fhir/Questionnaire.item.linkId>	<http://www.w3.org/2002/07/owl#ObjectProperty>
<http://hl7.org/fhir/Questionnaire.item.maxLength>	<http://www.w3.org/2002/07/owl#ObjectProperty>
<http://hl7.org/fhir/Questionnaire.item.option>	<http://www.w3.org/2002/07/owl#ObjectProperty>
<http://hl7.org/fhir/Questionnaire.item.option.value>	<http://www.w3.org/2002/07/owl#ObjectProperty>
<http://hl7.org/fhir/Questionnaire.item.option.valueCoding>	<http://www.w3.org/2002/07/owl#ObjectProperty>
<http://hl7.org/fhir/Questionnaire.item.option.valueDate>	<http://www.w3.org/2002/07/owl#ObjectProperty>
<http://hl7.org/fhir/Questionnaire.item.option.valueInteger>	<http://www.w3.org/2002/07/owl#ObjectProperty>
<http://hl7.org/fhir/Questionnaire.item.option.valueString>	<http://www.w3.org/2002/07/owl#ObjectProperty>
<http://hl7.org/fhir/Questionnaire.item.option.valueTime>	<http://www.w3.org/2002/07/owl#ObjectProperty>
<http://hl7.org/fhir/Questionnaire.item.options>	<http://www.w3.org/2002/07/owl#ObjectProperty>
<http://hl7.org/fhir/Questionnaire.item.prefix>	<http://www.w3.org/2002/07/owl#ObjectProperty>
<http://hl7.org/fhir/Questionnaire.item.readOnly>	<http://www.w3.org/2002/07/owl#ObjectProperty>
<http://hl7.org/fhir/Questionnaire.item.repeats>	<http://www.w3.org/2002/07/owl#ObjectProperty>
<http://hl7.org/fhir/Questionnaire.item.required>	<http://www.w3.org/2002/07/owl#ObjectProperty>
<http://hl7.org/fhir/Questionnaire.item.text>	<http://www.w3.org/2002/07/owl#ObjectProperty>
<http://hl7.org/fhir/Questionnaire.item.type>	<http://www.w3.org/2002/07/owl#ObjectProperty>
<http://hl7.org/fhir/Questionnaire.jurisdiction>	<http://www.w3.org/2002/07/owl#ObjectProperty>
<http://hl7.org/fhir/Questionnaire.lastReviewDate>	<http://www.w3.org/2002/07/owl#ObjectProperty>
<http://hl7.org/fhir/Questionnaire.name>	<http://www.w3.org/2002/07/owl#ObjectProperty>
<http://hl7.org/fhir/Questionnaire.publisher>	<http://www.w3.org/2002/07/owl#ObjectProperty>
<http://hl7.org/fhir/Questionnaire.purpose>	<http://www.w3.org/2002/07/owl#ObjectProperty>
<http://hl7.org/fhir/Questionnaire.status>	<http://www.w3.org/2002/07/owl#ObjectProperty>
<http://hl7.org/fhir/Questionnaire.subjectType>	<http://www.w3.org/2002/07/owl#ObjectProperty>
<http://hl7.org/fhir/Questionnaire.title>	<http://www.w3.org/2002/07/owl#ObjectProperty>
<http://hl7.org/fhir/Questionnaire.url>	<http://www.w3.org/2002/07/owl#ObjectProperty>
<http://hl7.org/fhir/Questionnaire.useContext>	<http://www.w3.org/2002/07/owl#ObjectProperty>
<http://hl7.org/fhir/Questionnaire.version>	<http://www.w3.org/2002/07/owl#ObjectProperty>
<http://hl7.org/fhir/QuestionnaireItemComponent>	<http://www.w3.org/2002/07/owl#Class>
<http://hl7.org/fhir/QuestionnaireItemEnableWhenComponent>	<http://www.w3.org/2002/07/owl#Class>
<http://hl7.org/fhir/QuestionnaireItemOptionComponent>	<http://www.w3.org/2002/07/owl#Class>
<http://hl7.org/fhir/QuestionnaireResponse>	<http://www.w3.org/2002/07/owl#Class>
<http://hl7.org/fhir/QuestionnaireResponse.author>	<http://www.w3.org/2002/07/owl#ObjectProperty>
<http://hl7.org/fhir/QuestionnaireResponse.authored>	<http://www.w3.org/2002/07/owl#ObjectProperty>
<http://hl7.org/fhir/QuestionnaireResponse.basedOn>	<http://www.w3.org/2002/07/owl#ObjectProperty>
<http://hl7.org/fhir/QuestionnaireResponse.context>	<http://www.w3.org/2002/07/owl#ObjectProperty>
<http://hl7.org/fhir/QuestionnaireResponse.identifier>	<http://www.w3.org/2002/07/owl#ObjectProperty>
<http://hl7.org/fhir/QuestionnaireResponse.item>	<http://www.w3.org/2002/07/owl#ObjectProperty>
<http://hl7.org/fhir/QuestionnaireResponse.item.answer>	<http://www.w3.org/2002/07/owl#ObjectProperty>
<http://hl7.org/fhir/QuestionnaireResponse.item.answer.item>	<http://www.w3.org/2002/07/owl#ObjectProperty>
<http://hl7.org/fhir/QuestionnaireResponse.item.answer.value>	<http://www.w3.org/2002/07/owl#ObjectProperty>
<http://hl7.org/fhir/QuestionnaireResponse.item.answer.valueAttachment>	<http://www.w3.org/2002/07/owl#ObjectProperty>
<http://hl7.org/fhir/QuestionnaireResponse.item.answer.valueBoolean>	<http://www.w3.org/2002/07/owl#ObjectProperty>
<http://hl7.org/fhir/QuestionnaireResponse.item.answer.valueCoding>	<http://www.w3.org/2002/07/owl#ObjectProperty>
<http://hl7.org/fhir/QuestionnaireResponse.item.answer.valueDate>	<http://www.w3.org/2002/07/owl#ObjectProperty>
<http://hl7.org/fhir/QuestionnaireResponse.item.answer.valueDateTime>	<http://www.w3.org/2002/07/owl#ObjectProperty>
<http://hl7.org/fhir/QuestionnaireResponse.item.answer.valueDecimal>	<http://www.w3.org/2002/07/owl#ObjectProperty>
<http://hl7.org/fhir/QuestionnaireResponse.item.answer.valueInteger>	<http://www.w3.org/2002/07/owl#ObjectProperty>
<http://hl7.org/fhir/QuestionnaireResponse.item.answer.valueQuantity>	<http://www.w3.org/2002/07/owl#ObjectProperty>
<http://hl7.org/fhir/QuestionnaireResponse.item.answer.valueReference>	<http://www.w3.org/2002/07/owl#ObjectProperty>
<http://hl7.org/fhir/QuestionnaireResponse.item.answer.valueString>	<http://www.w3.org/2002/07/owl#ObjectProperty>
<http://hl7.org/fhir/QuestionnaireResponse.item.answer.valueTime>	<http://www.w3.org/2002/07/owl#ObjectProperty>
<http://hl7.org/fhir/QuestionnaireResponse.item.answer.valueUri>	<http://www.w3.org/2002/07/owl#ObjectProperty>
<http://hl7.org/fhir/QuestionnaireResponse.item.definition>	<http://www.w3.org/2002/07/owl#ObjectProperty>
<http://hl7.org/fhir/QuestionnaireResponse.item.item>	<http://www.w3.org/2002/07/owl#ObjectProperty>
<http://hl7.org/fhir/QuestionnaireResponse.item.linkId>	<http://www.w3.org/2002/07/owl#ObjectProperty>
<http://hl7.org/fhir/QuestionnaireResponse.item.subject>	<http://www.w3.org/2002/07/owl#ObjectProperty>
<http://hl7.org/fhir/QuestionnaireResponse.item.text>	<http://www.w3.org/2002/07/owl#ObjectProperty>
<http://hl7.org/fhir/QuestionnaireResponse.parent>	<http://www.w3.org/2002/07/owl#ObjectProperty>
<http://hl7.org/fhir/QuestionnaireResponse.questionnaire>	<http://www.w3.org/2002/07/owl#ObjectProperty>
<http://hl7.org/fhir/QuestionnaireResponse.source>	<http://www.w3.org/2002/07/owl#ObjectProperty>
<http://hl7.org/fhir/QuestionnaireResponse.status>	<http://www.w3.org/2002/07/owl#ObjectProperty>
<http://hl7.org/fhir/QuestionnaireResponse.subject>	<http://www.w3.org/2002/07/owl#ObjectProperty>
<http://hl7.org/fhir/QuestionnaireResponseItemAnswerComponent>	<http://www.w3.org/2002/07/owl#Class>
<http://hl7.org/fhir/QuestionnaireResponseItemComponent>	<http://www.w3.org/2002/07/owl#Class>
<http://hl7.org/fhir/Range>	<http://www.w3.org/2002/07/owl#Class>
<http://hl7.org/fhir/Range.high>	<http://www.w3.org/2002/07/owl#ObjectProperty>
<http://hl7.org/fhir/Range.low>	<http://www.w3.org/2002/07/owl#ObjectProperty>
<http://hl7.org/fhir/Ratio>	<http://www.w3.org/2002/07/owl#Class>
<http://hl7.org/fhir/Ratio.denominator>	<http://www.w3.org/2002/07/owl#ObjectProperty>
<http://hl7.org/fhir/Ratio.numerator>	<http://www.w3.org/2002/07/owl#ObjectProperty>
<http://hl7.org/fhir/Reference>	<http://www.w3.org/2002/07/owl#Class>
<http://hl7.org/fhir/Reference.display>	<http://www.w3.org/2002/07/owl#ObjectProperty>
<http://hl7.org/fhir/Reference.identifier>	<http://www.w3.org/2002/07/owl#ObjectProperty>
<http://hl7.org/fhir/Reference.reference>	<http://www.w3.org/2002/07/owl#ObjectProperty>
<http://hl7.org/fhir/ReferralRequest>	<http://www.w3.org/2002/07/owl#Class>
<http://hl7.org/fhir/ReferralRequest.authoredOn>	<http://www.w3.org/2002/07/owl#ObjectProperty>
<http://hl7.org/fhir/ReferralRequest.basedOn>	<http://www.w3.org/2002/07/owl#ObjectProperty>
<http://hl7.org/fhir/ReferralRequest.context>	<http://www.w3.org/2002/07/owl#ObjectProperty>
<http://hl7.org/fhir/ReferralRequest.definition>	<http://www.w3.org/2002/07/owl#ObjectProperty>
<http://hl7.org/fhir/ReferralRequest.description>	<http://www.w3.org/2002/07/owl#ObjectProperty>
<http://hl7.org/fhir/ReferralRequest.groupIdentifier>	<http://www.w3.org/2002/07/owl#ObjectProperty>
<http://hl7.org/fhir/ReferralRequest.identifier>	<http://www.w3.org/2002/07/owl#ObjectProperty>
<http://hl7.org/fhir/ReferralRequest.intent>	<http://www.w3.org/2002/07/owl#ObjectProperty>
<http://hl7.org/fhir/ReferralRequest.note>	<http://www.w3.org/2002/07/owl#ObjectProperty>
<http://hl7.org/fhir/ReferralRequest.occurrence>	<http://www.w3.org/2002/07/owl#ObjectProperty>
<http://hl7.org/fhir/ReferralRequest.occurrenceDateTime>	<http://www.w3.org/2002/07/owl#ObjectProperty>
<http://hl7.org/fhir/ReferralRequest.occurrencePeriod>	<http://www.w3.org/2002/07/owl#ObjectProperty>
<http://hl7.org/fhir/ReferralRequest.priority>	<http://www.w3.org/2002/07/owl#ObjectProperty>
<http://hl7.org/fhir/ReferralRequest.reasonCode>	<http://www.w3.org/2002/07/owl#ObjectProperty>
<http://hl7.org/fhir/ReferralRequest.reasonReference>	<http://www.w3.org/2002/07/owl#ObjectProperty>
<http://hl7.org/fhir/ReferralRequest.recipient>	<http://www.w3.org/2002/07/owl#ObjectProperty>
<http://hl7.org/fhir/ReferralRequest.relevantHistory>	<http://www.w3.org/2002/07/owl#ObjectProperty>
<http://hl7.org/fhir/ReferralRequest.replaces>	<http://www.w3.org/2002/07/owl#ObjectProperty>
<http://hl7.org/fhir/ReferralRequest.requester>	<http://www.w3.org/2002/07/owl#ObjectProperty>
<http://hl7.org/fhir/ReferralRequest.requester.agent>	<http://www.w3.org/2002/07/owl#ObjectProperty>
<http://hl7.org/fhir/ReferralRequest.requester.onBehalfOf>	<http://www.w3.org/2002/07/owl#ObjectProperty>
<http://hl7.org/fhir/ReferralRequest.serviceRequested>	<http://www.w3.org/2002/07/owl#ObjectProperty>
<http://hl7.org/fhir/ReferralRequest.specialty>	<http://www.w3.org/2002/07/owl#ObjectProperty>
<http://hl7.org/fhir/ReferralRequest.status>	<http://www.w3.org/2002/07/owl#ObjectProperty>
<http://hl7.org/fhir/ReferralRequest.subject>	<http://www.w3.org/2002/07/owl#ObjectProperty>
<http://hl7.org/fhir/ReferralRequest.supportingInfo>	<http://www.w3.org/2002/07/owl#ObjectProperty>
<http://hl7.org/fhir/ReferralRequest.type>	<http://www.w3.org/2002/07/owl#ObjectProperty>
<http://hl7.org/fhir/ReferralRequestRequesterComponent>	<http://www.w3.org/2002/07/owl#Class>
<http://hl7.org/fhir/RelatedArtifact>	<http://www.w3.org/2002/07/owl#Class>
<http://hl7.org/fhir/RelatedArtifact.citation>	<http://www.w3.org/2002/07/owl#ObjectProperty>
<http://hl7.org/fhir/RelatedArtifact.display>	<http://www.w3.org/2002/07/owl#ObjectProperty>
<http://hl7.org/fhir/RelatedArtifact.document>	<http://www.w3.org/2002/07/owl#ObjectProperty>
<http://hl7.org/fhir/RelatedArtifact.resource>	<http://www.w3.org/2002/07/owl#ObjectProperty>
<http://hl7.org/fhir/RelatedArtifact.type>	<http://www.w3.org/2002/07/owl#ObjectProperty>
<http://hl7.org/fhir/RelatedArtifact.url>	<http://www.w3.org/2002/07/owl#ObjectProperty>
<http://hl7.org/fhir/RelatedClaimComponent>	<http://www.w3.org/2002/07/owl#Class>
<http://hl7.org/fhir/RelatedPerson>	<http://www.w3.org/2002/07/owl#Class>
<http://hl7.org/fhir/RelatedPerson.active>	<http://www.w3.org/2002/07/owl#ObjectProperty>
<http://hl7.org/fhir/RelatedPerson.address>	<http://www.w3.org/2002/07/owl#ObjectProperty>
<http://hl7.org/fhir/RelatedPerson.birthDate>	<http://www.w3.org/2002/07/owl#ObjectProperty>
<http://hl7.org/fhir/RelatedPerson.gender>	<http://www.w3.org/2002/07/owl#ObjectProperty>
<http://hl7.org/fhir/RelatedPerson.identifier>	<http://www.w3.org/2002/07/owl#ObjectProperty>
<http://hl7.org/fhir/RelatedPerson.name>	<http://www.w3.org/2002/07/owl#ObjectProperty>
<http://hl7.org/fhir/RelatedPerson.patient>	<http://www.w3.org/2002/07/owl#ObjectProperty>
<http://hl7.org/fhir/RelatedPerson.period>	<http://www.w3.org/2002/07/owl#ObjectProperty>
<http://hl7.org/fhir/RelatedPerson.photo>	<http://www.w3.org/2002/07/owl#ObjectProperty>
<http://hl7.org/fhir/RelatedPerson.relationship>	<http://www.w3.org/2002/07/owl#ObjectProperty>
<http://hl7.org/fhir/RelatedPerson.telecom>	<http://www.w3.org/2002/07/owl#ObjectProperty>
<http://hl7.org/fhir/RequestGroup>	<http://www.w3.org/2002/07/owl#Class>
<http://hl7.org/fhir/RequestGroup.action>	<http://www.w3.org/2002/07/owl#ObjectProperty>
<http://hl7.org/fhir/RequestGroup.action.action>	<http://www.w3.org/2002/07/owl#ObjectProperty>
<http://hl7.org/fhir/RequestGroup.action.cardinalityBehavior>	<http://www.w3.org/2002/07/owl#ObjectProperty>
<http://hl7.org/fhir/RequestGroup.action.code>	<http://www.w3.org/2002/07/owl#ObjectProperty>
<http://hl7.org/fhir/RequestGroup.action.condition>	<http://www.w3.org/2002/07/owl#ObjectProperty>
<http://hl7.org/fhir/RequestGroup.action.condition.description>	<http://www.w3.org/2002/07/owl#ObjectProperty>
<http://hl7.org/fhir/RequestGroup.action.condition.expression>	<http://www.w3.org/2002/07/owl#ObjectProperty>
<http://hl7.org/fhir/RequestGroup.action.condition.kind>	<http://www.w3.org/2002/07/owl#ObjectProperty>
<http://hl7.org/fhir/RequestGroup.action.condition.language>	<http://www.w3.org/2002/07/owl#ObjectProperty>
<http://hl7.org/fhir/RequestGroup.action.description>	<http://www.w3.org/2002/07/owl#ObjectProperty>
<http://hl7.org/fhir/RequestGroup.action.documentation>	<http://www.w3.org/2002/07/owl#ObjectProperty>
<http://hl7.org/fhir/RequestGroup.action.groupingBehavior>	<http://www.w3.org/2002/07/owl#ObjectProperty>
<http://hl7.org/fhir/RequestGroup.action.label>	<http://www.w3.org/2002/07/owl#ObjectProperty>
<http://hl7.org/fhir/RequestGroup.action.participant>	<http://www.w3.org/2002/07/owl#ObjectProperty>
<http://hl7.org/fhir/RequestGroup.action.precheckBehavior>	<http://www.w3.org/2002/07/owl#ObjectProperty>
<http://hl7.org/fhir/RequestGroup.action.relatedAction>	<http://www.w3.org/2002/07/owl#ObjectProperty>
<http://hl7.org/fhir/RequestGroup.action.relatedAction.actionId>	<http://www.w3.org/2002/07/owl#ObjectProperty>
<http://hl7.org/fhir/RequestGroup.action.relatedAction.offset>	<http://www.w3.org/2002/07/owl#ObjectProperty>
<http://hl7.org/fhir/RequestGroup.action.relatedAction.offsetDuration>	<http://www.w3.org/2002/07/owl#ObjectProperty>
<http://hl7.org/fhir/RequestGroup.action.relatedAction.offsetRange>	<http://www.w3.org/2002/07/owl#ObjectProperty>
<http://hl7.org/fhir/RequestGroup.action.relatedAction.relationship>	<http://www.w3.org/2002/07/owl#ObjectProperty>
<http://hl7.org/fhir/RequestGroup.action.requiredBehavior>	<http://www.w3.org/2002/07/owl#ObjectProperty>
<http://hl7.org/fhir/RequestGroup.action.resource>	<http://www.w3.org/2002/07/owl#ObjectProperty>
<http://hl7.org/fhir/RequestGroup.action.selectionBehavior>	<http://www.w3.org/2002/07/owl#ObjectProperty>
<http://hl7.org/fhir/RequestGroup.action.textEquivalent>	<http://www.w3.org/2002/07/owl#ObjectProperty>
<http://hl7.org/fhir/RequestGroup.action.timing>	<http://www.w3.org/2002/07/owl#ObjectProperty>
<http://hl7.org/fhir/RequestGroup.action.timingDateTime>	<http://www.w3.org/2002/07/owl#ObjectProperty>
<http://hl7.org/fhir/RequestGroup.action.timingDuration>	<http://www.w3.org/2002/07/owl#ObjectProperty>
<http://hl7.org/fhir/RequestGroup.action.timingPeriod>	<http://www.w3.org/2002/07/owl#ObjectProperty>
<http://hl7.org/fhir/RequestGroup.action.timingRange>	<http://www.w3.org/2002/07/owl#ObjectProperty>
<http://hl7.org/fhir/RequestGroup.action.timingTiming>	<http://www.w3.org/2002/07/owl#ObjectProperty>
<http://hl7.org/fhir/RequestGroup.action.title>	<http://www.w3.org/2002/07/owl#ObjectProperty>
<http://hl7.org/fhir/RequestGroup.action.type>	<http://www.w3.org/2002/07/owl#ObjectProperty>
<http://hl7.org/fhir/RequestGroup.author>	<http://www.w3.org/2002/07/owl#ObjectProperty>
<http://hl7.org/fhir/RequestGroup.authoredOn>	<http://www.w3.org/2002/07/owl#ObjectProperty>
<http://hl7.org/fhir/RequestGroup.basedOn>	<http://www.w3.org/2002/07/owl#ObjectProperty>
<http://hl7.org/fhir/RequestGroup.context>	<http://www.w3.org/2002/07/owl#ObjectProperty>
<http://hl7.org/fhir/RequestGroup.definition>	<http://www.w3.org/2002/07/owl#ObjectProperty>
<http://hl7.org/fhir/RequestGroup.groupIdentifier>	<http://www.w3.org/2002/07/owl#ObjectProperty>
<http://hl7.org/fhir/RequestGroup.identifier>	<http://www.w3.org/2002/07/owl#ObjectProperty>
<http://hl7.org/fhir/RequestGroup.intent>	<http://www.w3.org/2002/07/owl#ObjectProperty>
<http://hl7.org/fhir/RequestGroup.note>	<http://www.w3.org/2002/07/owl#ObjectProperty>
<http://hl7.org/fhir/RequestGroup.priority>	<http://www.w3.org/2002/07/owl#ObjectProperty>
<http://hl7.org/fhir/RequestGroup.reason>	<http://www.w3.org/2002/07/owl#ObjectProperty>
<http://hl7.org/fhir/RequestGroup.reasonCodeableConcept>	<http://www.w3.org/2002/07/owl#ObjectProperty>
<http://hl7.org/fhir/RequestGroup.reasonReference>	<http://www.w3.org/2002/07/owl#ObjectProperty>
<http://hl7.org/fhir/RequestGroup.replaces>	<http://www.w3.org/2002/07/owl#ObjectProperty>
<http://hl7.org/fhir/RequestGroup.status>	<http://www.w3.org/2002/07/owl#ObjectProperty>
<http://hl7.org/fhir/RequestGroup.subject>	<http://www.w3.org/2002/07/owl#ObjectProperty>
<http://hl7.org/fhir/RequestGroupActionComponent>	<http://www.w3.org/2002/07/owl#Class>
<http://hl7.org/fhir/RequestGroupActionConditionComponent>	<http://www.w3.org/2002/07/owl#Class>
<http://hl7.org/fhir/RequestGroupActionRelatedActionComponent>	<http://www.w3.org/2002/07/owl#Class>
<http://hl7.org/fhir/ResearchStudy>	<http://www.w3.org/2002/07/owl#Class>
<http://hl7.org/fhir/ResearchStudy.arm>	<http://www.w3.org/2002/07/owl#ObjectProperty>
<http://hl7.org/fhir/ResearchStudy.arm.code>	<http://www.w3.org/2002/07/owl#ObjectProperty>
<http://hl7.org/fhir/ResearchStudy.arm.description>	<http://www.w3.org/2002/07/owl#ObjectProperty>
<http://hl7.org/fhir/ResearchStudy.arm.name>	<http://www.w3.org/2002/07/owl#ObjectProperty>
<http://hl7.org/fhir/ResearchStudy.category>	<http://www.w3.org/2002/07/owl#ObjectProperty>
<http://hl7.org/fhir/ResearchStudy.contact>	<http://www.w3.org/2002/07/owl#ObjectProperty>
<http://hl7.org/fhir/ResearchStudy.description>	<http://www.w3.org/2002/07/owl#ObjectProperty>
<http://hl7.org/fhir/ResearchStudy.enrollment>	<http://www.w3.org/2002/07/owl#ObjectProperty>
<http://hl7.org/fhir/ResearchStudy.focus>	<http://www.w3.org/2002/07/owl#ObjectProperty>
<http://hl7.org/fhir/ResearchStudy.identifier>	<http://www.w3.org/2002/07/owl#ObjectProperty>
<http://hl7.org/fhir/ResearchStudy.jurisdiction>	<http://www.w3.org/2002/07/owl#ObjectProperty>
<http://hl7.org/fhir/ResearchStudy.keyword>	<http://www.w3.org/2002/07/owl#ObjectProperty>
<http://hl7.org/fhir/ResearchStudy.note>	<http://www.w3.org/2002/07/owl#ObjectProperty>
<http://hl7.org/fhir/ResearchStudy.partOf>	<http://www.w3.org/2002/07/owl#ObjectProperty>
<http://hl7.org/fhir/ResearchStudy.period>	<http://www.w3.org/2002/07/owl#ObjectProperty>
<http://hl7.org/fhir/ResearchStudy.principalInvestigator>	<http://www.w3.org/2002/07/owl#ObjectProperty>
<http://hl7.org/fhir/ResearchStudy.protocol>	<http://www.w3.org/2002/07/owl#ObjectProperty>
<http://hl7.org/fhir/ResearchStudy.reasonStopped>	<http://www.w3.org/2002/07/owl#ObjectProperty>
<http://hl7.org/fhir/ResearchStudy.relatedArtifact>	<http://www.w3.org/2002/07/owl#ObjectProperty>
<http://hl7.org/fhir/ResearchStudy.site>	<http://www.w3.org/2002/07/owl#ObjectProperty>
<http://hl7.org/fhir/ResearchStudy.sponsor>	<http://www.w3.org/2002/07/owl#ObjectProperty>
<http://hl7.org/fhir/ResearchStudy.status>	<http://www.w3.org/2002/07/owl#ObjectProperty>
<http://hl7.org/fhir/ResearchStudy.title>	<http://www.w3.org/2002/07/owl#ObjectProperty>
<http://hl7.org/fhir/ResearchStudyArmComponent>	<http://www.w3.org/2002/07/owl#Class>
<http://hl7.org/fhir/ResearchSubject>	<http://www.w3.org/2002/07/owl#Class>
<http://hl7.org/fhir/ResearchSubject.actualArm>	<http://www.w3.org/2002/07/owl#ObjectProperty>
<http://hl7.org/fhir/ResearchSubject.assignedArm>	<http://www.w3.org/2002/07/owl#ObjectProperty>
<http://hl7.org/fhir/ResearchSubject.consent>	<http://www.w3.org/2002/07/owl#ObjectProperty>
<http://hl7.org/fhir/ResearchSubject.identifier>	<http://www.w3.org/2002/07/owl#ObjectProperty>
<http://hl7.org/fhir/ResearchSubject.individual>	<http://www.w3.org/2002/07/owl#ObjectProperty>
<http://hl7.org/fhir/ResearchSubject.period>	<http://www.w3.org/2002/07/owl#ObjectProperty>
<http://hl7.org/fhir/ResearchSubject.status>	<http://www.w3.org/2002/07/owl#ObjectProperty>
<http://hl7.org/fhir/ResearchSubject.study>	<http://www.w3.org/2002/07/owl#ObjectProperty>
<http://hl7.org/fhir/Resource>	<http://www.w3.org/2002/07/owl#Class>
<http://hl7.org/fhir/Resource.id>	<http://www.w3.org/2002/07/owl#ObjectProperty>
<http://hl7.org/fhir/Resource.implicitRules>	<http://www.w3.org/2002/07/owl#ObjectProperty>
<http://hl7.org/fhir/Resource.language>	<http://www.w3.org/2002/07/owl#ObjectProperty>
<http://hl7.org/fhir/Resource.meta>	<http://www.w3.org/2002/07/owl#ObjectProperty>
<http://hl7.org/fhir/ResourceInteractionComponent>	<http://www.w3.org/2002/07/owl#Class>
<http://hl7.org/fhir/RiskAssessment>	<http://www.w3.org/2002/07/owl#Class>
<http://hl7.org/fhir/RiskAssessment.basedOn>	<http://www.w3.org/2002/07/owl#ObjectProperty>
<http://hl7.org/fhir/RiskAssessment.basis>	<http://www.w3.org/2002/07/owl#ObjectProperty>
<http://hl7.org/fhir/RiskAssessment.code>	<http://www.w3.org/2002/07/owl#ObjectProperty>
<http://hl7.org/fhir/RiskAssessment.comment>	<http://www.w3.org/2002/07/owl#ObjectProperty>
<http://hl7.org/fhir/RiskAssessment.condition>	<http://www.w3.org/2002/07/owl#ObjectProperty>
<http://hl7.org/fhir/RiskAssessment.context>	<http://www.w3.org/2002/07/owl#ObjectProperty>
<http://hl7.org/fhir/RiskAssessment.identifier>	<http://www.w3.org/2002/07/owl#ObjectProperty>
<http://hl7.org/fhir/RiskAssessment.method>	<http://www.w3.org/2002/07/owl#ObjectProperty>
<http://hl7.org/fhir/RiskAssessment.mitigation>	<http://www.w3.org/2002/07/owl#ObjectProperty>
<http://hl7.org/fhir/RiskAssessment.occurrence>	<http://www.w3.org/2002/07/owl#ObjectProperty>
<http://hl7.org/fhir/RiskAssessment.occurrenceDateTime>	<http://www.w3.org/2002/07/owl#ObjectProperty>
<http://hl7.org/fhir/RiskAssessment.occurrencePeriod>	<http://www.w3.org/2002/07/owl#ObjectProperty>
<http://hl7.org/fhir/RiskAssessment.parent>	<http://www.w3.org/2002/07/owl#ObjectProperty>
<http://hl7.org/fhir/RiskAssessment.performer>	<http://www.w3.org/2002/07/owl#ObjectProperty>
<http://hl7.org/fhir/RiskAssessment.prediction>	<http://www.w3.org/2002/07/owl#ObjectProperty>
<http://hl7.org/fhir/RiskAssessment.prediction.outcome>	<http://www.w3.org/2002/07/owl#ObjectProperty>
<http://hl7.org/fhir/RiskAssessment.prediction.probability>	<http://www.w3.org/2002/07/owl#ObjectProperty>
<http://hl7.org/fhir/RiskAssessment.prediction.probabilityDecimal>	<http://www.w3.org/2002/07/owl#ObjectProperty>
<http://hl7.org/fhir/RiskAssessment.prediction.probabilityRange>	<http://www.w3.org/2002/07/owl#ObjectProperty>
<http://hl7.org/fhir/RiskAssessment.prediction.qualitativeRisk>	<http://www.w3.org/2002/07/owl#ObjectProperty>
<http://hl7.org/fhir/RiskAssessment.prediction.rationale>	<http://www.w3.org/2002/07/owl#ObjectProperty>
<http://hl7.org/fhir/RiskAssessment.prediction.relativeRisk>	<http://www.w3.org/2002/07/owl#ObjectProperty>
<http://hl7.org/fhir/RiskAssessment.prediction.when>	<http://www.w3.org/2002/07/owl#ObjectProperty>
<http://hl7.org/fhir/RiskAssessment.prediction.whenPeriod>	<http://www.w3.org/2002/07/owl#ObjectProperty>
<http://hl7.org/fhir/RiskAssessment.prediction.whenRange>	<http://www.w3.org/2002/07/owl#ObjectProperty>
<http://hl7.org/fhir/RiskAssessment.reason>	<http://www.w3.org/2002/07/owl#ObjectProperty>
<http://hl7.org/fhir/RiskAssessment.reasonCodeableConcept>	<http://www.w3.org/2002/07/owl#ObjectProperty>
<http://hl7.org/fhir/RiskAssessment.reasonReference>	<http://www.w3.org/2002/07/owl#ObjectProperty>
<http://hl7.org/fhir/RiskAssessment.status>	<http://www.w3.org/2002/07/owl#ObjectProperty>
<http://hl7.org/fhir/RiskAssessment.subject>	<http://www.w3.org/2002/07/owl#ObjectProperty>
<http://hl7.org/fhir/RiskAssessmentPredictionComponent>	<http://www.w3.org/2002/07/owl#Class>
<http://hl7.org/fhir/RuleParamComponent>	<http://www.w3.org/2002/07/owl#Class>
<http://hl7.org/fhir/RulesetRuleComponent>	<http://www.w3.org/2002/07/owl#Class>
<http://hl7.org/fhir/RulesetRuleParamComponent>	<http://www.w3.org/2002/07/owl#Class>
<http://hl7.org/fhir/SampledData>	<http://www.w3.org/2002/07/owl#Class>
<http://hl7.org/fhir/SampledData.data>	<http://www.w3.org/2002/07/owl#ObjectProperty>
<http://hl7.org/fhir/SampledData.dimensions>	<http://www.w3.org/2002/07/owl#ObjectProperty>
<http://hl7.org/fhir/SampledData.factor>	<http://www.w3.org/2002/07/owl#ObjectProperty>
<http://hl7.org/fhir/SampledData.lowerLimit>	<http://www.w3.org/2002/07/owl#ObjectProperty>
<http://hl7.org/fhir/SampledData.origin>	<http://www.w3.org/2002/07/owl#ObjectProperty>
<http://hl7.org/fhir/SampledData.period>	<http://www.w3.org/2002/07/owl#ObjectProperty>
<http://hl7.org/fhir/SampledData.upperLimit>	<http://www.w3.org/2002/07/owl#ObjectProperty>
<http://hl7.org/fhir/Schedule>	<http://www.w3.org/2002/07/owl#Class>
<http://hl7.org/fhir/Schedule.active>	<http://www.w3.org/2002/07/owl#ObjectProperty>
<http://hl7.org/fhir/Schedule.actor>	<http://www.w3.org/2002/07/owl#ObjectProperty>
<http://hl7.org/fhir/Schedule.comment>	<http://www.w3.org/2002/07/owl#ObjectProperty>
<http://hl7.org/fhir/Schedule.identifier>	<http://www.w3.org/2002/07/owl#ObjectProperty>
<http://hl7.org/fhir/Schedule.planningHorizon>	<http://www.w3.org/2002/07/owl#ObjectProperty>
<http://hl7.org/fhir/Schedule.serviceCategory>	<http://www.w3.org/2002/07/owl#ObjectProperty>
<http://hl7.org/fhir/Schedule.serviceType>	<http://www.w3.org/2002/07/owl#ObjectProperty>
<http://hl7.org/fhir/Schedule.specialty>	<http://www.w3.org/2002/07/owl#ObjectProperty>
<http://hl7.org/fhir/SearchParameter>	<http://www.w3.org/2002/07/owl#Class>
<http://hl7.org/fhir/SearchParameter.base>	<http://www.w3.org/2002/07/owl#ObjectProperty>
<http://hl7.org/fhir/SearchParameter.chain>	<http://www.w3.org/2002/07/owl#ObjectProperty>
<http://hl7.org/fhir/SearchParameter.code>	<http://www.w3.org/2002/07/owl#ObjectProperty>
<http://hl7.org/fhir/SearchParameter.comparator>	<http://www.w3.org/2002/07/owl#ObjectProperty>
<http://hl7.org/fhir/SearchParameter.component>	<http://www.w3.org/2002/07/owl#ObjectProperty>
<http://hl7.org/fhir/SearchParameter.component.definition>	<http://www.w3.org/2002/07/owl#ObjectProperty>
<http://hl7.org/fhir/SearchParameter.component.expression>	<http://www.w3.org/2002/07/owl#ObjectProperty>
<http://hl7.org/fhir/SearchParameter.contact>	<http://www.w3.org/2002/07/owl#ObjectProperty>
<http://hl7.org/fhir/SearchParameter.date>	<http://www.w3.org/2002/07/owl#ObjectProperty>
<http://hl7.org/fhir/SearchParameter.derivedFrom>	<http://www.w3.org/2002/07/owl#ObjectProperty>
<http://hl7.org/fhir/SearchParameter.description>	<http://www.w3.org/2002/07/owl#ObjectProperty>
<http://hl7.org/fhir/SearchParameter.experimental>	<http://www.w3.org/2002/07/owl#ObjectProperty>
<http://hl7.org/fhir/SearchParameter.expression>	<http://www.w3.org/2002/07/owl#ObjectProperty>
<http://hl7.org/fhir/SearchParameter.jurisdiction>	<http://www.w3.org/2002/07/owl#ObjectProperty>
<http://hl7.org/fhir/SearchParameter.modifier>	<http://www.w3.org/2002/07/owl#ObjectProperty>
<http://hl7.org/fhir/SearchParameter.name>	<http://www.w3.org/2002/07/owl#ObjectProperty>
<http://hl7.org/fhir/SearchParameter.publisher>	<http://www.w3.org/2002/07/owl#ObjectProperty>
<http://hl7.org/fhir/SearchParameter.purpose>	<http://www.w3.org/2002/07/owl#ObjectProperty>
<http://hl7.org/fhir/SearchParameter.status>	<http://www.w3.org/2002/07/owl#ObjectProperty>
<http://hl7.org/fhir/SearchParameter.target>	<http://www.w3.org/2002/07/owl#ObjectProperty>
<http://hl7.org/fhir/SearchParameter.type>	<http://www.w3.org/2002/07/owl#ObjectProperty>
<http://hl7.org/fhir/SearchParameter.url>	<http://www.w3.org/2002/07/owl#ObjectProperty>
<http://hl7.org/fhir/SearchParameter.useContext>	<http://www.w3.org/2002/07/owl#ObjectProperty>
<http://hl7.org/fhir/SearchParameter.version>	<http://www.w3.org/2002/07/owl#ObjectProperty>
<http://hl7.org/fhir/SearchParameter.xpath>	<http://www.w3.org/2002/07/owl#ObjectProperty>
<http://hl7.org/fhir/SearchParameter.xpathUsage>	<http://www.w3.org/2002/07/owl#ObjectProperty>
<http://hl7.org/fhir/SearchParameterComponentComponent>	<http://www.w3.org/2002/07/owl#Class>
<http://hl7.org/fhir/SectionComponent>	<http://www.w3.org/2002/07/owl#Class>
<http://hl7.org/fhir/Sequence>	<http://www.w3.org/2002/07/owl#Class>
<http://hl7.org/fhir/Sequence.coordinateSystem>	<http://www.w3.org/2002/07/owl#ObjectProperty>
<http://hl7.org/fhir/Sequence.device>	<http://www.w3.org/2002/07/owl#ObjectProperty>
<http://hl7.org/fhir/Sequence.identifier>	<http://www.w3.org/2002/07/owl#ObjectProperty>
<http://hl7.org/fhir/Sequence.observedSeq>	<http://www.w3.org/2002/07/owl#ObjectProperty>
<http://hl7.org/fhir/Sequence.patient>	<http://www.w3.org/2002/07/owl#ObjectProperty>
<http://hl7.org/fhir/Sequence.performer>	<http://www.w3.org/2002/07/owl#ObjectProperty>
<http://hl7.org/fhir/Sequence.pointer>	<http://www.w3.org/2002/07/owl#ObjectProperty>
<http://hl7.org/fhir/Sequence.quality>	<http://www.w3.org/2002/07/owl#ObjectProperty>
<http://hl7.org/fhir/Sequence.quality.end>	<http://www.w3.org/2002/07/owl#ObjectProperty>
<http://hl7.org/fhir/Sequence.quality.fScore>	<http://www.w3.org/2002/07/owl#ObjectProperty>
<http://hl7.org/fhir/Sequence.quality.gtFP>	<http://www.w3.org/2002/07/owl#ObjectProperty>
<http://hl7.org/fhir/Sequence.quality.method>	<http://www.w3.org/2002/07/owl#ObjectProperty>
<http://hl7.org/fhir/Sequence.quality.precision>	<http://www.w3.org/2002/07/owl#ObjectProperty>
<http://hl7.org/fhir/Sequence.quality.queryFP>	<http://www.w3.org/2002/07/owl#ObjectProperty>
<http://hl7.org/fhir/Sequence.quality.queryTP>	<http://www.w3.org/2002/07/owl#ObjectProperty>
<http://hl7.org/fhir/Sequence.quality.recall>	<http://www.w3.org/2002/07/owl#ObjectProperty>
<http://hl7.org/fhir/Sequence.quality.score>	<http://www.w3.org/2002/07/owl#ObjectProperty>
<http://hl7.org/fhir/Sequence.quality.standardSequence>	<http://www.w3.org/2002/07/owl#ObjectProperty>
<http://hl7.org/fhir/Sequence.quality.start>	<http://www.w3.org/2002/07/owl#ObjectProperty>
<http://hl7.org/fhir/Sequence.quality.truthFN>	<http://www.w3.org/2002/07/owl#ObjectProperty>
<http://hl7.org/fhir/Sequence.quality.truthTP>	<http://www.w3.org/2002/07/owl#ObjectProperty>
<http://hl7.org/fhir/Sequence.quality.type>	<http://www.w3.org/2002/07/owl#ObjectProperty>
<http://hl7.org/fhir/Sequence.quantity>	<http://www.w3.org/2002/07/owl#ObjectProperty>
<http://hl7.org/fhir/Sequence.readCoverage>	<http://www.w3.org/2002/07/owl#ObjectProperty>
<http://hl7.org/fhir/Sequence.referenceSeq>	<http://www.w3.org/2002/07/owl#ObjectProperty>
<http://hl7.org/fhir/Sequence.referenceSeq.chromosome>	<http://www.w3.org/2002/07/owl#ObjectProperty>
<http://hl7.org/fhir/Sequence.referenceSeq.genomeBuild>	<http://www.w3.org/2002/07/owl#ObjectProperty>
<http://hl7.org/fhir/Sequence.referenceSeq.referenceSeqId>	<http://www.w3.org/2002/07/owl#ObjectProperty>
<http://hl7.org/fhir/Sequence.referenceSeq.referenceSeqPointer>	<http://www.w3.org/2002/07/owl#ObjectProperty>
<http://hl7.org/fhir/Sequence.referenceSeq.referenceSeqString>	<http://www.w3.org/2002/07/owl#ObjectProperty>
<http://hl7.org/fhir/Sequence.referenceSeq.strand>	<http://www.w3.org/2002/07/owl#ObjectProperty>
<http://hl7.org/fhir/Sequence.referenceSeq.windowEnd>	<http://www.w3.org/2002/07/owl#ObjectProperty>
<http://hl7.org/fhir/Sequence.referenceSeq.windowStart>	<http://www.w3.org/2002/07/owl#ObjectProperty>
<http://hl7.org/fhir/Sequence.repository>	<http://www.w3.org/2002/07/owl#ObjectProperty>
<http://hl7.org/fhir/Sequence.repository.datasetId>	<http://www.w3.org/2002/07/owl#ObjectProperty>
<http://hl7.org/fhir/Sequence.repository.name>	<http://www.w3.org/2002/07/owl#ObjectProperty>
<http://hl7.org/fhir/Sequence.repository.readsetId>	<http://www.w3.org/2002/07/owl#ObjectProperty>
<http://hl7.org/fhir/Sequence.repository.type>	<http://www.w3.org/2002/07/owl#ObjectProperty>
<http://hl7.org/fhir/Sequence.repository.url>	<http://www.w3.org/2002/07/owl#ObjectProperty>
<http://hl7.org/fhir/Sequence.repository.variantsetId>	<http://www.w3.org/2002/07/owl#ObjectProperty>
<http://hl7.org/fhir/Sequence.specimen>	<http://www.w3.org/2002/07/owl#ObjectProperty>
<http://hl7.org/fhir/Sequence.type>	<http://www.w3.org/2002/07/owl#ObjectProperty>
<http://hl7.org/fhir/Sequence.variant>	<http://www.w3.org/2002/07/owl#ObjectProperty>
<http://hl7.org/fhir/Sequence.variant.cigar>	<http://www.w3.org/2002/07/owl#ObjectProperty>
<http://hl7.org/fhir/Sequence.variant.end>	<http://www.w3.org/2002/07/owl#ObjectProperty>
<http://hl7.org/fhir/Sequence.variant.observedAllele>	<http://www.w3.org/2002/07/owl#ObjectProperty>
<http://hl7.org/fhir/Sequence.variant.referenceAllele>	<http://www.w3.org/2002/07/owl#ObjectProperty>
<http://hl7.org/fhir/Sequence.variant.start>	<http://www.w3.org/2002/07/owl#ObjectProperty>
<http://hl7.org/fhir/Sequence.variant.variantPointer>	<http://www.w3.org/2002/07/owl#ObjectProperty>
<http://hl7.org/fhir/SequenceQualityComponent>	<http://www.w3.org/2002/07/owl#Class>
<http://hl7.org/fhir/SequenceReferenceSeqComponent>	<http://www.w3.org/2002/07/owl#Class>
<http://hl7.org/fhir/SequenceRepositoryComponent>	<http://www.w3.org/2002/07/owl#Class>
<http://hl7.org/fhir/SequenceVariantComponent>	<http://www.w3.org/2002/07/owl#Class>
<http://hl7.org/fhir/SeriesComponent>	<http://www.w3.org/2002/07/owl#Class>
<http://hl7.org/fhir/ServiceDefinition>	<http://www.w3.org/2002/07/owl#Class>
<http://hl7.org/fhir/ServiceDefinition.approvalDate>	<http://www.w3.org/2002/07/owl#ObjectProperty>
<http://hl7.org/fhir/ServiceDefinition.contact>	<http://www.w3.org/2002/07/owl#ObjectProperty>
<http://hl7.org/fhir/ServiceDefinition.contributor>	<http://www.w3.org/2002/07/owl#ObjectProperty>
<http://hl7.org/fhir/ServiceDefinition.copyright>	<http://www.w3.org/2002/07/owl#ObjectProperty>
<http://hl7.org/fhir/ServiceDefinition.dataRequirement>	<http://www.w3.org/2002/07/owl#ObjectProperty>
<http://hl7.org/fhir/ServiceDefinition.date>	<http://www.w3.org/2002/07/owl#ObjectProperty>
<http://hl7.org/fhir/ServiceDefinition.description>	<http://www.w3.org/2002/07/owl#ObjectProperty>
<http://hl7.org/fhir/ServiceDefinition.effectivePeriod>	<http://www.w3.org/2002/07/owl#ObjectProperty>
<http://hl7.org/fhir/ServiceDefinition.experimental>	<http://www.w3.org/2002/07/owl#ObjectProperty>
<http://hl7.org/fhir/ServiceDefinition.identifier>	<http://www.w3.org/2002/07/owl#ObjectProperty>
<http://hl7.org/fhir/ServiceDefinition.jurisdiction>	<http://www.w3.org/2002/07/owl#ObjectProperty>
<http://hl7.org/fhir/ServiceDefinition.lastReviewDate>	<http://www.w3.org/2002/07/owl#ObjectProperty>
<http://hl7.org/fhir/ServiceDefinition.name>	<http://www.w3.org/2002/07/owl#ObjectProperty>
<http://hl7.org/fhir/ServiceDefinition.operationDefinition>	<http://www.w3.org/2002/07/owl#ObjectProperty>
<http://hl7.org/fhir/ServiceDefinition.publisher>	<http://www.w3.org/2002/07/owl#ObjectProperty>
<http://hl7.org/fhir/ServiceDefinition.purpose>	<http://www.w3.org/2002/07/owl#ObjectProperty>
<http://hl7.org/fhir/ServiceDefinition.relatedArtifact>	<http://www.w3.org/2002/07/owl#ObjectProperty>
<http://hl7.org/fhir/ServiceDefinition.status>	<http://www.w3.org/2002/07/owl#ObjectProperty>
<http://hl7.org/fhir/ServiceDefinition.title>	<http://www.w3.org/2002/07/owl#ObjectProperty>
<http://hl7.org/fhir/ServiceDefinition.topic>	<http://www.w3.org/2002/07/owl#ObjectProperty>
<http://hl7.org/fhir/ServiceDefinition.trigger>	<http://www.w3.org/2002/07/owl#ObjectProperty>
<http://hl7.org/fhir/ServiceDefinition.url>	<http://www.w3.org/2002/07/owl#ObjectProperty>
<http://hl7.org/fhir/ServiceDefinition.usage>	<http://www.w3.org/2002/07/owl#ObjectProperty>
<http://hl7.org/fhir/ServiceDefinition.useContext>	<http://www.w3.org/2002/07/owl#ObjectProperty>
<http://hl7.org/fhir/ServiceDefinition.version>	<http://www.w3.org/2002/07/owl#ObjectProperty>
<http://hl7.org/fhir/SetupActionAssertComponent>	<http://www.w3.org/2002/07/owl#Class>
<http://hl7.org/fhir/SetupActionComponent>	<http://www.w3.org/2002/07/owl#Class>
<http://hl7.org/fhir/SetupActionOperationComponent>	<http://www.w3.org/2002/07/owl#Class>
<http://hl7.org/fhir/SetupActionOperationRequestHeaderComponent>	<http://www.w3.org/2002/07/owl#Class>
<http://hl7.org/fhir/SignatoryComponent>	<http://www.w3.org/2002/07/owl#Class>
<http://hl7.org/fhir/Signature>	<http://www.w3.org/2002/07/owl#Class>
<http://hl7.org/fhir/Signature.blob>	<http://www.w3.org/2002/07/owl#ObjectProperty>
<http://hl7.org/fhir/Signature.contentType>	<http://www.w3.org/2002/07/owl#ObjectProperty>
<http://hl7.org/fhir/Signature.onBehalfOf>	<http://www.w3.org/2002/07/owl#ObjectProperty>
<http://hl7.org/fhir/Signature.onBehalfOfReference>	<http://www.w3.org/2002/07/owl#ObjectProperty>
<http://hl7.org/fhir/Signature.onBehalfOfUri>	<http://www.w3.org/2002/07/owl#ObjectProperty>
<http://hl7.org/fhir/Signature.type>	<http://www.w3.org/2002/07/owl#ObjectProperty>
<http://hl7.org/fhir/Signature.when>	<http://www.w3.org/2002/07/owl#ObjectProperty>
<http://hl7.org/fhir/Signature.who>	<http://www.w3.org/2002/07/owl#ObjectProperty>
<http://hl7.org/fhir/Signature.whoReference>	<http://www.w3.org/2002/07/owl#ObjectProperty>
<http://hl7.org/fhir/Signature.whoUri>	<http://www.w3.org/2002/07/owl#ObjectProperty>
<http://hl7.org/fhir/SimpleQuantity>	<http://www.w3.org/2002/07/owl#Class>
<http://hl7.org/fhir/Slot>	<http://www.w3.org/2002/07/owl#Class>
<http://hl7.org/fhir/Slot.appointmentType>	<http://www.w3.org/2002/07/owl#ObjectProperty>
<http://hl7.org/fhir/Slot.comment>	<http://www.w3.org/2002/07/owl#ObjectProperty>
<http://hl7.org/fhir/Slot.end>	<http://www.w3.org/2002/07/owl#ObjectProperty>
<http://hl7.org/fhir/Slot.identifier>	<http://www.w3.org/2002/07/owl#ObjectProperty>
<http://hl7.org/fhir/Slot.overbooked>	<http://www.w3.org/2002/07/owl#ObjectProperty>
<http://hl7.org/fhir/Slot.schedule>	<http://www.w3.org/2002/07/owl#ObjectProperty>
<http://hl7.org/fhir/Slot.serviceCategory>	<http://www.w3.org/2002/07/owl#ObjectProperty>
<http://hl7.org/fhir/Slot.serviceType>	<http://www.w3.org/2002/07/owl#ObjectProperty>
<http://hl7.org/fhir/Slot.specialty>	<http://www.w3.org/2002/07/owl#ObjectProperty>
<http://hl7.org/fhir/Slot.start>	<http://www.w3.org/2002/07/owl#ObjectProperty>
<http://hl7.org/fhir/Slot.status>	<http://www.w3.org/2002/07/owl#ObjectProperty>
<http://hl7.org/fhir/SourceElementComponent>	<http://www.w3.org/2002/07/owl#Class>
<http://hl7.org/fhir/SpecialConditionComponent>	<http://www.w3.org/2002/07/owl#Class>
<http://hl7.org/fhir/Specimen>	<http://www.w3.org/2002/07/owl#Class>
<http://hl7.org/fhir/Specimen.accessionIdentifier>	<http://www.w3.org/2002/07/owl#ObjectProperty>
<http://hl7.org/fhir/Specimen.collection>	<http://www.w3.org/2002/07/owl#ObjectProperty>
<http://hl7.org/fhir/Specimen.collection.bodySite>	<http://www.w3.org/2002/07/owl#ObjectProperty>
<http://hl7.org/fhir/Specimen.collection.collected>	<http://www.w3.org/2002/07/owl#ObjectProperty>
<http://hl7.org/fhir/Specimen.collection.collectedDateTime>	<http://www.w3.org/2002/07/owl#ObjectProperty>
<http://hl7.org/fhir/Specimen.collection.collectedPeriod>	<http://www.w3.org/2002/07/owl#ObjectProperty>
<http://hl7.org/fhir/Specimen.collection.collector>	<http://www.w3.org/2002/07/owl#ObjectProperty>
<http://hl7.org/fhir/Specimen.collection.method>	<http://www.w3.org/2002/07/owl#ObjectProperty>
<http://hl7.org/fhir/Specimen.collection.quantity>	<http://www.w3.org/2002/07/owl#ObjectProperty>
<http://hl7.org/fhir/Specimen.container>	<http://www.w3.org/2002/07/owl#ObjectProperty>
<http://hl7.org/fhir/Specimen.container.additive>	<http://www.w3.org/2002/07/owl#ObjectProperty>
<http://hl7.org/fhir/Specimen.container.additiveCodeableConcept>	<http://www.w3.org/2002/07/owl#ObjectProperty>
<http://hl7.org/fhir/Specimen.container.additiveReference>	<http://www.w3.org/2002/07/owl#ObjectProperty>
<http://hl7.org/fhir/Specimen.container.capacity>	<http://www.w3.org/2002/07/owl#ObjectProperty>
<http://hl7.org/fhir/Specimen.container.description>	<http://www.w3.org/2002/07/owl#ObjectProperty>
<http://hl7.org/fhir/Specimen.container.identifier>	<http://www.w3.org/2002/07/owl#ObjectProperty>
<http://hl7.org/fhir/Specimen.container.specimenQuantity>	<http://www.w3.org/2002/07/owl#ObjectProperty>
<http://hl7.org/fhir/Specimen.container.type>	<http://www.w3.org/2002/07/owl#ObjectProperty>
<http://hl7.org/fhir/Specimen.identifier>	<http://www.w3.org/2002/07/owl#ObjectProperty>
<http://hl7.org/fhir/Specimen.note>	<http://www.w3.org/2002/07/owl#ObjectProperty>
<http://hl7.org/fhir/Specimen.parent>	<http://www.w3.org/2002/07/owl#ObjectProperty>
<http://hl7.org/fhir/Specimen.processing>	<http://www.w3.org/2002/07/owl#ObjectProperty>
<http://hl7.org/fhir/Specimen.processing.additive>	<http://www.w3.org/2002/07/owl#ObjectProperty>
<http://hl7.org/fhir/Specimen.processing.description>	<http://www.w3.org/2002/07/owl#ObjectProperty>
<http://hl7.org/fhir/Specimen.processing.procedure>	<http://www.w3.org/2002/07/owl#ObjectProperty>
<http://hl7.org/fhir/Specimen.processing.time>	<http://www.w3.org/2002/07/owl#ObjectProperty>
<http://hl7.org/fhir/Specimen.processing.timeDateTime>	<http://www.w3.org/2002/07/owl#ObjectProperty>
<http://hl7.org/fhir/Specimen.processing.timePeriod>	<http://www.w3.org/2002/07/owl#ObjectProperty>
<http://hl7.org/fhir/Specimen.receivedTime>	<http://www.w3.org/2002/07/owl#ObjectProperty>
<http://hl7.org/fhir/Specimen.request>	<http://www.w3.org/2002/07/owl#ObjectProperty>
<http://hl7.org/fhir/Specimen.status>	<http://www.w3.org/2002/07/owl#ObjectProperty>
<http://hl7.org/fhir/Specimen.subject>	<http://www.w3.org/2002/07/owl#ObjectProperty>
<http://hl7.org/fhir/Specimen.type>	<http://www.w3.org/2002/07/owl#ObjectProperty>
<http://hl7.org/fhir/SpecimenCollectionComponent>	<http://www.w3.org/2002/07/owl#Class>
<http://hl7.org/fhir/SpecimenContainerComponent>	<http://www.w3.org/2002/07/owl#Class>
<http://hl7.org/fhir/SpecimenProcessingComponent>	<http://www.w3.org/2002/07/owl#Class>
<http://hl7.org/fhir/StatusHistoryComponent>	<http://www.w3.org/2002/07/owl#Class>
<http://hl7.org/fhir/StratifierGroupComponent>	<http://www.w3.org/2002/07/owl#Class>
<http://hl7.org/fhir/StratifierGroupPopulationComponent>	<http://www.w3.org/2002/07/owl#Class>
<http://hl7.org/fhir/StructureDefinition>	<http://www.w3.org/2002/07/owl#Class>
<http://hl7.org/fhir/StructureDefinition.abstract>	<http://www.w3.org/2002/07/owl#ObjectProperty>
<http://hl7.org/fhir/StructureDefinition.baseDefinition>	<http://www.w3.org/2002/07/owl#ObjectProperty>
<http://hl7.org/fhir/StructureDefinition.contact>	<http://www.w3.org/2002/07/owl#ObjectProperty>
<http://hl7.org/fhir/StructureDefinition.context>	<http://www.w3.org/2002/07/owl#ObjectProperty>
<http://hl7.org/fhir/StructureDefinition.contextInvariant>	<http://www.w3.org/2002/07/owl#ObjectProperty>
<http://hl7.org/fhir/StructureDefinition.contextType>	<http://www.w3.org/2002/07/owl#ObjectProperty>
<http://hl7.org/fhir/StructureDefinition.copyright>	<http://www.w3.org/2002/07/owl#ObjectProperty>
<http://hl7.org/fhir/StructureDefinition.date>	<http://www.w3.org/2002/07/owl#ObjectProperty>
<http://hl7.org/fhir/StructureDefinition.derivation>	<http://www.w3.org/2002/07/owl#ObjectProperty>
<http://hl7.org/fhir/StructureDefinition.description>	<http://www.w3.org/2002/07/owl#ObjectProperty>
<http://hl7.org/fhir/StructureDefinition.differential>	<http://www.w3.org/2002/07/owl#ObjectProperty>
<http://hl7.org/fhir/StructureDefinition.differential.element>	<http://www.w3.org/2002/07/owl#ObjectProperty>
<http://hl7.org/fhir/StructureDefinition.experimental>	<http://www.w3.org/2002/07/owl#ObjectProperty>
<http://hl7.org/fhir/StructureDefinition.fhirVersion>	<http://www.w3.org/2002/07/owl#ObjectProperty>
<http://hl7.org/fhir/StructureDefinition.identifier>	<http://www.w3.org/2002/07/owl#ObjectProperty>
<http://hl7.org/fhir/StructureDefinition.jurisdiction>	<http://www.w3.org/2002/07/owl#ObjectProperty>
<http://hl7.org/fhir/StructureDefinition.keyword>	<http://www.w3.org/2002/07/owl#ObjectProperty>
<http://hl7.org/fhir/StructureDefinition.kind>	<http://www.w3.org/2002/07/owl#ObjectProperty>
<http://hl7.org/fhir/StructureDefinition.mapping>	<http://www.w3.org/2002/07/owl#ObjectProperty>
<http://hl7.org/fhir/StructureDefinition.mapping.comment>	<http://www.w3.org/2002/07/owl#ObjectProperty>
<http://hl7.org/fhir/StructureDefinition.mapping.identity>	<http://www.w3.org/2002/07/owl#ObjectProperty>
<http://hl7.org/fhir/StructureDefinition.mapping.name>	<http://www.w3.org/2002/07/owl#ObjectProperty>
<http://hl7.org/fhir/StructureDefinition.mapping.uri>	<http://www.w3.org/2002/07/owl#ObjectProperty>
<http://hl7.org/fhir/StructureDefinition.name>	<http://www.w3.org/2002/07/owl#ObjectProperty>
<http://hl7.org/fhir/StructureDefinition.publisher>	<http://www.w3.org/2002/07/owl#ObjectProperty>
<http://hl7.org/fhir/StructureDefinition.purpose>	<http://www.w3.org/2002/07/owl#ObjectProperty>
<http://hl7.org/fhir/StructureDefinition.snapshot>	<http://www.w3.org/2002/07/owl#ObjectProperty>
<http://hl7.org/fhir/StructureDefinition.snapshot.element>	<http://www.w3.org/2002/07/owl#ObjectProperty>
<http://hl7.org/fhir/StructureDefinition.status>	<http://www.w3.org/2002/07/owl#ObjectProperty>
<http://hl7.org/fhir/StructureDefinition.title>	<http://www.w3.org/2002/07/owl#ObjectProperty>
<http://hl7.org/fhir/StructureDefinition.type>	<http://www.w3.org/2002/07/owl#ObjectProperty>
<http://hl7.org/fhir/StructureDefinition.url>	<http://www.w3.org/2002/07/owl#ObjectProperty>
<http://hl7.org/fhir/StructureDefinition.useContext>	<http://www.w3.org/2002/07/owl#ObjectProperty>
<http://hl7.org/fhir/StructureDefinition.version>	<http://www.w3.org/2002/07/owl#ObjectProperty>
<http://hl7.org/fhir/StructureDefinitionDifferentialComponent>	<http://www.w3.org/2002/07/owl#Class>
<http://hl7.org/fhir/StructureDefinitionMappingComponent>	<http://www.w3.org/2002/07/owl#Class>
<http://hl7.org/fhir/StructureDefinitionSnapshotComponent>	<http://www.w3.org/2002/07/owl#Class>
<http://hl7.org/fhir/StructureMap>	<http://www.w3.org/2002/07/owl#Class>
<http://hl7.org/fhir/StructureMap.contact>	<http://www.w3.org/2002/07/owl#ObjectProperty>
<http://hl7.org/fhir/StructureMap.copyright>	<http://www.w3.org/2002/07/owl#ObjectProperty>
<http://hl7.org/fhir/StructureMap.date>	<http://www.w3.org/2002/07/owl#ObjectProperty>
<http://hl7.org/fhir/StructureMap.description>	<http://www.w3.org/2002/07/owl#ObjectProperty>
<http://hl7.org/fhir/StructureMap.experimental>	<http://www.w3.org/2002/07/owl#ObjectProperty>
<http://hl7.org/fhir/StructureMap.group>	<http://www.w3.org/2002/07/owl#ObjectProperty>
<http://hl7.org/fhir/StructureMap.group.documentation>	<http://www.w3.org/2002/07/owl#ObjectProperty>
<http://hl7.org/fhir/StructureMap.group.extends>	<http://www.w3.org/2002/07/owl#ObjectProperty>
<http://hl7.org/fhir/StructureMap.group.input>	<http://www.w3.org/2002/07/owl#ObjectProperty>
<http://hl7.org/fhir/StructureMap.group.input.documentation>	<http://www.w3.org/2002/07/owl#ObjectProperty>
<http://hl7.org/fhir/StructureMap.group.input.mode>	<http://www.w3.org/2002/07/owl#ObjectProperty>
<http://hl7.org/fhir/StructureMap.group.input.name>	<http://www.w3.org/2002/07/owl#ObjectProperty>
<http://hl7.org/fhir/StructureMap.group.input.type>	<http://www.w3.org/2002/07/owl#ObjectProperty>
<http://hl7.org/fhir/StructureMap.group.name>	<http://www.w3.org/2002/07/owl#ObjectProperty>
<http://hl7.org/fhir/StructureMap.group.rule>	<http://www.w3.org/2002/07/owl#ObjectProperty>
<http://hl7.org/fhir/StructureMap.group.rule.dependent>	<http://www.w3.org/2002/07/owl#ObjectProperty>
<http://hl7.org/fhir/StructureMap.group.rule.dependent.name>	<http://www.w3.org/2002/07/owl#ObjectProperty>
<http://hl7.org/fhir/StructureMap.group.rule.dependent.variable>	<http://www.w3.org/2002/07/owl#ObjectProperty>
<http://hl7.org/fhir/StructureMap.group.rule.documentation>	<http://www.w3.org/2002/07/owl#ObjectProperty>
<http://hl7.org/fhir/StructureMap.group.rule.name>	<http://www.w3.org/2002/07/owl#ObjectProperty>
<http://hl7.org/fhir/StructureMap.group.rule.rule>	<http://www.w3.org/2002/07/owl#ObjectProperty>
<http://hl7.org/fhir/StructureMap.group.rule.source>	<http://www.w3.org/2002/07/owl#ObjectProperty>
<http://hl7.org/fhir/StructureMap.group.rule.source.check>	<http://www.w3.org/2002/07/owl#ObjectProperty>
<http://hl7.org/fhir/StructureMap.group.rule.source.condition>	<http://www.w3.org/2002/07/owl#ObjectProperty>
<http://hl7.org/fhir/StructureMap.group.rule.source.context>	<http://www.w3.org/2002/07/owl#ObjectProperty>
<http://hl7.org/fhir/StructureMap.group.rule.source.defaultValue>	<http://www.w3.org/2002/07/owl#ObjectProperty>
<http://hl7.org/fhir/StructureMap.group.rule.source.element>	<http://www.w3.org/2002/07/owl#ObjectProperty>
<http://hl7.org/fhir/StructureMap.group.rule.source.listMode>	<http://www.w3.org/2002/07/owl#ObjectProperty>
<http://hl7.org/fhir/StructureMap.group.rule.source.max>	<http://www.w3.org/2002/07/owl#ObjectProperty>
<http://hl7.org/fhir/StructureMap.group.rule.source.min>	<http://www.w3.org/2002/07/owl#ObjectProperty>
<http://hl7.org/fhir/StructureMap.group.rule.source.type>	<http://www.w3.org/2002/07/owl#ObjectProperty>
<http://hl7.org/fhir/StructureMap.group.rule.source.variable>	<http://www.w3.org/2002/07/owl#ObjectProperty>
<http://hl7.org/fhir/StructureMap.group.rule.target>	<http://www.w3.org/2002/07/owl#ObjectProperty>
<http://hl7.org/fhir/StructureMap.group.rule.target.context>	<http://www.w3.org/2002/07/owl#ObjectProperty>
<http://hl7.org/fhir/StructureMap.group.rule.target.contextType>	<http://www.w3.org/2002/07/owl#ObjectProperty>
<http://hl7.org/fhir/StructureMap.group.rule.target.element>	<http://www.w3.org/2002/07/owl#ObjectProperty>
<http://hl7.org/fhir/StructureMap.group.rule.target.listMode>	<http://www.w3.org/2002/07/owl#ObjectProperty>
<http://hl7.org/fhir/StructureMap.group.rule.target.listRuleId>	<http://www.w3.org/2002/07/owl#ObjectProperty>
<http://hl7.org/fhir/StructureMap.group.rule.target.parameter>	<http://www.w3.org/2002/07/owl#ObjectProperty>
<http://hl7.org/fhir/StructureMap.group.rule.target.parameter.value>	<http://www.w3.org/2002/07/owl#ObjectProperty>
<http://hl7.org/fhir/StructureMap.group.rule.target.parameter.valueBoolean>	<http://www.w3.org/2002/07/owl#ObjectProperty>
<http://hl7.org/fhir/StructureMap.group.rule.target.parameter.valueDecimal>	<http://www.w3.org/2002/07/owl#ObjectProperty>
<http://hl7.org/fhir/StructureMap.group.rule.target.parameter.valueId>	<http://www.w3.org/2002/07/owl#ObjectProperty>
<http://hl7.org/fhir/StructureMap.group.rule.target.parameter.valueInteger>	<http://www.w3.org/2002/07/owl#ObjectProperty>
<http://hl7.org/fhir/StructureMap.group.rule.target.parameter.valueString>	<http://www.w3.org/2002/07/owl#ObjectProperty>
<http://hl7.org/fhir/StructureMap.group.rule.target.transform>	<http://www.w3.org/2002/07/owl#ObjectProperty>
<http://hl7.org/fhir/StructureMap.group.rule.target.variable>	<http://www.w3.org/2002/07/owl#ObjectProperty>
<http://hl7.org/fhir/StructureMap.group.typeMode>	<http://www.w3.org/2002/07/owl#ObjectProperty>
<http://hl7.org/fhir/StructureMap.identifier>	<http://www.w3.org/2002/07/owl#ObjectProperty>
<http://hl7.org/fhir/StructureMap.import>	<http://www.w3.org/2002/07/owl#ObjectProperty>
<http://hl7.org/fhir/StructureMap.jurisdiction>	<http://www.w3.org/2002/07/owl#ObjectProperty>
<http://hl7.org/fhir/StructureMap.name>	<http://www.w3.org/2002/07/owl#ObjectProperty>
<http://hl7.org/fhir/StructureMap.publisher>	<http://www.w3.org/2002/07/owl#ObjectProperty>
<http://hl7.org/fhir/StructureMap.purpose>	<http://www.w3.org/2002/07/owl#ObjectProperty>
<http://hl7.org/fhir/StructureMap.status>	<http://www.w3.org/2002/07/owl#ObjectProperty>
<http://hl7.org/fhir/StructureMap.structure>	<http://www.w3.org/2002/07/owl#ObjectProperty>
<http://hl7.org/fhir/StructureMap.structure.alias>	<http://www.w3.org/2002/07/owl#ObjectProperty>
<http://hl7.org/fhir/StructureMap.structure.documentation>	<http://www.w3.org/2002/07/owl#ObjectProperty>
<http://hl7.org/fhir/StructureMap.structure.mode>	<http://www.w3.org/2002/07/owl#ObjectProperty>
<http://hl7.org/fhir/StructureMap.structure.url>	<http://www.w3.org/2002/07/owl#ObjectProperty>
<http://hl7.org/fhir/StructureMap.title>	<http://www.w3.org/2002/07/owl#ObjectProperty>
<http://hl7.org/fhir/StructureMap.url>	<http://www.w3.org/2002/07/owl#ObjectProperty>
<http://hl7.org/fhir/StructureMap.useContext>	<http://www.w3.org/2002/07/owl#ObjectProperty>
<http://hl7.org/fhir/StructureMap.version>	<http://www.w3.org/2002/07/owl#ObjectProperty>
<http://hl7.org/fhir/StructureMapGroupComponent>	<http://www.w3.org/2002/07/owl#Class>
<http://hl7.org/fhir/StructureMapGroupInputComponent>	<http://www.w3.org/2002/07/owl#Class>
<http://hl7.org/fhir/StructureMapGroupRuleComponent>	<http://www.w3.org/2002/07/owl#Class>
<http://hl7.org/fhir/StructureMapGroupRuleDependentComponent>	<http://www.w3.org/2002/07/owl#Class>
<http://hl7.org/fhir/StructureMapGroupRuleSourceComponent>	<http://www.w3.org/2002/07/owl#Class>
<http://hl7.org/fhir/StructureMapGroupRuleTargetComponent>	<http://www.w3.org/2002/07/owl#Class>
<http://hl7.org/fhir/StructureMapGroupRuleTargetParameterComponent>	<http://www.w3.org/2002/07/owl#Class>
<http://hl7.org/fhir/StructureMapStructureComponent>	<http://www.w3.org/2002/07/owl#Class>
<http://hl7.org/fhir/StudyComponent>	<http://www.w3.org/2002/07/owl#Class>
<http://hl7.org/fhir/SubDetailComponent>	<http://www.w3.org/2002/07/owl#Class>
<http://hl7.org/fhir/Subscription>	<http://www.w3.org/2002/07/owl#Class>
<http://hl7.org/fhir/Subscription.channel>	<http://www.w3.org/2002/07/owl#ObjectProperty>
<http://hl7.org/fhir/Subscription.channel.endpoint>	<http://www.w3.org/2002/07/owl#ObjectProperty>
<http://hl7.org/fhir/Subscription.channel.header>	<http://www.w3.org/2002/07/owl#ObjectProperty>
<http://hl7.org/fhir/Subscription.channel.payload>	<http://www.w3.org/2002/07/owl#ObjectProperty>
<http://hl7.org/fhir/Subscription.channel.type>	<http://www.w3.org/2002/07/owl#ObjectProperty>
<http://hl7.org/fhir/Subscription.contact>	<http://www.w3.org/2002/07/owl#ObjectProperty>
<http://hl7.org/fhir/Subscription.criteria>	<http://www.w3.org/2002/07/owl#ObjectProperty>
<http://hl7.org/fhir/Subscription.end>	<http://www.w3.org/2002/07/owl#ObjectProperty>
<http://hl7.org/fhir/Subscription.error>	<http://www.w3.org/2002/07/owl#ObjectProperty>
<http://hl7.org/fhir/Subscription.reason>	<http://www.w3.org/2002/07/owl#ObjectProperty>
<http://hl7.org/fhir/Subscription.status>	<http://www.w3.org/2002/07/owl#ObjectProperty>
<http://hl7.org/fhir/Subscription.tag>	<http://www.w3.org/2002/07/owl#ObjectProperty>
<http://hl7.org/fhir/SubscriptionChannelComponent>	<http://www.w3.org/2002/07/owl#Class>
<http://hl7.org/fhir/Substance>	<http://www.w3.org/2002/07/owl#Class>
<http://hl7.org/fhir/Substance.category>	<http://www.w3.org/2002/07/owl#ObjectProperty>
<http://hl7.org/fhir/Substance.code>	<http://www.w3.org/2002/07/owl#ObjectProperty>
<http://hl7.org/fhir/Substance.description>	<http://www.w3.org/2002/07/owl#ObjectProperty>
<http://hl7.org/fhir/Substance.identifier>	<http://www.w3.org/2002/07/owl#ObjectProperty>
<http://hl7.org/fhir/Substance.ingredient>	<http://www.w3.org/2002/07/owl#ObjectProperty>
<http://hl7.org/fhir/Substance.ingredient.quantity>	<http://www.w3.org/2002/07/owl#ObjectProperty>
<http://hl7.org/fhir/Substance.ingredient.substance>	<http://www.w3.org/2002/07/owl#ObjectProperty>
<http://hl7.org/fhir/Substance.ingredient.substanceCodeableConcept>	<http://www.w3.org/2002/07/owl#ObjectProperty>
<http://hl7.org/fhir/Substance.ingredient.substanceReference>	<http://www.w3.org/2002/07/owl#ObjectProperty>
<http://hl7.org/fhir/Substance.instance>	<http://www.w3.org/2002/07/owl#ObjectProperty>
<http://hl7.org/fhir/Substance.instance.expiry>	<http://www.w3.org/2002/07/owl#ObjectProperty>
<http://hl7.org/fhir/Substance.instance.identifier>	<http://www.w3.org/2002/07/owl#ObjectProperty>
<http://hl7.org/fhir/Substance.instance.quantity>	<http://www.w3.org/2002/07/owl#ObjectProperty>
<http://hl7.org/fhir/Substance.status>	<http://www.w3.org/2002/07/owl#ObjectProperty>
<http://hl7.org/fhir/SubstanceIngredientComponent>	<http://www.w3.org/2002/07/owl#Class>
<http://hl7.org/fhir/SubstanceInstanceComponent>	<http://www.w3.org/2002/07/owl#Class>
<http://hl7.org/fhir/SupplyDelivery>	<http://www.w3.org/2002/07/owl#Class>
<http://hl7.org/fhir/SupplyDelivery.basedOn>	<http://www.w3.org/2002/07/owl#ObjectProperty>
<http://hl7.org/fhir/SupplyDelivery.destination>	<http://www.w3.org/2002/07/owl#ObjectProperty>
<http://hl7.org/fhir/SupplyDelivery.identifier>	<http://www.w3.org/2002/07/owl#ObjectProperty>
<http://hl7.org/fhir/SupplyDelivery.occurrence>	<http://www.w3.org/2002/07/owl#ObjectProperty>
<http://hl7.org/fhir/SupplyDelivery.occurrenceDateTime>	<http://www.w3.org/2002/07/owl#ObjectProperty>
<http://hl7.org/fhir/SupplyDelivery.occurrencePeriod>	<http://www.w3.org/2002/07/owl#ObjectProperty>
<http://hl7.org/fhir/SupplyDelivery.occurrenceTiming>	<http://www.w3.org/2002/07/owl#ObjectProperty>
<http://hl7.org/fhir/SupplyDelivery.partOf>	<http://www.w3.org/2002/07/owl#ObjectProperty>
<http://hl7.org/fhir/SupplyDelivery.patient>	<http://www.w3.org/2002/07/owl#ObjectProperty>
<http://hl7.org/fhir/SupplyDelivery.receiver>	<http://www.w3.org/2002/07/owl#ObjectProperty>
<http://hl7.org/fhir/SupplyDelivery.status>	<http://www.w3.org/2002/07/owl#ObjectProperty>
<http://hl7.org/fhir/SupplyDelivery.suppliedItem>	<http://www.w3.org/2002/07/owl#ObjectProperty>
<http://hl7.org/fhir/SupplyDelivery.suppliedItem.item>	<http://www.w3.org/2002/07/owl#ObjectProperty>
<http://hl7.org/fhir/SupplyDelivery.suppliedItem.itemCodeableConcept>	<http://www.w3.org/2002/07/owl#ObjectProperty>
<http://hl7.org/fhir/SupplyDelivery.suppliedItem.itemReference>	<http://www.w3.org/2002/07/owl#ObjectProperty>
<http://hl7.org/fhir/SupplyDelivery.suppliedItem.quantity>	<http://www.w3.org/2002/07/owl#ObjectProperty>
<http://hl7.org/fhir/SupplyDelivery.supplier>	<http://www.w3.org/2002/07/owl#ObjectProperty>
<http://hl7.org/fhir/SupplyDelivery.type>	<http://www.w3.org/2002/07/owl#ObjectProperty>
<http://hl7.org/fhir/SupplyDeliverySuppliedItemComponent>	<http://www.w3.org/2002/07/owl#Class>
<http://hl7.org/fhir/SupplyRequest>	<http://www.w3.org/2002/07/owl#Class>
<http://hl7.org/fhir/SupplyRequest.authoredOn>	<http://www.w3.org/2002/07/owl#ObjectProperty>
<http://hl7.org/fhir/SupplyRequest.category>	<http://www.w3.org/2002/07/owl#ObjectProperty>
<http://hl7.org/fhir/SupplyRequest.deliverFrom>	<http://www.w3.org/2002/07/owl#ObjectProperty>
<http://hl7.org/fhir/SupplyRequest.deliverTo>	<http://www.w3.org/2002/07/owl#ObjectProperty>
<http://hl7.org/fhir/SupplyRequest.identifier>	<http://www.w3.org/2002/07/owl#ObjectProperty>
<http://hl7.org/fhir/SupplyRequest.occurrence>	<http://www.w3.org/2002/07/owl#ObjectProperty>
<http://hl7.org/fhir/SupplyRequest.occurrenceDateTime>	<http://www.w3.org/2002/07/owl#ObjectProperty>
<http://hl7.org/fhir/SupplyRequest.occurrencePeriod>	<http://www.w3.org/2002/07/owl#ObjectProperty>
<http://hl7.org/fhir/SupplyRequest.occurrenceTiming>	<http://www.w3.org/2002/07/owl#ObjectProperty>
<http://hl7.org/fhir/SupplyRequest.orderedItem>	<http://www.w3.org/2002/07/owl#ObjectProperty>
<http://hl7.org/fhir/SupplyRequest.orderedItem.item>	<http://www.w3.org/2002/07/owl#ObjectProperty>
<http://hl7.org/fhir/SupplyRequest.orderedItem.itemCodeableConcept>	<http://www.w3.org/2002/07/owl#ObjectProperty>
<http://hl7.org/fhir/SupplyRequest.orderedItem.itemReference>	<http://www.w3.org/2002/07/owl#ObjectProperty>
<http://hl7.org/fhir/SupplyRequest.orderedItem.quantity>	<http://www.w3.org/2002/07/owl#ObjectProperty>
<http://hl7.org/fhir/SupplyRequest.priority>	<http://www.w3.org/2002/07/owl#ObjectProperty>
<http://hl7.org/fhir/SupplyRequest.reason>	<http://www.w3.org/2002/07/owl#ObjectProperty>
<http://hl7.org/fhir/SupplyRequest.reasonCodeableConcept>	<http://www.w3.org/2002/07/owl#ObjectProperty>
<http://hl7.org/fhir/SupplyRequest.reasonReference>	<http://www.w3.org/2002/07/owl#ObjectProperty>
<http://hl7.org/fhir/SupplyRequest.requester>	<http://www.w3.org/2002/07/owl#ObjectProperty>
<http://hl7.org/fhir/SupplyRequest.requester.agent>	<http://www.w3.org/2002/07/owl#ObjectProperty>
<http://hl7.org/fhir/SupplyRequest.requester.onBehalfOf>	<http://www.w3.org/2002/07/owl#ObjectProperty>
<http://hl7.org/fhir/SupplyRequest.status>	<http://www.w3.org/2002/07/owl#ObjectProperty>
<http://hl7.org/fhir/SupplyRequest.supplier>	<http://www.w3.org/2002/07/owl#ObjectProperty>
<http://hl7.org/fhir/SupplyRequestOrderedItemComponent>	<http://www.w3.org/2002/07/owl#Class>
<http://hl7.org/fhir/SupplyRequestRequesterComponent>	<http://www.w3.org/2002/07/owl#Class>
<http://hl7.org/fhir/SupportingInformationComponent>	<http://www.w3.org/2002/07/owl#Class>
<http://hl7.org/fhir/SystemInteractionComponent>	<http://www.w3.org/2002/07/owl#Class>
<http://hl7.org/fhir/TargetElementComponent>	<http://www.w3.org/2002/07/owl#Class>
<http://hl7.org/fhir/Task>	<http://www.w3.org/2002/07/owl#Class>
<http://hl7.org/fhir/Task.authoredOn>	<http://www.w3.org/2002/07/owl#ObjectProperty>
<http://hl7.org/fhir/Task.basedOn>	<http://www.w3.org/2002/07/owl#ObjectProperty>
<http://hl7.org/fhir/Task.businessStatus>	<http://www.w3.org/2002/07/owl#ObjectProperty>
<http://hl7.org/fhir/Task.code>	<http://www.w3.org/2002/07/owl#ObjectProperty>
<http://hl7.org/fhir/Task.context>	<http://www.w3.org/2002/07/owl#ObjectProperty>
<http://hl7.org/fhir/Task.definition>	<http://www.w3.org/2002/07/owl#ObjectProperty>
<http://hl7.org/fhir/Task.definitionReference>	<http://www.w3.org/2002/07/owl#ObjectProperty>
<http://hl7.org/fhir/Task.definitionUri>	<http://www.w3.org/2002/07/owl#ObjectProperty>
<http://hl7.org/fhir/Task.description>	<http://www.w3.org/2002/07/owl#ObjectProperty>
<http://hl7.org/fhir/Task.executionPeriod>	<http://www.w3.org/2002/07/owl#ObjectProperty>
<http://hl7.org/fhir/Task.focus>	<http://www.w3.org/2002/07/owl#ObjectProperty>
<http://hl7.org/fhir/Task.for>	<http://www.w3.org/2002/07/owl#ObjectProperty>
<http://hl7.org/fhir/Task.groupIdentifier>	<http://www.w3.org/2002/07/owl#ObjectProperty>
<http://hl7.org/fhir/Task.identifier>	<http://www.w3.org/2002/07/owl#ObjectProperty>
<http://hl7.org/fhir/Task.input>	<http://www.w3.org/2002/07/owl#ObjectProperty>
<http://hl7.org/fhir/Task.input.type>	<http://www.w3.org/2002/07/owl#ObjectProperty>
<http://hl7.org/fhir/Task.input.value>	<http://www.w3.org/2002/07/owl#ObjectProperty>
<http://hl7.org/fhir/Task.intent>	<http://www.w3.org/2002/07/owl#ObjectProperty>
<http://hl7.org/fhir/Task.lastModified>	<http://www.w3.org/2002/07/owl#ObjectProperty>
<http://hl7.org/fhir/Task.note>	<http://www.w3.org/2002/07/owl#ObjectProperty>
<http://hl7.org/fhir/Task.output>	<http://www.w3.org/2002/07/owl#ObjectProperty>
<http://hl7.org/fhir/Task.output.type>	<http://www.w3.org/2002/07/owl#ObjectProperty>
<http://hl7.org/fhir/Task.output.value>	<http://www.w3.org/2002/07/owl#ObjectProperty>
<http://hl7.org/fhir/Task.owner>	<http://www.w3.org/2002/07/owl#ObjectProperty>
<http://hl7.org/fhir/Task.partOf>	<http://www.w3.org/2002/07/owl#ObjectProperty>
<http://hl7.org/fhir/Task.performerType>	<http://www.w3.org/2002/07/owl#ObjectProperty>
<http://hl7.org/fhir/Task.priority>	<http://www.w3.org/2002/07/owl#ObjectProperty>
<http://hl7.org/fhir/Task.reason>	<http://www.w3.org/2002/07/owl#ObjectProperty>
<http://hl7.org/fhir/Task.relevantHistory>	<http://www.w3.org/2002/07/owl#ObjectProperty>
<http://hl7.org/fhir/Task.requester>	<http://www.w3.org/2002/07/owl#ObjectProperty>
<http://hl7.org/fhir/Task.requester.agent>	<http://www.w3.org/2002/07/owl#ObjectProperty>
<http://hl7.org/fhir/Task.requester.onBehalfOf>	<http://www.w3.org/2002/07/owl#ObjectProperty>
<http://hl7.org/fhir/Task.restriction>	<http://www.w3.org/2002/07/owl#ObjectProperty>
<http://hl7.org/fhir/Task.restriction.period>	<http://www.w3.org/2002/07/owl#ObjectProperty>
<http://hl7.org/fhir/Task.restriction.recipient>	<http://www.w3.org/2002/07/owl#ObjectProperty>
<http://hl7.org/fhir/Task.restriction.repetitions>	<http://www.w3.org/2002/07/owl#ObjectProperty>
<http://hl7.org/fhir/Task.status>	<http://www.w3.org/2002/07/owl#ObjectProperty>
<http://hl7.org/fhir/Task.statusReason>	<http://www.w3.org/2002/07/owl#ObjectProperty>
<http://hl7.org/fhir/TaskOutputComponent>	<http://www.w3.org/2002/07/owl#Class>
<http://hl7.org/fhir/TaskRequesterComponent>	<http://www.w3.org/2002/07/owl#Class>
<http://hl7.org/fhir/TaskRestrictionComponent>	<http://www.w3.org/2002/07/owl#Class>
<http://hl7.org/fhir/TeardownActionComponent>	<http://www.w3.org/2002/07/owl#Class>
<http://hl7.org/fhir/TermAgentComponent>	<http://www.w3.org/2002/07/owl#Class>
<http://hl7.org/fhir/TermComponent>	<http://www.w3.org/2002/07/owl#Class>
<http://hl7.org/fhir/TermValuedItemComponent>	<http://www.w3.org/2002/07/owl#Class>
<http://hl7.org/fhir/TestActionComponent>	<http://www.w3.org/2002/07/owl#Class>
<http://hl7.org/fhir/TestReport>	<http://www.w3.org/2002/07/owl#Class>
<http://hl7.org/fhir/TestReport.identifier>	<http://www.w3.org/2002/07/owl#ObjectProperty>
<http://hl7.org/fhir/TestReport.issued>	<http://www.w3.org/2002/07/owl#ObjectProperty>
<http://hl7.org/fhir/TestReport.name>	<http://www.w3.org/2002/07/owl#ObjectProperty>
<http://hl7.org/fhir/TestReport.participant>	<http://www.w3.org/2002/07/owl#ObjectProperty>
<http://hl7.org/fhir/TestReport.participant.display>	<http://www.w3.org/2002/07/owl#ObjectProperty>
<http://hl7.org/fhir/TestReport.participant.type>	<http://www.w3.org/2002/07/owl#ObjectProperty>
<http://hl7.org/fhir/TestReport.participant.uri>	<http://www.w3.org/2002/07/owl#ObjectProperty>
<http://hl7.org/fhir/TestReport.result>	<http://www.w3.org/2002/07/owl#ObjectProperty>
<http://hl7.org/fhir/TestReport.score>	<http://www.w3.org/2002/07/owl#ObjectProperty>
<http://hl7.org/fhir/TestReport.setup>	<http://www.w3.org/2002/07/owl#ObjectProperty>
<http://hl7.org/fhir/TestReport.setup.action>	<http://www.w3.org/2002/07/owl#ObjectProperty>
<http://hl7.org/fhir/TestReport.setup.action.assert>	<http://www.w3.org/2002/07/owl#ObjectProperty>
<http://hl7.org/fhir/TestReport.setup.action.assert.detail>	<http://www.w3.org/2002/07/owl#ObjectProperty>
<http://hl7.org/fhir/TestReport.setup.action.assert.message>	<http://www.w3.org/2002/07/owl#ObjectProperty>
<http://hl7.org/fhir/TestReport.setup.action.assert.result>	<http://www.w3.org/2002/07/owl#ObjectProperty>
<http://hl7.org/fhir/TestReport.setup.action.operation>	<http://www.w3.org/2002/07/owl#ObjectProperty>
<http://hl7.org/fhir/TestReport.setup.action.operation.detail>	<http://www.w3.org/2002/07/owl#ObjectProperty>
<http://hl7.org/fhir/TestReport.setup.action.operation.message>	<http://www.w3.org/2002/07/owl#ObjectProperty>
<http://hl7.org/fhir/TestReport.setup.action.operation.result>	<http://www.w3.org/2002/07/owl#ObjectProperty>
<http://hl7.org/fhir/TestReport.status>	<http://www.w3.org/2002/07/owl#ObjectProperty>
<http://hl7.org/fhir/TestReport.teardown>	<http://www.w3.org/2002/07/owl#ObjectProperty>
<http://hl7.org/fhir/TestReport.teardown.action>	<http://www.w3.org/2002/07/owl#ObjectProperty>
<http://hl7.org/fhir/TestReport.teardown.action.operation>	<http://www.w3.org/2002/07/owl#ObjectProperty>
<http://hl7.org/fhir/TestReport.test>	<http://www.w3.org/2002/07/owl#ObjectProperty>
<http://hl7.org/fhir/TestReport.test.action>	<http://www.w3.org/2002/07/owl#ObjectProperty>
<http://hl7.org/fhir/TestReport.test.action.assert>	<http://www.w3.org/2002/07/owl#ObjectProperty>
<http://hl7.org/fhir/TestReport.test.action.operation>	<http://www.w3.org/2002/07/owl#ObjectProperty>
<http://hl7.org/fhir/TestReport.test.description>	<http://www.w3.org/2002/07/owl#ObjectProperty>
<http://hl7.org/fhir/TestReport.test.name>	<http://www.w3.org/2002/07/owl#ObjectProperty>
<http://hl7.org/fhir/TestReport.testScript>	<http://www.w3.org/2002/07/owl#ObjectProperty>
<http://hl7.org/fhir/TestReport.tester>	<http://www.w3.org/2002/07/owl#ObjectProperty>
<http://hl7.org/fhir/TestReportParticipantComponent>	<http://www.w3.org/2002/07/owl#Class>
<http://hl7.org/fhir/TestReportSetupComponent>	<http://www.w3.org/2002/07/owl#Class>
<http://hl7.org/fhir/TestReportTeardownComponent>	<http://www.w3.org/2002/07/owl#Class>
<http://hl7.org/fhir/TestReportTestComponent>	<http://www.w3.org/2002/07/owl#Class>
<http://hl7.org/fhir/TestScript>	<http://www.w3.org/2002/07/owl#Class>
<http://hl7.org/fhir/TestScript.contact>	<http://www.w3.org/2002/07/owl#ObjectProperty>
<http://hl7.org/fhir/TestScript.copyright>	<http://www.w3.org/2002/07/owl#ObjectProperty>
<http://hl7.org/fhir/TestScript.date>	<http://www.w3.org/2002/07/owl#ObjectProperty>
<http://hl7.org/fhir/TestScript.description>	<http://www.w3.org/2002/07/owl#ObjectProperty>
<http://hl7.org/fhir/TestScript.destination>	<http://www.w3.org/2002/07/owl#ObjectProperty>
<http://hl7.org/fhir/TestScript.destination.index>	<http://www.w3.org/2002/07/owl#ObjectProperty>
<http://hl7.org/fhir/TestScript.destination.profile>	<http://www.w3.org/2002/07/owl#ObjectProperty>
<http://hl7.org/fhir/TestScript.experimental>	<http://www.w3.org/2002/07/owl#ObjectProperty>
<http://hl7.org/fhir/TestScript.fixture>	<http://www.w3.org/2002/07/owl#ObjectProperty>
<http://hl7.org/fhir/TestScript.fixture.autocreate>	<http://www.w3.org/2002/07/owl#ObjectProperty>
<http://hl7.org/fhir/TestScript.fixture.autodelete>	<http://www.w3.org/2002/07/owl#ObjectProperty>
<http://hl7.org/fhir/TestScript.fixture.resource>	<http://www.w3.org/2002/07/owl#ObjectProperty>
<http://hl7.org/fhir/TestScript.identifier>	<http://www.w3.org/2002/07/owl#ObjectProperty>
<http://hl7.org/fhir/TestScript.jurisdiction>	<http://www.w3.org/2002/07/owl#ObjectProperty>
<http://hl7.org/fhir/TestScript.metadata>	<http://www.w3.org/2002/07/owl#ObjectProperty>
<http://hl7.org/fhir/TestScript.metadata.capability>	<http://www.w3.org/2002/07/owl#ObjectProperty>
<http://hl7.org/fhir/TestScript.metadata.capability.capabilities>	<http://www.w3.org/2002/07/owl#ObjectProperty>
<http://hl7.org/fhir/TestScript.metadata.capability.description>	<http://www.w3.org/2002/07/owl#ObjectProperty>
<http://hl7.org/fhir/TestScript.metadata.capability.destination>	<http://www.w3.org/2002/07/owl#ObjectProperty>
<http://hl7.org/fhir/TestScript.metadata.capability.link>	<http://www.w3.org/2002/07/owl#ObjectProperty>
<http://hl7.org/fhir/TestScript.metadata.capability.origin>	<http://www.w3.org/2002/07/owl#ObjectProperty>
<http://hl7.org/fhir/TestScript.metadata.capability.required>	<http://www.w3.org/2002/07/owl#ObjectProperty>
<http://hl7.org/fhir/TestScript.metadata.capability.validated>	<http://www.w3.org/2002/07/owl#ObjectProperty>
<http://hl7.org/fhir/TestScript.metadata.link>	<http://www.w3.org/2002/07/owl#ObjectProperty>
<http://hl7.org/fhir/TestScript.metadata.link.description>	<http://www.w3.org/2002/07/owl#ObjectProperty>
<http://hl7.org/fhir/TestScript.metadata.link.url>	<http://www.w3.org/2002/07/owl#ObjectProperty>
<http://hl7.org/fhir/TestScript.name>	<http://www.w3.org/2002/07/owl#ObjectProperty>
<http://hl7.org/fhir/TestScript.origin>	<http://www.w3.org/2002/07/owl#ObjectProperty>
<http://hl7.org/fhir/TestScript.origin.index>	<http://www.w3.org/2002/07/owl#ObjectProperty>
<http://hl7.org/fhir/TestScript.origin.profile>	<http://www.w3.org/2002/07/owl#ObjectProperty>
<http://hl7.org/fhir/TestScript.profile>	<http://www.w3.org/2002/07/owl#ObjectProperty>
<http://hl7.org/fhir/TestScript.publisher>	<http://www.w3.org/2002/07/owl#ObjectProperty>
<http://hl7.org/fhir/TestScript.purpose>	<http://www.w3.org/2002/07/owl#ObjectProperty>
<http://hl7.org/fhir/TestScript.rule>	<http://www.w3.org/2002/07/owl#ObjectProperty>
<http://hl7.org/fhir/TestScript.rule.param>	<http://www.w3.org/2002/07/owl#ObjectProperty>
<http://hl7.org/fhir/TestScript.rule.param.name>	<http://www.w3.org/2002/07/owl#ObjectProperty>
<http://hl7.org/fhir/TestScript.rule.param.value>	<http://www.w3.org/2002/07/owl#ObjectProperty>
<http://hl7.org/fhir/TestScript.rule.resource>	<http://www.w3.org/2002/07/owl#ObjectProperty>
<http://hl7.org/fhir/TestScript.ruleset>	<http://www.w3.org/2002/07/owl#ObjectProperty>
<http://hl7.org/fhir/TestScript.ruleset.resource>	<http://www.w3.org/2002/07/owl#ObjectProperty>
<http://hl7.org/fhir/TestScript.ruleset.rule>	<http://www.w3.org/2002/07/owl#ObjectProperty>
<http://hl7.org/fhir/TestScript.ruleset.rule.param>	<http://www.w3.org/2002/07/owl#ObjectProperty>
<http://hl7.org/fhir/TestScript.ruleset.rule.param.name>	<http://www.w3.org/2002/07/owl#ObjectProperty>
<http://hl7.org/fhir/TestScript.ruleset.rule.param.value>	<http://www.w3.org/2002/07/owl#ObjectProperty>
<http://hl7.org/fhir/TestScript.ruleset.rule.ruleId>	<http://www.w3.org/2002/07/owl#ObjectProperty>
<http://hl7.org/fhir/TestScript.setup>	<http://www.w3.org/2002/07/owl#ObjectProperty>
<http://hl7.org/fhir/TestScript.setup.action>	<http://www.w3.org/2002/07/owl#ObjectProperty>
<http://hl7.org/fhir/TestScript.setup.action.assert>	<http://www.w3.org/2002/07/owl#ObjectProperty>
<http://hl7.org/fhir/TestScript.setup.action.assert.compareToSourceExpression>	<http://www.w3.org/2002/07/owl#ObjectProperty>
<http://hl7.org/fhir/TestScript.setup.action.assert.compareToSourceId>	<http://www.w3.org/2002/07/owl#ObjectProperty>
<http://hl7.org/fhir/TestScript.setup.action.assert.compareToSourcePath>	<http://www.w3.org/2002/07/owl#ObjectProperty>
<http://hl7.org/fhir/TestScript.setup.action.assert.contentType>	<http://www.w3.org/2002/07/owl#ObjectProperty>
<http://hl7.org/fhir/TestScript.setup.action.assert.description>	<http://www.w3.org/2002/07/owl#ObjectProperty>
<http://hl7.org/fhir/TestScript.setup.action.assert.direction>	<http://www.w3.org/2002/07/owl#ObjectProperty>
<http://hl7.org/fhir/TestScript.setup.action.assert.expression>	<http://www.w3.org/2002/07/owl#ObjectProperty>
<http://hl7.org/fhir/TestScript.setup.action.assert.headerField>	<http://www.w3.org/2002/07/owl#ObjectProperty>
<http://hl7.org/fhir/TestScript.setup.action.assert.label>	<http://www.w3.org/2002/07/owl#ObjectProperty>
<http://hl7.org/fhir/TestScript.setup.action.assert.minimumId>	<http://www.w3.org/2002/07/owl#ObjectProperty>
<http://hl7.org/fhir/TestScript.setup.action.assert.navigationLinks>	<http://www.w3.org/2002/07/owl#ObjectProperty>
<http://hl7.org/fhir/TestScript.setup.action.assert.operator>	<http://www.w3.org/2002/07/owl#ObjectProperty>
<http://hl7.org/fhir/TestScript.setup.action.assert.path>	<http://www.w3.org/2002/07/owl#ObjectProperty>
<http://hl7.org/fhir/TestScript.setup.action.assert.requestMethod>	<http://www.w3.org/2002/07/owl#ObjectProperty>
<http://hl7.org/fhir/TestScript.setup.action.assert.requestURL>	<http://www.w3.org/2002/07/owl#ObjectProperty>
<http://hl7.org/fhir/TestScript.setup.action.assert.resource>	<http://www.w3.org/2002/07/owl#ObjectProperty>
<http://hl7.org/fhir/TestScript.setup.action.assert.response>	<http://www.w3.org/2002/07/owl#ObjectProperty>
<http://hl7.org/fhir/TestScript.setup.action.assert.responseCode>	<http://www.w3.org/2002/07/owl#ObjectProperty>
<http://hl7.org/fhir/TestScript.setup.action.assert.rule>	<http://www.w3.org/2002/07/owl#ObjectProperty>
<http://hl7.org/fhir/TestScript.setup.action.assert.rule.param>	<http://www.w3.org/2002/07/owl#ObjectProperty>
<http://hl7.org/fhir/TestScript.setup.action.assert.rule.param.name>	<http://www.w3.org/2002/07/owl#ObjectProperty>
<http://hl7.org/fhir/TestScript.setup.action.assert.rule.param.value>	<http://www.w3.org/2002/07/owl#ObjectProperty>
<http://hl7.org/fhir/TestScript.setup.action.assert.rule.ruleId>	<http://www.w3.org/2002/07/owl#ObjectProperty>
<http://hl7.org/fhir/TestScript.setup.action.assert.ruleset>	<http://www.w3.org/2002/07/owl#ObjectProperty>
<http://hl7.org/fhir/TestScript.setup.action.assert.ruleset.rule>	<http://www.w3.org/2002/07/owl#ObjectProperty>
<http://hl7.org/fhir/TestScript.setup.action.assert.ruleset.rule.param>	<http://www.w3.org/2002/07/owl#ObjectProperty>
<http://hl7.org/fhir/TestScript.setup.action.assert.ruleset.rule.param.name>	<http://www.w3.org/2002/07/owl#ObjectProperty>
<http://hl7.org/fhir/TestScript.setup.action.assert.ruleset.rule.param.value>	<http://www.w3.org/2002/07/owl#ObjectProperty>
<http://hl7.org/fhir/TestScript.setup.action.assert.ruleset.rule.ruleId>	<http://www.w3.org/2002/07/owl#ObjectProperty>
<http://hl7.org/fhir/TestScript.setup.action.assert.ruleset.rulesetId>	<http://www.w3.org/2002/07/owl#ObjectProperty>
<http://hl7.org/fhir/TestScript.setup.action.assert.sourceId>	<http://www.w3.org/2002/07/owl#ObjectProperty>
<http://hl7.org/fhir/TestScript.setup.action.assert.validateProfileId>	<http://www.w3.org/2002/07/owl#ObjectProperty>
<http://hl7.org/fhir/TestScript.setup.action.assert.value>	<http://www.w3.org/2002/07/owl#ObjectProperty>
<http://hl7.org/fhir/TestScript.setup.action.assert.warningOnly>	<http://www.w3.org/2002/07/owl#ObjectProperty>
<http://hl7.org/fhir/TestScript.setup.action.operation>	<http://www.w3.org/2002/07/owl#ObjectProperty>
<http://hl7.org/fhir/TestScript.setup.action.operation.accept>	<http://www.w3.org/2002/07/owl#ObjectProperty>
<http://hl7.org/fhir/TestScript.setup.action.operation.contentType>	<http://www.w3.org/2002/07/owl#ObjectProperty>
<http://hl7.org/fhir/TestScript.setup.action.operation.description>	<http://www.w3.org/2002/07/owl#ObjectProperty>
<http://hl7.org/fhir/TestScript.setup.action.operation.destination>	<http://www.w3.org/2002/07/owl#ObjectProperty>
<http://hl7.org/fhir/TestScript.setup.action.operation.encodeRequestUrl>	<http://www.w3.org/2002/07/owl#ObjectProperty>
<http://hl7.org/fhir/TestScript.setup.action.operation.label>	<http://www.w3.org/2002/07/owl#ObjectProperty>
<http://hl7.org/fhir/TestScript.setup.action.operation.origin>	<http://www.w3.org/2002/07/owl#ObjectProperty>
<http://hl7.org/fhir/TestScript.setup.action.operation.params>	<http://www.w3.org/2002/07/owl#ObjectProperty>
<http://hl7.org/fhir/TestScript.setup.action.operation.requestHeader>	<http://www.w3.org/2002/07/owl#ObjectProperty>
<http://hl7.org/fhir/TestScript.setup.action.operation.requestHeader.field>	<http://www.w3.org/2002/07/owl#ObjectProperty>
<http://hl7.org/fhir/TestScript.setup.action.operation.requestHeader.value>	<http://www.w3.org/2002/07/owl#ObjectProperty>
<http://hl7.org/fhir/TestScript.setup.action.operation.requestId>	<http://www.w3.org/2002/07/owl#ObjectProperty>
<http://hl7.org/fhir/TestScript.setup.action.operation.resource>	<http://www.w3.org/2002/07/owl#ObjectProperty>
<http://hl7.org/fhir/TestScript.setup.action.operation.responseId>	<http://www.w3.org/2002/07/owl#ObjectProperty>
<http://hl7.org/fhir/TestScript.setup.action.operation.sourceId>	<http://www.w3.org/2002/07/owl#ObjectProperty>
<http://hl7.org/fhir/TestScript.setup.action.operation.targetId>	<http://www.w3.org/2002/07/owl#ObjectProperty>
<http://hl7.org/fhir/TestScript.setup.action.operation.type>	<http://www.w3.org/2002/07/owl#ObjectProperty>
<http://hl7.org/fhir/TestScript.setup.action.operation.url>	<http://www.w3.org/2002/07/owl#ObjectProperty>
<http://hl7.org/fhir/TestScript.status>	<http://www.w3.org/2002/07/owl#ObjectProperty>
<http://hl7.org/fhir/TestScript.teardown>	<http://www.w3.org/2002/07/owl#ObjectProperty>
<http://hl7.org/fhir/TestScript.teardown.action>	<http://www.w3.org/2002/07/owl#ObjectProperty>
<http://hl7.org/fhir/TestScript.teardown.action.operation>	<http://www.w3.org/2002/07/owl#ObjectProperty>
<http://hl7.org/fhir/TestScript.test>	<http://www.w3.org/2002/07/owl#ObjectProperty>
<http://hl7.org/fhir/TestScript.test.action>	<http://www.w3.org/2002/07/owl#ObjectProperty>
<http://hl7.org/fhir/TestScript.test.action.assert>	<http://www.w3.org/2002/07/owl#ObjectProperty>
<http://hl7.org/fhir/TestScript.test.action.operation>	<http://www.w3.org/2002/07/owl#ObjectProperty>
<http://hl7.org/fhir/TestScript.test.description>	<http://www.w3.org/2002/07/owl#ObjectProperty>
<http://hl7.org/fhir/TestScript.test.name>	<http://www.w3.org/2002/07/owl#ObjectProperty>
<http://hl7.org/fhir/TestScript.title>	<http://www.w3.org/2002/07/owl#ObjectProperty>
<http://hl7.org/fhir/TestScript.url>	<http://www.w3.org/2002/07/owl#ObjectProperty>
<http://hl7.org/fhir/TestScript.useContext>	<http://www.w3.org/2002/07/owl#ObjectProperty>
<http://hl7.org/fhir/TestScript.variable>	<http://www.w3.org/2002/07/owl#ObjectProperty>
<http://hl7.org/fhir/TestScript.variable.defaultValue>	<http://www.w3.org/2002/07/owl#ObjectProperty>
<http://hl7.org/fhir/TestScript.variable.description>	<http://www.w3.org/2002/07/owl#ObjectProperty>
<http://hl7.org/fhir/TestScript.variable.expression>	<http://www.w3.org/2002/07/owl#ObjectProperty>
<http://hl7.org/fhir/TestScript.variable.headerField>	<http://www.w3.org/2002/07/owl#ObjectProperty>
<http://hl7.org/fhir/TestScript.variable.hint>	<http://www.w3.org/2002/07/owl#ObjectProperty>
<http://hl7.org/fhir/TestScript.variable.name>	<http://www.w3.org/2002/07/owl#ObjectProperty>
<http://hl7.org/fhir/TestScript.variable.path>	<http://www.w3.org/2002/07/owl#ObjectProperty>
<http://hl7.org/fhir/TestScript.variable.sourceId>	<http://www.w3.org/2002/07/owl#ObjectProperty>
<http://hl7.org/fhir/TestScript.version>	<http://www.w3.org/2002/07/owl#ObjectProperty>
<http://hl7.org/fhir/TestScriptDestinationComponent>	<http://www.w3.org/2002/07/owl#Class>
<http://hl7.org/fhir/TestScriptFixtureComponent>	<http://www.w3.org/2002/07/owl#Class>
<http://hl7.org/fhir/TestScriptMetadataCapabilityComponent>	<http://www.w3.org/2002/07/owl#Class>
<http://hl7.org/fhir/TestScriptMetadataComponent>	<http://www.w3.org/2002/07/owl#Class>
<http://hl7.org/fhir/TestScriptMetadataLinkComponent>	<http://www.w3.org/2002/07/owl#Class>
<http://hl7.org/fhir/TestScriptOriginComponent>	<http://www.w3.org/2002/07/owl#Class>
<http://hl7.org/fhir/TestScriptRuleComponent>	<http://www.w3.org/2002/07/owl#Class>
<http://hl7.org/fhir/TestScriptRulesetComponent>	<http://www.w3.org/2002/07/owl#Class>
<http://hl7.org/fhir/TestScriptSetupComponent>	<http://www.w3.org/2002/07/owl#Class>
<http://hl7.org/fhir/TestScriptTeardownComponent>	<http://www.w3.org/2002/07/owl#Class>
<http://hl7.org/fhir/TestScriptTestComponent>	<http://www.w3.org/2002/07/owl#Class>
<http://hl7.org/fhir/TestScriptVariableComponent>	<http://www.w3.org/2002/07/owl#Class>
<http://hl7.org/fhir/Timing>	<http://www.w3.org/2002/07/owl#Class>
<http://hl7.org/fhir/Timing.code>	<http://www.w3.org/2002/07/owl#ObjectProperty>
<http://hl7.org/fhir/Timing.event>	<http://www.w3.org/2002/07/owl#ObjectProperty>
<http://hl7.org/fhir/Timing.repeat>	<http://www.w3.org/2002/07/owl#ObjectProperty>
<http://hl7.org/fhir/Timing.repeat.bounds>	<http://www.w3.org/2002/07/owl#ObjectProperty>
<http://hl7.org/fhir/Timing.repeat.boundsDuration>	<http://www.w3.org/2002/07/owl#ObjectProperty>
<http://hl7.org/fhir/Timing.repeat.boundsPeriod>	<http://www.w3.org/2002/07/owl#ObjectProperty>
<http://hl7.org/fhir/Timing.repeat.boundsRange>	<http://www.w3.org/2002/07/owl#ObjectProperty>
<http://hl7.org/fhir/Timing.repeat.count>	<http://www.w3.org/2002/07/owl#ObjectProperty>
<http://hl7.org/fhir/Timing.repeat.countMax>	<http://www.w3.org/2002/07/owl#ObjectProperty>
<http://hl7.org/fhir/Timing.repeat.dayOfWeek>	<http://www.w3.org/2002/07/owl#ObjectProperty>
<http://hl7.org/fhir/Timing.repeat.duration>	<http://www.w3.org/2002/07/owl#ObjectProperty>
<http://hl7.org/fhir/Timing.repeat.durationMax>	<http://www.w3.org/2002/07/owl#ObjectProperty>
<http://hl7.org/fhir/Timing.repeat.durationUnit>	<http://www.w3.org/2002/07/owl#ObjectProperty>
<http://hl7.org/fhir/Timing.repeat.frequency>	<http://www.w3.org/2002/07/owl#ObjectProperty>
<http://hl7.org/fhir/Timing.repeat.frequencyMax>	<http://www.w3.org/2002/07/owl#ObjectProperty>
<http://hl7.org/fhir/Timing.repeat.offset>	<http://www.w3.org/2002/07/owl#ObjectProperty>
<http://hl7.org/fhir/Timing.repeat.period>	<http://www.w3.org/2002/07/owl#ObjectProperty>
<http://hl7.org/fhir/Timing.repeat.periodMax>	<http://www.w3.org/2002/07/owl#ObjectProperty>
<http://hl7.org/fhir/Timing.repeat.periodUnit>	<http://www.w3.org/2002/07/owl#ObjectProperty>
<http://hl7.org/fhir/Timing.repeat.timeOfDay>	<http://www.w3.org/2002/07/owl#ObjectProperty>
<http://hl7.org/fhir/Timing.repeat.when>	<http://www.w3.org/2002/07/owl#ObjectProperty>
<http://hl7.org/fhir/TimingRepeatComponent>	<http://www.w3.org/2002/07/owl#Class>
<http://hl7.org/fhir/TriggerDefinition>	<http://www.w3.org/2002/07/owl#Class>
<http://hl7.org/fhir/TriggerDefinition.eventData>	<http://www.w3.org/2002/07/owl#ObjectProperty>
<http://hl7.org/fhir/TriggerDefinition.eventName>	<http://www.w3.org/2002/07/owl#ObjectProperty>
<http://hl7.org/fhir/TriggerDefinition.eventTiming>	<http://www.w3.org/2002/07/owl#ObjectProperty>
<http://hl7.org/fhir/TriggerDefinition.eventTimingDate>	<http://www.w3.org/2002/07/owl#ObjectProperty>
<http://hl7.org/fhir/TriggerDefinition.eventTimingDateTime>	<http://www.w3.org/2002/07/owl#ObjectProperty>
<http://hl7.org/fhir/TriggerDefinition.eventTimingReference>	<http://www.w3.org/2002/07/owl#ObjectProperty>
<http://hl7.org/fhir/TriggerDefinition.eventTimingTiming>	<http://www.w3.org/2002/07/owl#ObjectProperty>
<http://hl7.org/fhir/TriggerDefinition.type>	<http://www.w3.org/2002/07/owl#ObjectProperty>
<http://hl7.org/fhir/TypeRefComponent>	<http://www.w3.org/2002/07/owl#Class>
<http://hl7.org/fhir/UsageContext>	<http://www.w3.org/2002/07/owl#Class>
<http://hl7.org/fhir/UsageContext.code>	<http://www.w3.org/2002/07/owl#ObjectProperty>
<http://hl7.org/fhir/UsageContext.value>	<http://www.w3.org/2002/07/owl#ObjectProperty>
<http://hl7.org/fhir/UsageContext.valueCodeableConcept>	<http://www.w3.org/2002/07/owl#ObjectProperty>
<http://hl7.org/fhir/UsageContext.valueQuantity>	<http://www.w3.org/2002/07/owl#ObjectProperty>
<http://hl7.org/fhir/UsageContext.valueRange>	<http://www.w3.org/2002/07/owl#ObjectProperty>
<http://hl7.org/fhir/ValueSet>	<http://www.w3.org/2002/07/owl#Class>
<http://hl7.org/fhir/ValueSet.compose>	<http://www.w3.org/2002/07/owl#ObjectProperty>
<http://hl7.org/fhir/ValueSet.compose.exclude>	<http://www.w3.org/2002/07/owl#ObjectProperty>
<http://hl7.org/fhir/ValueSet.compose.inactive>	<http://www.w3.org/2002/07/owl#ObjectProperty>
<http://hl7.org/fhir/ValueSet.compose.include>	<http://www.w3.org/2002/07/owl#ObjectProperty>
<http://hl7.org/fhir/ValueSet.compose.include.concept>	<http://www.w3.org/2002/07/owl#ObjectProperty>
<http://hl7.org/fhir/ValueSet.compose.include.concept.code>	<http://www.w3.org/2002/07/owl#ObjectProperty>
<http://hl7.org/fhir/ValueSet.compose.include.concept.designation>	<http://www.w3.org/2002/07/owl#ObjectProperty>
<http://hl7.org/fhir/ValueSet.compose.include.concept.designation.language>	<http://www.w3.org/2002/07/owl#ObjectProperty>
<http://hl7.org/fhir/ValueSet.compose.include.concept.designation.use>	<http://www.w3.org/2002/07/owl#ObjectProperty>
<http://hl7.org/fhir/ValueSet.compose.include.concept.designation.value>	<http://www.w3.org/2002/07/owl#ObjectProperty>
<http://hl7.org/fhir/ValueSet.compose.include.concept.display>	<http://www.w3.org/2002/07/owl#ObjectProperty>
<http://hl7.org/fhir/ValueSet.compose.include.filter>	<http://www.w3.org/2002/07/owl#ObjectProperty>
<http://hl7.org/fhir/ValueSet.compose.include.filter.op>	<http://www.w3.org/2002/07/owl#ObjectProperty>
<http://hl7.org/fhir/ValueSet.compose.include.filter.property>	<http://www.w3.org/2002/07/owl#ObjectProperty>
<http://hl7.org/fhir/ValueSet.compose.include.filter.value>	<http://www.w3.org/2002/07/owl#ObjectProperty>
<http://hl7.org/fhir/ValueSet.compose.include.system>	<http://www.w3.org/2002/07/owl#ObjectProperty>
<http://hl7.org/fhir/ValueSet.compose.include.valueSet>	<http://www.w3.org/2002/07/owl#ObjectProperty>
<http://hl7.org/fhir/ValueSet.compose.include.version>	<http://www.w3.org/2002/07/owl#ObjectProperty>
<http://hl7.org/fhir/ValueSet.compose.lockedDate>	<http://www.w3.org/2002/07/owl#ObjectProperty>
<http://hl7.org/fhir/ValueSet.contact>	<http://www.w3.org/2002/07/owl#ObjectProperty>
<http://hl7.org/fhir/ValueSet.copyright>	<http://www.w3.org/2002/07/owl#ObjectProperty>
<http://hl7.org/fhir/ValueSet.date>	<http://www.w3.org/2002/07/owl#ObjectProperty>
<http://hl7.org/fhir/ValueSet.description>	<http://www.w3.org/2002/07/owl#ObjectProperty>
<http://hl7.org/fhir/ValueSet.expansion>	<http://www.w3.org/2002/07/owl#ObjectProperty>
<http://hl7.org/fhir/ValueSet.expansion.contains>	<http://www.w3.org/2002/07/owl#ObjectProperty>
<http://hl7.org/fhir/ValueSet.expansion.contains.abstract>	<http://www.w3.org/2002/07/owl#ObjectProperty>
<http://hl7.org/fhir/ValueSet.expansion.contains.code>	<http://www.w3.org/2002/07/owl#ObjectProperty>
<http://hl7.org/fhir/ValueSet.expansion.contains.contains>	<http://www.w3.org/2002/07/owl#ObjectProperty>
<http://hl7.org/fhir/ValueSet.expansion.contains.designation>	<http://www.w3.org/2002/07/owl#ObjectProperty>
<http://hl7.org/fhir/ValueSet.expansion.contains.display>	<http://www.w3.org/2002/07/owl#ObjectProperty>
<http://hl7.org/fhir/ValueSet.expansion.contains.inactive>	<http://www.w3.org/2002/07/owl#ObjectProperty>
<http://hl7.org/fhir/ValueSet.expansion.contains.system>	<http://www.w3.org/2002/07/owl#ObjectProperty>
<http://hl7.org/fhir/ValueSet.expansion.contains.version>	<http://www.w3.org/2002/07/owl#ObjectProperty>
<http://hl7.org/fhir/ValueSet.expansion.identifier>	<http://www.w3.org/2002/07/owl#ObjectProperty>
<http://hl7.org/fhir/ValueSet.expansion.offset>	<http://www.w3.org/2002/07/owl#ObjectProperty>
<http://hl7.org/fhir/ValueSet.expansion.parameter>	<http://www.w3.org/2002/07/owl#ObjectProperty>
<http://hl7.org/fhir/ValueSet.expansion.parameter.name>	<http://www.w3.org/2002/07/owl#ObjectProperty>
<http://hl7.org/fhir/ValueSet.expansion.parameter.value>	<http://www.w3.org/2002/07/owl#ObjectProperty>
<http://hl7.org/fhir/ValueSet.expansion.parameter.valueBoolean>	<http://www.w3.org/2002/07/owl#ObjectProperty>
<http://hl7.org/fhir/ValueSet.expansion.parameter.valueCode>	<http://www.w3.org/2002/07/owl#ObjectProperty>
<http://hl7.org/fhir/ValueSet.expansion.parameter.valueDecimal>	<http://www.w3.org/2002/07/owl#ObjectProperty>
<http://hl7.org/fhir/ValueSet.expansion.parameter.valueInteger>	<http://www.w3.org/2002/07/owl#ObjectProperty>
<http://hl7.org/fhir/ValueSet.expansion.parameter.valueString>	<http://www.w3.org/2002/07/owl#ObjectProperty>
<http://hl7.org/fhir/ValueSet.expansion.parameter.valueUri>	<http://www.w3.org/2002/07/owl#ObjectProperty>
<http://hl7.org/fhir/ValueSet.expansion.timestamp>	<http://www.w3.org/2002/07/owl#ObjectProperty>
<http://hl7.org/fhir/ValueSet.expansion.total>	<http://www.w3.org/2002/07/owl#ObjectProperty>
<http://hl7.org/fhir/ValueSet.experimental>	<http://www.w3.org/2002/07/owl#ObjectProperty>
<http://hl7.org/fhir/ValueSet.extensible>	<http://www.w3.org/2002/07/owl#ObjectProperty>
<http://hl7.org/fhir/ValueSet.identifier>	<http://www.w3.org/2002/07/owl#ObjectProperty>
<http://hl7.org/fhir/ValueSet.immutable>	<http://www.w3.org/2002/07/owl#ObjectProperty>
<http://hl7.org/fhir/ValueSet.jurisdiction>	<http://www.w3.org/2002/07/owl#ObjectProperty>
<http://hl7.org/fhir/ValueSet.name>	<http://www.w3.org/2002/07/owl#ObjectProperty>
<http://hl7.org/fhir/ValueSet.publisher>	<http://www.w3.org/2002/07/owl#ObjectProperty>
<http://hl7.org/fhir/ValueSet.purpose>	<http://www.w3.org/2002/07/owl#ObjectProperty>
<http://hl7.org/fhir/ValueSet.status>	<http://www.w3.org/2002/07/owl#ObjectProperty>
<http://hl7.org/fhir/ValueSet.title>	<http://www.w3.org/2002/07/owl#ObjectProperty>
<http://hl7.org/fhir/ValueSet.url>	<http://www.w3.org/2002/07/owl#ObjectProperty>
<http://hl7.org/fhir/ValueSet.useContext>	<http://www.w3.org/2002/07/owl#ObjectProperty>
<http://hl7.org/fhir/ValueSet.version>	<http://www.w3.org/2002/07/owl#ObjectProperty>
<http://hl7.org/fhir/ValueSetComposeComponent>	<http://www.w3.org/2002/07/owl#Class>
<http://hl7.org/fhir/ValueSetExpansionComponent>	<http://www.w3.org/2002/07/owl#Class>
<http://hl7.org/fhir/ValueSetExpansionContainsComponent>	<http://www.w3.org/2002/07/owl#Class>
<http://hl7.org/fhir/ValueSetExpansionParameterComponent>	<http://www.w3.org/2002/07/owl#Class>
<http://hl7.org/fhir/ValuedItemComponent>	<http://www.w3.org/2002/07/owl#Class>
<http://hl7.org/fhir/VisionPrescription>	<http://www.w3.org/2002/07/owl#Class>
<http://hl7.org/fhir/VisionPrescription.dateWritten>	<http://www.w3.org/2002/07/owl#ObjectProperty>
<http://hl7.org/fhir/VisionPrescription.dispense>	<http://www.w3.org/2002/07/owl#ObjectProperty>
<http://hl7.org/fhir/VisionPrescription.dispense.add>	<http://www.w3.org/2002/07/owl#ObjectProperty>
<http://hl7.org/fhir/VisionPrescription.dispense.axis>	<http://www.w3.org/2002/07/owl#ObjectProperty>
<http://hl7.org/fhir/VisionPrescription.dispense.backCurve>	<http://www.w3.org/2002/07/owl#ObjectProperty>
<http://hl7.org/fhir/VisionPrescription.dispense.base>	<http://www.w3.org/2002/07/owl#ObjectProperty>
<http://hl7.org/fhir/VisionPrescription.dispense.brand>	<http://www.w3.org/2002/07/owl#ObjectProperty>
<http://hl7.org/fhir/VisionPrescription.dispense.color>	<http://www.w3.org/2002/07/owl#ObjectProperty>
<http://hl7.org/fhir/VisionPrescription.dispense.cylinder>	<http://www.w3.org/2002/07/owl#ObjectProperty>
<http://hl7.org/fhir/VisionPrescription.dispense.diameter>	<http://www.w3.org/2002/07/owl#ObjectProperty>
<http://hl7.org/fhir/VisionPrescription.dispense.duration>	<http://www.w3.org/2002/07/owl#ObjectProperty>
<http://hl7.org/fhir/VisionPrescription.dispense.eye>	<http://www.w3.org/2002/07/owl#ObjectProperty>
<http://hl7.org/fhir/VisionPrescription.dispense.note>	<http://www.w3.org/2002/07/owl#ObjectProperty>
<http://hl7.org/fhir/VisionPrescription.dispense.power>	<http://www.w3.org/2002/07/owl#ObjectProperty>
<http://hl7.org/fhir/VisionPrescription.dispense.prism>	<http://www.w3.org/2002/07/owl#ObjectProperty>
<http://hl7.org/fhir/VisionPrescription.dispense.product>	<http://www.w3.org/2002/07/owl#ObjectProperty>
<http://hl7.org/fhir/VisionPrescription.dispense.sphere>	<http://www.w3.org/2002/07/owl#ObjectProperty>
<http://hl7.org/fhir/VisionPrescription.encounter>	<http://www.w3.org/2002/07/owl#ObjectProperty>
<http://hl7.org/fhir/VisionPrescription.identifier>	<http://www.w3.org/2002/07/owl#ObjectProperty>
<http://hl7.org/fhir/VisionPrescription.patient>	<http://www.w3.org/2002/07/owl#ObjectProperty>
<http://hl7.org/fhir/VisionPrescription.prescriber>	<http://www.w3.org/2002/07/owl#ObjectProperty>
<http://hl7.org/fhir/VisionPrescription.reason>	<http://www.w3.org/2002/07/owl#ObjectProperty>
<http://hl7.org/fhir/VisionPrescription.reasonCodeableConcept>	<http://www.w3.org/2002/07/owl#ObjectProperty>
<http://hl7.org/fhir/VisionPrescription.reasonReference>	<http://www.w3.org/2002/07/owl#ObjectProperty>
<http://hl7.org/fhir/VisionPrescription.status>	<http://www.w3.org/2002/07/owl#ObjectProperty>
<http://hl7.org/fhir/VisionPrescriptionDispenseComponent>	<http://www.w3.org/2002/07/owl#Class>
<http://hl7.org/fhir/base64Binary>	<http://www.w3.org/2002/07/owl#Class>
<http://hl7.org/fhir/boolean>	<http://www.w3.org/2002/07/owl#Class>
<http://hl7.org/fhir/code>	<http://www.w3.org/2002/07/owl#Class>
<http://hl7.org/fhir/date>	<http://www.w3.org/2002/07/owl#Class>
<http://hl7.org/fhir/dateTime>	<http://www.w3.org/2002/07/owl#Class>
<http://hl7.org/fhir/decimal>	<http://www.w3.org/2002/07/owl#Class>
<http://hl7.org/fhir/id>	<http://www.w3.org/2002/07/owl#Class>
<http://hl7.org/fhir/index>	<http://www.w3.org/2002/07/owl#DatatypeProperty>
<http://hl7.org/fhir/instant>	<http://www.w3.org/2002/07/owl#Class>
<http://hl7.org/fhir/integer>	<http://www.w3.org/2002/07/owl#Class>
<http://hl7.org/fhir/link>	<http://www.w3.org/2002/07/owl#ObjectProperty>
<http://hl7.org/fhir/markdown>	<http://www.w3.org/2002/07/owl#Class>
<http://hl7.org/fhir/nodeRole>	<http://www.w3.org/2002/07/owl#ObjectProperty>
<http://hl7.org/fhir/oid>	<http://www.w3.org/2002/07/owl#Class>
<http://hl7.org/fhir/positiveInt>	<http://www.w3.org/2002/07/owl#Class>
<http://hl7.org/fhir/string>	<http://www.w3.org/2002/07/owl#Class>
<http://hl7.org/fhir/time>	<http://www.w3.org/2002/07/owl#Class>
<http://hl7.org/fhir/treeRoot>	<http://www.w3.org/2002/07/owl#Class>
<http://hl7.org/fhir/unsignedInt>	<http://www.w3.org/2002/07/owl#Class>
<http://hl7.org/fhir/uri>	<http://www.w3.org/2002/07/owl#Class>
<http://hl7.org/fhir/value>	<http://www.w3.org/2002/07/owl#DatatypeProperty>
<http://hl7.org/fhir/w5#administrative.device>	<http://www.w3.org/2002/07/owl#Class>
<http://hl7.org/fhir/w5#administrative.entity>	<http://www.w3.org/2002/07/owl#Class>
<http://hl7.org/fhir/w5#administrative.group>	<http://www.w3.org/2002/07/owl#Class>
<http://hl7.org/fhir/w5#administrative.individual>	<http://www.w3.org/2002/07/owl#Class>
<http://hl7.org/fhir/w5#class>	<http://www.w3.org/2002/07/owl#ObjectProperty>
<http://hl7.org/fhir/w5#clinical.careprovision>	<http://www.w3.org/2002/07/owl#Class>
<http://hl7.org/fhir/w5#clinical.diagnostics>	<http://www.w3.org/2002/07/owl#Class>
<http://hl7.org/fhir/w5#clinical.general>	<http://www.w3.org/2002/07/owl#Class>
<http://hl7.org/fhir/w5#clinical.medication>	<http://www.w3.org/2002/07/owl#Class>
<http://hl7.org/fhir/w5#conformance.behavior>	<http://www.w3.org/2002/07/owl#Class>
<http://hl7.org/fhir/w5#conformance.content>	<http://www.w3.org/2002/07/owl#Class>
<http://hl7.org/fhir/w5#conformance.misc>	<http://www.w3.org/2002/07/owl#Class>
<http://hl7.org/fhir/w5#conformance.terminology>	<http://www.w3.org/2002/07/owl#Class>
<http://hl7.org/fhir/w5#context>	<http://www.w3.org/2002/07/owl#ObjectProperty>
<http://hl7.org/fhir/w5#financial.billing>	<http://www.w3.org/2002/07/owl#Class>
<http://hl7.org/fhir/w5#financial.other>	<http://www.w3.org/2002/07/owl#Class>
<http://hl7.org/fhir/w5#financial.payment>	<http://www.w3.org/2002/07/owl#Class>
<http://hl7.org/fhir/w5#financial.support>	<http://www.w3.org/2002/07/owl#Class>
<http://hl7.org/fhir/w5#grade>	<http://www.w3.org/2002/07/owl#ObjectProperty>
<http://hl7.org/fhir/w5#id>	<http://www.w3.org/2002/07/owl#ObjectProperty>
<http://hl7.org/fhir/w5#id.version>	<http://www.w3.org/2002/07/owl#ObjectProperty>
<http://hl7.org/fhir/w5#infrastructure.documents>	<http://www.w3.org/2002/07/owl#Class>
<http://hl7.org/fhir/w5#infrastructure.exchange>	<http://www.w3.org/2002/07/owl#Class>
<http://hl7.org/fhir/w5#infrastructure.information>	<http://www.w3.org/2002/07/owl#Class>
<http://hl7.org/fhir/w5#infrastructure.structure>	<http://www.w3.org/2002/07/owl#Class>
<http://hl7.org/fhir/w5#status>	<http://www.w3.org/2002/07/owl#ObjectProperty>
<http://hl7.org/fhir/w5#what>	<http://www.w3.org/2002/07/owl#ObjectProperty>
<http://hl7.org/fhir/w5#when.done>	<http://www.w3.org/2002/07/owl#ObjectProperty>
<http://hl7.org/fhir/w5#when.init>	<http://www.w3.org/2002/07/owl#ObjectProperty>
<http://hl7.org/fhir/w5#when.planned>	<http://www.w3.org/2002/07/owl#ObjectProperty>
<http://hl7.org/fhir/w5#when.recorded>	<http://www.w3.org/2002/07/owl#ObjectProperty>
<http://hl7.org/fhir/w5#where>	<http://www.w3.org/2002/07/owl#ObjectProperty>
<http://hl7.org/fhir/w5#who>	<http://www.w3.org/2002/07/owl#ObjectProperty>
<http://hl7.org/fhir/w5#who.actor>	<http://www.w3.org/2002/07/owl#ObjectProperty>
<http://hl7.org/fhir/w5#who.author>	<http://www.w3.org/2002/07/owl#ObjectProperty>
<http://hl7.org/fhir/w5#who.cause>	<http://www.w3.org/2002/07/owl#ObjectProperty>
<http://hl7.org/fhir/w5#who.focus>	<http://www.w3.org/2002/07/owl#ObjectProperty>
<http://hl7.org/fhir/w5#who.source>	<http://www.w3.org/2002/07/owl#ObjectProperty>
<http://hl7.org/fhir/w5#who.witness>	<http://www.w3.org/2002/07/owl#ObjectProperty>
<http://hl7.org/fhir/w5#why>	<http://www.w3.org/2002/07/owl#ObjectProperty>
<http://hl7.org/fhir/w5#workflow.encounter>	<http://www.w3.org/2002/07/owl#Class>
<http://hl7.org/fhir/w5#workflow.order>	<http://www.w3.org/2002/07/owl#Class>
<http://hl7.org/fhir/w5#workflow.scheduling>	<http://www.w3.org/2002/07/owl#Class>
<http://hl7.org/fhir/xhtml>	<http://www.w3.org/2002/07/owl#Class>
<http://purl.org/dc/elements/1.1/title>	<http://www.w3.org/2002/07/owl#AnnotationProperty>
<http://www.w3.org/1999/02/22-rdf-syntax-ns#XMLLiteral>	<http://www.w3.org/2002/07/owl#Class>
<http://www.w3.org/2002/07/owl#cardinality>	<http://www.w3.org/2002/07/owl#AnnotationProperty>
<http://www.w3.org/2002/07/owl#maxCardinality>	<http://www.w3.org/2002/07/owl#AnnotationProperty>
