?entity	?type
<http://attempto.ifi.uzh.ch/ace_lexicon#CN_pl>	<http://www.w3.org/2002/07/owl#AnnotationProperty>
<http://attempto.ifi.uzh.ch/ace_lexicon#CN_sg>	<http://www.w3.org/2002/07/owl#AnnotationProperty>
<http://attempto.ifi.uzh.ch/ace_lexicon#TV_pl>	<http://www.w3.org/2002/07/owl#AnnotationProperty>
<http://attempto.ifi.uzh.ch/ace_lexicon#TV_sg>	<http://www.w3.org/2002/07/owl#AnnotationProperty>
<http://attempto.ifi.uzh.ch/ace_lexicon#TV_vbg>	<http://www.w3.org/2002/07/owl#AnnotationProperty>
<http://bioontology.org/ontologies/biositemap.owl#replacedBy>	<http://www.w3.org/2002/07/owl#AnnotationProperty>
<http://data.bioontology.org/metadata/obo/contains>	<http://www.w3.org/2002/07/owl#AnnotationProperty>
<http://data.bioontology.org/metadata/prefixIRI>	<http://www.w3.org/2002/07/owl#AnnotationProperty>
<http://data.bioontology.org/metadata/treeView>	<http://www.w3.org/2002/07/owl#AnnotationProperty>
<http://protege.stanford.edu/plugins/owl/protege#defaultLanguage>	<http://www.w3.org/2002/07/owl#AnnotationProperty>
<http://purl.obolibrary.org#Definition>	<http://www.w3.org/2002/07/owl#AnnotationProperty>
<http://purl.obolibrary.org/obo#AHFScode>	<http://www.w3.org/2002/07/owl#AnnotationProperty>
<http://purl.obolibrary.org/obo#ATCCode>	<http://www.w3.org/2002/07/owl#AnnotationProperty>
<http://purl.obolibrary.org/obo#CASRN>	<http://www.w3.org/2002/07/owl#AnnotationProperty>
<http://purl.obolibrary.org/obo#DBBrand>	<http://www.w3.org/2002/07/owl#AnnotationProperty>
<http://purl.obolibrary.org/obo#DBSalt>	<http://www.w3.org/2002/07/owl#AnnotationProperty>
<http://purl.obolibrary.org/obo#DBSynonym>	<http://www.w3.org/2002/07/owl#AnnotationProperty>
<http://purl.obolibrary.org/obo#DBname>	<http://www.w3.org/2002/07/owl#AnnotationProperty>
<http://purl.obolibrary.org/obo#Gene>	<http://www.w3.org/2002/07/owl#AnnotationProperty>
<http://purl.obolibrary.org/obo#InChI>	<http://www.w3.org/2002/07/owl#AnnotationProperty>
<http://purl.obolibrary.org/obo#InChIKey>	<http://www.w3.org/2002/07/owl#AnnotationProperty>
<http://purl.obolibrary.org/obo#OrganismClass>	<http://www.w3.org/2002/07/owl#AnnotationProperty>
<http://purl.obolibrary.org/obo#SMILES>	<http://www.w3.org/2002/07/owl#AnnotationProperty>
<http://purl.obolibrary.org/obo#Synonym>	<http://www.w3.org/2002/07/owl#AnnotationProperty>
<http://purl.obolibrary.org/obo#altId>	<http://www.w3.org/2002/07/owl#AnnotationProperty>
<http://purl.obolibrary.org/obo#mapsTo>	<http://www.w3.org/2002/07/owl#AnnotationProperty>
<http://purl.obolibrary.org/obo#xref>	<http://www.w3.org/2002/07/owl#AnnotationProperty>
<http://purl.obolibrary.org/obo/BFO_0000179>	<http://www.w3.org/2002/07/owl#AnnotationProperty>
<http://purl.obolibrary.org/obo/BFO_0000180>	<http://www.w3.org/2002/07/owl#AnnotationProperty>
<http://purl.obolibrary.org/obo/DDO.owl#DDO_0000001>	<http://www.w3.org/2002/07/owl#AnnotationProperty>
<http://purl.obolibrary.org/obo/DDO.owl#DDO_0000002>	<http://www.w3.org/2002/07/owl#AnnotationProperty>
<http://purl.obolibrary.org/obo/DDO.owl#DDO_0099997>	<http://www.w3.org/2002/07/owl#AnnotationProperty>
<http://purl.obolibrary.org/obo/DDO.owl#DDO_0099998>	<http://www.w3.org/2002/07/owl#AnnotationProperty>
<http://purl.obolibrary.org/obo/DDO.owl#DDO_0099999>	<http://www.w3.org/2002/07/owl#AnnotationProperty>
<http://purl.obolibrary.org/obo/IAO_0000111>	<http://www.w3.org/2002/07/owl#AnnotationProperty>
<http://purl.obolibrary.org/obo/IAO_0000112>	<http://www.w3.org/2002/07/owl#AnnotationProperty>
<http://purl.obolibrary.org/obo/IAO_0000113>	<http://www.w3.org/2002/07/owl#AnnotationProperty>
<http://purl.obolibrary.org/obo/IAO_0000114>	<http://www.w3.org/2002/07/owl#AnnotationProperty>
<http://purl.obolibrary.org/obo/IAO_0000115>	<http://www.w3.org/2002/07/owl#AnnotationProperty>
<http://purl.obolibrary.org/obo/IAO_0000116>	<http://www.w3.org/2002/07/owl#AnnotationProperty>
<http://purl.obolibrary.org/obo/IAO_0000117>	<http://www.w3.org/2002/07/owl#AnnotationProperty>
<http://purl.obolibrary.org/obo/IAO_0000118>	<http://www.w3.org/2002/07/owl#AnnotationProperty>
<http://purl.obolibrary.org/obo/IAO_0000119>	<http://www.w3.org/2002/07/owl#AnnotationProperty>
<http://purl.obolibrary.org/obo/IAO_0000231>	<http://www.w3.org/2002/07/owl#AnnotationProperty>
<http://purl.obolibrary.org/obo/IAO_0000232>	<http://www.w3.org/2002/07/owl#AnnotationProperty>
<http://purl.obolibrary.org/obo/IAO_0000233>	<http://www.w3.org/2002/07/owl#AnnotationProperty>
<http://purl.obolibrary.org/obo/IAO_0000234>	<http://www.w3.org/2002/07/owl#AnnotationProperty>
<http://purl.obolibrary.org/obo/IAO_0000411>	<http://www.w3.org/2002/07/owl#AnnotationProperty>
<http://purl.obolibrary.org/obo/IAO_0000412>	<http://www.w3.org/2002/07/owl#AnnotationProperty>
<http://purl.obolibrary.org/obo/IAO_0000424>	<http://www.w3.org/2002/07/owl#AnnotationProperty>
<http://purl.obolibrary.org/obo/IAO_0000425>	<http://www.w3.org/2002/07/owl#AnnotationProperty>
<http://purl.obolibrary.org/obo/IAO_0000426>	<http://www.w3.org/2002/07/owl#AnnotationProperty>
<http://purl.obolibrary.org/obo/IAO_0000427>	<http://www.w3.org/2002/07/owl#AnnotationProperty>
<http://purl.obolibrary.org/obo/IAO_0000589>	<http://www.w3.org/2002/07/owl#AnnotationProperty>
<http://purl.obolibrary.org/obo/IAO_0000596>	<http://www.w3.org/2002/07/owl#AnnotationProperty>
<http://purl.obolibrary.org/obo/IAO_0000597>	<http://www.w3.org/2002/07/owl#AnnotationProperty>
<http://purl.obolibrary.org/obo/IAO_0000598>	<http://www.w3.org/2002/07/owl#AnnotationProperty>
<http://purl.obolibrary.org/obo/IAO_0000599>	<http://www.w3.org/2002/07/owl#AnnotationProperty>
<http://purl.obolibrary.org/obo/IAO_0000600>	<http://www.w3.org/2002/07/owl#AnnotationProperty>
<http://purl.obolibrary.org/obo/IAO_0000601>	<http://www.w3.org/2002/07/owl#AnnotationProperty>
<http://purl.obolibrary.org/obo/IAO_0000602>	<http://www.w3.org/2002/07/owl#AnnotationProperty>
<http://purl.obolibrary.org/obo/IAO_0000603>	<http://www.w3.org/2002/07/owl#AnnotationProperty>
<http://purl.obolibrary.org/obo/IAO_0010000>	<http://www.w3.org/2002/07/owl#AnnotationProperty>
<http://purl.obolibrary.org/obo/IAO_0100001>	<http://www.w3.org/2002/07/owl#AnnotationProperty>
<http://purl.obolibrary.org/obo/OAE_0001849>	<http://www.w3.org/2002/07/owl#AnnotationProperty>
<http://purl.obolibrary.org/obo/OBI_0000293>	<http://www.w3.org/2002/07/owl#AnnotationProperty>
<http://purl.obolibrary.org/obo/OBI_0000299>	<http://www.w3.org/2002/07/owl#AnnotationProperty>
<http://purl.obolibrary.org/obo/RO_0002161>	<http://www.w3.org/2002/07/owl#AnnotationProperty>
<http://purl.obolibrary.org/obo/UBPROP_0000006>	<http://www.w3.org/2002/07/owl#AnnotationProperty>
<http://purl.obolibrary.org/obo/UBPROP_0000100>	<http://www.w3.org/2002/07/owl#AnnotationProperty>
<http://purl.obolibrary.org/obo/UBPROP_0000101>	<http://www.w3.org/2002/07/owl#AnnotationProperty>
<http://purl.obolibrary.org/obo/uberon#dubious_for_taxon>	<http://www.w3.org/2002/07/owl#AnnotationProperty>
<http://purl.obolibrary.org/obo/uberon#present_in_taxon>	<http://www.w3.org/2002/07/owl#AnnotationProperty>
<http://purl.obolibrary.org/obo/uberon#spatially_disjoint_from>	<http://www.w3.org/2002/07/owl#AnnotationProperty>
<http://purl.org/dc/elements/1.1/contributor>	<http://www.w3.org/2002/07/owl#AnnotationProperty>
<http://purl.org/dc/elements/1.1/coverage>	<http://www.w3.org/2002/07/owl#AnnotationProperty>
<http://purl.org/dc/elements/1.1/creator>	<http://www.w3.org/2002/07/owl#AnnotationProperty>
<http://purl.org/dc/elements/1.1/date>	<http://www.w3.org/2002/07/owl#AnnotationProperty>
<http://purl.org/dc/elements/1.1/description>	<http://www.w3.org/2002/07/owl#AnnotationProperty>
<http://purl.org/dc/elements/1.1/format>	<http://www.w3.org/2002/07/owl#AnnotationProperty>
<http://purl.org/dc/elements/1.1/identifier>	<http://www.w3.org/2002/07/owl#AnnotationProperty>
<http://purl.org/dc/elements/1.1/language>	<http://www.w3.org/2002/07/owl#AnnotationProperty>
<http://purl.org/dc/elements/1.1/license>	<http://www.w3.org/2002/07/owl#AnnotationProperty>
<http://purl.org/dc/elements/1.1/member>	<http://www.w3.org/2002/07/owl#AnnotationProperty>
<http://purl.org/dc/elements/1.1/publisher>	<http://www.w3.org/2002/07/owl#AnnotationProperty>
<http://purl.org/dc/elements/1.1/relation>	<http://www.w3.org/2002/07/owl#AnnotationProperty>
<http://purl.org/dc/elements/1.1/rights>	<http://www.w3.org/2002/07/owl#AnnotationProperty>
<http://purl.org/dc/elements/1.1/source>	<http://www.w3.org/2002/07/owl#AnnotationProperty>
<http://purl.org/dc/elements/1.1/subject>	<http://www.w3.org/2002/07/owl#AnnotationProperty>
<http://purl.org/dc/elements/1.1/title>	<http://www.w3.org/2002/07/owl#AnnotationProperty>
<http://purl.org/dc/elements/1.1/type>	<http://www.w3.org/2002/07/owl#AnnotationProperty>
<http://swrl.stanford.edu/ontologies/3.3/swrla.owl#isRuleEnabled>	<http://www.w3.org/2002/07/owl#AnnotationProperty>
<http://www.co-ode.org/ontologies/ont.owl#DDO_0000002>	<http://www.w3.org/2002/07/owl#AnnotationProperty>
<http://www.geneontology.org/formats/oboInOwl#hasAlternativeId>	<http://www.w3.org/2002/07/owl#AnnotationProperty>
<http://www.geneontology.org/formats/oboInOwl#hasDbXref>	<http://www.w3.org/2002/07/owl#AnnotationProperty>
<http://www.geneontology.org/formats/oboInOwl#hasDefinition>	<http://www.w3.org/2002/07/owl#AnnotationProperty>
<http://www.geneontology.org/formats/oboInOwl#hasExactSynonym>	<http://www.w3.org/2002/07/owl#AnnotationProperty>
<http://www.geneontology.org/formats/oboInOwl#hasNarrowSynonym>	<http://www.w3.org/2002/07/owl#AnnotationProperty>
<http://www.geneontology.org/formats/oboInOwl#hasRelatedSynonym>	<http://www.w3.org/2002/07/owl#AnnotationProperty>
<http://www.geneontology.org/formats/oboInOwl#hasSubset>	<http://www.w3.org/2002/07/owl#AnnotationProperty>
<http://www.geneontology.org/formats/oboInOwl#inSubset>	<http://www.w3.org/2002/07/owl#AnnotationProperty>
<http://www.w3.org/2000/01/rdf-schema#comment>	<http://www.w3.org/2002/07/owl#AnnotationProperty>
<http://www.w3.org/2000/01/rdf-schema#isDefinedBy>	<http://www.w3.org/2002/07/owl#AnnotationProperty>
<http://www.w3.org/2000/01/rdf-schema#label>	<http://www.w3.org/2002/07/owl#AnnotationProperty>
<http://www.w3.org/2000/01/rdf-schema#seeAlso>	<http://www.w3.org/2002/07/owl#AnnotationProperty>
<http://www.w3.org/2002/07/owl#priorVersion>	<http://www.w3.org/2002/07/owl#AnnotationProperty>
<http://www.w3.org/2002/07/owl#versionInfo>	<http://www.w3.org/2002/07/owl#AnnotationProperty>
<http://www.w3.org/2004/02/skos/core#altLabel>	<http://www.w3.org/2002/07/owl#AnnotationProperty>
<http://www.w3.org/2004/02/skos/core#changeNote>	<http://www.w3.org/2002/07/owl#AnnotationProperty>
<http://www.w3.org/2004/02/skos/core#definition>	<http://www.w3.org/2002/07/owl#AnnotationProperty>
<http://www.w3.org/2004/02/skos/core#editorialNote>	<http://www.w3.org/2002/07/owl#AnnotationProperty>
<http://www.w3.org/2004/02/skos/core#example>	<http://www.w3.org/2002/07/owl#AnnotationProperty>
<http://www.w3.org/2004/02/skos/core#hiddenLabel>	<http://www.w3.org/2002/07/owl#AnnotationProperty>
<http://www.w3.org/2004/02/skos/core#historyNote>	<http://www.w3.org/2002/07/owl#AnnotationProperty>
<http://www.w3.org/2004/02/skos/core#note>	<http://www.w3.org/2002/07/owl#AnnotationProperty>
<http://www.w3.org/2004/02/skos/core#prefLabel>	<http://www.w3.org/2002/07/owl#AnnotationProperty>
<http://www.w3.org/2004/02/skos/core#scopeNote>	<http://www.w3.org/2002/07/owl#AnnotationProperty>
<http://xmlns.com/foaf/0.1/homepage>	<http://www.w3.org/2002/07/owl#AnnotationProperty>
<http://xmlns.com/foaf/0.1/mbox>	<http://www.w3.org/2002/07/owl#AnnotationProperty>
<https://bioportal.bioontology.org/ontologies/FTDM.owl#DMTO_0000051>	<http://www.w3.org/2002/07/owl#AnnotationProperty>
<https://bioportal.bioontology.org/ontologies/FTDM.owl#DMTO_0000079>	<http://www.w3.org/2002/07/owl#AnnotationProperty>
<https://bioportal.bioontology.org/ontologies/FTDM.owl#DMTO_0000081>	<http://www.w3.org/2002/07/owl#AnnotationProperty>
<https://bioportal.bioontology.org/ontologies/FTDM.owl#DMTO_0000909>	<http://www.w3.org/2002/07/owl#AnnotationProperty>
<https://bioportal.bioontology.org/ontologies/FTDM.owl#DMTO_0001649>	<http://www.w3.org/2002/07/owl#AnnotationProperty>
<https://bioportal.bioontology.org/ontologies/FTDM.owl#brand_name>	<http://www.w3.org/2002/07/owl#AnnotationProperty>
<https://bioportal.bioontology.org/ontologies/FTDM.owl#generic_name>	<http://www.w3.org/2002/07/owl#AnnotationProperty>
<http://hl7.org/fhir/BMI>	<http://www.w3.org/2002/07/owl#Class>
<http://hl7.org/fhir/CareTeamParticipantComponent>	<http://www.w3.org/2002/07/owl#Class>
<http://hl7.org/fhir/CareTeamStatus>	<http://www.w3.org/2002/07/owl#Class>
<http://hl7.org/fhir/ObservationComponentComponent>	<http://www.w3.org/2002/07/owl#Class>
<http://hl7.org/fhir/ObservationReferenceRangeComponent>	<http://www.w3.org/2002/07/owl#Class>
<http://hl7.org/fhir/address>	<http://www.w3.org/2002/07/owl#Class>
<http://hl7.org/fhir/adverseEvent>	<http://www.w3.org/2002/07/owl#Class>
<http://hl7.org/fhir/alcoholIntakeObservation>	<http://www.w3.org/2002/07/owl#Class>
<http://hl7.org/fhir/alcoholIntakeValue>	<http://www.w3.org/2002/07/owl#Class>
<http://hl7.org/fhir/allergyIntolerance>	<http://www.w3.org/2002/07/owl#Class>
<http://hl7.org/fhir/allergyIntoleranceCategory>	<http://www.w3.org/2002/07/owl#Class>
<http://hl7.org/fhir/allergyIntoleranceCriticality>	<http://www.w3.org/2002/07/owl#Class>
<http://hl7.org/fhir/allergyIntoleranceType>	<http://www.w3.org/2002/07/owl#Class>
<http://hl7.org/fhir/annotation>	<http://www.w3.org/2002/07/owl#Class>
<http://hl7.org/fhir/attachment>	<http://www.w3.org/2002/07/owl#Class>
<http://hl7.org/fhir/base64Binary>	<http://www.w3.org/2002/07/owl#Class>
<http://hl7.org/fhir/bloodGlucoseTest>	<http://www.w3.org/2002/07/owl#Class>
<http://hl7.org/fhir/bloodPressureValue>	<http://www.w3.org/2002/07/owl#Class>
<http://hl7.org/fhir/bodySite>	<http://www.w3.org/2002/07/owl#Class>
<http://hl7.org/fhir/boolean>	<http://www.w3.org/2002/07/owl#Class>
<http://hl7.org/fhir/carePlanActivityComponent>	<http://www.w3.org/2002/07/owl#Class>
<http://hl7.org/fhir/carePlanActivityDetailComponent>	<http://www.w3.org/2002/07/owl#Class>
<http://hl7.org/fhir/carePlanActivityStatus>	<http://www.w3.org/2002/07/owl#Class>
<http://hl7.org/fhir/carePlanQuality>	<http://www.w3.org/2002/07/owl#Class>
<http://hl7.org/fhir/cigaretteSmoking>	<http://www.w3.org/2002/07/owl#Class>
<http://hl7.org/fhir/classHistory>	<http://www.w3.org/2002/07/owl#Class>
<http://hl7.org/fhir/clinicalStatus>	<http://www.w3.org/2002/07/owl#Class>
<http://hl7.org/fhir/code>	<http://www.w3.org/2002/07/owl#Class>
<http://hl7.org/fhir/codeableConcept>	<http://www.w3.org/2002/07/owl#Class>
<http://hl7.org/fhir/coding>	<http://www.w3.org/2002/07/owl#Class>
<http://hl7.org/fhir/communication>	<http://www.w3.org/2002/07/owl#Class>
<http://hl7.org/fhir/contactCode>	<http://www.w3.org/2002/07/owl#Class>
<http://hl7.org/fhir/contactPoint>	<http://www.w3.org/2002/07/owl#Class>
<http://hl7.org/fhir/count>	<http://www.w3.org/2002/07/owl#Class>
<http://hl7.org/fhir/date>	<http://www.w3.org/2002/07/owl#Class>
<http://hl7.org/fhir/dateTime>	<http://www.w3.org/2002/07/owl#Class>
<http://hl7.org/fhir/decimal>	<http://www.w3.org/2002/07/owl#Class>
<http://hl7.org/fhir/deviceStatus>	<http://www.w3.org/2002/07/owl#Class>
<http://hl7.org/fhir/distance>	<http://www.w3.org/2002/07/owl#Class>
<http://hl7.org/fhir/dosage>	<http://www.w3.org/2002/07/owl#Class>
<http://hl7.org/fhir/drug-disease>	<http://www.w3.org/2002/07/owl#Class>
<http://hl7.org/fhir/drug-drug>	<http://www.w3.org/2002/07/owl#Class>
<http://hl7.org/fhir/duration>	<http://www.w3.org/2002/07/owl#Class>
<http://hl7.org/fhir/element>	<http://www.w3.org/2002/07/owl#Class>
<http://hl7.org/fhir/encounter>	<http://www.w3.org/2002/07/owl#Class>
<http://hl7.org/fhir/encounterLocation>	<http://www.w3.org/2002/07/owl#Class>
<http://hl7.org/fhir/encounterQuality>	<http://www.w3.org/2002/07/owl#Class>
<http://hl7.org/fhir/encounterStatus>	<http://www.w3.org/2002/07/owl#Class>
<http://hl7.org/fhir/episodeOfCare>	<http://www.w3.org/2002/07/owl#Class>
<http://hl7.org/fhir/episodeOfCareStatus>	<http://www.w3.org/2002/07/owl#Class>
<http://hl7.org/fhir/food-disease>	<http://www.w3.org/2002/07/owl#Class>
<http://hl7.org/fhir/food-drug>	<http://www.w3.org/2002/07/owl#Class>
<http://hl7.org/fhir/genderCode>	<http://www.w3.org/2002/07/owl#Class>
<http://hl7.org/fhir/goalStatus>	<http://www.w3.org/2002/07/owl#Class>
<http://hl7.org/fhir/goalTargetComponent>	<http://www.w3.org/2002/07/owl#Class>
<http://hl7.org/fhir/hbA1c>	<http://www.w3.org/2002/07/owl#Class>
<http://hl7.org/fhir/height>	<http://www.w3.org/2002/07/owl#Class>
<http://hl7.org/fhir/human>	<http://www.w3.org/2002/07/owl#Class>
<http://hl7.org/fhir/humanBloodGucose>	<http://www.w3.org/2002/07/owl#Class>
<http://hl7.org/fhir/humanName>	<http://www.w3.org/2002/07/owl#Class>
<http://hl7.org/fhir/id>	<http://www.w3.org/2002/07/owl#Class>
<http://hl7.org/fhir/identifier>	<http://www.w3.org/2002/07/owl#Class>
<http://hl7.org/fhir/instant>	<http://www.w3.org/2002/07/owl#Class>
<http://hl7.org/fhir/integer>	<http://www.w3.org/2002/07/owl#Class>
<http://hl7.org/fhir/labTest>	<http://www.w3.org/2002/07/owl#Class>
<http://hl7.org/fhir/labTestValue>	<http://www.w3.org/2002/07/owl#Class>
<http://hl7.org/fhir/list>	<http://www.w3.org/2002/07/owl#Class>
<http://hl7.org/fhir/listOfDiseases>	<http://www.w3.org/2002/07/owl#Class>
<http://hl7.org/fhir/listOfForbiddenDrugs>	<http://www.w3.org/2002/07/owl#Class>
<http://hl7.org/fhir/listOfForbiddenFoods>	<http://www.w3.org/2002/07/owl#Class>
<http://hl7.org/fhir/listOfNotPreferedFoods>	<http://www.w3.org/2002/07/owl#Class>
<http://hl7.org/fhir/listOfPreferedFoods>	<http://www.w3.org/2002/07/owl#Class>
<http://hl7.org/fhir/listOfRecommendedDrugs>	<http://www.w3.org/2002/07/owl#Class>
<http://hl7.org/fhir/listOfRecommendedFoods>	<http://www.w3.org/2002/07/owl#Class>
<http://hl7.org/fhir/listStatus>	<http://www.w3.org/2002/07/owl#Class>
<http://hl7.org/fhir/markdown>	<http://www.w3.org/2002/07/owl#Class>
<http://hl7.org/fhir/medicalHistory>	<http://www.w3.org/2002/07/owl#Class>
<http://hl7.org/fhir/medicationRequest>	<http://www.w3.org/2002/07/owl#Class>
<http://hl7.org/fhir/medicationRequestStatus>	<http://www.w3.org/2002/07/owl#Class>
<http://hl7.org/fhir/medicationStatement>	<http://www.w3.org/2002/07/owl#Class>
<http://hl7.org/fhir/money>	<http://www.w3.org/2002/07/owl#Class>
<http://hl7.org/fhir/nonSensedObservation>	<http://www.w3.org/2002/07/owl#Class>
<http://hl7.org/fhir/nonSensedObservationValue>	<http://www.w3.org/2002/07/owl#Class>
<http://hl7.org/fhir/nutritionOrder>	<http://www.w3.org/2002/07/owl#Class>
<http://hl7.org/fhir/nutritionOrderEnteralFormulaAdministrationComponent>	<http://www.w3.org/2002/07/owl#Class>
<http://hl7.org/fhir/nutritionOrderEnteralFormulaComponent>	<http://www.w3.org/2002/07/owl#Class>
<http://hl7.org/fhir/nutritionOrderOralDietComponent>	<http://www.w3.org/2002/07/owl#Class>
<http://hl7.org/fhir/nutritionOrderOralDietNutrientComponent>	<http://www.w3.org/2002/07/owl#Class>
<http://hl7.org/fhir/nutritionOrderOralDietTextureComponent>	<http://www.w3.org/2002/07/owl#Class>
<http://hl7.org/fhir/nutritionOrderSupplementComponent>	<http://www.w3.org/2002/07/owl#Class>
<http://hl7.org/fhir/observationValue>	<http://www.w3.org/2002/07/owl#Class>
<http://hl7.org/fhir/observationValueQuality>	<http://www.w3.org/2002/07/owl#Class>
<http://hl7.org/fhir/oid>	<http://www.w3.org/2002/07/owl#Class>
<http://hl7.org/fhir/participant>	<http://www.w3.org/2002/07/owl#Class>
<http://hl7.org/fhir/patientBMIObservation>	<http://www.w3.org/2002/07/owl#Class>
<http://hl7.org/fhir/patientHeightObservation>	<http://www.w3.org/2002/07/owl#Class>
<http://hl7.org/fhir/patientWeightObservation>	<http://www.w3.org/2002/07/owl#Class>
<http://hl7.org/fhir/period>	<http://www.w3.org/2002/07/owl#Class>
<http://hl7.org/fhir/physicalExamination>	<http://www.w3.org/2002/07/owl#Class>
<http://hl7.org/fhir/physicalExaminationValue>	<http://www.w3.org/2002/07/owl#Class>
<http://hl7.org/fhir/physicalExerciseRequest>	<http://www.w3.org/2002/07/owl#Class>
<http://hl7.org/fhir/planStatus>	<http://www.w3.org/2002/07/owl#Class>
<http://hl7.org/fhir/positiveInt>	<http://www.w3.org/2002/07/owl#Class>
<http://hl7.org/fhir/practitioner>	<http://www.w3.org/2002/07/owl#Class>
<http://hl7.org/fhir/practitionerRole>	<http://www.w3.org/2002/07/owl#Class>
<http://hl7.org/fhir/practitionerRoleAvailabilityCode>	<http://www.w3.org/2002/07/owl#Class>
<http://hl7.org/fhir/primitiveType>	<http://www.w3.org/2002/07/owl#Class>
<http://hl7.org/fhir/priority>	<http://www.w3.org/2002/07/owl#Class>
<http://hl7.org/fhir/procedure>	<http://www.w3.org/2002/07/owl#Class>
<http://hl7.org/fhir/procedureRequest>	<http://www.w3.org/2002/07/owl#Class>
<http://hl7.org/fhir/questionnaire>	<http://www.w3.org/2002/07/owl#Class>
<http://hl7.org/fhir/questionnaireResponse>	<http://www.w3.org/2002/07/owl#Class>
<http://hl7.org/fhir/range>	<http://www.w3.org/2002/07/owl#Class>
<http://hl7.org/fhir/ratio>	<http://www.w3.org/2002/07/owl#Class>
<http://hl7.org/fhir/reference>	<http://www.w3.org/2002/07/owl#Class>
<http://hl7.org/fhir/sampledData>	<http://www.w3.org/2002/07/owl#Class>
<http://hl7.org/fhir/sensedObservation>	<http://www.w3.org/2002/07/owl#Class>
<http://hl7.org/fhir/severityCode>	<http://www.w3.org/2002/07/owl#Class>
<http://hl7.org/fhir/signature>	<http://www.w3.org/2002/07/owl#Class>
<http://hl7.org/fhir/simpleQuantity>	<http://www.w3.org/2002/07/owl#Class>
<http://hl7.org/fhir/smokingHistoryObservation>	<http://www.w3.org/2002/07/owl#Class>
<http://hl7.org/fhir/socialHistory>	<http://www.w3.org/2002/07/owl#Class>
<http://hl7.org/fhir/string>	<http://www.w3.org/2002/07/owl#Class>
<http://hl7.org/fhir/temperatureValue>	<http://www.w3.org/2002/07/owl#Class>
<http://hl7.org/fhir/time>	<http://www.w3.org/2002/07/owl#Class>
<http://hl7.org/fhir/timing>	<http://www.w3.org/2002/07/owl#Class>
<http://hl7.org/fhir/unsignedInt>	<http://www.w3.org/2002/07/owl#Class>
<http://hl7.org/fhir/uri>	<http://www.w3.org/2002/07/owl#Class>
<http://hl7.org/fhir/vitalSignValue>	<http://www.w3.org/2002/07/owl#Class>
<http://hl7.org/fhir/weightValue>	<http://www.w3.org/2002/07/owl#Class>
<http://purl.obolibrary.org/obo/BFO_0000001>	<http://www.w3.org/2002/07/owl#Class>
<http://purl.obolibrary.org/obo/BFO_0000002>	<http://www.w3.org/2002/07/owl#Class>
<http://purl.obolibrary.org/obo/BFO_0000003>	<http://www.w3.org/2002/07/owl#Class>
<http://purl.obolibrary.org/obo/BFO_0000004>	<http://www.w3.org/2002/07/owl#Class>
<http://purl.obolibrary.org/obo/BFO_0000006>	<http://www.w3.org/2002/07/owl#Class>
<http://purl.obolibrary.org/obo/BFO_0000008>	<http://www.w3.org/2002/07/owl#Class>
<http://purl.obolibrary.org/obo/BFO_0000009>	<http://www.w3.org/2002/07/owl#Class>
<http://purl.obolibrary.org/obo/BFO_0000011>	<http://www.w3.org/2002/07/owl#Class>
<http://purl.obolibrary.org/obo/BFO_0000015>	<http://www.w3.org/2002/07/owl#Class>
<http://purl.obolibrary.org/obo/BFO_0000016>	<http://www.w3.org/2002/07/owl#Class>
<http://purl.obolibrary.org/obo/BFO_0000017>	<http://www.w3.org/2002/07/owl#Class>
<http://purl.obolibrary.org/obo/BFO_0000018>	<http://www.w3.org/2002/07/owl#Class>
<http://purl.obolibrary.org/obo/BFO_0000019>	<http://www.w3.org/2002/07/owl#Class>
<http://purl.obolibrary.org/obo/BFO_0000020>	<http://www.w3.org/2002/07/owl#Class>
<http://purl.obolibrary.org/obo/BFO_0000023>	<http://www.w3.org/2002/07/owl#Class>
<http://purl.obolibrary.org/obo/BFO_0000024>	<http://www.w3.org/2002/07/owl#Class>
<http://purl.obolibrary.org/obo/BFO_0000026>	<http://www.w3.org/2002/07/owl#Class>
<http://purl.obolibrary.org/obo/BFO_0000027>	<http://www.w3.org/2002/07/owl#Class>
<http://purl.obolibrary.org/obo/BFO_0000028>	<http://www.w3.org/2002/07/owl#Class>
<http://purl.obolibrary.org/obo/BFO_0000029>	<http://www.w3.org/2002/07/owl#Class>
<http://purl.obolibrary.org/obo/BFO_0000030>	<http://www.w3.org/2002/07/owl#Class>
<http://purl.obolibrary.org/obo/BFO_0000031>	<http://www.w3.org/2002/07/owl#Class>
<http://purl.obolibrary.org/obo/BFO_0000034>	<http://www.w3.org/2002/07/owl#Class>
<http://purl.obolibrary.org/obo/BFO_0000035>	<http://www.w3.org/2002/07/owl#Class>
<http://purl.obolibrary.org/obo/BFO_0000038>	<http://www.w3.org/2002/07/owl#Class>
<http://purl.obolibrary.org/obo/BFO_0000040>	<http://www.w3.org/2002/07/owl#Class>
<http://purl.obolibrary.org/obo/BFO_0000140>	<http://www.w3.org/2002/07/owl#Class>
<http://purl.obolibrary.org/obo/BFO_0000141>	<http://www.w3.org/2002/07/owl#Class>
<http://purl.obolibrary.org/obo/BFO_0000142>	<http://www.w3.org/2002/07/owl#Class>
<http://purl.obolibrary.org/obo/BFO_0000144>	<http://www.w3.org/2002/07/owl#Class>
<http://purl.obolibrary.org/obo/BFO_0000145>	<http://www.w3.org/2002/07/owl#Class>
<http://purl.obolibrary.org/obo/BFO_0000146>	<http://www.w3.org/2002/07/owl#Class>
<http://purl.obolibrary.org/obo/BFO_0000147>	<http://www.w3.org/2002/07/owl#Class>
<http://purl.obolibrary.org/obo/BFO_0000148>	<http://www.w3.org/2002/07/owl#Class>
<http://purl.obolibrary.org/obo/BFO_0000182>	<http://www.w3.org/2002/07/owl#Class>
<http://purl.obolibrary.org/obo/DDO.owl#0000362>	<http://www.w3.org/2002/07/owl#Class>
<http://purl.obolibrary.org/obo/DDO.owl#DDDO_0003735>	<http://www.w3.org/2002/07/owl#Class>
<http://purl.obolibrary.org/obo/DDO.owl#DDOO_0001511>	<http://www.w3.org/2002/07/owl#Class>
<http://purl.obolibrary.org/obo/DDO.owl#DDO_0000004>	<http://www.w3.org/2002/07/owl#Class>
<http://purl.obolibrary.org/obo/DDO.owl#DDO_0000111>	<http://www.w3.org/2002/07/owl#Class>
<http://purl.obolibrary.org/obo/DDO.owl#DDO_0000112>	<http://www.w3.org/2002/07/owl#Class>
<http://purl.obolibrary.org/obo/DDO.owl#DDO_0000119>	<http://www.w3.org/2002/07/owl#Class>
<http://purl.obolibrary.org/obo/DDO.owl#DDO_0000200>	<http://www.w3.org/2002/07/owl#Class>
<http://purl.obolibrary.org/obo/DDO.owl#DDO_0000201>	<http://www.w3.org/2002/07/owl#Class>
<http://purl.obolibrary.org/obo/DDO.owl#DDO_0000202>	<http://www.w3.org/2002/07/owl#Class>
<http://purl.obolibrary.org/obo/DDO.owl#DDO_0000203>	<http://www.w3.org/2002/07/owl#Class>
<http://purl.obolibrary.org/obo/DDO.owl#DDO_0000204>	<http://www.w3.org/2002/07/owl#Class>
<http://purl.obolibrary.org/obo/DDO.owl#DDO_0000205>	<http://www.w3.org/2002/07/owl#Class>
<http://purl.obolibrary.org/obo/DDO.owl#DDO_0000206>	<http://www.w3.org/2002/07/owl#Class>
<http://purl.obolibrary.org/obo/DDO.owl#DDO_0000207>	<http://www.w3.org/2002/07/owl#Class>
<http://purl.obolibrary.org/obo/DDO.owl#DDO_0000208>	<http://www.w3.org/2002/07/owl#Class>
<http://purl.obolibrary.org/obo/DDO.owl#DDO_0000209>	<http://www.w3.org/2002/07/owl#Class>
<http://purl.obolibrary.org/obo/DDO.owl#DDO_0000210>	<http://www.w3.org/2002/07/owl#Class>
<http://purl.obolibrary.org/obo/DDO.owl#DDO_0000211>	<http://www.w3.org/2002/07/owl#Class>
<http://purl.obolibrary.org/obo/DDO.owl#DDO_0000212>	<http://www.w3.org/2002/07/owl#Class>
<http://purl.obolibrary.org/obo/DDO.owl#DDO_0000213>	<http://www.w3.org/2002/07/owl#Class>
<http://purl.obolibrary.org/obo/DDO.owl#DDO_0000216>	<http://www.w3.org/2002/07/owl#Class>
<http://purl.obolibrary.org/obo/DDO.owl#DDO_0000219>	<http://www.w3.org/2002/07/owl#Class>
<http://purl.obolibrary.org/obo/DDO.owl#DDO_0000220>	<http://www.w3.org/2002/07/owl#Class>
<http://purl.obolibrary.org/obo/DDO.owl#DDO_0000222>	<http://www.w3.org/2002/07/owl#Class>
<http://purl.obolibrary.org/obo/DDO.owl#DDO_0000225>	<http://www.w3.org/2002/07/owl#Class>
<http://purl.obolibrary.org/obo/DDO.owl#DDO_0000226>	<http://www.w3.org/2002/07/owl#Class>
<http://purl.obolibrary.org/obo/DDO.owl#DDO_0000227>	<http://www.w3.org/2002/07/owl#Class>
<http://purl.obolibrary.org/obo/DDO.owl#DDO_0000228>	<http://www.w3.org/2002/07/owl#Class>
<http://purl.obolibrary.org/obo/DDO.owl#DDO_0000229>	<http://www.w3.org/2002/07/owl#Class>
<http://purl.obolibrary.org/obo/DDO.owl#DDO_0000243>	<http://www.w3.org/2002/07/owl#Class>
<http://purl.obolibrary.org/obo/DDO.owl#DDO_0000244>	<http://www.w3.org/2002/07/owl#Class>
<http://purl.obolibrary.org/obo/DDO.owl#DDO_0000245>	<http://www.w3.org/2002/07/owl#Class>
<http://purl.obolibrary.org/obo/DDO.owl#DDO_0000246>	<http://www.w3.org/2002/07/owl#Class>
<http://purl.obolibrary.org/obo/DDO.owl#DDO_0000247>	<http://www.w3.org/2002/07/owl#Class>
<http://purl.obolibrary.org/obo/DDO.owl#DDO_0000251>	<http://www.w3.org/2002/07/owl#Class>
<http://purl.obolibrary.org/obo/DDO.owl#DDO_0000252>	<http://www.w3.org/2002/07/owl#Class>
<http://purl.obolibrary.org/obo/DDO.owl#DDO_0000253>	<http://www.w3.org/2002/07/owl#Class>
<http://purl.obolibrary.org/obo/DDO.owl#DDO_0000254>	<http://www.w3.org/2002/07/owl#Class>
<http://purl.obolibrary.org/obo/DDO.owl#DDO_0000255>	<http://www.w3.org/2002/07/owl#Class>
<http://purl.obolibrary.org/obo/DDO.owl#DDO_0000256>	<http://www.w3.org/2002/07/owl#Class>
<http://purl.obolibrary.org/obo/DDO.owl#DDO_0000257>	<http://www.w3.org/2002/07/owl#Class>
<http://purl.obolibrary.org/obo/DDO.owl#DDO_0000258>	<http://www.w3.org/2002/07/owl#Class>
<http://purl.obolibrary.org/obo/DDO.owl#DDO_0000259>	<http://www.w3.org/2002/07/owl#Class>
<http://purl.obolibrary.org/obo/DDO.owl#DDO_0000260>	<http://www.w3.org/2002/07/owl#Class>
<http://purl.obolibrary.org/obo/DDO.owl#DDO_0000261>	<http://www.w3.org/2002/07/owl#Class>
<http://purl.obolibrary.org/obo/DDO.owl#DDO_0000262>	<http://www.w3.org/2002/07/owl#Class>
<http://purl.obolibrary.org/obo/DDO.owl#DDO_0000263>	<http://www.w3.org/2002/07/owl#Class>
<http://purl.obolibrary.org/obo/DDO.owl#DDO_0000264>	<http://www.w3.org/2002/07/owl#Class>
<http://purl.obolibrary.org/obo/DDO.owl#DDO_0000265>	<http://www.w3.org/2002/07/owl#Class>
<http://purl.obolibrary.org/obo/DDO.owl#DDO_0000266>	<http://www.w3.org/2002/07/owl#Class>
<http://purl.obolibrary.org/obo/DDO.owl#DDO_0000267>	<http://www.w3.org/2002/07/owl#Class>
<http://purl.obolibrary.org/obo/DDO.owl#DDO_0000268>	<http://www.w3.org/2002/07/owl#Class>
<http://purl.obolibrary.org/obo/DDO.owl#DDO_0000269>	<http://www.w3.org/2002/07/owl#Class>
<http://purl.obolibrary.org/obo/DDO.owl#DDO_0000270>	<http://www.w3.org/2002/07/owl#Class>
<http://purl.obolibrary.org/obo/DDO.owl#DDO_0000271>	<http://www.w3.org/2002/07/owl#Class>
<http://purl.obolibrary.org/obo/DDO.owl#DDO_0000272>	<http://www.w3.org/2002/07/owl#Class>
<http://purl.obolibrary.org/obo/DDO.owl#DDO_0000273>	<http://www.w3.org/2002/07/owl#Class>
<http://purl.obolibrary.org/obo/DDO.owl#DDO_0000274>	<http://www.w3.org/2002/07/owl#Class>
<http://purl.obolibrary.org/obo/DDO.owl#DDO_0000275>	<http://www.w3.org/2002/07/owl#Class>
<http://purl.obolibrary.org/obo/DDO.owl#DDO_0000276>	<http://www.w3.org/2002/07/owl#Class>
<http://purl.obolibrary.org/obo/DDO.owl#DDO_0000277>	<http://www.w3.org/2002/07/owl#Class>
<http://purl.obolibrary.org/obo/DDO.owl#DDO_0000278>	<http://www.w3.org/2002/07/owl#Class>
<http://purl.obolibrary.org/obo/DDO.owl#DDO_0000279>	<http://www.w3.org/2002/07/owl#Class>
<http://purl.obolibrary.org/obo/DDO.owl#DDO_0000280>	<http://www.w3.org/2002/07/owl#Class>
<http://purl.obolibrary.org/obo/DDO.owl#DDO_0000281>	<http://www.w3.org/2002/07/owl#Class>
<http://purl.obolibrary.org/obo/DDO.owl#DDO_0000282>	<http://www.w3.org/2002/07/owl#Class>
<http://purl.obolibrary.org/obo/DDO.owl#DDO_0000283>	<http://www.w3.org/2002/07/owl#Class>
<http://purl.obolibrary.org/obo/DDO.owl#DDO_0000284>	<http://www.w3.org/2002/07/owl#Class>
<http://purl.obolibrary.org/obo/DDO.owl#DDO_0000285>	<http://www.w3.org/2002/07/owl#Class>
<http://purl.obolibrary.org/obo/DDO.owl#DDO_0000286>	<http://www.w3.org/2002/07/owl#Class>
<http://purl.obolibrary.org/obo/DDO.owl#DDO_0000287>	<http://www.w3.org/2002/07/owl#Class>
<http://purl.obolibrary.org/obo/DDO.owl#DDO_0000288>	<http://www.w3.org/2002/07/owl#Class>
<http://purl.obolibrary.org/obo/DDO.owl#DDO_0000289>	<http://www.w3.org/2002/07/owl#Class>
<http://purl.obolibrary.org/obo/DDO.owl#DDO_0000290>	<http://www.w3.org/2002/07/owl#Class>
<http://purl.obolibrary.org/obo/DDO.owl#DDO_0000291>	<http://www.w3.org/2002/07/owl#Class>
<http://purl.obolibrary.org/obo/DDO.owl#DDO_0000292>	<http://www.w3.org/2002/07/owl#Class>
<http://purl.obolibrary.org/obo/DDO.owl#DDO_0000293>	<http://www.w3.org/2002/07/owl#Class>
<http://purl.obolibrary.org/obo/DDO.owl#DDO_0000294>	<http://www.w3.org/2002/07/owl#Class>
<http://purl.obolibrary.org/obo/DDO.owl#DDO_0000295>	<http://www.w3.org/2002/07/owl#Class>
<http://purl.obolibrary.org/obo/DDO.owl#DDO_0000296>	<http://www.w3.org/2002/07/owl#Class>
<http://purl.obolibrary.org/obo/DDO.owl#DDO_0000297>	<http://www.w3.org/2002/07/owl#Class>
<http://purl.obolibrary.org/obo/DDO.owl#DDO_0000298>	<http://www.w3.org/2002/07/owl#Class>
<http://purl.obolibrary.org/obo/DDO.owl#DDO_0000299>	<http://www.w3.org/2002/07/owl#Class>
<http://purl.obolibrary.org/obo/DDO.owl#DDO_0000300>	<http://www.w3.org/2002/07/owl#Class>
<http://purl.obolibrary.org/obo/DDO.owl#DDO_0000301>	<http://www.w3.org/2002/07/owl#Class>
<http://purl.obolibrary.org/obo/DDO.owl#DDO_0000302>	<http://www.w3.org/2002/07/owl#Class>
<http://purl.obolibrary.org/obo/DDO.owl#DDO_0000303>	<http://www.w3.org/2002/07/owl#Class>
<http://purl.obolibrary.org/obo/DDO.owl#DDO_0000304>	<http://www.w3.org/2002/07/owl#Class>
<http://purl.obolibrary.org/obo/DDO.owl#DDO_0000305>	<http://www.w3.org/2002/07/owl#Class>
<http://purl.obolibrary.org/obo/DDO.owl#DDO_0000306>	<http://www.w3.org/2002/07/owl#Class>
<http://purl.obolibrary.org/obo/DDO.owl#DDO_0000307>	<http://www.w3.org/2002/07/owl#Class>
<http://purl.obolibrary.org/obo/DDO.owl#DDO_0000308>	<http://www.w3.org/2002/07/owl#Class>
<http://purl.obolibrary.org/obo/DDO.owl#DDO_0000309>	<http://www.w3.org/2002/07/owl#Class>
<http://purl.obolibrary.org/obo/DDO.owl#DDO_0000322>	<http://www.w3.org/2002/07/owl#Class>
<http://purl.obolibrary.org/obo/DDO.owl#DDO_0000323>	<http://www.w3.org/2002/07/owl#Class>
<http://purl.obolibrary.org/obo/DDO.owl#DDO_0000324>	<http://www.w3.org/2002/07/owl#Class>
<http://purl.obolibrary.org/obo/DDO.owl#DDO_0000325>	<http://www.w3.org/2002/07/owl#Class>
<http://purl.obolibrary.org/obo/DDO.owl#DDO_0000326>	<http://www.w3.org/2002/07/owl#Class>
<http://purl.obolibrary.org/obo/DDO.owl#DDO_0000327>	<http://www.w3.org/2002/07/owl#Class>
<http://purl.obolibrary.org/obo/DDO.owl#DDO_0000328>	<http://www.w3.org/2002/07/owl#Class>
<http://purl.obolibrary.org/obo/DDO.owl#DDO_0000329>	<http://www.w3.org/2002/07/owl#Class>
<http://purl.obolibrary.org/obo/DDO.owl#DDO_0000330>	<http://www.w3.org/2002/07/owl#Class>
<http://purl.obolibrary.org/obo/DDO.owl#DDO_0000331>	<http://www.w3.org/2002/07/owl#Class>
<http://purl.obolibrary.org/obo/DDO.owl#DDO_0000332>	<http://www.w3.org/2002/07/owl#Class>
<http://purl.obolibrary.org/obo/DDO.owl#DDO_0000333>	<http://www.w3.org/2002/07/owl#Class>
<http://purl.obolibrary.org/obo/DDO.owl#DDO_0000334>	<http://www.w3.org/2002/07/owl#Class>
<http://purl.obolibrary.org/obo/DDO.owl#DDO_0000335>	<http://www.w3.org/2002/07/owl#Class>
<http://purl.obolibrary.org/obo/DDO.owl#DDO_0000336>	<http://www.w3.org/2002/07/owl#Class>
<http://purl.obolibrary.org/obo/DDO.owl#DDO_0000337>	<http://www.w3.org/2002/07/owl#Class>
<http://purl.obolibrary.org/obo/DDO.owl#DDO_0000338>	<http://www.w3.org/2002/07/owl#Class>
<http://purl.obolibrary.org/obo/DDO.owl#DDO_0000339>	<http://www.w3.org/2002/07/owl#Class>
<http://purl.obolibrary.org/obo/DDO.owl#DDO_0000340>	<http://www.w3.org/2002/07/owl#Class>
<http://purl.obolibrary.org/obo/DDO.owl#DDO_0000341>	<http://www.w3.org/2002/07/owl#Class>
<http://purl.obolibrary.org/obo/DDO.owl#DDO_0000342>	<http://www.w3.org/2002/07/owl#Class>
<http://purl.obolibrary.org/obo/DDO.owl#DDO_0000343>	<http://www.w3.org/2002/07/owl#Class>
<http://purl.obolibrary.org/obo/DDO.owl#DDO_0000344>	<http://www.w3.org/2002/07/owl#Class>
<http://purl.obolibrary.org/obo/DDO.owl#DDO_0000345>	<http://www.w3.org/2002/07/owl#Class>
<http://purl.obolibrary.org/obo/DDO.owl#DDO_0000346>	<http://www.w3.org/2002/07/owl#Class>
<http://purl.obolibrary.org/obo/DDO.owl#DDO_0000347>	<http://www.w3.org/2002/07/owl#Class>
<http://purl.obolibrary.org/obo/DDO.owl#DDO_0000348>	<http://www.w3.org/2002/07/owl#Class>
<http://purl.obolibrary.org/obo/DDO.owl#DDO_0000350>	<http://www.w3.org/2002/07/owl#Class>
<http://purl.obolibrary.org/obo/DDO.owl#DDO_0000351>	<http://www.w3.org/2002/07/owl#Class>
<http://purl.obolibrary.org/obo/DDO.owl#DDO_0000352>	<http://www.w3.org/2002/07/owl#Class>
<http://purl.obolibrary.org/obo/DDO.owl#DDO_0000353>	<http://www.w3.org/2002/07/owl#Class>
<http://purl.obolibrary.org/obo/DDO.owl#DDO_0000354>	<http://www.w3.org/2002/07/owl#Class>
<http://purl.obolibrary.org/obo/DDO.owl#DDO_0000355>	<http://www.w3.org/2002/07/owl#Class>
<http://purl.obolibrary.org/obo/DDO.owl#DDO_0000357>	<http://www.w3.org/2002/07/owl#Class>
<http://purl.obolibrary.org/obo/DDO.owl#DDO_0000360>	<http://www.w3.org/2002/07/owl#Class>
<http://purl.obolibrary.org/obo/DDO.owl#DDO_0000361>	<http://www.w3.org/2002/07/owl#Class>
<http://purl.obolibrary.org/obo/DDO.owl#DDO_0000365>	<http://www.w3.org/2002/07/owl#Class>
<http://purl.obolibrary.org/obo/DDO.owl#DDO_0000366>	<http://www.w3.org/2002/07/owl#Class>
<http://purl.obolibrary.org/obo/DDO.owl#DDO_0000367>	<http://www.w3.org/2002/07/owl#Class>
<http://purl.obolibrary.org/obo/DDO.owl#DDO_0000368>	<http://www.w3.org/2002/07/owl#Class>
<http://purl.obolibrary.org/obo/DDO.owl#DDO_0000370>	<http://www.w3.org/2002/07/owl#Class>
<http://purl.obolibrary.org/obo/DDO.owl#DDO_0000372>	<http://www.w3.org/2002/07/owl#Class>
<http://purl.obolibrary.org/obo/DDO.owl#DDO_0000373>	<http://www.w3.org/2002/07/owl#Class>
<http://purl.obolibrary.org/obo/DDO.owl#DDO_0000374>	<http://www.w3.org/2002/07/owl#Class>
<http://purl.obolibrary.org/obo/DDO.owl#DDO_0000375>	<http://www.w3.org/2002/07/owl#Class>
<http://purl.obolibrary.org/obo/DDO.owl#DDO_0000376>	<http://www.w3.org/2002/07/owl#Class>
<http://purl.obolibrary.org/obo/DDO.owl#DDO_0000392>	<http://www.w3.org/2002/07/owl#Class>
<http://purl.obolibrary.org/obo/DDO.owl#DDO_0000393>	<http://www.w3.org/2002/07/owl#Class>
<http://purl.obolibrary.org/obo/DDO.owl#DDO_0000394>	<http://www.w3.org/2002/07/owl#Class>
<http://purl.obolibrary.org/obo/DDO.owl#DDO_0000395>	<http://www.w3.org/2002/07/owl#Class>
<http://purl.obolibrary.org/obo/DDO.owl#DDO_0000396>	<http://www.w3.org/2002/07/owl#Class>
<http://purl.obolibrary.org/obo/DDO.owl#DDO_0000397>	<http://www.w3.org/2002/07/owl#Class>
<http://purl.obolibrary.org/obo/DDO.owl#DDO_0000398>	<http://www.w3.org/2002/07/owl#Class>
<http://purl.obolibrary.org/obo/DDO.owl#DDO_0000399>	<http://www.w3.org/2002/07/owl#Class>
<http://purl.obolibrary.org/obo/DDO.owl#DDO_0000400>	<http://www.w3.org/2002/07/owl#Class>
<http://purl.obolibrary.org/obo/DDO.owl#DDO_0000401>	<http://www.w3.org/2002/07/owl#Class>
<http://purl.obolibrary.org/obo/DDO.owl#DDO_00004011>	<http://www.w3.org/2002/07/owl#Class>
<http://purl.obolibrary.org/obo/DDO.owl#DDO_00004012>	<http://www.w3.org/2002/07/owl#Class>
<http://purl.obolibrary.org/obo/DDO.owl#DDO_00004013>	<http://www.w3.org/2002/07/owl#Class>
<http://purl.obolibrary.org/obo/DDO.owl#DDO_00004014>	<http://www.w3.org/2002/07/owl#Class>
<http://purl.obolibrary.org/obo/DDO.owl#DDO_0000402>	<http://www.w3.org/2002/07/owl#Class>
<http://purl.obolibrary.org/obo/DDO.owl#DDO_0000403>	<http://www.w3.org/2002/07/owl#Class>
<http://purl.obolibrary.org/obo/DDO.owl#DDO_0000404>	<http://www.w3.org/2002/07/owl#Class>
<http://purl.obolibrary.org/obo/DDO.owl#DDO_0000405>	<http://www.w3.org/2002/07/owl#Class>
<http://purl.obolibrary.org/obo/DDO.owl#DDO_0000406>	<http://www.w3.org/2002/07/owl#Class>
<http://purl.obolibrary.org/obo/DDO.owl#DDO_0000407>	<http://www.w3.org/2002/07/owl#Class>
<http://purl.obolibrary.org/obo/DDO.owl#DDO_0000408>	<http://www.w3.org/2002/07/owl#Class>
<http://purl.obolibrary.org/obo/DDO.owl#DDO_0000409>	<http://www.w3.org/2002/07/owl#Class>
<http://purl.obolibrary.org/obo/DDO.owl#DDO_0000410>	<http://www.w3.org/2002/07/owl#Class>
<http://purl.obolibrary.org/obo/DDO.owl#DDO_0000413>	<http://www.w3.org/2002/07/owl#Class>
<http://purl.obolibrary.org/obo/DDO.owl#DDO_0000415>	<http://www.w3.org/2002/07/owl#Class>
<http://purl.obolibrary.org/obo/DDO.owl#DDO_0000416>	<http://www.w3.org/2002/07/owl#Class>
<http://purl.obolibrary.org/obo/DDO.owl#DDO_0000417>	<http://www.w3.org/2002/07/owl#Class>
<http://purl.obolibrary.org/obo/DDO.owl#DDO_0000418>	<http://www.w3.org/2002/07/owl#Class>
<http://purl.obolibrary.org/obo/DDO.owl#DDO_0000419>	<http://www.w3.org/2002/07/owl#Class>
<http://purl.obolibrary.org/obo/DDO.owl#DDO_0000420>	<http://www.w3.org/2002/07/owl#Class>
<http://purl.obolibrary.org/obo/DDO.owl#DDO_0000421>	<http://www.w3.org/2002/07/owl#Class>
<http://purl.obolibrary.org/obo/DDO.owl#DDO_0000422>	<http://www.w3.org/2002/07/owl#Class>
<http://purl.obolibrary.org/obo/DDO.owl#DDO_0000423>	<http://www.w3.org/2002/07/owl#Class>
<http://purl.obolibrary.org/obo/DDO.owl#DDO_0000424>	<http://www.w3.org/2002/07/owl#Class>
<http://purl.obolibrary.org/obo/DDO.owl#DDO_0000425>	<http://www.w3.org/2002/07/owl#Class>
<http://purl.obolibrary.org/obo/DDO.owl#DDO_0000426>	<http://www.w3.org/2002/07/owl#Class>
<http://purl.obolibrary.org/obo/DDO.owl#DDO_0000428>	<http://www.w3.org/2002/07/owl#Class>
<http://purl.obolibrary.org/obo/DDO.owl#DDO_0000429>	<http://www.w3.org/2002/07/owl#Class>
<http://purl.obolibrary.org/obo/DDO.owl#DDO_0000430>	<http://www.w3.org/2002/07/owl#Class>
<http://purl.obolibrary.org/obo/DDO.owl#DDO_0000431>	<http://www.w3.org/2002/07/owl#Class>
<http://purl.obolibrary.org/obo/DDO.owl#DDO_0000432>	<http://www.w3.org/2002/07/owl#Class>
<http://purl.obolibrary.org/obo/DDO.owl#DDO_0000433>	<http://www.w3.org/2002/07/owl#Class>
<http://purl.obolibrary.org/obo/DDO.owl#DDO_0000434>	<http://www.w3.org/2002/07/owl#Class>
<http://purl.obolibrary.org/obo/DDO.owl#DDO_0000435>	<http://www.w3.org/2002/07/owl#Class>
<http://purl.obolibrary.org/obo/DDO.owl#DDO_0000436>	<http://www.w3.org/2002/07/owl#Class>
<http://purl.obolibrary.org/obo/DDO.owl#DDO_0000437>	<http://www.w3.org/2002/07/owl#Class>
<http://purl.obolibrary.org/obo/DDO.owl#DDO_0000438>	<http://www.w3.org/2002/07/owl#Class>
<http://purl.obolibrary.org/obo/DDO.owl#DDO_0000439>	<http://www.w3.org/2002/07/owl#Class>
<http://purl.obolibrary.org/obo/DDO.owl#DDO_0000440>	<http://www.w3.org/2002/07/owl#Class>
<http://purl.obolibrary.org/obo/DDO.owl#DDO_0000441>	<http://www.w3.org/2002/07/owl#Class>
<http://purl.obolibrary.org/obo/DDO.owl#DDO_0000442>	<http://www.w3.org/2002/07/owl#Class>
<http://purl.obolibrary.org/obo/DDO.owl#DDO_0000443>	<http://www.w3.org/2002/07/owl#Class>
<http://purl.obolibrary.org/obo/DDO.owl#DDO_0000444>	<http://www.w3.org/2002/07/owl#Class>
<http://purl.obolibrary.org/obo/DDO.owl#DDO_0000445>	<http://www.w3.org/2002/07/owl#Class>
<http://purl.obolibrary.org/obo/DDO.owl#DDO_0000446>	<http://www.w3.org/2002/07/owl#Class>
<http://purl.obolibrary.org/obo/DDO.owl#DDO_0000447>	<http://www.w3.org/2002/07/owl#Class>
<http://purl.obolibrary.org/obo/DDO.owl#DDO_0000448>	<http://www.w3.org/2002/07/owl#Class>
<http://purl.obolibrary.org/obo/DDO.owl#DDO_0000449>	<http://www.w3.org/2002/07/owl#Class>
<http://purl.obolibrary.org/obo/DDO.owl#DDO_0000450>	<http://www.w3.org/2002/07/owl#Class>
<http://purl.obolibrary.org/obo/DDO.owl#DDO_0000454>	<http://www.w3.org/2002/07/owl#Class>
<http://purl.obolibrary.org/obo/DDO.owl#DDO_0000455>	<http://www.w3.org/2002/07/owl#Class>
<http://purl.obolibrary.org/obo/DDO.owl#DDO_0000457>	<http://www.w3.org/2002/07/owl#Class>
<http://purl.obolibrary.org/obo/DDO.owl#DDO_0000458>	<http://www.w3.org/2002/07/owl#Class>
<http://purl.obolibrary.org/obo/DDO.owl#DDO_0000459>	<http://www.w3.org/2002/07/owl#Class>
<http://purl.obolibrary.org/obo/DDO.owl#DDO_0000460>	<http://www.w3.org/2002/07/owl#Class>
<http://purl.obolibrary.org/obo/DDO.owl#DDO_0000461>	<http://www.w3.org/2002/07/owl#Class>
<http://purl.obolibrary.org/obo/DDO.owl#DDO_0000462>	<http://www.w3.org/2002/07/owl#Class>
<http://purl.obolibrary.org/obo/DDO.owl#DDO_0000463>	<http://www.w3.org/2002/07/owl#Class>
<http://purl.obolibrary.org/obo/DDO.owl#DDO_0000464>	<http://www.w3.org/2002/07/owl#Class>
<http://purl.obolibrary.org/obo/DDO.owl#DDO_0000465>	<http://www.w3.org/2002/07/owl#Class>
<http://purl.obolibrary.org/obo/DDO.owl#DDO_0000466>	<http://www.w3.org/2002/07/owl#Class>
<http://purl.obolibrary.org/obo/DDO.owl#DDO_0000467>	<http://www.w3.org/2002/07/owl#Class>
<http://purl.obolibrary.org/obo/DDO.owl#DDO_0000468>	<http://www.w3.org/2002/07/owl#Class>
<http://purl.obolibrary.org/obo/DDO.owl#DDO_0000469>	<http://www.w3.org/2002/07/owl#Class>
<http://purl.obolibrary.org/obo/DDO.owl#DDO_0000470>	<http://www.w3.org/2002/07/owl#Class>
<http://purl.obolibrary.org/obo/DDO.owl#DDO_0000471>	<http://www.w3.org/2002/07/owl#Class>
<http://purl.obolibrary.org/obo/DDO.owl#DDO_0000472>	<http://www.w3.org/2002/07/owl#Class>
<http://purl.obolibrary.org/obo/DDO.owl#DDO_0000473>	<http://www.w3.org/2002/07/owl#Class>
<http://purl.obolibrary.org/obo/DDO.owl#DDO_0000474>	<http://www.w3.org/2002/07/owl#Class>
<http://purl.obolibrary.org/obo/DDO.owl#DDO_0000475>	<http://www.w3.org/2002/07/owl#Class>
<http://purl.obolibrary.org/obo/DDO.owl#DDO_0000476>	<http://www.w3.org/2002/07/owl#Class>
<http://purl.obolibrary.org/obo/DDO.owl#DDO_0000477>	<http://www.w3.org/2002/07/owl#Class>
<http://purl.obolibrary.org/obo/DDO.owl#DDO_0000478>	<http://www.w3.org/2002/07/owl#Class>
<http://purl.obolibrary.org/obo/DDO.owl#DDO_0000479>	<http://www.w3.org/2002/07/owl#Class>
<http://purl.obolibrary.org/obo/DDO.owl#DDO_0000480>	<http://www.w3.org/2002/07/owl#Class>
<http://purl.obolibrary.org/obo/DDO.owl#DDO_0000481>	<http://www.w3.org/2002/07/owl#Class>
<http://purl.obolibrary.org/obo/DDO.owl#DDO_0000482>	<http://www.w3.org/2002/07/owl#Class>
<http://purl.obolibrary.org/obo/DDO.owl#DDO_0000483>	<http://www.w3.org/2002/07/owl#Class>
<http://purl.obolibrary.org/obo/DDO.owl#DDO_0000484>	<http://www.w3.org/2002/07/owl#Class>
<http://purl.obolibrary.org/obo/DDO.owl#DDO_0000485>	<http://www.w3.org/2002/07/owl#Class>
<http://purl.obolibrary.org/obo/DDO.owl#DDO_0000486>	<http://www.w3.org/2002/07/owl#Class>
<http://purl.obolibrary.org/obo/DDO.owl#DDO_0000487>	<http://www.w3.org/2002/07/owl#Class>
<http://purl.obolibrary.org/obo/DDO.owl#DDO_0000488>	<http://www.w3.org/2002/07/owl#Class>
<http://purl.obolibrary.org/obo/DDO.owl#DDO_0000489>	<http://www.w3.org/2002/07/owl#Class>
<http://purl.obolibrary.org/obo/DDO.owl#DDO_0000490>	<http://www.w3.org/2002/07/owl#Class>
<http://purl.obolibrary.org/obo/DDO.owl#DDO_0000491>	<http://www.w3.org/2002/07/owl#Class>
<http://purl.obolibrary.org/obo/DDO.owl#DDO_0000492>	<http://www.w3.org/2002/07/owl#Class>
<http://purl.obolibrary.org/obo/DDO.owl#DDO_0000493>	<http://www.w3.org/2002/07/owl#Class>
<http://purl.obolibrary.org/obo/DDO.owl#DDO_0000494>	<http://www.w3.org/2002/07/owl#Class>
<http://purl.obolibrary.org/obo/DDO.owl#DDO_0000495>	<http://www.w3.org/2002/07/owl#Class>
<http://purl.obolibrary.org/obo/DDO.owl#DDO_0000496>	<http://www.w3.org/2002/07/owl#Class>
<http://purl.obolibrary.org/obo/DDO.owl#DDO_0000497>	<http://www.w3.org/2002/07/owl#Class>
<http://purl.obolibrary.org/obo/DDO.owl#DDO_0000498>	<http://www.w3.org/2002/07/owl#Class>
<http://purl.obolibrary.org/obo/DDO.owl#DDO_0000499>	<http://www.w3.org/2002/07/owl#Class>
<http://purl.obolibrary.org/obo/DDO.owl#DDO_0000500>	<http://www.w3.org/2002/07/owl#Class>
<http://purl.obolibrary.org/obo/DDO.owl#DDO_0000501>	<http://www.w3.org/2002/07/owl#Class>
<http://purl.obolibrary.org/obo/DDO.owl#DDO_0000502>	<http://www.w3.org/2002/07/owl#Class>
<http://purl.obolibrary.org/obo/DDO.owl#DDO_0000503>	<http://www.w3.org/2002/07/owl#Class>
<http://purl.obolibrary.org/obo/DDO.owl#DDO_0000504>	<http://www.w3.org/2002/07/owl#Class>
<http://purl.obolibrary.org/obo/DDO.owl#DDO_0000505>	<http://www.w3.org/2002/07/owl#Class>
<http://purl.obolibrary.org/obo/DDO.owl#DDO_0000506>	<http://www.w3.org/2002/07/owl#Class>
<http://purl.obolibrary.org/obo/DDO.owl#DDO_0000507>	<http://www.w3.org/2002/07/owl#Class>
<http://purl.obolibrary.org/obo/DDO.owl#DDO_0000508>	<http://www.w3.org/2002/07/owl#Class>
<http://purl.obolibrary.org/obo/DDO.owl#DDO_0000509>	<http://www.w3.org/2002/07/owl#Class>
<http://purl.obolibrary.org/obo/DDO.owl#DDO_0000510>	<http://www.w3.org/2002/07/owl#Class>
<http://purl.obolibrary.org/obo/DDO.owl#DDO_0000511>	<http://www.w3.org/2002/07/owl#Class>
<http://purl.obolibrary.org/obo/DDO.owl#DDO_0000512>	<http://www.w3.org/2002/07/owl#Class>
<http://purl.obolibrary.org/obo/DDO.owl#DDO_0000513>	<http://www.w3.org/2002/07/owl#Class>
<http://purl.obolibrary.org/obo/DDO.owl#DDO_0000514>	<http://www.w3.org/2002/07/owl#Class>
<http://purl.obolibrary.org/obo/DDO.owl#DDO_0000515>	<http://www.w3.org/2002/07/owl#Class>
<http://purl.obolibrary.org/obo/DDO.owl#DDO_0000516>	<http://www.w3.org/2002/07/owl#Class>
<http://purl.obolibrary.org/obo/DDO.owl#DDO_0000517>	<http://www.w3.org/2002/07/owl#Class>
<http://purl.obolibrary.org/obo/DDO.owl#DDO_0000518>	<http://www.w3.org/2002/07/owl#Class>
<http://purl.obolibrary.org/obo/DDO.owl#DDO_0000519>	<http://www.w3.org/2002/07/owl#Class>
<http://purl.obolibrary.org/obo/DDO.owl#DDO_0000520>	<http://www.w3.org/2002/07/owl#Class>
<http://purl.obolibrary.org/obo/DDO.owl#DDO_0000521>	<http://www.w3.org/2002/07/owl#Class>
<http://purl.obolibrary.org/obo/DDO.owl#DDO_0000522>	<http://www.w3.org/2002/07/owl#Class>
<http://purl.obolibrary.org/obo/DDO.owl#DDO_0000523>	<http://www.w3.org/2002/07/owl#Class>
<http://purl.obolibrary.org/obo/DDO.owl#DDO_0000524>	<http://www.w3.org/2002/07/owl#Class>
<http://purl.obolibrary.org/obo/DDO.owl#DDO_0000525>	<http://www.w3.org/2002/07/owl#Class>
<http://purl.obolibrary.org/obo/DDO.owl#DDO_0000526>	<http://www.w3.org/2002/07/owl#Class>
<http://purl.obolibrary.org/obo/DDO.owl#DDO_0000527>	<http://www.w3.org/2002/07/owl#Class>
<http://purl.obolibrary.org/obo/DDO.owl#DDO_0000528>	<http://www.w3.org/2002/07/owl#Class>
<http://purl.obolibrary.org/obo/DDO.owl#DDO_0000529>	<http://www.w3.org/2002/07/owl#Class>
<http://purl.obolibrary.org/obo/DDO.owl#DDO_0000530>	<http://www.w3.org/2002/07/owl#Class>
<http://purl.obolibrary.org/obo/DDO.owl#DDO_0000531>	<http://www.w3.org/2002/07/owl#Class>
<http://purl.obolibrary.org/obo/DDO.owl#DDO_0000532>	<http://www.w3.org/2002/07/owl#Class>
<http://purl.obolibrary.org/obo/DDO.owl#DDO_0000533>	<http://www.w3.org/2002/07/owl#Class>
<http://purl.obolibrary.org/obo/DDO.owl#DDO_0000534>	<http://www.w3.org/2002/07/owl#Class>
<http://purl.obolibrary.org/obo/DDO.owl#DDO_0000535>	<http://www.w3.org/2002/07/owl#Class>
<http://purl.obolibrary.org/obo/DDO.owl#DDO_0000536>	<http://www.w3.org/2002/07/owl#Class>
<http://purl.obolibrary.org/obo/DDO.owl#DDO_0000538>	<http://www.w3.org/2002/07/owl#Class>
<http://purl.obolibrary.org/obo/DDO.owl#DDO_0000539>	<http://www.w3.org/2002/07/owl#Class>
<http://purl.obolibrary.org/obo/DDO.owl#DDO_0000540>	<http://www.w3.org/2002/07/owl#Class>
<http://purl.obolibrary.org/obo/DDO.owl#DDO_0000541>	<http://www.w3.org/2002/07/owl#Class>
<http://purl.obolibrary.org/obo/DDO.owl#DDO_0000542>	<http://www.w3.org/2002/07/owl#Class>
<http://purl.obolibrary.org/obo/DDO.owl#DDO_0000543>	<http://www.w3.org/2002/07/owl#Class>
<http://purl.obolibrary.org/obo/DDO.owl#DDO_0000544>	<http://www.w3.org/2002/07/owl#Class>
<http://purl.obolibrary.org/obo/DDO.owl#DDO_0000545>	<http://www.w3.org/2002/07/owl#Class>
<http://purl.obolibrary.org/obo/DDO.owl#DDO_0000546>	<http://www.w3.org/2002/07/owl#Class>
<http://purl.obolibrary.org/obo/DDO.owl#DDO_0000547>	<http://www.w3.org/2002/07/owl#Class>
<http://purl.obolibrary.org/obo/DDO.owl#DDO_0000548>	<http://www.w3.org/2002/07/owl#Class>
<http://purl.obolibrary.org/obo/DDO.owl#DDO_0000549>	<http://www.w3.org/2002/07/owl#Class>
<http://purl.obolibrary.org/obo/DDO.owl#DDO_0000550>	<http://www.w3.org/2002/07/owl#Class>
<http://purl.obolibrary.org/obo/DDO.owl#DDO_0000551>	<http://www.w3.org/2002/07/owl#Class>
<http://purl.obolibrary.org/obo/DDO.owl#DDO_0000552>	<http://www.w3.org/2002/07/owl#Class>
<http://purl.obolibrary.org/obo/DDO.owl#DDO_0000553>	<http://www.w3.org/2002/07/owl#Class>
<http://purl.obolibrary.org/obo/DDO.owl#DDO_0000554>	<http://www.w3.org/2002/07/owl#Class>
<http://purl.obolibrary.org/obo/DDO.owl#DDO_0000555>	<http://www.w3.org/2002/07/owl#Class>
<http://purl.obolibrary.org/obo/DDO.owl#DDO_0000556>	<http://www.w3.org/2002/07/owl#Class>
<http://purl.obolibrary.org/obo/DDO.owl#DDO_0000557>	<http://www.w3.org/2002/07/owl#Class>
<http://purl.obolibrary.org/obo/DDO.owl#DDO_0000558>	<http://www.w3.org/2002/07/owl#Class>
<http://purl.obolibrary.org/obo/DDO.owl#DDO_0000559>	<http://www.w3.org/2002/07/owl#Class>
<http://purl.obolibrary.org/obo/DDO.owl#DDO_0000560>	<http://www.w3.org/2002/07/owl#Class>
<http://purl.obolibrary.org/obo/DDO.owl#DDO_0000561>	<http://www.w3.org/2002/07/owl#Class>
<http://purl.obolibrary.org/obo/DDO.owl#DDO_0000562>	<http://www.w3.org/2002/07/owl#Class>
<http://purl.obolibrary.org/obo/DDO.owl#DDO_0000563>	<http://www.w3.org/2002/07/owl#Class>
<http://purl.obolibrary.org/obo/DDO.owl#DDO_0000564>	<http://www.w3.org/2002/07/owl#Class>
<http://purl.obolibrary.org/obo/DDO.owl#DDO_0000565>	<http://www.w3.org/2002/07/owl#Class>
<http://purl.obolibrary.org/obo/DDO.owl#DDO_0000566>	<http://www.w3.org/2002/07/owl#Class>
<http://purl.obolibrary.org/obo/DDO.owl#DDO_0000567>	<http://www.w3.org/2002/07/owl#Class>
<http://purl.obolibrary.org/obo/DDO.owl#DDO_0000568>	<http://www.w3.org/2002/07/owl#Class>
<http://purl.obolibrary.org/obo/DDO.owl#DDO_0000569>	<http://www.w3.org/2002/07/owl#Class>
<http://purl.obolibrary.org/obo/DDO.owl#DDO_0000570>	<http://www.w3.org/2002/07/owl#Class>
<http://purl.obolibrary.org/obo/DDO.owl#DDO_0000571>	<http://www.w3.org/2002/07/owl#Class>
<http://purl.obolibrary.org/obo/DDO.owl#DDO_0000572>	<http://www.w3.org/2002/07/owl#Class>
<http://purl.obolibrary.org/obo/DDO.owl#DDO_0000573>	<http://www.w3.org/2002/07/owl#Class>
<http://purl.obolibrary.org/obo/DDO.owl#DDO_0000574>	<http://www.w3.org/2002/07/owl#Class>
<http://purl.obolibrary.org/obo/DDO.owl#DDO_0000575>	<http://www.w3.org/2002/07/owl#Class>
<http://purl.obolibrary.org/obo/DDO.owl#DDO_0000576>	<http://www.w3.org/2002/07/owl#Class>
<http://purl.obolibrary.org/obo/DDO.owl#DDO_0000577>	<http://www.w3.org/2002/07/owl#Class>
<http://purl.obolibrary.org/obo/DDO.owl#DDO_0000578>	<http://www.w3.org/2002/07/owl#Class>
<http://purl.obolibrary.org/obo/DDO.owl#DDO_0000579>	<http://www.w3.org/2002/07/owl#Class>
<http://purl.obolibrary.org/obo/DDO.owl#DDO_0000580>	<http://www.w3.org/2002/07/owl#Class>
<http://purl.obolibrary.org/obo/DDO.owl#DDO_0000581>	<http://www.w3.org/2002/07/owl#Class>
<http://purl.obolibrary.org/obo/DDO.owl#DDO_0000582>	<http://www.w3.org/2002/07/owl#Class>
<http://purl.obolibrary.org/obo/DDO.owl#DDO_0000583>	<http://www.w3.org/2002/07/owl#Class>
<http://purl.obolibrary.org/obo/DDO.owl#DDO_0000584>	<http://www.w3.org/2002/07/owl#Class>
<http://purl.obolibrary.org/obo/DDO.owl#DDO_0000585>	<http://www.w3.org/2002/07/owl#Class>
<http://purl.obolibrary.org/obo/DDO.owl#DDO_0000586>	<http://www.w3.org/2002/07/owl#Class>
<http://purl.obolibrary.org/obo/DDO.owl#DDO_0000587>	<http://www.w3.org/2002/07/owl#Class>
<http://purl.obolibrary.org/obo/DDO.owl#DDO_0000588>	<http://www.w3.org/2002/07/owl#Class>
<http://purl.obolibrary.org/obo/DDO.owl#DDO_0000589>	<http://www.w3.org/2002/07/owl#Class>
<http://purl.obolibrary.org/obo/DDO.owl#DDO_0000590>	<http://www.w3.org/2002/07/owl#Class>
<http://purl.obolibrary.org/obo/DDO.owl#DDO_0000591>	<http://www.w3.org/2002/07/owl#Class>
<http://purl.obolibrary.org/obo/DDO.owl#DDO_0000592>	<http://www.w3.org/2002/07/owl#Class>
<http://purl.obolibrary.org/obo/DDO.owl#DDO_0000593>	<http://www.w3.org/2002/07/owl#Class>
<http://purl.obolibrary.org/obo/DDO.owl#DDO_0000594>	<http://www.w3.org/2002/07/owl#Class>
<http://purl.obolibrary.org/obo/DDO.owl#DDO_0000595>	<http://www.w3.org/2002/07/owl#Class>
<http://purl.obolibrary.org/obo/DDO.owl#DDO_0000596>	<http://www.w3.org/2002/07/owl#Class>
<http://purl.obolibrary.org/obo/DDO.owl#DDO_0000597>	<http://www.w3.org/2002/07/owl#Class>
<http://purl.obolibrary.org/obo/DDO.owl#DDO_0000598>	<http://www.w3.org/2002/07/owl#Class>
<http://purl.obolibrary.org/obo/DDO.owl#DDO_0000599>	<http://www.w3.org/2002/07/owl#Class>
<http://purl.obolibrary.org/obo/DDO.owl#DDO_0000600>	<http://www.w3.org/2002/07/owl#Class>
<http://purl.obolibrary.org/obo/DDO.owl#DDO_0000601>	<http://www.w3.org/2002/07/owl#Class>
<http://purl.obolibrary.org/obo/DDO.owl#DDO_0000602>	<http://www.w3.org/2002/07/owl#Class>
<http://purl.obolibrary.org/obo/DDO.owl#DDO_0000603>	<http://www.w3.org/2002/07/owl#Class>
<http://purl.obolibrary.org/obo/DDO.owl#DDO_0000604>	<http://www.w3.org/2002/07/owl#Class>
<http://purl.obolibrary.org/obo/DDO.owl#DDO_0000605>	<http://www.w3.org/2002/07/owl#Class>
<http://purl.obolibrary.org/obo/DDO.owl#DDO_0000606>	<http://www.w3.org/2002/07/owl#Class>
<http://purl.obolibrary.org/obo/DDO.owl#DDO_0000607>	<http://www.w3.org/2002/07/owl#Class>
<http://purl.obolibrary.org/obo/DDO.owl#DDO_0000608>	<http://www.w3.org/2002/07/owl#Class>
<http://purl.obolibrary.org/obo/DDO.owl#DDO_0000609>	<http://www.w3.org/2002/07/owl#Class>
<http://purl.obolibrary.org/obo/DDO.owl#DDO_0000610>	<http://www.w3.org/2002/07/owl#Class>
<http://purl.obolibrary.org/obo/DDO.owl#DDO_0000611>	<http://www.w3.org/2002/07/owl#Class>
<http://purl.obolibrary.org/obo/DDO.owl#DDO_0000612>	<http://www.w3.org/2002/07/owl#Class>
<http://purl.obolibrary.org/obo/DDO.owl#DDO_0000613>	<http://www.w3.org/2002/07/owl#Class>
<http://purl.obolibrary.org/obo/DDO.owl#DDO_0000614>	<http://www.w3.org/2002/07/owl#Class>
<http://purl.obolibrary.org/obo/DDO.owl#DDO_0000615>	<http://www.w3.org/2002/07/owl#Class>
<http://purl.obolibrary.org/obo/DDO.owl#DDO_0000616>	<http://www.w3.org/2002/07/owl#Class>
<http://purl.obolibrary.org/obo/DDO.owl#DDO_0000617>	<http://www.w3.org/2002/07/owl#Class>
<http://purl.obolibrary.org/obo/DDO.owl#DDO_0000618>	<http://www.w3.org/2002/07/owl#Class>
<http://purl.obolibrary.org/obo/DDO.owl#DDO_0000619>	<http://www.w3.org/2002/07/owl#Class>
<http://purl.obolibrary.org/obo/DDO.owl#DDO_0000620>	<http://www.w3.org/2002/07/owl#Class>
<http://purl.obolibrary.org/obo/DDO.owl#DDO_0000621>	<http://www.w3.org/2002/07/owl#Class>
<http://purl.obolibrary.org/obo/DDO.owl#DDO_0000622>	<http://www.w3.org/2002/07/owl#Class>
<http://purl.obolibrary.org/obo/DDO.owl#DDO_0000623>	<http://www.w3.org/2002/07/owl#Class>
<http://purl.obolibrary.org/obo/DDO.owl#DDO_0000624>	<http://www.w3.org/2002/07/owl#Class>
<http://purl.obolibrary.org/obo/DDO.owl#DDO_0000625>	<http://www.w3.org/2002/07/owl#Class>
<http://purl.obolibrary.org/obo/DDO.owl#DDO_0000626>	<http://www.w3.org/2002/07/owl#Class>
<http://purl.obolibrary.org/obo/DDO.owl#DDO_0000627>	<http://www.w3.org/2002/07/owl#Class>
<http://purl.obolibrary.org/obo/DDO.owl#DDO_0000628>	<http://www.w3.org/2002/07/owl#Class>
<http://purl.obolibrary.org/obo/DDO.owl#DDO_0000629>	<http://www.w3.org/2002/07/owl#Class>
<http://purl.obolibrary.org/obo/DDO.owl#DDO_0000630>	<http://www.w3.org/2002/07/owl#Class>
<http://purl.obolibrary.org/obo/DDO.owl#DDO_0000631>	<http://www.w3.org/2002/07/owl#Class>
<http://purl.obolibrary.org/obo/DDO.owl#DDO_0000632>	<http://www.w3.org/2002/07/owl#Class>
<http://purl.obolibrary.org/obo/DDO.owl#DDO_0000633>	<http://www.w3.org/2002/07/owl#Class>
<http://purl.obolibrary.org/obo/DDO.owl#DDO_0000634>	<http://www.w3.org/2002/07/owl#Class>
<http://purl.obolibrary.org/obo/DDO.owl#DDO_0000635>	<http://www.w3.org/2002/07/owl#Class>
<http://purl.obolibrary.org/obo/DDO.owl#DDO_0000636>	<http://www.w3.org/2002/07/owl#Class>
<http://purl.obolibrary.org/obo/DDO.owl#DDO_0000637>	<http://www.w3.org/2002/07/owl#Class>
<http://purl.obolibrary.org/obo/DDO.owl#DDO_0000638>	<http://www.w3.org/2002/07/owl#Class>
<http://purl.obolibrary.org/obo/DDO.owl#DDO_0000639>	<http://www.w3.org/2002/07/owl#Class>
<http://purl.obolibrary.org/obo/DDO.owl#DDO_0000640>	<http://www.w3.org/2002/07/owl#Class>
<http://purl.obolibrary.org/obo/DDO.owl#DDO_0000641>	<http://www.w3.org/2002/07/owl#Class>
<http://purl.obolibrary.org/obo/DDO.owl#DDO_0000642>	<http://www.w3.org/2002/07/owl#Class>
<http://purl.obolibrary.org/obo/DDO.owl#DDO_0000643>	<http://www.w3.org/2002/07/owl#Class>
<http://purl.obolibrary.org/obo/DDO.owl#DDO_0000644>	<http://www.w3.org/2002/07/owl#Class>
<http://purl.obolibrary.org/obo/DDO.owl#DDO_0000645>	<http://www.w3.org/2002/07/owl#Class>
<http://purl.obolibrary.org/obo/DDO.owl#DDO_0000646>	<http://www.w3.org/2002/07/owl#Class>
<http://purl.obolibrary.org/obo/DDO.owl#DDO_0000647>	<http://www.w3.org/2002/07/owl#Class>
<http://purl.obolibrary.org/obo/DDO.owl#DDO_0000648>	<http://www.w3.org/2002/07/owl#Class>
<http://purl.obolibrary.org/obo/DDO.owl#DDO_0000649>	<http://www.w3.org/2002/07/owl#Class>
<http://purl.obolibrary.org/obo/DDO.owl#DDO_0000650>	<http://www.w3.org/2002/07/owl#Class>
<http://purl.obolibrary.org/obo/DDO.owl#DDO_0000651>	<http://www.w3.org/2002/07/owl#Class>
<http://purl.obolibrary.org/obo/DDO.owl#DDO_0000652>	<http://www.w3.org/2002/07/owl#Class>
<http://purl.obolibrary.org/obo/DDO.owl#DDO_0000653>	<http://www.w3.org/2002/07/owl#Class>
<http://purl.obolibrary.org/obo/DDO.owl#DDO_0000654>	<http://www.w3.org/2002/07/owl#Class>
<http://purl.obolibrary.org/obo/DDO.owl#DDO_0000655>	<http://www.w3.org/2002/07/owl#Class>
<http://purl.obolibrary.org/obo/DDO.owl#DDO_0000656>	<http://www.w3.org/2002/07/owl#Class>
<http://purl.obolibrary.org/obo/DDO.owl#DDO_0000657>	<http://www.w3.org/2002/07/owl#Class>
<http://purl.obolibrary.org/obo/DDO.owl#DDO_0000658>	<http://www.w3.org/2002/07/owl#Class>
<http://purl.obolibrary.org/obo/DDO.owl#DDO_0000659>	<http://www.w3.org/2002/07/owl#Class>
<http://purl.obolibrary.org/obo/DDO.owl#DDO_0000660>	<http://www.w3.org/2002/07/owl#Class>
<http://purl.obolibrary.org/obo/DDO.owl#DDO_0000661>	<http://www.w3.org/2002/07/owl#Class>
<http://purl.obolibrary.org/obo/DDO.owl#DDO_0000662>	<http://www.w3.org/2002/07/owl#Class>
<http://purl.obolibrary.org/obo/DDO.owl#DDO_0000663>	<http://www.w3.org/2002/07/owl#Class>
<http://purl.obolibrary.org/obo/DDO.owl#DDO_0000664>	<http://www.w3.org/2002/07/owl#Class>
<http://purl.obolibrary.org/obo/DDO.owl#DDO_0000665>	<http://www.w3.org/2002/07/owl#Class>
<http://purl.obolibrary.org/obo/DDO.owl#DDO_0000666>	<http://www.w3.org/2002/07/owl#Class>
<http://purl.obolibrary.org/obo/DDO.owl#DDO_0000667>	<http://www.w3.org/2002/07/owl#Class>
<http://purl.obolibrary.org/obo/DDO.owl#DDO_0000668>	<http://www.w3.org/2002/07/owl#Class>
<http://purl.obolibrary.org/obo/DDO.owl#DDO_0000669>	<http://www.w3.org/2002/07/owl#Class>
<http://purl.obolibrary.org/obo/DDO.owl#DDO_0000670>	<http://www.w3.org/2002/07/owl#Class>
<http://purl.obolibrary.org/obo/DDO.owl#DDO_0000671>	<http://www.w3.org/2002/07/owl#Class>
<http://purl.obolibrary.org/obo/DDO.owl#DDO_0000672>	<http://www.w3.org/2002/07/owl#Class>
<http://purl.obolibrary.org/obo/DDO.owl#DDO_0000673>	<http://www.w3.org/2002/07/owl#Class>
<http://purl.obolibrary.org/obo/DDO.owl#DDO_0000674>	<http://www.w3.org/2002/07/owl#Class>
<http://purl.obolibrary.org/obo/DDO.owl#DDO_0000675>	<http://www.w3.org/2002/07/owl#Class>
<http://purl.obolibrary.org/obo/DDO.owl#DDO_0000676>	<http://www.w3.org/2002/07/owl#Class>
<http://purl.obolibrary.org/obo/DDO.owl#DDO_0000677>	<http://www.w3.org/2002/07/owl#Class>
<http://purl.obolibrary.org/obo/DDO.owl#DDO_0000678>	<http://www.w3.org/2002/07/owl#Class>
<http://purl.obolibrary.org/obo/DDO.owl#DDO_0000679>	<http://www.w3.org/2002/07/owl#Class>
<http://purl.obolibrary.org/obo/DDO.owl#DDO_0000680>	<http://www.w3.org/2002/07/owl#Class>
<http://purl.obolibrary.org/obo/DDO.owl#DDO_0000681>	<http://www.w3.org/2002/07/owl#Class>
<http://purl.obolibrary.org/obo/DDO.owl#DDO_0000682>	<http://www.w3.org/2002/07/owl#Class>
<http://purl.obolibrary.org/obo/DDO.owl#DDO_0000683>	<http://www.w3.org/2002/07/owl#Class>
<http://purl.obolibrary.org/obo/DDO.owl#DDO_0000684>	<http://www.w3.org/2002/07/owl#Class>
<http://purl.obolibrary.org/obo/DDO.owl#DDO_0000685>	<http://www.w3.org/2002/07/owl#Class>
<http://purl.obolibrary.org/obo/DDO.owl#DDO_0000686>	<http://www.w3.org/2002/07/owl#Class>
<http://purl.obolibrary.org/obo/DDO.owl#DDO_0000687>	<http://www.w3.org/2002/07/owl#Class>
<http://purl.obolibrary.org/obo/DDO.owl#DDO_0000688>	<http://www.w3.org/2002/07/owl#Class>
<http://purl.obolibrary.org/obo/DDO.owl#DDO_0000689>	<http://www.w3.org/2002/07/owl#Class>
<http://purl.obolibrary.org/obo/DDO.owl#DDO_0000690>	<http://www.w3.org/2002/07/owl#Class>
<http://purl.obolibrary.org/obo/DDO.owl#DDO_0000691>	<http://www.w3.org/2002/07/owl#Class>
<http://purl.obolibrary.org/obo/DDO.owl#DDO_0000692>	<http://www.w3.org/2002/07/owl#Class>
<http://purl.obolibrary.org/obo/DDO.owl#DDO_0000693>	<http://www.w3.org/2002/07/owl#Class>
<http://purl.obolibrary.org/obo/DDO.owl#DDO_0000694>	<http://www.w3.org/2002/07/owl#Class>
<http://purl.obolibrary.org/obo/DDO.owl#DDO_0000695>	<http://www.w3.org/2002/07/owl#Class>
<http://purl.obolibrary.org/obo/DDO.owl#DDO_0000696>	<http://www.w3.org/2002/07/owl#Class>
<http://purl.obolibrary.org/obo/DDO.owl#DDO_0000697>	<http://www.w3.org/2002/07/owl#Class>
<http://purl.obolibrary.org/obo/DDO.owl#DDO_0000698>	<http://www.w3.org/2002/07/owl#Class>
<http://purl.obolibrary.org/obo/DDO.owl#DDO_0000699>	<http://www.w3.org/2002/07/owl#Class>
<http://purl.obolibrary.org/obo/DDO.owl#DDO_0000700>	<http://www.w3.org/2002/07/owl#Class>
<http://purl.obolibrary.org/obo/DDO.owl#DDO_0000701>	<http://www.w3.org/2002/07/owl#Class>
<http://purl.obolibrary.org/obo/DDO.owl#DDO_0000702>	<http://www.w3.org/2002/07/owl#Class>
<http://purl.obolibrary.org/obo/DDO.owl#DDO_0000703>	<http://www.w3.org/2002/07/owl#Class>
<http://purl.obolibrary.org/obo/DDO.owl#DDO_0000704>	<http://www.w3.org/2002/07/owl#Class>
<http://purl.obolibrary.org/obo/DDO.owl#DDO_0000705>	<http://www.w3.org/2002/07/owl#Class>
<http://purl.obolibrary.org/obo/DDO.owl#DDO_0000706>	<http://www.w3.org/2002/07/owl#Class>
<http://purl.obolibrary.org/obo/DDO.owl#DDO_0000707>	<http://www.w3.org/2002/07/owl#Class>
<http://purl.obolibrary.org/obo/DDO.owl#DDO_0000708>	<http://www.w3.org/2002/07/owl#Class>
<http://purl.obolibrary.org/obo/DDO.owl#DDO_0000709>	<http://www.w3.org/2002/07/owl#Class>
<http://purl.obolibrary.org/obo/DDO.owl#DDO_0000710>	<http://www.w3.org/2002/07/owl#Class>
<http://purl.obolibrary.org/obo/DDO.owl#DDO_0000711>	<http://www.w3.org/2002/07/owl#Class>
<http://purl.obolibrary.org/obo/DDO.owl#DDO_0000712>	<http://www.w3.org/2002/07/owl#Class>
<http://purl.obolibrary.org/obo/DDO.owl#DDO_0000713>	<http://www.w3.org/2002/07/owl#Class>
<http://purl.obolibrary.org/obo/DDO.owl#DDO_0000714>	<http://www.w3.org/2002/07/owl#Class>
<http://purl.obolibrary.org/obo/DDO.owl#DDO_0000715>	<http://www.w3.org/2002/07/owl#Class>
<http://purl.obolibrary.org/obo/DDO.owl#DDO_0000716>	<http://www.w3.org/2002/07/owl#Class>
<http://purl.obolibrary.org/obo/DDO.owl#DDO_0000717>	<http://www.w3.org/2002/07/owl#Class>
<http://purl.obolibrary.org/obo/DDO.owl#DDO_0000718>	<http://www.w3.org/2002/07/owl#Class>
<http://purl.obolibrary.org/obo/DDO.owl#DDO_0000719>	<http://www.w3.org/2002/07/owl#Class>
<http://purl.obolibrary.org/obo/DDO.owl#DDO_0000720>	<http://www.w3.org/2002/07/owl#Class>
<http://purl.obolibrary.org/obo/DDO.owl#DDO_0000721>	<http://www.w3.org/2002/07/owl#Class>
<http://purl.obolibrary.org/obo/DDO.owl#DDO_0000722>	<http://www.w3.org/2002/07/owl#Class>
<http://purl.obolibrary.org/obo/DDO.owl#DDO_0000723>	<http://www.w3.org/2002/07/owl#Class>
<http://purl.obolibrary.org/obo/DDO.owl#DDO_0000724>	<http://www.w3.org/2002/07/owl#Class>
<http://purl.obolibrary.org/obo/DDO.owl#DDO_0000725>	<http://www.w3.org/2002/07/owl#Class>
<http://purl.obolibrary.org/obo/DDO.owl#DDO_0000726>	<http://www.w3.org/2002/07/owl#Class>
<http://purl.obolibrary.org/obo/DDO.owl#DDO_0000727>	<http://www.w3.org/2002/07/owl#Class>
<http://purl.obolibrary.org/obo/DDO.owl#DDO_0000728>	<http://www.w3.org/2002/07/owl#Class>
<http://purl.obolibrary.org/obo/DDO.owl#DDO_0000729>	<http://www.w3.org/2002/07/owl#Class>
<http://purl.obolibrary.org/obo/DDO.owl#DDO_0000730>	<http://www.w3.org/2002/07/owl#Class>
<http://purl.obolibrary.org/obo/DDO.owl#DDO_0000731>	<http://www.w3.org/2002/07/owl#Class>
<http://purl.obolibrary.org/obo/DDO.owl#DDO_0000732>	<http://www.w3.org/2002/07/owl#Class>
<http://purl.obolibrary.org/obo/DDO.owl#DDO_0000733>	<http://www.w3.org/2002/07/owl#Class>
<http://purl.obolibrary.org/obo/DDO.owl#DDO_0000734>	<http://www.w3.org/2002/07/owl#Class>
<http://purl.obolibrary.org/obo/DDO.owl#DDO_0000735>	<http://www.w3.org/2002/07/owl#Class>
<http://purl.obolibrary.org/obo/DDO.owl#DDO_0000736>	<http://www.w3.org/2002/07/owl#Class>
<http://purl.obolibrary.org/obo/DDO.owl#DDO_0000737>	<http://www.w3.org/2002/07/owl#Class>
<http://purl.obolibrary.org/obo/DDO.owl#DDO_0000738>	<http://www.w3.org/2002/07/owl#Class>
<http://purl.obolibrary.org/obo/DDO.owl#DDO_0000739>	<http://www.w3.org/2002/07/owl#Class>
<http://purl.obolibrary.org/obo/DDO.owl#DDO_0000740>	<http://www.w3.org/2002/07/owl#Class>
<http://purl.obolibrary.org/obo/DDO.owl#DDO_0000741>	<http://www.w3.org/2002/07/owl#Class>
<http://purl.obolibrary.org/obo/DDO.owl#DDO_0000742>	<http://www.w3.org/2002/07/owl#Class>
<http://purl.obolibrary.org/obo/DDO.owl#DDO_0000743>	<http://www.w3.org/2002/07/owl#Class>
<http://purl.obolibrary.org/obo/DDO.owl#DDO_0000744>	<http://www.w3.org/2002/07/owl#Class>
<http://purl.obolibrary.org/obo/DDO.owl#DDO_0000745>	<http://www.w3.org/2002/07/owl#Class>
<http://purl.obolibrary.org/obo/DDO.owl#DDO_0000746>	<http://www.w3.org/2002/07/owl#Class>
<http://purl.obolibrary.org/obo/DDO.owl#DDO_0000747>	<http://www.w3.org/2002/07/owl#Class>
<http://purl.obolibrary.org/obo/DDO.owl#DDO_0000748>	<http://www.w3.org/2002/07/owl#Class>
<http://purl.obolibrary.org/obo/DDO.owl#DDO_0000749>	<http://www.w3.org/2002/07/owl#Class>
<http://purl.obolibrary.org/obo/DDO.owl#DDO_0000750>	<http://www.w3.org/2002/07/owl#Class>
<http://purl.obolibrary.org/obo/DDO.owl#DDO_0000751>	<http://www.w3.org/2002/07/owl#Class>
<http://purl.obolibrary.org/obo/DDO.owl#DDO_0000752>	<http://www.w3.org/2002/07/owl#Class>
<http://purl.obolibrary.org/obo/DDO.owl#DDO_0000753>	<http://www.w3.org/2002/07/owl#Class>
<http://purl.obolibrary.org/obo/DDO.owl#DDO_0000754>	<http://www.w3.org/2002/07/owl#Class>
<http://purl.obolibrary.org/obo/DDO.owl#DDO_0000755>	<http://www.w3.org/2002/07/owl#Class>
<http://purl.obolibrary.org/obo/DDO.owl#DDO_0000756>	<http://www.w3.org/2002/07/owl#Class>
<http://purl.obolibrary.org/obo/DDO.owl#DDO_0000757>	<http://www.w3.org/2002/07/owl#Class>
<http://purl.obolibrary.org/obo/DDO.owl#DDO_0000758>	<http://www.w3.org/2002/07/owl#Class>
<http://purl.obolibrary.org/obo/DDO.owl#DDO_0000759>	<http://www.w3.org/2002/07/owl#Class>
<http://purl.obolibrary.org/obo/DDO.owl#DDO_0000760>	<http://www.w3.org/2002/07/owl#Class>
<http://purl.obolibrary.org/obo/DDO.owl#DDO_0000761>	<http://www.w3.org/2002/07/owl#Class>
<http://purl.obolibrary.org/obo/DDO.owl#DDO_0000762>	<http://www.w3.org/2002/07/owl#Class>
<http://purl.obolibrary.org/obo/DDO.owl#DDO_0000763>	<http://www.w3.org/2002/07/owl#Class>
<http://purl.obolibrary.org/obo/DDO.owl#DDO_0000764>	<http://www.w3.org/2002/07/owl#Class>
<http://purl.obolibrary.org/obo/DDO.owl#DDO_0000765>	<http://www.w3.org/2002/07/owl#Class>
<http://purl.obolibrary.org/obo/DDO.owl#DDO_0000766>	<http://www.w3.org/2002/07/owl#Class>
<http://purl.obolibrary.org/obo/DDO.owl#DDO_0000767>	<http://www.w3.org/2002/07/owl#Class>
<http://purl.obolibrary.org/obo/DDO.owl#DDO_0000768>	<http://www.w3.org/2002/07/owl#Class>
<http://purl.obolibrary.org/obo/DDO.owl#DDO_0000769>	<http://www.w3.org/2002/07/owl#Class>
<http://purl.obolibrary.org/obo/DDO.owl#DDO_0000770>	<http://www.w3.org/2002/07/owl#Class>
<http://purl.obolibrary.org/obo/DDO.owl#DDO_0000771>	<http://www.w3.org/2002/07/owl#Class>
<http://purl.obolibrary.org/obo/DDO.owl#DDO_0000772>	<http://www.w3.org/2002/07/owl#Class>
<http://purl.obolibrary.org/obo/DDO.owl#DDO_0000773>	<http://www.w3.org/2002/07/owl#Class>
<http://purl.obolibrary.org/obo/DDO.owl#DDO_0000774>	<http://www.w3.org/2002/07/owl#Class>
<http://purl.obolibrary.org/obo/DDO.owl#DDO_0000775>	<http://www.w3.org/2002/07/owl#Class>
<http://purl.obolibrary.org/obo/DDO.owl#DDO_0000776>	<http://www.w3.org/2002/07/owl#Class>
<http://purl.obolibrary.org/obo/DDO.owl#DDO_0000777>	<http://www.w3.org/2002/07/owl#Class>
<http://purl.obolibrary.org/obo/DDO.owl#DDO_0000778>	<http://www.w3.org/2002/07/owl#Class>
<http://purl.obolibrary.org/obo/DDO.owl#DDO_0000779>	<http://www.w3.org/2002/07/owl#Class>
<http://purl.obolibrary.org/obo/DDO.owl#DDO_0000780>	<http://www.w3.org/2002/07/owl#Class>
<http://purl.obolibrary.org/obo/DDO.owl#DDO_0000781>	<http://www.w3.org/2002/07/owl#Class>
<http://purl.obolibrary.org/obo/DDO.owl#DDO_0000782>	<http://www.w3.org/2002/07/owl#Class>
<http://purl.obolibrary.org/obo/DDO.owl#DDO_0000783>	<http://www.w3.org/2002/07/owl#Class>
<http://purl.obolibrary.org/obo/DDO.owl#DDO_0000784>	<http://www.w3.org/2002/07/owl#Class>
<http://purl.obolibrary.org/obo/DDO.owl#DDO_0000785>	<http://www.w3.org/2002/07/owl#Class>
<http://purl.obolibrary.org/obo/DDO.owl#DDO_0000786>	<http://www.w3.org/2002/07/owl#Class>
<http://purl.obolibrary.org/obo/DDO.owl#DDO_0000787>	<http://www.w3.org/2002/07/owl#Class>
<http://purl.obolibrary.org/obo/DDO.owl#DDO_0000788>	<http://www.w3.org/2002/07/owl#Class>
<http://purl.obolibrary.org/obo/DDO.owl#DDO_0000789>	<http://www.w3.org/2002/07/owl#Class>
<http://purl.obolibrary.org/obo/DDO.owl#DDO_0000790>	<http://www.w3.org/2002/07/owl#Class>
<http://purl.obolibrary.org/obo/DDO.owl#DDO_0000791>	<http://www.w3.org/2002/07/owl#Class>
<http://purl.obolibrary.org/obo/DDO.owl#DDO_0000792>	<http://www.w3.org/2002/07/owl#Class>
<http://purl.obolibrary.org/obo/DDO.owl#DDO_0000793>	<http://www.w3.org/2002/07/owl#Class>
<http://purl.obolibrary.org/obo/DDO.owl#DDO_0000794>	<http://www.w3.org/2002/07/owl#Class>
<http://purl.obolibrary.org/obo/DDO.owl#DDO_0000795>	<http://www.w3.org/2002/07/owl#Class>
<http://purl.obolibrary.org/obo/DDO.owl#DDO_0000796>	<http://www.w3.org/2002/07/owl#Class>
<http://purl.obolibrary.org/obo/DDO.owl#DDO_0000797>	<http://www.w3.org/2002/07/owl#Class>
<http://purl.obolibrary.org/obo/DDO.owl#DDO_0000799>	<http://www.w3.org/2002/07/owl#Class>
<http://purl.obolibrary.org/obo/DDO.owl#DDO_0000800>	<http://www.w3.org/2002/07/owl#Class>
<http://purl.obolibrary.org/obo/DDO.owl#DDO_0000801>	<http://www.w3.org/2002/07/owl#Class>
<http://purl.obolibrary.org/obo/DDO.owl#DDO_0000802>	<http://www.w3.org/2002/07/owl#Class>
<http://purl.obolibrary.org/obo/DDO.owl#DDO_0000803>	<http://www.w3.org/2002/07/owl#Class>
<http://purl.obolibrary.org/obo/DDO.owl#DDO_0000804>	<http://www.w3.org/2002/07/owl#Class>
<http://purl.obolibrary.org/obo/DDO.owl#DDO_0000805>	<http://www.w3.org/2002/07/owl#Class>
<http://purl.obolibrary.org/obo/DDO.owl#DDO_0000806>	<http://www.w3.org/2002/07/owl#Class>
<http://purl.obolibrary.org/obo/DDO.owl#DDO_0000807>	<http://www.w3.org/2002/07/owl#Class>
<http://purl.obolibrary.org/obo/DDO.owl#DDO_0000808>	<http://www.w3.org/2002/07/owl#Class>
<http://purl.obolibrary.org/obo/DDO.owl#DDO_0000809>	<http://www.w3.org/2002/07/owl#Class>
<http://purl.obolibrary.org/obo/DDO.owl#DDO_0000810>	<http://www.w3.org/2002/07/owl#Class>
<http://purl.obolibrary.org/obo/DDO.owl#DDO_0000811>	<http://www.w3.org/2002/07/owl#Class>
<http://purl.obolibrary.org/obo/DDO.owl#DDO_0000812>	<http://www.w3.org/2002/07/owl#Class>
<http://purl.obolibrary.org/obo/DDO.owl#DDO_0000813>	<http://www.w3.org/2002/07/owl#Class>
<http://purl.obolibrary.org/obo/DDO.owl#DDO_0000814>	<http://www.w3.org/2002/07/owl#Class>
<http://purl.obolibrary.org/obo/DDO.owl#DDO_0000815>	<http://www.w3.org/2002/07/owl#Class>
<http://purl.obolibrary.org/obo/DDO.owl#DDO_0000816>	<http://www.w3.org/2002/07/owl#Class>
<http://purl.obolibrary.org/obo/DDO.owl#DDO_0000817>	<http://www.w3.org/2002/07/owl#Class>
<http://purl.obolibrary.org/obo/DDO.owl#DDO_0000818>	<http://www.w3.org/2002/07/owl#Class>
<http://purl.obolibrary.org/obo/DDO.owl#DDO_0000819>	<http://www.w3.org/2002/07/owl#Class>
<http://purl.obolibrary.org/obo/DDO.owl#DDO_0000820>	<http://www.w3.org/2002/07/owl#Class>
<http://purl.obolibrary.org/obo/DDO.owl#DDO_0000821>	<http://www.w3.org/2002/07/owl#Class>
<http://purl.obolibrary.org/obo/DDO.owl#DDO_0000822>	<http://www.w3.org/2002/07/owl#Class>
<http://purl.obolibrary.org/obo/DDO.owl#DDO_0000823>	<http://www.w3.org/2002/07/owl#Class>
<http://purl.obolibrary.org/obo/DDO.owl#DDO_0000824>	<http://www.w3.org/2002/07/owl#Class>
<http://purl.obolibrary.org/obo/DDO.owl#DDO_0000825>	<http://www.w3.org/2002/07/owl#Class>
<http://purl.obolibrary.org/obo/DDO.owl#DDO_0000826>	<http://www.w3.org/2002/07/owl#Class>
<http://purl.obolibrary.org/obo/DDO.owl#DDO_0000827>	<http://www.w3.org/2002/07/owl#Class>
<http://purl.obolibrary.org/obo/DDO.owl#DDO_0000828>	<http://www.w3.org/2002/07/owl#Class>
<http://purl.obolibrary.org/obo/DDO.owl#DDO_0000829>	<http://www.w3.org/2002/07/owl#Class>
<http://purl.obolibrary.org/obo/DDO.owl#DDO_0000830>	<http://www.w3.org/2002/07/owl#Class>
<http://purl.obolibrary.org/obo/DDO.owl#DDO_0000831>	<http://www.w3.org/2002/07/owl#Class>
<http://purl.obolibrary.org/obo/DDO.owl#DDO_0000832>	<http://www.w3.org/2002/07/owl#Class>
<http://purl.obolibrary.org/obo/DDO.owl#DDO_0000833>	<http://www.w3.org/2002/07/owl#Class>
<http://purl.obolibrary.org/obo/DDO.owl#DDO_0000834>	<http://www.w3.org/2002/07/owl#Class>
<http://purl.obolibrary.org/obo/DDO.owl#DDO_0000835>	<http://www.w3.org/2002/07/owl#Class>
<http://purl.obolibrary.org/obo/DDO.owl#DDO_0000836>	<http://www.w3.org/2002/07/owl#Class>
<http://purl.obolibrary.org/obo/DDO.owl#DDO_0000837>	<http://www.w3.org/2002/07/owl#Class>
<http://purl.obolibrary.org/obo/DDO.owl#DDO_0000838>	<http://www.w3.org/2002/07/owl#Class>
<http://purl.obolibrary.org/obo/DDO.owl#DDO_0000839>	<http://www.w3.org/2002/07/owl#Class>
<http://purl.obolibrary.org/obo/DDO.owl#DDO_0000840>	<http://www.w3.org/2002/07/owl#Class>
<http://purl.obolibrary.org/obo/DDO.owl#DDO_0000841>	<http://www.w3.org/2002/07/owl#Class>
<http://purl.obolibrary.org/obo/DDO.owl#DDO_0000842>	<http://www.w3.org/2002/07/owl#Class>
<http://purl.obolibrary.org/obo/DDO.owl#DDO_0000843>	<http://www.w3.org/2002/07/owl#Class>
<http://purl.obolibrary.org/obo/DDO.owl#DDO_0000844>	<http://www.w3.org/2002/07/owl#Class>
<http://purl.obolibrary.org/obo/DDO.owl#DDO_0000845>	<http://www.w3.org/2002/07/owl#Class>
<http://purl.obolibrary.org/obo/DDO.owl#DDO_0000846>	<http://www.w3.org/2002/07/owl#Class>
<http://purl.obolibrary.org/obo/DDO.owl#DDO_0000847>	<http://www.w3.org/2002/07/owl#Class>
<http://purl.obolibrary.org/obo/DDO.owl#DDO_0000848>	<http://www.w3.org/2002/07/owl#Class>
<http://purl.obolibrary.org/obo/DDO.owl#DDO_0000849>	<http://www.w3.org/2002/07/owl#Class>
<http://purl.obolibrary.org/obo/DDO.owl#DDO_0000850>	<http://www.w3.org/2002/07/owl#Class>
<http://purl.obolibrary.org/obo/DDO.owl#DDO_0000851>	<http://www.w3.org/2002/07/owl#Class>
<http://purl.obolibrary.org/obo/DDO.owl#DDO_0000852>	<http://www.w3.org/2002/07/owl#Class>
<http://purl.obolibrary.org/obo/DDO.owl#DDO_0000853>	<http://www.w3.org/2002/07/owl#Class>
<http://purl.obolibrary.org/obo/DDO.owl#DDO_0000854>	<http://www.w3.org/2002/07/owl#Class>
<http://purl.obolibrary.org/obo/DDO.owl#DDO_0000855>	<http://www.w3.org/2002/07/owl#Class>
<http://purl.obolibrary.org/obo/DDO.owl#DDO_0000856>	<http://www.w3.org/2002/07/owl#Class>
<http://purl.obolibrary.org/obo/DDO.owl#DDO_0000857>	<http://www.w3.org/2002/07/owl#Class>
<http://purl.obolibrary.org/obo/DDO.owl#DDO_0000859>	<http://www.w3.org/2002/07/owl#Class>
<http://purl.obolibrary.org/obo/DDO.owl#DDO_0000860>	<http://www.w3.org/2002/07/owl#Class>
<http://purl.obolibrary.org/obo/DDO.owl#DDO_0000861>	<http://www.w3.org/2002/07/owl#Class>
<http://purl.obolibrary.org/obo/DDO.owl#DDO_0000862>	<http://www.w3.org/2002/07/owl#Class>
<http://purl.obolibrary.org/obo/DDO.owl#DDO_0000863>	<http://www.w3.org/2002/07/owl#Class>
<http://purl.obolibrary.org/obo/DDO.owl#DDO_0000864>	<http://www.w3.org/2002/07/owl#Class>
<http://purl.obolibrary.org/obo/DDO.owl#DDO_0000865>	<http://www.w3.org/2002/07/owl#Class>
<http://purl.obolibrary.org/obo/DDO.owl#DDO_0000866>	<http://www.w3.org/2002/07/owl#Class>
<http://purl.obolibrary.org/obo/DDO.owl#DDO_0000868>	<http://www.w3.org/2002/07/owl#Class>
<http://purl.obolibrary.org/obo/DDO.owl#DDO_0000869>	<http://www.w3.org/2002/07/owl#Class>
<http://purl.obolibrary.org/obo/DDO.owl#DDO_0000870>	<http://www.w3.org/2002/07/owl#Class>
<http://purl.obolibrary.org/obo/DDO.owl#DDO_0000871>	<http://www.w3.org/2002/07/owl#Class>
<http://purl.obolibrary.org/obo/DDO.owl#DDO_0000872>	<http://www.w3.org/2002/07/owl#Class>
<http://purl.obolibrary.org/obo/DDO.owl#DDO_0000873>	<http://www.w3.org/2002/07/owl#Class>
<http://purl.obolibrary.org/obo/DDO.owl#DDO_0000874>	<http://www.w3.org/2002/07/owl#Class>
<http://purl.obolibrary.org/obo/DDO.owl#DDO_0000875>	<http://www.w3.org/2002/07/owl#Class>
<http://purl.obolibrary.org/obo/DDO.owl#DDO_0000876>	<http://www.w3.org/2002/07/owl#Class>
<http://purl.obolibrary.org/obo/DDO.owl#DDO_0000877>	<http://www.w3.org/2002/07/owl#Class>
<http://purl.obolibrary.org/obo/DDO.owl#DDO_0000878>	<http://www.w3.org/2002/07/owl#Class>
<http://purl.obolibrary.org/obo/DDO.owl#DDO_0000879>	<http://www.w3.org/2002/07/owl#Class>
<http://purl.obolibrary.org/obo/DDO.owl#DDO_0000880>	<http://www.w3.org/2002/07/owl#Class>
<http://purl.obolibrary.org/obo/DDO.owl#DDO_0000881>	<http://www.w3.org/2002/07/owl#Class>
<http://purl.obolibrary.org/obo/DDO.owl#DDO_0000882>	<http://www.w3.org/2002/07/owl#Class>
<http://purl.obolibrary.org/obo/DDO.owl#DDO_0000883>	<http://www.w3.org/2002/07/owl#Class>
<http://purl.obolibrary.org/obo/DDO.owl#DDO_0000884>	<http://www.w3.org/2002/07/owl#Class>
<http://purl.obolibrary.org/obo/DDO.owl#DDO_0000885>	<http://www.w3.org/2002/07/owl#Class>
<http://purl.obolibrary.org/obo/DDO.owl#DDO_0000886>	<http://www.w3.org/2002/07/owl#Class>
<http://purl.obolibrary.org/obo/DDO.owl#DDO_0000887>	<http://www.w3.org/2002/07/owl#Class>
<http://purl.obolibrary.org/obo/DDO.owl#DDO_0000888>	<http://www.w3.org/2002/07/owl#Class>
<http://purl.obolibrary.org/obo/DDO.owl#DDO_0000889>	<http://www.w3.org/2002/07/owl#Class>
<http://purl.obolibrary.org/obo/DDO.owl#DDO_0000900>	<http://www.w3.org/2002/07/owl#Class>
<http://purl.obolibrary.org/obo/DDO.owl#DDO_0000901>	<http://www.w3.org/2002/07/owl#Class>
<http://purl.obolibrary.org/obo/DDO.owl#DDO_0000902>	<http://www.w3.org/2002/07/owl#Class>
<http://purl.obolibrary.org/obo/DDO.owl#DDO_0000903>	<http://www.w3.org/2002/07/owl#Class>
<http://purl.obolibrary.org/obo/DDO.owl#DDO_0000904>	<http://www.w3.org/2002/07/owl#Class>
<http://purl.obolibrary.org/obo/DDO.owl#DDO_0000905>	<http://www.w3.org/2002/07/owl#Class>
<http://purl.obolibrary.org/obo/DDO.owl#DDO_0000906>	<http://www.w3.org/2002/07/owl#Class>
<http://purl.obolibrary.org/obo/DDO.owl#DDO_0000907>	<http://www.w3.org/2002/07/owl#Class>
<http://purl.obolibrary.org/obo/DDO.owl#DDO_0000908>	<http://www.w3.org/2002/07/owl#Class>
<http://purl.obolibrary.org/obo/DDO.owl#DDO_0000909>	<http://www.w3.org/2002/07/owl#Class>
<http://purl.obolibrary.org/obo/DDO.owl#DDO_0000910>	<http://www.w3.org/2002/07/owl#Class>
<http://purl.obolibrary.org/obo/DDO.owl#DDO_0000911>	<http://www.w3.org/2002/07/owl#Class>
<http://purl.obolibrary.org/obo/DDO.owl#DDO_0000912>	<http://www.w3.org/2002/07/owl#Class>
<http://purl.obolibrary.org/obo/DDO.owl#DDO_0000913>	<http://www.w3.org/2002/07/owl#Class>
<http://purl.obolibrary.org/obo/DDO.owl#DDO_0000914>	<http://www.w3.org/2002/07/owl#Class>
<http://purl.obolibrary.org/obo/DDO.owl#DDO_0000915>	<http://www.w3.org/2002/07/owl#Class>
<http://purl.obolibrary.org/obo/DDO.owl#DDO_0000916>	<http://www.w3.org/2002/07/owl#Class>
<http://purl.obolibrary.org/obo/DDO.owl#DDO_0000917>	<http://www.w3.org/2002/07/owl#Class>
<http://purl.obolibrary.org/obo/DDO.owl#DDO_0000918>	<http://www.w3.org/2002/07/owl#Class>
<http://purl.obolibrary.org/obo/DDO.owl#DDO_0000919>	<http://www.w3.org/2002/07/owl#Class>
<http://purl.obolibrary.org/obo/DDO.owl#DDO_0000920>	<http://www.w3.org/2002/07/owl#Class>
<http://purl.obolibrary.org/obo/DDO.owl#DDO_0000921>	<http://www.w3.org/2002/07/owl#Class>
<http://purl.obolibrary.org/obo/DDO.owl#DDO_0000922>	<http://www.w3.org/2002/07/owl#Class>
<http://purl.obolibrary.org/obo/DDO.owl#DDO_0000923>	<http://www.w3.org/2002/07/owl#Class>
<http://purl.obolibrary.org/obo/DDO.owl#DDO_0000924>	<http://www.w3.org/2002/07/owl#Class>
<http://purl.obolibrary.org/obo/DDO.owl#DDO_0000925>	<http://www.w3.org/2002/07/owl#Class>
<http://purl.obolibrary.org/obo/DDO.owl#DDO_0000926>	<http://www.w3.org/2002/07/owl#Class>
<http://purl.obolibrary.org/obo/DDO.owl#DDO_0000927>	<http://www.w3.org/2002/07/owl#Class>
<http://purl.obolibrary.org/obo/DDO.owl#DDO_0000928>	<http://www.w3.org/2002/07/owl#Class>
<http://purl.obolibrary.org/obo/DDO.owl#DDO_0000929>	<http://www.w3.org/2002/07/owl#Class>
<http://purl.obolibrary.org/obo/DDO.owl#DDO_0000930>	<http://www.w3.org/2002/07/owl#Class>
<http://purl.obolibrary.org/obo/DDO.owl#DDO_0000931>	<http://www.w3.org/2002/07/owl#Class>
<http://purl.obolibrary.org/obo/DDO.owl#DDO_0000932>	<http://www.w3.org/2002/07/owl#Class>
<http://purl.obolibrary.org/obo/DDO.owl#DDO_0000933>	<http://www.w3.org/2002/07/owl#Class>
<http://purl.obolibrary.org/obo/DDO.owl#DDO_0000934>	<http://www.w3.org/2002/07/owl#Class>
<http://purl.obolibrary.org/obo/DDO.owl#DDO_0000935>	<http://www.w3.org/2002/07/owl#Class>
<http://purl.obolibrary.org/obo/DDO.owl#DDO_0000936>	<http://www.w3.org/2002/07/owl#Class>
<http://purl.obolibrary.org/obo/DDO.owl#DDO_0000937>	<http://www.w3.org/2002/07/owl#Class>
<http://purl.obolibrary.org/obo/DDO.owl#DDO_0000938>	<http://www.w3.org/2002/07/owl#Class>
<http://purl.obolibrary.org/obo/DDO.owl#DDO_0000939>	<http://www.w3.org/2002/07/owl#Class>
<http://purl.obolibrary.org/obo/DDO.owl#DDO_0000940>	<http://www.w3.org/2002/07/owl#Class>
<http://purl.obolibrary.org/obo/DDO.owl#DDO_0000941>	<http://www.w3.org/2002/07/owl#Class>
<http://purl.obolibrary.org/obo/DDO.owl#DDO_0000942>	<http://www.w3.org/2002/07/owl#Class>
<http://purl.obolibrary.org/obo/DDO.owl#DDO_0000943>	<http://www.w3.org/2002/07/owl#Class>
<http://purl.obolibrary.org/obo/DDO.owl#DDO_0000944>	<http://www.w3.org/2002/07/owl#Class>
<http://purl.obolibrary.org/obo/DDO.owl#DDO_0000945>	<http://www.w3.org/2002/07/owl#Class>
<http://purl.obolibrary.org/obo/DDO.owl#DDO_0000946>	<http://www.w3.org/2002/07/owl#Class>
<http://purl.obolibrary.org/obo/DDO.owl#DDO_0000947>	<http://www.w3.org/2002/07/owl#Class>
<http://purl.obolibrary.org/obo/DDO.owl#DDO_0000948>	<http://www.w3.org/2002/07/owl#Class>
<http://purl.obolibrary.org/obo/DDO.owl#DDO_0000949>	<http://www.w3.org/2002/07/owl#Class>
<http://purl.obolibrary.org/obo/DDO.owl#DDO_0000950>	<http://www.w3.org/2002/07/owl#Class>
<http://purl.obolibrary.org/obo/DDO.owl#DDO_0000951>	<http://www.w3.org/2002/07/owl#Class>
<http://purl.obolibrary.org/obo/DDO.owl#DDO_0000952>	<http://www.w3.org/2002/07/owl#Class>
<http://purl.obolibrary.org/obo/DDO.owl#DDO_0000953>	<http://www.w3.org/2002/07/owl#Class>
<http://purl.obolibrary.org/obo/DDO.owl#DDO_0000954>	<http://www.w3.org/2002/07/owl#Class>
<http://purl.obolibrary.org/obo/DDO.owl#DDO_0000955>	<http://www.w3.org/2002/07/owl#Class>
<http://purl.obolibrary.org/obo/DDO.owl#DDO_0000956>	<http://www.w3.org/2002/07/owl#Class>
<http://purl.obolibrary.org/obo/DDO.owl#DDO_0000957>	<http://www.w3.org/2002/07/owl#Class>
<http://purl.obolibrary.org/obo/DDO.owl#DDO_0000958>	<http://www.w3.org/2002/07/owl#Class>
<http://purl.obolibrary.org/obo/DDO.owl#DDO_0000959>	<http://www.w3.org/2002/07/owl#Class>
<http://purl.obolibrary.org/obo/DDO.owl#DDO_0000960>	<http://www.w3.org/2002/07/owl#Class>
<http://purl.obolibrary.org/obo/DDO.owl#DDO_0000961>	<http://www.w3.org/2002/07/owl#Class>
<http://purl.obolibrary.org/obo/DDO.owl#DDO_0000962>	<http://www.w3.org/2002/07/owl#Class>
<http://purl.obolibrary.org/obo/DDO.owl#DDO_0000963>	<http://www.w3.org/2002/07/owl#Class>
<http://purl.obolibrary.org/obo/DDO.owl#DDO_0000965>	<http://www.w3.org/2002/07/owl#Class>
<http://purl.obolibrary.org/obo/DDO.owl#DDO_0000966>	<http://www.w3.org/2002/07/owl#Class>
<http://purl.obolibrary.org/obo/DDO.owl#DDO_0000967>	<http://www.w3.org/2002/07/owl#Class>
<http://purl.obolibrary.org/obo/DDO.owl#DDO_0000968>	<http://www.w3.org/2002/07/owl#Class>
<http://purl.obolibrary.org/obo/DDO.owl#DDO_0000969>	<http://www.w3.org/2002/07/owl#Class>
<http://purl.obolibrary.org/obo/DDO.owl#DDO_0000970>	<http://www.w3.org/2002/07/owl#Class>
<http://purl.obolibrary.org/obo/DDO.owl#DDO_0000971>	<http://www.w3.org/2002/07/owl#Class>
<http://purl.obolibrary.org/obo/DDO.owl#DDO_0000972>	<http://www.w3.org/2002/07/owl#Class>
<http://purl.obolibrary.org/obo/DDO.owl#DDO_0000973>	<http://www.w3.org/2002/07/owl#Class>
<http://purl.obolibrary.org/obo/DDO.owl#DDO_0000974>	<http://www.w3.org/2002/07/owl#Class>
<http://purl.obolibrary.org/obo/DDO.owl#DDO_0000975>	<http://www.w3.org/2002/07/owl#Class>
<http://purl.obolibrary.org/obo/DDO.owl#DDO_0000976>	<http://www.w3.org/2002/07/owl#Class>
<http://purl.obolibrary.org/obo/DDO.owl#DDO_0000977>	<http://www.w3.org/2002/07/owl#Class>
<http://purl.obolibrary.org/obo/DDO.owl#DDO_0000978>	<http://www.w3.org/2002/07/owl#Class>
<http://purl.obolibrary.org/obo/DDO.owl#DDO_0000979>	<http://www.w3.org/2002/07/owl#Class>
<http://purl.obolibrary.org/obo/DDO.owl#DDO_0000980>	<http://www.w3.org/2002/07/owl#Class>
<http://purl.obolibrary.org/obo/DDO.owl#DDO_0000981>	<http://www.w3.org/2002/07/owl#Class>
<http://purl.obolibrary.org/obo/DDO.owl#DDO_0000982>	<http://www.w3.org/2002/07/owl#Class>
<http://purl.obolibrary.org/obo/DDO.owl#DDO_0000983>	<http://www.w3.org/2002/07/owl#Class>
<http://purl.obolibrary.org/obo/DDO.owl#DDO_0000984>	<http://www.w3.org/2002/07/owl#Class>
<http://purl.obolibrary.org/obo/DDO.owl#DDO_0000985>	<http://www.w3.org/2002/07/owl#Class>
<http://purl.obolibrary.org/obo/DDO.owl#DDO_0000986>	<http://www.w3.org/2002/07/owl#Class>
<http://purl.obolibrary.org/obo/DDO.owl#DDO_0000987>	<http://www.w3.org/2002/07/owl#Class>
<http://purl.obolibrary.org/obo/DDO.owl#DDO_0000988>	<http://www.w3.org/2002/07/owl#Class>
<http://purl.obolibrary.org/obo/DDO.owl#DDO_0000989>	<http://www.w3.org/2002/07/owl#Class>
<http://purl.obolibrary.org/obo/DDO.owl#DDO_0000990>	<http://www.w3.org/2002/07/owl#Class>
<http://purl.obolibrary.org/obo/DDO.owl#DDO_0000991>	<http://www.w3.org/2002/07/owl#Class>
<http://purl.obolibrary.org/obo/DDO.owl#DDO_0000992>	<http://www.w3.org/2002/07/owl#Class>
<http://purl.obolibrary.org/obo/DDO.owl#DDO_0000993>	<http://www.w3.org/2002/07/owl#Class>
<http://purl.obolibrary.org/obo/DDO.owl#DDO_0000994>	<http://www.w3.org/2002/07/owl#Class>
<http://purl.obolibrary.org/obo/DDO.owl#DDO_0000995>	<http://www.w3.org/2002/07/owl#Class>
<http://purl.obolibrary.org/obo/DDO.owl#DDO_0000996>	<http://www.w3.org/2002/07/owl#Class>
<http://purl.obolibrary.org/obo/DDO.owl#DDO_0000997>	<http://www.w3.org/2002/07/owl#Class>
<http://purl.obolibrary.org/obo/DDO.owl#DDO_0000998>	<http://www.w3.org/2002/07/owl#Class>
<http://purl.obolibrary.org/obo/DDO.owl#DDO_0000999>	<http://www.w3.org/2002/07/owl#Class>
<http://purl.obolibrary.org/obo/DDO.owl#DDO_0001000>	<http://www.w3.org/2002/07/owl#Class>
<http://purl.obolibrary.org/obo/DDO.owl#DDO_0001001>	<http://www.w3.org/2002/07/owl#Class>
<http://purl.obolibrary.org/obo/DDO.owl#DDO_0001002>	<http://www.w3.org/2002/07/owl#Class>
<http://purl.obolibrary.org/obo/DDO.owl#DDO_0001003>	<http://www.w3.org/2002/07/owl#Class>
<http://purl.obolibrary.org/obo/DDO.owl#DDO_0001004>	<http://www.w3.org/2002/07/owl#Class>
<http://purl.obolibrary.org/obo/DDO.owl#DDO_0001005>	<http://www.w3.org/2002/07/owl#Class>
<http://purl.obolibrary.org/obo/DDO.owl#DDO_0001006>	<http://www.w3.org/2002/07/owl#Class>
<http://purl.obolibrary.org/obo/DDO.owl#DDO_0001007>	<http://www.w3.org/2002/07/owl#Class>
<http://purl.obolibrary.org/obo/DDO.owl#DDO_0001008>	<http://www.w3.org/2002/07/owl#Class>
<http://purl.obolibrary.org/obo/DDO.owl#DDO_0001009>	<http://www.w3.org/2002/07/owl#Class>
<http://purl.obolibrary.org/obo/DDO.owl#DDO_0001010>	<http://www.w3.org/2002/07/owl#Class>
<http://purl.obolibrary.org/obo/DDO.owl#DDO_0001011>	<http://www.w3.org/2002/07/owl#Class>
<http://purl.obolibrary.org/obo/DDO.owl#DDO_0001012>	<http://www.w3.org/2002/07/owl#Class>
<http://purl.obolibrary.org/obo/DDO.owl#DDO_0001013>	<http://www.w3.org/2002/07/owl#Class>
<http://purl.obolibrary.org/obo/DDO.owl#DDO_0001014>	<http://www.w3.org/2002/07/owl#Class>
<http://purl.obolibrary.org/obo/DDO.owl#DDO_0001015>	<http://www.w3.org/2002/07/owl#Class>
<http://purl.obolibrary.org/obo/DDO.owl#DDO_0001016>	<http://www.w3.org/2002/07/owl#Class>
<http://purl.obolibrary.org/obo/DDO.owl#DDO_0001017>	<http://www.w3.org/2002/07/owl#Class>
<http://purl.obolibrary.org/obo/DDO.owl#DDO_0001018>	<http://www.w3.org/2002/07/owl#Class>
<http://purl.obolibrary.org/obo/DDO.owl#DDO_0001019>	<http://www.w3.org/2002/07/owl#Class>
<http://purl.obolibrary.org/obo/DDO.owl#DDO_0001020>	<http://www.w3.org/2002/07/owl#Class>
<http://purl.obolibrary.org/obo/DDO.owl#DDO_0001021>	<http://www.w3.org/2002/07/owl#Class>
<http://purl.obolibrary.org/obo/DDO.owl#DDO_0001023>	<http://www.w3.org/2002/07/owl#Class>
<http://purl.obolibrary.org/obo/DDO.owl#DDO_0001024>	<http://www.w3.org/2002/07/owl#Class>
<http://purl.obolibrary.org/obo/DDO.owl#DDO_0001025>	<http://www.w3.org/2002/07/owl#Class>
<http://purl.obolibrary.org/obo/DDO.owl#DDO_0001026>	<http://www.w3.org/2002/07/owl#Class>
<http://purl.obolibrary.org/obo/DDO.owl#DDO_0001027>	<http://www.w3.org/2002/07/owl#Class>
<http://purl.obolibrary.org/obo/DDO.owl#DDO_0001028>	<http://www.w3.org/2002/07/owl#Class>
<http://purl.obolibrary.org/obo/DDO.owl#DDO_0001029>	<http://www.w3.org/2002/07/owl#Class>
<http://purl.obolibrary.org/obo/DDO.owl#DDO_0001030>	<http://www.w3.org/2002/07/owl#Class>
<http://purl.obolibrary.org/obo/DDO.owl#DDO_0001031>	<http://www.w3.org/2002/07/owl#Class>
<http://purl.obolibrary.org/obo/DDO.owl#DDO_0001032>	<http://www.w3.org/2002/07/owl#Class>
<http://purl.obolibrary.org/obo/DDO.owl#DDO_0001033>	<http://www.w3.org/2002/07/owl#Class>
<http://purl.obolibrary.org/obo/DDO.owl#DDO_0001034>	<http://www.w3.org/2002/07/owl#Class>
<http://purl.obolibrary.org/obo/DDO.owl#DDO_0001035>	<http://www.w3.org/2002/07/owl#Class>
<http://purl.obolibrary.org/obo/DDO.owl#DDO_0001036>	<http://www.w3.org/2002/07/owl#Class>
<http://purl.obolibrary.org/obo/DDO.owl#DDO_0001037>	<http://www.w3.org/2002/07/owl#Class>
<http://purl.obolibrary.org/obo/DDO.owl#DDO_0001038>	<http://www.w3.org/2002/07/owl#Class>
<http://purl.obolibrary.org/obo/DDO.owl#DDO_0001039>	<http://www.w3.org/2002/07/owl#Class>
<http://purl.obolibrary.org/obo/DDO.owl#DDO_0001040>	<http://www.w3.org/2002/07/owl#Class>
<http://purl.obolibrary.org/obo/DDO.owl#DDO_0001041>	<http://www.w3.org/2002/07/owl#Class>
<http://purl.obolibrary.org/obo/DDO.owl#DDO_0001042>	<http://www.w3.org/2002/07/owl#Class>
<http://purl.obolibrary.org/obo/DDO.owl#DDO_0001043>	<http://www.w3.org/2002/07/owl#Class>
<http://purl.obolibrary.org/obo/DDO.owl#DDO_0001044>	<http://www.w3.org/2002/07/owl#Class>
<http://purl.obolibrary.org/obo/DDO.owl#DDO_0001045>	<http://www.w3.org/2002/07/owl#Class>
<http://purl.obolibrary.org/obo/DDO.owl#DDO_0001046>	<http://www.w3.org/2002/07/owl#Class>
<http://purl.obolibrary.org/obo/DDO.owl#DDO_0001047>	<http://www.w3.org/2002/07/owl#Class>
<http://purl.obolibrary.org/obo/DDO.owl#DDO_0001048>	<http://www.w3.org/2002/07/owl#Class>
<http://purl.obolibrary.org/obo/DDO.owl#DDO_0001049>	<http://www.w3.org/2002/07/owl#Class>
<http://purl.obolibrary.org/obo/DDO.owl#DDO_0001050>	<http://www.w3.org/2002/07/owl#Class>
<http://purl.obolibrary.org/obo/DDO.owl#DDO_0001051>	<http://www.w3.org/2002/07/owl#Class>
<http://purl.obolibrary.org/obo/DDO.owl#DDO_0001052>	<http://www.w3.org/2002/07/owl#Class>
<http://purl.obolibrary.org/obo/DDO.owl#DDO_0001053>	<http://www.w3.org/2002/07/owl#Class>
<http://purl.obolibrary.org/obo/DDO.owl#DDO_0001054>	<http://www.w3.org/2002/07/owl#Class>
<http://purl.obolibrary.org/obo/DDO.owl#DDO_0001055>	<http://www.w3.org/2002/07/owl#Class>
<http://purl.obolibrary.org/obo/DDO.owl#DDO_0001056>	<http://www.w3.org/2002/07/owl#Class>
<http://purl.obolibrary.org/obo/DDO.owl#DDO_0001057>	<http://www.w3.org/2002/07/owl#Class>
<http://purl.obolibrary.org/obo/DDO.owl#DDO_0001058>	<http://www.w3.org/2002/07/owl#Class>
<http://purl.obolibrary.org/obo/DDO.owl#DDO_0001059>	<http://www.w3.org/2002/07/owl#Class>
<http://purl.obolibrary.org/obo/DDO.owl#DDO_0001060>	<http://www.w3.org/2002/07/owl#Class>
<http://purl.obolibrary.org/obo/DDO.owl#DDO_0001061>	<http://www.w3.org/2002/07/owl#Class>
<http://purl.obolibrary.org/obo/DDO.owl#DDO_0001062>	<http://www.w3.org/2002/07/owl#Class>
<http://purl.obolibrary.org/obo/DDO.owl#DDO_0001063>	<http://www.w3.org/2002/07/owl#Class>
<http://purl.obolibrary.org/obo/DDO.owl#DDO_0001064>	<http://www.w3.org/2002/07/owl#Class>
<http://purl.obolibrary.org/obo/DDO.owl#DDO_0001065>	<http://www.w3.org/2002/07/owl#Class>
<http://purl.obolibrary.org/obo/DDO.owl#DDO_0001066>	<http://www.w3.org/2002/07/owl#Class>
<http://purl.obolibrary.org/obo/DDO.owl#DDO_0001067>	<http://www.w3.org/2002/07/owl#Class>
<http://purl.obolibrary.org/obo/DDO.owl#DDO_0001068>	<http://www.w3.org/2002/07/owl#Class>
<http://purl.obolibrary.org/obo/DDO.owl#DDO_0001069>	<http://www.w3.org/2002/07/owl#Class>
<http://purl.obolibrary.org/obo/DDO.owl#DDO_0001070>	<http://www.w3.org/2002/07/owl#Class>
<http://purl.obolibrary.org/obo/DDO.owl#DDO_0001071>	<http://www.w3.org/2002/07/owl#Class>
<http://purl.obolibrary.org/obo/DDO.owl#DDO_0001072>	<http://www.w3.org/2002/07/owl#Class>
<http://purl.obolibrary.org/obo/DDO.owl#DDO_0001073>	<http://www.w3.org/2002/07/owl#Class>
<http://purl.obolibrary.org/obo/DDO.owl#DDO_0001074>	<http://www.w3.org/2002/07/owl#Class>
<http://purl.obolibrary.org/obo/DDO.owl#DDO_0001075>	<http://www.w3.org/2002/07/owl#Class>
<http://purl.obolibrary.org/obo/DDO.owl#DDO_0001076>	<http://www.w3.org/2002/07/owl#Class>
<http://purl.obolibrary.org/obo/DDO.owl#DDO_0001077>	<http://www.w3.org/2002/07/owl#Class>
<http://purl.obolibrary.org/obo/DDO.owl#DDO_0001078>	<http://www.w3.org/2002/07/owl#Class>
<http://purl.obolibrary.org/obo/DDO.owl#DDO_0001079>	<http://www.w3.org/2002/07/owl#Class>
<http://purl.obolibrary.org/obo/DDO.owl#DDO_0001080>	<http://www.w3.org/2002/07/owl#Class>
<http://purl.obolibrary.org/obo/DDO.owl#DDO_0001081>	<http://www.w3.org/2002/07/owl#Class>
<http://purl.obolibrary.org/obo/DDO.owl#DDO_0001082>	<http://www.w3.org/2002/07/owl#Class>
<http://purl.obolibrary.org/obo/DDO.owl#DDO_0001083>	<http://www.w3.org/2002/07/owl#Class>
<http://purl.obolibrary.org/obo/DDO.owl#DDO_0001084>	<http://www.w3.org/2002/07/owl#Class>
<http://purl.obolibrary.org/obo/DDO.owl#DDO_0001085>	<http://www.w3.org/2002/07/owl#Class>
<http://purl.obolibrary.org/obo/DDO.owl#DDO_0001086>	<http://www.w3.org/2002/07/owl#Class>
<http://purl.obolibrary.org/obo/DDO.owl#DDO_0001087>	<http://www.w3.org/2002/07/owl#Class>
<http://purl.obolibrary.org/obo/DDO.owl#DDO_0001088>	<http://www.w3.org/2002/07/owl#Class>
<http://purl.obolibrary.org/obo/DDO.owl#DDO_0001089>	<http://www.w3.org/2002/07/owl#Class>
<http://purl.obolibrary.org/obo/DDO.owl#DDO_0001090>	<http://www.w3.org/2002/07/owl#Class>
<http://purl.obolibrary.org/obo/DDO.owl#DDO_0001091>	<http://www.w3.org/2002/07/owl#Class>
<http://purl.obolibrary.org/obo/DDO.owl#DDO_0001092>	<http://www.w3.org/2002/07/owl#Class>
<http://purl.obolibrary.org/obo/DDO.owl#DDO_0001093>	<http://www.w3.org/2002/07/owl#Class>
<http://purl.obolibrary.org/obo/DDO.owl#DDO_0001094>	<http://www.w3.org/2002/07/owl#Class>
<http://purl.obolibrary.org/obo/DDO.owl#DDO_0001095>	<http://www.w3.org/2002/07/owl#Class>
<http://purl.obolibrary.org/obo/DDO.owl#DDO_0001096>	<http://www.w3.org/2002/07/owl#Class>
<http://purl.obolibrary.org/obo/DDO.owl#DDO_0001097>	<http://www.w3.org/2002/07/owl#Class>
<http://purl.obolibrary.org/obo/DDO.owl#DDO_0001098>	<http://www.w3.org/2002/07/owl#Class>
<http://purl.obolibrary.org/obo/DDO.owl#DDO_0001099>	<http://www.w3.org/2002/07/owl#Class>
<http://purl.obolibrary.org/obo/DDO.owl#DDO_0001100>	<http://www.w3.org/2002/07/owl#Class>
<http://purl.obolibrary.org/obo/DDO.owl#DDO_0001101>	<http://www.w3.org/2002/07/owl#Class>
<http://purl.obolibrary.org/obo/DDO.owl#DDO_0001102>	<http://www.w3.org/2002/07/owl#Class>
<http://purl.obolibrary.org/obo/DDO.owl#DDO_0001103>	<http://www.w3.org/2002/07/owl#Class>
<http://purl.obolibrary.org/obo/DDO.owl#DDO_0001104>	<http://www.w3.org/2002/07/owl#Class>
<http://purl.obolibrary.org/obo/DDO.owl#DDO_0001105>	<http://www.w3.org/2002/07/owl#Class>
<http://purl.obolibrary.org/obo/DDO.owl#DDO_0001106>	<http://www.w3.org/2002/07/owl#Class>
<http://purl.obolibrary.org/obo/DDO.owl#DDO_0001107>	<http://www.w3.org/2002/07/owl#Class>
<http://purl.obolibrary.org/obo/DDO.owl#DDO_0001108>	<http://www.w3.org/2002/07/owl#Class>
<http://purl.obolibrary.org/obo/DDO.owl#DDO_0001109>	<http://www.w3.org/2002/07/owl#Class>
<http://purl.obolibrary.org/obo/DDO.owl#DDO_0001110>	<http://www.w3.org/2002/07/owl#Class>
<http://purl.obolibrary.org/obo/DDO.owl#DDO_0001111>	<http://www.w3.org/2002/07/owl#Class>
<http://purl.obolibrary.org/obo/DDO.owl#DDO_0001112>	<http://www.w3.org/2002/07/owl#Class>
<http://purl.obolibrary.org/obo/DDO.owl#DDO_0001113>	<http://www.w3.org/2002/07/owl#Class>
<http://purl.obolibrary.org/obo/DDO.owl#DDO_0001114>	<http://www.w3.org/2002/07/owl#Class>
<http://purl.obolibrary.org/obo/DDO.owl#DDO_0001115>	<http://www.w3.org/2002/07/owl#Class>
<http://purl.obolibrary.org/obo/DDO.owl#DDO_0001116>	<http://www.w3.org/2002/07/owl#Class>
<http://purl.obolibrary.org/obo/DDO.owl#DDO_0001117>	<http://www.w3.org/2002/07/owl#Class>
<http://purl.obolibrary.org/obo/DDO.owl#DDO_0001118>	<http://www.w3.org/2002/07/owl#Class>
<http://purl.obolibrary.org/obo/DDO.owl#DDO_0001119>	<http://www.w3.org/2002/07/owl#Class>
<http://purl.obolibrary.org/obo/DDO.owl#DDO_0001120>	<http://www.w3.org/2002/07/owl#Class>
<http://purl.obolibrary.org/obo/DDO.owl#DDO_0001121>	<http://www.w3.org/2002/07/owl#Class>
<http://purl.obolibrary.org/obo/DDO.owl#DDO_0001122>	<http://www.w3.org/2002/07/owl#Class>
<http://purl.obolibrary.org/obo/DDO.owl#DDO_0001123>	<http://www.w3.org/2002/07/owl#Class>
<http://purl.obolibrary.org/obo/DDO.owl#DDO_0001124>	<http://www.w3.org/2002/07/owl#Class>
<http://purl.obolibrary.org/obo/DDO.owl#DDO_0001125>	<http://www.w3.org/2002/07/owl#Class>
<http://purl.obolibrary.org/obo/DDO.owl#DDO_0001126>	<http://www.w3.org/2002/07/owl#Class>
<http://purl.obolibrary.org/obo/DDO.owl#DDO_0001127>	<http://www.w3.org/2002/07/owl#Class>
<http://purl.obolibrary.org/obo/DDO.owl#DDO_0001129>	<http://www.w3.org/2002/07/owl#Class>
<http://purl.obolibrary.org/obo/DDO.owl#DDO_0001130>	<http://www.w3.org/2002/07/owl#Class>
<http://purl.obolibrary.org/obo/DDO.owl#DDO_0001131>	<http://www.w3.org/2002/07/owl#Class>
<http://purl.obolibrary.org/obo/DDO.owl#DDO_0001132>	<http://www.w3.org/2002/07/owl#Class>
<http://purl.obolibrary.org/obo/DDO.owl#DDO_0001133>	<http://www.w3.org/2002/07/owl#Class>
<http://purl.obolibrary.org/obo/DDO.owl#DDO_0001134>	<http://www.w3.org/2002/07/owl#Class>
<http://purl.obolibrary.org/obo/DDO.owl#DDO_0001135>	<http://www.w3.org/2002/07/owl#Class>
<http://purl.obolibrary.org/obo/DDO.owl#DDO_0001136>	<http://www.w3.org/2002/07/owl#Class>
<http://purl.obolibrary.org/obo/DDO.owl#DDO_0001137>	<http://www.w3.org/2002/07/owl#Class>
<http://purl.obolibrary.org/obo/DDO.owl#DDO_0001138>	<http://www.w3.org/2002/07/owl#Class>
<http://purl.obolibrary.org/obo/DDO.owl#DDO_0001139>	<http://www.w3.org/2002/07/owl#Class>
<http://purl.obolibrary.org/obo/DDO.owl#DDO_0001140>	<http://www.w3.org/2002/07/owl#Class>
<http://purl.obolibrary.org/obo/DDO.owl#DDO_0001141>	<http://www.w3.org/2002/07/owl#Class>
<http://purl.obolibrary.org/obo/DDO.owl#DDO_0001142>	<http://www.w3.org/2002/07/owl#Class>
<http://purl.obolibrary.org/obo/DDO.owl#DDO_0001143>	<http://www.w3.org/2002/07/owl#Class>
<http://purl.obolibrary.org/obo/DDO.owl#DDO_0001144>	<http://www.w3.org/2002/07/owl#Class>
<http://purl.obolibrary.org/obo/DDO.owl#DDO_0001145>	<http://www.w3.org/2002/07/owl#Class>
<http://purl.obolibrary.org/obo/DDO.owl#DDO_0001146>	<http://www.w3.org/2002/07/owl#Class>
<http://purl.obolibrary.org/obo/DDO.owl#DDO_0001147>	<http://www.w3.org/2002/07/owl#Class>
<http://purl.obolibrary.org/obo/DDO.owl#DDO_0001148>	<http://www.w3.org/2002/07/owl#Class>
<http://purl.obolibrary.org/obo/DDO.owl#DDO_0001149>	<http://www.w3.org/2002/07/owl#Class>
<http://purl.obolibrary.org/obo/DDO.owl#DDO_0001150>	<http://www.w3.org/2002/07/owl#Class>
<http://purl.obolibrary.org/obo/DDO.owl#DDO_0001151>	<http://www.w3.org/2002/07/owl#Class>
<http://purl.obolibrary.org/obo/DDO.owl#DDO_0001152>	<http://www.w3.org/2002/07/owl#Class>
<http://purl.obolibrary.org/obo/DDO.owl#DDO_0001153>	<http://www.w3.org/2002/07/owl#Class>
<http://purl.obolibrary.org/obo/DDO.owl#DDO_0001154>	<http://www.w3.org/2002/07/owl#Class>
<http://purl.obolibrary.org/obo/DDO.owl#DDO_0001155>	<http://www.w3.org/2002/07/owl#Class>
<http://purl.obolibrary.org/obo/DDO.owl#DDO_0001156>	<http://www.w3.org/2002/07/owl#Class>
<http://purl.obolibrary.org/obo/DDO.owl#DDO_0001157>	<http://www.w3.org/2002/07/owl#Class>
<http://purl.obolibrary.org/obo/DDO.owl#DDO_0001158>	<http://www.w3.org/2002/07/owl#Class>
<http://purl.obolibrary.org/obo/DDO.owl#DDO_0001159>	<http://www.w3.org/2002/07/owl#Class>
<http://purl.obolibrary.org/obo/DDO.owl#DDO_0001160>	<http://www.w3.org/2002/07/owl#Class>
<http://purl.obolibrary.org/obo/DDO.owl#DDO_0001161>	<http://www.w3.org/2002/07/owl#Class>
<http://purl.obolibrary.org/obo/DDO.owl#DDO_0001162>	<http://www.w3.org/2002/07/owl#Class>
<http://purl.obolibrary.org/obo/DDO.owl#DDO_0001163>	<http://www.w3.org/2002/07/owl#Class>
<http://purl.obolibrary.org/obo/DDO.owl#DDO_0001164>	<http://www.w3.org/2002/07/owl#Class>
<http://purl.obolibrary.org/obo/DDO.owl#DDO_0001165>	<http://www.w3.org/2002/07/owl#Class>
<http://purl.obolibrary.org/obo/DDO.owl#DDO_0001166>	<http://www.w3.org/2002/07/owl#Class>
<http://purl.obolibrary.org/obo/DDO.owl#DDO_0001167>	<http://www.w3.org/2002/07/owl#Class>
<http://purl.obolibrary.org/obo/DDO.owl#DDO_0001168>	<http://www.w3.org/2002/07/owl#Class>
<http://purl.obolibrary.org/obo/DDO.owl#DDO_0001169>	<http://www.w3.org/2002/07/owl#Class>
<http://purl.obolibrary.org/obo/DDO.owl#DDO_0001170>	<http://www.w3.org/2002/07/owl#Class>
<http://purl.obolibrary.org/obo/DDO.owl#DDO_0001171>	<http://www.w3.org/2002/07/owl#Class>
<http://purl.obolibrary.org/obo/DDO.owl#DDO_0001172>	<http://www.w3.org/2002/07/owl#Class>
<http://purl.obolibrary.org/obo/DDO.owl#DDO_0001173>	<http://www.w3.org/2002/07/owl#Class>
<http://purl.obolibrary.org/obo/DDO.owl#DDO_0001174>	<http://www.w3.org/2002/07/owl#Class>
<http://purl.obolibrary.org/obo/DDO.owl#DDO_0001175>	<http://www.w3.org/2002/07/owl#Class>
<http://purl.obolibrary.org/obo/DDO.owl#DDO_0001176>	<http://www.w3.org/2002/07/owl#Class>
<http://purl.obolibrary.org/obo/DDO.owl#DDO_0001177>	<http://www.w3.org/2002/07/owl#Class>
<http://purl.obolibrary.org/obo/DDO.owl#DDO_0001178>	<http://www.w3.org/2002/07/owl#Class>
<http://purl.obolibrary.org/obo/DDO.owl#DDO_0001179>	<http://www.w3.org/2002/07/owl#Class>
<http://purl.obolibrary.org/obo/DDO.owl#DDO_0001180>	<http://www.w3.org/2002/07/owl#Class>
<http://purl.obolibrary.org/obo/DDO.owl#DDO_0001181>	<http://www.w3.org/2002/07/owl#Class>
<http://purl.obolibrary.org/obo/DDO.owl#DDO_0001182>	<http://www.w3.org/2002/07/owl#Class>
<http://purl.obolibrary.org/obo/DDO.owl#DDO_0001183>	<http://www.w3.org/2002/07/owl#Class>
<http://purl.obolibrary.org/obo/DDO.owl#DDO_0001184>	<http://www.w3.org/2002/07/owl#Class>
<http://purl.obolibrary.org/obo/DDO.owl#DDO_0001185>	<http://www.w3.org/2002/07/owl#Class>
<http://purl.obolibrary.org/obo/DDO.owl#DDO_0001186>	<http://www.w3.org/2002/07/owl#Class>
<http://purl.obolibrary.org/obo/DDO.owl#DDO_0001187>	<http://www.w3.org/2002/07/owl#Class>
<http://purl.obolibrary.org/obo/DDO.owl#DDO_0001188>	<http://www.w3.org/2002/07/owl#Class>
<http://purl.obolibrary.org/obo/DDO.owl#DDO_0001189>	<http://www.w3.org/2002/07/owl#Class>
<http://purl.obolibrary.org/obo/DDO.owl#DDO_0001190>	<http://www.w3.org/2002/07/owl#Class>
<http://purl.obolibrary.org/obo/DDO.owl#DDO_0001191>	<http://www.w3.org/2002/07/owl#Class>
<http://purl.obolibrary.org/obo/DDO.owl#DDO_0001192>	<http://www.w3.org/2002/07/owl#Class>
<http://purl.obolibrary.org/obo/DDO.owl#DDO_0001193>	<http://www.w3.org/2002/07/owl#Class>
<http://purl.obolibrary.org/obo/DDO.owl#DDO_0001194>	<http://www.w3.org/2002/07/owl#Class>
<http://purl.obolibrary.org/obo/DDO.owl#DDO_0001195>	<http://www.w3.org/2002/07/owl#Class>
<http://purl.obolibrary.org/obo/DDO.owl#DDO_0001196>	<http://www.w3.org/2002/07/owl#Class>
<http://purl.obolibrary.org/obo/DDO.owl#DDO_0001197>	<http://www.w3.org/2002/07/owl#Class>
<http://purl.obolibrary.org/obo/DDO.owl#DDO_0001198>	<http://www.w3.org/2002/07/owl#Class>
<http://purl.obolibrary.org/obo/DDO.owl#DDO_0001199>	<http://www.w3.org/2002/07/owl#Class>
<http://purl.obolibrary.org/obo/DDO.owl#DDO_0001200>	<http://www.w3.org/2002/07/owl#Class>
<http://purl.obolibrary.org/obo/DDO.owl#DDO_0001201>	<http://www.w3.org/2002/07/owl#Class>
<http://purl.obolibrary.org/obo/DDO.owl#DDO_0001202>	<http://www.w3.org/2002/07/owl#Class>
<http://purl.obolibrary.org/obo/DDO.owl#DDO_0001203>	<http://www.w3.org/2002/07/owl#Class>
<http://purl.obolibrary.org/obo/DDO.owl#DDO_0001204>	<http://www.w3.org/2002/07/owl#Class>
<http://purl.obolibrary.org/obo/DDO.owl#DDO_0001205>	<http://www.w3.org/2002/07/owl#Class>
<http://purl.obolibrary.org/obo/DDO.owl#DDO_0001206>	<http://www.w3.org/2002/07/owl#Class>
<http://purl.obolibrary.org/obo/DDO.owl#DDO_0001207>	<http://www.w3.org/2002/07/owl#Class>
<http://purl.obolibrary.org/obo/DDO.owl#DDO_0001208>	<http://www.w3.org/2002/07/owl#Class>
<http://purl.obolibrary.org/obo/DDO.owl#DDO_0001209>	<http://www.w3.org/2002/07/owl#Class>
<http://purl.obolibrary.org/obo/DDO.owl#DDO_0001210>	<http://www.w3.org/2002/07/owl#Class>
<http://purl.obolibrary.org/obo/DDO.owl#DDO_0001211>	<http://www.w3.org/2002/07/owl#Class>
<http://purl.obolibrary.org/obo/DDO.owl#DDO_0001212>	<http://www.w3.org/2002/07/owl#Class>
<http://purl.obolibrary.org/obo/DDO.owl#DDO_0001213>	<http://www.w3.org/2002/07/owl#Class>
<http://purl.obolibrary.org/obo/DDO.owl#DDO_0001214>	<http://www.w3.org/2002/07/owl#Class>
<http://purl.obolibrary.org/obo/DDO.owl#DDO_0001215>	<http://www.w3.org/2002/07/owl#Class>
<http://purl.obolibrary.org/obo/DDO.owl#DDO_0001216>	<http://www.w3.org/2002/07/owl#Class>
<http://purl.obolibrary.org/obo/DDO.owl#DDO_0001217>	<http://www.w3.org/2002/07/owl#Class>
<http://purl.obolibrary.org/obo/DDO.owl#DDO_0001218>	<http://www.w3.org/2002/07/owl#Class>
<http://purl.obolibrary.org/obo/DDO.owl#DDO_0001219>	<http://www.w3.org/2002/07/owl#Class>
<http://purl.obolibrary.org/obo/DDO.owl#DDO_0001220>	<http://www.w3.org/2002/07/owl#Class>
<http://purl.obolibrary.org/obo/DDO.owl#DDO_0001221>	<http://www.w3.org/2002/07/owl#Class>
<http://purl.obolibrary.org/obo/DDO.owl#DDO_0001222>	<http://www.w3.org/2002/07/owl#Class>
<http://purl.obolibrary.org/obo/DDO.owl#DDO_0001223>	<http://www.w3.org/2002/07/owl#Class>
<http://purl.obolibrary.org/obo/DDO.owl#DDO_0001224>	<http://www.w3.org/2002/07/owl#Class>
<http://purl.obolibrary.org/obo/DDO.owl#DDO_0001225>	<http://www.w3.org/2002/07/owl#Class>
<http://purl.obolibrary.org/obo/DDO.owl#DDO_0001226>	<http://www.w3.org/2002/07/owl#Class>
<http://purl.obolibrary.org/obo/DDO.owl#DDO_0001227>	<http://www.w3.org/2002/07/owl#Class>
<http://purl.obolibrary.org/obo/DDO.owl#DDO_0001228>	<http://www.w3.org/2002/07/owl#Class>
<http://purl.obolibrary.org/obo/DDO.owl#DDO_0001229>	<http://www.w3.org/2002/07/owl#Class>
<http://purl.obolibrary.org/obo/DDO.owl#DDO_0001230>	<http://www.w3.org/2002/07/owl#Class>
<http://purl.obolibrary.org/obo/DDO.owl#DDO_0001231>	<http://www.w3.org/2002/07/owl#Class>
<http://purl.obolibrary.org/obo/DDO.owl#DDO_0001232>	<http://www.w3.org/2002/07/owl#Class>
<http://purl.obolibrary.org/obo/DDO.owl#DDO_0001233>	<http://www.w3.org/2002/07/owl#Class>
<http://purl.obolibrary.org/obo/DDO.owl#DDO_0001234>	<http://www.w3.org/2002/07/owl#Class>
<http://purl.obolibrary.org/obo/DDO.owl#DDO_0001235>	<http://www.w3.org/2002/07/owl#Class>
<http://purl.obolibrary.org/obo/DDO.owl#DDO_0001236>	<http://www.w3.org/2002/07/owl#Class>
<http://purl.obolibrary.org/obo/DDO.owl#DDO_0001237>	<http://www.w3.org/2002/07/owl#Class>
<http://purl.obolibrary.org/obo/DDO.owl#DDO_0001238>	<http://www.w3.org/2002/07/owl#Class>
<http://purl.obolibrary.org/obo/DDO.owl#DDO_0001239>	<http://www.w3.org/2002/07/owl#Class>
<http://purl.obolibrary.org/obo/DDO.owl#DDO_0001240>	<http://www.w3.org/2002/07/owl#Class>
<http://purl.obolibrary.org/obo/DDO.owl#DDO_0001241>	<http://www.w3.org/2002/07/owl#Class>
<http://purl.obolibrary.org/obo/DDO.owl#DDO_0001242>	<http://www.w3.org/2002/07/owl#Class>
<http://purl.obolibrary.org/obo/DDO.owl#DDO_0001243>	<http://www.w3.org/2002/07/owl#Class>
<http://purl.obolibrary.org/obo/DDO.owl#DDO_0001244>	<http://www.w3.org/2002/07/owl#Class>
<http://purl.obolibrary.org/obo/DDO.owl#DDO_0001245>	<http://www.w3.org/2002/07/owl#Class>
<http://purl.obolibrary.org/obo/DDO.owl#DDO_0001246>	<http://www.w3.org/2002/07/owl#Class>
<http://purl.obolibrary.org/obo/DDO.owl#DDO_0001247>	<http://www.w3.org/2002/07/owl#Class>
<http://purl.obolibrary.org/obo/DDO.owl#DDO_0001248>	<http://www.w3.org/2002/07/owl#Class>
<http://purl.obolibrary.org/obo/DDO.owl#DDO_0001249>	<http://www.w3.org/2002/07/owl#Class>
<http://purl.obolibrary.org/obo/DDO.owl#DDO_0001250>	<http://www.w3.org/2002/07/owl#Class>
<http://purl.obolibrary.org/obo/DDO.owl#DDO_0001251>	<http://www.w3.org/2002/07/owl#Class>
<http://purl.obolibrary.org/obo/DDO.owl#DDO_0001252>	<http://www.w3.org/2002/07/owl#Class>
<http://purl.obolibrary.org/obo/DDO.owl#DDO_0001253>	<http://www.w3.org/2002/07/owl#Class>
<http://purl.obolibrary.org/obo/DDO.owl#DDO_0001254>	<http://www.w3.org/2002/07/owl#Class>
<http://purl.obolibrary.org/obo/DDO.owl#DDO_0001255>	<http://www.w3.org/2002/07/owl#Class>
<http://purl.obolibrary.org/obo/DDO.owl#DDO_0001256>	<http://www.w3.org/2002/07/owl#Class>
<http://purl.obolibrary.org/obo/DDO.owl#DDO_0001257>	<http://www.w3.org/2002/07/owl#Class>
<http://purl.obolibrary.org/obo/DDO.owl#DDO_0001258>	<http://www.w3.org/2002/07/owl#Class>
<http://purl.obolibrary.org/obo/DDO.owl#DDO_0001259>	<http://www.w3.org/2002/07/owl#Class>
<http://purl.obolibrary.org/obo/DDO.owl#DDO_0001260>	<http://www.w3.org/2002/07/owl#Class>
<http://purl.obolibrary.org/obo/DDO.owl#DDO_0001261>	<http://www.w3.org/2002/07/owl#Class>
<http://purl.obolibrary.org/obo/DDO.owl#DDO_0001262>	<http://www.w3.org/2002/07/owl#Class>
<http://purl.obolibrary.org/obo/DDO.owl#DDO_0001263>	<http://www.w3.org/2002/07/owl#Class>
<http://purl.obolibrary.org/obo/DDO.owl#DDO_0001264>	<http://www.w3.org/2002/07/owl#Class>
<http://purl.obolibrary.org/obo/DDO.owl#DDO_0001265>	<http://www.w3.org/2002/07/owl#Class>
<http://purl.obolibrary.org/obo/DDO.owl#DDO_0001266>	<http://www.w3.org/2002/07/owl#Class>
<http://purl.obolibrary.org/obo/DDO.owl#DDO_0001267>	<http://www.w3.org/2002/07/owl#Class>
<http://purl.obolibrary.org/obo/DDO.owl#DDO_0001268>	<http://www.w3.org/2002/07/owl#Class>
<http://purl.obolibrary.org/obo/DDO.owl#DDO_0001269>	<http://www.w3.org/2002/07/owl#Class>
<http://purl.obolibrary.org/obo/DDO.owl#DDO_0001270>	<http://www.w3.org/2002/07/owl#Class>
<http://purl.obolibrary.org/obo/DDO.owl#DDO_0001271>	<http://www.w3.org/2002/07/owl#Class>
<http://purl.obolibrary.org/obo/DDO.owl#DDO_0001272>	<http://www.w3.org/2002/07/owl#Class>
<http://purl.obolibrary.org/obo/DDO.owl#DDO_0001273>	<http://www.w3.org/2002/07/owl#Class>
<http://purl.obolibrary.org/obo/DDO.owl#DDO_0001274>	<http://www.w3.org/2002/07/owl#Class>
<http://purl.obolibrary.org/obo/DDO.owl#DDO_0001275>	<http://www.w3.org/2002/07/owl#Class>
<http://purl.obolibrary.org/obo/DDO.owl#DDO_0001276>	<http://www.w3.org/2002/07/owl#Class>
<http://purl.obolibrary.org/obo/DDO.owl#DDO_0001277>	<http://www.w3.org/2002/07/owl#Class>
<http://purl.obolibrary.org/obo/DDO.owl#DDO_0001278>	<http://www.w3.org/2002/07/owl#Class>
<http://purl.obolibrary.org/obo/DDO.owl#DDO_0001279>	<http://www.w3.org/2002/07/owl#Class>
<http://purl.obolibrary.org/obo/DDO.owl#DDO_0001280>	<http://www.w3.org/2002/07/owl#Class>
<http://purl.obolibrary.org/obo/DDO.owl#DDO_0001281>	<http://www.w3.org/2002/07/owl#Class>
<http://purl.obolibrary.org/obo/DDO.owl#DDO_0001282>	<http://www.w3.org/2002/07/owl#Class>
<http://purl.obolibrary.org/obo/DDO.owl#DDO_0001283>	<http://www.w3.org/2002/07/owl#Class>
<http://purl.obolibrary.org/obo/DDO.owl#DDO_0001284>	<http://www.w3.org/2002/07/owl#Class>
<http://purl.obolibrary.org/obo/DDO.owl#DDO_0001285>	<http://www.w3.org/2002/07/owl#Class>
<http://purl.obolibrary.org/obo/DDO.owl#DDO_0001286>	<http://www.w3.org/2002/07/owl#Class>
<http://purl.obolibrary.org/obo/DDO.owl#DDO_0001287>	<http://www.w3.org/2002/07/owl#Class>
<http://purl.obolibrary.org/obo/DDO.owl#DDO_0001288>	<http://www.w3.org/2002/07/owl#Class>
<http://purl.obolibrary.org/obo/DDO.owl#DDO_0001289>	<http://www.w3.org/2002/07/owl#Class>
<http://purl.obolibrary.org/obo/DDO.owl#DDO_0001290>	<http://www.w3.org/2002/07/owl#Class>
<http://purl.obolibrary.org/obo/DDO.owl#DDO_0001291>	<http://www.w3.org/2002/07/owl#Class>
<http://purl.obolibrary.org/obo/DDO.owl#DDO_0001292>	<http://www.w3.org/2002/07/owl#Class>
<http://purl.obolibrary.org/obo/DDO.owl#DDO_0001293>	<http://www.w3.org/2002/07/owl#Class>
<http://purl.obolibrary.org/obo/DDO.owl#DDO_0001294>	<http://www.w3.org/2002/07/owl#Class>
<http://purl.obolibrary.org/obo/DDO.owl#DDO_0001295>	<http://www.w3.org/2002/07/owl#Class>
<http://purl.obolibrary.org/obo/DDO.owl#DDO_0001296>	<http://www.w3.org/2002/07/owl#Class>
<http://purl.obolibrary.org/obo/DDO.owl#DDO_0001298>	<http://www.w3.org/2002/07/owl#Class>
<http://purl.obolibrary.org/obo/DDO.owl#DDO_0001299>	<http://www.w3.org/2002/07/owl#Class>
<http://purl.obolibrary.org/obo/DDO.owl#DDO_0001300>	<http://www.w3.org/2002/07/owl#Class>
<http://purl.obolibrary.org/obo/DDO.owl#DDO_0001301>	<http://www.w3.org/2002/07/owl#Class>
<http://purl.obolibrary.org/obo/DDO.owl#DDO_0001302>	<http://www.w3.org/2002/07/owl#Class>
<http://purl.obolibrary.org/obo/DDO.owl#DDO_0001303>	<http://www.w3.org/2002/07/owl#Class>
<http://purl.obolibrary.org/obo/DDO.owl#DDO_0001304>	<http://www.w3.org/2002/07/owl#Class>
<http://purl.obolibrary.org/obo/DDO.owl#DDO_0001305>	<http://www.w3.org/2002/07/owl#Class>
<http://purl.obolibrary.org/obo/DDO.owl#DDO_0001306>	<http://www.w3.org/2002/07/owl#Class>
<http://purl.obolibrary.org/obo/DDO.owl#DDO_0001307>	<http://www.w3.org/2002/07/owl#Class>
<http://purl.obolibrary.org/obo/DDO.owl#DDO_0001308>	<http://www.w3.org/2002/07/owl#Class>
<http://purl.obolibrary.org/obo/DDO.owl#DDO_0001309>	<http://www.w3.org/2002/07/owl#Class>
<http://purl.obolibrary.org/obo/DDO.owl#DDO_0001310>	<http://www.w3.org/2002/07/owl#Class>
<http://purl.obolibrary.org/obo/DDO.owl#DDO_0001311>	<http://www.w3.org/2002/07/owl#Class>
<http://purl.obolibrary.org/obo/DDO.owl#DDO_0001312>	<http://www.w3.org/2002/07/owl#Class>
<http://purl.obolibrary.org/obo/DDO.owl#DDO_0001313>	<http://www.w3.org/2002/07/owl#Class>
<http://purl.obolibrary.org/obo/DDO.owl#DDO_0001314>	<http://www.w3.org/2002/07/owl#Class>
<http://purl.obolibrary.org/obo/DDO.owl#DDO_0001315>	<http://www.w3.org/2002/07/owl#Class>
<http://purl.obolibrary.org/obo/DDO.owl#DDO_0001316>	<http://www.w3.org/2002/07/owl#Class>
<http://purl.obolibrary.org/obo/DDO.owl#DDO_0001317>	<http://www.w3.org/2002/07/owl#Class>
<http://purl.obolibrary.org/obo/DDO.owl#DDO_0001318>	<http://www.w3.org/2002/07/owl#Class>
<http://purl.obolibrary.org/obo/DDO.owl#DDO_0001319>	<http://www.w3.org/2002/07/owl#Class>
<http://purl.obolibrary.org/obo/DDO.owl#DDO_0001320>	<http://www.w3.org/2002/07/owl#Class>
<http://purl.obolibrary.org/obo/DDO.owl#DDO_0001321>	<http://www.w3.org/2002/07/owl#Class>
<http://purl.obolibrary.org/obo/DDO.owl#DDO_0001322>	<http://www.w3.org/2002/07/owl#Class>
<http://purl.obolibrary.org/obo/DDO.owl#DDO_0001323>	<http://www.w3.org/2002/07/owl#Class>
<http://purl.obolibrary.org/obo/DDO.owl#DDO_0001324>	<http://www.w3.org/2002/07/owl#Class>
<http://purl.obolibrary.org/obo/DDO.owl#DDO_0001325>	<http://www.w3.org/2002/07/owl#Class>
<http://purl.obolibrary.org/obo/DDO.owl#DDO_0001326>	<http://www.w3.org/2002/07/owl#Class>
<http://purl.obolibrary.org/obo/DDO.owl#DDO_0001327>	<http://www.w3.org/2002/07/owl#Class>
<http://purl.obolibrary.org/obo/DDO.owl#DDO_0001328>	<http://www.w3.org/2002/07/owl#Class>
<http://purl.obolibrary.org/obo/DDO.owl#DDO_0001329>	<http://www.w3.org/2002/07/owl#Class>
<http://purl.obolibrary.org/obo/DDO.owl#DDO_0001330>	<http://www.w3.org/2002/07/owl#Class>
<http://purl.obolibrary.org/obo/DDO.owl#DDO_0001331>	<http://www.w3.org/2002/07/owl#Class>
<http://purl.obolibrary.org/obo/DDO.owl#DDO_0001332>	<http://www.w3.org/2002/07/owl#Class>
<http://purl.obolibrary.org/obo/DDO.owl#DDO_0001333>	<http://www.w3.org/2002/07/owl#Class>
<http://purl.obolibrary.org/obo/DDO.owl#DDO_0001334>	<http://www.w3.org/2002/07/owl#Class>
<http://purl.obolibrary.org/obo/DDO.owl#DDO_0001335>	<http://www.w3.org/2002/07/owl#Class>
<http://purl.obolibrary.org/obo/DDO.owl#DDO_0001336>	<http://www.w3.org/2002/07/owl#Class>
<http://purl.obolibrary.org/obo/DDO.owl#DDO_0001337>	<http://www.w3.org/2002/07/owl#Class>
<http://purl.obolibrary.org/obo/DDO.owl#DDO_0001338>	<http://www.w3.org/2002/07/owl#Class>
<http://purl.obolibrary.org/obo/DDO.owl#DDO_0001339>	<http://www.w3.org/2002/07/owl#Class>
<http://purl.obolibrary.org/obo/DDO.owl#DDO_0001340>	<http://www.w3.org/2002/07/owl#Class>
<http://purl.obolibrary.org/obo/DDO.owl#DDO_0001341>	<http://www.w3.org/2002/07/owl#Class>
<http://purl.obolibrary.org/obo/DDO.owl#DDO_0001342>	<http://www.w3.org/2002/07/owl#Class>
<http://purl.obolibrary.org/obo/DDO.owl#DDO_0001343>	<http://www.w3.org/2002/07/owl#Class>
<http://purl.obolibrary.org/obo/DDO.owl#DDO_0001344>	<http://www.w3.org/2002/07/owl#Class>
<http://purl.obolibrary.org/obo/DDO.owl#DDO_0001345>	<http://www.w3.org/2002/07/owl#Class>
<http://purl.obolibrary.org/obo/DDO.owl#DDO_0001346>	<http://www.w3.org/2002/07/owl#Class>
<http://purl.obolibrary.org/obo/DDO.owl#DDO_0001347>	<http://www.w3.org/2002/07/owl#Class>
<http://purl.obolibrary.org/obo/DDO.owl#DDO_0001348>	<http://www.w3.org/2002/07/owl#Class>
<http://purl.obolibrary.org/obo/DDO.owl#DDO_0001349>	<http://www.w3.org/2002/07/owl#Class>
<http://purl.obolibrary.org/obo/DDO.owl#DDO_0001350>	<http://www.w3.org/2002/07/owl#Class>
<http://purl.obolibrary.org/obo/DDO.owl#DDO_0001351>	<http://www.w3.org/2002/07/owl#Class>
<http://purl.obolibrary.org/obo/DDO.owl#DDO_0001352>	<http://www.w3.org/2002/07/owl#Class>
<http://purl.obolibrary.org/obo/DDO.owl#DDO_0001353>	<http://www.w3.org/2002/07/owl#Class>
<http://purl.obolibrary.org/obo/DDO.owl#DDO_0001354>	<http://www.w3.org/2002/07/owl#Class>
<http://purl.obolibrary.org/obo/DDO.owl#DDO_0001355>	<http://www.w3.org/2002/07/owl#Class>
<http://purl.obolibrary.org/obo/DDO.owl#DDO_0001356>	<http://www.w3.org/2002/07/owl#Class>
<http://purl.obolibrary.org/obo/DDO.owl#DDO_0001357>	<http://www.w3.org/2002/07/owl#Class>
<http://purl.obolibrary.org/obo/DDO.owl#DDO_0001358>	<http://www.w3.org/2002/07/owl#Class>
<http://purl.obolibrary.org/obo/DDO.owl#DDO_0001359>	<http://www.w3.org/2002/07/owl#Class>
<http://purl.obolibrary.org/obo/DDO.owl#DDO_0001360>	<http://www.w3.org/2002/07/owl#Class>
<http://purl.obolibrary.org/obo/DDO.owl#DDO_0001361>	<http://www.w3.org/2002/07/owl#Class>
<http://purl.obolibrary.org/obo/DDO.owl#DDO_0001362>	<http://www.w3.org/2002/07/owl#Class>
<http://purl.obolibrary.org/obo/DDO.owl#DDO_0001363>	<http://www.w3.org/2002/07/owl#Class>
<http://purl.obolibrary.org/obo/DDO.owl#DDO_0001364>	<http://www.w3.org/2002/07/owl#Class>
<http://purl.obolibrary.org/obo/DDO.owl#DDO_0001365>	<http://www.w3.org/2002/07/owl#Class>
<http://purl.obolibrary.org/obo/DDO.owl#DDO_0001366>	<http://www.w3.org/2002/07/owl#Class>
<http://purl.obolibrary.org/obo/DDO.owl#DDO_0001367>	<http://www.w3.org/2002/07/owl#Class>
<http://purl.obolibrary.org/obo/DDO.owl#DDO_0001368>	<http://www.w3.org/2002/07/owl#Class>
<http://purl.obolibrary.org/obo/DDO.owl#DDO_0001369>	<http://www.w3.org/2002/07/owl#Class>
<http://purl.obolibrary.org/obo/DDO.owl#DDO_0001370>	<http://www.w3.org/2002/07/owl#Class>
<http://purl.obolibrary.org/obo/DDO.owl#DDO_0001371>	<http://www.w3.org/2002/07/owl#Class>
<http://purl.obolibrary.org/obo/DDO.owl#DDO_0001372>	<http://www.w3.org/2002/07/owl#Class>
<http://purl.obolibrary.org/obo/DDO.owl#DDO_0001373>	<http://www.w3.org/2002/07/owl#Class>
<http://purl.obolibrary.org/obo/DDO.owl#DDO_0001374>	<http://www.w3.org/2002/07/owl#Class>
<http://purl.obolibrary.org/obo/DDO.owl#DDO_0001375>	<http://www.w3.org/2002/07/owl#Class>
<http://purl.obolibrary.org/obo/DDO.owl#DDO_0001376>	<http://www.w3.org/2002/07/owl#Class>
<http://purl.obolibrary.org/obo/DDO.owl#DDO_0001377>	<http://www.w3.org/2002/07/owl#Class>
<http://purl.obolibrary.org/obo/DDO.owl#DDO_0001378>	<http://www.w3.org/2002/07/owl#Class>
<http://purl.obolibrary.org/obo/DDO.owl#DDO_0001379>	<http://www.w3.org/2002/07/owl#Class>
<http://purl.obolibrary.org/obo/DDO.owl#DDO_0001380>	<http://www.w3.org/2002/07/owl#Class>
<http://purl.obolibrary.org/obo/DDO.owl#DDO_0001381>	<http://www.w3.org/2002/07/owl#Class>
<http://purl.obolibrary.org/obo/DDO.owl#DDO_0001382>	<http://www.w3.org/2002/07/owl#Class>
<http://purl.obolibrary.org/obo/DDO.owl#DDO_0001383>	<http://www.w3.org/2002/07/owl#Class>
<http://purl.obolibrary.org/obo/DDO.owl#DDO_0001384>	<http://www.w3.org/2002/07/owl#Class>
<http://purl.obolibrary.org/obo/DDO.owl#DDO_0001385>	<http://www.w3.org/2002/07/owl#Class>
<http://purl.obolibrary.org/obo/DDO.owl#DDO_0001386>	<http://www.w3.org/2002/07/owl#Class>
<http://purl.obolibrary.org/obo/DDO.owl#DDO_0001387>	<http://www.w3.org/2002/07/owl#Class>
<http://purl.obolibrary.org/obo/DDO.owl#DDO_0001388>	<http://www.w3.org/2002/07/owl#Class>
<http://purl.obolibrary.org/obo/DDO.owl#DDO_0001389>	<http://www.w3.org/2002/07/owl#Class>
<http://purl.obolibrary.org/obo/DDO.owl#DDO_0001390>	<http://www.w3.org/2002/07/owl#Class>
<http://purl.obolibrary.org/obo/DDO.owl#DDO_0001391>	<http://www.w3.org/2002/07/owl#Class>
<http://purl.obolibrary.org/obo/DDO.owl#DDO_0001392>	<http://www.w3.org/2002/07/owl#Class>
<http://purl.obolibrary.org/obo/DDO.owl#DDO_0001393>	<http://www.w3.org/2002/07/owl#Class>
<http://purl.obolibrary.org/obo/DDO.owl#DDO_0001394>	<http://www.w3.org/2002/07/owl#Class>
<http://purl.obolibrary.org/obo/DDO.owl#DDO_0001395>	<http://www.w3.org/2002/07/owl#Class>
<http://purl.obolibrary.org/obo/DDO.owl#DDO_0001396>	<http://www.w3.org/2002/07/owl#Class>
<http://purl.obolibrary.org/obo/DDO.owl#DDO_0001397>	<http://www.w3.org/2002/07/owl#Class>
<http://purl.obolibrary.org/obo/DDO.owl#DDO_0001398>	<http://www.w3.org/2002/07/owl#Class>
<http://purl.obolibrary.org/obo/DDO.owl#DDO_0001399>	<http://www.w3.org/2002/07/owl#Class>
<http://purl.obolibrary.org/obo/DDO.owl#DDO_00014>	<http://www.w3.org/2002/07/owl#Class>
<http://purl.obolibrary.org/obo/DDO.owl#DDO_0001400>	<http://www.w3.org/2002/07/owl#Class>
<http://purl.obolibrary.org/obo/DDO.owl#DDO_0001401>	<http://www.w3.org/2002/07/owl#Class>
<http://purl.obolibrary.org/obo/DDO.owl#DDO_0001402>	<http://www.w3.org/2002/07/owl#Class>
<http://purl.obolibrary.org/obo/DDO.owl#DDO_0001403>	<http://www.w3.org/2002/07/owl#Class>
<http://purl.obolibrary.org/obo/DDO.owl#DDO_0001404>	<http://www.w3.org/2002/07/owl#Class>
<http://purl.obolibrary.org/obo/DDO.owl#DDO_0001405>	<http://www.w3.org/2002/07/owl#Class>
<http://purl.obolibrary.org/obo/DDO.owl#DDO_0001406>	<http://www.w3.org/2002/07/owl#Class>
<http://purl.obolibrary.org/obo/DDO.owl#DDO_0001407>	<http://www.w3.org/2002/07/owl#Class>
<http://purl.obolibrary.org/obo/DDO.owl#DDO_0001408>	<http://www.w3.org/2002/07/owl#Class>
<http://purl.obolibrary.org/obo/DDO.owl#DDO_0001409>	<http://www.w3.org/2002/07/owl#Class>
<http://purl.obolibrary.org/obo/DDO.owl#DDO_0001410>	<http://www.w3.org/2002/07/owl#Class>
<http://purl.obolibrary.org/obo/DDO.owl#DDO_0001411>	<http://www.w3.org/2002/07/owl#Class>
<http://purl.obolibrary.org/obo/DDO.owl#DDO_0001412>	<http://www.w3.org/2002/07/owl#Class>
<http://purl.obolibrary.org/obo/DDO.owl#DDO_0001413>	<http://www.w3.org/2002/07/owl#Class>
<http://purl.obolibrary.org/obo/DDO.owl#DDO_0001414>	<http://www.w3.org/2002/07/owl#Class>
<http://purl.obolibrary.org/obo/DDO.owl#DDO_0001415>	<http://www.w3.org/2002/07/owl#Class>
<http://purl.obolibrary.org/obo/DDO.owl#DDO_0001416>	<http://www.w3.org/2002/07/owl#Class>
<http://purl.obolibrary.org/obo/DDO.owl#DDO_0001417>	<http://www.w3.org/2002/07/owl#Class>
<http://purl.obolibrary.org/obo/DDO.owl#DDO_0001418>	<http://www.w3.org/2002/07/owl#Class>
<http://purl.obolibrary.org/obo/DDO.owl#DDO_0001419>	<http://www.w3.org/2002/07/owl#Class>
<http://purl.obolibrary.org/obo/DDO.owl#DDO_0001420>	<http://www.w3.org/2002/07/owl#Class>
<http://purl.obolibrary.org/obo/DDO.owl#DDO_0001421>	<http://www.w3.org/2002/07/owl#Class>
<http://purl.obolibrary.org/obo/DDO.owl#DDO_0001422>	<http://www.w3.org/2002/07/owl#Class>
<http://purl.obolibrary.org/obo/DDO.owl#DDO_0001423>	<http://www.w3.org/2002/07/owl#Class>
<http://purl.obolibrary.org/obo/DDO.owl#DDO_0001424>	<http://www.w3.org/2002/07/owl#Class>
<http://purl.obolibrary.org/obo/DDO.owl#DDO_0001425>	<http://www.w3.org/2002/07/owl#Class>
<http://purl.obolibrary.org/obo/DDO.owl#DDO_0001426>	<http://www.w3.org/2002/07/owl#Class>
<http://purl.obolibrary.org/obo/DDO.owl#DDO_0001427>	<http://www.w3.org/2002/07/owl#Class>
<http://purl.obolibrary.org/obo/DDO.owl#DDO_0001428>	<http://www.w3.org/2002/07/owl#Class>
<http://purl.obolibrary.org/obo/DDO.owl#DDO_0001429>	<http://www.w3.org/2002/07/owl#Class>
<http://purl.obolibrary.org/obo/DDO.owl#DDO_0001430>	<http://www.w3.org/2002/07/owl#Class>
<http://purl.obolibrary.org/obo/DDO.owl#DDO_0001431>	<http://www.w3.org/2002/07/owl#Class>
<http://purl.obolibrary.org/obo/DDO.owl#DDO_0001432>	<http://www.w3.org/2002/07/owl#Class>
<http://purl.obolibrary.org/obo/DDO.owl#DDO_0001433>	<http://www.w3.org/2002/07/owl#Class>
<http://purl.obolibrary.org/obo/DDO.owl#DDO_0001434>	<http://www.w3.org/2002/07/owl#Class>
<http://purl.obolibrary.org/obo/DDO.owl#DDO_0001435>	<http://www.w3.org/2002/07/owl#Class>
<http://purl.obolibrary.org/obo/DDO.owl#DDO_0001436>	<http://www.w3.org/2002/07/owl#Class>
<http://purl.obolibrary.org/obo/DDO.owl#DDO_0001437>	<http://www.w3.org/2002/07/owl#Class>
<http://purl.obolibrary.org/obo/DDO.owl#DDO_0001438>	<http://www.w3.org/2002/07/owl#Class>
<http://purl.obolibrary.org/obo/DDO.owl#DDO_0001439>	<http://www.w3.org/2002/07/owl#Class>
<http://purl.obolibrary.org/obo/DDO.owl#DDO_0001440>	<http://www.w3.org/2002/07/owl#Class>
<http://purl.obolibrary.org/obo/DDO.owl#DDO_0001441>	<http://www.w3.org/2002/07/owl#Class>
<http://purl.obolibrary.org/obo/DDO.owl#DDO_0001442>	<http://www.w3.org/2002/07/owl#Class>
<http://purl.obolibrary.org/obo/DDO.owl#DDO_0001443>	<http://www.w3.org/2002/07/owl#Class>
<http://purl.obolibrary.org/obo/DDO.owl#DDO_0001444>	<http://www.w3.org/2002/07/owl#Class>
<http://purl.obolibrary.org/obo/DDO.owl#DDO_0001445>	<http://www.w3.org/2002/07/owl#Class>
<http://purl.obolibrary.org/obo/DDO.owl#DDO_0001446>	<http://www.w3.org/2002/07/owl#Class>
<http://purl.obolibrary.org/obo/DDO.owl#DDO_0001447>	<http://www.w3.org/2002/07/owl#Class>
<http://purl.obolibrary.org/obo/DDO.owl#DDO_0001448>	<http://www.w3.org/2002/07/owl#Class>
<http://purl.obolibrary.org/obo/DDO.owl#DDO_0001449>	<http://www.w3.org/2002/07/owl#Class>
<http://purl.obolibrary.org/obo/DDO.owl#DDO_0001450>	<http://www.w3.org/2002/07/owl#Class>
<http://purl.obolibrary.org/obo/DDO.owl#DDO_0001451>	<http://www.w3.org/2002/07/owl#Class>
<http://purl.obolibrary.org/obo/DDO.owl#DDO_0001452>	<http://www.w3.org/2002/07/owl#Class>
<http://purl.obolibrary.org/obo/DDO.owl#DDO_0001453>	<http://www.w3.org/2002/07/owl#Class>
<http://purl.obolibrary.org/obo/DDO.owl#DDO_0001454>	<http://www.w3.org/2002/07/owl#Class>
<http://purl.obolibrary.org/obo/DDO.owl#DDO_0001455>	<http://www.w3.org/2002/07/owl#Class>
<http://purl.obolibrary.org/obo/DDO.owl#DDO_0001456>	<http://www.w3.org/2002/07/owl#Class>
<http://purl.obolibrary.org/obo/DDO.owl#DDO_0001457>	<http://www.w3.org/2002/07/owl#Class>
<http://purl.obolibrary.org/obo/DDO.owl#DDO_0001458>	<http://www.w3.org/2002/07/owl#Class>
<http://purl.obolibrary.org/obo/DDO.owl#DDO_0001459>	<http://www.w3.org/2002/07/owl#Class>
<http://purl.obolibrary.org/obo/DDO.owl#DDO_0001460>	<http://www.w3.org/2002/07/owl#Class>
<http://purl.obolibrary.org/obo/DDO.owl#DDO_0001461>	<http://www.w3.org/2002/07/owl#Class>
<http://purl.obolibrary.org/obo/DDO.owl#DDO_0001462>	<http://www.w3.org/2002/07/owl#Class>
<http://purl.obolibrary.org/obo/DDO.owl#DDO_0001463>	<http://www.w3.org/2002/07/owl#Class>
<http://purl.obolibrary.org/obo/DDO.owl#DDO_0001464>	<http://www.w3.org/2002/07/owl#Class>
<http://purl.obolibrary.org/obo/DDO.owl#DDO_0001465>	<http://www.w3.org/2002/07/owl#Class>
<http://purl.obolibrary.org/obo/DDO.owl#DDO_0001466>	<http://www.w3.org/2002/07/owl#Class>
<http://purl.obolibrary.org/obo/DDO.owl#DDO_0001467>	<http://www.w3.org/2002/07/owl#Class>
<http://purl.obolibrary.org/obo/DDO.owl#DDO_0001468>	<http://www.w3.org/2002/07/owl#Class>
<http://purl.obolibrary.org/obo/DDO.owl#DDO_0001469>	<http://www.w3.org/2002/07/owl#Class>
<http://purl.obolibrary.org/obo/DDO.owl#DDO_0001470>	<http://www.w3.org/2002/07/owl#Class>
<http://purl.obolibrary.org/obo/DDO.owl#DDO_0001471>	<http://www.w3.org/2002/07/owl#Class>
<http://purl.obolibrary.org/obo/DDO.owl#DDO_0001472>	<http://www.w3.org/2002/07/owl#Class>
<http://purl.obolibrary.org/obo/DDO.owl#DDO_0001473>	<http://www.w3.org/2002/07/owl#Class>
<http://purl.obolibrary.org/obo/DDO.owl#DDO_0001474>	<http://www.w3.org/2002/07/owl#Class>
<http://purl.obolibrary.org/obo/DDO.owl#DDO_0001475>	<http://www.w3.org/2002/07/owl#Class>
<http://purl.obolibrary.org/obo/DDO.owl#DDO_0001476>	<http://www.w3.org/2002/07/owl#Class>
<http://purl.obolibrary.org/obo/DDO.owl#DDO_0001477>	<http://www.w3.org/2002/07/owl#Class>
<http://purl.obolibrary.org/obo/DDO.owl#DDO_0001478>	<http://www.w3.org/2002/07/owl#Class>
<http://purl.obolibrary.org/obo/DDO.owl#DDO_0001479>	<http://www.w3.org/2002/07/owl#Class>
<http://purl.obolibrary.org/obo/DDO.owl#DDO_0001480>	<http://www.w3.org/2002/07/owl#Class>
<http://purl.obolibrary.org/obo/DDO.owl#DDO_0001481>	<http://www.w3.org/2002/07/owl#Class>
<http://purl.obolibrary.org/obo/DDO.owl#DDO_0001482>	<http://www.w3.org/2002/07/owl#Class>
<http://purl.obolibrary.org/obo/DDO.owl#DDO_0001483>	<http://www.w3.org/2002/07/owl#Class>
<http://purl.obolibrary.org/obo/DDO.owl#DDO_0001484>	<http://www.w3.org/2002/07/owl#Class>
<http://purl.obolibrary.org/obo/DDO.owl#DDO_0001485>	<http://www.w3.org/2002/07/owl#Class>
<http://purl.obolibrary.org/obo/DDO.owl#DDO_0001486>	<http://www.w3.org/2002/07/owl#Class>
<http://purl.obolibrary.org/obo/DDO.owl#DDO_0001487>	<http://www.w3.org/2002/07/owl#Class>
<http://purl.obolibrary.org/obo/DDO.owl#DDO_0001488>	<http://www.w3.org/2002/07/owl#Class>
<http://purl.obolibrary.org/obo/DDO.owl#DDO_0001489>	<http://www.w3.org/2002/07/owl#Class>
<http://purl.obolibrary.org/obo/DDO.owl#DDO_0001490>	<http://www.w3.org/2002/07/owl#Class>
<http://purl.obolibrary.org/obo/DDO.owl#DDO_0001491>	<http://www.w3.org/2002/07/owl#Class>
<http://purl.obolibrary.org/obo/DDO.owl#DDO_0001492>	<http://www.w3.org/2002/07/owl#Class>
<http://purl.obolibrary.org/obo/DDO.owl#DDO_0001493>	<http://www.w3.org/2002/07/owl#Class>
<http://purl.obolibrary.org/obo/DDO.owl#DDO_0001494>	<http://www.w3.org/2002/07/owl#Class>
<http://purl.obolibrary.org/obo/DDO.owl#DDO_0001495>	<http://www.w3.org/2002/07/owl#Class>
<http://purl.obolibrary.org/obo/DDO.owl#DDO_0001496>	<http://www.w3.org/2002/07/owl#Class>
<http://purl.obolibrary.org/obo/DDO.owl#DDO_0001497>	<http://www.w3.org/2002/07/owl#Class>
<http://purl.obolibrary.org/obo/DDO.owl#DDO_0001498>	<http://www.w3.org/2002/07/owl#Class>
<http://purl.obolibrary.org/obo/DDO.owl#DDO_0001499>	<http://www.w3.org/2002/07/owl#Class>
<http://purl.obolibrary.org/obo/DDO.owl#DDO_0001500>	<http://www.w3.org/2002/07/owl#Class>
<http://purl.obolibrary.org/obo/DDO.owl#DDO_0001501>	<http://www.w3.org/2002/07/owl#Class>
<http://purl.obolibrary.org/obo/DDO.owl#DDO_0001502>	<http://www.w3.org/2002/07/owl#Class>
<http://purl.obolibrary.org/obo/DDO.owl#DDO_0001503>	<http://www.w3.org/2002/07/owl#Class>
<http://purl.obolibrary.org/obo/DDO.owl#DDO_0001504>	<http://www.w3.org/2002/07/owl#Class>
<http://purl.obolibrary.org/obo/DDO.owl#DDO_0001505>	<http://www.w3.org/2002/07/owl#Class>
<http://purl.obolibrary.org/obo/DDO.owl#DDO_0001506>	<http://www.w3.org/2002/07/owl#Class>
<http://purl.obolibrary.org/obo/DDO.owl#DDO_0001507>	<http://www.w3.org/2002/07/owl#Class>
<http://purl.obolibrary.org/obo/DDO.owl#DDO_0001508>	<http://www.w3.org/2002/07/owl#Class>
<http://purl.obolibrary.org/obo/DDO.owl#DDO_0001509>	<http://www.w3.org/2002/07/owl#Class>
<http://purl.obolibrary.org/obo/DDO.owl#DDO_0001510>	<http://www.w3.org/2002/07/owl#Class>
<http://purl.obolibrary.org/obo/DDO.owl#DDO_0001511>	<http://www.w3.org/2002/07/owl#Class>
<http://purl.obolibrary.org/obo/DDO.owl#DDO_0001512>	<http://www.w3.org/2002/07/owl#Class>
<http://purl.obolibrary.org/obo/DDO.owl#DDO_0001513>	<http://www.w3.org/2002/07/owl#Class>
<http://purl.obolibrary.org/obo/DDO.owl#DDO_0001514>	<http://www.w3.org/2002/07/owl#Class>
<http://purl.obolibrary.org/obo/DDO.owl#DDO_0001515>	<http://www.w3.org/2002/07/owl#Class>
<http://purl.obolibrary.org/obo/DDO.owl#DDO_0001516>	<http://www.w3.org/2002/07/owl#Class>
<http://purl.obolibrary.org/obo/DDO.owl#DDO_0001517>	<http://www.w3.org/2002/07/owl#Class>
<http://purl.obolibrary.org/obo/DDO.owl#DDO_0001518>	<http://www.w3.org/2002/07/owl#Class>
<http://purl.obolibrary.org/obo/DDO.owl#DDO_0001519>	<http://www.w3.org/2002/07/owl#Class>
<http://purl.obolibrary.org/obo/DDO.owl#DDO_0001520>	<http://www.w3.org/2002/07/owl#Class>
<http://purl.obolibrary.org/obo/DDO.owl#DDO_0001521>	<http://www.w3.org/2002/07/owl#Class>
<http://purl.obolibrary.org/obo/DDO.owl#DDO_0001522>	<http://www.w3.org/2002/07/owl#Class>
<http://purl.obolibrary.org/obo/DDO.owl#DDO_0001523>	<http://www.w3.org/2002/07/owl#Class>
<http://purl.obolibrary.org/obo/DDO.owl#DDO_0001524>	<http://www.w3.org/2002/07/owl#Class>
<http://purl.obolibrary.org/obo/DDO.owl#DDO_0001525>	<http://www.w3.org/2002/07/owl#Class>
<http://purl.obolibrary.org/obo/DDO.owl#DDO_0001526>	<http://www.w3.org/2002/07/owl#Class>
<http://purl.obolibrary.org/obo/DDO.owl#DDO_0001527>	<http://www.w3.org/2002/07/owl#Class>
<http://purl.obolibrary.org/obo/DDO.owl#DDO_0001528>	<http://www.w3.org/2002/07/owl#Class>
<http://purl.obolibrary.org/obo/DDO.owl#DDO_0001529>	<http://www.w3.org/2002/07/owl#Class>
<http://purl.obolibrary.org/obo/DDO.owl#DDO_0001530>	<http://www.w3.org/2002/07/owl#Class>
<http://purl.obolibrary.org/obo/DDO.owl#DDO_0001531>	<http://www.w3.org/2002/07/owl#Class>
<http://purl.obolibrary.org/obo/DDO.owl#DDO_0001532>	<http://www.w3.org/2002/07/owl#Class>
<http://purl.obolibrary.org/obo/DDO.owl#DDO_0001533>	<http://www.w3.org/2002/07/owl#Class>
<http://purl.obolibrary.org/obo/DDO.owl#DDO_0001534>	<http://www.w3.org/2002/07/owl#Class>
<http://purl.obolibrary.org/obo/DDO.owl#DDO_0001535>	<http://www.w3.org/2002/07/owl#Class>
<http://purl.obolibrary.org/obo/DDO.owl#DDO_0001536>	<http://www.w3.org/2002/07/owl#Class>
<http://purl.obolibrary.org/obo/DDO.owl#DDO_0001537>	<http://www.w3.org/2002/07/owl#Class>
<http://purl.obolibrary.org/obo/DDO.owl#DDO_0001538>	<http://www.w3.org/2002/07/owl#Class>
<http://purl.obolibrary.org/obo/DDO.owl#DDO_0001539>	<http://www.w3.org/2002/07/owl#Class>
<http://purl.obolibrary.org/obo/DDO.owl#DDO_0001540>	<http://www.w3.org/2002/07/owl#Class>
<http://purl.obolibrary.org/obo/DDO.owl#DDO_0001541>	<http://www.w3.org/2002/07/owl#Class>
<http://purl.obolibrary.org/obo/DDO.owl#DDO_0001542>	<http://www.w3.org/2002/07/owl#Class>
<http://purl.obolibrary.org/obo/DDO.owl#DDO_0001543>	<http://www.w3.org/2002/07/owl#Class>
<http://purl.obolibrary.org/obo/DDO.owl#DDO_0001544>	<http://www.w3.org/2002/07/owl#Class>
<http://purl.obolibrary.org/obo/DDO.owl#DDO_0001545>	<http://www.w3.org/2002/07/owl#Class>
<http://purl.obolibrary.org/obo/DDO.owl#DDO_0001546>	<http://www.w3.org/2002/07/owl#Class>
<http://purl.obolibrary.org/obo/DDO.owl#DDO_0001547>	<http://www.w3.org/2002/07/owl#Class>
<http://purl.obolibrary.org/obo/DDO.owl#DDO_0001548>	<http://www.w3.org/2002/07/owl#Class>
<http://purl.obolibrary.org/obo/DDO.owl#DDO_0001549>	<http://www.w3.org/2002/07/owl#Class>
<http://purl.obolibrary.org/obo/DDO.owl#DDO_0001550>	<http://www.w3.org/2002/07/owl#Class>
<http://purl.obolibrary.org/obo/DDO.owl#DDO_0001551>	<http://www.w3.org/2002/07/owl#Class>
<http://purl.obolibrary.org/obo/DDO.owl#DDO_0001552>	<http://www.w3.org/2002/07/owl#Class>
<http://purl.obolibrary.org/obo/DDO.owl#DDO_0001553>	<http://www.w3.org/2002/07/owl#Class>
<http://purl.obolibrary.org/obo/DDO.owl#DDO_0001554>	<http://www.w3.org/2002/07/owl#Class>
<http://purl.obolibrary.org/obo/DDO.owl#DDO_0001555>	<http://www.w3.org/2002/07/owl#Class>
<http://purl.obolibrary.org/obo/DDO.owl#DDO_0001556>	<http://www.w3.org/2002/07/owl#Class>
<http://purl.obolibrary.org/obo/DDO.owl#DDO_0001557>	<http://www.w3.org/2002/07/owl#Class>
<http://purl.obolibrary.org/obo/DDO.owl#DDO_0001558>	<http://www.w3.org/2002/07/owl#Class>
<http://purl.obolibrary.org/obo/DDO.owl#DDO_0001559>	<http://www.w3.org/2002/07/owl#Class>
<http://purl.obolibrary.org/obo/DDO.owl#DDO_0001560>	<http://www.w3.org/2002/07/owl#Class>
<http://purl.obolibrary.org/obo/DDO.owl#DDO_0001561>	<http://www.w3.org/2002/07/owl#Class>
<http://purl.obolibrary.org/obo/DDO.owl#DDO_0001562>	<http://www.w3.org/2002/07/owl#Class>
<http://purl.obolibrary.org/obo/DDO.owl#DDO_0001563>	<http://www.w3.org/2002/07/owl#Class>
<http://purl.obolibrary.org/obo/DDO.owl#DDO_0001564>	<http://www.w3.org/2002/07/owl#Class>
<http://purl.obolibrary.org/obo/DDO.owl#DDO_0001565>	<http://www.w3.org/2002/07/owl#Class>
<http://purl.obolibrary.org/obo/DDO.owl#DDO_0001566>	<http://www.w3.org/2002/07/owl#Class>
<http://purl.obolibrary.org/obo/DDO.owl#DDO_0001567>	<http://www.w3.org/2002/07/owl#Class>
<http://purl.obolibrary.org/obo/DDO.owl#DDO_0001568>	<http://www.w3.org/2002/07/owl#Class>
<http://purl.obolibrary.org/obo/DDO.owl#DDO_0001569>	<http://www.w3.org/2002/07/owl#Class>
<http://purl.obolibrary.org/obo/DDO.owl#DDO_0001570>	<http://www.w3.org/2002/07/owl#Class>
<http://purl.obolibrary.org/obo/DDO.owl#DDO_0001571>	<http://www.w3.org/2002/07/owl#Class>
<http://purl.obolibrary.org/obo/DDO.owl#DDO_0001572>	<http://www.w3.org/2002/07/owl#Class>
<http://purl.obolibrary.org/obo/DDO.owl#DDO_0001573>	<http://www.w3.org/2002/07/owl#Class>
<http://purl.obolibrary.org/obo/DDO.owl#DDO_0001574>	<http://www.w3.org/2002/07/owl#Class>
<http://purl.obolibrary.org/obo/DDO.owl#DDO_0001575>	<http://www.w3.org/2002/07/owl#Class>
<http://purl.obolibrary.org/obo/DDO.owl#DDO_0001576>	<http://www.w3.org/2002/07/owl#Class>
<http://purl.obolibrary.org/obo/DDO.owl#DDO_0001577>	<http://www.w3.org/2002/07/owl#Class>
<http://purl.obolibrary.org/obo/DDO.owl#DDO_0001578>	<http://www.w3.org/2002/07/owl#Class>
<http://purl.obolibrary.org/obo/DDO.owl#DDO_0001579>	<http://www.w3.org/2002/07/owl#Class>
<http://purl.obolibrary.org/obo/DDO.owl#DDO_0001580>	<http://www.w3.org/2002/07/owl#Class>
<http://purl.obolibrary.org/obo/DDO.owl#DDO_0001581>	<http://www.w3.org/2002/07/owl#Class>
<http://purl.obolibrary.org/obo/DDO.owl#DDO_0001582>	<http://www.w3.org/2002/07/owl#Class>
<http://purl.obolibrary.org/obo/DDO.owl#DDO_0001583>	<http://www.w3.org/2002/07/owl#Class>
<http://purl.obolibrary.org/obo/DDO.owl#DDO_0001584>	<http://www.w3.org/2002/07/owl#Class>
<http://purl.obolibrary.org/obo/DDO.owl#DDO_0001585>	<http://www.w3.org/2002/07/owl#Class>
<http://purl.obolibrary.org/obo/DDO.owl#DDO_0001586>	<http://www.w3.org/2002/07/owl#Class>
<http://purl.obolibrary.org/obo/DDO.owl#DDO_0001587>	<http://www.w3.org/2002/07/owl#Class>
<http://purl.obolibrary.org/obo/DDO.owl#DDO_0001588>	<http://www.w3.org/2002/07/owl#Class>
<http://purl.obolibrary.org/obo/DDO.owl#DDO_0001589>	<http://www.w3.org/2002/07/owl#Class>
<http://purl.obolibrary.org/obo/DDO.owl#DDO_0001590>	<http://www.w3.org/2002/07/owl#Class>
<http://purl.obolibrary.org/obo/DDO.owl#DDO_0001591>	<http://www.w3.org/2002/07/owl#Class>
<http://purl.obolibrary.org/obo/DDO.owl#DDO_0001592>	<http://www.w3.org/2002/07/owl#Class>
<http://purl.obolibrary.org/obo/DDO.owl#DDO_0001593>	<http://www.w3.org/2002/07/owl#Class>
<http://purl.obolibrary.org/obo/DDO.owl#DDO_0001594>	<http://www.w3.org/2002/07/owl#Class>
<http://purl.obolibrary.org/obo/DDO.owl#DDO_0001595>	<http://www.w3.org/2002/07/owl#Class>
<http://purl.obolibrary.org/obo/DDO.owl#DDO_0001596>	<http://www.w3.org/2002/07/owl#Class>
<http://purl.obolibrary.org/obo/DDO.owl#DDO_0001597>	<http://www.w3.org/2002/07/owl#Class>
<http://purl.obolibrary.org/obo/DDO.owl#DDO_0001598>	<http://www.w3.org/2002/07/owl#Class>
<http://purl.obolibrary.org/obo/DDO.owl#DDO_0001599>	<http://www.w3.org/2002/07/owl#Class>
<http://purl.obolibrary.org/obo/DDO.owl#DDO_0001600>	<http://www.w3.org/2002/07/owl#Class>
<http://purl.obolibrary.org/obo/DDO.owl#DDO_0001601>	<http://www.w3.org/2002/07/owl#Class>
<http://purl.obolibrary.org/obo/DDO.owl#DDO_0001602>	<http://www.w3.org/2002/07/owl#Class>
<http://purl.obolibrary.org/obo/DDO.owl#DDO_0001603>	<http://www.w3.org/2002/07/owl#Class>
<http://purl.obolibrary.org/obo/DDO.owl#DDO_0001604>	<http://www.w3.org/2002/07/owl#Class>
<http://purl.obolibrary.org/obo/DDO.owl#DDO_0001605>	<http://www.w3.org/2002/07/owl#Class>
<http://purl.obolibrary.org/obo/DDO.owl#DDO_0001606>	<http://www.w3.org/2002/07/owl#Class>
<http://purl.obolibrary.org/obo/DDO.owl#DDO_0001607>	<http://www.w3.org/2002/07/owl#Class>
<http://purl.obolibrary.org/obo/DDO.owl#DDO_0001608>	<http://www.w3.org/2002/07/owl#Class>
<http://purl.obolibrary.org/obo/DDO.owl#DDO_0001609>	<http://www.w3.org/2002/07/owl#Class>
<http://purl.obolibrary.org/obo/DDO.owl#DDO_0001610>	<http://www.w3.org/2002/07/owl#Class>
<http://purl.obolibrary.org/obo/DDO.owl#DDO_0001612>	<http://www.w3.org/2002/07/owl#Class>
<http://purl.obolibrary.org/obo/DDO.owl#DDO_0001613>	<http://www.w3.org/2002/07/owl#Class>
<http://purl.obolibrary.org/obo/DDO.owl#DDO_0001614>	<http://www.w3.org/2002/07/owl#Class>
<http://purl.obolibrary.org/obo/DDO.owl#DDO_0001615>	<http://www.w3.org/2002/07/owl#Class>
<http://purl.obolibrary.org/obo/DDO.owl#DDO_0001616>	<http://www.w3.org/2002/07/owl#Class>
<http://purl.obolibrary.org/obo/DDO.owl#DDO_0001617>	<http://www.w3.org/2002/07/owl#Class>
<http://purl.obolibrary.org/obo/DDO.owl#DDO_0001618>	<http://www.w3.org/2002/07/owl#Class>
<http://purl.obolibrary.org/obo/DDO.owl#DDO_0001619>	<http://www.w3.org/2002/07/owl#Class>
<http://purl.obolibrary.org/obo/DDO.owl#DDO_0001620>	<http://www.w3.org/2002/07/owl#Class>
<http://purl.obolibrary.org/obo/DDO.owl#DDO_0001622>	<http://www.w3.org/2002/07/owl#Class>
<http://purl.obolibrary.org/obo/DDO.owl#DDO_0001623>	<http://www.w3.org/2002/07/owl#Class>
<http://purl.obolibrary.org/obo/DDO.owl#DDO_0001624>	<http://www.w3.org/2002/07/owl#Class>
<http://purl.obolibrary.org/obo/DDO.owl#DDO_0001625>	<http://www.w3.org/2002/07/owl#Class>
<http://purl.obolibrary.org/obo/DDO.owl#DDO_0001626>	<http://www.w3.org/2002/07/owl#Class>
<http://purl.obolibrary.org/obo/DDO.owl#DDO_0001627>	<http://www.w3.org/2002/07/owl#Class>
<http://purl.obolibrary.org/obo/DDO.owl#DDO_0001628>	<http://www.w3.org/2002/07/owl#Class>
<http://purl.obolibrary.org/obo/DDO.owl#DDO_0001629>	<http://www.w3.org/2002/07/owl#Class>
<http://purl.obolibrary.org/obo/DDO.owl#DDO_0001630>	<http://www.w3.org/2002/07/owl#Class>
<http://purl.obolibrary.org/obo/DDO.owl#DDO_0001631>	<http://www.w3.org/2002/07/owl#Class>
<http://purl.obolibrary.org/obo/DDO.owl#DDO_0001632>	<http://www.w3.org/2002/07/owl#Class>
<http://purl.obolibrary.org/obo/DDO.owl#DDO_0001633>	<http://www.w3.org/2002/07/owl#Class>
<http://purl.obolibrary.org/obo/DDO.owl#DDO_0001634>	<http://www.w3.org/2002/07/owl#Class>
<http://purl.obolibrary.org/obo/DDO.owl#DDO_0001635>	<http://www.w3.org/2002/07/owl#Class>
<http://purl.obolibrary.org/obo/DDO.owl#DDO_0001636>	<http://www.w3.org/2002/07/owl#Class>
<http://purl.obolibrary.org/obo/DDO.owl#DDO_0001637>	<http://www.w3.org/2002/07/owl#Class>
<http://purl.obolibrary.org/obo/DDO.owl#DDO_0001638>	<http://www.w3.org/2002/07/owl#Class>
<http://purl.obolibrary.org/obo/DDO.owl#DDO_0001639>	<http://www.w3.org/2002/07/owl#Class>
<http://purl.obolibrary.org/obo/DDO.owl#DDO_0001640>	<http://www.w3.org/2002/07/owl#Class>
<http://purl.obolibrary.org/obo/DDO.owl#DDO_0001641>	<http://www.w3.org/2002/07/owl#Class>
<http://purl.obolibrary.org/obo/DDO.owl#DDO_0001642>	<http://www.w3.org/2002/07/owl#Class>
<http://purl.obolibrary.org/obo/DDO.owl#DDO_0001643>	<http://www.w3.org/2002/07/owl#Class>
<http://purl.obolibrary.org/obo/DDO.owl#DDO_0001644>	<http://www.w3.org/2002/07/owl#Class>
<http://purl.obolibrary.org/obo/DDO.owl#DDO_0001645>	<http://www.w3.org/2002/07/owl#Class>
<http://purl.obolibrary.org/obo/DDO.owl#DDO_0001646>	<http://www.w3.org/2002/07/owl#Class>
<http://purl.obolibrary.org/obo/DDO.owl#DDO_0001647>	<http://www.w3.org/2002/07/owl#Class>
<http://purl.obolibrary.org/obo/DDO.owl#DDO_0001648>	<http://www.w3.org/2002/07/owl#Class>
<http://purl.obolibrary.org/obo/DDO.owl#DDO_0001649>	<http://www.w3.org/2002/07/owl#Class>
<http://purl.obolibrary.org/obo/DDO.owl#DDO_0001650>	<http://www.w3.org/2002/07/owl#Class>
<http://purl.obolibrary.org/obo/DDO.owl#DDO_0001651>	<http://www.w3.org/2002/07/owl#Class>
<http://purl.obolibrary.org/obo/DDO.owl#DDO_0001652>	<http://www.w3.org/2002/07/owl#Class>
<http://purl.obolibrary.org/obo/DDO.owl#DDO_0001653>	<http://www.w3.org/2002/07/owl#Class>
<http://purl.obolibrary.org/obo/DDO.owl#DDO_0001654>	<http://www.w3.org/2002/07/owl#Class>
<http://purl.obolibrary.org/obo/DDO.owl#DDO_0001655>	<http://www.w3.org/2002/07/owl#Class>
<http://purl.obolibrary.org/obo/DDO.owl#DDO_0001656>	<http://www.w3.org/2002/07/owl#Class>
<http://purl.obolibrary.org/obo/DDO.owl#DDO_0001657>	<http://www.w3.org/2002/07/owl#Class>
<http://purl.obolibrary.org/obo/DDO.owl#DDO_0001658>	<http://www.w3.org/2002/07/owl#Class>
<http://purl.obolibrary.org/obo/DDO.owl#DDO_0001659>	<http://www.w3.org/2002/07/owl#Class>
<http://purl.obolibrary.org/obo/DDO.owl#DDO_0001660>	<http://www.w3.org/2002/07/owl#Class>
<http://purl.obolibrary.org/obo/DDO.owl#DDO_0001661>	<http://www.w3.org/2002/07/owl#Class>
<http://purl.obolibrary.org/obo/DDO.owl#DDO_0001662>	<http://www.w3.org/2002/07/owl#Class>
<http://purl.obolibrary.org/obo/DDO.owl#DDO_0001663>	<http://www.w3.org/2002/07/owl#Class>
<http://purl.obolibrary.org/obo/DDO.owl#DDO_0001664>	<http://www.w3.org/2002/07/owl#Class>
<http://purl.obolibrary.org/obo/DDO.owl#DDO_0001665>	<http://www.w3.org/2002/07/owl#Class>
<http://purl.obolibrary.org/obo/DDO.owl#DDO_0001666>	<http://www.w3.org/2002/07/owl#Class>
<http://purl.obolibrary.org/obo/DDO.owl#DDO_0001667>	<http://www.w3.org/2002/07/owl#Class>
<http://purl.obolibrary.org/obo/DDO.owl#DDO_0001668>	<http://www.w3.org/2002/07/owl#Class>
<http://purl.obolibrary.org/obo/DDO.owl#DDO_0001669>	<http://www.w3.org/2002/07/owl#Class>
<http://purl.obolibrary.org/obo/DDO.owl#DDO_0001670>	<http://www.w3.org/2002/07/owl#Class>
<http://purl.obolibrary.org/obo/DDO.owl#DDO_0001671>	<http://www.w3.org/2002/07/owl#Class>
<http://purl.obolibrary.org/obo/DDO.owl#DDO_0001672>	<http://www.w3.org/2002/07/owl#Class>
<http://purl.obolibrary.org/obo/DDO.owl#DDO_0001673>	<http://www.w3.org/2002/07/owl#Class>
<http://purl.obolibrary.org/obo/DDO.owl#DDO_0001674>	<http://www.w3.org/2002/07/owl#Class>
<http://purl.obolibrary.org/obo/DDO.owl#DDO_0001675>	<http://www.w3.org/2002/07/owl#Class>
<http://purl.obolibrary.org/obo/DDO.owl#DDO_0001676>	<http://www.w3.org/2002/07/owl#Class>
<http://purl.obolibrary.org/obo/DDO.owl#DDO_0001677>	<http://www.w3.org/2002/07/owl#Class>
<http://purl.obolibrary.org/obo/DDO.owl#DDO_0001678>	<http://www.w3.org/2002/07/owl#Class>
<http://purl.obolibrary.org/obo/DDO.owl#DDO_0001679>	<http://www.w3.org/2002/07/owl#Class>
<http://purl.obolibrary.org/obo/DDO.owl#DDO_0001680>	<http://www.w3.org/2002/07/owl#Class>
<http://purl.obolibrary.org/obo/DDO.owl#DDO_0001681>	<http://www.w3.org/2002/07/owl#Class>
<http://purl.obolibrary.org/obo/DDO.owl#DDO_0001682>	<http://www.w3.org/2002/07/owl#Class>
<http://purl.obolibrary.org/obo/DDO.owl#DDO_0001683>	<http://www.w3.org/2002/07/owl#Class>
<http://purl.obolibrary.org/obo/DDO.owl#DDO_0001684>	<http://www.w3.org/2002/07/owl#Class>
<http://purl.obolibrary.org/obo/DDO.owl#DDO_0001685>	<http://www.w3.org/2002/07/owl#Class>
<http://purl.obolibrary.org/obo/DDO.owl#DDO_0001687>	<http://www.w3.org/2002/07/owl#Class>
<http://purl.obolibrary.org/obo/DDO.owl#DDO_0001688>	<http://www.w3.org/2002/07/owl#Class>
<http://purl.obolibrary.org/obo/DDO.owl#DDO_0001689>	<http://www.w3.org/2002/07/owl#Class>
<http://purl.obolibrary.org/obo/DDO.owl#DDO_0001690>	<http://www.w3.org/2002/07/owl#Class>
<http://purl.obolibrary.org/obo/DDO.owl#DDO_0001691>	<http://www.w3.org/2002/07/owl#Class>
<http://purl.obolibrary.org/obo/DDO.owl#DDO_0001693>	<http://www.w3.org/2002/07/owl#Class>
<http://purl.obolibrary.org/obo/DDO.owl#DDO_0001694>	<http://www.w3.org/2002/07/owl#Class>
<http://purl.obolibrary.org/obo/DDO.owl#DDO_0001695>	<http://www.w3.org/2002/07/owl#Class>
<http://purl.obolibrary.org/obo/DDO.owl#DDO_0001696>	<http://www.w3.org/2002/07/owl#Class>
<http://purl.obolibrary.org/obo/DDO.owl#DDO_0001697>	<http://www.w3.org/2002/07/owl#Class>
<http://purl.obolibrary.org/obo/DDO.owl#DDO_0001698>	<http://www.w3.org/2002/07/owl#Class>
<http://purl.obolibrary.org/obo/DDO.owl#DDO_0001700>	<http://www.w3.org/2002/07/owl#Class>
<http://purl.obolibrary.org/obo/DDO.owl#DDO_0001701>	<http://www.w3.org/2002/07/owl#Class>
<http://purl.obolibrary.org/obo/DDO.owl#DDO_0001702>	<http://www.w3.org/2002/07/owl#Class>
<http://purl.obolibrary.org/obo/DDO.owl#DDO_0001703>	<http://www.w3.org/2002/07/owl#Class>
<http://purl.obolibrary.org/obo/DDO.owl#DDO_0001704>	<http://www.w3.org/2002/07/owl#Class>
<http://purl.obolibrary.org/obo/DDO.owl#DDO_0001705>	<http://www.w3.org/2002/07/owl#Class>
<http://purl.obolibrary.org/obo/DDO.owl#DDO_0001706>	<http://www.w3.org/2002/07/owl#Class>
<http://purl.obolibrary.org/obo/DDO.owl#DDO_0001707>	<http://www.w3.org/2002/07/owl#Class>
<http://purl.obolibrary.org/obo/DDO.owl#DDO_0001708>	<http://www.w3.org/2002/07/owl#Class>
<http://purl.obolibrary.org/obo/DDO.owl#DDO_0001709>	<http://www.w3.org/2002/07/owl#Class>
<http://purl.obolibrary.org/obo/DDO.owl#DDO_0001710>	<http://www.w3.org/2002/07/owl#Class>
<http://purl.obolibrary.org/obo/DDO.owl#DDO_0001711>	<http://www.w3.org/2002/07/owl#Class>
<http://purl.obolibrary.org/obo/DDO.owl#DDO_0001712>	<http://www.w3.org/2002/07/owl#Class>
<http://purl.obolibrary.org/obo/DDO.owl#DDO_0001713>	<http://www.w3.org/2002/07/owl#Class>
<http://purl.obolibrary.org/obo/DDO.owl#DDO_0001714>	<http://www.w3.org/2002/07/owl#Class>
<http://purl.obolibrary.org/obo/DDO.owl#DDO_0001715>	<http://www.w3.org/2002/07/owl#Class>
<http://purl.obolibrary.org/obo/DDO.owl#DDO_0001716>	<http://www.w3.org/2002/07/owl#Class>
<http://purl.obolibrary.org/obo/DDO.owl#DDO_0001717>	<http://www.w3.org/2002/07/owl#Class>
<http://purl.obolibrary.org/obo/DDO.owl#DDO_0001718>	<http://www.w3.org/2002/07/owl#Class>
<http://purl.obolibrary.org/obo/DDO.owl#DDO_0001719>	<http://www.w3.org/2002/07/owl#Class>
<http://purl.obolibrary.org/obo/DDO.owl#DDO_0001720>	<http://www.w3.org/2002/07/owl#Class>
<http://purl.obolibrary.org/obo/DDO.owl#DDO_0001721>	<http://www.w3.org/2002/07/owl#Class>
<http://purl.obolibrary.org/obo/DDO.owl#DDO_0001722>	<http://www.w3.org/2002/07/owl#Class>
<http://purl.obolibrary.org/obo/DDO.owl#DDO_0001723>	<http://www.w3.org/2002/07/owl#Class>
<http://purl.obolibrary.org/obo/DDO.owl#DDO_0001724>	<http://www.w3.org/2002/07/owl#Class>
<http://purl.obolibrary.org/obo/DDO.owl#DDO_0001725>	<http://www.w3.org/2002/07/owl#Class>
<http://purl.obolibrary.org/obo/DDO.owl#DDO_0001726>	<http://www.w3.org/2002/07/owl#Class>
<http://purl.obolibrary.org/obo/DDO.owl#DDO_0001728>	<http://www.w3.org/2002/07/owl#Class>
<http://purl.obolibrary.org/obo/DDO.owl#DDO_0001729>	<http://www.w3.org/2002/07/owl#Class>
<http://purl.obolibrary.org/obo/DDO.owl#DDO_0001730>	<http://www.w3.org/2002/07/owl#Class>
<http://purl.obolibrary.org/obo/DDO.owl#DDO_0001731>	<http://www.w3.org/2002/07/owl#Class>
<http://purl.obolibrary.org/obo/DDO.owl#DDO_0001732>	<http://www.w3.org/2002/07/owl#Class>
<http://purl.obolibrary.org/obo/DDO.owl#DDO_0001733>	<http://www.w3.org/2002/07/owl#Class>
<http://purl.obolibrary.org/obo/DDO.owl#DDO_0001734>	<http://www.w3.org/2002/07/owl#Class>
<http://purl.obolibrary.org/obo/DDO.owl#DDO_0001735>	<http://www.w3.org/2002/07/owl#Class>
<http://purl.obolibrary.org/obo/DDO.owl#DDO_0001736>	<http://www.w3.org/2002/07/owl#Class>
<http://purl.obolibrary.org/obo/DDO.owl#DDO_0001737>	<http://www.w3.org/2002/07/owl#Class>
<http://purl.obolibrary.org/obo/DDO.owl#DDO_0001738>	<http://www.w3.org/2002/07/owl#Class>
<http://purl.obolibrary.org/obo/DDO.owl#DDO_0001739>	<http://www.w3.org/2002/07/owl#Class>
<http://purl.obolibrary.org/obo/DDO.owl#DDO_0001740>	<http://www.w3.org/2002/07/owl#Class>
<http://purl.obolibrary.org/obo/DDO.owl#DDO_0001741>	<http://www.w3.org/2002/07/owl#Class>
<http://purl.obolibrary.org/obo/DDO.owl#DDO_0001742>	<http://www.w3.org/2002/07/owl#Class>
<http://purl.obolibrary.org/obo/DDO.owl#DDO_0001743>	<http://www.w3.org/2002/07/owl#Class>
<http://purl.obolibrary.org/obo/DDO.owl#DDO_0001744>	<http://www.w3.org/2002/07/owl#Class>
<http://purl.obolibrary.org/obo/DDO.owl#DDO_0001745>	<http://www.w3.org/2002/07/owl#Class>
<http://purl.obolibrary.org/obo/DDO.owl#DDO_0001746>	<http://www.w3.org/2002/07/owl#Class>
<http://purl.obolibrary.org/obo/DDO.owl#DDO_0001747>	<http://www.w3.org/2002/07/owl#Class>
<http://purl.obolibrary.org/obo/DDO.owl#DDO_0001748>	<http://www.w3.org/2002/07/owl#Class>
<http://purl.obolibrary.org/obo/DDO.owl#DDO_0001749>	<http://www.w3.org/2002/07/owl#Class>
<http://purl.obolibrary.org/obo/DDO.owl#DDO_0001750>	<http://www.w3.org/2002/07/owl#Class>
<http://purl.obolibrary.org/obo/DDO.owl#DDO_0001751>	<http://www.w3.org/2002/07/owl#Class>
<http://purl.obolibrary.org/obo/DDO.owl#DDO_0001752>	<http://www.w3.org/2002/07/owl#Class>
<http://purl.obolibrary.org/obo/DDO.owl#DDO_0001753>	<http://www.w3.org/2002/07/owl#Class>
<http://purl.obolibrary.org/obo/DDO.owl#DDO_0001754>	<http://www.w3.org/2002/07/owl#Class>
<http://purl.obolibrary.org/obo/DDO.owl#DDO_0001755>	<http://www.w3.org/2002/07/owl#Class>
<http://purl.obolibrary.org/obo/DDO.owl#DDO_0001756>	<http://www.w3.org/2002/07/owl#Class>
<http://purl.obolibrary.org/obo/DDO.owl#DDO_0001757>	<http://www.w3.org/2002/07/owl#Class>
<http://purl.obolibrary.org/obo/DDO.owl#DDO_0001758>	<http://www.w3.org/2002/07/owl#Class>
<http://purl.obolibrary.org/obo/DDO.owl#DDO_0001759>	<http://www.w3.org/2002/07/owl#Class>
<http://purl.obolibrary.org/obo/DDO.owl#DDO_0001760>	<http://www.w3.org/2002/07/owl#Class>
<http://purl.obolibrary.org/obo/DDO.owl#DDO_0001762>	<http://www.w3.org/2002/07/owl#Class>
<http://purl.obolibrary.org/obo/DDO.owl#DDO_0001763>	<http://www.w3.org/2002/07/owl#Class>
<http://purl.obolibrary.org/obo/DDO.owl#DDO_0001764>	<http://www.w3.org/2002/07/owl#Class>
<http://purl.obolibrary.org/obo/DDO.owl#DDO_0001765>	<http://www.w3.org/2002/07/owl#Class>
<http://purl.obolibrary.org/obo/DDO.owl#DDO_0001766>	<http://www.w3.org/2002/07/owl#Class>
<http://purl.obolibrary.org/obo/DDO.owl#DDO_0001767>	<http://www.w3.org/2002/07/owl#Class>
<http://purl.obolibrary.org/obo/DDO.owl#DDO_0001768>	<http://www.w3.org/2002/07/owl#Class>
<http://purl.obolibrary.org/obo/DDO.owl#DDO_0001769>	<http://www.w3.org/2002/07/owl#Class>
<http://purl.obolibrary.org/obo/DDO.owl#DDO_0001770>	<http://www.w3.org/2002/07/owl#Class>
<http://purl.obolibrary.org/obo/DDO.owl#DDO_0001771>	<http://www.w3.org/2002/07/owl#Class>
<http://purl.obolibrary.org/obo/DDO.owl#DDO_0001772>	<http://www.w3.org/2002/07/owl#Class>
<http://purl.obolibrary.org/obo/DDO.owl#DDO_0001773>	<http://www.w3.org/2002/07/owl#Class>
<http://purl.obolibrary.org/obo/DDO.owl#DDO_0001774>	<http://www.w3.org/2002/07/owl#Class>
<http://purl.obolibrary.org/obo/DDO.owl#DDO_0001775>	<http://www.w3.org/2002/07/owl#Class>
<http://purl.obolibrary.org/obo/DDO.owl#DDO_0001776>	<http://www.w3.org/2002/07/owl#Class>
<http://purl.obolibrary.org/obo/DDO.owl#DDO_0001778>	<http://www.w3.org/2002/07/owl#Class>
<http://purl.obolibrary.org/obo/DDO.owl#DDO_0001779>	<http://www.w3.org/2002/07/owl#Class>
<http://purl.obolibrary.org/obo/DDO.owl#DDO_0001780>	<http://www.w3.org/2002/07/owl#Class>
<http://purl.obolibrary.org/obo/DDO.owl#DDO_0001781>	<http://www.w3.org/2002/07/owl#Class>
<http://purl.obolibrary.org/obo/DDO.owl#DDO_0001782>	<http://www.w3.org/2002/07/owl#Class>
<http://purl.obolibrary.org/obo/DDO.owl#DDO_0001783>	<http://www.w3.org/2002/07/owl#Class>
<http://purl.obolibrary.org/obo/DDO.owl#DDO_0001784>	<http://www.w3.org/2002/07/owl#Class>
<http://purl.obolibrary.org/obo/DDO.owl#DDO_0001785>	<http://www.w3.org/2002/07/owl#Class>
<http://purl.obolibrary.org/obo/DDO.owl#DDO_0001786>	<http://www.w3.org/2002/07/owl#Class>
<http://purl.obolibrary.org/obo/DDO.owl#DDO_0001787>	<http://www.w3.org/2002/07/owl#Class>
<http://purl.obolibrary.org/obo/DDO.owl#DDO_0001788>	<http://www.w3.org/2002/07/owl#Class>
<http://purl.obolibrary.org/obo/DDO.owl#DDO_0001789>	<http://www.w3.org/2002/07/owl#Class>
<http://purl.obolibrary.org/obo/DDO.owl#DDO_0001790>	<http://www.w3.org/2002/07/owl#Class>
<http://purl.obolibrary.org/obo/DDO.owl#DDO_0001791>	<http://www.w3.org/2002/07/owl#Class>
<http://purl.obolibrary.org/obo/DDO.owl#DDO_0001792>	<http://www.w3.org/2002/07/owl#Class>
<http://purl.obolibrary.org/obo/DDO.owl#DDO_0001793>	<http://www.w3.org/2002/07/owl#Class>
<http://purl.obolibrary.org/obo/DDO.owl#DDO_0001794>	<http://www.w3.org/2002/07/owl#Class>
<http://purl.obolibrary.org/obo/DDO.owl#DDO_0001795>	<http://www.w3.org/2002/07/owl#Class>
<http://purl.obolibrary.org/obo/DDO.owl#DDO_0001796>	<http://www.w3.org/2002/07/owl#Class>
<http://purl.obolibrary.org/obo/DDO.owl#DDO_0001797>	<http://www.w3.org/2002/07/owl#Class>
<http://purl.obolibrary.org/obo/DDO.owl#DDO_0001798>	<http://www.w3.org/2002/07/owl#Class>
<http://purl.obolibrary.org/obo/DDO.owl#DDO_0001799>	<http://www.w3.org/2002/07/owl#Class>
<http://purl.obolibrary.org/obo/DDO.owl#DDO_0001800>	<http://www.w3.org/2002/07/owl#Class>
<http://purl.obolibrary.org/obo/DDO.owl#DDO_0001801>	<http://www.w3.org/2002/07/owl#Class>
<http://purl.obolibrary.org/obo/DDO.owl#DDO_0001802>	<http://www.w3.org/2002/07/owl#Class>
<http://purl.obolibrary.org/obo/DDO.owl#DDO_0001803>	<http://www.w3.org/2002/07/owl#Class>
<http://purl.obolibrary.org/obo/DDO.owl#DDO_0001804>	<http://www.w3.org/2002/07/owl#Class>
<http://purl.obolibrary.org/obo/DDO.owl#DDO_0001805>	<http://www.w3.org/2002/07/owl#Class>
<http://purl.obolibrary.org/obo/DDO.owl#DDO_0001806>	<http://www.w3.org/2002/07/owl#Class>
<http://purl.obolibrary.org/obo/DDO.owl#DDO_0001807>	<http://www.w3.org/2002/07/owl#Class>
<http://purl.obolibrary.org/obo/DDO.owl#DDO_0001808>	<http://www.w3.org/2002/07/owl#Class>
<http://purl.obolibrary.org/obo/DDO.owl#DDO_0001809>	<http://www.w3.org/2002/07/owl#Class>
<http://purl.obolibrary.org/obo/DDO.owl#DDO_0001810>	<http://www.w3.org/2002/07/owl#Class>
<http://purl.obolibrary.org/obo/DDO.owl#DDO_0001811>	<http://www.w3.org/2002/07/owl#Class>
<http://purl.obolibrary.org/obo/DDO.owl#DDO_0001812>	<http://www.w3.org/2002/07/owl#Class>
<http://purl.obolibrary.org/obo/DDO.owl#DDO_0001813>	<http://www.w3.org/2002/07/owl#Class>
<http://purl.obolibrary.org/obo/DDO.owl#DDO_0001814>	<http://www.w3.org/2002/07/owl#Class>
<http://purl.obolibrary.org/obo/DDO.owl#DDO_0001815>	<http://www.w3.org/2002/07/owl#Class>
<http://purl.obolibrary.org/obo/DDO.owl#DDO_0001816>	<http://www.w3.org/2002/07/owl#Class>
<http://purl.obolibrary.org/obo/DDO.owl#DDO_0001817>	<http://www.w3.org/2002/07/owl#Class>
<http://purl.obolibrary.org/obo/DDO.owl#DDO_0001819>	<http://www.w3.org/2002/07/owl#Class>
<http://purl.obolibrary.org/obo/DDO.owl#DDO_0001820>	<http://www.w3.org/2002/07/owl#Class>
<http://purl.obolibrary.org/obo/DDO.owl#DDO_0001821>	<http://www.w3.org/2002/07/owl#Class>
<http://purl.obolibrary.org/obo/DDO.owl#DDO_0001822>	<http://www.w3.org/2002/07/owl#Class>
<http://purl.obolibrary.org/obo/DDO.owl#DDO_0001823>	<http://www.w3.org/2002/07/owl#Class>
<http://purl.obolibrary.org/obo/DDO.owl#DDO_0001824>	<http://www.w3.org/2002/07/owl#Class>
<http://purl.obolibrary.org/obo/DDO.owl#DDO_0001825>	<http://www.w3.org/2002/07/owl#Class>
<http://purl.obolibrary.org/obo/DDO.owl#DDO_0001826>	<http://www.w3.org/2002/07/owl#Class>
<http://purl.obolibrary.org/obo/DDO.owl#DDO_0001827>	<http://www.w3.org/2002/07/owl#Class>
<http://purl.obolibrary.org/obo/DDO.owl#DDO_0001828>	<http://www.w3.org/2002/07/owl#Class>
<http://purl.obolibrary.org/obo/DDO.owl#DDO_0001829>	<http://www.w3.org/2002/07/owl#Class>
<http://purl.obolibrary.org/obo/DDO.owl#DDO_0001830>	<http://www.w3.org/2002/07/owl#Class>
<http://purl.obolibrary.org/obo/DDO.owl#DDO_0001831>	<http://www.w3.org/2002/07/owl#Class>
<http://purl.obolibrary.org/obo/DDO.owl#DDO_0001832>	<http://www.w3.org/2002/07/owl#Class>
<http://purl.obolibrary.org/obo/DDO.owl#DDO_0001833>	<http://www.w3.org/2002/07/owl#Class>
<http://purl.obolibrary.org/obo/DDO.owl#DDO_0001834>	<http://www.w3.org/2002/07/owl#Class>
<http://purl.obolibrary.org/obo/DDO.owl#DDO_0001835>	<http://www.w3.org/2002/07/owl#Class>
<http://purl.obolibrary.org/obo/DDO.owl#DDO_0001836>	<http://www.w3.org/2002/07/owl#Class>
<http://purl.obolibrary.org/obo/DDO.owl#DDO_0001837>	<http://www.w3.org/2002/07/owl#Class>
<http://purl.obolibrary.org/obo/DDO.owl#DDO_0001838>	<http://www.w3.org/2002/07/owl#Class>
<http://purl.obolibrary.org/obo/DDO.owl#DDO_0001839>	<http://www.w3.org/2002/07/owl#Class>
<http://purl.obolibrary.org/obo/DDO.owl#DDO_0001840>	<http://www.w3.org/2002/07/owl#Class>
<http://purl.obolibrary.org/obo/DDO.owl#DDO_0001841>	<http://www.w3.org/2002/07/owl#Class>
<http://purl.obolibrary.org/obo/DDO.owl#DDO_0001842>	<http://www.w3.org/2002/07/owl#Class>
<http://purl.obolibrary.org/obo/DDO.owl#DDO_0001843>	<http://www.w3.org/2002/07/owl#Class>
<http://purl.obolibrary.org/obo/DDO.owl#DDO_0001844>	<http://www.w3.org/2002/07/owl#Class>
<http://purl.obolibrary.org/obo/DDO.owl#DDO_0001845>	<http://www.w3.org/2002/07/owl#Class>
<http://purl.obolibrary.org/obo/DDO.owl#DDO_0001855>	<http://www.w3.org/2002/07/owl#Class>
<http://purl.obolibrary.org/obo/DDO.owl#DDO_0001856>	<http://www.w3.org/2002/07/owl#Class>
<http://purl.obolibrary.org/obo/DDO.owl#DDO_0001857>	<http://www.w3.org/2002/07/owl#Class>
<http://purl.obolibrary.org/obo/DDO.owl#DDO_0001858>	<http://www.w3.org/2002/07/owl#Class>
<http://purl.obolibrary.org/obo/DDO.owl#DDO_0001859>	<http://www.w3.org/2002/07/owl#Class>
<http://purl.obolibrary.org/obo/DDO.owl#DDO_0001860>	<http://www.w3.org/2002/07/owl#Class>
<http://purl.obolibrary.org/obo/DDO.owl#DDO_0001861>	<http://www.w3.org/2002/07/owl#Class>
<http://purl.obolibrary.org/obo/DDO.owl#DDO_0001862>	<http://www.w3.org/2002/07/owl#Class>
<http://purl.obolibrary.org/obo/DDO.owl#DDO_0001863>	<http://www.w3.org/2002/07/owl#Class>
<http://purl.obolibrary.org/obo/DDO.owl#DDO_0001864>	<http://www.w3.org/2002/07/owl#Class>
<http://purl.obolibrary.org/obo/DDO.owl#DDO_0001865>	<http://www.w3.org/2002/07/owl#Class>
<http://purl.obolibrary.org/obo/DDO.owl#DDO_0001866>	<http://www.w3.org/2002/07/owl#Class>
<http://purl.obolibrary.org/obo/DDO.owl#DDO_0001867>	<http://www.w3.org/2002/07/owl#Class>
<http://purl.obolibrary.org/obo/DDO.owl#DDO_0001868>	<http://www.w3.org/2002/07/owl#Class>
<http://purl.obolibrary.org/obo/DDO.owl#DDO_0001870>	<http://www.w3.org/2002/07/owl#Class>
<http://purl.obolibrary.org/obo/DDO.owl#DDO_0001871>	<http://www.w3.org/2002/07/owl#Class>
<http://purl.obolibrary.org/obo/DDO.owl#DDO_0001872>	<http://www.w3.org/2002/07/owl#Class>
<http://purl.obolibrary.org/obo/DDO.owl#DDO_0001873>	<http://www.w3.org/2002/07/owl#Class>
<http://purl.obolibrary.org/obo/DDO.owl#DDO_0001874>	<http://www.w3.org/2002/07/owl#Class>
<http://purl.obolibrary.org/obo/DDO.owl#DDO_0001875>	<http://www.w3.org/2002/07/owl#Class>
<http://purl.obolibrary.org/obo/DDO.owl#DDO_0001876>	<http://www.w3.org/2002/07/owl#Class>
<http://purl.obolibrary.org/obo/DDO.owl#DDO_0001877>	<http://www.w3.org/2002/07/owl#Class>
<http://purl.obolibrary.org/obo/DDO.owl#DDO_0001878>	<http://www.w3.org/2002/07/owl#Class>
<http://purl.obolibrary.org/obo/DDO.owl#DDO_0001879>	<http://www.w3.org/2002/07/owl#Class>
<http://purl.obolibrary.org/obo/DDO.owl#DDO_0001880>	<http://www.w3.org/2002/07/owl#Class>
<http://purl.obolibrary.org/obo/DDO.owl#DDO_0001881>	<http://www.w3.org/2002/07/owl#Class>
<http://purl.obolibrary.org/obo/DDO.owl#DDO_0001882>	<http://www.w3.org/2002/07/owl#Class>
<http://purl.obolibrary.org/obo/DDO.owl#DDO_0001883>	<http://www.w3.org/2002/07/owl#Class>
<http://purl.obolibrary.org/obo/DDO.owl#DDO_0001884>	<http://www.w3.org/2002/07/owl#Class>
<http://purl.obolibrary.org/obo/DDO.owl#DDO_0001885>	<http://www.w3.org/2002/07/owl#Class>
<http://purl.obolibrary.org/obo/DDO.owl#DDO_0001886>	<http://www.w3.org/2002/07/owl#Class>
<http://purl.obolibrary.org/obo/DDO.owl#DDO_0001887>	<http://www.w3.org/2002/07/owl#Class>
<http://purl.obolibrary.org/obo/DDO.owl#DDO_0001888>	<http://www.w3.org/2002/07/owl#Class>
<http://purl.obolibrary.org/obo/DDO.owl#DDO_0001889>	<http://www.w3.org/2002/07/owl#Class>
<http://purl.obolibrary.org/obo/DDO.owl#DDO_0001890>	<http://www.w3.org/2002/07/owl#Class>
<http://purl.obolibrary.org/obo/DDO.owl#DDO_0001891>	<http://www.w3.org/2002/07/owl#Class>
<http://purl.obolibrary.org/obo/DDO.owl#DDO_0001892>	<http://www.w3.org/2002/07/owl#Class>
<http://purl.obolibrary.org/obo/DDO.owl#DDO_0001893>	<http://www.w3.org/2002/07/owl#Class>
<http://purl.obolibrary.org/obo/DDO.owl#DDO_0001894>	<http://www.w3.org/2002/07/owl#Class>
<http://purl.obolibrary.org/obo/DDO.owl#DDO_0001895>	<http://www.w3.org/2002/07/owl#Class>
<http://purl.obolibrary.org/obo/DDO.owl#DDO_0001896>	<http://www.w3.org/2002/07/owl#Class>
<http://purl.obolibrary.org/obo/DDO.owl#DDO_0001897>	<http://www.w3.org/2002/07/owl#Class>
<http://purl.obolibrary.org/obo/DDO.owl#DDO_0001898>	<http://www.w3.org/2002/07/owl#Class>
<http://purl.obolibrary.org/obo/DDO.owl#DDO_0001899>	<http://www.w3.org/2002/07/owl#Class>
<http://purl.obolibrary.org/obo/DDO.owl#DDO_0001900>	<http://www.w3.org/2002/07/owl#Class>
<http://purl.obolibrary.org/obo/DDO.owl#DDO_00019007>	<http://www.w3.org/2002/07/owl#Class>
<http://purl.obolibrary.org/obo/DDO.owl#DDO_00019008>	<http://www.w3.org/2002/07/owl#Class>
<http://purl.obolibrary.org/obo/DDO.owl#DDO_00019009>	<http://www.w3.org/2002/07/owl#Class>
<http://purl.obolibrary.org/obo/DDO.owl#DDO_0001901>	<http://www.w3.org/2002/07/owl#Class>
<http://purl.obolibrary.org/obo/DDO.owl#DDO_00019010>	<http://www.w3.org/2002/07/owl#Class>
<http://purl.obolibrary.org/obo/DDO.owl#DDO_00019011>	<http://www.w3.org/2002/07/owl#Class>
<http://purl.obolibrary.org/obo/DDO.owl#DDO_00019012>	<http://www.w3.org/2002/07/owl#Class>
<http://purl.obolibrary.org/obo/DDO.owl#DDO_00019013>	<http://www.w3.org/2002/07/owl#Class>
<http://purl.obolibrary.org/obo/DDO.owl#DDO_00019014>	<http://www.w3.org/2002/07/owl#Class>
<http://purl.obolibrary.org/obo/DDO.owl#DDO_00019015>	<http://www.w3.org/2002/07/owl#Class>
<http://purl.obolibrary.org/obo/DDO.owl#DDO_00019016>	<http://www.w3.org/2002/07/owl#Class>
<http://purl.obolibrary.org/obo/DDO.owl#DDO_00019017>	<http://www.w3.org/2002/07/owl#Class>
<http://purl.obolibrary.org/obo/DDO.owl#DDO_00019018>	<http://www.w3.org/2002/07/owl#Class>
<http://purl.obolibrary.org/obo/DDO.owl#DDO_00019019>	<http://www.w3.org/2002/07/owl#Class>
<http://purl.obolibrary.org/obo/DDO.owl#DDO_0001902>	<http://www.w3.org/2002/07/owl#Class>
<http://purl.obolibrary.org/obo/DDO.owl#DDO_00019020>	<http://www.w3.org/2002/07/owl#Class>
<http://purl.obolibrary.org/obo/DDO.owl#DDO_00019021>	<http://www.w3.org/2002/07/owl#Class>
<http://purl.obolibrary.org/obo/DDO.owl#DDO_00019022>	<http://www.w3.org/2002/07/owl#Class>
<http://purl.obolibrary.org/obo/DDO.owl#DDO_0001903>	<http://www.w3.org/2002/07/owl#Class>
<http://purl.obolibrary.org/obo/DDO.owl#DDO_0001904>	<http://www.w3.org/2002/07/owl#Class>
<http://purl.obolibrary.org/obo/DDO.owl#DDO_0001905>	<http://www.w3.org/2002/07/owl#Class>
<http://purl.obolibrary.org/obo/DDO.owl#DDO_0001906>	<http://www.w3.org/2002/07/owl#Class>
<http://purl.obolibrary.org/obo/DDO.owl#DDO_0001907>	<http://www.w3.org/2002/07/owl#Class>
<http://purl.obolibrary.org/obo/DDO.owl#DDO_0001908>	<http://www.w3.org/2002/07/owl#Class>
<http://purl.obolibrary.org/obo/DDO.owl#DDO_0001909>	<http://www.w3.org/2002/07/owl#Class>
<http://purl.obolibrary.org/obo/DDO.owl#DDO_0001910>	<http://www.w3.org/2002/07/owl#Class>
<http://purl.obolibrary.org/obo/DDO.owl#DDO_0001911>	<http://www.w3.org/2002/07/owl#Class>
<http://purl.obolibrary.org/obo/DDO.owl#DDO_0001912>	<http://www.w3.org/2002/07/owl#Class>
<http://purl.obolibrary.org/obo/DDO.owl#DDO_0001913>	<http://www.w3.org/2002/07/owl#Class>
<http://purl.obolibrary.org/obo/DDO.owl#DDO_0001914>	<http://www.w3.org/2002/07/owl#Class>
<http://purl.obolibrary.org/obo/DDO.owl#DDO_0001915>	<http://www.w3.org/2002/07/owl#Class>
<http://purl.obolibrary.org/obo/DDO.owl#DDO_0001916>	<http://www.w3.org/2002/07/owl#Class>
<http://purl.obolibrary.org/obo/DDO.owl#DDO_0001917>	<http://www.w3.org/2002/07/owl#Class>
<http://purl.obolibrary.org/obo/DDO.owl#DDO_0001918>	<http://www.w3.org/2002/07/owl#Class>
<http://purl.obolibrary.org/obo/DDO.owl#DDO_0001919>	<http://www.w3.org/2002/07/owl#Class>
<http://purl.obolibrary.org/obo/DDO.owl#DDO_0001920>	<http://www.w3.org/2002/07/owl#Class>
<http://purl.obolibrary.org/obo/DDO.owl#DDO_0001921>	<http://www.w3.org/2002/07/owl#Class>
<http://purl.obolibrary.org/obo/DDO.owl#DDO_0001922>	<http://www.w3.org/2002/07/owl#Class>
<http://purl.obolibrary.org/obo/DDO.owl#DDO_0001923>	<http://www.w3.org/2002/07/owl#Class>
<http://purl.obolibrary.org/obo/DDO.owl#DDO_0001924>	<http://www.w3.org/2002/07/owl#Class>
<http://purl.obolibrary.org/obo/DDO.owl#DDO_0001925>	<http://www.w3.org/2002/07/owl#Class>
<http://purl.obolibrary.org/obo/DDO.owl#DDO_0001926>	<http://www.w3.org/2002/07/owl#Class>
<http://purl.obolibrary.org/obo/DDO.owl#DDO_0001927>	<http://www.w3.org/2002/07/owl#Class>
<http://purl.obolibrary.org/obo/DDO.owl#DDO_0001928>	<http://www.w3.org/2002/07/owl#Class>
<http://purl.obolibrary.org/obo/DDO.owl#DDO_0001929>	<http://www.w3.org/2002/07/owl#Class>
<http://purl.obolibrary.org/obo/DDO.owl#DDO_0001930>	<http://www.w3.org/2002/07/owl#Class>
<http://purl.obolibrary.org/obo/DDO.owl#DDO_0001931>	<http://www.w3.org/2002/07/owl#Class>
<http://purl.obolibrary.org/obo/DDO.owl#DDO_0001932>	<http://www.w3.org/2002/07/owl#Class>
<http://purl.obolibrary.org/obo/DDO.owl#DDO_0001933>	<http://www.w3.org/2002/07/owl#Class>
<http://purl.obolibrary.org/obo/DDO.owl#DDO_0001934>	<http://www.w3.org/2002/07/owl#Class>
<http://purl.obolibrary.org/obo/DDO.owl#DDO_0001935>	<http://www.w3.org/2002/07/owl#Class>
<http://purl.obolibrary.org/obo/DDO.owl#DDO_0001936>	<http://www.w3.org/2002/07/owl#Class>
<http://purl.obolibrary.org/obo/DDO.owl#DDO_0001937>	<http://www.w3.org/2002/07/owl#Class>
<http://purl.obolibrary.org/obo/DDO.owl#DDO_0001938>	<http://www.w3.org/2002/07/owl#Class>
<http://purl.obolibrary.org/obo/DDO.owl#DDO_0001940>	<http://www.w3.org/2002/07/owl#Class>
<http://purl.obolibrary.org/obo/DDO.owl#DDO_0001941>	<http://www.w3.org/2002/07/owl#Class>
<http://purl.obolibrary.org/obo/DDO.owl#DDO_0001942>	<http://www.w3.org/2002/07/owl#Class>
<http://purl.obolibrary.org/obo/DDO.owl#DDO_0001943>	<http://www.w3.org/2002/07/owl#Class>
<http://purl.obolibrary.org/obo/DDO.owl#DDO_0001944>	<http://www.w3.org/2002/07/owl#Class>
<http://purl.obolibrary.org/obo/DDO.owl#DDO_0001945>	<http://www.w3.org/2002/07/owl#Class>
<http://purl.obolibrary.org/obo/DDO.owl#DDO_0001946>	<http://www.w3.org/2002/07/owl#Class>
<http://purl.obolibrary.org/obo/DDO.owl#DDO_0001947>	<http://www.w3.org/2002/07/owl#Class>
<http://purl.obolibrary.org/obo/DDO.owl#DDO_0001948>	<http://www.w3.org/2002/07/owl#Class>
<http://purl.obolibrary.org/obo/DDO.owl#DDO_0001949>	<http://www.w3.org/2002/07/owl#Class>
<http://purl.obolibrary.org/obo/DDO.owl#DDO_0001950>	<http://www.w3.org/2002/07/owl#Class>
<http://purl.obolibrary.org/obo/DDO.owl#DDO_0001951>	<http://www.w3.org/2002/07/owl#Class>
<http://purl.obolibrary.org/obo/DDO.owl#DDO_0001952>	<http://www.w3.org/2002/07/owl#Class>
<http://purl.obolibrary.org/obo/DDO.owl#DDO_0001953>	<http://www.w3.org/2002/07/owl#Class>
<http://purl.obolibrary.org/obo/DDO.owl#DDO_0001954>	<http://www.w3.org/2002/07/owl#Class>
<http://purl.obolibrary.org/obo/DDO.owl#DDO_0001955>	<http://www.w3.org/2002/07/owl#Class>
<http://purl.obolibrary.org/obo/DDO.owl#DDO_0001956>	<http://www.w3.org/2002/07/owl#Class>
<http://purl.obolibrary.org/obo/DDO.owl#DDO_0001957>	<http://www.w3.org/2002/07/owl#Class>
<http://purl.obolibrary.org/obo/DDO.owl#DDO_0001958>	<http://www.w3.org/2002/07/owl#Class>
<http://purl.obolibrary.org/obo/DDO.owl#DDO_0001959>	<http://www.w3.org/2002/07/owl#Class>
<http://purl.obolibrary.org/obo/DDO.owl#DDO_0001960>	<http://www.w3.org/2002/07/owl#Class>
<http://purl.obolibrary.org/obo/DDO.owl#DDO_0001961>	<http://www.w3.org/2002/07/owl#Class>
<http://purl.obolibrary.org/obo/DDO.owl#DDO_0001962>	<http://www.w3.org/2002/07/owl#Class>
<http://purl.obolibrary.org/obo/DDO.owl#DDO_0001963>	<http://www.w3.org/2002/07/owl#Class>
<http://purl.obolibrary.org/obo/DDO.owl#DDO_0001964>	<http://www.w3.org/2002/07/owl#Class>
<http://purl.obolibrary.org/obo/DDO.owl#DDO_0001965>	<http://www.w3.org/2002/07/owl#Class>
<http://purl.obolibrary.org/obo/DDO.owl#DDO_0001966>	<http://www.w3.org/2002/07/owl#Class>
<http://purl.obolibrary.org/obo/DDO.owl#DDO_0001967>	<http://www.w3.org/2002/07/owl#Class>
<http://purl.obolibrary.org/obo/DDO.owl#DDO_0001968>	<http://www.w3.org/2002/07/owl#Class>
<http://purl.obolibrary.org/obo/DDO.owl#DDO_0001969>	<http://www.w3.org/2002/07/owl#Class>
<http://purl.obolibrary.org/obo/DDO.owl#DDO_0001970>	<http://www.w3.org/2002/07/owl#Class>
<http://purl.obolibrary.org/obo/DDO.owl#DDO_0001971>	<http://www.w3.org/2002/07/owl#Class>
<http://purl.obolibrary.org/obo/DDO.owl#DDO_0001972>	<http://www.w3.org/2002/07/owl#Class>
<http://purl.obolibrary.org/obo/DDO.owl#DDO_0001973>	<http://www.w3.org/2002/07/owl#Class>
<http://purl.obolibrary.org/obo/DDO.owl#DDO_0001974>	<http://www.w3.org/2002/07/owl#Class>
<http://purl.obolibrary.org/obo/DDO.owl#DDO_0001975>	<http://www.w3.org/2002/07/owl#Class>
<http://purl.obolibrary.org/obo/DDO.owl#DDO_0001976>	<http://www.w3.org/2002/07/owl#Class>
<http://purl.obolibrary.org/obo/DDO.owl#DDO_0001977>	<http://www.w3.org/2002/07/owl#Class>
<http://purl.obolibrary.org/obo/DDO.owl#DDO_0001978>	<http://www.w3.org/2002/07/owl#Class>
<http://purl.obolibrary.org/obo/DDO.owl#DDO_0001979>	<http://www.w3.org/2002/07/owl#Class>
<http://purl.obolibrary.org/obo/DDO.owl#DDO_0001980>	<http://www.w3.org/2002/07/owl#Class>
<http://purl.obolibrary.org/obo/DDO.owl#DDO_0001981>	<http://www.w3.org/2002/07/owl#Class>
<http://purl.obolibrary.org/obo/DDO.owl#DDO_0001982>	<http://www.w3.org/2002/07/owl#Class>
<http://purl.obolibrary.org/obo/DDO.owl#DDO_0001983>	<http://www.w3.org/2002/07/owl#Class>
<http://purl.obolibrary.org/obo/DDO.owl#DDO_0001984>	<http://www.w3.org/2002/07/owl#Class>
<http://purl.obolibrary.org/obo/DDO.owl#DDO_0001985>	<http://www.w3.org/2002/07/owl#Class>
<http://purl.obolibrary.org/obo/DDO.owl#DDO_0001986>	<http://www.w3.org/2002/07/owl#Class>
<http://purl.obolibrary.org/obo/DDO.owl#DDO_0001987>	<http://www.w3.org/2002/07/owl#Class>
<http://purl.obolibrary.org/obo/DDO.owl#DDO_0001988>	<http://www.w3.org/2002/07/owl#Class>
<http://purl.obolibrary.org/obo/DDO.owl#DDO_0001989>	<http://www.w3.org/2002/07/owl#Class>
<http://purl.obolibrary.org/obo/DDO.owl#DDO_0001990>	<http://www.w3.org/2002/07/owl#Class>
<http://purl.obolibrary.org/obo/DDO.owl#DDO_0001991>	<http://www.w3.org/2002/07/owl#Class>
<http://purl.obolibrary.org/obo/DDO.owl#DDO_0001992>	<http://www.w3.org/2002/07/owl#Class>
<http://purl.obolibrary.org/obo/DDO.owl#DDO_0001993>	<http://www.w3.org/2002/07/owl#Class>
<http://purl.obolibrary.org/obo/DDO.owl#DDO_0001994>	<http://www.w3.org/2002/07/owl#Class>
<http://purl.obolibrary.org/obo/DDO.owl#DDO_0001995>	<http://www.w3.org/2002/07/owl#Class>
<http://purl.obolibrary.org/obo/DDO.owl#DDO_0001996>	<http://www.w3.org/2002/07/owl#Class>
<http://purl.obolibrary.org/obo/DDO.owl#DDO_0001997>	<http://www.w3.org/2002/07/owl#Class>
<http://purl.obolibrary.org/obo/DDO.owl#DDO_0001998>	<http://www.w3.org/2002/07/owl#Class>
<http://purl.obolibrary.org/obo/DDO.owl#DDO_0001999>	<http://www.w3.org/2002/07/owl#Class>
<http://purl.obolibrary.org/obo/DDO.owl#DDO_0002000>	<http://www.w3.org/2002/07/owl#Class>
<http://purl.obolibrary.org/obo/DDO.owl#DDO_0002001>	<http://www.w3.org/2002/07/owl#Class>
<http://purl.obolibrary.org/obo/DDO.owl#DDO_0002003>	<http://www.w3.org/2002/07/owl#Class>
<http://purl.obolibrary.org/obo/DDO.owl#DDO_0002004>	<http://www.w3.org/2002/07/owl#Class>
<http://purl.obolibrary.org/obo/DDO.owl#DDO_0002005>	<http://www.w3.org/2002/07/owl#Class>
<http://purl.obolibrary.org/obo/DDO.owl#DDO_0002006>	<http://www.w3.org/2002/07/owl#Class>
<http://purl.obolibrary.org/obo/DDO.owl#DDO_0002007>	<http://www.w3.org/2002/07/owl#Class>
<http://purl.obolibrary.org/obo/DDO.owl#DDO_0002008>	<http://www.w3.org/2002/07/owl#Class>
<http://purl.obolibrary.org/obo/DDO.owl#DDO_0002009>	<http://www.w3.org/2002/07/owl#Class>
<http://purl.obolibrary.org/obo/DDO.owl#DDO_0002010>	<http://www.w3.org/2002/07/owl#Class>
<http://purl.obolibrary.org/obo/DDO.owl#DDO_0002011>	<http://www.w3.org/2002/07/owl#Class>
<http://purl.obolibrary.org/obo/DDO.owl#DDO_0002012>	<http://www.w3.org/2002/07/owl#Class>
<http://purl.obolibrary.org/obo/DDO.owl#DDO_0002013>	<http://www.w3.org/2002/07/owl#Class>
<http://purl.obolibrary.org/obo/DDO.owl#DDO_0002014>	<http://www.w3.org/2002/07/owl#Class>
<http://purl.obolibrary.org/obo/DDO.owl#DDO_0002015>	<http://www.w3.org/2002/07/owl#Class>
<http://purl.obolibrary.org/obo/DDO.owl#DDO_0002016>	<http://www.w3.org/2002/07/owl#Class>
<http://purl.obolibrary.org/obo/DDO.owl#DDO_0002017>	<http://www.w3.org/2002/07/owl#Class>
<http://purl.obolibrary.org/obo/DDO.owl#DDO_0002018>	<http://www.w3.org/2002/07/owl#Class>
<http://purl.obolibrary.org/obo/DDO.owl#DDO_0002019>	<http://www.w3.org/2002/07/owl#Class>
<http://purl.obolibrary.org/obo/DDO.owl#DDO_0002020>	<http://www.w3.org/2002/07/owl#Class>
<http://purl.obolibrary.org/obo/DDO.owl#DDO_0002021>	<http://www.w3.org/2002/07/owl#Class>
<http://purl.obolibrary.org/obo/DDO.owl#DDO_0002022>	<http://www.w3.org/2002/07/owl#Class>
<http://purl.obolibrary.org/obo/DDO.owl#DDO_0002023>	<http://www.w3.org/2002/07/owl#Class>
<http://purl.obolibrary.org/obo/DDO.owl#DDO_0002024>	<http://www.w3.org/2002/07/owl#Class>
<http://purl.obolibrary.org/obo/DDO.owl#DDO_0002025>	<http://www.w3.org/2002/07/owl#Class>
<http://purl.obolibrary.org/obo/DDO.owl#DDO_0002026>	<http://www.w3.org/2002/07/owl#Class>
<http://purl.obolibrary.org/obo/DDO.owl#DDO_0002027>	<http://www.w3.org/2002/07/owl#Class>
<http://purl.obolibrary.org/obo/DDO.owl#DDO_0002028>	<http://www.w3.org/2002/07/owl#Class>
<http://purl.obolibrary.org/obo/DDO.owl#DDO_0002029>	<http://www.w3.org/2002/07/owl#Class>
<http://purl.obolibrary.org/obo/DDO.owl#DDO_0002030>	<http://www.w3.org/2002/07/owl#Class>
<http://purl.obolibrary.org/obo/DDO.owl#DDO_0002031>	<http://www.w3.org/2002/07/owl#Class>
<http://purl.obolibrary.org/obo/DDO.owl#DDO_0002032>	<http://www.w3.org/2002/07/owl#Class>
<http://purl.obolibrary.org/obo/DDO.owl#DDO_0002033>	<http://www.w3.org/2002/07/owl#Class>
<http://purl.obolibrary.org/obo/DDO.owl#DDO_0002034>	<http://www.w3.org/2002/07/owl#Class>
<http://purl.obolibrary.org/obo/DDO.owl#DDO_0002035>	<http://www.w3.org/2002/07/owl#Class>
<http://purl.obolibrary.org/obo/DDO.owl#DDO_0002036>	<http://www.w3.org/2002/07/owl#Class>
<http://purl.obolibrary.org/obo/DDO.owl#DDO_0002037>	<http://www.w3.org/2002/07/owl#Class>
<http://purl.obolibrary.org/obo/DDO.owl#DDO_0002038>	<http://www.w3.org/2002/07/owl#Class>
<http://purl.obolibrary.org/obo/DDO.owl#DDO_0002039>	<http://www.w3.org/2002/07/owl#Class>
<http://purl.obolibrary.org/obo/DDO.owl#DDO_0002040>	<http://www.w3.org/2002/07/owl#Class>
<http://purl.obolibrary.org/obo/DDO.owl#DDO_0002042>	<http://www.w3.org/2002/07/owl#Class>
<http://purl.obolibrary.org/obo/DDO.owl#DDO_0002043>	<http://www.w3.org/2002/07/owl#Class>
<http://purl.obolibrary.org/obo/DDO.owl#DDO_0002044>	<http://www.w3.org/2002/07/owl#Class>
<http://purl.obolibrary.org/obo/DDO.owl#DDO_0002045>	<http://www.w3.org/2002/07/owl#Class>
<http://purl.obolibrary.org/obo/DDO.owl#DDO_0002046>	<http://www.w3.org/2002/07/owl#Class>
<http://purl.obolibrary.org/obo/DDO.owl#DDO_0002047>	<http://www.w3.org/2002/07/owl#Class>
<http://purl.obolibrary.org/obo/DDO.owl#DDO_0002048>	<http://www.w3.org/2002/07/owl#Class>
<http://purl.obolibrary.org/obo/DDO.owl#DDO_0002049>	<http://www.w3.org/2002/07/owl#Class>
<http://purl.obolibrary.org/obo/DDO.owl#DDO_0002050>	<http://www.w3.org/2002/07/owl#Class>
<http://purl.obolibrary.org/obo/DDO.owl#DDO_0002051>	<http://www.w3.org/2002/07/owl#Class>
<http://purl.obolibrary.org/obo/DDO.owl#DDO_0002052>	<http://www.w3.org/2002/07/owl#Class>
<http://purl.obolibrary.org/obo/DDO.owl#DDO_0002053>	<http://www.w3.org/2002/07/owl#Class>
<http://purl.obolibrary.org/obo/DDO.owl#DDO_0002054>	<http://www.w3.org/2002/07/owl#Class>
<http://purl.obolibrary.org/obo/DDO.owl#DDO_0002055>	<http://www.w3.org/2002/07/owl#Class>
<http://purl.obolibrary.org/obo/DDO.owl#DDO_0002056>	<http://www.w3.org/2002/07/owl#Class>
<http://purl.obolibrary.org/obo/DDO.owl#DDO_0002057>	<http://www.w3.org/2002/07/owl#Class>
<http://purl.obolibrary.org/obo/DDO.owl#DDO_0002058>	<http://www.w3.org/2002/07/owl#Class>
<http://purl.obolibrary.org/obo/DDO.owl#DDO_0002059>	<http://www.w3.org/2002/07/owl#Class>
<http://purl.obolibrary.org/obo/DDO.owl#DDO_0002060>	<http://www.w3.org/2002/07/owl#Class>
<http://purl.obolibrary.org/obo/DDO.owl#DDO_0002061>	<http://www.w3.org/2002/07/owl#Class>
<http://purl.obolibrary.org/obo/DDO.owl#DDO_0002062>	<http://www.w3.org/2002/07/owl#Class>
<http://purl.obolibrary.org/obo/DDO.owl#DDO_0002063>	<http://www.w3.org/2002/07/owl#Class>
<http://purl.obolibrary.org/obo/DDO.owl#DDO_0002064>	<http://www.w3.org/2002/07/owl#Class>
<http://purl.obolibrary.org/obo/DDO.owl#DDO_0002065>	<http://www.w3.org/2002/07/owl#Class>
<http://purl.obolibrary.org/obo/DDO.owl#DDO_0002066>	<http://www.w3.org/2002/07/owl#Class>
<http://purl.obolibrary.org/obo/DDO.owl#DDO_0002067>	<http://www.w3.org/2002/07/owl#Class>
<http://purl.obolibrary.org/obo/DDO.owl#DDO_0002068>	<http://www.w3.org/2002/07/owl#Class>
<http://purl.obolibrary.org/obo/DDO.owl#DDO_0002069>	<http://www.w3.org/2002/07/owl#Class>
<http://purl.obolibrary.org/obo/DDO.owl#DDO_0002070>	<http://www.w3.org/2002/07/owl#Class>
<http://purl.obolibrary.org/obo/DDO.owl#DDO_0002071>	<http://www.w3.org/2002/07/owl#Class>
<http://purl.obolibrary.org/obo/DDO.owl#DDO_0002072>	<http://www.w3.org/2002/07/owl#Class>
<http://purl.obolibrary.org/obo/DDO.owl#DDO_0002073>	<http://www.w3.org/2002/07/owl#Class>
<http://purl.obolibrary.org/obo/DDO.owl#DDO_0002074>	<http://www.w3.org/2002/07/owl#Class>
<http://purl.obolibrary.org/obo/DDO.owl#DDO_0002075>	<http://www.w3.org/2002/07/owl#Class>
<http://purl.obolibrary.org/obo/DDO.owl#DDO_0002076>	<http://www.w3.org/2002/07/owl#Class>
<http://purl.obolibrary.org/obo/DDO.owl#DDO_0002077>	<http://www.w3.org/2002/07/owl#Class>
<http://purl.obolibrary.org/obo/DDO.owl#DDO_0002078>	<http://www.w3.org/2002/07/owl#Class>
<http://purl.obolibrary.org/obo/DDO.owl#DDO_0002079>	<http://www.w3.org/2002/07/owl#Class>
<http://purl.obolibrary.org/obo/DDO.owl#DDO_0002080>	<http://www.w3.org/2002/07/owl#Class>
<http://purl.obolibrary.org/obo/DDO.owl#DDO_0002081>	<http://www.w3.org/2002/07/owl#Class>
<http://purl.obolibrary.org/obo/DDO.owl#DDO_0002082>	<http://www.w3.org/2002/07/owl#Class>
<http://purl.obolibrary.org/obo/DDO.owl#DDO_0002083>	<http://www.w3.org/2002/07/owl#Class>
<http://purl.obolibrary.org/obo/DDO.owl#DDO_0002084>	<http://www.w3.org/2002/07/owl#Class>
<http://purl.obolibrary.org/obo/DDO.owl#DDO_0002085>	<http://www.w3.org/2002/07/owl#Class>
<http://purl.obolibrary.org/obo/DDO.owl#DDO_0002086>	<http://www.w3.org/2002/07/owl#Class>
<http://purl.obolibrary.org/obo/DDO.owl#DDO_0002088>	<http://www.w3.org/2002/07/owl#Class>
<http://purl.obolibrary.org/obo/DDO.owl#DDO_0002089>	<http://www.w3.org/2002/07/owl#Class>
<http://purl.obolibrary.org/obo/DDO.owl#DDO_0002090>	<http://www.w3.org/2002/07/owl#Class>
<http://purl.obolibrary.org/obo/DDO.owl#DDO_0002091>	<http://www.w3.org/2002/07/owl#Class>
<http://purl.obolibrary.org/obo/DDO.owl#DDO_0002092>	<http://www.w3.org/2002/07/owl#Class>
<http://purl.obolibrary.org/obo/DDO.owl#DDO_0002093>	<http://www.w3.org/2002/07/owl#Class>
<http://purl.obolibrary.org/obo/DDO.owl#DDO_0002094>	<http://www.w3.org/2002/07/owl#Class>
<http://purl.obolibrary.org/obo/DDO.owl#DDO_0002095>	<http://www.w3.org/2002/07/owl#Class>
<http://purl.obolibrary.org/obo/DDO.owl#DDO_0002096>	<http://www.w3.org/2002/07/owl#Class>
<http://purl.obolibrary.org/obo/DDO.owl#DDO_0002097>	<http://www.w3.org/2002/07/owl#Class>
<http://purl.obolibrary.org/obo/DDO.owl#DDO_0002098>	<http://www.w3.org/2002/07/owl#Class>
<http://purl.obolibrary.org/obo/DDO.owl#DDO_0002099>	<http://www.w3.org/2002/07/owl#Class>
<http://purl.obolibrary.org/obo/DDO.owl#DDO_0002100>	<http://www.w3.org/2002/07/owl#Class>
<http://purl.obolibrary.org/obo/DDO.owl#DDO_0002101>	<http://www.w3.org/2002/07/owl#Class>
<http://purl.obolibrary.org/obo/DDO.owl#DDO_0002102>	<http://www.w3.org/2002/07/owl#Class>
<http://purl.obolibrary.org/obo/DDO.owl#DDO_0002104>	<http://www.w3.org/2002/07/owl#Class>
<http://purl.obolibrary.org/obo/DDO.owl#DDO_0002105>	<http://www.w3.org/2002/07/owl#Class>
<http://purl.obolibrary.org/obo/DDO.owl#DDO_0002106>	<http://www.w3.org/2002/07/owl#Class>
<http://purl.obolibrary.org/obo/DDO.owl#DDO_0002107>	<http://www.w3.org/2002/07/owl#Class>
<http://purl.obolibrary.org/obo/DDO.owl#DDO_0002108>	<http://www.w3.org/2002/07/owl#Class>
<http://purl.obolibrary.org/obo/DDO.owl#DDO_0002109>	<http://www.w3.org/2002/07/owl#Class>
<http://purl.obolibrary.org/obo/DDO.owl#DDO_0002110>	<http://www.w3.org/2002/07/owl#Class>
<http://purl.obolibrary.org/obo/DDO.owl#DDO_0002111>	<http://www.w3.org/2002/07/owl#Class>
<http://purl.obolibrary.org/obo/DDO.owl#DDO_0002112>	<http://www.w3.org/2002/07/owl#Class>
<http://purl.obolibrary.org/obo/DDO.owl#DDO_0002113>	<http://www.w3.org/2002/07/owl#Class>
<http://purl.obolibrary.org/obo/DDO.owl#DDO_0002114>	<http://www.w3.org/2002/07/owl#Class>
<http://purl.obolibrary.org/obo/DDO.owl#DDO_0002115>	<http://www.w3.org/2002/07/owl#Class>
<http://purl.obolibrary.org/obo/DDO.owl#DDO_0002117>	<http://www.w3.org/2002/07/owl#Class>
<http://purl.obolibrary.org/obo/DDO.owl#DDO_0002118>	<http://www.w3.org/2002/07/owl#Class>
<http://purl.obolibrary.org/obo/DDO.owl#DDO_0002119>	<http://www.w3.org/2002/07/owl#Class>
<http://purl.obolibrary.org/obo/DDO.owl#DDO_0002120>	<http://www.w3.org/2002/07/owl#Class>
<http://purl.obolibrary.org/obo/DDO.owl#DDO_0002121>	<http://www.w3.org/2002/07/owl#Class>
<http://purl.obolibrary.org/obo/DDO.owl#DDO_0002122>	<http://www.w3.org/2002/07/owl#Class>
<http://purl.obolibrary.org/obo/DDO.owl#DDO_0002123>	<http://www.w3.org/2002/07/owl#Class>
<http://purl.obolibrary.org/obo/DDO.owl#DDO_0002124>	<http://www.w3.org/2002/07/owl#Class>
<http://purl.obolibrary.org/obo/DDO.owl#DDO_0002125>	<http://www.w3.org/2002/07/owl#Class>
<http://purl.obolibrary.org/obo/DDO.owl#DDO_0002126>	<http://www.w3.org/2002/07/owl#Class>
<http://purl.obolibrary.org/obo/DDO.owl#DDO_0002127>	<http://www.w3.org/2002/07/owl#Class>
<http://purl.obolibrary.org/obo/DDO.owl#DDO_0002128>	<http://www.w3.org/2002/07/owl#Class>
<http://purl.obolibrary.org/obo/DDO.owl#DDO_0002129>	<http://www.w3.org/2002/07/owl#Class>
<http://purl.obolibrary.org/obo/DDO.owl#DDO_0002130>	<http://www.w3.org/2002/07/owl#Class>
<http://purl.obolibrary.org/obo/DDO.owl#DDO_0002131>	<http://www.w3.org/2002/07/owl#Class>
<http://purl.obolibrary.org/obo/DDO.owl#DDO_0002132>	<http://www.w3.org/2002/07/owl#Class>
<http://purl.obolibrary.org/obo/DDO.owl#DDO_0002133>	<http://www.w3.org/2002/07/owl#Class>
<http://purl.obolibrary.org/obo/DDO.owl#DDO_0002134>	<http://www.w3.org/2002/07/owl#Class>
<http://purl.obolibrary.org/obo/DDO.owl#DDO_0002135>	<http://www.w3.org/2002/07/owl#Class>
<http://purl.obolibrary.org/obo/DDO.owl#DDO_0002136>	<http://www.w3.org/2002/07/owl#Class>
<http://purl.obolibrary.org/obo/DDO.owl#DDO_0002137>	<http://www.w3.org/2002/07/owl#Class>
<http://purl.obolibrary.org/obo/DDO.owl#DDO_0002138>	<http://www.w3.org/2002/07/owl#Class>
<http://purl.obolibrary.org/obo/DDO.owl#DDO_0002139>	<http://www.w3.org/2002/07/owl#Class>
<http://purl.obolibrary.org/obo/DDO.owl#DDO_0002140>	<http://www.w3.org/2002/07/owl#Class>
<http://purl.obolibrary.org/obo/DDO.owl#DDO_0002141>	<http://www.w3.org/2002/07/owl#Class>
<http://purl.obolibrary.org/obo/DDO.owl#DDO_0002142>	<http://www.w3.org/2002/07/owl#Class>
<http://purl.obolibrary.org/obo/DDO.owl#DDO_0002143>	<http://www.w3.org/2002/07/owl#Class>
<http://purl.obolibrary.org/obo/DDO.owl#DDO_0002144>	<http://www.w3.org/2002/07/owl#Class>
<http://purl.obolibrary.org/obo/DDO.owl#DDO_0002145>	<http://www.w3.org/2002/07/owl#Class>
<http://purl.obolibrary.org/obo/DDO.owl#DDO_0002146>	<http://www.w3.org/2002/07/owl#Class>
<http://purl.obolibrary.org/obo/DDO.owl#DDO_0002147>	<http://www.w3.org/2002/07/owl#Class>
<http://purl.obolibrary.org/obo/DDO.owl#DDO_0002148>	<http://www.w3.org/2002/07/owl#Class>
<http://purl.obolibrary.org/obo/DDO.owl#DDO_0002149>	<http://www.w3.org/2002/07/owl#Class>
<http://purl.obolibrary.org/obo/DDO.owl#DDO_0002150>	<http://www.w3.org/2002/07/owl#Class>
<http://purl.obolibrary.org/obo/DDO.owl#DDO_0002151>	<http://www.w3.org/2002/07/owl#Class>
<http://purl.obolibrary.org/obo/DDO.owl#DDO_0002152>	<http://www.w3.org/2002/07/owl#Class>
<http://purl.obolibrary.org/obo/DDO.owl#DDO_0002153>	<http://www.w3.org/2002/07/owl#Class>
<http://purl.obolibrary.org/obo/DDO.owl#DDO_0002154>	<http://www.w3.org/2002/07/owl#Class>
<http://purl.obolibrary.org/obo/DDO.owl#DDO_0002155>	<http://www.w3.org/2002/07/owl#Class>
<http://purl.obolibrary.org/obo/DDO.owl#DDO_0002156>	<http://www.w3.org/2002/07/owl#Class>
<http://purl.obolibrary.org/obo/DDO.owl#DDO_0002157>	<http://www.w3.org/2002/07/owl#Class>
<http://purl.obolibrary.org/obo/DDO.owl#DDO_0002158>	<http://www.w3.org/2002/07/owl#Class>
<http://purl.obolibrary.org/obo/DDO.owl#DDO_0002159>	<http://www.w3.org/2002/07/owl#Class>
<http://purl.obolibrary.org/obo/DDO.owl#DDO_0002160>	<http://www.w3.org/2002/07/owl#Class>
<http://purl.obolibrary.org/obo/DDO.owl#DDO_0002161>	<http://www.w3.org/2002/07/owl#Class>
<http://purl.obolibrary.org/obo/DDO.owl#DDO_0002162>	<http://www.w3.org/2002/07/owl#Class>
<http://purl.obolibrary.org/obo/DDO.owl#DDO_0002163>	<http://www.w3.org/2002/07/owl#Class>
<http://purl.obolibrary.org/obo/DDO.owl#DDO_0002164>	<http://www.w3.org/2002/07/owl#Class>
<http://purl.obolibrary.org/obo/DDO.owl#DDO_0002165>	<http://www.w3.org/2002/07/owl#Class>
<http://purl.obolibrary.org/obo/DDO.owl#DDO_0002166>	<http://www.w3.org/2002/07/owl#Class>
<http://purl.obolibrary.org/obo/DDO.owl#DDO_0002167>	<http://www.w3.org/2002/07/owl#Class>
<http://purl.obolibrary.org/obo/DDO.owl#DDO_0002168>	<http://www.w3.org/2002/07/owl#Class>
<http://purl.obolibrary.org/obo/DDO.owl#DDO_0002169>	<http://www.w3.org/2002/07/owl#Class>
<http://purl.obolibrary.org/obo/DDO.owl#DDO_0002170>	<http://www.w3.org/2002/07/owl#Class>
<http://purl.obolibrary.org/obo/DDO.owl#DDO_0002172>	<http://www.w3.org/2002/07/owl#Class>
<http://purl.obolibrary.org/obo/DDO.owl#DDO_0002173>	<http://www.w3.org/2002/07/owl#Class>
<http://purl.obolibrary.org/obo/DDO.owl#DDO_0002174>	<http://www.w3.org/2002/07/owl#Class>
<http://purl.obolibrary.org/obo/DDO.owl#DDO_0002175>	<http://www.w3.org/2002/07/owl#Class>
<http://purl.obolibrary.org/obo/DDO.owl#DDO_0002176>	<http://www.w3.org/2002/07/owl#Class>
<http://purl.obolibrary.org/obo/DDO.owl#DDO_0002177>	<http://www.w3.org/2002/07/owl#Class>
<http://purl.obolibrary.org/obo/DDO.owl#DDO_0002178>	<http://www.w3.org/2002/07/owl#Class>
<http://purl.obolibrary.org/obo/DDO.owl#DDO_0002179>	<http://www.w3.org/2002/07/owl#Class>
<http://purl.obolibrary.org/obo/DDO.owl#DDO_0002180>	<http://www.w3.org/2002/07/owl#Class>
<http://purl.obolibrary.org/obo/DDO.owl#DDO_0002181>	<http://www.w3.org/2002/07/owl#Class>
<http://purl.obolibrary.org/obo/DDO.owl#DDO_0002182>	<http://www.w3.org/2002/07/owl#Class>
<http://purl.obolibrary.org/obo/DDO.owl#DDO_0002183>	<http://www.w3.org/2002/07/owl#Class>
<http://purl.obolibrary.org/obo/DDO.owl#DDO_0002184>	<http://www.w3.org/2002/07/owl#Class>
<http://purl.obolibrary.org/obo/DDO.owl#DDO_0002185>	<http://www.w3.org/2002/07/owl#Class>
<http://purl.obolibrary.org/obo/DDO.owl#DDO_0002188>	<http://www.w3.org/2002/07/owl#Class>
<http://purl.obolibrary.org/obo/DDO.owl#DDO_0002189>	<http://www.w3.org/2002/07/owl#Class>
<http://purl.obolibrary.org/obo/DDO.owl#DDO_0002190>	<http://www.w3.org/2002/07/owl#Class>
<http://purl.obolibrary.org/obo/DDO.owl#DDO_0002191>	<http://www.w3.org/2002/07/owl#Class>
<http://purl.obolibrary.org/obo/DDO.owl#DDO_0002192>	<http://www.w3.org/2002/07/owl#Class>
<http://purl.obolibrary.org/obo/DDO.owl#DDO_0002193>	<http://www.w3.org/2002/07/owl#Class>
<http://purl.obolibrary.org/obo/DDO.owl#DDO_0002194>	<http://www.w3.org/2002/07/owl#Class>
<http://purl.obolibrary.org/obo/DDO.owl#DDO_0002195>	<http://www.w3.org/2002/07/owl#Class>
<http://purl.obolibrary.org/obo/DDO.owl#DDO_0002196>	<http://www.w3.org/2002/07/owl#Class>
<http://purl.obolibrary.org/obo/DDO.owl#DDO_0002197>	<http://www.w3.org/2002/07/owl#Class>
<http://purl.obolibrary.org/obo/DDO.owl#DDO_0002198>	<http://www.w3.org/2002/07/owl#Class>
<http://purl.obolibrary.org/obo/DDO.owl#DDO_0002199>	<http://www.w3.org/2002/07/owl#Class>
<http://purl.obolibrary.org/obo/DDO.owl#DDO_0002200>	<http://www.w3.org/2002/07/owl#Class>
<http://purl.obolibrary.org/obo/DDO.owl#DDO_0002201>	<http://www.w3.org/2002/07/owl#Class>
<http://purl.obolibrary.org/obo/DDO.owl#DDO_0002202>	<http://www.w3.org/2002/07/owl#Class>
<http://purl.obolibrary.org/obo/DDO.owl#DDO_0002203>	<http://www.w3.org/2002/07/owl#Class>
<http://purl.obolibrary.org/obo/DDO.owl#DDO_0002204>	<http://www.w3.org/2002/07/owl#Class>
<http://purl.obolibrary.org/obo/DDO.owl#DDO_0002205>	<http://www.w3.org/2002/07/owl#Class>
<http://purl.obolibrary.org/obo/DDO.owl#DDO_0002206>	<http://www.w3.org/2002/07/owl#Class>
<http://purl.obolibrary.org/obo/DDO.owl#DDO_0002207>	<http://www.w3.org/2002/07/owl#Class>
<http://purl.obolibrary.org/obo/DDO.owl#DDO_0002208>	<http://www.w3.org/2002/07/owl#Class>
<http://purl.obolibrary.org/obo/DDO.owl#DDO_0002209>	<http://www.w3.org/2002/07/owl#Class>
<http://purl.obolibrary.org/obo/DDO.owl#DDO_0002210>	<http://www.w3.org/2002/07/owl#Class>
<http://purl.obolibrary.org/obo/DDO.owl#DDO_0002211>	<http://www.w3.org/2002/07/owl#Class>
<http://purl.obolibrary.org/obo/DDO.owl#DDO_0002212>	<http://www.w3.org/2002/07/owl#Class>
<http://purl.obolibrary.org/obo/DDO.owl#DDO_0002213>	<http://www.w3.org/2002/07/owl#Class>
<http://purl.obolibrary.org/obo/DDO.owl#DDO_0002214>	<http://www.w3.org/2002/07/owl#Class>
<http://purl.obolibrary.org/obo/DDO.owl#DDO_0002216>	<http://www.w3.org/2002/07/owl#Class>
<http://purl.obolibrary.org/obo/DDO.owl#DDO_0002217>	<http://www.w3.org/2002/07/owl#Class>
<http://purl.obolibrary.org/obo/DDO.owl#DDO_0002218>	<http://www.w3.org/2002/07/owl#Class>
<http://purl.obolibrary.org/obo/DDO.owl#DDO_0002219>	<http://www.w3.org/2002/07/owl#Class>
<http://purl.obolibrary.org/obo/DDO.owl#DDO_0002220>	<http://www.w3.org/2002/07/owl#Class>
<http://purl.obolibrary.org/obo/DDO.owl#DDO_0002222>	<http://www.w3.org/2002/07/owl#Class>
<http://purl.obolibrary.org/obo/DDO.owl#DDO_0002223>	<http://www.w3.org/2002/07/owl#Class>
<http://purl.obolibrary.org/obo/DDO.owl#DDO_0002224>	<http://www.w3.org/2002/07/owl#Class>
<http://purl.obolibrary.org/obo/DDO.owl#DDO_0002225>	<http://www.w3.org/2002/07/owl#Class>
<http://purl.obolibrary.org/obo/DDO.owl#DDO_0002226>	<http://www.w3.org/2002/07/owl#Class>
<http://purl.obolibrary.org/obo/DDO.owl#DDO_0002227>	<http://www.w3.org/2002/07/owl#Class>
<http://purl.obolibrary.org/obo/DDO.owl#DDO_0002228>	<http://www.w3.org/2002/07/owl#Class>
<http://purl.obolibrary.org/obo/DDO.owl#DDO_0002229>	<http://www.w3.org/2002/07/owl#Class>
<http://purl.obolibrary.org/obo/DDO.owl#DDO_0002230>	<http://www.w3.org/2002/07/owl#Class>
<http://purl.obolibrary.org/obo/DDO.owl#DDO_0002231>	<http://www.w3.org/2002/07/owl#Class>
<http://purl.obolibrary.org/obo/DDO.owl#DDO_0002232>	<http://www.w3.org/2002/07/owl#Class>
<http://purl.obolibrary.org/obo/DDO.owl#DDO_0002233>	<http://www.w3.org/2002/07/owl#Class>
<http://purl.obolibrary.org/obo/DDO.owl#DDO_0002234>	<http://www.w3.org/2002/07/owl#Class>
<http://purl.obolibrary.org/obo/DDO.owl#DDO_0002235>	<http://www.w3.org/2002/07/owl#Class>
<http://purl.obolibrary.org/obo/DDO.owl#DDO_0002236>	<http://www.w3.org/2002/07/owl#Class>
<http://purl.obolibrary.org/obo/DDO.owl#DDO_0002237>	<http://www.w3.org/2002/07/owl#Class>
<http://purl.obolibrary.org/obo/DDO.owl#DDO_0002238>	<http://www.w3.org/2002/07/owl#Class>
<http://purl.obolibrary.org/obo/DDO.owl#DDO_0002239>	<http://www.w3.org/2002/07/owl#Class>
<http://purl.obolibrary.org/obo/DDO.owl#DDO_0002240>	<http://www.w3.org/2002/07/owl#Class>
<http://purl.obolibrary.org/obo/DDO.owl#DDO_0002241>	<http://www.w3.org/2002/07/owl#Class>
<http://purl.obolibrary.org/obo/DDO.owl#DDO_0002242>	<http://www.w3.org/2002/07/owl#Class>
<http://purl.obolibrary.org/obo/DDO.owl#DDO_0002243>	<http://www.w3.org/2002/07/owl#Class>
<http://purl.obolibrary.org/obo/DDO.owl#DDO_0002245>	<http://www.w3.org/2002/07/owl#Class>
<http://purl.obolibrary.org/obo/DDO.owl#DDO_0002246>	<http://www.w3.org/2002/07/owl#Class>
<http://purl.obolibrary.org/obo/DDO.owl#DDO_0002247>	<http://www.w3.org/2002/07/owl#Class>
<http://purl.obolibrary.org/obo/DDO.owl#DDO_0002248>	<http://www.w3.org/2002/07/owl#Class>
<http://purl.obolibrary.org/obo/DDO.owl#DDO_0002249>	<http://www.w3.org/2002/07/owl#Class>
<http://purl.obolibrary.org/obo/DDO.owl#DDO_0002250>	<http://www.w3.org/2002/07/owl#Class>
<http://purl.obolibrary.org/obo/DDO.owl#DDO_0002251>	<http://www.w3.org/2002/07/owl#Class>
<http://purl.obolibrary.org/obo/DDO.owl#DDO_0002252>	<http://www.w3.org/2002/07/owl#Class>
<http://purl.obolibrary.org/obo/DDO.owl#DDO_0002253>	<http://www.w3.org/2002/07/owl#Class>
<http://purl.obolibrary.org/obo/DDO.owl#DDO_0002254>	<http://www.w3.org/2002/07/owl#Class>
<http://purl.obolibrary.org/obo/DDO.owl#DDO_0002255>	<http://www.w3.org/2002/07/owl#Class>
<http://purl.obolibrary.org/obo/DDO.owl#DDO_0002256>	<http://www.w3.org/2002/07/owl#Class>
<http://purl.obolibrary.org/obo/DDO.owl#DDO_0002257>	<http://www.w3.org/2002/07/owl#Class>
<http://purl.obolibrary.org/obo/DDO.owl#DDO_0002258>	<http://www.w3.org/2002/07/owl#Class>
<http://purl.obolibrary.org/obo/DDO.owl#DDO_0002259>	<http://www.w3.org/2002/07/owl#Class>
<http://purl.obolibrary.org/obo/DDO.owl#DDO_0002260>	<http://www.w3.org/2002/07/owl#Class>
<http://purl.obolibrary.org/obo/DDO.owl#DDO_0002261>	<http://www.w3.org/2002/07/owl#Class>
<http://purl.obolibrary.org/obo/DDO.owl#DDO_0002262>	<http://www.w3.org/2002/07/owl#Class>
<http://purl.obolibrary.org/obo/DDO.owl#DDO_0002263>	<http://www.w3.org/2002/07/owl#Class>
<http://purl.obolibrary.org/obo/DDO.owl#DDO_0002264>	<http://www.w3.org/2002/07/owl#Class>
<http://purl.obolibrary.org/obo/DDO.owl#DDO_0002265>	<http://www.w3.org/2002/07/owl#Class>
<http://purl.obolibrary.org/obo/DDO.owl#DDO_0002266>	<http://www.w3.org/2002/07/owl#Class>
<http://purl.obolibrary.org/obo/DDO.owl#DDO_0002267>	<http://www.w3.org/2002/07/owl#Class>
<http://purl.obolibrary.org/obo/DDO.owl#DDO_0002268>	<http://www.w3.org/2002/07/owl#Class>
<http://purl.obolibrary.org/obo/DDO.owl#DDO_0002269>	<http://www.w3.org/2002/07/owl#Class>
<http://purl.obolibrary.org/obo/DDO.owl#DDO_0002270>	<http://www.w3.org/2002/07/owl#Class>
<http://purl.obolibrary.org/obo/DDO.owl#DDO_0002271>	<http://www.w3.org/2002/07/owl#Class>
<http://purl.obolibrary.org/obo/DDO.owl#DDO_0002272>	<http://www.w3.org/2002/07/owl#Class>
<http://purl.obolibrary.org/obo/DDO.owl#DDO_0002273>	<http://www.w3.org/2002/07/owl#Class>
<http://purl.obolibrary.org/obo/DDO.owl#DDO_0002274>	<http://www.w3.org/2002/07/owl#Class>
<http://purl.obolibrary.org/obo/DDO.owl#DDO_0002275>	<http://www.w3.org/2002/07/owl#Class>
<http://purl.obolibrary.org/obo/DDO.owl#DDO_0002276>	<http://www.w3.org/2002/07/owl#Class>
<http://purl.obolibrary.org/obo/DDO.owl#DDO_0002277>	<http://www.w3.org/2002/07/owl#Class>
<http://purl.obolibrary.org/obo/DDO.owl#DDO_0002278>	<http://www.w3.org/2002/07/owl#Class>
<http://purl.obolibrary.org/obo/DDO.owl#DDO_0002279>	<http://www.w3.org/2002/07/owl#Class>
<http://purl.obolibrary.org/obo/DDO.owl#DDO_0002280>	<http://www.w3.org/2002/07/owl#Class>
<http://purl.obolibrary.org/obo/DDO.owl#DDO_0002281>	<http://www.w3.org/2002/07/owl#Class>
<http://purl.obolibrary.org/obo/DDO.owl#DDO_0002282>	<http://www.w3.org/2002/07/owl#Class>
<http://purl.obolibrary.org/obo/DDO.owl#DDO_0002283>	<http://www.w3.org/2002/07/owl#Class>
<http://purl.obolibrary.org/obo/DDO.owl#DDO_0002284>	<http://www.w3.org/2002/07/owl#Class>
<http://purl.obolibrary.org/obo/DDO.owl#DDO_0002285>	<http://www.w3.org/2002/07/owl#Class>
<http://purl.obolibrary.org/obo/DDO.owl#DDO_0002286>	<http://www.w3.org/2002/07/owl#Class>
<http://purl.obolibrary.org/obo/DDO.owl#DDO_0002287>	<http://www.w3.org/2002/07/owl#Class>
<http://purl.obolibrary.org/obo/DDO.owl#DDO_0002288>	<http://www.w3.org/2002/07/owl#Class>
<http://purl.obolibrary.org/obo/DDO.owl#DDO_0002289>	<http://www.w3.org/2002/07/owl#Class>
<http://purl.obolibrary.org/obo/DDO.owl#DDO_0002290>	<http://www.w3.org/2002/07/owl#Class>
<http://purl.obolibrary.org/obo/DDO.owl#DDO_0002291>	<http://www.w3.org/2002/07/owl#Class>
<http://purl.obolibrary.org/obo/DDO.owl#DDO_0002292>	<http://www.w3.org/2002/07/owl#Class>
<http://purl.obolibrary.org/obo/DDO.owl#DDO_0002293>	<http://www.w3.org/2002/07/owl#Class>
<http://purl.obolibrary.org/obo/DDO.owl#DDO_0002294>	<http://www.w3.org/2002/07/owl#Class>
<http://purl.obolibrary.org/obo/DDO.owl#DDO_0002295>	<http://www.w3.org/2002/07/owl#Class>
<http://purl.obolibrary.org/obo/DDO.owl#DDO_0002296>	<http://www.w3.org/2002/07/owl#Class>
<http://purl.obolibrary.org/obo/DDO.owl#DDO_0002297>	<http://www.w3.org/2002/07/owl#Class>
<http://purl.obolibrary.org/obo/DDO.owl#DDO_0002298>	<http://www.w3.org/2002/07/owl#Class>
<http://purl.obolibrary.org/obo/DDO.owl#DDO_0002299>	<http://www.w3.org/2002/07/owl#Class>
<http://purl.obolibrary.org/obo/DDO.owl#DDO_0002301>	<http://www.w3.org/2002/07/owl#Class>
<http://purl.obolibrary.org/obo/DDO.owl#DDO_0002302>	<http://www.w3.org/2002/07/owl#Class>
<http://purl.obolibrary.org/obo/DDO.owl#DDO_0002303>	<http://www.w3.org/2002/07/owl#Class>
<http://purl.obolibrary.org/obo/DDO.owl#DDO_0002304>	<http://www.w3.org/2002/07/owl#Class>
<http://purl.obolibrary.org/obo/DDO.owl#DDO_0002308>	<http://www.w3.org/2002/07/owl#Class>
<http://purl.obolibrary.org/obo/DDO.owl#DDO_0002309>	<http://www.w3.org/2002/07/owl#Class>
<http://purl.obolibrary.org/obo/DDO.owl#DDO_0002310>	<http://www.w3.org/2002/07/owl#Class>
<http://purl.obolibrary.org/obo/DDO.owl#DDO_0002311>	<http://www.w3.org/2002/07/owl#Class>
<http://purl.obolibrary.org/obo/DDO.owl#DDO_0002312>	<http://www.w3.org/2002/07/owl#Class>
<http://purl.obolibrary.org/obo/DDO.owl#DDO_0002313>	<http://www.w3.org/2002/07/owl#Class>
<http://purl.obolibrary.org/obo/DDO.owl#DDO_0002314>	<http://www.w3.org/2002/07/owl#Class>
<http://purl.obolibrary.org/obo/DDO.owl#DDO_0002315>	<http://www.w3.org/2002/07/owl#Class>
<http://purl.obolibrary.org/obo/DDO.owl#DDO_0002316>	<http://www.w3.org/2002/07/owl#Class>
<http://purl.obolibrary.org/obo/DDO.owl#DDO_0002317>	<http://www.w3.org/2002/07/owl#Class>
<http://purl.obolibrary.org/obo/DDO.owl#DDO_0002318>	<http://www.w3.org/2002/07/owl#Class>
<http://purl.obolibrary.org/obo/DDO.owl#DDO_0002319>	<http://www.w3.org/2002/07/owl#Class>
<http://purl.obolibrary.org/obo/DDO.owl#DDO_0002320>	<http://www.w3.org/2002/07/owl#Class>
<http://purl.obolibrary.org/obo/DDO.owl#DDO_0002321>	<http://www.w3.org/2002/07/owl#Class>
<http://purl.obolibrary.org/obo/DDO.owl#DDO_0002322>	<http://www.w3.org/2002/07/owl#Class>
<http://purl.obolibrary.org/obo/DDO.owl#DDO_0002323>	<http://www.w3.org/2002/07/owl#Class>
<http://purl.obolibrary.org/obo/DDO.owl#DDO_0002324>	<http://www.w3.org/2002/07/owl#Class>
<http://purl.obolibrary.org/obo/DDO.owl#DDO_0002325>	<http://www.w3.org/2002/07/owl#Class>
<http://purl.obolibrary.org/obo/DDO.owl#DDO_0002326>	<http://www.w3.org/2002/07/owl#Class>
<http://purl.obolibrary.org/obo/DDO.owl#DDO_0002327>	<http://www.w3.org/2002/07/owl#Class>
<http://purl.obolibrary.org/obo/DDO.owl#DDO_0002328>	<http://www.w3.org/2002/07/owl#Class>
<http://purl.obolibrary.org/obo/DDO.owl#DDO_0002329>	<http://www.w3.org/2002/07/owl#Class>
<http://purl.obolibrary.org/obo/DDO.owl#DDO_0002330>	<http://www.w3.org/2002/07/owl#Class>
<http://purl.obolibrary.org/obo/DDO.owl#DDO_0002331>	<http://www.w3.org/2002/07/owl#Class>
<http://purl.obolibrary.org/obo/DDO.owl#DDO_0002332>	<http://www.w3.org/2002/07/owl#Class>
<http://purl.obolibrary.org/obo/DDO.owl#DDO_0002333>	<http://www.w3.org/2002/07/owl#Class>
<http://purl.obolibrary.org/obo/DDO.owl#DDO_0002334>	<http://www.w3.org/2002/07/owl#Class>
<http://purl.obolibrary.org/obo/DDO.owl#DDO_0002335>	<http://www.w3.org/2002/07/owl#Class>
<http://purl.obolibrary.org/obo/DDO.owl#DDO_0002336>	<http://www.w3.org/2002/07/owl#Class>
<http://purl.obolibrary.org/obo/DDO.owl#DDO_0002337>	<http://www.w3.org/2002/07/owl#Class>
<http://purl.obolibrary.org/obo/DDO.owl#DDO_0002338>	<http://www.w3.org/2002/07/owl#Class>
<http://purl.obolibrary.org/obo/DDO.owl#DDO_0002339>	<http://www.w3.org/2002/07/owl#Class>
<http://purl.obolibrary.org/obo/DDO.owl#DDO_0002340>	<http://www.w3.org/2002/07/owl#Class>
<http://purl.obolibrary.org/obo/DDO.owl#DDO_0002341>	<http://www.w3.org/2002/07/owl#Class>
<http://purl.obolibrary.org/obo/DDO.owl#DDO_0002342>	<http://www.w3.org/2002/07/owl#Class>
<http://purl.obolibrary.org/obo/DDO.owl#DDO_0002343>	<http://www.w3.org/2002/07/owl#Class>
<http://purl.obolibrary.org/obo/DDO.owl#DDO_0002344>	<http://www.w3.org/2002/07/owl#Class>
<http://purl.obolibrary.org/obo/DDO.owl#DDO_0002345>	<http://www.w3.org/2002/07/owl#Class>
<http://purl.obolibrary.org/obo/DDO.owl#DDO_0002346>	<http://www.w3.org/2002/07/owl#Class>
<http://purl.obolibrary.org/obo/DDO.owl#DDO_0002347>	<http://www.w3.org/2002/07/owl#Class>
<http://purl.obolibrary.org/obo/DDO.owl#DDO_0002348>	<http://www.w3.org/2002/07/owl#Class>
<http://purl.obolibrary.org/obo/DDO.owl#DDO_0002349>	<http://www.w3.org/2002/07/owl#Class>
<http://purl.obolibrary.org/obo/DDO.owl#DDO_0002350>	<http://www.w3.org/2002/07/owl#Class>
<http://purl.obolibrary.org/obo/DDO.owl#DDO_0002351>	<http://www.w3.org/2002/07/owl#Class>
<http://purl.obolibrary.org/obo/DDO.owl#DDO_0002352>	<http://www.w3.org/2002/07/owl#Class>
<http://purl.obolibrary.org/obo/DDO.owl#DDO_0002353>	<http://www.w3.org/2002/07/owl#Class>
<http://purl.obolibrary.org/obo/DDO.owl#DDO_0002354>	<http://www.w3.org/2002/07/owl#Class>
<http://purl.obolibrary.org/obo/DDO.owl#DDO_0002355>	<http://www.w3.org/2002/07/owl#Class>
<http://purl.obolibrary.org/obo/DDO.owl#DDO_0002356>	<http://www.w3.org/2002/07/owl#Class>
<http://purl.obolibrary.org/obo/DDO.owl#DDO_0002357>	<http://www.w3.org/2002/07/owl#Class>
<http://purl.obolibrary.org/obo/DDO.owl#DDO_0002358>	<http://www.w3.org/2002/07/owl#Class>
<http://purl.obolibrary.org/obo/DDO.owl#DDO_0002359>	<http://www.w3.org/2002/07/owl#Class>
<http://purl.obolibrary.org/obo/DDO.owl#DDO_0002360>	<http://www.w3.org/2002/07/owl#Class>
<http://purl.obolibrary.org/obo/DDO.owl#DDO_0002361>	<http://www.w3.org/2002/07/owl#Class>
<http://purl.obolibrary.org/obo/DDO.owl#DDO_0002362>	<http://www.w3.org/2002/07/owl#Class>
<http://purl.obolibrary.org/obo/DDO.owl#DDO_0002363>	<http://www.w3.org/2002/07/owl#Class>
<http://purl.obolibrary.org/obo/DDO.owl#DDO_0002364>	<http://www.w3.org/2002/07/owl#Class>
<http://purl.obolibrary.org/obo/DDO.owl#DDO_0002365>	<http://www.w3.org/2002/07/owl#Class>
<http://purl.obolibrary.org/obo/DDO.owl#DDO_0002366>	<http://www.w3.org/2002/07/owl#Class>
<http://purl.obolibrary.org/obo/DDO.owl#DDO_0002367>	<http://www.w3.org/2002/07/owl#Class>
<http://purl.obolibrary.org/obo/DDO.owl#DDO_0002368>	<http://www.w3.org/2002/07/owl#Class>
<http://purl.obolibrary.org/obo/DDO.owl#DDO_0002369>	<http://www.w3.org/2002/07/owl#Class>
<http://purl.obolibrary.org/obo/DDO.owl#DDO_0002370>	<http://www.w3.org/2002/07/owl#Class>
<http://purl.obolibrary.org/obo/DDO.owl#DDO_0002371>	<http://www.w3.org/2002/07/owl#Class>
<http://purl.obolibrary.org/obo/DDO.owl#DDO_0002372>	<http://www.w3.org/2002/07/owl#Class>
<http://purl.obolibrary.org/obo/DDO.owl#DDO_0002373>	<http://www.w3.org/2002/07/owl#Class>
<http://purl.obolibrary.org/obo/DDO.owl#DDO_0002374>	<http://www.w3.org/2002/07/owl#Class>
<http://purl.obolibrary.org/obo/DDO.owl#DDO_0002375>	<http://www.w3.org/2002/07/owl#Class>
<http://purl.obolibrary.org/obo/DDO.owl#DDO_0002376>	<http://www.w3.org/2002/07/owl#Class>
<http://purl.obolibrary.org/obo/DDO.owl#DDO_0002377>	<http://www.w3.org/2002/07/owl#Class>
<http://purl.obolibrary.org/obo/DDO.owl#DDO_0002378>	<http://www.w3.org/2002/07/owl#Class>
<http://purl.obolibrary.org/obo/DDO.owl#DDO_0002379>	<http://www.w3.org/2002/07/owl#Class>
<http://purl.obolibrary.org/obo/DDO.owl#DDO_0002380>	<http://www.w3.org/2002/07/owl#Class>
<http://purl.obolibrary.org/obo/DDO.owl#DDO_0002381>	<http://www.w3.org/2002/07/owl#Class>
<http://purl.obolibrary.org/obo/DDO.owl#DDO_0002382>	<http://www.w3.org/2002/07/owl#Class>
<http://purl.obolibrary.org/obo/DDO.owl#DDO_0002383>	<http://www.w3.org/2002/07/owl#Class>
<http://purl.obolibrary.org/obo/DDO.owl#DDO_0002384>	<http://www.w3.org/2002/07/owl#Class>
<http://purl.obolibrary.org/obo/DDO.owl#DDO_0002385>	<http://www.w3.org/2002/07/owl#Class>
<http://purl.obolibrary.org/obo/DDO.owl#DDO_0002386>	<http://www.w3.org/2002/07/owl#Class>
<http://purl.obolibrary.org/obo/DDO.owl#DDO_0002387>	<http://www.w3.org/2002/07/owl#Class>
<http://purl.obolibrary.org/obo/DDO.owl#DDO_0002388>	<http://www.w3.org/2002/07/owl#Class>
<http://purl.obolibrary.org/obo/DDO.owl#DDO_0002389>	<http://www.w3.org/2002/07/owl#Class>
<http://purl.obolibrary.org/obo/DDO.owl#DDO_0002390>	<http://www.w3.org/2002/07/owl#Class>
<http://purl.obolibrary.org/obo/DDO.owl#DDO_0002391>	<http://www.w3.org/2002/07/owl#Class>
<http://purl.obolibrary.org/obo/DDO.owl#DDO_0002392>	<http://www.w3.org/2002/07/owl#Class>
<http://purl.obolibrary.org/obo/DDO.owl#DDO_0002393>	<http://www.w3.org/2002/07/owl#Class>
<http://purl.obolibrary.org/obo/DDO.owl#DDO_0002394>	<http://www.w3.org/2002/07/owl#Class>
<http://purl.obolibrary.org/obo/DDO.owl#DDO_0002395>	<http://www.w3.org/2002/07/owl#Class>
<http://purl.obolibrary.org/obo/DDO.owl#DDO_0002396>	<http://www.w3.org/2002/07/owl#Class>
<http://purl.obolibrary.org/obo/DDO.owl#DDO_0002397>	<http://www.w3.org/2002/07/owl#Class>
<http://purl.obolibrary.org/obo/DDO.owl#DDO_0002398>	<http://www.w3.org/2002/07/owl#Class>
<http://purl.obolibrary.org/obo/DDO.owl#DDO_0002399>	<http://www.w3.org/2002/07/owl#Class>
<http://purl.obolibrary.org/obo/DDO.owl#DDO_0002400>	<http://www.w3.org/2002/07/owl#Class>
<http://purl.obolibrary.org/obo/DDO.owl#DDO_0002401>	<http://www.w3.org/2002/07/owl#Class>
<http://purl.obolibrary.org/obo/DDO.owl#DDO_0002402>	<http://www.w3.org/2002/07/owl#Class>
<http://purl.obolibrary.org/obo/DDO.owl#DDO_0002403>	<http://www.w3.org/2002/07/owl#Class>
<http://purl.obolibrary.org/obo/DDO.owl#DDO_0002404>	<http://www.w3.org/2002/07/owl#Class>
<http://purl.obolibrary.org/obo/DDO.owl#DDO_0002405>	<http://www.w3.org/2002/07/owl#Class>
<http://purl.obolibrary.org/obo/DDO.owl#DDO_0002406>	<http://www.w3.org/2002/07/owl#Class>
<http://purl.obolibrary.org/obo/DDO.owl#DDO_0002407>	<http://www.w3.org/2002/07/owl#Class>
<http://purl.obolibrary.org/obo/DDO.owl#DDO_0002408>	<http://www.w3.org/2002/07/owl#Class>
<http://purl.obolibrary.org/obo/DDO.owl#DDO_0002409>	<http://www.w3.org/2002/07/owl#Class>
<http://purl.obolibrary.org/obo/DDO.owl#DDO_0002410>	<http://www.w3.org/2002/07/owl#Class>
<http://purl.obolibrary.org/obo/DDO.owl#DDO_0002411>	<http://www.w3.org/2002/07/owl#Class>
<http://purl.obolibrary.org/obo/DDO.owl#DDO_0002412>	<http://www.w3.org/2002/07/owl#Class>
<http://purl.obolibrary.org/obo/DDO.owl#DDO_0002413>	<http://www.w3.org/2002/07/owl#Class>
<http://purl.obolibrary.org/obo/DDO.owl#DDO_0002414>	<http://www.w3.org/2002/07/owl#Class>
<http://purl.obolibrary.org/obo/DDO.owl#DDO_0002415>	<http://www.w3.org/2002/07/owl#Class>
<http://purl.obolibrary.org/obo/DDO.owl#DDO_0002416>	<http://www.w3.org/2002/07/owl#Class>
<http://purl.obolibrary.org/obo/DDO.owl#DDO_0002417>	<http://www.w3.org/2002/07/owl#Class>
<http://purl.obolibrary.org/obo/DDO.owl#DDO_0002418>	<http://www.w3.org/2002/07/owl#Class>
<http://purl.obolibrary.org/obo/DDO.owl#DDO_0002419>	<http://www.w3.org/2002/07/owl#Class>
<http://purl.obolibrary.org/obo/DDO.owl#DDO_0002420>	<http://www.w3.org/2002/07/owl#Class>
<http://purl.obolibrary.org/obo/DDO.owl#DDO_0002422>	<http://www.w3.org/2002/07/owl#Class>
<http://purl.obolibrary.org/obo/DDO.owl#DDO_0002423>	<http://www.w3.org/2002/07/owl#Class>
<http://purl.obolibrary.org/obo/DDO.owl#DDO_0002424>	<http://www.w3.org/2002/07/owl#Class>
<http://purl.obolibrary.org/obo/DDO.owl#DDO_0002425>	<http://www.w3.org/2002/07/owl#Class>
<http://purl.obolibrary.org/obo/DDO.owl#DDO_0002426>	<http://www.w3.org/2002/07/owl#Class>
<http://purl.obolibrary.org/obo/DDO.owl#DDO_0002427>	<http://www.w3.org/2002/07/owl#Class>
<http://purl.obolibrary.org/obo/DDO.owl#DDO_0002428>	<http://www.w3.org/2002/07/owl#Class>
<http://purl.obolibrary.org/obo/DDO.owl#DDO_0002429>	<http://www.w3.org/2002/07/owl#Class>
<http://purl.obolibrary.org/obo/DDO.owl#DDO_0002430>	<http://www.w3.org/2002/07/owl#Class>
<http://purl.obolibrary.org/obo/DDO.owl#DDO_0002431>	<http://www.w3.org/2002/07/owl#Class>
<http://purl.obolibrary.org/obo/DDO.owl#DDO_0002432>	<http://www.w3.org/2002/07/owl#Class>
<http://purl.obolibrary.org/obo/DDO.owl#DDO_0002434>	<http://www.w3.org/2002/07/owl#Class>
<http://purl.obolibrary.org/obo/DDO.owl#DDO_0002435>	<http://www.w3.org/2002/07/owl#Class>
<http://purl.obolibrary.org/obo/DDO.owl#DDO_0002436>	<http://www.w3.org/2002/07/owl#Class>
<http://purl.obolibrary.org/obo/DDO.owl#DDO_0002437>	<http://www.w3.org/2002/07/owl#Class>
<http://purl.obolibrary.org/obo/DDO.owl#DDO_0002438>	<http://www.w3.org/2002/07/owl#Class>
<http://purl.obolibrary.org/obo/DDO.owl#DDO_0002439>	<http://www.w3.org/2002/07/owl#Class>
<http://purl.obolibrary.org/obo/DDO.owl#DDO_0002440>	<http://www.w3.org/2002/07/owl#Class>
<http://purl.obolibrary.org/obo/DDO.owl#DDO_0002441>	<http://www.w3.org/2002/07/owl#Class>
<http://purl.obolibrary.org/obo/DDO.owl#DDO_0002442>	<http://www.w3.org/2002/07/owl#Class>
<http://purl.obolibrary.org/obo/DDO.owl#DDO_0002443>	<http://www.w3.org/2002/07/owl#Class>
<http://purl.obolibrary.org/obo/DDO.owl#DDO_0002444>	<http://www.w3.org/2002/07/owl#Class>
<http://purl.obolibrary.org/obo/DDO.owl#DDO_0002445>	<http://www.w3.org/2002/07/owl#Class>
<http://purl.obolibrary.org/obo/DDO.owl#DDO_0002446>	<http://www.w3.org/2002/07/owl#Class>
<http://purl.obolibrary.org/obo/DDO.owl#DDO_0002447>	<http://www.w3.org/2002/07/owl#Class>
<http://purl.obolibrary.org/obo/DDO.owl#DDO_0002448>	<http://www.w3.org/2002/07/owl#Class>
<http://purl.obolibrary.org/obo/DDO.owl#DDO_0002449>	<http://www.w3.org/2002/07/owl#Class>
<http://purl.obolibrary.org/obo/DDO.owl#DDO_0002450>	<http://www.w3.org/2002/07/owl#Class>
<http://purl.obolibrary.org/obo/DDO.owl#DDO_0002451>	<http://www.w3.org/2002/07/owl#Class>
<http://purl.obolibrary.org/obo/DDO.owl#DDO_0002452>	<http://www.w3.org/2002/07/owl#Class>
<http://purl.obolibrary.org/obo/DDO.owl#DDO_0002453>	<http://www.w3.org/2002/07/owl#Class>
<http://purl.obolibrary.org/obo/DDO.owl#DDO_0002454>	<http://www.w3.org/2002/07/owl#Class>
<http://purl.obolibrary.org/obo/DDO.owl#DDO_0002455>	<http://www.w3.org/2002/07/owl#Class>
<http://purl.obolibrary.org/obo/DDO.owl#DDO_0002457>	<http://www.w3.org/2002/07/owl#Class>
<http://purl.obolibrary.org/obo/DDO.owl#DDO_0002458>	<http://www.w3.org/2002/07/owl#Class>
<http://purl.obolibrary.org/obo/DDO.owl#DDO_0002459>	<http://www.w3.org/2002/07/owl#Class>
<http://purl.obolibrary.org/obo/DDO.owl#DDO_0002460>	<http://www.w3.org/2002/07/owl#Class>
<http://purl.obolibrary.org/obo/DDO.owl#DDO_0002461>	<http://www.w3.org/2002/07/owl#Class>
<http://purl.obolibrary.org/obo/DDO.owl#DDO_0002462>	<http://www.w3.org/2002/07/owl#Class>
<http://purl.obolibrary.org/obo/DDO.owl#DDO_0002464>	<http://www.w3.org/2002/07/owl#Class>
<http://purl.obolibrary.org/obo/DDO.owl#DDO_0002465>	<http://www.w3.org/2002/07/owl#Class>
<http://purl.obolibrary.org/obo/DDO.owl#DDO_0002466>	<http://www.w3.org/2002/07/owl#Class>
<http://purl.obolibrary.org/obo/DDO.owl#DDO_0002467>	<http://www.w3.org/2002/07/owl#Class>
<http://purl.obolibrary.org/obo/DDO.owl#DDO_0002468>	<http://www.w3.org/2002/07/owl#Class>
<http://purl.obolibrary.org/obo/DDO.owl#DDO_0002469>	<http://www.w3.org/2002/07/owl#Class>
<http://purl.obolibrary.org/obo/DDO.owl#DDO_0002470>	<http://www.w3.org/2002/07/owl#Class>
<http://purl.obolibrary.org/obo/DDO.owl#DDO_0002471>	<http://www.w3.org/2002/07/owl#Class>
<http://purl.obolibrary.org/obo/DDO.owl#DDO_0002472>	<http://www.w3.org/2002/07/owl#Class>
<http://purl.obolibrary.org/obo/DDO.owl#DDO_0002473>	<http://www.w3.org/2002/07/owl#Class>
<http://purl.obolibrary.org/obo/DDO.owl#DDO_0002474>	<http://www.w3.org/2002/07/owl#Class>
<http://purl.obolibrary.org/obo/DDO.owl#DDO_0002475>	<http://www.w3.org/2002/07/owl#Class>
<http://purl.obolibrary.org/obo/DDO.owl#DDO_0002476>	<http://www.w3.org/2002/07/owl#Class>
<http://purl.obolibrary.org/obo/DDO.owl#DDO_0002477>	<http://www.w3.org/2002/07/owl#Class>
<http://purl.obolibrary.org/obo/DDO.owl#DDO_0002478>	<http://www.w3.org/2002/07/owl#Class>
<http://purl.obolibrary.org/obo/DDO.owl#DDO_0002479>	<http://www.w3.org/2002/07/owl#Class>
<http://purl.obolibrary.org/obo/DDO.owl#DDO_0002480>	<http://www.w3.org/2002/07/owl#Class>
<http://purl.obolibrary.org/obo/DDO.owl#DDO_0002481>	<http://www.w3.org/2002/07/owl#Class>
<http://purl.obolibrary.org/obo/DDO.owl#DDO_0002482>	<http://www.w3.org/2002/07/owl#Class>
<http://purl.obolibrary.org/obo/DDO.owl#DDO_0002483>	<http://www.w3.org/2002/07/owl#Class>
<http://purl.obolibrary.org/obo/DDO.owl#DDO_0002484>	<http://www.w3.org/2002/07/owl#Class>
<http://purl.obolibrary.org/obo/DDO.owl#DDO_0002485>	<http://www.w3.org/2002/07/owl#Class>
<http://purl.obolibrary.org/obo/DDO.owl#DDO_0002486>	<http://www.w3.org/2002/07/owl#Class>
<http://purl.obolibrary.org/obo/DDO.owl#DDO_0002487>	<http://www.w3.org/2002/07/owl#Class>
<http://purl.obolibrary.org/obo/DDO.owl#DDO_0002488>	<http://www.w3.org/2002/07/owl#Class>
<http://purl.obolibrary.org/obo/DDO.owl#DDO_0002489>	<http://www.w3.org/2002/07/owl#Class>
<http://purl.obolibrary.org/obo/DDO.owl#DDO_0002490>	<http://www.w3.org/2002/07/owl#Class>
<http://purl.obolibrary.org/obo/DDO.owl#DDO_0002491>	<http://www.w3.org/2002/07/owl#Class>
<http://purl.obolibrary.org/obo/DDO.owl#DDO_0002492>	<http://www.w3.org/2002/07/owl#Class>
<http://purl.obolibrary.org/obo/DDO.owl#DDO_0002493>	<http://www.w3.org/2002/07/owl#Class>
<http://purl.obolibrary.org/obo/DDO.owl#DDO_0002494>	<http://www.w3.org/2002/07/owl#Class>
<http://purl.obolibrary.org/obo/DDO.owl#DDO_0002495>	<http://www.w3.org/2002/07/owl#Class>
<http://purl.obolibrary.org/obo/DDO.owl#DDO_0002496>	<http://www.w3.org/2002/07/owl#Class>
<http://purl.obolibrary.org/obo/DDO.owl#DDO_0002497>	<http://www.w3.org/2002/07/owl#Class>
<http://purl.obolibrary.org/obo/DDO.owl#DDO_0002498>	<http://www.w3.org/2002/07/owl#Class>
<http://purl.obolibrary.org/obo/DDO.owl#DDO_0002499>	<http://www.w3.org/2002/07/owl#Class>
<http://purl.obolibrary.org/obo/DDO.owl#DDO_0002500>	<http://www.w3.org/2002/07/owl#Class>
<http://purl.obolibrary.org/obo/DDO.owl#DDO_0002501>	<http://www.w3.org/2002/07/owl#Class>
<http://purl.obolibrary.org/obo/DDO.owl#DDO_0002502>	<http://www.w3.org/2002/07/owl#Class>
<http://purl.obolibrary.org/obo/DDO.owl#DDO_0002503>	<http://www.w3.org/2002/07/owl#Class>
<http://purl.obolibrary.org/obo/DDO.owl#DDO_0002504>	<http://www.w3.org/2002/07/owl#Class>
<http://purl.obolibrary.org/obo/DDO.owl#DDO_0002505>	<http://www.w3.org/2002/07/owl#Class>
<http://purl.obolibrary.org/obo/DDO.owl#DDO_0002506>	<http://www.w3.org/2002/07/owl#Class>
<http://purl.obolibrary.org/obo/DDO.owl#DDO_0002507>	<http://www.w3.org/2002/07/owl#Class>
<http://purl.obolibrary.org/obo/DDO.owl#DDO_0002508>	<http://www.w3.org/2002/07/owl#Class>
<http://purl.obolibrary.org/obo/DDO.owl#DDO_0002509>	<http://www.w3.org/2002/07/owl#Class>
<http://purl.obolibrary.org/obo/DDO.owl#DDO_0002510>	<http://www.w3.org/2002/07/owl#Class>
<http://purl.obolibrary.org/obo/DDO.owl#DDO_0002511>	<http://www.w3.org/2002/07/owl#Class>
<http://purl.obolibrary.org/obo/DDO.owl#DDO_0002512>	<http://www.w3.org/2002/07/owl#Class>
<http://purl.obolibrary.org/obo/DDO.owl#DDO_0002513>	<http://www.w3.org/2002/07/owl#Class>
<http://purl.obolibrary.org/obo/DDO.owl#DDO_0002514>	<http://www.w3.org/2002/07/owl#Class>
<http://purl.obolibrary.org/obo/DDO.owl#DDO_0002515>	<http://www.w3.org/2002/07/owl#Class>
<http://purl.obolibrary.org/obo/DDO.owl#DDO_0002516>	<http://www.w3.org/2002/07/owl#Class>
<http://purl.obolibrary.org/obo/DDO.owl#DDO_0002517>	<http://www.w3.org/2002/07/owl#Class>
<http://purl.obolibrary.org/obo/DDO.owl#DDO_0002518>	<http://www.w3.org/2002/07/owl#Class>
<http://purl.obolibrary.org/obo/DDO.owl#DDO_0002519>	<http://www.w3.org/2002/07/owl#Class>
<http://purl.obolibrary.org/obo/DDO.owl#DDO_0002520>	<http://www.w3.org/2002/07/owl#Class>
<http://purl.obolibrary.org/obo/DDO.owl#DDO_0002521>	<http://www.w3.org/2002/07/owl#Class>
<http://purl.obolibrary.org/obo/DDO.owl#DDO_0002522>	<http://www.w3.org/2002/07/owl#Class>
<http://purl.obolibrary.org/obo/DDO.owl#DDO_0002523>	<http://www.w3.org/2002/07/owl#Class>
<http://purl.obolibrary.org/obo/DDO.owl#DDO_0002524>	<http://www.w3.org/2002/07/owl#Class>
<http://purl.obolibrary.org/obo/DDO.owl#DDO_0002525>	<http://www.w3.org/2002/07/owl#Class>
<http://purl.obolibrary.org/obo/DDO.owl#DDO_0002526>	<http://www.w3.org/2002/07/owl#Class>
<http://purl.obolibrary.org/obo/DDO.owl#DDO_0002527>	<http://www.w3.org/2002/07/owl#Class>
<http://purl.obolibrary.org/obo/DDO.owl#DDO_0002528>	<http://www.w3.org/2002/07/owl#Class>
<http://purl.obolibrary.org/obo/DDO.owl#DDO_0002529>	<http://www.w3.org/2002/07/owl#Class>
<http://purl.obolibrary.org/obo/DDO.owl#DDO_0002530>	<http://www.w3.org/2002/07/owl#Class>
<http://purl.obolibrary.org/obo/DDO.owl#DDO_0002531>	<http://www.w3.org/2002/07/owl#Class>
<http://purl.obolibrary.org/obo/DDO.owl#DDO_0002532>	<http://www.w3.org/2002/07/owl#Class>
<http://purl.obolibrary.org/obo/DDO.owl#DDO_0002533>	<http://www.w3.org/2002/07/owl#Class>
<http://purl.obolibrary.org/obo/DDO.owl#DDO_0002534>	<http://www.w3.org/2002/07/owl#Class>
<http://purl.obolibrary.org/obo/DDO.owl#DDO_0002535>	<http://www.w3.org/2002/07/owl#Class>
<http://purl.obolibrary.org/obo/DDO.owl#DDO_0002536>	<http://www.w3.org/2002/07/owl#Class>
<http://purl.obolibrary.org/obo/DDO.owl#DDO_0002537>	<http://www.w3.org/2002/07/owl#Class>
<http://purl.obolibrary.org/obo/DDO.owl#DDO_0002538>	<http://www.w3.org/2002/07/owl#Class>
<http://purl.obolibrary.org/obo/DDO.owl#DDO_0002539>	<http://www.w3.org/2002/07/owl#Class>
<http://purl.obolibrary.org/obo/DDO.owl#DDO_0002540>	<http://www.w3.org/2002/07/owl#Class>
<http://purl.obolibrary.org/obo/DDO.owl#DDO_0002541>	<http://www.w3.org/2002/07/owl#Class>
<http://purl.obolibrary.org/obo/DDO.owl#DDO_0002542>	<http://www.w3.org/2002/07/owl#Class>
<http://purl.obolibrary.org/obo/DDO.owl#DDO_0002543>	<http://www.w3.org/2002/07/owl#Class>
<http://purl.obolibrary.org/obo/DDO.owl#DDO_0002545>	<http://www.w3.org/2002/07/owl#Class>
<http://purl.obolibrary.org/obo/DDO.owl#DDO_0002546>	<http://www.w3.org/2002/07/owl#Class>
<http://purl.obolibrary.org/obo/DDO.owl#DDO_0002547>	<http://www.w3.org/2002/07/owl#Class>
<http://purl.obolibrary.org/obo/DDO.owl#DDO_0002548>	<http://www.w3.org/2002/07/owl#Class>
<http://purl.obolibrary.org/obo/DDO.owl#DDO_0002549>	<http://www.w3.org/2002/07/owl#Class>
<http://purl.obolibrary.org/obo/DDO.owl#DDO_0002550>	<http://www.w3.org/2002/07/owl#Class>
<http://purl.obolibrary.org/obo/DDO.owl#DDO_0002551>	<http://www.w3.org/2002/07/owl#Class>
<http://purl.obolibrary.org/obo/DDO.owl#DDO_0002552>	<http://www.w3.org/2002/07/owl#Class>
<http://purl.obolibrary.org/obo/DDO.owl#DDO_0002553>	<http://www.w3.org/2002/07/owl#Class>
<http://purl.obolibrary.org/obo/DDO.owl#DDO_0002554>	<http://www.w3.org/2002/07/owl#Class>
<http://purl.obolibrary.org/obo/DDO.owl#DDO_0002555>	<http://www.w3.org/2002/07/owl#Class>
<http://purl.obolibrary.org/obo/DDO.owl#DDO_0002556>	<http://www.w3.org/2002/07/owl#Class>
<http://purl.obolibrary.org/obo/DDO.owl#DDO_0002557>	<http://www.w3.org/2002/07/owl#Class>
<http://purl.obolibrary.org/obo/DDO.owl#DDO_0002558>	<http://www.w3.org/2002/07/owl#Class>
<http://purl.obolibrary.org/obo/DDO.owl#DDO_0002559>	<http://www.w3.org/2002/07/owl#Class>
<http://purl.obolibrary.org/obo/DDO.owl#DDO_0002560>	<http://www.w3.org/2002/07/owl#Class>
<http://purl.obolibrary.org/obo/DDO.owl#DDO_0002561>	<http://www.w3.org/2002/07/owl#Class>
<http://purl.obolibrary.org/obo/DDO.owl#DDO_0002562>	<http://www.w3.org/2002/07/owl#Class>
<http://purl.obolibrary.org/obo/DDO.owl#DDO_0002563>	<http://www.w3.org/2002/07/owl#Class>
<http://purl.obolibrary.org/obo/DDO.owl#DDO_0002564>	<http://www.w3.org/2002/07/owl#Class>
<http://purl.obolibrary.org/obo/DDO.owl#DDO_0002565>	<http://www.w3.org/2002/07/owl#Class>
<http://purl.obolibrary.org/obo/DDO.owl#DDO_0002566>	<http://www.w3.org/2002/07/owl#Class>
<http://purl.obolibrary.org/obo/DDO.owl#DDO_0002567>	<http://www.w3.org/2002/07/owl#Class>
<http://purl.obolibrary.org/obo/DDO.owl#DDO_0002568>	<http://www.w3.org/2002/07/owl#Class>
<http://purl.obolibrary.org/obo/DDO.owl#DDO_0002569>	<http://www.w3.org/2002/07/owl#Class>
<http://purl.obolibrary.org/obo/DDO.owl#DDO_0002570>	<http://www.w3.org/2002/07/owl#Class>
<http://purl.obolibrary.org/obo/DDO.owl#DDO_0002571>	<http://www.w3.org/2002/07/owl#Class>
<http://purl.obolibrary.org/obo/DDO.owl#DDO_0002572>	<http://www.w3.org/2002/07/owl#Class>
<http://purl.obolibrary.org/obo/DDO.owl#DDO_0002573>	<http://www.w3.org/2002/07/owl#Class>
<http://purl.obolibrary.org/obo/DDO.owl#DDO_0002574>	<http://www.w3.org/2002/07/owl#Class>
<http://purl.obolibrary.org/obo/DDO.owl#DDO_0002575>	<http://www.w3.org/2002/07/owl#Class>
<http://purl.obolibrary.org/obo/DDO.owl#DDO_0002576>	<http://www.w3.org/2002/07/owl#Class>
<http://purl.obolibrary.org/obo/DDO.owl#DDO_0002577>	<http://www.w3.org/2002/07/owl#Class>
<http://purl.obolibrary.org/obo/DDO.owl#DDO_0002578>	<http://www.w3.org/2002/07/owl#Class>
<http://purl.obolibrary.org/obo/DDO.owl#DDO_0002579>	<http://www.w3.org/2002/07/owl#Class>
<http://purl.obolibrary.org/obo/DDO.owl#DDO_0002580>	<http://www.w3.org/2002/07/owl#Class>
<http://purl.obolibrary.org/obo/DDO.owl#DDO_0002581>	<http://www.w3.org/2002/07/owl#Class>
<http://purl.obolibrary.org/obo/DDO.owl#DDO_0002582>	<http://www.w3.org/2002/07/owl#Class>
<http://purl.obolibrary.org/obo/DDO.owl#DDO_0002583>	<http://www.w3.org/2002/07/owl#Class>
<http://purl.obolibrary.org/obo/DDO.owl#DDO_0002584>	<http://www.w3.org/2002/07/owl#Class>
<http://purl.obolibrary.org/obo/DDO.owl#DDO_0002585>	<http://www.w3.org/2002/07/owl#Class>
<http://purl.obolibrary.org/obo/DDO.owl#DDO_0002587>	<http://www.w3.org/2002/07/owl#Class>
<http://purl.obolibrary.org/obo/DDO.owl#DDO_0002588>	<http://www.w3.org/2002/07/owl#Class>
<http://purl.obolibrary.org/obo/DDO.owl#DDO_0002589>	<http://www.w3.org/2002/07/owl#Class>
<http://purl.obolibrary.org/obo/DDO.owl#DDO_0002590>	<http://www.w3.org/2002/07/owl#Class>
<http://purl.obolibrary.org/obo/DDO.owl#DDO_0002591>	<http://www.w3.org/2002/07/owl#Class>
<http://purl.obolibrary.org/obo/DDO.owl#DDO_0002592>	<http://www.w3.org/2002/07/owl#Class>
<http://purl.obolibrary.org/obo/DDO.owl#DDO_0002593>	<http://www.w3.org/2002/07/owl#Class>
<http://purl.obolibrary.org/obo/DDO.owl#DDO_0002594>	<http://www.w3.org/2002/07/owl#Class>
<http://purl.obolibrary.org/obo/DDO.owl#DDO_0002596>	<http://www.w3.org/2002/07/owl#Class>
<http://purl.obolibrary.org/obo/DDO.owl#DDO_0002597>	<http://www.w3.org/2002/07/owl#Class>
<http://purl.obolibrary.org/obo/DDO.owl#DDO_0002598>	<http://www.w3.org/2002/07/owl#Class>
<http://purl.obolibrary.org/obo/DDO.owl#DDO_0002599>	<http://www.w3.org/2002/07/owl#Class>
<http://purl.obolibrary.org/obo/DDO.owl#DDO_0002600>	<http://www.w3.org/2002/07/owl#Class>
<http://purl.obolibrary.org/obo/DDO.owl#DDO_0002601>	<http://www.w3.org/2002/07/owl#Class>
<http://purl.obolibrary.org/obo/DDO.owl#DDO_0002602>	<http://www.w3.org/2002/07/owl#Class>
<http://purl.obolibrary.org/obo/DDO.owl#DDO_0002603>	<http://www.w3.org/2002/07/owl#Class>
<http://purl.obolibrary.org/obo/DDO.owl#DDO_0002604>	<http://www.w3.org/2002/07/owl#Class>
<http://purl.obolibrary.org/obo/DDO.owl#DDO_0002605>	<http://www.w3.org/2002/07/owl#Class>
<http://purl.obolibrary.org/obo/DDO.owl#DDO_0002606>	<http://www.w3.org/2002/07/owl#Class>
<http://purl.obolibrary.org/obo/DDO.owl#DDO_0002607>	<http://www.w3.org/2002/07/owl#Class>
<http://purl.obolibrary.org/obo/DDO.owl#DDO_0002608>	<http://www.w3.org/2002/07/owl#Class>
<http://purl.obolibrary.org/obo/DDO.owl#DDO_0002609>	<http://www.w3.org/2002/07/owl#Class>
<http://purl.obolibrary.org/obo/DDO.owl#DDO_0002610>	<http://www.w3.org/2002/07/owl#Class>
<http://purl.obolibrary.org/obo/DDO.owl#DDO_0002611>	<http://www.w3.org/2002/07/owl#Class>
<http://purl.obolibrary.org/obo/DDO.owl#DDO_0002612>	<http://www.w3.org/2002/07/owl#Class>
<http://purl.obolibrary.org/obo/DDO.owl#DDO_0002613>	<http://www.w3.org/2002/07/owl#Class>
<http://purl.obolibrary.org/obo/DDO.owl#DDO_0002614>	<http://www.w3.org/2002/07/owl#Class>
<http://purl.obolibrary.org/obo/DDO.owl#DDO_0002615>	<http://www.w3.org/2002/07/owl#Class>
<http://purl.obolibrary.org/obo/DDO.owl#DDO_0002616>	<http://www.w3.org/2002/07/owl#Class>
<http://purl.obolibrary.org/obo/DDO.owl#DDO_0002617>	<http://www.w3.org/2002/07/owl#Class>
<http://purl.obolibrary.org/obo/DDO.owl#DDO_0002618>	<http://www.w3.org/2002/07/owl#Class>
<http://purl.obolibrary.org/obo/DDO.owl#DDO_0002619>	<http://www.w3.org/2002/07/owl#Class>
<http://purl.obolibrary.org/obo/DDO.owl#DDO_0002620>	<http://www.w3.org/2002/07/owl#Class>
<http://purl.obolibrary.org/obo/DDO.owl#DDO_0002621>	<http://www.w3.org/2002/07/owl#Class>
<http://purl.obolibrary.org/obo/DDO.owl#DDO_0002623>	<http://www.w3.org/2002/07/owl#Class>
<http://purl.obolibrary.org/obo/DDO.owl#DDO_0002624>	<http://www.w3.org/2002/07/owl#Class>
<http://purl.obolibrary.org/obo/DDO.owl#DDO_0002625>	<http://www.w3.org/2002/07/owl#Class>
<http://purl.obolibrary.org/obo/DDO.owl#DDO_0002626>	<http://www.w3.org/2002/07/owl#Class>
<http://purl.obolibrary.org/obo/DDO.owl#DDO_0002627>	<http://www.w3.org/2002/07/owl#Class>
<http://purl.obolibrary.org/obo/DDO.owl#DDO_0002628>	<http://www.w3.org/2002/07/owl#Class>
<http://purl.obolibrary.org/obo/DDO.owl#DDO_0002629>	<http://www.w3.org/2002/07/owl#Class>
<http://purl.obolibrary.org/obo/DDO.owl#DDO_0002630>	<http://www.w3.org/2002/07/owl#Class>
<http://purl.obolibrary.org/obo/DDO.owl#DDO_0002631>	<http://www.w3.org/2002/07/owl#Class>
<http://purl.obolibrary.org/obo/DDO.owl#DDO_0002632>	<http://www.w3.org/2002/07/owl#Class>
<http://purl.obolibrary.org/obo/DDO.owl#DDO_0002633>	<http://www.w3.org/2002/07/owl#Class>
<http://purl.obolibrary.org/obo/DDO.owl#DDO_0002634>	<http://www.w3.org/2002/07/owl#Class>
<http://purl.obolibrary.org/obo/DDO.owl#DDO_0002635>	<http://www.w3.org/2002/07/owl#Class>
<http://purl.obolibrary.org/obo/DDO.owl#DDO_0002636>	<http://www.w3.org/2002/07/owl#Class>
<http://purl.obolibrary.org/obo/DDO.owl#DDO_0002637>	<http://www.w3.org/2002/07/owl#Class>
<http://purl.obolibrary.org/obo/DDO.owl#DDO_0002638>	<http://www.w3.org/2002/07/owl#Class>
<http://purl.obolibrary.org/obo/DDO.owl#DDO_0002639>	<http://www.w3.org/2002/07/owl#Class>
<http://purl.obolibrary.org/obo/DDO.owl#DDO_0002640>	<http://www.w3.org/2002/07/owl#Class>
<http://purl.obolibrary.org/obo/DDO.owl#DDO_0002641>	<http://www.w3.org/2002/07/owl#Class>
<http://purl.obolibrary.org/obo/DDO.owl#DDO_0002642>	<http://www.w3.org/2002/07/owl#Class>
<http://purl.obolibrary.org/obo/DDO.owl#DDO_0002643>	<http://www.w3.org/2002/07/owl#Class>
<http://purl.obolibrary.org/obo/DDO.owl#DDO_0002644>	<http://www.w3.org/2002/07/owl#Class>
<http://purl.obolibrary.org/obo/DDO.owl#DDO_0002645>	<http://www.w3.org/2002/07/owl#Class>
<http://purl.obolibrary.org/obo/DDO.owl#DDO_0002646>	<http://www.w3.org/2002/07/owl#Class>
<http://purl.obolibrary.org/obo/DDO.owl#DDO_0002647>	<http://www.w3.org/2002/07/owl#Class>
<http://purl.obolibrary.org/obo/DDO.owl#DDO_0002648>	<http://www.w3.org/2002/07/owl#Class>
<http://purl.obolibrary.org/obo/DDO.owl#DDO_0002649>	<http://www.w3.org/2002/07/owl#Class>
<http://purl.obolibrary.org/obo/DDO.owl#DDO_0002650>	<http://www.w3.org/2002/07/owl#Class>
<http://purl.obolibrary.org/obo/DDO.owl#DDO_0002651>	<http://www.w3.org/2002/07/owl#Class>
<http://purl.obolibrary.org/obo/DDO.owl#DDO_0002652>	<http://www.w3.org/2002/07/owl#Class>
<http://purl.obolibrary.org/obo/DDO.owl#DDO_0002653>	<http://www.w3.org/2002/07/owl#Class>
<http://purl.obolibrary.org/obo/DDO.owl#DDO_0002654>	<http://www.w3.org/2002/07/owl#Class>
<http://purl.obolibrary.org/obo/DDO.owl#DDO_0002655>	<http://www.w3.org/2002/07/owl#Class>
<http://purl.obolibrary.org/obo/DDO.owl#DDO_0002656>	<http://www.w3.org/2002/07/owl#Class>
<http://purl.obolibrary.org/obo/DDO.owl#DDO_0002657>	<http://www.w3.org/2002/07/owl#Class>
<http://purl.obolibrary.org/obo/DDO.owl#DDO_0002658>	<http://www.w3.org/2002/07/owl#Class>
<http://purl.obolibrary.org/obo/DDO.owl#DDO_0002659>	<http://www.w3.org/2002/07/owl#Class>
<http://purl.obolibrary.org/obo/DDO.owl#DDO_0002660>	<http://www.w3.org/2002/07/owl#Class>
<http://purl.obolibrary.org/obo/DDO.owl#DDO_0002661>	<http://www.w3.org/2002/07/owl#Class>
<http://purl.obolibrary.org/obo/DDO.owl#DDO_0002662>	<http://www.w3.org/2002/07/owl#Class>
<http://purl.obolibrary.org/obo/DDO.owl#DDO_0002663>	<http://www.w3.org/2002/07/owl#Class>
<http://purl.obolibrary.org/obo/DDO.owl#DDO_0002664>	<http://www.w3.org/2002/07/owl#Class>
<http://purl.obolibrary.org/obo/DDO.owl#DDO_0002665>	<http://www.w3.org/2002/07/owl#Class>
<http://purl.obolibrary.org/obo/DDO.owl#DDO_0002666>	<http://www.w3.org/2002/07/owl#Class>
<http://purl.obolibrary.org/obo/DDO.owl#DDO_0002667>	<http://www.w3.org/2002/07/owl#Class>
<http://purl.obolibrary.org/obo/DDO.owl#DDO_0002668>	<http://www.w3.org/2002/07/owl#Class>
<http://purl.obolibrary.org/obo/DDO.owl#DDO_0002669>	<http://www.w3.org/2002/07/owl#Class>
<http://purl.obolibrary.org/obo/DDO.owl#DDO_0002670>	<http://www.w3.org/2002/07/owl#Class>
<http://purl.obolibrary.org/obo/DDO.owl#DDO_0002671>	<http://www.w3.org/2002/07/owl#Class>
<http://purl.obolibrary.org/obo/DDO.owl#DDO_0002672>	<http://www.w3.org/2002/07/owl#Class>
<http://purl.obolibrary.org/obo/DDO.owl#DDO_0002673>	<http://www.w3.org/2002/07/owl#Class>
<http://purl.obolibrary.org/obo/DDO.owl#DDO_0002674>	<http://www.w3.org/2002/07/owl#Class>
<http://purl.obolibrary.org/obo/DDO.owl#DDO_0002675>	<http://www.w3.org/2002/07/owl#Class>
<http://purl.obolibrary.org/obo/DDO.owl#DDO_0002676>	<http://www.w3.org/2002/07/owl#Class>
<http://purl.obolibrary.org/obo/DDO.owl#DDO_0002677>	<http://www.w3.org/2002/07/owl#Class>
<http://purl.obolibrary.org/obo/DDO.owl#DDO_0002678>	<http://www.w3.org/2002/07/owl#Class>
<http://purl.obolibrary.org/obo/DDO.owl#DDO_0002679>	<http://www.w3.org/2002/07/owl#Class>
<http://purl.obolibrary.org/obo/DDO.owl#DDO_0002680>	<http://www.w3.org/2002/07/owl#Class>
<http://purl.obolibrary.org/obo/DDO.owl#DDO_0002681>	<http://www.w3.org/2002/07/owl#Class>
<http://purl.obolibrary.org/obo/DDO.owl#DDO_0002682>	<http://www.w3.org/2002/07/owl#Class>
<http://purl.obolibrary.org/obo/DDO.owl#DDO_0002683>	<http://www.w3.org/2002/07/owl#Class>
<http://purl.obolibrary.org/obo/DDO.owl#DDO_0002684>	<http://www.w3.org/2002/07/owl#Class>
<http://purl.obolibrary.org/obo/DDO.owl#DDO_0002685>	<http://www.w3.org/2002/07/owl#Class>
<http://purl.obolibrary.org/obo/DDO.owl#DDO_0002686>	<http://www.w3.org/2002/07/owl#Class>
<http://purl.obolibrary.org/obo/DDO.owl#DDO_0002687>	<http://www.w3.org/2002/07/owl#Class>
<http://purl.obolibrary.org/obo/DDO.owl#DDO_0002688>	<http://www.w3.org/2002/07/owl#Class>
<http://purl.obolibrary.org/obo/DDO.owl#DDO_0002689>	<http://www.w3.org/2002/07/owl#Class>
<http://purl.obolibrary.org/obo/DDO.owl#DDO_0002690>	<http://www.w3.org/2002/07/owl#Class>
<http://purl.obolibrary.org/obo/DDO.owl#DDO_0002691>	<http://www.w3.org/2002/07/owl#Class>
<http://purl.obolibrary.org/obo/DDO.owl#DDO_0002692>	<http://www.w3.org/2002/07/owl#Class>
<http://purl.obolibrary.org/obo/DDO.owl#DDO_0002693>	<http://www.w3.org/2002/07/owl#Class>
<http://purl.obolibrary.org/obo/DDO.owl#DDO_0002694>	<http://www.w3.org/2002/07/owl#Class>
<http://purl.obolibrary.org/obo/DDO.owl#DDO_0002695>	<http://www.w3.org/2002/07/owl#Class>
<http://purl.obolibrary.org/obo/DDO.owl#DDO_0002696>	<http://www.w3.org/2002/07/owl#Class>
<http://purl.obolibrary.org/obo/DDO.owl#DDO_0002697>	<http://www.w3.org/2002/07/owl#Class>
<http://purl.obolibrary.org/obo/DDO.owl#DDO_0002698>	<http://www.w3.org/2002/07/owl#Class>
<http://purl.obolibrary.org/obo/DDO.owl#DDO_0002699>	<http://www.w3.org/2002/07/owl#Class>
<http://purl.obolibrary.org/obo/DDO.owl#DDO_0002700>	<http://www.w3.org/2002/07/owl#Class>
<http://purl.obolibrary.org/obo/DDO.owl#DDO_0002701>	<http://www.w3.org/2002/07/owl#Class>
<http://purl.obolibrary.org/obo/DDO.owl#DDO_0002702>	<http://www.w3.org/2002/07/owl#Class>
<http://purl.obolibrary.org/obo/DDO.owl#DDO_0002703>	<http://www.w3.org/2002/07/owl#Class>
<http://purl.obolibrary.org/obo/DDO.owl#DDO_0002705>	<http://www.w3.org/2002/07/owl#Class>
<http://purl.obolibrary.org/obo/DDO.owl#DDO_0002706>	<http://www.w3.org/2002/07/owl#Class>
<http://purl.obolibrary.org/obo/DDO.owl#DDO_0002707>	<http://www.w3.org/2002/07/owl#Class>
<http://purl.obolibrary.org/obo/DDO.owl#DDO_0002708>	<http://www.w3.org/2002/07/owl#Class>
<http://purl.obolibrary.org/obo/DDO.owl#DDO_0002709>	<http://www.w3.org/2002/07/owl#Class>
<http://purl.obolibrary.org/obo/DDO.owl#DDO_0002710>	<http://www.w3.org/2002/07/owl#Class>
<http://purl.obolibrary.org/obo/DDO.owl#DDO_0002711>	<http://www.w3.org/2002/07/owl#Class>
<http://purl.obolibrary.org/obo/DDO.owl#DDO_0002712>	<http://www.w3.org/2002/07/owl#Class>
<http://purl.obolibrary.org/obo/DDO.owl#DDO_0002713>	<http://www.w3.org/2002/07/owl#Class>
<http://purl.obolibrary.org/obo/DDO.owl#DDO_0002714>	<http://www.w3.org/2002/07/owl#Class>
<http://purl.obolibrary.org/obo/DDO.owl#DDO_0002715>	<http://www.w3.org/2002/07/owl#Class>
<http://purl.obolibrary.org/obo/DDO.owl#DDO_0002716>	<http://www.w3.org/2002/07/owl#Class>
<http://purl.obolibrary.org/obo/DDO.owl#DDO_0002717>	<http://www.w3.org/2002/07/owl#Class>
<http://purl.obolibrary.org/obo/DDO.owl#DDO_0002718>	<http://www.w3.org/2002/07/owl#Class>
<http://purl.obolibrary.org/obo/DDO.owl#DDO_0002719>	<http://www.w3.org/2002/07/owl#Class>
<http://purl.obolibrary.org/obo/DDO.owl#DDO_0002720>	<http://www.w3.org/2002/07/owl#Class>
<http://purl.obolibrary.org/obo/DDO.owl#DDO_0002721>	<http://www.w3.org/2002/07/owl#Class>
<http://purl.obolibrary.org/obo/DDO.owl#DDO_0002722>	<http://www.w3.org/2002/07/owl#Class>
<http://purl.obolibrary.org/obo/DDO.owl#DDO_0002723>	<http://www.w3.org/2002/07/owl#Class>
<http://purl.obolibrary.org/obo/DDO.owl#DDO_0002724>	<http://www.w3.org/2002/07/owl#Class>
<http://purl.obolibrary.org/obo/DDO.owl#DDO_0002725>	<http://www.w3.org/2002/07/owl#Class>
<http://purl.obolibrary.org/obo/DDO.owl#DDO_0002726>	<http://www.w3.org/2002/07/owl#Class>
<http://purl.obolibrary.org/obo/DDO.owl#DDO_0002727>	<http://www.w3.org/2002/07/owl#Class>
<http://purl.obolibrary.org/obo/DDO.owl#DDO_0002728>	<http://www.w3.org/2002/07/owl#Class>
<http://purl.obolibrary.org/obo/DDO.owl#DDO_0002729>	<http://www.w3.org/2002/07/owl#Class>
<http://purl.obolibrary.org/obo/DDO.owl#DDO_0002730>	<http://www.w3.org/2002/07/owl#Class>
<http://purl.obolibrary.org/obo/DDO.owl#DDO_0002731>	<http://www.w3.org/2002/07/owl#Class>
<http://purl.obolibrary.org/obo/DDO.owl#DDO_0002732>	<http://www.w3.org/2002/07/owl#Class>
<http://purl.obolibrary.org/obo/DDO.owl#DDO_0002733>	<http://www.w3.org/2002/07/owl#Class>
<http://purl.obolibrary.org/obo/DDO.owl#DDO_0002734>	<http://www.w3.org/2002/07/owl#Class>
<http://purl.obolibrary.org/obo/DDO.owl#DDO_0002735>	<http://www.w3.org/2002/07/owl#Class>
<http://purl.obolibrary.org/obo/DDO.owl#DDO_0002736>	<http://www.w3.org/2002/07/owl#Class>
<http://purl.obolibrary.org/obo/DDO.owl#DDO_0002737>	<http://www.w3.org/2002/07/owl#Class>
<http://purl.obolibrary.org/obo/DDO.owl#DDO_0002739>	<http://www.w3.org/2002/07/owl#Class>
<http://purl.obolibrary.org/obo/DDO.owl#DDO_0002740>	<http://www.w3.org/2002/07/owl#Class>
<http://purl.obolibrary.org/obo/DDO.owl#DDO_0002741>	<http://www.w3.org/2002/07/owl#Class>
<http://purl.obolibrary.org/obo/DDO.owl#DDO_0002742>	<http://www.w3.org/2002/07/owl#Class>
<http://purl.obolibrary.org/obo/DDO.owl#DDO_0002743>	<http://www.w3.org/2002/07/owl#Class>
<http://purl.obolibrary.org/obo/DDO.owl#DDO_0002744>	<http://www.w3.org/2002/07/owl#Class>
<http://purl.obolibrary.org/obo/DDO.owl#DDO_0002745>	<http://www.w3.org/2002/07/owl#Class>
<http://purl.obolibrary.org/obo/DDO.owl#DDO_0002746>	<http://www.w3.org/2002/07/owl#Class>
<http://purl.obolibrary.org/obo/DDO.owl#DDO_0002747>	<http://www.w3.org/2002/07/owl#Class>
<http://purl.obolibrary.org/obo/DDO.owl#DDO_0002748>	<http://www.w3.org/2002/07/owl#Class>
<http://purl.obolibrary.org/obo/DDO.owl#DDO_0002749>	<http://www.w3.org/2002/07/owl#Class>
<http://purl.obolibrary.org/obo/DDO.owl#DDO_0002750>	<http://www.w3.org/2002/07/owl#Class>
<http://purl.obolibrary.org/obo/DDO.owl#DDO_0002751>	<http://www.w3.org/2002/07/owl#Class>
<http://purl.obolibrary.org/obo/DDO.owl#DDO_0002752>	<http://www.w3.org/2002/07/owl#Class>
<http://purl.obolibrary.org/obo/DDO.owl#DDO_0002753>	<http://www.w3.org/2002/07/owl#Class>
<http://purl.obolibrary.org/obo/DDO.owl#DDO_0002754>	<http://www.w3.org/2002/07/owl#Class>
<http://purl.obolibrary.org/obo/DDO.owl#DDO_0002755>	<http://www.w3.org/2002/07/owl#Class>
<http://purl.obolibrary.org/obo/DDO.owl#DDO_0002756>	<http://www.w3.org/2002/07/owl#Class>
<http://purl.obolibrary.org/obo/DDO.owl#DDO_0002757>	<http://www.w3.org/2002/07/owl#Class>
<http://purl.obolibrary.org/obo/DDO.owl#DDO_0002758>	<http://www.w3.org/2002/07/owl#Class>
<http://purl.obolibrary.org/obo/DDO.owl#DDO_0002759>	<http://www.w3.org/2002/07/owl#Class>
<http://purl.obolibrary.org/obo/DDO.owl#DDO_0002760>	<http://www.w3.org/2002/07/owl#Class>
<http://purl.obolibrary.org/obo/DDO.owl#DDO_0002761>	<http://www.w3.org/2002/07/owl#Class>
<http://purl.obolibrary.org/obo/DDO.owl#DDO_0002762>	<http://www.w3.org/2002/07/owl#Class>
<http://purl.obolibrary.org/obo/DDO.owl#DDO_0002763>	<http://www.w3.org/2002/07/owl#Class>
<http://purl.obolibrary.org/obo/DDO.owl#DDO_0002764>	<http://www.w3.org/2002/07/owl#Class>
<http://purl.obolibrary.org/obo/DDO.owl#DDO_0002765>	<http://www.w3.org/2002/07/owl#Class>
<http://purl.obolibrary.org/obo/DDO.owl#DDO_0002766>	<http://www.w3.org/2002/07/owl#Class>
<http://purl.obolibrary.org/obo/DDO.owl#DDO_0002767>	<http://www.w3.org/2002/07/owl#Class>
<http://purl.obolibrary.org/obo/DDO.owl#DDO_0002768>	<http://www.w3.org/2002/07/owl#Class>
<http://purl.obolibrary.org/obo/DDO.owl#DDO_0002769>	<http://www.w3.org/2002/07/owl#Class>
<http://purl.obolibrary.org/obo/DDO.owl#DDO_0002770>	<http://www.w3.org/2002/07/owl#Class>
<http://purl.obolibrary.org/obo/DDO.owl#DDO_0002771>	<http://www.w3.org/2002/07/owl#Class>
<http://purl.obolibrary.org/obo/DDO.owl#DDO_0002772>	<http://www.w3.org/2002/07/owl#Class>
<http://purl.obolibrary.org/obo/DDO.owl#DDO_0002773>	<http://www.w3.org/2002/07/owl#Class>
<http://purl.obolibrary.org/obo/DDO.owl#DDO_0002774>	<http://www.w3.org/2002/07/owl#Class>
<http://purl.obolibrary.org/obo/DDO.owl#DDO_0002777>	<http://www.w3.org/2002/07/owl#Class>
<http://purl.obolibrary.org/obo/DDO.owl#DDO_0002778>	<http://www.w3.org/2002/07/owl#Class>
<http://purl.obolibrary.org/obo/DDO.owl#DDO_0002779>	<http://www.w3.org/2002/07/owl#Class>
<http://purl.obolibrary.org/obo/DDO.owl#DDO_0002780>	<http://www.w3.org/2002/07/owl#Class>
<http://purl.obolibrary.org/obo/DDO.owl#DDO_0002781>	<http://www.w3.org/2002/07/owl#Class>
<http://purl.obolibrary.org/obo/DDO.owl#DDO_0002782>	<http://www.w3.org/2002/07/owl#Class>
<http://purl.obolibrary.org/obo/DDO.owl#DDO_0002783>	<http://www.w3.org/2002/07/owl#Class>
<http://purl.obolibrary.org/obo/DDO.owl#DDO_0002784>	<http://www.w3.org/2002/07/owl#Class>
<http://purl.obolibrary.org/obo/DDO.owl#DDO_0002785>	<http://www.w3.org/2002/07/owl#Class>
<http://purl.obolibrary.org/obo/DDO.owl#DDO_0002786>	<http://www.w3.org/2002/07/owl#Class>
<http://purl.obolibrary.org/obo/DDO.owl#DDO_0002787>	<http://www.w3.org/2002/07/owl#Class>
<http://purl.obolibrary.org/obo/DDO.owl#DDO_0002788>	<http://www.w3.org/2002/07/owl#Class>
<http://purl.obolibrary.org/obo/DDO.owl#DDO_0002789>	<http://www.w3.org/2002/07/owl#Class>
<http://purl.obolibrary.org/obo/DDO.owl#DDO_0002790>	<http://www.w3.org/2002/07/owl#Class>
<http://purl.obolibrary.org/obo/DDO.owl#DDO_0002791>	<http://www.w3.org/2002/07/owl#Class>
<http://purl.obolibrary.org/obo/DDO.owl#DDO_0002792>	<http://www.w3.org/2002/07/owl#Class>
<http://purl.obolibrary.org/obo/DDO.owl#DDO_0002793>	<http://www.w3.org/2002/07/owl#Class>
<http://purl.obolibrary.org/obo/DDO.owl#DDO_0002794>	<http://www.w3.org/2002/07/owl#Class>
<http://purl.obolibrary.org/obo/DDO.owl#DDO_0002795>	<http://www.w3.org/2002/07/owl#Class>
<http://purl.obolibrary.org/obo/DDO.owl#DDO_0002796>	<http://www.w3.org/2002/07/owl#Class>
<http://purl.obolibrary.org/obo/DDO.owl#DDO_0002797>	<http://www.w3.org/2002/07/owl#Class>
<http://purl.obolibrary.org/obo/DDO.owl#DDO_0002798>	<http://www.w3.org/2002/07/owl#Class>
<http://purl.obolibrary.org/obo/DDO.owl#DDO_0002799>	<http://www.w3.org/2002/07/owl#Class>
<http://purl.obolibrary.org/obo/DDO.owl#DDO_0002800>	<http://www.w3.org/2002/07/owl#Class>
<http://purl.obolibrary.org/obo/DDO.owl#DDO_0002801>	<http://www.w3.org/2002/07/owl#Class>
<http://purl.obolibrary.org/obo/DDO.owl#DDO_0002802>	<http://www.w3.org/2002/07/owl#Class>
<http://purl.obolibrary.org/obo/DDO.owl#DDO_0002803>	<http://www.w3.org/2002/07/owl#Class>
<http://purl.obolibrary.org/obo/DDO.owl#DDO_0002804>	<http://www.w3.org/2002/07/owl#Class>
<http://purl.obolibrary.org/obo/DDO.owl#DDO_0002805>	<http://www.w3.org/2002/07/owl#Class>
<http://purl.obolibrary.org/obo/DDO.owl#DDO_0002806>	<http://www.w3.org/2002/07/owl#Class>
<http://purl.obolibrary.org/obo/DDO.owl#DDO_0002807>	<http://www.w3.org/2002/07/owl#Class>
<http://purl.obolibrary.org/obo/DDO.owl#DDO_0002808>	<http://www.w3.org/2002/07/owl#Class>
<http://purl.obolibrary.org/obo/DDO.owl#DDO_0002809>	<http://www.w3.org/2002/07/owl#Class>
<http://purl.obolibrary.org/obo/DDO.owl#DDO_0002810>	<http://www.w3.org/2002/07/owl#Class>
<http://purl.obolibrary.org/obo/DDO.owl#DDO_0002811>	<http://www.w3.org/2002/07/owl#Class>
<http://purl.obolibrary.org/obo/DDO.owl#DDO_0002812>	<http://www.w3.org/2002/07/owl#Class>
<http://purl.obolibrary.org/obo/DDO.owl#DDO_0002813>	<http://www.w3.org/2002/07/owl#Class>
<http://purl.obolibrary.org/obo/DDO.owl#DDO_0002814>	<http://www.w3.org/2002/07/owl#Class>
<http://purl.obolibrary.org/obo/DDO.owl#DDO_0002815>	<http://www.w3.org/2002/07/owl#Class>
<http://purl.obolibrary.org/obo/DDO.owl#DDO_0002816>	<http://www.w3.org/2002/07/owl#Class>
<http://purl.obolibrary.org/obo/DDO.owl#DDO_0002817>	<http://www.w3.org/2002/07/owl#Class>
<http://purl.obolibrary.org/obo/DDO.owl#DDO_0002818>	<http://www.w3.org/2002/07/owl#Class>
<http://purl.obolibrary.org/obo/DDO.owl#DDO_0002819>	<http://www.w3.org/2002/07/owl#Class>
<http://purl.obolibrary.org/obo/DDO.owl#DDO_0002820>	<http://www.w3.org/2002/07/owl#Class>
<http://purl.obolibrary.org/obo/DDO.owl#DDO_0002821>	<http://www.w3.org/2002/07/owl#Class>
<http://purl.obolibrary.org/obo/DDO.owl#DDO_0002822>	<http://www.w3.org/2002/07/owl#Class>
<http://purl.obolibrary.org/obo/DDO.owl#DDO_0002823>	<http://www.w3.org/2002/07/owl#Class>
<http://purl.obolibrary.org/obo/DDO.owl#DDO_0002824>	<http://www.w3.org/2002/07/owl#Class>
<http://purl.obolibrary.org/obo/DDO.owl#DDO_0002825>	<http://www.w3.org/2002/07/owl#Class>
<http://purl.obolibrary.org/obo/DDO.owl#DDO_0002826>	<http://www.w3.org/2002/07/owl#Class>
<http://purl.obolibrary.org/obo/DDO.owl#DDO_0002827>	<http://www.w3.org/2002/07/owl#Class>
<http://purl.obolibrary.org/obo/DDO.owl#DDO_0002828>	<http://www.w3.org/2002/07/owl#Class>
<http://purl.obolibrary.org/obo/DDO.owl#DDO_0002829>	<http://www.w3.org/2002/07/owl#Class>
<http://purl.obolibrary.org/obo/DDO.owl#DDO_0002830>	<http://www.w3.org/2002/07/owl#Class>
<http://purl.obolibrary.org/obo/DDO.owl#DDO_0002831>	<http://www.w3.org/2002/07/owl#Class>
<http://purl.obolibrary.org/obo/DDO.owl#DDO_0002832>	<http://www.w3.org/2002/07/owl#Class>
<http://purl.obolibrary.org/obo/DDO.owl#DDO_0002833>	<http://www.w3.org/2002/07/owl#Class>
<http://purl.obolibrary.org/obo/DDO.owl#DDO_0002834>	<http://www.w3.org/2002/07/owl#Class>
<http://purl.obolibrary.org/obo/DDO.owl#DDO_0002835>	<http://www.w3.org/2002/07/owl#Class>
<http://purl.obolibrary.org/obo/DDO.owl#DDO_0002839>	<http://www.w3.org/2002/07/owl#Class>
<http://purl.obolibrary.org/obo/DDO.owl#DDO_0002840>	<http://www.w3.org/2002/07/owl#Class>
<http://purl.obolibrary.org/obo/DDO.owl#DDO_0002841>	<http://www.w3.org/2002/07/owl#Class>
<http://purl.obolibrary.org/obo/DDO.owl#DDO_0002842>	<http://www.w3.org/2002/07/owl#Class>
<http://purl.obolibrary.org/obo/DDO.owl#DDO_0002843>	<http://www.w3.org/2002/07/owl#Class>
<http://purl.obolibrary.org/obo/DDO.owl#DDO_0002844>	<http://www.w3.org/2002/07/owl#Class>
<http://purl.obolibrary.org/obo/DDO.owl#DDO_0002845>	<http://www.w3.org/2002/07/owl#Class>
<http://purl.obolibrary.org/obo/DDO.owl#DDO_0002846>	<http://www.w3.org/2002/07/owl#Class>
<http://purl.obolibrary.org/obo/DDO.owl#DDO_0002847>	<http://www.w3.org/2002/07/owl#Class>
<http://purl.obolibrary.org/obo/DDO.owl#DDO_0002848>	<http://www.w3.org/2002/07/owl#Class>
<http://purl.obolibrary.org/obo/DDO.owl#DDO_0002849>	<http://www.w3.org/2002/07/owl#Class>
<http://purl.obolibrary.org/obo/DDO.owl#DDO_0002850>	<http://www.w3.org/2002/07/owl#Class>
<http://purl.obolibrary.org/obo/DDO.owl#DDO_0002851>	<http://www.w3.org/2002/07/owl#Class>
<http://purl.obolibrary.org/obo/DDO.owl#DDO_0002852>	<http://www.w3.org/2002/07/owl#Class>
<http://purl.obolibrary.org/obo/DDO.owl#DDO_0002853>	<http://www.w3.org/2002/07/owl#Class>
<http://purl.obolibrary.org/obo/DDO.owl#DDO_0002854>	<http://www.w3.org/2002/07/owl#Class>
<http://purl.obolibrary.org/obo/DDO.owl#DDO_0002855>	<http://www.w3.org/2002/07/owl#Class>
<http://purl.obolibrary.org/obo/DDO.owl#DDO_0002856>	<http://www.w3.org/2002/07/owl#Class>
<http://purl.obolibrary.org/obo/DDO.owl#DDO_0002857>	<http://www.w3.org/2002/07/owl#Class>
<http://purl.obolibrary.org/obo/DDO.owl#DDO_0002858>	<http://www.w3.org/2002/07/owl#Class>
<http://purl.obolibrary.org/obo/DDO.owl#DDO_0002859>	<http://www.w3.org/2002/07/owl#Class>
<http://purl.obolibrary.org/obo/DDO.owl#DDO_0002860>	<http://www.w3.org/2002/07/owl#Class>
<http://purl.obolibrary.org/obo/DDO.owl#DDO_0002861>	<http://www.w3.org/2002/07/owl#Class>
<http://purl.obolibrary.org/obo/DDO.owl#DDO_0002862>	<http://www.w3.org/2002/07/owl#Class>
<http://purl.obolibrary.org/obo/DDO.owl#DDO_0002863>	<http://www.w3.org/2002/07/owl#Class>
<http://purl.obolibrary.org/obo/DDO.owl#DDO_0002864>	<http://www.w3.org/2002/07/owl#Class>
<http://purl.obolibrary.org/obo/DDO.owl#DDO_0002865>	<http://www.w3.org/2002/07/owl#Class>
<http://purl.obolibrary.org/obo/DDO.owl#DDO_0002866>	<http://www.w3.org/2002/07/owl#Class>
<http://purl.obolibrary.org/obo/DDO.owl#DDO_0002867>	<http://www.w3.org/2002/07/owl#Class>
<http://purl.obolibrary.org/obo/DDO.owl#DDO_0002868>	<http://www.w3.org/2002/07/owl#Class>
<http://purl.obolibrary.org/obo/DDO.owl#DDO_0002869>	<http://www.w3.org/2002/07/owl#Class>
<http://purl.obolibrary.org/obo/DDO.owl#DDO_0002870>	<http://www.w3.org/2002/07/owl#Class>
<http://purl.obolibrary.org/obo/DDO.owl#DDO_0002871>	<http://www.w3.org/2002/07/owl#Class>
<http://purl.obolibrary.org/obo/DDO.owl#DDO_0002872>	<http://www.w3.org/2002/07/owl#Class>
<http://purl.obolibrary.org/obo/DDO.owl#DDO_0002874>	<http://www.w3.org/2002/07/owl#Class>
<http://purl.obolibrary.org/obo/DDO.owl#DDO_0002875>	<http://www.w3.org/2002/07/owl#Class>
<http://purl.obolibrary.org/obo/DDO.owl#DDO_0002876>	<http://www.w3.org/2002/07/owl#Class>
<http://purl.obolibrary.org/obo/DDO.owl#DDO_0002877>	<http://www.w3.org/2002/07/owl#Class>
<http://purl.obolibrary.org/obo/DDO.owl#DDO_0002878>	<http://www.w3.org/2002/07/owl#Class>
<http://purl.obolibrary.org/obo/DDO.owl#DDO_0002879>	<http://www.w3.org/2002/07/owl#Class>
<http://purl.obolibrary.org/obo/DDO.owl#DDO_0002880>	<http://www.w3.org/2002/07/owl#Class>
<http://purl.obolibrary.org/obo/DDO.owl#DDO_0002881>	<http://www.w3.org/2002/07/owl#Class>
<http://purl.obolibrary.org/obo/DDO.owl#DDO_0002882>	<http://www.w3.org/2002/07/owl#Class>
<http://purl.obolibrary.org/obo/DDO.owl#DDO_0002883>	<http://www.w3.org/2002/07/owl#Class>
<http://purl.obolibrary.org/obo/DDO.owl#DDO_0002884>	<http://www.w3.org/2002/07/owl#Class>
<http://purl.obolibrary.org/obo/DDO.owl#DDO_0002885>	<http://www.w3.org/2002/07/owl#Class>
<http://purl.obolibrary.org/obo/DDO.owl#DDO_0002886>	<http://www.w3.org/2002/07/owl#Class>
<http://purl.obolibrary.org/obo/DDO.owl#DDO_0002887>	<http://www.w3.org/2002/07/owl#Class>
<http://purl.obolibrary.org/obo/DDO.owl#DDO_0002888>	<http://www.w3.org/2002/07/owl#Class>
<http://purl.obolibrary.org/obo/DDO.owl#DDO_0002889>	<http://www.w3.org/2002/07/owl#Class>
<http://purl.obolibrary.org/obo/DDO.owl#DDO_0002890>	<http://www.w3.org/2002/07/owl#Class>
<http://purl.obolibrary.org/obo/DDO.owl#DDO_0002891>	<http://www.w3.org/2002/07/owl#Class>
<http://purl.obolibrary.org/obo/DDO.owl#DDO_0002892>	<http://www.w3.org/2002/07/owl#Class>
<http://purl.obolibrary.org/obo/DDO.owl#DDO_0002893>	<http://www.w3.org/2002/07/owl#Class>
<http://purl.obolibrary.org/obo/DDO.owl#DDO_0002894>	<http://www.w3.org/2002/07/owl#Class>
<http://purl.obolibrary.org/obo/DDO.owl#DDO_0002895>	<http://www.w3.org/2002/07/owl#Class>
<http://purl.obolibrary.org/obo/DDO.owl#DDO_0002896>	<http://www.w3.org/2002/07/owl#Class>
<http://purl.obolibrary.org/obo/DDO.owl#DDO_0002897>	<http://www.w3.org/2002/07/owl#Class>
<http://purl.obolibrary.org/obo/DDO.owl#DDO_0002898>	<http://www.w3.org/2002/07/owl#Class>
<http://purl.obolibrary.org/obo/DDO.owl#DDO_0002899>	<http://www.w3.org/2002/07/owl#Class>
<http://purl.obolibrary.org/obo/DDO.owl#DDO_0002900>	<http://www.w3.org/2002/07/owl#Class>
<http://purl.obolibrary.org/obo/DDO.owl#DDO_0002901>	<http://www.w3.org/2002/07/owl#Class>
<http://purl.obolibrary.org/obo/DDO.owl#DDO_0002902>	<http://www.w3.org/2002/07/owl#Class>
<http://purl.obolibrary.org/obo/DDO.owl#DDO_0002903>	<http://www.w3.org/2002/07/owl#Class>
<http://purl.obolibrary.org/obo/DDO.owl#DDO_0002904>	<http://www.w3.org/2002/07/owl#Class>
<http://purl.obolibrary.org/obo/DDO.owl#DDO_0002905>	<http://www.w3.org/2002/07/owl#Class>
<http://purl.obolibrary.org/obo/DDO.owl#DDO_0002906>	<http://www.w3.org/2002/07/owl#Class>
<http://purl.obolibrary.org/obo/DDO.owl#DDO_0002907>	<http://www.w3.org/2002/07/owl#Class>
<http://purl.obolibrary.org/obo/DDO.owl#DDO_0002908>	<http://www.w3.org/2002/07/owl#Class>
<http://purl.obolibrary.org/obo/DDO.owl#DDO_0002909>	<http://www.w3.org/2002/07/owl#Class>
<http://purl.obolibrary.org/obo/DDO.owl#DDO_0002910>	<http://www.w3.org/2002/07/owl#Class>
<http://purl.obolibrary.org/obo/DDO.owl#DDO_0002911>	<http://www.w3.org/2002/07/owl#Class>
<http://purl.obolibrary.org/obo/DDO.owl#DDO_0002912>	<http://www.w3.org/2002/07/owl#Class>
<http://purl.obolibrary.org/obo/DDO.owl#DDO_0002913>	<http://www.w3.org/2002/07/owl#Class>
<http://purl.obolibrary.org/obo/DDO.owl#DDO_0002914>	<http://www.w3.org/2002/07/owl#Class>
<http://purl.obolibrary.org/obo/DDO.owl#DDO_0002922>	<http://www.w3.org/2002/07/owl#Class>
<http://purl.obolibrary.org/obo/DDO.owl#DDO_0002923>	<http://www.w3.org/2002/07/owl#Class>
<http://purl.obolibrary.org/obo/DDO.owl#DDO_0002924>	<http://www.w3.org/2002/07/owl#Class>
<http://purl.obolibrary.org/obo/DDO.owl#DDO_0002925>	<http://www.w3.org/2002/07/owl#Class>
<http://purl.obolibrary.org/obo/DDO.owl#DDO_0002926>	<http://www.w3.org/2002/07/owl#Class>
<http://purl.obolibrary.org/obo/DDO.owl#DDO_0002927>	<http://www.w3.org/2002/07/owl#Class>
<http://purl.obolibrary.org/obo/DDO.owl#DDO_0002928>	<http://www.w3.org/2002/07/owl#Class>
<http://purl.obolibrary.org/obo/DDO.owl#DDO_0002929>	<http://www.w3.org/2002/07/owl#Class>
<http://purl.obolibrary.org/obo/DDO.owl#DDO_0002930>	<http://www.w3.org/2002/07/owl#Class>
<http://purl.obolibrary.org/obo/DDO.owl#DDO_0002931>	<http://www.w3.org/2002/07/owl#Class>
<http://purl.obolibrary.org/obo/DDO.owl#DDO_0002932>	<http://www.w3.org/2002/07/owl#Class>
<http://purl.obolibrary.org/obo/DDO.owl#DDO_0002933>	<http://www.w3.org/2002/07/owl#Class>
<http://purl.obolibrary.org/obo/DDO.owl#DDO_0002934>	<http://www.w3.org/2002/07/owl#Class>
<http://purl.obolibrary.org/obo/DDO.owl#DDO_0002935>	<http://www.w3.org/2002/07/owl#Class>
<http://purl.obolibrary.org/obo/DDO.owl#DDO_0002936>	<http://www.w3.org/2002/07/owl#Class>
<http://purl.obolibrary.org/obo/DDO.owl#DDO_0002937>	<http://www.w3.org/2002/07/owl#Class>
<http://purl.obolibrary.org/obo/DDO.owl#DDO_0002938>	<http://www.w3.org/2002/07/owl#Class>
<http://purl.obolibrary.org/obo/DDO.owl#DDO_0002939>	<http://www.w3.org/2002/07/owl#Class>
<http://purl.obolibrary.org/obo/DDO.owl#DDO_0002940>	<http://www.w3.org/2002/07/owl#Class>
<http://purl.obolibrary.org/obo/DDO.owl#DDO_0002941>	<http://www.w3.org/2002/07/owl#Class>
<http://purl.obolibrary.org/obo/DDO.owl#DDO_0002942>	<http://www.w3.org/2002/07/owl#Class>
<http://purl.obolibrary.org/obo/DDO.owl#DDO_0002943>	<http://www.w3.org/2002/07/owl#Class>
<http://purl.obolibrary.org/obo/DDO.owl#DDO_0002944>	<http://www.w3.org/2002/07/owl#Class>
<http://purl.obolibrary.org/obo/DDO.owl#DDO_0002945>	<http://www.w3.org/2002/07/owl#Class>
<http://purl.obolibrary.org/obo/DDO.owl#DDO_0002946>	<http://www.w3.org/2002/07/owl#Class>
<http://purl.obolibrary.org/obo/DDO.owl#DDO_0002947>	<http://www.w3.org/2002/07/owl#Class>
<http://purl.obolibrary.org/obo/DDO.owl#DDO_0002948>	<http://www.w3.org/2002/07/owl#Class>
<http://purl.obolibrary.org/obo/DDO.owl#DDO_0002949>	<http://www.w3.org/2002/07/owl#Class>
<http://purl.obolibrary.org/obo/DDO.owl#DDO_0002950>	<http://www.w3.org/2002/07/owl#Class>
<http://purl.obolibrary.org/obo/DDO.owl#DDO_0002951>	<http://www.w3.org/2002/07/owl#Class>
<http://purl.obolibrary.org/obo/DDO.owl#DDO_0002952>	<http://www.w3.org/2002/07/owl#Class>
<http://purl.obolibrary.org/obo/DDO.owl#DDO_0002953>	<http://www.w3.org/2002/07/owl#Class>
<http://purl.obolibrary.org/obo/DDO.owl#DDO_0002954>	<http://www.w3.org/2002/07/owl#Class>
<http://purl.obolibrary.org/obo/DDO.owl#DDO_0002955>	<http://www.w3.org/2002/07/owl#Class>
<http://purl.obolibrary.org/obo/DDO.owl#DDO_0002956>	<http://www.w3.org/2002/07/owl#Class>
<http://purl.obolibrary.org/obo/DDO.owl#DDO_0002957>	<http://www.w3.org/2002/07/owl#Class>
<http://purl.obolibrary.org/obo/DDO.owl#DDO_0002958>	<http://www.w3.org/2002/07/owl#Class>
<http://purl.obolibrary.org/obo/DDO.owl#DDO_0002959>	<http://www.w3.org/2002/07/owl#Class>
<http://purl.obolibrary.org/obo/DDO.owl#DDO_0002960>	<http://www.w3.org/2002/07/owl#Class>
<http://purl.obolibrary.org/obo/DDO.owl#DDO_0002969>	<http://www.w3.org/2002/07/owl#Class>
<http://purl.obolibrary.org/obo/DDO.owl#DDO_0002972>	<http://www.w3.org/2002/07/owl#Class>
<http://purl.obolibrary.org/obo/DDO.owl#DDO_0002973>	<http://www.w3.org/2002/07/owl#Class>
<http://purl.obolibrary.org/obo/DDO.owl#DDO_0002974>	<http://www.w3.org/2002/07/owl#Class>
<http://purl.obolibrary.org/obo/DDO.owl#DDO_0002975>	<http://www.w3.org/2002/07/owl#Class>
<http://purl.obolibrary.org/obo/DDO.owl#DDO_0002976>	<http://www.w3.org/2002/07/owl#Class>
<http://purl.obolibrary.org/obo/DDO.owl#DDO_0002977>	<http://www.w3.org/2002/07/owl#Class>
<http://purl.obolibrary.org/obo/DDO.owl#DDO_0002978>	<http://www.w3.org/2002/07/owl#Class>
<http://purl.obolibrary.org/obo/DDO.owl#DDO_0002979>	<http://www.w3.org/2002/07/owl#Class>
<http://purl.obolibrary.org/obo/DDO.owl#DDO_0002980>	<http://www.w3.org/2002/07/owl#Class>
<http://purl.obolibrary.org/obo/DDO.owl#DDO_0002981>	<http://www.w3.org/2002/07/owl#Class>
<http://purl.obolibrary.org/obo/DDO.owl#DDO_0002982>	<http://www.w3.org/2002/07/owl#Class>
<http://purl.obolibrary.org/obo/DDO.owl#DDO_0002983>	<http://www.w3.org/2002/07/owl#Class>
<http://purl.obolibrary.org/obo/DDO.owl#DDO_0002984>	<http://www.w3.org/2002/07/owl#Class>
<http://purl.obolibrary.org/obo/DDO.owl#DDO_0002985>	<http://www.w3.org/2002/07/owl#Class>
<http://purl.obolibrary.org/obo/DDO.owl#DDO_0002986>	<http://www.w3.org/2002/07/owl#Class>
<http://purl.obolibrary.org/obo/DDO.owl#DDO_0002987>	<http://www.w3.org/2002/07/owl#Class>
<http://purl.obolibrary.org/obo/DDO.owl#DDO_0002988>	<http://www.w3.org/2002/07/owl#Class>
<http://purl.obolibrary.org/obo/DDO.owl#DDO_0002989>	<http://www.w3.org/2002/07/owl#Class>
<http://purl.obolibrary.org/obo/DDO.owl#DDO_0002990>	<http://www.w3.org/2002/07/owl#Class>
<http://purl.obolibrary.org/obo/DDO.owl#DDO_0002991>	<http://www.w3.org/2002/07/owl#Class>
<http://purl.obolibrary.org/obo/DDO.owl#DDO_0002992>	<http://www.w3.org/2002/07/owl#Class>
<http://purl.obolibrary.org/obo/DDO.owl#DDO_0002993>	<http://www.w3.org/2002/07/owl#Class>
<http://purl.obolibrary.org/obo/DDO.owl#DDO_0002994>	<http://www.w3.org/2002/07/owl#Class>
<http://purl.obolibrary.org/obo/DDO.owl#DDO_0002995>	<http://www.w3.org/2002/07/owl#Class>
<http://purl.obolibrary.org/obo/DDO.owl#DDO_0002996>	<http://www.w3.org/2002/07/owl#Class>
<http://purl.obolibrary.org/obo/DDO.owl#DDO_0002997>	<http://www.w3.org/2002/07/owl#Class>
<http://purl.obolibrary.org/obo/DDO.owl#DDO_0002998>	<http://www.w3.org/2002/07/owl#Class>
<http://purl.obolibrary.org/obo/DDO.owl#DDO_0002999>	<http://www.w3.org/2002/07/owl#Class>
<http://purl.obolibrary.org/obo/DDO.owl#DDO_0003000>	<http://www.w3.org/2002/07/owl#Class>
<http://purl.obolibrary.org/obo/DDO.owl#DDO_0003001>	<http://www.w3.org/2002/07/owl#Class>
<http://purl.obolibrary.org/obo/DDO.owl#DDO_0003002>	<http://www.w3.org/2002/07/owl#Class>
<http://purl.obolibrary.org/obo/DDO.owl#DDO_0003003>	<http://www.w3.org/2002/07/owl#Class>
<http://purl.obolibrary.org/obo/DDO.owl#DDO_0003004>	<http://www.w3.org/2002/07/owl#Class>
<http://purl.obolibrary.org/obo/DDO.owl#DDO_0003005>	<http://www.w3.org/2002/07/owl#Class>
<http://purl.obolibrary.org/obo/DDO.owl#DDO_0003006>	<http://www.w3.org/2002/07/owl#Class>
<http://purl.obolibrary.org/obo/DDO.owl#DDO_0003007>	<http://www.w3.org/2002/07/owl#Class>
<http://purl.obolibrary.org/obo/DDO.owl#DDO_0003008>	<http://www.w3.org/2002/07/owl#Class>
<http://purl.obolibrary.org/obo/DDO.owl#DDO_0003009>	<http://www.w3.org/2002/07/owl#Class>
<http://purl.obolibrary.org/obo/DDO.owl#DDO_0003010>	<http://www.w3.org/2002/07/owl#Class>
<http://purl.obolibrary.org/obo/DDO.owl#DDO_0003011>	<http://www.w3.org/2002/07/owl#Class>
<http://purl.obolibrary.org/obo/DDO.owl#DDO_0003012>	<http://www.w3.org/2002/07/owl#Class>
<http://purl.obolibrary.org/obo/DDO.owl#DDO_0003013>	<http://www.w3.org/2002/07/owl#Class>
<http://purl.obolibrary.org/obo/DDO.owl#DDO_0003014>	<http://www.w3.org/2002/07/owl#Class>
<http://purl.obolibrary.org/obo/DDO.owl#DDO_0003015>	<http://www.w3.org/2002/07/owl#Class>
<http://purl.obolibrary.org/obo/DDO.owl#DDO_0003016>	<http://www.w3.org/2002/07/owl#Class>
<http://purl.obolibrary.org/obo/DDO.owl#DDO_0003017>	<http://www.w3.org/2002/07/owl#Class>
<http://purl.obolibrary.org/obo/DDO.owl#DDO_0003018>	<http://www.w3.org/2002/07/owl#Class>
<http://purl.obolibrary.org/obo/DDO.owl#DDO_0003019>	<http://www.w3.org/2002/07/owl#Class>
<http://purl.obolibrary.org/obo/DDO.owl#DDO_0003020>	<http://www.w3.org/2002/07/owl#Class>
<http://purl.obolibrary.org/obo/DDO.owl#DDO_0003021>	<http://www.w3.org/2002/07/owl#Class>
<http://purl.obolibrary.org/obo/DDO.owl#DDO_0003022>	<http://www.w3.org/2002/07/owl#Class>
<http://purl.obolibrary.org/obo/DDO.owl#DDO_0003023>	<http://www.w3.org/2002/07/owl#Class>
<http://purl.obolibrary.org/obo/DDO.owl#DDO_0003024>	<http://www.w3.org/2002/07/owl#Class>
<http://purl.obolibrary.org/obo/DDO.owl#DDO_0003025>	<http://www.w3.org/2002/07/owl#Class>
<http://purl.obolibrary.org/obo/DDO.owl#DDO_0003026>	<http://www.w3.org/2002/07/owl#Class>
<http://purl.obolibrary.org/obo/DDO.owl#DDO_0003027>	<http://www.w3.org/2002/07/owl#Class>
<http://purl.obolibrary.org/obo/DDO.owl#DDO_0003028>	<http://www.w3.org/2002/07/owl#Class>
<http://purl.obolibrary.org/obo/DDO.owl#DDO_0003029>	<http://www.w3.org/2002/07/owl#Class>
<http://purl.obolibrary.org/obo/DDO.owl#DDO_0003030>	<http://www.w3.org/2002/07/owl#Class>
<http://purl.obolibrary.org/obo/DDO.owl#DDO_0003031>	<http://www.w3.org/2002/07/owl#Class>
<http://purl.obolibrary.org/obo/DDO.owl#DDO_0003032>	<http://www.w3.org/2002/07/owl#Class>
<http://purl.obolibrary.org/obo/DDO.owl#DDO_0003033>	<http://www.w3.org/2002/07/owl#Class>
<http://purl.obolibrary.org/obo/DDO.owl#DDO_0003034>	<http://www.w3.org/2002/07/owl#Class>
<http://purl.obolibrary.org/obo/DDO.owl#DDO_0003035>	<http://www.w3.org/2002/07/owl#Class>
<http://purl.obolibrary.org/obo/DDO.owl#DDO_0003036>	<http://www.w3.org/2002/07/owl#Class>
<http://purl.obolibrary.org/obo/DDO.owl#DDO_0003037>	<http://www.w3.org/2002/07/owl#Class>
<http://purl.obolibrary.org/obo/DDO.owl#DDO_0003038>	<http://www.w3.org/2002/07/owl#Class>
<http://purl.obolibrary.org/obo/DDO.owl#DDO_0003039>	<http://www.w3.org/2002/07/owl#Class>
<http://purl.obolibrary.org/obo/DDO.owl#DDO_0003040>	<http://www.w3.org/2002/07/owl#Class>
<http://purl.obolibrary.org/obo/DDO.owl#DDO_0003041>	<http://www.w3.org/2002/07/owl#Class>
<http://purl.obolibrary.org/obo/DDO.owl#DDO_0003042>	<http://www.w3.org/2002/07/owl#Class>
<http://purl.obolibrary.org/obo/DDO.owl#DDO_0003043>	<http://www.w3.org/2002/07/owl#Class>
<http://purl.obolibrary.org/obo/DDO.owl#DDO_0003044>	<http://www.w3.org/2002/07/owl#Class>
<http://purl.obolibrary.org/obo/DDO.owl#DDO_0003045>	<http://www.w3.org/2002/07/owl#Class>
<http://purl.obolibrary.org/obo/DDO.owl#DDO_0003047>	<http://www.w3.org/2002/07/owl#Class>
<http://purl.obolibrary.org/obo/DDO.owl#DDO_0003048>	<http://www.w3.org/2002/07/owl#Class>
<http://purl.obolibrary.org/obo/DDO.owl#DDO_0003049>	<http://www.w3.org/2002/07/owl#Class>
<http://purl.obolibrary.org/obo/DDO.owl#DDO_0003050>	<http://www.w3.org/2002/07/owl#Class>
<http://purl.obolibrary.org/obo/DDO.owl#DDO_0003051>	<http://www.w3.org/2002/07/owl#Class>
<http://purl.obolibrary.org/obo/DDO.owl#DDO_0003052>	<http://www.w3.org/2002/07/owl#Class>
<http://purl.obolibrary.org/obo/DDO.owl#DDO_0003053>	<http://www.w3.org/2002/07/owl#Class>
<http://purl.obolibrary.org/obo/DDO.owl#DDO_0003054>	<http://www.w3.org/2002/07/owl#Class>
<http://purl.obolibrary.org/obo/DDO.owl#DDO_0003055>	<http://www.w3.org/2002/07/owl#Class>
<http://purl.obolibrary.org/obo/DDO.owl#DDO_0003056>	<http://www.w3.org/2002/07/owl#Class>
<http://purl.obolibrary.org/obo/DDO.owl#DDO_0003057>	<http://www.w3.org/2002/07/owl#Class>
<http://purl.obolibrary.org/obo/DDO.owl#DDO_0003058>	<http://www.w3.org/2002/07/owl#Class>
<http://purl.obolibrary.org/obo/DDO.owl#DDO_0003059>	<http://www.w3.org/2002/07/owl#Class>
<http://purl.obolibrary.org/obo/DDO.owl#DDO_0003060>	<http://www.w3.org/2002/07/owl#Class>
<http://purl.obolibrary.org/obo/DDO.owl#DDO_0003061>	<http://www.w3.org/2002/07/owl#Class>
<http://purl.obolibrary.org/obo/DDO.owl#DDO_0003062>	<http://www.w3.org/2002/07/owl#Class>
<http://purl.obolibrary.org/obo/DDO.owl#DDO_0003063>	<http://www.w3.org/2002/07/owl#Class>
<http://purl.obolibrary.org/obo/DDO.owl#DDO_0003064>	<http://www.w3.org/2002/07/owl#Class>
<http://purl.obolibrary.org/obo/DDO.owl#DDO_0003065>	<http://www.w3.org/2002/07/owl#Class>
<http://purl.obolibrary.org/obo/DDO.owl#DDO_0003066>	<http://www.w3.org/2002/07/owl#Class>
<http://purl.obolibrary.org/obo/DDO.owl#DDO_0003067>	<http://www.w3.org/2002/07/owl#Class>
<http://purl.obolibrary.org/obo/DDO.owl#DDO_0003068>	<http://www.w3.org/2002/07/owl#Class>
<http://purl.obolibrary.org/obo/DDO.owl#DDO_0003070>	<http://www.w3.org/2002/07/owl#Class>
<http://purl.obolibrary.org/obo/DDO.owl#DDO_0003071>	<http://www.w3.org/2002/07/owl#Class>
<http://purl.obolibrary.org/obo/DDO.owl#DDO_0003072>	<http://www.w3.org/2002/07/owl#Class>
<http://purl.obolibrary.org/obo/DDO.owl#DDO_0003073>	<http://www.w3.org/2002/07/owl#Class>
<http://purl.obolibrary.org/obo/DDO.owl#DDO_0003074>	<http://www.w3.org/2002/07/owl#Class>
<http://purl.obolibrary.org/obo/DDO.owl#DDO_0003075>	<http://www.w3.org/2002/07/owl#Class>
<http://purl.obolibrary.org/obo/DDO.owl#DDO_0003076>	<http://www.w3.org/2002/07/owl#Class>
<http://purl.obolibrary.org/obo/DDO.owl#DDO_0003077>	<http://www.w3.org/2002/07/owl#Class>
<http://purl.obolibrary.org/obo/DDO.owl#DDO_0003078>	<http://www.w3.org/2002/07/owl#Class>
<http://purl.obolibrary.org/obo/DDO.owl#DDO_0003079>	<http://www.w3.org/2002/07/owl#Class>
<http://purl.obolibrary.org/obo/DDO.owl#DDO_0003080>	<http://www.w3.org/2002/07/owl#Class>
<http://purl.obolibrary.org/obo/DDO.owl#DDO_0003081>	<http://www.w3.org/2002/07/owl#Class>
<http://purl.obolibrary.org/obo/DDO.owl#DDO_0003082>	<http://www.w3.org/2002/07/owl#Class>
<http://purl.obolibrary.org/obo/DDO.owl#DDO_0003083>	<http://www.w3.org/2002/07/owl#Class>
<http://purl.obolibrary.org/obo/DDO.owl#DDO_0003084>	<http://www.w3.org/2002/07/owl#Class>
<http://purl.obolibrary.org/obo/DDO.owl#DDO_0003085>	<http://www.w3.org/2002/07/owl#Class>
<http://purl.obolibrary.org/obo/DDO.owl#DDO_0003086>	<http://www.w3.org/2002/07/owl#Class>
<http://purl.obolibrary.org/obo/DDO.owl#DDO_0003087>	<http://www.w3.org/2002/07/owl#Class>
<http://purl.obolibrary.org/obo/DDO.owl#DDO_0003088>	<http://www.w3.org/2002/07/owl#Class>
<http://purl.obolibrary.org/obo/DDO.owl#DDO_0003089>	<http://www.w3.org/2002/07/owl#Class>
<http://purl.obolibrary.org/obo/DDO.owl#DDO_0003090>	<http://www.w3.org/2002/07/owl#Class>
<http://purl.obolibrary.org/obo/DDO.owl#DDO_0003091>	<http://www.w3.org/2002/07/owl#Class>
<http://purl.obolibrary.org/obo/DDO.owl#DDO_0003092>	<http://www.w3.org/2002/07/owl#Class>
<http://purl.obolibrary.org/obo/DDO.owl#DDO_0003093>	<http://www.w3.org/2002/07/owl#Class>
<http://purl.obolibrary.org/obo/DDO.owl#DDO_0003094>	<http://www.w3.org/2002/07/owl#Class>
<http://purl.obolibrary.org/obo/DDO.owl#DDO_0003095>	<http://www.w3.org/2002/07/owl#Class>
<http://purl.obolibrary.org/obo/DDO.owl#DDO_0003096>	<http://www.w3.org/2002/07/owl#Class>
<http://purl.obolibrary.org/obo/DDO.owl#DDO_0003098>	<http://www.w3.org/2002/07/owl#Class>
<http://purl.obolibrary.org/obo/DDO.owl#DDO_0003099>	<http://www.w3.org/2002/07/owl#Class>
<http://purl.obolibrary.org/obo/DDO.owl#DDO_0003100>	<http://www.w3.org/2002/07/owl#Class>
<http://purl.obolibrary.org/obo/DDO.owl#DDO_0003101>	<http://www.w3.org/2002/07/owl#Class>
<http://purl.obolibrary.org/obo/DDO.owl#DDO_0003102>	<http://www.w3.org/2002/07/owl#Class>
<http://purl.obolibrary.org/obo/DDO.owl#DDO_0003103>	<http://www.w3.org/2002/07/owl#Class>
<http://purl.obolibrary.org/obo/DDO.owl#DDO_0003104>	<http://www.w3.org/2002/07/owl#Class>
<http://purl.obolibrary.org/obo/DDO.owl#DDO_0003105>	<http://www.w3.org/2002/07/owl#Class>
<http://purl.obolibrary.org/obo/DDO.owl#DDO_0003106>	<http://www.w3.org/2002/07/owl#Class>
<http://purl.obolibrary.org/obo/DDO.owl#DDO_0003107>	<http://www.w3.org/2002/07/owl#Class>
<http://purl.obolibrary.org/obo/DDO.owl#DDO_0003108>	<http://www.w3.org/2002/07/owl#Class>
<http://purl.obolibrary.org/obo/DDO.owl#DDO_0003109>	<http://www.w3.org/2002/07/owl#Class>
<http://purl.obolibrary.org/obo/DDO.owl#DDO_0003110>	<http://www.w3.org/2002/07/owl#Class>
<http://purl.obolibrary.org/obo/DDO.owl#DDO_0003111>	<http://www.w3.org/2002/07/owl#Class>
<http://purl.obolibrary.org/obo/DDO.owl#DDO_0003112>	<http://www.w3.org/2002/07/owl#Class>
<http://purl.obolibrary.org/obo/DDO.owl#DDO_0003113>	<http://www.w3.org/2002/07/owl#Class>
<http://purl.obolibrary.org/obo/DDO.owl#DDO_0003114>	<http://www.w3.org/2002/07/owl#Class>
<http://purl.obolibrary.org/obo/DDO.owl#DDO_0003116>	<http://www.w3.org/2002/07/owl#Class>
<http://purl.obolibrary.org/obo/DDO.owl#DDO_0003117>	<http://www.w3.org/2002/07/owl#Class>
<http://purl.obolibrary.org/obo/DDO.owl#DDO_0003118>	<http://www.w3.org/2002/07/owl#Class>
<http://purl.obolibrary.org/obo/DDO.owl#DDO_0003119>	<http://www.w3.org/2002/07/owl#Class>
<http://purl.obolibrary.org/obo/DDO.owl#DDO_0003120>	<http://www.w3.org/2002/07/owl#Class>
<http://purl.obolibrary.org/obo/DDO.owl#DDO_0003121>	<http://www.w3.org/2002/07/owl#Class>
<http://purl.obolibrary.org/obo/DDO.owl#DDO_0003122>	<http://www.w3.org/2002/07/owl#Class>
<http://purl.obolibrary.org/obo/DDO.owl#DDO_0003123>	<http://www.w3.org/2002/07/owl#Class>
<http://purl.obolibrary.org/obo/DDO.owl#DDO_0003124>	<http://www.w3.org/2002/07/owl#Class>
<http://purl.obolibrary.org/obo/DDO.owl#DDO_0003125>	<http://www.w3.org/2002/07/owl#Class>
<http://purl.obolibrary.org/obo/DDO.owl#DDO_0003126>	<http://www.w3.org/2002/07/owl#Class>
<http://purl.obolibrary.org/obo/DDO.owl#DDO_0003127>	<http://www.w3.org/2002/07/owl#Class>
<http://purl.obolibrary.org/obo/DDO.owl#DDO_0003128>	<http://www.w3.org/2002/07/owl#Class>
<http://purl.obolibrary.org/obo/DDO.owl#DDO_0003129>	<http://www.w3.org/2002/07/owl#Class>
<http://purl.obolibrary.org/obo/DDO.owl#DDO_0003130>	<http://www.w3.org/2002/07/owl#Class>
<http://purl.obolibrary.org/obo/DDO.owl#DDO_0003131>	<http://www.w3.org/2002/07/owl#Class>
<http://purl.obolibrary.org/obo/DDO.owl#DDO_0003132>	<http://www.w3.org/2002/07/owl#Class>
<http://purl.obolibrary.org/obo/DDO.owl#DDO_0003133>	<http://www.w3.org/2002/07/owl#Class>
<http://purl.obolibrary.org/obo/DDO.owl#DDO_0003134>	<http://www.w3.org/2002/07/owl#Class>
<http://purl.obolibrary.org/obo/DDO.owl#DDO_0003135>	<http://www.w3.org/2002/07/owl#Class>
<http://purl.obolibrary.org/obo/DDO.owl#DDO_0003136>	<http://www.w3.org/2002/07/owl#Class>
<http://purl.obolibrary.org/obo/DDO.owl#DDO_0003139>	<http://www.w3.org/2002/07/owl#Class>
<http://purl.obolibrary.org/obo/DDO.owl#DDO_0003140>	<http://www.w3.org/2002/07/owl#Class>
<http://purl.obolibrary.org/obo/DDO.owl#DDO_0003141>	<http://www.w3.org/2002/07/owl#Class>
<http://purl.obolibrary.org/obo/DDO.owl#DDO_0003142>	<http://www.w3.org/2002/07/owl#Class>
<http://purl.obolibrary.org/obo/DDO.owl#DDO_0003143>	<http://www.w3.org/2002/07/owl#Class>
<http://purl.obolibrary.org/obo/DDO.owl#DDO_0003144>	<http://www.w3.org/2002/07/owl#Class>
<http://purl.obolibrary.org/obo/DDO.owl#DDO_0003145>	<http://www.w3.org/2002/07/owl#Class>
<http://purl.obolibrary.org/obo/DDO.owl#DDO_0003146>	<http://www.w3.org/2002/07/owl#Class>
<http://purl.obolibrary.org/obo/DDO.owl#DDO_0003147>	<http://www.w3.org/2002/07/owl#Class>
<http://purl.obolibrary.org/obo/DDO.owl#DDO_0003148>	<http://www.w3.org/2002/07/owl#Class>
<http://purl.obolibrary.org/obo/DDO.owl#DDO_0003149>	<http://www.w3.org/2002/07/owl#Class>
<http://purl.obolibrary.org/obo/DDO.owl#DDO_0003150>	<http://www.w3.org/2002/07/owl#Class>
<http://purl.obolibrary.org/obo/DDO.owl#DDO_0003151>	<http://www.w3.org/2002/07/owl#Class>
<http://purl.obolibrary.org/obo/DDO.owl#DDO_0003152>	<http://www.w3.org/2002/07/owl#Class>
<http://purl.obolibrary.org/obo/DDO.owl#DDO_0003153>	<http://www.w3.org/2002/07/owl#Class>
<http://purl.obolibrary.org/obo/DDO.owl#DDO_0003154>	<http://www.w3.org/2002/07/owl#Class>
<http://purl.obolibrary.org/obo/DDO.owl#DDO_0003155>	<http://www.w3.org/2002/07/owl#Class>
<http://purl.obolibrary.org/obo/DDO.owl#DDO_0003156>	<http://www.w3.org/2002/07/owl#Class>
<http://purl.obolibrary.org/obo/DDO.owl#DDO_0003157>	<http://www.w3.org/2002/07/owl#Class>
<http://purl.obolibrary.org/obo/DDO.owl#DDO_0003158>	<http://www.w3.org/2002/07/owl#Class>
<http://purl.obolibrary.org/obo/DDO.owl#DDO_0003159>	<http://www.w3.org/2002/07/owl#Class>
<http://purl.obolibrary.org/obo/DDO.owl#DDO_0003160>	<http://www.w3.org/2002/07/owl#Class>
<http://purl.obolibrary.org/obo/DDO.owl#DDO_0003161>	<http://www.w3.org/2002/07/owl#Class>
<http://purl.obolibrary.org/obo/DDO.owl#DDO_0003162>	<http://www.w3.org/2002/07/owl#Class>
<http://purl.obolibrary.org/obo/DDO.owl#DDO_0003163>	<http://www.w3.org/2002/07/owl#Class>
<http://purl.obolibrary.org/obo/DDO.owl#DDO_0003164>	<http://www.w3.org/2002/07/owl#Class>
<http://purl.obolibrary.org/obo/DDO.owl#DDO_0003165>	<http://www.w3.org/2002/07/owl#Class>
<http://purl.obolibrary.org/obo/DDO.owl#DDO_0003166>	<http://www.w3.org/2002/07/owl#Class>
<http://purl.obolibrary.org/obo/DDO.owl#DDO_0003167>	<http://www.w3.org/2002/07/owl#Class>
<http://purl.obolibrary.org/obo/DDO.owl#DDO_0003168>	<http://www.w3.org/2002/07/owl#Class>
<http://purl.obolibrary.org/obo/DDO.owl#DDO_0003169>	<http://www.w3.org/2002/07/owl#Class>
<http://purl.obolibrary.org/obo/DDO.owl#DDO_0003170>	<http://www.w3.org/2002/07/owl#Class>
<http://purl.obolibrary.org/obo/DDO.owl#DDO_0003171>	<http://www.w3.org/2002/07/owl#Class>
<http://purl.obolibrary.org/obo/DDO.owl#DDO_0003172>	<http://www.w3.org/2002/07/owl#Class>
<http://purl.obolibrary.org/obo/DDO.owl#DDO_0003173>	<http://www.w3.org/2002/07/owl#Class>
<http://purl.obolibrary.org/obo/DDO.owl#DDO_0003174>	<http://www.w3.org/2002/07/owl#Class>
<http://purl.obolibrary.org/obo/DDO.owl#DDO_0003175>	<http://www.w3.org/2002/07/owl#Class>
<http://purl.obolibrary.org/obo/DDO.owl#DDO_0003176>	<http://www.w3.org/2002/07/owl#Class>
<http://purl.obolibrary.org/obo/DDO.owl#DDO_0003177>	<http://www.w3.org/2002/07/owl#Class>
<http://purl.obolibrary.org/obo/DDO.owl#DDO_0003178>	<http://www.w3.org/2002/07/owl#Class>
<http://purl.obolibrary.org/obo/DDO.owl#DDO_0003179>	<http://www.w3.org/2002/07/owl#Class>
<http://purl.obolibrary.org/obo/DDO.owl#DDO_0003180>	<http://www.w3.org/2002/07/owl#Class>
<http://purl.obolibrary.org/obo/DDO.owl#DDO_0003181>	<http://www.w3.org/2002/07/owl#Class>
<http://purl.obolibrary.org/obo/DDO.owl#DDO_0003182>	<http://www.w3.org/2002/07/owl#Class>
<http://purl.obolibrary.org/obo/DDO.owl#DDO_0003183>	<http://www.w3.org/2002/07/owl#Class>
<http://purl.obolibrary.org/obo/DDO.owl#DDO_0003184>	<http://www.w3.org/2002/07/owl#Class>
<http://purl.obolibrary.org/obo/DDO.owl#DDO_0003185>	<http://www.w3.org/2002/07/owl#Class>
<http://purl.obolibrary.org/obo/DDO.owl#DDO_0003186>	<http://www.w3.org/2002/07/owl#Class>
<http://purl.obolibrary.org/obo/DDO.owl#DDO_0003187>	<http://www.w3.org/2002/07/owl#Class>
<http://purl.obolibrary.org/obo/DDO.owl#DDO_0003188>	<http://www.w3.org/2002/07/owl#Class>
<http://purl.obolibrary.org/obo/DDO.owl#DDO_0003189>	<http://www.w3.org/2002/07/owl#Class>
<http://purl.obolibrary.org/obo/DDO.owl#DDO_0003190>	<http://www.w3.org/2002/07/owl#Class>
<http://purl.obolibrary.org/obo/DDO.owl#DDO_0003191>	<http://www.w3.org/2002/07/owl#Class>
<http://purl.obolibrary.org/obo/DDO.owl#DDO_0003192>	<http://www.w3.org/2002/07/owl#Class>
<http://purl.obolibrary.org/obo/DDO.owl#DDO_0003193>	<http://www.w3.org/2002/07/owl#Class>
<http://purl.obolibrary.org/obo/DDO.owl#DDO_0003194>	<http://www.w3.org/2002/07/owl#Class>
<http://purl.obolibrary.org/obo/DDO.owl#DDO_0003195>	<http://www.w3.org/2002/07/owl#Class>
<http://purl.obolibrary.org/obo/DDO.owl#DDO_0003196>	<http://www.w3.org/2002/07/owl#Class>
<http://purl.obolibrary.org/obo/DDO.owl#DDO_0003197>	<http://www.w3.org/2002/07/owl#Class>
<http://purl.obolibrary.org/obo/DDO.owl#DDO_0003198>	<http://www.w3.org/2002/07/owl#Class>
<http://purl.obolibrary.org/obo/DDO.owl#DDO_0003199>	<http://www.w3.org/2002/07/owl#Class>
<http://purl.obolibrary.org/obo/DDO.owl#DDO_0003200>	<http://www.w3.org/2002/07/owl#Class>
<http://purl.obolibrary.org/obo/DDO.owl#DDO_0003201>	<http://www.w3.org/2002/07/owl#Class>
<http://purl.obolibrary.org/obo/DDO.owl#DDO_0003202>	<http://www.w3.org/2002/07/owl#Class>
<http://purl.obolibrary.org/obo/DDO.owl#DDO_0003203>	<http://www.w3.org/2002/07/owl#Class>
<http://purl.obolibrary.org/obo/DDO.owl#DDO_0003205>	<http://www.w3.org/2002/07/owl#Class>
<http://purl.obolibrary.org/obo/DDO.owl#DDO_0003206>	<http://www.w3.org/2002/07/owl#Class>
<http://purl.obolibrary.org/obo/DDO.owl#DDO_0003207>	<http://www.w3.org/2002/07/owl#Class>
<http://purl.obolibrary.org/obo/DDO.owl#DDO_0003208>	<http://www.w3.org/2002/07/owl#Class>
<http://purl.obolibrary.org/obo/DDO.owl#DDO_0003209>	<http://www.w3.org/2002/07/owl#Class>
<http://purl.obolibrary.org/obo/DDO.owl#DDO_0003210>	<http://www.w3.org/2002/07/owl#Class>
<http://purl.obolibrary.org/obo/DDO.owl#DDO_0003211>	<http://www.w3.org/2002/07/owl#Class>
<http://purl.obolibrary.org/obo/DDO.owl#DDO_0003212>	<http://www.w3.org/2002/07/owl#Class>
<http://purl.obolibrary.org/obo/DDO.owl#DDO_0003213>	<http://www.w3.org/2002/07/owl#Class>
<http://purl.obolibrary.org/obo/DDO.owl#DDO_0003214>	<http://www.w3.org/2002/07/owl#Class>
<http://purl.obolibrary.org/obo/DDO.owl#DDO_0003215>	<http://www.w3.org/2002/07/owl#Class>
<http://purl.obolibrary.org/obo/DDO.owl#DDO_0003216>	<http://www.w3.org/2002/07/owl#Class>
<http://purl.obolibrary.org/obo/DDO.owl#DDO_0003217>	<http://www.w3.org/2002/07/owl#Class>
<http://purl.obolibrary.org/obo/DDO.owl#DDO_0003218>	<http://www.w3.org/2002/07/owl#Class>
<http://purl.obolibrary.org/obo/DDO.owl#DDO_0003219>	<http://www.w3.org/2002/07/owl#Class>
<http://purl.obolibrary.org/obo/DDO.owl#DDO_0003220>	<http://www.w3.org/2002/07/owl#Class>
<http://purl.obolibrary.org/obo/DDO.owl#DDO_0003221>	<http://www.w3.org/2002/07/owl#Class>
<http://purl.obolibrary.org/obo/DDO.owl#DDO_0003222>	<http://www.w3.org/2002/07/owl#Class>
<http://purl.obolibrary.org/obo/DDO.owl#DDO_0003223>	<http://www.w3.org/2002/07/owl#Class>
<http://purl.obolibrary.org/obo/DDO.owl#DDO_0003224>	<http://www.w3.org/2002/07/owl#Class>
<http://purl.obolibrary.org/obo/DDO.owl#DDO_0003226>	<http://www.w3.org/2002/07/owl#Class>
<http://purl.obolibrary.org/obo/DDO.owl#DDO_0003227>	<http://www.w3.org/2002/07/owl#Class>
<http://purl.obolibrary.org/obo/DDO.owl#DDO_0003228>	<http://www.w3.org/2002/07/owl#Class>
<http://purl.obolibrary.org/obo/DDO.owl#DDO_0003229>	<http://www.w3.org/2002/07/owl#Class>
<http://purl.obolibrary.org/obo/DDO.owl#DDO_0003230>	<http://www.w3.org/2002/07/owl#Class>
<http://purl.obolibrary.org/obo/DDO.owl#DDO_0003231>	<http://www.w3.org/2002/07/owl#Class>
<http://purl.obolibrary.org/obo/DDO.owl#DDO_0003232>	<http://www.w3.org/2002/07/owl#Class>
<http://purl.obolibrary.org/obo/DDO.owl#DDO_0003233>	<http://www.w3.org/2002/07/owl#Class>
<http://purl.obolibrary.org/obo/DDO.owl#DDO_0003234>	<http://www.w3.org/2002/07/owl#Class>
<http://purl.obolibrary.org/obo/DDO.owl#DDO_0003235>	<http://www.w3.org/2002/07/owl#Class>
<http://purl.obolibrary.org/obo/DDO.owl#DDO_0003236>	<http://www.w3.org/2002/07/owl#Class>
<http://purl.obolibrary.org/obo/DDO.owl#DDO_0003237>	<http://www.w3.org/2002/07/owl#Class>
<http://purl.obolibrary.org/obo/DDO.owl#DDO_0003238>	<http://www.w3.org/2002/07/owl#Class>
<http://purl.obolibrary.org/obo/DDO.owl#DDO_0003239>	<http://www.w3.org/2002/07/owl#Class>
<http://purl.obolibrary.org/obo/DDO.owl#DDO_0003240>	<http://www.w3.org/2002/07/owl#Class>
<http://purl.obolibrary.org/obo/DDO.owl#DDO_0003241>	<http://www.w3.org/2002/07/owl#Class>
<http://purl.obolibrary.org/obo/DDO.owl#DDO_0003242>	<http://www.w3.org/2002/07/owl#Class>
<http://purl.obolibrary.org/obo/DDO.owl#DDO_0003243>	<http://www.w3.org/2002/07/owl#Class>
<http://purl.obolibrary.org/obo/DDO.owl#DDO_0003244>	<http://www.w3.org/2002/07/owl#Class>
<http://purl.obolibrary.org/obo/DDO.owl#DDO_0003245>	<http://www.w3.org/2002/07/owl#Class>
<http://purl.obolibrary.org/obo/DDO.owl#DDO_0003246>	<http://www.w3.org/2002/07/owl#Class>
<http://purl.obolibrary.org/obo/DDO.owl#DDO_0003247>	<http://www.w3.org/2002/07/owl#Class>
<http://purl.obolibrary.org/obo/DDO.owl#DDO_0003248>	<http://www.w3.org/2002/07/owl#Class>
<http://purl.obolibrary.org/obo/DDO.owl#DDO_0003249>	<http://www.w3.org/2002/07/owl#Class>
<http://purl.obolibrary.org/obo/DDO.owl#DDO_0003250>	<http://www.w3.org/2002/07/owl#Class>
<http://purl.obolibrary.org/obo/DDO.owl#DDO_0003251>	<http://www.w3.org/2002/07/owl#Class>
<http://purl.obolibrary.org/obo/DDO.owl#DDO_0003252>	<http://www.w3.org/2002/07/owl#Class>
<http://purl.obolibrary.org/obo/DDO.owl#DDO_0003253>	<http://www.w3.org/2002/07/owl#Class>
<http://purl.obolibrary.org/obo/DDO.owl#DDO_0003254>	<http://www.w3.org/2002/07/owl#Class>
<http://purl.obolibrary.org/obo/DDO.owl#DDO_0003255>	<http://www.w3.org/2002/07/owl#Class>
<http://purl.obolibrary.org/obo/DDO.owl#DDO_0003256>	<http://www.w3.org/2002/07/owl#Class>
<http://purl.obolibrary.org/obo/DDO.owl#DDO_0003257>	<http://www.w3.org/2002/07/owl#Class>
<http://purl.obolibrary.org/obo/DDO.owl#DDO_0003258>	<http://www.w3.org/2002/07/owl#Class>
<http://purl.obolibrary.org/obo/DDO.owl#DDO_0003259>	<http://www.w3.org/2002/07/owl#Class>
<http://purl.obolibrary.org/obo/DDO.owl#DDO_0003260>	<http://www.w3.org/2002/07/owl#Class>
<http://purl.obolibrary.org/obo/DDO.owl#DDO_0003261>	<http://www.w3.org/2002/07/owl#Class>
<http://purl.obolibrary.org/obo/DDO.owl#DDO_0003262>	<http://www.w3.org/2002/07/owl#Class>
<http://purl.obolibrary.org/obo/DDO.owl#DDO_0003263>	<http://www.w3.org/2002/07/owl#Class>
<http://purl.obolibrary.org/obo/DDO.owl#DDO_0003264>	<http://www.w3.org/2002/07/owl#Class>
<http://purl.obolibrary.org/obo/DDO.owl#DDO_0003265>	<http://www.w3.org/2002/07/owl#Class>
<http://purl.obolibrary.org/obo/DDO.owl#DDO_0003266>	<http://www.w3.org/2002/07/owl#Class>
<http://purl.obolibrary.org/obo/DDO.owl#DDO_0003267>	<http://www.w3.org/2002/07/owl#Class>
<http://purl.obolibrary.org/obo/DDO.owl#DDO_0003268>	<http://www.w3.org/2002/07/owl#Class>
<http://purl.obolibrary.org/obo/DDO.owl#DDO_0003269>	<http://www.w3.org/2002/07/owl#Class>
<http://purl.obolibrary.org/obo/DDO.owl#DDO_0003270>	<http://www.w3.org/2002/07/owl#Class>
<http://purl.obolibrary.org/obo/DDO.owl#DDO_0003271>	<http://www.w3.org/2002/07/owl#Class>
<http://purl.obolibrary.org/obo/DDO.owl#DDO_0003272>	<http://www.w3.org/2002/07/owl#Class>
<http://purl.obolibrary.org/obo/DDO.owl#DDO_0003273>	<http://www.w3.org/2002/07/owl#Class>
<http://purl.obolibrary.org/obo/DDO.owl#DDO_0003274>	<http://www.w3.org/2002/07/owl#Class>
<http://purl.obolibrary.org/obo/DDO.owl#DDO_0003275>	<http://www.w3.org/2002/07/owl#Class>
<http://purl.obolibrary.org/obo/DDO.owl#DDO_0003276>	<http://www.w3.org/2002/07/owl#Class>
<http://purl.obolibrary.org/obo/DDO.owl#DDO_0003277>	<http://www.w3.org/2002/07/owl#Class>
<http://purl.obolibrary.org/obo/DDO.owl#DDO_0003278>	<http://www.w3.org/2002/07/owl#Class>
<http://purl.obolibrary.org/obo/DDO.owl#DDO_0003279>	<http://www.w3.org/2002/07/owl#Class>
<http://purl.obolibrary.org/obo/DDO.owl#DDO_0003280>	<http://www.w3.org/2002/07/owl#Class>
<http://purl.obolibrary.org/obo/DDO.owl#DDO_0003281>	<http://www.w3.org/2002/07/owl#Class>
<http://purl.obolibrary.org/obo/DDO.owl#DDO_0003282>	<http://www.w3.org/2002/07/owl#Class>
<http://purl.obolibrary.org/obo/DDO.owl#DDO_0003283>	<http://www.w3.org/2002/07/owl#Class>
<http://purl.obolibrary.org/obo/DDO.owl#DDO_0003284>	<http://www.w3.org/2002/07/owl#Class>
<http://purl.obolibrary.org/obo/DDO.owl#DDO_0003285>	<http://www.w3.org/2002/07/owl#Class>
<http://purl.obolibrary.org/obo/DDO.owl#DDO_0003286>	<http://www.w3.org/2002/07/owl#Class>
<http://purl.obolibrary.org/obo/DDO.owl#DDO_0003287>	<http://www.w3.org/2002/07/owl#Class>
<http://purl.obolibrary.org/obo/DDO.owl#DDO_0003288>	<http://www.w3.org/2002/07/owl#Class>
<http://purl.obolibrary.org/obo/DDO.owl#DDO_0003289>	<http://www.w3.org/2002/07/owl#Class>
<http://purl.obolibrary.org/obo/DDO.owl#DDO_0003290>	<http://www.w3.org/2002/07/owl#Class>
<http://purl.obolibrary.org/obo/DDO.owl#DDO_0003291>	<http://www.w3.org/2002/07/owl#Class>
<http://purl.obolibrary.org/obo/DDO.owl#DDO_0003292>	<http://www.w3.org/2002/07/owl#Class>
<http://purl.obolibrary.org/obo/DDO.owl#DDO_0003293>	<http://www.w3.org/2002/07/owl#Class>
<http://purl.obolibrary.org/obo/DDO.owl#DDO_0003294>	<http://www.w3.org/2002/07/owl#Class>
<http://purl.obolibrary.org/obo/DDO.owl#DDO_0003295>	<http://www.w3.org/2002/07/owl#Class>
<http://purl.obolibrary.org/obo/DDO.owl#DDO_0003296>	<http://www.w3.org/2002/07/owl#Class>
<http://purl.obolibrary.org/obo/DDO.owl#DDO_0003297>	<http://www.w3.org/2002/07/owl#Class>
<http://purl.obolibrary.org/obo/DDO.owl#DDO_0003298>	<http://www.w3.org/2002/07/owl#Class>
<http://purl.obolibrary.org/obo/DDO.owl#DDO_0003299>	<http://www.w3.org/2002/07/owl#Class>
<http://purl.obolibrary.org/obo/DDO.owl#DDO_0003300>	<http://www.w3.org/2002/07/owl#Class>
<http://purl.obolibrary.org/obo/DDO.owl#DDO_0003301>	<http://www.w3.org/2002/07/owl#Class>
<http://purl.obolibrary.org/obo/DDO.owl#DDO_0003302>	<http://www.w3.org/2002/07/owl#Class>
<http://purl.obolibrary.org/obo/DDO.owl#DDO_0003303>	<http://www.w3.org/2002/07/owl#Class>
<http://purl.obolibrary.org/obo/DDO.owl#DDO_0003304>	<http://www.w3.org/2002/07/owl#Class>
<http://purl.obolibrary.org/obo/DDO.owl#DDO_0003305>	<http://www.w3.org/2002/07/owl#Class>
<http://purl.obolibrary.org/obo/DDO.owl#DDO_0003306>	<http://www.w3.org/2002/07/owl#Class>
<http://purl.obolibrary.org/obo/DDO.owl#DDO_0003307>	<http://www.w3.org/2002/07/owl#Class>
<http://purl.obolibrary.org/obo/DDO.owl#DDO_0003308>	<http://www.w3.org/2002/07/owl#Class>
<http://purl.obolibrary.org/obo/DDO.owl#DDO_0003309>	<http://www.w3.org/2002/07/owl#Class>
<http://purl.obolibrary.org/obo/DDO.owl#DDO_0003310>	<http://www.w3.org/2002/07/owl#Class>
<http://purl.obolibrary.org/obo/DDO.owl#DDO_0003311>	<http://www.w3.org/2002/07/owl#Class>
<http://purl.obolibrary.org/obo/DDO.owl#DDO_0003312>	<http://www.w3.org/2002/07/owl#Class>
<http://purl.obolibrary.org/obo/DDO.owl#DDO_0003313>	<http://www.w3.org/2002/07/owl#Class>
<http://purl.obolibrary.org/obo/DDO.owl#DDO_0003314>	<http://www.w3.org/2002/07/owl#Class>
<http://purl.obolibrary.org/obo/DDO.owl#DDO_0003315>	<http://www.w3.org/2002/07/owl#Class>
<http://purl.obolibrary.org/obo/DDO.owl#DDO_0003316>	<http://www.w3.org/2002/07/owl#Class>
<http://purl.obolibrary.org/obo/DDO.owl#DDO_0003317>	<http://www.w3.org/2002/07/owl#Class>
<http://purl.obolibrary.org/obo/DDO.owl#DDO_0003318>	<http://www.w3.org/2002/07/owl#Class>
<http://purl.obolibrary.org/obo/DDO.owl#DDO_0003319>	<http://www.w3.org/2002/07/owl#Class>
<http://purl.obolibrary.org/obo/DDO.owl#DDO_0003320>	<http://www.w3.org/2002/07/owl#Class>
<http://purl.obolibrary.org/obo/DDO.owl#DDO_0003321>	<http://www.w3.org/2002/07/owl#Class>
<http://purl.obolibrary.org/obo/DDO.owl#DDO_0003322>	<http://www.w3.org/2002/07/owl#Class>
<http://purl.obolibrary.org/obo/DDO.owl#DDO_0003323>	<http://www.w3.org/2002/07/owl#Class>
<http://purl.obolibrary.org/obo/DDO.owl#DDO_0003324>	<http://www.w3.org/2002/07/owl#Class>
<http://purl.obolibrary.org/obo/DDO.owl#DDO_0003325>	<http://www.w3.org/2002/07/owl#Class>
<http://purl.obolibrary.org/obo/DDO.owl#DDO_0003326>	<http://www.w3.org/2002/07/owl#Class>
<http://purl.obolibrary.org/obo/DDO.owl#DDO_0003327>	<http://www.w3.org/2002/07/owl#Class>
<http://purl.obolibrary.org/obo/DDO.owl#DDO_0003328>	<http://www.w3.org/2002/07/owl#Class>
<http://purl.obolibrary.org/obo/DDO.owl#DDO_0003329>	<http://www.w3.org/2002/07/owl#Class>
<http://purl.obolibrary.org/obo/DDO.owl#DDO_0003330>	<http://www.w3.org/2002/07/owl#Class>
<http://purl.obolibrary.org/obo/DDO.owl#DDO_0003331>	<http://www.w3.org/2002/07/owl#Class>
<http://purl.obolibrary.org/obo/DDO.owl#DDO_0003332>	<http://www.w3.org/2002/07/owl#Class>
<http://purl.obolibrary.org/obo/DDO.owl#DDO_0003333>	<http://www.w3.org/2002/07/owl#Class>
<http://purl.obolibrary.org/obo/DDO.owl#DDO_0003334>	<http://www.w3.org/2002/07/owl#Class>
<http://purl.obolibrary.org/obo/DDO.owl#DDO_0003335>	<http://www.w3.org/2002/07/owl#Class>
<http://purl.obolibrary.org/obo/DDO.owl#DDO_0003336>	<http://www.w3.org/2002/07/owl#Class>
<http://purl.obolibrary.org/obo/DDO.owl#DDO_0003337>	<http://www.w3.org/2002/07/owl#Class>
<http://purl.obolibrary.org/obo/DDO.owl#DDO_0003338>	<http://www.w3.org/2002/07/owl#Class>
<http://purl.obolibrary.org/obo/DDO.owl#DDO_0003339>	<http://www.w3.org/2002/07/owl#Class>
<http://purl.obolibrary.org/obo/DDO.owl#DDO_0003340>	<http://www.w3.org/2002/07/owl#Class>
<http://purl.obolibrary.org/obo/DDO.owl#DDO_0003341>	<http://www.w3.org/2002/07/owl#Class>
<http://purl.obolibrary.org/obo/DDO.owl#DDO_0003342>	<http://www.w3.org/2002/07/owl#Class>
<http://purl.obolibrary.org/obo/DDO.owl#DDO_0003343>	<http://www.w3.org/2002/07/owl#Class>
<http://purl.obolibrary.org/obo/DDO.owl#DDO_0003344>	<http://www.w3.org/2002/07/owl#Class>
<http://purl.obolibrary.org/obo/DDO.owl#DDO_0003345>	<http://www.w3.org/2002/07/owl#Class>
<http://purl.obolibrary.org/obo/DDO.owl#DDO_0003346>	<http://www.w3.org/2002/07/owl#Class>
<http://purl.obolibrary.org/obo/DDO.owl#DDO_0003347>	<http://www.w3.org/2002/07/owl#Class>
<http://purl.obolibrary.org/obo/DDO.owl#DDO_0003348>	<http://www.w3.org/2002/07/owl#Class>
<http://purl.obolibrary.org/obo/DDO.owl#DDO_0003349>	<http://www.w3.org/2002/07/owl#Class>
<http://purl.obolibrary.org/obo/DDO.owl#DDO_0003350>	<http://www.w3.org/2002/07/owl#Class>
<http://purl.obolibrary.org/obo/DDO.owl#DDO_0003351>	<http://www.w3.org/2002/07/owl#Class>
<http://purl.obolibrary.org/obo/DDO.owl#DDO_0003352>	<http://www.w3.org/2002/07/owl#Class>
<http://purl.obolibrary.org/obo/DDO.owl#DDO_0003353>	<http://www.w3.org/2002/07/owl#Class>
<http://purl.obolibrary.org/obo/DDO.owl#DDO_0003354>	<http://www.w3.org/2002/07/owl#Class>
<http://purl.obolibrary.org/obo/DDO.owl#DDO_0003355>	<http://www.w3.org/2002/07/owl#Class>
<http://purl.obolibrary.org/obo/DDO.owl#DDO_0003356>	<http://www.w3.org/2002/07/owl#Class>
<http://purl.obolibrary.org/obo/DDO.owl#DDO_0003357>	<http://www.w3.org/2002/07/owl#Class>
<http://purl.obolibrary.org/obo/DDO.owl#DDO_0003358>	<http://www.w3.org/2002/07/owl#Class>
<http://purl.obolibrary.org/obo/DDO.owl#DDO_0003359>	<http://www.w3.org/2002/07/owl#Class>
<http://purl.obolibrary.org/obo/DDO.owl#DDO_0003360>	<http://www.w3.org/2002/07/owl#Class>
<http://purl.obolibrary.org/obo/DDO.owl#DDO_0003361>	<http://www.w3.org/2002/07/owl#Class>
<http://purl.obolibrary.org/obo/DDO.owl#DDO_0003362>	<http://www.w3.org/2002/07/owl#Class>
<http://purl.obolibrary.org/obo/DDO.owl#DDO_0003363>	<http://www.w3.org/2002/07/owl#Class>
<http://purl.obolibrary.org/obo/DDO.owl#DDO_0003364>	<http://www.w3.org/2002/07/owl#Class>
<http://purl.obolibrary.org/obo/DDO.owl#DDO_0003365>	<http://www.w3.org/2002/07/owl#Class>
<http://purl.obolibrary.org/obo/DDO.owl#DDO_0003366>	<http://www.w3.org/2002/07/owl#Class>
<http://purl.obolibrary.org/obo/DDO.owl#DDO_0003367>	<http://www.w3.org/2002/07/owl#Class>
<http://purl.obolibrary.org/obo/DDO.owl#DDO_0003368>	<http://www.w3.org/2002/07/owl#Class>
<http://purl.obolibrary.org/obo/DDO.owl#DDO_0003369>	<http://www.w3.org/2002/07/owl#Class>
<http://purl.obolibrary.org/obo/DDO.owl#DDO_0003370>	<http://www.w3.org/2002/07/owl#Class>
<http://purl.obolibrary.org/obo/DDO.owl#DDO_0003371>	<http://www.w3.org/2002/07/owl#Class>
<http://purl.obolibrary.org/obo/DDO.owl#DDO_0003372>	<http://www.w3.org/2002/07/owl#Class>
<http://purl.obolibrary.org/obo/DDO.owl#DDO_0003373>	<http://www.w3.org/2002/07/owl#Class>
<http://purl.obolibrary.org/obo/DDO.owl#DDO_0003374>	<http://www.w3.org/2002/07/owl#Class>
<http://purl.obolibrary.org/obo/DDO.owl#DDO_0003375>	<http://www.w3.org/2002/07/owl#Class>
<http://purl.obolibrary.org/obo/DDO.owl#DDO_0003376>	<http://www.w3.org/2002/07/owl#Class>
<http://purl.obolibrary.org/obo/DDO.owl#DDO_0003377>	<http://www.w3.org/2002/07/owl#Class>
<http://purl.obolibrary.org/obo/DDO.owl#DDO_0003378>	<http://www.w3.org/2002/07/owl#Class>
<http://purl.obolibrary.org/obo/DDO.owl#DDO_0003379>	<http://www.w3.org/2002/07/owl#Class>
<http://purl.obolibrary.org/obo/DDO.owl#DDO_0003380>	<http://www.w3.org/2002/07/owl#Class>
<http://purl.obolibrary.org/obo/DDO.owl#DDO_0003381>	<http://www.w3.org/2002/07/owl#Class>
<http://purl.obolibrary.org/obo/DDO.owl#DDO_0003382>	<http://www.w3.org/2002/07/owl#Class>
<http://purl.obolibrary.org/obo/DDO.owl#DDO_0003383>	<http://www.w3.org/2002/07/owl#Class>
<http://purl.obolibrary.org/obo/DDO.owl#DDO_0003384>	<http://www.w3.org/2002/07/owl#Class>
<http://purl.obolibrary.org/obo/DDO.owl#DDO_0003385>	<http://www.w3.org/2002/07/owl#Class>
<http://purl.obolibrary.org/obo/DDO.owl#DDO_0003386>	<http://www.w3.org/2002/07/owl#Class>
<http://purl.obolibrary.org/obo/DDO.owl#DDO_0003387>	<http://www.w3.org/2002/07/owl#Class>
<http://purl.obolibrary.org/obo/DDO.owl#DDO_0003388>	<http://www.w3.org/2002/07/owl#Class>
<http://purl.obolibrary.org/obo/DDO.owl#DDO_0003389>	<http://www.w3.org/2002/07/owl#Class>
<http://purl.obolibrary.org/obo/DDO.owl#DDO_0003390>	<http://www.w3.org/2002/07/owl#Class>
<http://purl.obolibrary.org/obo/DDO.owl#DDO_0003391>	<http://www.w3.org/2002/07/owl#Class>
<http://purl.obolibrary.org/obo/DDO.owl#DDO_0003392>	<http://www.w3.org/2002/07/owl#Class>
<http://purl.obolibrary.org/obo/DDO.owl#DDO_0003393>	<http://www.w3.org/2002/07/owl#Class>
<http://purl.obolibrary.org/obo/DDO.owl#DDO_0003394>	<http://www.w3.org/2002/07/owl#Class>
<http://purl.obolibrary.org/obo/DDO.owl#DDO_0003395>	<http://www.w3.org/2002/07/owl#Class>
<http://purl.obolibrary.org/obo/DDO.owl#DDO_0003396>	<http://www.w3.org/2002/07/owl#Class>
<http://purl.obolibrary.org/obo/DDO.owl#DDO_0003397>	<http://www.w3.org/2002/07/owl#Class>
<http://purl.obolibrary.org/obo/DDO.owl#DDO_0003398>	<http://www.w3.org/2002/07/owl#Class>
<http://purl.obolibrary.org/obo/DDO.owl#DDO_0003399>	<http://www.w3.org/2002/07/owl#Class>
<http://purl.obolibrary.org/obo/DDO.owl#DDO_0003400>	<http://www.w3.org/2002/07/owl#Class>
<http://purl.obolibrary.org/obo/DDO.owl#DDO_0003401>	<http://www.w3.org/2002/07/owl#Class>
<http://purl.obolibrary.org/obo/DDO.owl#DDO_0003402>	<http://www.w3.org/2002/07/owl#Class>
<http://purl.obolibrary.org/obo/DDO.owl#DDO_0003403>	<http://www.w3.org/2002/07/owl#Class>
<http://purl.obolibrary.org/obo/DDO.owl#DDO_0003404>	<http://www.w3.org/2002/07/owl#Class>
<http://purl.obolibrary.org/obo/DDO.owl#DDO_0003405>	<http://www.w3.org/2002/07/owl#Class>
<http://purl.obolibrary.org/obo/DDO.owl#DDO_0003406>	<http://www.w3.org/2002/07/owl#Class>
<http://purl.obolibrary.org/obo/DDO.owl#DDO_0003407>	<http://www.w3.org/2002/07/owl#Class>
<http://purl.obolibrary.org/obo/DDO.owl#DDO_0003408>	<http://www.w3.org/2002/07/owl#Class>
<http://purl.obolibrary.org/obo/DDO.owl#DDO_0003409>	<http://www.w3.org/2002/07/owl#Class>
<http://purl.obolibrary.org/obo/DDO.owl#DDO_0003410>	<http://www.w3.org/2002/07/owl#Class>
<http://purl.obolibrary.org/obo/DDO.owl#DDO_0003411>	<http://www.w3.org/2002/07/owl#Class>
<http://purl.obolibrary.org/obo/DDO.owl#DDO_0003412>	<http://www.w3.org/2002/07/owl#Class>
<http://purl.obolibrary.org/obo/DDO.owl#DDO_0003413>	<http://www.w3.org/2002/07/owl#Class>
<http://purl.obolibrary.org/obo/DDO.owl#DDO_0003414>	<http://www.w3.org/2002/07/owl#Class>
<http://purl.obolibrary.org/obo/DDO.owl#DDO_0003415>	<http://www.w3.org/2002/07/owl#Class>
<http://purl.obolibrary.org/obo/DDO.owl#DDO_0003416>	<http://www.w3.org/2002/07/owl#Class>
<http://purl.obolibrary.org/obo/DDO.owl#DDO_0003417>	<http://www.w3.org/2002/07/owl#Class>
<http://purl.obolibrary.org/obo/DDO.owl#DDO_0003418>	<http://www.w3.org/2002/07/owl#Class>
<http://purl.obolibrary.org/obo/DDO.owl#DDO_0003419>	<http://www.w3.org/2002/07/owl#Class>
<http://purl.obolibrary.org/obo/DDO.owl#DDO_0003420>	<http://www.w3.org/2002/07/owl#Class>
<http://purl.obolibrary.org/obo/DDO.owl#DDO_0003421>	<http://www.w3.org/2002/07/owl#Class>
<http://purl.obolibrary.org/obo/DDO.owl#DDO_0003422>	<http://www.w3.org/2002/07/owl#Class>
<http://purl.obolibrary.org/obo/DDO.owl#DDO_0003423>	<http://www.w3.org/2002/07/owl#Class>
<http://purl.obolibrary.org/obo/DDO.owl#DDO_0003424>	<http://www.w3.org/2002/07/owl#Class>
<http://purl.obolibrary.org/obo/DDO.owl#DDO_0003425>	<http://www.w3.org/2002/07/owl#Class>
<http://purl.obolibrary.org/obo/DDO.owl#DDO_0003426>	<http://www.w3.org/2002/07/owl#Class>
<http://purl.obolibrary.org/obo/DDO.owl#DDO_0003427>	<http://www.w3.org/2002/07/owl#Class>
<http://purl.obolibrary.org/obo/DDO.owl#DDO_0003428>	<http://www.w3.org/2002/07/owl#Class>
<http://purl.obolibrary.org/obo/DDO.owl#DDO_0003429>	<http://www.w3.org/2002/07/owl#Class>
<http://purl.obolibrary.org/obo/DDO.owl#DDO_0003430>	<http://www.w3.org/2002/07/owl#Class>
<http://purl.obolibrary.org/obo/DDO.owl#DDO_0003431>	<http://www.w3.org/2002/07/owl#Class>
<http://purl.obolibrary.org/obo/DDO.owl#DDO_0003432>	<http://www.w3.org/2002/07/owl#Class>
<http://purl.obolibrary.org/obo/DDO.owl#DDO_0003434>	<http://www.w3.org/2002/07/owl#Class>
<http://purl.obolibrary.org/obo/DDO.owl#DDO_0003435>	<http://www.w3.org/2002/07/owl#Class>
<http://purl.obolibrary.org/obo/DDO.owl#DDO_0003436>	<http://www.w3.org/2002/07/owl#Class>
<http://purl.obolibrary.org/obo/DDO.owl#DDO_0003437>	<http://www.w3.org/2002/07/owl#Class>
<http://purl.obolibrary.org/obo/DDO.owl#DDO_0003438>	<http://www.w3.org/2002/07/owl#Class>
<http://purl.obolibrary.org/obo/DDO.owl#DDO_0003439>	<http://www.w3.org/2002/07/owl#Class>
<http://purl.obolibrary.org/obo/DDO.owl#DDO_0003440>	<http://www.w3.org/2002/07/owl#Class>
<http://purl.obolibrary.org/obo/DDO.owl#DDO_0003450>	<http://www.w3.org/2002/07/owl#Class>
<http://purl.obolibrary.org/obo/DDO.owl#DDO_0003451>	<http://www.w3.org/2002/07/owl#Class>
<http://purl.obolibrary.org/obo/DDO.owl#DDO_0003452>	<http://www.w3.org/2002/07/owl#Class>
<http://purl.obolibrary.org/obo/DDO.owl#DDO_0003453>	<http://www.w3.org/2002/07/owl#Class>
<http://purl.obolibrary.org/obo/DDO.owl#DDO_0003454>	<http://www.w3.org/2002/07/owl#Class>
<http://purl.obolibrary.org/obo/DDO.owl#DDO_0003455>	<http://www.w3.org/2002/07/owl#Class>
<http://purl.obolibrary.org/obo/DDO.owl#DDO_0003456>	<http://www.w3.org/2002/07/owl#Class>
<http://purl.obolibrary.org/obo/DDO.owl#DDO_0003457>	<http://www.w3.org/2002/07/owl#Class>
<http://purl.obolibrary.org/obo/DDO.owl#DDO_0003458>	<http://www.w3.org/2002/07/owl#Class>
<http://purl.obolibrary.org/obo/DDO.owl#DDO_0003459>	<http://www.w3.org/2002/07/owl#Class>
<http://purl.obolibrary.org/obo/DDO.owl#DDO_0003460>	<http://www.w3.org/2002/07/owl#Class>
<http://purl.obolibrary.org/obo/DDO.owl#DDO_0003461>	<http://www.w3.org/2002/07/owl#Class>
<http://purl.obolibrary.org/obo/DDO.owl#DDO_0003462>	<http://www.w3.org/2002/07/owl#Class>
<http://purl.obolibrary.org/obo/DDO.owl#DDO_0003463>	<http://www.w3.org/2002/07/owl#Class>
<http://purl.obolibrary.org/obo/DDO.owl#DDO_0003464>	<http://www.w3.org/2002/07/owl#Class>
<http://purl.obolibrary.org/obo/DDO.owl#DDO_0003465>	<http://www.w3.org/2002/07/owl#Class>
<http://purl.obolibrary.org/obo/DDO.owl#DDO_0003466>	<http://www.w3.org/2002/07/owl#Class>
<http://purl.obolibrary.org/obo/DDO.owl#DDO_0003467>	<http://www.w3.org/2002/07/owl#Class>
<http://purl.obolibrary.org/obo/DDO.owl#DDO_0003468>	<http://www.w3.org/2002/07/owl#Class>
<http://purl.obolibrary.org/obo/DDO.owl#DDO_0003469>	<http://www.w3.org/2002/07/owl#Class>
<http://purl.obolibrary.org/obo/DDO.owl#DDO_0003470>	<http://www.w3.org/2002/07/owl#Class>
<http://purl.obolibrary.org/obo/DDO.owl#DDO_0003471>	<http://www.w3.org/2002/07/owl#Class>
<http://purl.obolibrary.org/obo/DDO.owl#DDO_0003472>	<http://www.w3.org/2002/07/owl#Class>
<http://purl.obolibrary.org/obo/DDO.owl#DDO_0003473>	<http://www.w3.org/2002/07/owl#Class>
<http://purl.obolibrary.org/obo/DDO.owl#DDO_0003474>	<http://www.w3.org/2002/07/owl#Class>
<http://purl.obolibrary.org/obo/DDO.owl#DDO_0003475>	<http://www.w3.org/2002/07/owl#Class>
<http://purl.obolibrary.org/obo/DDO.owl#DDO_0003476>	<http://www.w3.org/2002/07/owl#Class>
<http://purl.obolibrary.org/obo/DDO.owl#DDO_0003477>	<http://www.w3.org/2002/07/owl#Class>
<http://purl.obolibrary.org/obo/DDO.owl#DDO_0003478>	<http://www.w3.org/2002/07/owl#Class>
<http://purl.obolibrary.org/obo/DDO.owl#DDO_0003479>	<http://www.w3.org/2002/07/owl#Class>
<http://purl.obolibrary.org/obo/DDO.owl#DDO_0003480>	<http://www.w3.org/2002/07/owl#Class>
<http://purl.obolibrary.org/obo/DDO.owl#DDO_0003481>	<http://www.w3.org/2002/07/owl#Class>
<http://purl.obolibrary.org/obo/DDO.owl#DDO_0003482>	<http://www.w3.org/2002/07/owl#Class>
<http://purl.obolibrary.org/obo/DDO.owl#DDO_0003483>	<http://www.w3.org/2002/07/owl#Class>
<http://purl.obolibrary.org/obo/DDO.owl#DDO_0003484>	<http://www.w3.org/2002/07/owl#Class>
<http://purl.obolibrary.org/obo/DDO.owl#DDO_0003485>	<http://www.w3.org/2002/07/owl#Class>
<http://purl.obolibrary.org/obo/DDO.owl#DDO_0003486>	<http://www.w3.org/2002/07/owl#Class>
<http://purl.obolibrary.org/obo/DDO.owl#DDO_0003487>	<http://www.w3.org/2002/07/owl#Class>
<http://purl.obolibrary.org/obo/DDO.owl#DDO_0003488>	<http://www.w3.org/2002/07/owl#Class>
<http://purl.obolibrary.org/obo/DDO.owl#DDO_0003489>	<http://www.w3.org/2002/07/owl#Class>
<http://purl.obolibrary.org/obo/DDO.owl#DDO_0003490>	<http://www.w3.org/2002/07/owl#Class>
<http://purl.obolibrary.org/obo/DDO.owl#DDO_0003491>	<http://www.w3.org/2002/07/owl#Class>
<http://purl.obolibrary.org/obo/DDO.owl#DDO_0003492>	<http://www.w3.org/2002/07/owl#Class>
<http://purl.obolibrary.org/obo/DDO.owl#DDO_0003493>	<http://www.w3.org/2002/07/owl#Class>
<http://purl.obolibrary.org/obo/DDO.owl#DDO_0003494>	<http://www.w3.org/2002/07/owl#Class>
<http://purl.obolibrary.org/obo/DDO.owl#DDO_0003495>	<http://www.w3.org/2002/07/owl#Class>
<http://purl.obolibrary.org/obo/DDO.owl#DDO_0003496>	<http://www.w3.org/2002/07/owl#Class>
<http://purl.obolibrary.org/obo/DDO.owl#DDO_0003497>	<http://www.w3.org/2002/07/owl#Class>
<http://purl.obolibrary.org/obo/DDO.owl#DDO_0003498>	<http://www.w3.org/2002/07/owl#Class>
<http://purl.obolibrary.org/obo/DDO.owl#DDO_0003499>	<http://www.w3.org/2002/07/owl#Class>
<http://purl.obolibrary.org/obo/DDO.owl#DDO_0003500>	<http://www.w3.org/2002/07/owl#Class>
<http://purl.obolibrary.org/obo/DDO.owl#DDO_0003501>	<http://www.w3.org/2002/07/owl#Class>
<http://purl.obolibrary.org/obo/DDO.owl#DDO_0003502>	<http://www.w3.org/2002/07/owl#Class>
<http://purl.obolibrary.org/obo/DDO.owl#DDO_0003503>	<http://www.w3.org/2002/07/owl#Class>
<http://purl.obolibrary.org/obo/DDO.owl#DDO_0003504>	<http://www.w3.org/2002/07/owl#Class>
<http://purl.obolibrary.org/obo/DDO.owl#DDO_0003505>	<http://www.w3.org/2002/07/owl#Class>
<http://purl.obolibrary.org/obo/DDO.owl#DDO_0003506>	<http://www.w3.org/2002/07/owl#Class>
<http://purl.obolibrary.org/obo/DDO.owl#DDO_0003507>	<http://www.w3.org/2002/07/owl#Class>
<http://purl.obolibrary.org/obo/DDO.owl#DDO_0003508>	<http://www.w3.org/2002/07/owl#Class>
<http://purl.obolibrary.org/obo/DDO.owl#DDO_0003509>	<http://www.w3.org/2002/07/owl#Class>
<http://purl.obolibrary.org/obo/DDO.owl#DDO_0003510>	<http://www.w3.org/2002/07/owl#Class>
<http://purl.obolibrary.org/obo/DDO.owl#DDO_0003511>	<http://www.w3.org/2002/07/owl#Class>
<http://purl.obolibrary.org/obo/DDO.owl#DDO_0003512>	<http://www.w3.org/2002/07/owl#Class>
<http://purl.obolibrary.org/obo/DDO.owl#DDO_0003513>	<http://www.w3.org/2002/07/owl#Class>
<http://purl.obolibrary.org/obo/DDO.owl#DDO_0003514>	<http://www.w3.org/2002/07/owl#Class>
<http://purl.obolibrary.org/obo/DDO.owl#DDO_0003515>	<http://www.w3.org/2002/07/owl#Class>
<http://purl.obolibrary.org/obo/DDO.owl#DDO_0003516>	<http://www.w3.org/2002/07/owl#Class>
<http://purl.obolibrary.org/obo/DDO.owl#DDO_0003517>	<http://www.w3.org/2002/07/owl#Class>
<http://purl.obolibrary.org/obo/DDO.owl#DDO_0003518>	<http://www.w3.org/2002/07/owl#Class>
<http://purl.obolibrary.org/obo/DDO.owl#DDO_0003519>	<http://www.w3.org/2002/07/owl#Class>
<http://purl.obolibrary.org/obo/DDO.owl#DDO_0003520>	<http://www.w3.org/2002/07/owl#Class>
<http://purl.obolibrary.org/obo/DDO.owl#DDO_0003521>	<http://www.w3.org/2002/07/owl#Class>
<http://purl.obolibrary.org/obo/DDO.owl#DDO_0003522>	<http://www.w3.org/2002/07/owl#Class>
<http://purl.obolibrary.org/obo/DDO.owl#DDO_0003523>	<http://www.w3.org/2002/07/owl#Class>
<http://purl.obolibrary.org/obo/DDO.owl#DDO_0003524>	<http://www.w3.org/2002/07/owl#Class>
<http://purl.obolibrary.org/obo/DDO.owl#DDO_0003525>	<http://www.w3.org/2002/07/owl#Class>
<http://purl.obolibrary.org/obo/DDO.owl#DDO_0003526>	<http://www.w3.org/2002/07/owl#Class>
<http://purl.obolibrary.org/obo/DDO.owl#DDO_0003527>	<http://www.w3.org/2002/07/owl#Class>
<http://purl.obolibrary.org/obo/DDO.owl#DDO_0003528>	<http://www.w3.org/2002/07/owl#Class>
<http://purl.obolibrary.org/obo/DDO.owl#DDO_0003529>	<http://www.w3.org/2002/07/owl#Class>
<http://purl.obolibrary.org/obo/DDO.owl#DDO_0003530>	<http://www.w3.org/2002/07/owl#Class>
<http://purl.obolibrary.org/obo/DDO.owl#DDO_0003531>	<http://www.w3.org/2002/07/owl#Class>
<http://purl.obolibrary.org/obo/DDO.owl#DDO_0003532>	<http://www.w3.org/2002/07/owl#Class>
<http://purl.obolibrary.org/obo/DDO.owl#DDO_0003533>	<http://www.w3.org/2002/07/owl#Class>
<http://purl.obolibrary.org/obo/DDO.owl#DDO_0003534>	<http://www.w3.org/2002/07/owl#Class>
<http://purl.obolibrary.org/obo/DDO.owl#DDO_0003535>	<http://www.w3.org/2002/07/owl#Class>
<http://purl.obolibrary.org/obo/DDO.owl#DDO_0003536>	<http://www.w3.org/2002/07/owl#Class>
<http://purl.obolibrary.org/obo/DDO.owl#DDO_0003537>	<http://www.w3.org/2002/07/owl#Class>
<http://purl.obolibrary.org/obo/DDO.owl#DDO_0003538>	<http://www.w3.org/2002/07/owl#Class>
<http://purl.obolibrary.org/obo/DDO.owl#DDO_0003539>	<http://www.w3.org/2002/07/owl#Class>
<http://purl.obolibrary.org/obo/DDO.owl#DDO_0003541>	<http://www.w3.org/2002/07/owl#Class>
<http://purl.obolibrary.org/obo/DDO.owl#DDO_0003542>	<http://www.w3.org/2002/07/owl#Class>
<http://purl.obolibrary.org/obo/DDO.owl#DDO_0003543>	<http://www.w3.org/2002/07/owl#Class>
<http://purl.obolibrary.org/obo/DDO.owl#DDO_0003544>	<http://www.w3.org/2002/07/owl#Class>
<http://purl.obolibrary.org/obo/DDO.owl#DDO_0003545>	<http://www.w3.org/2002/07/owl#Class>
<http://purl.obolibrary.org/obo/DDO.owl#DDO_0003546>	<http://www.w3.org/2002/07/owl#Class>
<http://purl.obolibrary.org/obo/DDO.owl#DDO_0003547>	<http://www.w3.org/2002/07/owl#Class>
<http://purl.obolibrary.org/obo/DDO.owl#DDO_0003548>	<http://www.w3.org/2002/07/owl#Class>
<http://purl.obolibrary.org/obo/DDO.owl#DDO_0003549>	<http://www.w3.org/2002/07/owl#Class>
<http://purl.obolibrary.org/obo/DDO.owl#DDO_0003550>	<http://www.w3.org/2002/07/owl#Class>
<http://purl.obolibrary.org/obo/DDO.owl#DDO_0003551>	<http://www.w3.org/2002/07/owl#Class>
<http://purl.obolibrary.org/obo/DDO.owl#DDO_0003552>	<http://www.w3.org/2002/07/owl#Class>
<http://purl.obolibrary.org/obo/DDO.owl#DDO_0003553>	<http://www.w3.org/2002/07/owl#Class>
<http://purl.obolibrary.org/obo/DDO.owl#DDO_0003554>	<http://www.w3.org/2002/07/owl#Class>
<http://purl.obolibrary.org/obo/DDO.owl#DDO_0003555>	<http://www.w3.org/2002/07/owl#Class>
<http://purl.obolibrary.org/obo/DDO.owl#DDO_0003556>	<http://www.w3.org/2002/07/owl#Class>
<http://purl.obolibrary.org/obo/DDO.owl#DDO_0003557>	<http://www.w3.org/2002/07/owl#Class>
<http://purl.obolibrary.org/obo/DDO.owl#DDO_0003558>	<http://www.w3.org/2002/07/owl#Class>
<http://purl.obolibrary.org/obo/DDO.owl#DDO_0003559>	<http://www.w3.org/2002/07/owl#Class>
<http://purl.obolibrary.org/obo/DDO.owl#DDO_0003560>	<http://www.w3.org/2002/07/owl#Class>
<http://purl.obolibrary.org/obo/DDO.owl#DDO_0003562>	<http://www.w3.org/2002/07/owl#Class>
<http://purl.obolibrary.org/obo/DDO.owl#DDO_0003563>	<http://www.w3.org/2002/07/owl#Class>
<http://purl.obolibrary.org/obo/DDO.owl#DDO_0003564>	<http://www.w3.org/2002/07/owl#Class>
<http://purl.obolibrary.org/obo/DDO.owl#DDO_0003565>	<http://www.w3.org/2002/07/owl#Class>
<http://purl.obolibrary.org/obo/DDO.owl#DDO_0003566>	<http://www.w3.org/2002/07/owl#Class>
<http://purl.obolibrary.org/obo/DDO.owl#DDO_0003567>	<http://www.w3.org/2002/07/owl#Class>
<http://purl.obolibrary.org/obo/DDO.owl#DDO_0003568>	<http://www.w3.org/2002/07/owl#Class>
<http://purl.obolibrary.org/obo/DDO.owl#DDO_0003569>	<http://www.w3.org/2002/07/owl#Class>
<http://purl.obolibrary.org/obo/DDO.owl#DDO_0003570>	<http://www.w3.org/2002/07/owl#Class>
<http://purl.obolibrary.org/obo/DDO.owl#DDO_0003571>	<http://www.w3.org/2002/07/owl#Class>
<http://purl.obolibrary.org/obo/DDO.owl#DDO_0003572>	<http://www.w3.org/2002/07/owl#Class>
<http://purl.obolibrary.org/obo/DDO.owl#DDO_0003573>	<http://www.w3.org/2002/07/owl#Class>
<http://purl.obolibrary.org/obo/DDO.owl#DDO_0003574>	<http://www.w3.org/2002/07/owl#Class>
<http://purl.obolibrary.org/obo/DDO.owl#DDO_0003575>	<http://www.w3.org/2002/07/owl#Class>
<http://purl.obolibrary.org/obo/DDO.owl#DDO_0003576>	<http://www.w3.org/2002/07/owl#Class>
<http://purl.obolibrary.org/obo/DDO.owl#DDO_0003577>	<http://www.w3.org/2002/07/owl#Class>
<http://purl.obolibrary.org/obo/DDO.owl#DDO_0003578>	<http://www.w3.org/2002/07/owl#Class>
<http://purl.obolibrary.org/obo/DDO.owl#DDO_0003579>	<http://www.w3.org/2002/07/owl#Class>
<http://purl.obolibrary.org/obo/DDO.owl#DDO_0003580>	<http://www.w3.org/2002/07/owl#Class>
<http://purl.obolibrary.org/obo/DDO.owl#DDO_0003581>	<http://www.w3.org/2002/07/owl#Class>
<http://purl.obolibrary.org/obo/DDO.owl#DDO_0003582>	<http://www.w3.org/2002/07/owl#Class>
<http://purl.obolibrary.org/obo/DDO.owl#DDO_0003583>	<http://www.w3.org/2002/07/owl#Class>
<http://purl.obolibrary.org/obo/DDO.owl#DDO_0003584>	<http://www.w3.org/2002/07/owl#Class>
<http://purl.obolibrary.org/obo/DDO.owl#DDO_0003585>	<http://www.w3.org/2002/07/owl#Class>
<http://purl.obolibrary.org/obo/DDO.owl#DDO_0003586>	<http://www.w3.org/2002/07/owl#Class>
<http://purl.obolibrary.org/obo/DDO.owl#DDO_0003587>	<http://www.w3.org/2002/07/owl#Class>
<http://purl.obolibrary.org/obo/DDO.owl#DDO_0003588>	<http://www.w3.org/2002/07/owl#Class>
<http://purl.obolibrary.org/obo/DDO.owl#DDO_0003589>	<http://www.w3.org/2002/07/owl#Class>
<http://purl.obolibrary.org/obo/DDO.owl#DDO_0003590>	<http://www.w3.org/2002/07/owl#Class>
<http://purl.obolibrary.org/obo/DDO.owl#DDO_0003591>	<http://www.w3.org/2002/07/owl#Class>
<http://purl.obolibrary.org/obo/DDO.owl#DDO_0003592>	<http://www.w3.org/2002/07/owl#Class>
<http://purl.obolibrary.org/obo/DDO.owl#DDO_0003593>	<http://www.w3.org/2002/07/owl#Class>
<http://purl.obolibrary.org/obo/DDO.owl#DDO_0003594>	<http://www.w3.org/2002/07/owl#Class>
<http://purl.obolibrary.org/obo/DDO.owl#DDO_0003595>	<http://www.w3.org/2002/07/owl#Class>
<http://purl.obolibrary.org/obo/DDO.owl#DDO_0003596>	<http://www.w3.org/2002/07/owl#Class>
<http://purl.obolibrary.org/obo/DDO.owl#DDO_0003597>	<http://www.w3.org/2002/07/owl#Class>
<http://purl.obolibrary.org/obo/DDO.owl#DDO_0003598>	<http://www.w3.org/2002/07/owl#Class>
<http://purl.obolibrary.org/obo/DDO.owl#DDO_0003599>	<http://www.w3.org/2002/07/owl#Class>
<http://purl.obolibrary.org/obo/DDO.owl#DDO_0003600>	<http://www.w3.org/2002/07/owl#Class>
<http://purl.obolibrary.org/obo/DDO.owl#DDO_0003601>	<http://www.w3.org/2002/07/owl#Class>
<http://purl.obolibrary.org/obo/DDO.owl#DDO_0003602>	<http://www.w3.org/2002/07/owl#Class>
<http://purl.obolibrary.org/obo/DDO.owl#DDO_0003603>	<http://www.w3.org/2002/07/owl#Class>
<http://purl.obolibrary.org/obo/DDO.owl#DDO_0003604>	<http://www.w3.org/2002/07/owl#Class>
<http://purl.obolibrary.org/obo/DDO.owl#DDO_0003605>	<http://www.w3.org/2002/07/owl#Class>
<http://purl.obolibrary.org/obo/DDO.owl#DDO_0003606>	<http://www.w3.org/2002/07/owl#Class>
<http://purl.obolibrary.org/obo/DDO.owl#DDO_0003607>	<http://www.w3.org/2002/07/owl#Class>
<http://purl.obolibrary.org/obo/DDO.owl#DDO_0003608>	<http://www.w3.org/2002/07/owl#Class>
<http://purl.obolibrary.org/obo/DDO.owl#DDO_0003609>	<http://www.w3.org/2002/07/owl#Class>
<http://purl.obolibrary.org/obo/DDO.owl#DDO_0003610>	<http://www.w3.org/2002/07/owl#Class>
<http://purl.obolibrary.org/obo/DDO.owl#DDO_0003611>	<http://www.w3.org/2002/07/owl#Class>
<http://purl.obolibrary.org/obo/DDO.owl#DDO_0003612>	<http://www.w3.org/2002/07/owl#Class>
<http://purl.obolibrary.org/obo/DDO.owl#DDO_0003613>	<http://www.w3.org/2002/07/owl#Class>
<http://purl.obolibrary.org/obo/DDO.owl#DDO_0003614>	<http://www.w3.org/2002/07/owl#Class>
<http://purl.obolibrary.org/obo/DDO.owl#DDO_0003615>	<http://www.w3.org/2002/07/owl#Class>
<http://purl.obolibrary.org/obo/DDO.owl#DDO_0003616>	<http://www.w3.org/2002/07/owl#Class>
<http://purl.obolibrary.org/obo/DDO.owl#DDO_0003617>	<http://www.w3.org/2002/07/owl#Class>
<http://purl.obolibrary.org/obo/DDO.owl#DDO_0003618>	<http://www.w3.org/2002/07/owl#Class>
<http://purl.obolibrary.org/obo/DDO.owl#DDO_0003619>	<http://www.w3.org/2002/07/owl#Class>
<http://purl.obolibrary.org/obo/DDO.owl#DDO_0003620>	<http://www.w3.org/2002/07/owl#Class>
<http://purl.obolibrary.org/obo/DDO.owl#DDO_0003621>	<http://www.w3.org/2002/07/owl#Class>
<http://purl.obolibrary.org/obo/DDO.owl#DDO_0003622>	<http://www.w3.org/2002/07/owl#Class>
<http://purl.obolibrary.org/obo/DDO.owl#DDO_0003623>	<http://www.w3.org/2002/07/owl#Class>
<http://purl.obolibrary.org/obo/DDO.owl#DDO_0003624>	<http://www.w3.org/2002/07/owl#Class>
<http://purl.obolibrary.org/obo/DDO.owl#DDO_0003625>	<http://www.w3.org/2002/07/owl#Class>
<http://purl.obolibrary.org/obo/DDO.owl#DDO_0003626>	<http://www.w3.org/2002/07/owl#Class>
<http://purl.obolibrary.org/obo/DDO.owl#DDO_0003627>	<http://www.w3.org/2002/07/owl#Class>
<http://purl.obolibrary.org/obo/DDO.owl#DDO_0003628>	<http://www.w3.org/2002/07/owl#Class>
<http://purl.obolibrary.org/obo/DDO.owl#DDO_0003629>	<http://www.w3.org/2002/07/owl#Class>
<http://purl.obolibrary.org/obo/DDO.owl#DDO_0003630>	<http://www.w3.org/2002/07/owl#Class>
<http://purl.obolibrary.org/obo/DDO.owl#DDO_0003631>	<http://www.w3.org/2002/07/owl#Class>
<http://purl.obolibrary.org/obo/DDO.owl#DDO_0003632>	<http://www.w3.org/2002/07/owl#Class>
<http://purl.obolibrary.org/obo/DDO.owl#DDO_0003633>	<http://www.w3.org/2002/07/owl#Class>
<http://purl.obolibrary.org/obo/DDO.owl#DDO_0003634>	<http://www.w3.org/2002/07/owl#Class>
<http://purl.obolibrary.org/obo/DDO.owl#DDO_0003635>	<http://www.w3.org/2002/07/owl#Class>
<http://purl.obolibrary.org/obo/DDO.owl#DDO_0003636>	<http://www.w3.org/2002/07/owl#Class>
<http://purl.obolibrary.org/obo/DDO.owl#DDO_0003637>	<http://www.w3.org/2002/07/owl#Class>
<http://purl.obolibrary.org/obo/DDO.owl#DDO_0003638>	<http://www.w3.org/2002/07/owl#Class>
<http://purl.obolibrary.org/obo/DDO.owl#DDO_0003639>	<http://www.w3.org/2002/07/owl#Class>
<http://purl.obolibrary.org/obo/DDO.owl#DDO_0003640>	<http://www.w3.org/2002/07/owl#Class>
<http://purl.obolibrary.org/obo/DDO.owl#DDO_0003641>	<http://www.w3.org/2002/07/owl#Class>
<http://purl.obolibrary.org/obo/DDO.owl#DDO_0003642>	<http://www.w3.org/2002/07/owl#Class>
<http://purl.obolibrary.org/obo/DDO.owl#DDO_0003643>	<http://www.w3.org/2002/07/owl#Class>
<http://purl.obolibrary.org/obo/DDO.owl#DDO_0003644>	<http://www.w3.org/2002/07/owl#Class>
<http://purl.obolibrary.org/obo/DDO.owl#DDO_0003645>	<http://www.w3.org/2002/07/owl#Class>
<http://purl.obolibrary.org/obo/DDO.owl#DDO_0003646>	<http://www.w3.org/2002/07/owl#Class>
<http://purl.obolibrary.org/obo/DDO.owl#DDO_0003647>	<http://www.w3.org/2002/07/owl#Class>
<http://purl.obolibrary.org/obo/DDO.owl#DDO_0003648>	<http://www.w3.org/2002/07/owl#Class>
<http://purl.obolibrary.org/obo/DDO.owl#DDO_0003649>	<http://www.w3.org/2002/07/owl#Class>
<http://purl.obolibrary.org/obo/DDO.owl#DDO_0003650>	<http://www.w3.org/2002/07/owl#Class>
<http://purl.obolibrary.org/obo/DDO.owl#DDO_0003651>	<http://www.w3.org/2002/07/owl#Class>
<http://purl.obolibrary.org/obo/DDO.owl#DDO_0003652>	<http://www.w3.org/2002/07/owl#Class>
<http://purl.obolibrary.org/obo/DDO.owl#DDO_0003653>	<http://www.w3.org/2002/07/owl#Class>
<http://purl.obolibrary.org/obo/DDO.owl#DDO_0003654>	<http://www.w3.org/2002/07/owl#Class>
<http://purl.obolibrary.org/obo/DDO.owl#DDO_0003655>	<http://www.w3.org/2002/07/owl#Class>
<http://purl.obolibrary.org/obo/DDO.owl#DDO_0003656>	<http://www.w3.org/2002/07/owl#Class>
<http://purl.obolibrary.org/obo/DDO.owl#DDO_0003658>	<http://www.w3.org/2002/07/owl#Class>
<http://purl.obolibrary.org/obo/DDO.owl#DDO_0003659>	<http://www.w3.org/2002/07/owl#Class>
<http://purl.obolibrary.org/obo/DDO.owl#DDO_0003660>	<http://www.w3.org/2002/07/owl#Class>
<http://purl.obolibrary.org/obo/DDO.owl#DDO_0003661>	<http://www.w3.org/2002/07/owl#Class>
<http://purl.obolibrary.org/obo/DDO.owl#DDO_0003662>	<http://www.w3.org/2002/07/owl#Class>
<http://purl.obolibrary.org/obo/DDO.owl#DDO_0003663>	<http://www.w3.org/2002/07/owl#Class>
<http://purl.obolibrary.org/obo/DDO.owl#DDO_0003664>	<http://www.w3.org/2002/07/owl#Class>
<http://purl.obolibrary.org/obo/DDO.owl#DDO_0003665>	<http://www.w3.org/2002/07/owl#Class>
<http://purl.obolibrary.org/obo/DDO.owl#DDO_0003666>	<http://www.w3.org/2002/07/owl#Class>
<http://purl.obolibrary.org/obo/DDO.owl#DDO_0003667>	<http://www.w3.org/2002/07/owl#Class>
<http://purl.obolibrary.org/obo/DDO.owl#DDO_0003668>	<http://www.w3.org/2002/07/owl#Class>
<http://purl.obolibrary.org/obo/DDO.owl#DDO_0003669>	<http://www.w3.org/2002/07/owl#Class>
<http://purl.obolibrary.org/obo/DDO.owl#DDO_0003670>	<http://www.w3.org/2002/07/owl#Class>
<http://purl.obolibrary.org/obo/DDO.owl#DDO_0003671>	<http://www.w3.org/2002/07/owl#Class>
<http://purl.obolibrary.org/obo/DDO.owl#DDO_0003672>	<http://www.w3.org/2002/07/owl#Class>
<http://purl.obolibrary.org/obo/DDO.owl#DDO_0003673>	<http://www.w3.org/2002/07/owl#Class>
<http://purl.obolibrary.org/obo/DDO.owl#DDO_0003674>	<http://www.w3.org/2002/07/owl#Class>
<http://purl.obolibrary.org/obo/DDO.owl#DDO_0003675>	<http://www.w3.org/2002/07/owl#Class>
<http://purl.obolibrary.org/obo/DDO.owl#DDO_0003676>	<http://www.w3.org/2002/07/owl#Class>
<http://purl.obolibrary.org/obo/DDO.owl#DDO_0003677>	<http://www.w3.org/2002/07/owl#Class>
<http://purl.obolibrary.org/obo/DDO.owl#DDO_0003678>	<http://www.w3.org/2002/07/owl#Class>
<http://purl.obolibrary.org/obo/DDO.owl#DDO_0003679>	<http://www.w3.org/2002/07/owl#Class>
<http://purl.obolibrary.org/obo/DDO.owl#DDO_0003680>	<http://www.w3.org/2002/07/owl#Class>
<http://purl.obolibrary.org/obo/DDO.owl#DDO_0003681>	<http://www.w3.org/2002/07/owl#Class>
<http://purl.obolibrary.org/obo/DDO.owl#DDO_0003682>	<http://www.w3.org/2002/07/owl#Class>
<http://purl.obolibrary.org/obo/DDO.owl#DDO_0003683>	<http://www.w3.org/2002/07/owl#Class>
<http://purl.obolibrary.org/obo/DDO.owl#DDO_0003684>	<http://www.w3.org/2002/07/owl#Class>
<http://purl.obolibrary.org/obo/DDO.owl#DDO_0003685>	<http://www.w3.org/2002/07/owl#Class>
<http://purl.obolibrary.org/obo/DDO.owl#DDO_0003686>	<http://www.w3.org/2002/07/owl#Class>
<http://purl.obolibrary.org/obo/DDO.owl#DDO_0003687>	<http://www.w3.org/2002/07/owl#Class>
<http://purl.obolibrary.org/obo/DDO.owl#DDO_0003688>	<http://www.w3.org/2002/07/owl#Class>
<http://purl.obolibrary.org/obo/DDO.owl#DDO_0003689>	<http://www.w3.org/2002/07/owl#Class>
<http://purl.obolibrary.org/obo/DDO.owl#DDO_0003690>	<http://www.w3.org/2002/07/owl#Class>
<http://purl.obolibrary.org/obo/DDO.owl#DDO_0003691>	<http://www.w3.org/2002/07/owl#Class>
<http://purl.obolibrary.org/obo/DDO.owl#DDO_0003692>	<http://www.w3.org/2002/07/owl#Class>
<http://purl.obolibrary.org/obo/DDO.owl#DDO_0003693>	<http://www.w3.org/2002/07/owl#Class>
<http://purl.obolibrary.org/obo/DDO.owl#DDO_0003694>	<http://www.w3.org/2002/07/owl#Class>
<http://purl.obolibrary.org/obo/DDO.owl#DDO_0003695>	<http://www.w3.org/2002/07/owl#Class>
<http://purl.obolibrary.org/obo/DDO.owl#DDO_0003696>	<http://www.w3.org/2002/07/owl#Class>
<http://purl.obolibrary.org/obo/DDO.owl#DDO_0003697>	<http://www.w3.org/2002/07/owl#Class>
<http://purl.obolibrary.org/obo/DDO.owl#DDO_0003698>	<http://www.w3.org/2002/07/owl#Class>
<http://purl.obolibrary.org/obo/DDO.owl#DDO_0003699>	<http://www.w3.org/2002/07/owl#Class>
<http://purl.obolibrary.org/obo/DDO.owl#DDO_0003700>	<http://www.w3.org/2002/07/owl#Class>
<http://purl.obolibrary.org/obo/DDO.owl#DDO_0003701>	<http://www.w3.org/2002/07/owl#Class>
<http://purl.obolibrary.org/obo/DDO.owl#DDO_0003702>	<http://www.w3.org/2002/07/owl#Class>
<http://purl.obolibrary.org/obo/DDO.owl#DDO_0003703>	<http://www.w3.org/2002/07/owl#Class>
<http://purl.obolibrary.org/obo/DDO.owl#DDO_0003704>	<http://www.w3.org/2002/07/owl#Class>
<http://purl.obolibrary.org/obo/DDO.owl#DDO_0003705>	<http://www.w3.org/2002/07/owl#Class>
<http://purl.obolibrary.org/obo/DDO.owl#DDO_0003706>	<http://www.w3.org/2002/07/owl#Class>
<http://purl.obolibrary.org/obo/DDO.owl#DDO_0003707>	<http://www.w3.org/2002/07/owl#Class>
<http://purl.obolibrary.org/obo/DDO.owl#DDO_0003708>	<http://www.w3.org/2002/07/owl#Class>
<http://purl.obolibrary.org/obo/DDO.owl#DDO_0003709>	<http://www.w3.org/2002/07/owl#Class>
<http://purl.obolibrary.org/obo/DDO.owl#DDO_0003710>	<http://www.w3.org/2002/07/owl#Class>
<http://purl.obolibrary.org/obo/DDO.owl#DDO_0003711>	<http://www.w3.org/2002/07/owl#Class>
<http://purl.obolibrary.org/obo/DDO.owl#DDO_0003712>	<http://www.w3.org/2002/07/owl#Class>
<http://purl.obolibrary.org/obo/DDO.owl#DDO_0003713>	<http://www.w3.org/2002/07/owl#Class>
<http://purl.obolibrary.org/obo/DDO.owl#DDO_0003714>	<http://www.w3.org/2002/07/owl#Class>
<http://purl.obolibrary.org/obo/DDO.owl#DDO_0003715>	<http://www.w3.org/2002/07/owl#Class>
<http://purl.obolibrary.org/obo/DDO.owl#DDO_0003716>	<http://www.w3.org/2002/07/owl#Class>
<http://purl.obolibrary.org/obo/DDO.owl#DDO_0003717>	<http://www.w3.org/2002/07/owl#Class>
<http://purl.obolibrary.org/obo/DDO.owl#DDO_0003718>	<http://www.w3.org/2002/07/owl#Class>
<http://purl.obolibrary.org/obo/DDO.owl#DDO_0003719>	<http://www.w3.org/2002/07/owl#Class>
<http://purl.obolibrary.org/obo/DDO.owl#DDO_0003720>	<http://www.w3.org/2002/07/owl#Class>
<http://purl.obolibrary.org/obo/DDO.owl#DDO_0003721>	<http://www.w3.org/2002/07/owl#Class>
<http://purl.obolibrary.org/obo/DDO.owl#DDO_0003722>	<http://www.w3.org/2002/07/owl#Class>
<http://purl.obolibrary.org/obo/DDO.owl#DDO_0003723>	<http://www.w3.org/2002/07/owl#Class>
<http://purl.obolibrary.org/obo/DDO.owl#DDO_0003724>	<http://www.w3.org/2002/07/owl#Class>
<http://purl.obolibrary.org/obo/DDO.owl#DDO_0003725>	<http://www.w3.org/2002/07/owl#Class>
<http://purl.obolibrary.org/obo/DDO.owl#DDO_0003726>	<http://www.w3.org/2002/07/owl#Class>
<http://purl.obolibrary.org/obo/DDO.owl#DDO_0003727>	<http://www.w3.org/2002/07/owl#Class>
<http://purl.obolibrary.org/obo/DDO.owl#DDO_0003728>	<http://www.w3.org/2002/07/owl#Class>
<http://purl.obolibrary.org/obo/DDO.owl#DDO_0003729>	<http://www.w3.org/2002/07/owl#Class>
<http://purl.obolibrary.org/obo/DDO.owl#DDO_0003730>	<http://www.w3.org/2002/07/owl#Class>
<http://purl.obolibrary.org/obo/DDO.owl#DDO_0003731>	<http://www.w3.org/2002/07/owl#Class>
<http://purl.obolibrary.org/obo/DDO.owl#DDO_0003732>	<http://www.w3.org/2002/07/owl#Class>
<http://purl.obolibrary.org/obo/DDO.owl#DDO_0003733>	<http://www.w3.org/2002/07/owl#Class>
<http://purl.obolibrary.org/obo/DDO.owl#DDO_0003734>	<http://www.w3.org/2002/07/owl#Class>
<http://purl.obolibrary.org/obo/DDO.owl#DDO_0003736>	<http://www.w3.org/2002/07/owl#Class>
<http://purl.obolibrary.org/obo/DDO.owl#DDO_0003737>	<http://www.w3.org/2002/07/owl#Class>
<http://purl.obolibrary.org/obo/DDO.owl#DDO_0003738>	<http://www.w3.org/2002/07/owl#Class>
<http://purl.obolibrary.org/obo/DDO.owl#DDO_0003739>	<http://www.w3.org/2002/07/owl#Class>
<http://purl.obolibrary.org/obo/DDO.owl#DDO_0003740>	<http://www.w3.org/2002/07/owl#Class>
<http://purl.obolibrary.org/obo/DDO.owl#DDO_0003741>	<http://www.w3.org/2002/07/owl#Class>
<http://purl.obolibrary.org/obo/DDO.owl#DDO_0003742>	<http://www.w3.org/2002/07/owl#Class>
<http://purl.obolibrary.org/obo/DDO.owl#DDO_0003743>	<http://www.w3.org/2002/07/owl#Class>
<http://purl.obolibrary.org/obo/DDO.owl#DDO_0003744>	<http://www.w3.org/2002/07/owl#Class>
<http://purl.obolibrary.org/obo/DDO.owl#DDO_0003745>	<http://www.w3.org/2002/07/owl#Class>
<http://purl.obolibrary.org/obo/DDO.owl#DDO_0003746>	<http://www.w3.org/2002/07/owl#Class>
<http://purl.obolibrary.org/obo/DDO.owl#DDO_0003747>	<http://www.w3.org/2002/07/owl#Class>
<http://purl.obolibrary.org/obo/DDO.owl#DDO_0003748>	<http://www.w3.org/2002/07/owl#Class>
<http://purl.obolibrary.org/obo/DDO.owl#DDO_0003749>	<http://www.w3.org/2002/07/owl#Class>
<http://purl.obolibrary.org/obo/DDO.owl#DDO_0003750>	<http://www.w3.org/2002/07/owl#Class>
<http://purl.obolibrary.org/obo/DDO.owl#DDO_0003751>	<http://www.w3.org/2002/07/owl#Class>
<http://purl.obolibrary.org/obo/DDO.owl#DDO_0003752>	<http://www.w3.org/2002/07/owl#Class>
<http://purl.obolibrary.org/obo/DDO.owl#DDO_0003753>	<http://www.w3.org/2002/07/owl#Class>
<http://purl.obolibrary.org/obo/DDO.owl#DDO_0003754>	<http://www.w3.org/2002/07/owl#Class>
<http://purl.obolibrary.org/obo/DDO.owl#DDO_0003755>	<http://www.w3.org/2002/07/owl#Class>
<http://purl.obolibrary.org/obo/DDO.owl#DDO_0003756>	<http://www.w3.org/2002/07/owl#Class>
<http://purl.obolibrary.org/obo/DDO.owl#DDO_0003757>	<http://www.w3.org/2002/07/owl#Class>
<http://purl.obolibrary.org/obo/DDO.owl#DDO_0003758>	<http://www.w3.org/2002/07/owl#Class>
<http://purl.obolibrary.org/obo/DDO.owl#DDO_0003759>	<http://www.w3.org/2002/07/owl#Class>
<http://purl.obolibrary.org/obo/DDO.owl#DDO_0003760>	<http://www.w3.org/2002/07/owl#Class>
<http://purl.obolibrary.org/obo/DDO.owl#DDO_0003761>	<http://www.w3.org/2002/07/owl#Class>
<http://purl.obolibrary.org/obo/DDO.owl#DDO_0003762>	<http://www.w3.org/2002/07/owl#Class>
<http://purl.obolibrary.org/obo/DDO.owl#DDO_0003763>	<http://www.w3.org/2002/07/owl#Class>
<http://purl.obolibrary.org/obo/DDO.owl#DDO_0003764>	<http://www.w3.org/2002/07/owl#Class>
<http://purl.obolibrary.org/obo/DDO.owl#DDO_0003765>	<http://www.w3.org/2002/07/owl#Class>
<http://purl.obolibrary.org/obo/DDO.owl#DDO_0003766>	<http://www.w3.org/2002/07/owl#Class>
<http://purl.obolibrary.org/obo/DDO.owl#DDO_0003768>	<http://www.w3.org/2002/07/owl#Class>
<http://purl.obolibrary.org/obo/DDO.owl#DDO_0003769>	<http://www.w3.org/2002/07/owl#Class>
<http://purl.obolibrary.org/obo/DDO.owl#DDO_0003770>	<http://www.w3.org/2002/07/owl#Class>
<http://purl.obolibrary.org/obo/DDO.owl#DDO_0003771>	<http://www.w3.org/2002/07/owl#Class>
<http://purl.obolibrary.org/obo/DDO.owl#DDO_0003772>	<http://www.w3.org/2002/07/owl#Class>
<http://purl.obolibrary.org/obo/DDO.owl#DDO_0003773>	<http://www.w3.org/2002/07/owl#Class>
<http://purl.obolibrary.org/obo/DDO.owl#DDO_0003774>	<http://www.w3.org/2002/07/owl#Class>
<http://purl.obolibrary.org/obo/DDO.owl#DDO_0003775>	<http://www.w3.org/2002/07/owl#Class>
<http://purl.obolibrary.org/obo/DDO.owl#DDO_0003776>	<http://www.w3.org/2002/07/owl#Class>
<http://purl.obolibrary.org/obo/DDO.owl#DDO_0003777>	<http://www.w3.org/2002/07/owl#Class>
<http://purl.obolibrary.org/obo/DDO.owl#DDO_0003778>	<http://www.w3.org/2002/07/owl#Class>
<http://purl.obolibrary.org/obo/DDO.owl#DDO_0003779>	<http://www.w3.org/2002/07/owl#Class>
<http://purl.obolibrary.org/obo/DDO.owl#DDO_0003780>	<http://www.w3.org/2002/07/owl#Class>
<http://purl.obolibrary.org/obo/DDO.owl#DDO_0003781>	<http://www.w3.org/2002/07/owl#Class>
<http://purl.obolibrary.org/obo/DDO.owl#DDO_0003782>	<http://www.w3.org/2002/07/owl#Class>
<http://purl.obolibrary.org/obo/DDO.owl#DDO_0003783>	<http://www.w3.org/2002/07/owl#Class>
<http://purl.obolibrary.org/obo/DDO.owl#DDO_0003784>	<http://www.w3.org/2002/07/owl#Class>
<http://purl.obolibrary.org/obo/DDO.owl#DDO_0003785>	<http://www.w3.org/2002/07/owl#Class>
<http://purl.obolibrary.org/obo/DDO.owl#DDO_0003786>	<http://www.w3.org/2002/07/owl#Class>
<http://purl.obolibrary.org/obo/DDO.owl#DDO_0003787>	<http://www.w3.org/2002/07/owl#Class>
<http://purl.obolibrary.org/obo/DDO.owl#DDO_0003788>	<http://www.w3.org/2002/07/owl#Class>
<http://purl.obolibrary.org/obo/DDO.owl#DDO_0003789>	<http://www.w3.org/2002/07/owl#Class>
<http://purl.obolibrary.org/obo/DDO.owl#DDO_0003790>	<http://www.w3.org/2002/07/owl#Class>
<http://purl.obolibrary.org/obo/DDO.owl#DDO_0003791>	<http://www.w3.org/2002/07/owl#Class>
<http://purl.obolibrary.org/obo/DDO.owl#DDO_0003792>	<http://www.w3.org/2002/07/owl#Class>
<http://purl.obolibrary.org/obo/DDO.owl#DDO_0003793>	<http://www.w3.org/2002/07/owl#Class>
<http://purl.obolibrary.org/obo/DDO.owl#DDO_0003794>	<http://www.w3.org/2002/07/owl#Class>
<http://purl.obolibrary.org/obo/DDO.owl#DDO_0003795>	<http://www.w3.org/2002/07/owl#Class>
<http://purl.obolibrary.org/obo/DDO.owl#DDO_0003796>	<http://www.w3.org/2002/07/owl#Class>
<http://purl.obolibrary.org/obo/DDO.owl#DDO_0003797>	<http://www.w3.org/2002/07/owl#Class>
<http://purl.obolibrary.org/obo/DDO.owl#DDO_0003798>	<http://www.w3.org/2002/07/owl#Class>
<http://purl.obolibrary.org/obo/DDO.owl#DDO_0003799>	<http://www.w3.org/2002/07/owl#Class>
<http://purl.obolibrary.org/obo/DDO.owl#DDO_0003800>	<http://www.w3.org/2002/07/owl#Class>
<http://purl.obolibrary.org/obo/DDO.owl#DDO_0003801>	<http://www.w3.org/2002/07/owl#Class>
<http://purl.obolibrary.org/obo/DDO.owl#DDO_0003802>	<http://www.w3.org/2002/07/owl#Class>
<http://purl.obolibrary.org/obo/DDO.owl#DDO_0003803>	<http://www.w3.org/2002/07/owl#Class>
<http://purl.obolibrary.org/obo/DDO.owl#DDO_0003804>	<http://www.w3.org/2002/07/owl#Class>
<http://purl.obolibrary.org/obo/DDO.owl#DDO_0003805>	<http://www.w3.org/2002/07/owl#Class>
<http://purl.obolibrary.org/obo/DDO.owl#DDO_0003806>	<http://www.w3.org/2002/07/owl#Class>
<http://purl.obolibrary.org/obo/DDO.owl#DDO_0003807>	<http://www.w3.org/2002/07/owl#Class>
<http://purl.obolibrary.org/obo/DDO.owl#DDO_0003808>	<http://www.w3.org/2002/07/owl#Class>
<http://purl.obolibrary.org/obo/DDO.owl#DDO_0003809>	<http://www.w3.org/2002/07/owl#Class>
<http://purl.obolibrary.org/obo/DDO.owl#DDO_0003810>	<http://www.w3.org/2002/07/owl#Class>
<http://purl.obolibrary.org/obo/DDO.owl#DDO_0003811>	<http://www.w3.org/2002/07/owl#Class>
<http://purl.obolibrary.org/obo/DDO.owl#DDO_0003812>	<http://www.w3.org/2002/07/owl#Class>
<http://purl.obolibrary.org/obo/DDO.owl#DDO_0003813>	<http://www.w3.org/2002/07/owl#Class>
<http://purl.obolibrary.org/obo/DDO.owl#DDO_0003814>	<http://www.w3.org/2002/07/owl#Class>
<http://purl.obolibrary.org/obo/DDO.owl#DDO_0003815>	<http://www.w3.org/2002/07/owl#Class>
<http://purl.obolibrary.org/obo/DDO.owl#DDO_0003816>	<http://www.w3.org/2002/07/owl#Class>
<http://purl.obolibrary.org/obo/DDO.owl#DDO_0003817>	<http://www.w3.org/2002/07/owl#Class>
<http://purl.obolibrary.org/obo/DDO.owl#DDO_0003818>	<http://www.w3.org/2002/07/owl#Class>
<http://purl.obolibrary.org/obo/DDO.owl#DDO_0003819>	<http://www.w3.org/2002/07/owl#Class>
<http://purl.obolibrary.org/obo/DDO.owl#DDO_0003820>	<http://www.w3.org/2002/07/owl#Class>
<http://purl.obolibrary.org/obo/DDO.owl#DDO_0003821>	<http://www.w3.org/2002/07/owl#Class>
<http://purl.obolibrary.org/obo/DDO.owl#DDO_0003822>	<http://www.w3.org/2002/07/owl#Class>
<http://purl.obolibrary.org/obo/DDO.owl#DDO_0003823>	<http://www.w3.org/2002/07/owl#Class>
<http://purl.obolibrary.org/obo/DDO.owl#DDO_0003824>	<http://www.w3.org/2002/07/owl#Class>
<http://purl.obolibrary.org/obo/DDO.owl#DDO_0003825>	<http://www.w3.org/2002/07/owl#Class>
<http://purl.obolibrary.org/obo/DDO.owl#DDO_0003826>	<http://www.w3.org/2002/07/owl#Class>
<http://purl.obolibrary.org/obo/DDO.owl#DDO_0003827>	<http://www.w3.org/2002/07/owl#Class>
<http://purl.obolibrary.org/obo/DDO.owl#DDO_0003828>	<http://www.w3.org/2002/07/owl#Class>
<http://purl.obolibrary.org/obo/DDO.owl#DDO_0003829>	<http://www.w3.org/2002/07/owl#Class>
<http://purl.obolibrary.org/obo/DDO.owl#DDO_0003830>	<http://www.w3.org/2002/07/owl#Class>
<http://purl.obolibrary.org/obo/DDO.owl#DDO_0003831>	<http://www.w3.org/2002/07/owl#Class>
<http://purl.obolibrary.org/obo/DDO.owl#DDO_0003832>	<http://www.w3.org/2002/07/owl#Class>
<http://purl.obolibrary.org/obo/DDO.owl#DDO_0003833>	<http://www.w3.org/2002/07/owl#Class>
<http://purl.obolibrary.org/obo/DDO.owl#DDO_0003834>	<http://www.w3.org/2002/07/owl#Class>
<http://purl.obolibrary.org/obo/DDO.owl#DDO_0003835>	<http://www.w3.org/2002/07/owl#Class>
<http://purl.obolibrary.org/obo/DDO.owl#DDO_0003836>	<http://www.w3.org/2002/07/owl#Class>
<http://purl.obolibrary.org/obo/DDO.owl#DDO_0003837>	<http://www.w3.org/2002/07/owl#Class>
<http://purl.obolibrary.org/obo/DDO.owl#DDO_0003838>	<http://www.w3.org/2002/07/owl#Class>
<http://purl.obolibrary.org/obo/DDO.owl#DDO_0003839>	<http://www.w3.org/2002/07/owl#Class>
<http://purl.obolibrary.org/obo/DDO.owl#DDO_0003840>	<http://www.w3.org/2002/07/owl#Class>
<http://purl.obolibrary.org/obo/DDO.owl#DDO_0003841>	<http://www.w3.org/2002/07/owl#Class>
<http://purl.obolibrary.org/obo/DDO.owl#DDO_0003842>	<http://www.w3.org/2002/07/owl#Class>
<http://purl.obolibrary.org/obo/DDO.owl#DDO_0003843>	<http://www.w3.org/2002/07/owl#Class>
<http://purl.obolibrary.org/obo/DDO.owl#DDO_0003844>	<http://www.w3.org/2002/07/owl#Class>
<http://purl.obolibrary.org/obo/DDO.owl#DDO_0003845>	<http://www.w3.org/2002/07/owl#Class>
<http://purl.obolibrary.org/obo/DDO.owl#DDO_0003846>	<http://www.w3.org/2002/07/owl#Class>
<http://purl.obolibrary.org/obo/DDO.owl#DDO_0003847>	<http://www.w3.org/2002/07/owl#Class>
<http://purl.obolibrary.org/obo/DDO.owl#DDO_0003848>	<http://www.w3.org/2002/07/owl#Class>
<http://purl.obolibrary.org/obo/DDO.owl#DDO_0003849>	<http://www.w3.org/2002/07/owl#Class>
<http://purl.obolibrary.org/obo/DDO.owl#DDO_0003850>	<http://www.w3.org/2002/07/owl#Class>
<http://purl.obolibrary.org/obo/DDO.owl#DDO_0003851>	<http://www.w3.org/2002/07/owl#Class>
<http://purl.obolibrary.org/obo/DDO.owl#DDO_0003852>	<http://www.w3.org/2002/07/owl#Class>
<http://purl.obolibrary.org/obo/DDO.owl#DDO_0003853>	<http://www.w3.org/2002/07/owl#Class>
<http://purl.obolibrary.org/obo/DDO.owl#DDO_0003854>	<http://www.w3.org/2002/07/owl#Class>
<http://purl.obolibrary.org/obo/DDO.owl#DDO_0003855>	<http://www.w3.org/2002/07/owl#Class>
<http://purl.obolibrary.org/obo/DDO.owl#DDO_0003856>	<http://www.w3.org/2002/07/owl#Class>
<http://purl.obolibrary.org/obo/DDO.owl#DDO_0003857>	<http://www.w3.org/2002/07/owl#Class>
<http://purl.obolibrary.org/obo/DDO.owl#DDO_0003858>	<http://www.w3.org/2002/07/owl#Class>
<http://purl.obolibrary.org/obo/DDO.owl#DDO_0003859>	<http://www.w3.org/2002/07/owl#Class>
<http://purl.obolibrary.org/obo/DDO.owl#DDO_0003860>	<http://www.w3.org/2002/07/owl#Class>
<http://purl.obolibrary.org/obo/DDO.owl#DDO_0003861>	<http://www.w3.org/2002/07/owl#Class>
<http://purl.obolibrary.org/obo/DDO.owl#DDO_0003862>	<http://www.w3.org/2002/07/owl#Class>
<http://purl.obolibrary.org/obo/DDO.owl#DDO_0003863>	<http://www.w3.org/2002/07/owl#Class>
<http://purl.obolibrary.org/obo/DDO.owl#DDO_0003864>	<http://www.w3.org/2002/07/owl#Class>
<http://purl.obolibrary.org/obo/DDO.owl#DDO_0003866>	<http://www.w3.org/2002/07/owl#Class>
<http://purl.obolibrary.org/obo/DDO.owl#DDO_0003867>	<http://www.w3.org/2002/07/owl#Class>
<http://purl.obolibrary.org/obo/DDO.owl#DDO_0003868>	<http://www.w3.org/2002/07/owl#Class>
<http://purl.obolibrary.org/obo/DDO.owl#DDO_0003869>	<http://www.w3.org/2002/07/owl#Class>
<http://purl.obolibrary.org/obo/DDO.owl#DDO_0003870>	<http://www.w3.org/2002/07/owl#Class>
<http://purl.obolibrary.org/obo/DDO.owl#DDO_0003871>	<http://www.w3.org/2002/07/owl#Class>
<http://purl.obolibrary.org/obo/DDO.owl#DDO_0003872>	<http://www.w3.org/2002/07/owl#Class>
<http://purl.obolibrary.org/obo/DDO.owl#DDO_0003873>	<http://www.w3.org/2002/07/owl#Class>
<http://purl.obolibrary.org/obo/DDO.owl#DDO_0003874>	<http://www.w3.org/2002/07/owl#Class>
<http://purl.obolibrary.org/obo/DDO.owl#DDO_0003875>	<http://www.w3.org/2002/07/owl#Class>
<http://purl.obolibrary.org/obo/DDO.owl#DDO_0003876>	<http://www.w3.org/2002/07/owl#Class>
<http://purl.obolibrary.org/obo/DDO.owl#DDO_0003877>	<http://www.w3.org/2002/07/owl#Class>
<http://purl.obolibrary.org/obo/DDO.owl#DDO_0003878>	<http://www.w3.org/2002/07/owl#Class>
<http://purl.obolibrary.org/obo/DDO.owl#DDO_0003879>	<http://www.w3.org/2002/07/owl#Class>
<http://purl.obolibrary.org/obo/DDO.owl#DDO_0003880>	<http://www.w3.org/2002/07/owl#Class>
<http://purl.obolibrary.org/obo/DDO.owl#DDO_0003881>	<http://www.w3.org/2002/07/owl#Class>
<http://purl.obolibrary.org/obo/DDO.owl#DDO_0003882>	<http://www.w3.org/2002/07/owl#Class>
<http://purl.obolibrary.org/obo/DDO.owl#DDO_0003883>	<http://www.w3.org/2002/07/owl#Class>
<http://purl.obolibrary.org/obo/DDO.owl#DDO_0003884>	<http://www.w3.org/2002/07/owl#Class>
<http://purl.obolibrary.org/obo/DDO.owl#DDO_0003885>	<http://www.w3.org/2002/07/owl#Class>
<http://purl.obolibrary.org/obo/DDO.owl#DDO_0003886>	<http://www.w3.org/2002/07/owl#Class>
<http://purl.obolibrary.org/obo/DDO.owl#DDO_0003887>	<http://www.w3.org/2002/07/owl#Class>
<http://purl.obolibrary.org/obo/DDO.owl#DDO_0003888>	<http://www.w3.org/2002/07/owl#Class>
<http://purl.obolibrary.org/obo/DDO.owl#DDO_0003889>	<http://www.w3.org/2002/07/owl#Class>
<http://purl.obolibrary.org/obo/DDO.owl#DDO_0003890>	<http://www.w3.org/2002/07/owl#Class>
<http://purl.obolibrary.org/obo/DDO.owl#DDO_0003891>	<http://www.w3.org/2002/07/owl#Class>
<http://purl.obolibrary.org/obo/DDO.owl#DDO_0003892>	<http://www.w3.org/2002/07/owl#Class>
<http://purl.obolibrary.org/obo/DDO.owl#DDO_0003893>	<http://www.w3.org/2002/07/owl#Class>
<http://purl.obolibrary.org/obo/DDO.owl#DDO_0003894>	<http://www.w3.org/2002/07/owl#Class>
<http://purl.obolibrary.org/obo/DDO.owl#DDO_0003895>	<http://www.w3.org/2002/07/owl#Class>
<http://purl.obolibrary.org/obo/DDO.owl#DDO_0003896>	<http://www.w3.org/2002/07/owl#Class>
<http://purl.obolibrary.org/obo/DDO.owl#DDO_0003897>	<http://www.w3.org/2002/07/owl#Class>
<http://purl.obolibrary.org/obo/DDO.owl#DDO_0003898>	<http://www.w3.org/2002/07/owl#Class>
<http://purl.obolibrary.org/obo/DDO.owl#DDO_0003899>	<http://www.w3.org/2002/07/owl#Class>
<http://purl.obolibrary.org/obo/DDO.owl#DDO_0003900>	<http://www.w3.org/2002/07/owl#Class>
<http://purl.obolibrary.org/obo/DDO.owl#DDO_0003901>	<http://www.w3.org/2002/07/owl#Class>
<http://purl.obolibrary.org/obo/DDO.owl#DDO_0003902>	<http://www.w3.org/2002/07/owl#Class>
<http://purl.obolibrary.org/obo/DDO.owl#DDO_0003903>	<http://www.w3.org/2002/07/owl#Class>
<http://purl.obolibrary.org/obo/DDO.owl#DDO_0003906>	<http://www.w3.org/2002/07/owl#Class>
<http://purl.obolibrary.org/obo/DDO.owl#DDO_0003909>	<http://www.w3.org/2002/07/owl#Class>
<http://purl.obolibrary.org/obo/DDO.owl#DDO_0003910>	<http://www.w3.org/2002/07/owl#Class>
<http://purl.obolibrary.org/obo/DDO.owl#DDO_0003911>	<http://www.w3.org/2002/07/owl#Class>
<http://purl.obolibrary.org/obo/DDO.owl#DDO_0003912>	<http://www.w3.org/2002/07/owl#Class>
<http://purl.obolibrary.org/obo/DDO.owl#DDO_0003913>	<http://www.w3.org/2002/07/owl#Class>
<http://purl.obolibrary.org/obo/DDO.owl#DDO_0003914>	<http://www.w3.org/2002/07/owl#Class>
<http://purl.obolibrary.org/obo/DDO.owl#DDO_0003915>	<http://www.w3.org/2002/07/owl#Class>
<http://purl.obolibrary.org/obo/DDO.owl#DDO_0003916>	<http://www.w3.org/2002/07/owl#Class>
<http://purl.obolibrary.org/obo/DDO.owl#DDO_0003917>	<http://www.w3.org/2002/07/owl#Class>
<http://purl.obolibrary.org/obo/DDO.owl#DDO_0003918>	<http://www.w3.org/2002/07/owl#Class>
<http://purl.obolibrary.org/obo/DDO.owl#DDO_0003919>	<http://www.w3.org/2002/07/owl#Class>
<http://purl.obolibrary.org/obo/DDO.owl#DDO_0003920>	<http://www.w3.org/2002/07/owl#Class>
<http://purl.obolibrary.org/obo/DDO.owl#DDO_0003921>	<http://www.w3.org/2002/07/owl#Class>
<http://purl.obolibrary.org/obo/DDO.owl#DDO_0003922>	<http://www.w3.org/2002/07/owl#Class>
<http://purl.obolibrary.org/obo/DDO.owl#DDO_0003924>	<http://www.w3.org/2002/07/owl#Class>
<http://purl.obolibrary.org/obo/DDO.owl#DDO_0003925>	<http://www.w3.org/2002/07/owl#Class>
<http://purl.obolibrary.org/obo/DDO.owl#DDO_0003926>	<http://www.w3.org/2002/07/owl#Class>
<http://purl.obolibrary.org/obo/DDO.owl#DDO_0003927>	<http://www.w3.org/2002/07/owl#Class>
<http://purl.obolibrary.org/obo/DDO.owl#DDO_0003928>	<http://www.w3.org/2002/07/owl#Class>
<http://purl.obolibrary.org/obo/DDO.owl#DDO_0003929>	<http://www.w3.org/2002/07/owl#Class>
<http://purl.obolibrary.org/obo/DDO.owl#DDO_0003930>	<http://www.w3.org/2002/07/owl#Class>
<http://purl.obolibrary.org/obo/DDO.owl#DDO_0003931>	<http://www.w3.org/2002/07/owl#Class>
<http://purl.obolibrary.org/obo/DDO.owl#DDO_0003932>	<http://www.w3.org/2002/07/owl#Class>
<http://purl.obolibrary.org/obo/DDO.owl#DDO_0003933>	<http://www.w3.org/2002/07/owl#Class>
<http://purl.obolibrary.org/obo/DDO.owl#DDO_0003934>	<http://www.w3.org/2002/07/owl#Class>
<http://purl.obolibrary.org/obo/DDO.owl#DDO_0003935>	<http://www.w3.org/2002/07/owl#Class>
<http://purl.obolibrary.org/obo/DDO.owl#DDO_0003936>	<http://www.w3.org/2002/07/owl#Class>
<http://purl.obolibrary.org/obo/DDO.owl#DDO_0003937>	<http://www.w3.org/2002/07/owl#Class>
<http://purl.obolibrary.org/obo/DDO.owl#DDO_0003938>	<http://www.w3.org/2002/07/owl#Class>
<http://purl.obolibrary.org/obo/DDO.owl#DDO_0003939>	<http://www.w3.org/2002/07/owl#Class>
<http://purl.obolibrary.org/obo/DDO.owl#DDO_0003940>	<http://www.w3.org/2002/07/owl#Class>
<http://purl.obolibrary.org/obo/DDO.owl#DDO_0003941>	<http://www.w3.org/2002/07/owl#Class>
<http://purl.obolibrary.org/obo/DDO.owl#DDO_0003943>	<http://www.w3.org/2002/07/owl#Class>
<http://purl.obolibrary.org/obo/DDO.owl#DDO_0003944>	<http://www.w3.org/2002/07/owl#Class>
<http://purl.obolibrary.org/obo/DDO.owl#DDO_0003945>	<http://www.w3.org/2002/07/owl#Class>
<http://purl.obolibrary.org/obo/DDO.owl#DDO_0003946>	<http://www.w3.org/2002/07/owl#Class>
<http://purl.obolibrary.org/obo/DDO.owl#DDO_0003947>	<http://www.w3.org/2002/07/owl#Class>
<http://purl.obolibrary.org/obo/DDO.owl#DDO_0003948>	<http://www.w3.org/2002/07/owl#Class>
<http://purl.obolibrary.org/obo/DDO.owl#DDO_0003949>	<http://www.w3.org/2002/07/owl#Class>
<http://purl.obolibrary.org/obo/DDO.owl#DDO_0003950>	<http://www.w3.org/2002/07/owl#Class>
<http://purl.obolibrary.org/obo/DDO.owl#DDO_0003951>	<http://www.w3.org/2002/07/owl#Class>
<http://purl.obolibrary.org/obo/DDO.owl#DDO_0003952>	<http://www.w3.org/2002/07/owl#Class>
<http://purl.obolibrary.org/obo/DDO.owl#DDO_0003953>	<http://www.w3.org/2002/07/owl#Class>
<http://purl.obolibrary.org/obo/DDO.owl#DDO_0003954>	<http://www.w3.org/2002/07/owl#Class>
<http://purl.obolibrary.org/obo/DDO.owl#DDO_0003955>	<http://www.w3.org/2002/07/owl#Class>
<http://purl.obolibrary.org/obo/DDO.owl#DDO_0003956>	<http://www.w3.org/2002/07/owl#Class>
<http://purl.obolibrary.org/obo/DDO.owl#DDO_0003957>	<http://www.w3.org/2002/07/owl#Class>
<http://purl.obolibrary.org/obo/DDO.owl#DDO_0003958>	<http://www.w3.org/2002/07/owl#Class>
<http://purl.obolibrary.org/obo/DDO.owl#DDO_0003959>	<http://www.w3.org/2002/07/owl#Class>
<http://purl.obolibrary.org/obo/DDO.owl#DDO_0003960>	<http://www.w3.org/2002/07/owl#Class>
<http://purl.obolibrary.org/obo/DDO.owl#DDO_0003961>	<http://www.w3.org/2002/07/owl#Class>
<http://purl.obolibrary.org/obo/DDO.owl#DDO_0003962>	<http://www.w3.org/2002/07/owl#Class>
<http://purl.obolibrary.org/obo/DDO.owl#DDO_0003963>	<http://www.w3.org/2002/07/owl#Class>
<http://purl.obolibrary.org/obo/DDO.owl#DDO_0003964>	<http://www.w3.org/2002/07/owl#Class>
<http://purl.obolibrary.org/obo/DDO.owl#DDO_0003966>	<http://www.w3.org/2002/07/owl#Class>
<http://purl.obolibrary.org/obo/DDO.owl#DDO_0003967>	<http://www.w3.org/2002/07/owl#Class>
<http://purl.obolibrary.org/obo/DDO.owl#DDO_0003968>	<http://www.w3.org/2002/07/owl#Class>
<http://purl.obolibrary.org/obo/DDO.owl#DDO_0003969>	<http://www.w3.org/2002/07/owl#Class>
<http://purl.obolibrary.org/obo/DDO.owl#DDO_0003970>	<http://www.w3.org/2002/07/owl#Class>
<http://purl.obolibrary.org/obo/DDO.owl#DDO_0003971>	<http://www.w3.org/2002/07/owl#Class>
<http://purl.obolibrary.org/obo/DDO.owl#DDO_0003972>	<http://www.w3.org/2002/07/owl#Class>
<http://purl.obolibrary.org/obo/DDO.owl#DDO_0003973>	<http://www.w3.org/2002/07/owl#Class>
<http://purl.obolibrary.org/obo/DDO.owl#DDO_0003974>	<http://www.w3.org/2002/07/owl#Class>
<http://purl.obolibrary.org/obo/DDO.owl#DDO_0003975>	<http://www.w3.org/2002/07/owl#Class>
<http://purl.obolibrary.org/obo/DDO.owl#DDO_0003976>	<http://www.w3.org/2002/07/owl#Class>
<http://purl.obolibrary.org/obo/DDO.owl#DDO_0003977>	<http://www.w3.org/2002/07/owl#Class>
<http://purl.obolibrary.org/obo/DDO.owl#DDO_0003978>	<http://www.w3.org/2002/07/owl#Class>
<http://purl.obolibrary.org/obo/DDO.owl#DDO_0003979>	<http://www.w3.org/2002/07/owl#Class>
<http://purl.obolibrary.org/obo/DDO.owl#DDO_0003980>	<http://www.w3.org/2002/07/owl#Class>
<http://purl.obolibrary.org/obo/DDO.owl#DDO_0003981>	<http://www.w3.org/2002/07/owl#Class>
<http://purl.obolibrary.org/obo/DDO.owl#DDO_0003982>	<http://www.w3.org/2002/07/owl#Class>
<http://purl.obolibrary.org/obo/DDO.owl#DDO_0003983>	<http://www.w3.org/2002/07/owl#Class>
<http://purl.obolibrary.org/obo/DDO.owl#DDO_0003984>	<http://www.w3.org/2002/07/owl#Class>
<http://purl.obolibrary.org/obo/DDO.owl#DDO_0003985>	<http://www.w3.org/2002/07/owl#Class>
<http://purl.obolibrary.org/obo/DDO.owl#DDO_0003986>	<http://www.w3.org/2002/07/owl#Class>
<http://purl.obolibrary.org/obo/DDO.owl#DDO_0003987>	<http://www.w3.org/2002/07/owl#Class>
<http://purl.obolibrary.org/obo/DDO.owl#DDO_0003988>	<http://www.w3.org/2002/07/owl#Class>
<http://purl.obolibrary.org/obo/DDO.owl#DDO_0003989>	<http://www.w3.org/2002/07/owl#Class>
<http://purl.obolibrary.org/obo/DDO.owl#DDO_0003991>	<http://www.w3.org/2002/07/owl#Class>
<http://purl.obolibrary.org/obo/DDO.owl#DDO_0003995>	<http://www.w3.org/2002/07/owl#Class>
<http://purl.obolibrary.org/obo/DDO.owl#DDO_0003996>	<http://www.w3.org/2002/07/owl#Class>
<http://purl.obolibrary.org/obo/DDO.owl#DDO_0004000>	<http://www.w3.org/2002/07/owl#Class>
<http://purl.obolibrary.org/obo/DDO.owl#DDO_0004001>	<http://www.w3.org/2002/07/owl#Class>
<http://purl.obolibrary.org/obo/DDO.owl#DDO_0004017>	<http://www.w3.org/2002/07/owl#Class>
<http://purl.obolibrary.org/obo/DDO.owl#DDO_0004018>	<http://www.w3.org/2002/07/owl#Class>
<http://purl.obolibrary.org/obo/DDO.owl#DDO_0004019>	<http://www.w3.org/2002/07/owl#Class>
<http://purl.obolibrary.org/obo/DDO.owl#DDO_0004020>	<http://www.w3.org/2002/07/owl#Class>
<http://purl.obolibrary.org/obo/DDO.owl#DDO_0004021>	<http://www.w3.org/2002/07/owl#Class>
<http://purl.obolibrary.org/obo/DDO.owl#DDO_0004022>	<http://www.w3.org/2002/07/owl#Class>
<http://purl.obolibrary.org/obo/DDO.owl#DDO_0004023>	<http://www.w3.org/2002/07/owl#Class>
<http://purl.obolibrary.org/obo/DDO.owl#DDO_0004024>	<http://www.w3.org/2002/07/owl#Class>
<http://purl.obolibrary.org/obo/DDO.owl#DDO_0004025>	<http://www.w3.org/2002/07/owl#Class>
<http://purl.obolibrary.org/obo/DDO.owl#DDO_0004026>	<http://www.w3.org/2002/07/owl#Class>
<http://purl.obolibrary.org/obo/DDO.owl#DDO_0004027>	<http://www.w3.org/2002/07/owl#Class>
<http://purl.obolibrary.org/obo/DDO.owl#DDO_0004028>	<http://www.w3.org/2002/07/owl#Class>
<http://purl.obolibrary.org/obo/DDO.owl#DDO_0004029>	<http://www.w3.org/2002/07/owl#Class>
<http://purl.obolibrary.org/obo/DDO.owl#DDO_0004030>	<http://www.w3.org/2002/07/owl#Class>
<http://purl.obolibrary.org/obo/DDO.owl#DDO_0004031>	<http://www.w3.org/2002/07/owl#Class>
<http://purl.obolibrary.org/obo/DDO.owl#DDO_0004032>	<http://www.w3.org/2002/07/owl#Class>
<http://purl.obolibrary.org/obo/DDO.owl#DDO_0004033>	<http://www.w3.org/2002/07/owl#Class>
<http://purl.obolibrary.org/obo/DDO.owl#DDO_0004034>	<http://www.w3.org/2002/07/owl#Class>
<http://purl.obolibrary.org/obo/DDO.owl#DDO_0004035>	<http://www.w3.org/2002/07/owl#Class>
<http://purl.obolibrary.org/obo/DDO.owl#DDO_0004036>	<http://www.w3.org/2002/07/owl#Class>
<http://purl.obolibrary.org/obo/DDO.owl#DDO_0004037>	<http://www.w3.org/2002/07/owl#Class>
<http://purl.obolibrary.org/obo/DDO.owl#DDO_0004038>	<http://www.w3.org/2002/07/owl#Class>
<http://purl.obolibrary.org/obo/DDO.owl#DDO_0004039>	<http://www.w3.org/2002/07/owl#Class>
<http://purl.obolibrary.org/obo/DDO.owl#DDO_0004040>	<http://www.w3.org/2002/07/owl#Class>
<http://purl.obolibrary.org/obo/DDO.owl#DDO_0004041>	<http://www.w3.org/2002/07/owl#Class>
<http://purl.obolibrary.org/obo/DDO.owl#DDO_0004042>	<http://www.w3.org/2002/07/owl#Class>
<http://purl.obolibrary.org/obo/DDO.owl#DDO_0004043>	<http://www.w3.org/2002/07/owl#Class>
<http://purl.obolibrary.org/obo/DDO.owl#DDO_0004044>	<http://www.w3.org/2002/07/owl#Class>
<http://purl.obolibrary.org/obo/DDO.owl#DDO_0004045>	<http://www.w3.org/2002/07/owl#Class>
<http://purl.obolibrary.org/obo/DDO.owl#DDO_0004046>	<http://www.w3.org/2002/07/owl#Class>
<http://purl.obolibrary.org/obo/DDO.owl#DDO_0004047>	<http://www.w3.org/2002/07/owl#Class>
<http://purl.obolibrary.org/obo/DDO.owl#DDO_0004048>	<http://www.w3.org/2002/07/owl#Class>
<http://purl.obolibrary.org/obo/DDO.owl#DDO_0004049>	<http://www.w3.org/2002/07/owl#Class>
<http://purl.obolibrary.org/obo/DDO.owl#DDO_0004050>	<http://www.w3.org/2002/07/owl#Class>
<http://purl.obolibrary.org/obo/DDO.owl#DDO_0004051>	<http://www.w3.org/2002/07/owl#Class>
<http://purl.obolibrary.org/obo/DDO.owl#DDO_0004052>	<http://www.w3.org/2002/07/owl#Class>
<http://purl.obolibrary.org/obo/DDO.owl#DDO_0004053>	<http://www.w3.org/2002/07/owl#Class>
<http://purl.obolibrary.org/obo/DDO.owl#DDO_0004054>	<http://www.w3.org/2002/07/owl#Class>
<http://purl.obolibrary.org/obo/DDO.owl#DDO_0004055>	<http://www.w3.org/2002/07/owl#Class>
<http://purl.obolibrary.org/obo/DDO.owl#DDO_0004056>	<http://www.w3.org/2002/07/owl#Class>
<http://purl.obolibrary.org/obo/DDO.owl#DDO_0004057>	<http://www.w3.org/2002/07/owl#Class>
<http://purl.obolibrary.org/obo/DDO.owl#DDO_0004058>	<http://www.w3.org/2002/07/owl#Class>
<http://purl.obolibrary.org/obo/DDO.owl#DDO_0004059>	<http://www.w3.org/2002/07/owl#Class>
<http://purl.obolibrary.org/obo/DDO.owl#DDO_0004060>	<http://www.w3.org/2002/07/owl#Class>
<http://purl.obolibrary.org/obo/DDO.owl#DDO_0004061>	<http://www.w3.org/2002/07/owl#Class>
<http://purl.obolibrary.org/obo/DDO.owl#DDO_0004062>	<http://www.w3.org/2002/07/owl#Class>
<http://purl.obolibrary.org/obo/DDO.owl#DDO_0004063>	<http://www.w3.org/2002/07/owl#Class>
<http://purl.obolibrary.org/obo/DDO.owl#DDO_0004064>	<http://www.w3.org/2002/07/owl#Class>
<http://purl.obolibrary.org/obo/DDO.owl#DDO_0004065>	<http://www.w3.org/2002/07/owl#Class>
<http://purl.obolibrary.org/obo/DDO.owl#DDO_0004066>	<http://www.w3.org/2002/07/owl#Class>
<http://purl.obolibrary.org/obo/DDO.owl#DDO_0004067>	<http://www.w3.org/2002/07/owl#Class>
<http://purl.obolibrary.org/obo/DDO.owl#DDO_0004068>	<http://www.w3.org/2002/07/owl#Class>
<http://purl.obolibrary.org/obo/DDO.owl#DDO_0004069>	<http://www.w3.org/2002/07/owl#Class>
<http://purl.obolibrary.org/obo/DDO.owl#DDO_0004070>	<http://www.w3.org/2002/07/owl#Class>
<http://purl.obolibrary.org/obo/DDO.owl#DDO_0004071>	<http://www.w3.org/2002/07/owl#Class>
<http://purl.obolibrary.org/obo/DDO.owl#DDO_0004072>	<http://www.w3.org/2002/07/owl#Class>
<http://purl.obolibrary.org/obo/DDO.owl#DDO_0004073>	<http://www.w3.org/2002/07/owl#Class>
<http://purl.obolibrary.org/obo/DDO.owl#DDO_0004074>	<http://www.w3.org/2002/07/owl#Class>
<http://purl.obolibrary.org/obo/DDO.owl#DDO_0004075>	<http://www.w3.org/2002/07/owl#Class>
<http://purl.obolibrary.org/obo/DDO.owl#DDO_0004076>	<http://www.w3.org/2002/07/owl#Class>
<http://purl.obolibrary.org/obo/DDO.owl#DDO_0004077>	<http://www.w3.org/2002/07/owl#Class>
<http://purl.obolibrary.org/obo/DDO.owl#DDO_0004078>	<http://www.w3.org/2002/07/owl#Class>
<http://purl.obolibrary.org/obo/DDO.owl#DDO_0004079>	<http://www.w3.org/2002/07/owl#Class>
<http://purl.obolibrary.org/obo/DDO.owl#DDO_0004080>	<http://www.w3.org/2002/07/owl#Class>
<http://purl.obolibrary.org/obo/DDO.owl#DDO_0004081>	<http://www.w3.org/2002/07/owl#Class>
<http://purl.obolibrary.org/obo/DDO.owl#DDO_0004082>	<http://www.w3.org/2002/07/owl#Class>
<http://purl.obolibrary.org/obo/DDO.owl#DDO_0004083>	<http://www.w3.org/2002/07/owl#Class>
<http://purl.obolibrary.org/obo/DDO.owl#DDO_0004084>	<http://www.w3.org/2002/07/owl#Class>
<http://purl.obolibrary.org/obo/DDO.owl#DDO_0004085>	<http://www.w3.org/2002/07/owl#Class>
<http://purl.obolibrary.org/obo/DDO.owl#DDO_0004086>	<http://www.w3.org/2002/07/owl#Class>
<http://purl.obolibrary.org/obo/DDO.owl#DDO_0004087>	<http://www.w3.org/2002/07/owl#Class>
<http://purl.obolibrary.org/obo/DDO.owl#DDO_0004088>	<http://www.w3.org/2002/07/owl#Class>
<http://purl.obolibrary.org/obo/DDO.owl#DDO_0004089>	<http://www.w3.org/2002/07/owl#Class>
<http://purl.obolibrary.org/obo/DDO.owl#DDO_0004090>	<http://www.w3.org/2002/07/owl#Class>
<http://purl.obolibrary.org/obo/DDO.owl#DDO_0004091>	<http://www.w3.org/2002/07/owl#Class>
<http://purl.obolibrary.org/obo/DDO.owl#DDO_0004092>	<http://www.w3.org/2002/07/owl#Class>
<http://purl.obolibrary.org/obo/DDO.owl#DDO_0004093>	<http://www.w3.org/2002/07/owl#Class>
<http://purl.obolibrary.org/obo/DDO.owl#DDO_0004094>	<http://www.w3.org/2002/07/owl#Class>
<http://purl.obolibrary.org/obo/DDO.owl#DDO_0004095>	<http://www.w3.org/2002/07/owl#Class>
<http://purl.obolibrary.org/obo/DDO.owl#DDO_0004096>	<http://www.w3.org/2002/07/owl#Class>
<http://purl.obolibrary.org/obo/DDO.owl#DDO_0004097>	<http://www.w3.org/2002/07/owl#Class>
<http://purl.obolibrary.org/obo/DDO.owl#DDO_0004098>	<http://www.w3.org/2002/07/owl#Class>
<http://purl.obolibrary.org/obo/DDO.owl#DDO_0004099>	<http://www.w3.org/2002/07/owl#Class>
<http://purl.obolibrary.org/obo/DDO.owl#DDO_0004100>	<http://www.w3.org/2002/07/owl#Class>
<http://purl.obolibrary.org/obo/DDO.owl#DDO_0004101>	<http://www.w3.org/2002/07/owl#Class>
<http://purl.obolibrary.org/obo/DDO.owl#DDO_0004102>	<http://www.w3.org/2002/07/owl#Class>
<http://purl.obolibrary.org/obo/DDO.owl#DDO_0004103>	<http://www.w3.org/2002/07/owl#Class>
<http://purl.obolibrary.org/obo/DDO.owl#DDO_0004104>	<http://www.w3.org/2002/07/owl#Class>
<http://purl.obolibrary.org/obo/DDO.owl#DDO_0004105>	<http://www.w3.org/2002/07/owl#Class>
<http://purl.obolibrary.org/obo/DDO.owl#DDO_0004106>	<http://www.w3.org/2002/07/owl#Class>
<http://purl.obolibrary.org/obo/DDO.owl#DDO_0004107>	<http://www.w3.org/2002/07/owl#Class>
<http://purl.obolibrary.org/obo/DDO.owl#DDO_0004108>	<http://www.w3.org/2002/07/owl#Class>
<http://purl.obolibrary.org/obo/DDO.owl#DDO_0004109>	<http://www.w3.org/2002/07/owl#Class>
<http://purl.obolibrary.org/obo/DDO.owl#DDO_0004110>	<http://www.w3.org/2002/07/owl#Class>
<http://purl.obolibrary.org/obo/DDO.owl#DDO_0004111>	<http://www.w3.org/2002/07/owl#Class>
<http://purl.obolibrary.org/obo/DDO.owl#DDO_0004112>	<http://www.w3.org/2002/07/owl#Class>
<http://purl.obolibrary.org/obo/DDO.owl#DDO_0004113>	<http://www.w3.org/2002/07/owl#Class>
<http://purl.obolibrary.org/obo/DDO.owl#DDO_0004114>	<http://www.w3.org/2002/07/owl#Class>
<http://purl.obolibrary.org/obo/DDO.owl#DDO_0004115>	<http://www.w3.org/2002/07/owl#Class>
<http://purl.obolibrary.org/obo/DDO.owl#DDO_0004116>	<http://www.w3.org/2002/07/owl#Class>
<http://purl.obolibrary.org/obo/DDO.owl#DDO_0004117>	<http://www.w3.org/2002/07/owl#Class>
<http://purl.obolibrary.org/obo/DDO.owl#DDO_0004118>	<http://www.w3.org/2002/07/owl#Class>
<http://purl.obolibrary.org/obo/DDO.owl#DDO_0004119>	<http://www.w3.org/2002/07/owl#Class>
<http://purl.obolibrary.org/obo/DDO.owl#DDO_0004120>	<http://www.w3.org/2002/07/owl#Class>
<http://purl.obolibrary.org/obo/DDO.owl#DDO_0004121>	<http://www.w3.org/2002/07/owl#Class>
<http://purl.obolibrary.org/obo/DDO.owl#DDO_0004122>	<http://www.w3.org/2002/07/owl#Class>
<http://purl.obolibrary.org/obo/DDO.owl#DDO_0004123>	<http://www.w3.org/2002/07/owl#Class>
<http://purl.obolibrary.org/obo/DDO.owl#DDO_0004124>	<http://www.w3.org/2002/07/owl#Class>
<http://purl.obolibrary.org/obo/DDO.owl#DDO_0004125>	<http://www.w3.org/2002/07/owl#Class>
<http://purl.obolibrary.org/obo/DDO.owl#DDO_0004126>	<http://www.w3.org/2002/07/owl#Class>
<http://purl.obolibrary.org/obo/DDO.owl#DDO_0004127>	<http://www.w3.org/2002/07/owl#Class>
<http://purl.obolibrary.org/obo/DDO.owl#DDO_0004128>	<http://www.w3.org/2002/07/owl#Class>
<http://purl.obolibrary.org/obo/DDO.owl#DDO_0004129>	<http://www.w3.org/2002/07/owl#Class>
<http://purl.obolibrary.org/obo/DDO.owl#DDO_0004130>	<http://www.w3.org/2002/07/owl#Class>
<http://purl.obolibrary.org/obo/DDO.owl#DDO_0004131>	<http://www.w3.org/2002/07/owl#Class>
<http://purl.obolibrary.org/obo/DDO.owl#DDO_0004132>	<http://www.w3.org/2002/07/owl#Class>
<http://purl.obolibrary.org/obo/DDO.owl#DDO_0004133>	<http://www.w3.org/2002/07/owl#Class>
<http://purl.obolibrary.org/obo/DDO.owl#DDO_0004134>	<http://www.w3.org/2002/07/owl#Class>
<http://purl.obolibrary.org/obo/DDO.owl#DDO_0004135>	<http://www.w3.org/2002/07/owl#Class>
<http://purl.obolibrary.org/obo/DDO.owl#DDO_0004136>	<http://www.w3.org/2002/07/owl#Class>
<http://purl.obolibrary.org/obo/DDO.owl#DDO_0004137>	<http://www.w3.org/2002/07/owl#Class>
<http://purl.obolibrary.org/obo/DDO.owl#DDO_0004138>	<http://www.w3.org/2002/07/owl#Class>
<http://purl.obolibrary.org/obo/DDO.owl#DDO_0004139>	<http://www.w3.org/2002/07/owl#Class>
<http://purl.obolibrary.org/obo/DDO.owl#DDO_0004140>	<http://www.w3.org/2002/07/owl#Class>
<http://purl.obolibrary.org/obo/DDO.owl#DDO_0004141>	<http://www.w3.org/2002/07/owl#Class>
<http://purl.obolibrary.org/obo/DDO.owl#DDO_0004142>	<http://www.w3.org/2002/07/owl#Class>
<http://purl.obolibrary.org/obo/DDO.owl#DDO_0004143>	<http://www.w3.org/2002/07/owl#Class>
<http://purl.obolibrary.org/obo/DDO.owl#DDO_0004144>	<http://www.w3.org/2002/07/owl#Class>
<http://purl.obolibrary.org/obo/DDO.owl#DDO_0004145>	<http://www.w3.org/2002/07/owl#Class>
<http://purl.obolibrary.org/obo/DDO.owl#DDO_0004146>	<http://www.w3.org/2002/07/owl#Class>
<http://purl.obolibrary.org/obo/DDO.owl#DDO_0004147>	<http://www.w3.org/2002/07/owl#Class>
<http://purl.obolibrary.org/obo/DDO.owl#DDO_0004148>	<http://www.w3.org/2002/07/owl#Class>
<http://purl.obolibrary.org/obo/DDO.owl#DDO_0004149>	<http://www.w3.org/2002/07/owl#Class>
<http://purl.obolibrary.org/obo/DDO.owl#DDO_0004150>	<http://www.w3.org/2002/07/owl#Class>
<http://purl.obolibrary.org/obo/DDO.owl#DDO_0004151>	<http://www.w3.org/2002/07/owl#Class>
<http://purl.obolibrary.org/obo/DDO.owl#DDO_0004152>	<http://www.w3.org/2002/07/owl#Class>
<http://purl.obolibrary.org/obo/DDO.owl#DDO_0004153>	<http://www.w3.org/2002/07/owl#Class>
<http://purl.obolibrary.org/obo/DDO.owl#DDO_0004154>	<http://www.w3.org/2002/07/owl#Class>
<http://purl.obolibrary.org/obo/DDO.owl#DDO_0004155>	<http://www.w3.org/2002/07/owl#Class>
<http://purl.obolibrary.org/obo/DDO.owl#DDO_0004156>	<http://www.w3.org/2002/07/owl#Class>
<http://purl.obolibrary.org/obo/DDO.owl#DDO_0004157>	<http://www.w3.org/2002/07/owl#Class>
<http://purl.obolibrary.org/obo/DDO.owl#DDO_0004158>	<http://www.w3.org/2002/07/owl#Class>
<http://purl.obolibrary.org/obo/DDO.owl#DDO_0004159>	<http://www.w3.org/2002/07/owl#Class>
<http://purl.obolibrary.org/obo/DDO.owl#DDO_0004160>	<http://www.w3.org/2002/07/owl#Class>
<http://purl.obolibrary.org/obo/DDO.owl#DDO_0004161>	<http://www.w3.org/2002/07/owl#Class>
<http://purl.obolibrary.org/obo/DDO.owl#DDO_0004162>	<http://www.w3.org/2002/07/owl#Class>
<http://purl.obolibrary.org/obo/DDO.owl#DDO_0004163>	<http://www.w3.org/2002/07/owl#Class>
<http://purl.obolibrary.org/obo/DDO.owl#DDO_0004164>	<http://www.w3.org/2002/07/owl#Class>
<http://purl.obolibrary.org/obo/DDO.owl#DDO_0004165>	<http://www.w3.org/2002/07/owl#Class>
<http://purl.obolibrary.org/obo/DDO.owl#DDO_0004166>	<http://www.w3.org/2002/07/owl#Class>
<http://purl.obolibrary.org/obo/DDO.owl#DDO_0004167>	<http://www.w3.org/2002/07/owl#Class>
<http://purl.obolibrary.org/obo/DDO.owl#DDO_0004168>	<http://www.w3.org/2002/07/owl#Class>
<http://purl.obolibrary.org/obo/DDO.owl#DDO_0004169>	<http://www.w3.org/2002/07/owl#Class>
<http://purl.obolibrary.org/obo/DDO.owl#DDO_0004170>	<http://www.w3.org/2002/07/owl#Class>
<http://purl.obolibrary.org/obo/DDO.owl#DDO_0004171>	<http://www.w3.org/2002/07/owl#Class>
<http://purl.obolibrary.org/obo/DDO.owl#DDO_0004172>	<http://www.w3.org/2002/07/owl#Class>
<http://purl.obolibrary.org/obo/DDO.owl#DDO_0004173>	<http://www.w3.org/2002/07/owl#Class>
<http://purl.obolibrary.org/obo/DDO.owl#DDO_0004174>	<http://www.w3.org/2002/07/owl#Class>
<http://purl.obolibrary.org/obo/DDO.owl#DDO_0004175>	<http://www.w3.org/2002/07/owl#Class>
<http://purl.obolibrary.org/obo/DDO.owl#DDO_0004176>	<http://www.w3.org/2002/07/owl#Class>
<http://purl.obolibrary.org/obo/DDO.owl#DDO_0004177>	<http://www.w3.org/2002/07/owl#Class>
<http://purl.obolibrary.org/obo/DDO.owl#DDO_0004178>	<http://www.w3.org/2002/07/owl#Class>
<http://purl.obolibrary.org/obo/DDO.owl#DDO_0004179>	<http://www.w3.org/2002/07/owl#Class>
<http://purl.obolibrary.org/obo/DDO.owl#DDO_0004180>	<http://www.w3.org/2002/07/owl#Class>
<http://purl.obolibrary.org/obo/DDO.owl#DDO_0004181>	<http://www.w3.org/2002/07/owl#Class>
<http://purl.obolibrary.org/obo/DDO.owl#DDO_0004182>	<http://www.w3.org/2002/07/owl#Class>
<http://purl.obolibrary.org/obo/DDO.owl#DDO_0004183>	<http://www.w3.org/2002/07/owl#Class>
<http://purl.obolibrary.org/obo/DDO.owl#DDO_0004184>	<http://www.w3.org/2002/07/owl#Class>
<http://purl.obolibrary.org/obo/DDO.owl#DDO_0004185>	<http://www.w3.org/2002/07/owl#Class>
<http://purl.obolibrary.org/obo/DDO.owl#DDO_0004186>	<http://www.w3.org/2002/07/owl#Class>
<http://purl.obolibrary.org/obo/DDO.owl#DDO_0004187>	<http://www.w3.org/2002/07/owl#Class>
<http://purl.obolibrary.org/obo/DDO.owl#DDO_0004188>	<http://www.w3.org/2002/07/owl#Class>
<http://purl.obolibrary.org/obo/DDO.owl#DDO_0004189>	<http://www.w3.org/2002/07/owl#Class>
<http://purl.obolibrary.org/obo/DDO.owl#DDO_0004190>	<http://www.w3.org/2002/07/owl#Class>
<http://purl.obolibrary.org/obo/DDO.owl#DDO_0004191>	<http://www.w3.org/2002/07/owl#Class>
<http://purl.obolibrary.org/obo/DDO.owl#DDO_0004192>	<http://www.w3.org/2002/07/owl#Class>
<http://purl.obolibrary.org/obo/DDO.owl#DDO_0004193>	<http://www.w3.org/2002/07/owl#Class>
<http://purl.obolibrary.org/obo/DDO.owl#DDO_0004194>	<http://www.w3.org/2002/07/owl#Class>
<http://purl.obolibrary.org/obo/DDO.owl#DDO_0004195>	<http://www.w3.org/2002/07/owl#Class>
<http://purl.obolibrary.org/obo/DDO.owl#DDO_0004196>	<http://www.w3.org/2002/07/owl#Class>
<http://purl.obolibrary.org/obo/DDO.owl#DDO_0004197>	<http://www.w3.org/2002/07/owl#Class>
<http://purl.obolibrary.org/obo/DDO.owl#DDO_0004198>	<http://www.w3.org/2002/07/owl#Class>
<http://purl.obolibrary.org/obo/DDO.owl#DDO_0004199>	<http://www.w3.org/2002/07/owl#Class>
<http://purl.obolibrary.org/obo/DDO.owl#DDO_0004200>	<http://www.w3.org/2002/07/owl#Class>
<http://purl.obolibrary.org/obo/DDO.owl#DDO_0004201>	<http://www.w3.org/2002/07/owl#Class>
<http://purl.obolibrary.org/obo/DDO.owl#DDO_0004202>	<http://www.w3.org/2002/07/owl#Class>
<http://purl.obolibrary.org/obo/DDO.owl#DDO_0004203>	<http://www.w3.org/2002/07/owl#Class>
<http://purl.obolibrary.org/obo/DDO.owl#DDO_0004204>	<http://www.w3.org/2002/07/owl#Class>
<http://purl.obolibrary.org/obo/DDO.owl#DDO_0004205>	<http://www.w3.org/2002/07/owl#Class>
<http://purl.obolibrary.org/obo/DDO.owl#DDO_0004206>	<http://www.w3.org/2002/07/owl#Class>
<http://purl.obolibrary.org/obo/DDO.owl#DDO_0004207>	<http://www.w3.org/2002/07/owl#Class>
<http://purl.obolibrary.org/obo/DDO.owl#DDO_0004208>	<http://www.w3.org/2002/07/owl#Class>
<http://purl.obolibrary.org/obo/DDO.owl#DDO_0004209>	<http://www.w3.org/2002/07/owl#Class>
<http://purl.obolibrary.org/obo/DDO.owl#DDO_0004210>	<http://www.w3.org/2002/07/owl#Class>
<http://purl.obolibrary.org/obo/DDO.owl#DDO_0004211>	<http://www.w3.org/2002/07/owl#Class>
<http://purl.obolibrary.org/obo/DDO.owl#DDO_0004212>	<http://www.w3.org/2002/07/owl#Class>
<http://purl.obolibrary.org/obo/DDO.owl#DDO_0004213>	<http://www.w3.org/2002/07/owl#Class>
<http://purl.obolibrary.org/obo/DDO.owl#DDO_0004214>	<http://www.w3.org/2002/07/owl#Class>
<http://purl.obolibrary.org/obo/DDO.owl#DDO_0004215>	<http://www.w3.org/2002/07/owl#Class>
<http://purl.obolibrary.org/obo/DDO.owl#DDO_0004216>	<http://www.w3.org/2002/07/owl#Class>
<http://purl.obolibrary.org/obo/DDO.owl#DDO_0004217>	<http://www.w3.org/2002/07/owl#Class>
<http://purl.obolibrary.org/obo/DDO.owl#DDO_0004218>	<http://www.w3.org/2002/07/owl#Class>
<http://purl.obolibrary.org/obo/DDO.owl#DDO_0004219>	<http://www.w3.org/2002/07/owl#Class>
<http://purl.obolibrary.org/obo/DDO.owl#DDO_0004220>	<http://www.w3.org/2002/07/owl#Class>
<http://purl.obolibrary.org/obo/DDO.owl#DDO_0004221>	<http://www.w3.org/2002/07/owl#Class>
<http://purl.obolibrary.org/obo/DDO.owl#DDO_0004222>	<http://www.w3.org/2002/07/owl#Class>
<http://purl.obolibrary.org/obo/DDO.owl#DDO_0004223>	<http://www.w3.org/2002/07/owl#Class>
<http://purl.obolibrary.org/obo/DDO.owl#DDO_0004224>	<http://www.w3.org/2002/07/owl#Class>
<http://purl.obolibrary.org/obo/DDO.owl#DDO_0004225>	<http://www.w3.org/2002/07/owl#Class>
<http://purl.obolibrary.org/obo/DDO.owl#DDO_0004226>	<http://www.w3.org/2002/07/owl#Class>
<http://purl.obolibrary.org/obo/DDO.owl#DDO_0004227>	<http://www.w3.org/2002/07/owl#Class>
<http://purl.obolibrary.org/obo/DDO.owl#DDO_0004228>	<http://www.w3.org/2002/07/owl#Class>
<http://purl.obolibrary.org/obo/DDO.owl#DDO_0004229>	<http://www.w3.org/2002/07/owl#Class>
<http://purl.obolibrary.org/obo/DDO.owl#DDO_0004230>	<http://www.w3.org/2002/07/owl#Class>
<http://purl.obolibrary.org/obo/DDO.owl#DDO_0004231>	<http://www.w3.org/2002/07/owl#Class>
<http://purl.obolibrary.org/obo/DDO.owl#DDO_0004232>	<http://www.w3.org/2002/07/owl#Class>
<http://purl.obolibrary.org/obo/DDO.owl#DDO_0004233>	<http://www.w3.org/2002/07/owl#Class>
<http://purl.obolibrary.org/obo/DDO.owl#DDO_0004234>	<http://www.w3.org/2002/07/owl#Class>
<http://purl.obolibrary.org/obo/DDO.owl#DDO_0004235>	<http://www.w3.org/2002/07/owl#Class>
<http://purl.obolibrary.org/obo/DDO.owl#DDO_0004236>	<http://www.w3.org/2002/07/owl#Class>
<http://purl.obolibrary.org/obo/DDO.owl#DDO_0004237>	<http://www.w3.org/2002/07/owl#Class>
<http://purl.obolibrary.org/obo/DDO.owl#DDO_0004238>	<http://www.w3.org/2002/07/owl#Class>
<http://purl.obolibrary.org/obo/DDO.owl#DDO_0004239>	<http://www.w3.org/2002/07/owl#Class>
<http://purl.obolibrary.org/obo/DDO.owl#DDO_0004240>	<http://www.w3.org/2002/07/owl#Class>
<http://purl.obolibrary.org/obo/DDO.owl#DDO_0004241>	<http://www.w3.org/2002/07/owl#Class>
<http://purl.obolibrary.org/obo/DDO.owl#DDO_0004242>	<http://www.w3.org/2002/07/owl#Class>
<http://purl.obolibrary.org/obo/DDO.owl#DDO_0004243>	<http://www.w3.org/2002/07/owl#Class>
<http://purl.obolibrary.org/obo/DDO.owl#DDO_0004244>	<http://www.w3.org/2002/07/owl#Class>
<http://purl.obolibrary.org/obo/DDO.owl#DDO_0004245>	<http://www.w3.org/2002/07/owl#Class>
<http://purl.obolibrary.org/obo/DDO.owl#DDO_0004246>	<http://www.w3.org/2002/07/owl#Class>
<http://purl.obolibrary.org/obo/DDO.owl#DDO_0004247>	<http://www.w3.org/2002/07/owl#Class>
<http://purl.obolibrary.org/obo/DDO.owl#DDO_0004248>	<http://www.w3.org/2002/07/owl#Class>
<http://purl.obolibrary.org/obo/DDO.owl#DDO_0004249>	<http://www.w3.org/2002/07/owl#Class>
<http://purl.obolibrary.org/obo/DDO.owl#DDO_0004250>	<http://www.w3.org/2002/07/owl#Class>
<http://purl.obolibrary.org/obo/DDO.owl#DDO_0004251>	<http://www.w3.org/2002/07/owl#Class>
<http://purl.obolibrary.org/obo/DDO.owl#DDO_0004252>	<http://www.w3.org/2002/07/owl#Class>
<http://purl.obolibrary.org/obo/DDO.owl#DDO_0004253>	<http://www.w3.org/2002/07/owl#Class>
<http://purl.obolibrary.org/obo/DDO.owl#DDO_0004254>	<http://www.w3.org/2002/07/owl#Class>
<http://purl.obolibrary.org/obo/DDO.owl#DDO_0004255>	<http://www.w3.org/2002/07/owl#Class>
<http://purl.obolibrary.org/obo/DDO.owl#DDO_0004256>	<http://www.w3.org/2002/07/owl#Class>
<http://purl.obolibrary.org/obo/DDO.owl#DDO_0004257>	<http://www.w3.org/2002/07/owl#Class>
<http://purl.obolibrary.org/obo/DDO.owl#DDO_0004258>	<http://www.w3.org/2002/07/owl#Class>
<http://purl.obolibrary.org/obo/DDO.owl#DDO_0004259>	<http://www.w3.org/2002/07/owl#Class>
<http://purl.obolibrary.org/obo/DDO.owl#DDO_0004260>	<http://www.w3.org/2002/07/owl#Class>
<http://purl.obolibrary.org/obo/DDO.owl#DDO_0004261>	<http://www.w3.org/2002/07/owl#Class>
<http://purl.obolibrary.org/obo/DDO.owl#DDO_0004262>	<http://www.w3.org/2002/07/owl#Class>
<http://purl.obolibrary.org/obo/DDO.owl#DDO_0004263>	<http://www.w3.org/2002/07/owl#Class>
<http://purl.obolibrary.org/obo/DDO.owl#DDO_0004264>	<http://www.w3.org/2002/07/owl#Class>
<http://purl.obolibrary.org/obo/DDO.owl#DDO_0004265>	<http://www.w3.org/2002/07/owl#Class>
<http://purl.obolibrary.org/obo/DDO.owl#DDO_0004266>	<http://www.w3.org/2002/07/owl#Class>
<http://purl.obolibrary.org/obo/DDO.owl#DDO_0004267>	<http://www.w3.org/2002/07/owl#Class>
<http://purl.obolibrary.org/obo/DDO.owl#DDO_0004268>	<http://www.w3.org/2002/07/owl#Class>
<http://purl.obolibrary.org/obo/DDO.owl#DDO_0004269>	<http://www.w3.org/2002/07/owl#Class>
<http://purl.obolibrary.org/obo/DDO.owl#DDO_0004270>	<http://www.w3.org/2002/07/owl#Class>
<http://purl.obolibrary.org/obo/DDO.owl#DDO_0004271>	<http://www.w3.org/2002/07/owl#Class>
<http://purl.obolibrary.org/obo/DDO.owl#DDO_0004272>	<http://www.w3.org/2002/07/owl#Class>
<http://purl.obolibrary.org/obo/DDO.owl#DDO_0004273>	<http://www.w3.org/2002/07/owl#Class>
<http://purl.obolibrary.org/obo/DDO.owl#DDO_0004274>	<http://www.w3.org/2002/07/owl#Class>
<http://purl.obolibrary.org/obo/DDO.owl#DDO_0004275>	<http://www.w3.org/2002/07/owl#Class>
<http://purl.obolibrary.org/obo/DDO.owl#DDO_0004276>	<http://www.w3.org/2002/07/owl#Class>
<http://purl.obolibrary.org/obo/DDO.owl#DDO_0004277>	<http://www.w3.org/2002/07/owl#Class>
<http://purl.obolibrary.org/obo/DDO.owl#DDO_0004278>	<http://www.w3.org/2002/07/owl#Class>
<http://purl.obolibrary.org/obo/DDO.owl#DDO_0004279>	<http://www.w3.org/2002/07/owl#Class>
<http://purl.obolibrary.org/obo/DDO.owl#DDO_0004280>	<http://www.w3.org/2002/07/owl#Class>
<http://purl.obolibrary.org/obo/DDO.owl#DDO_0004281>	<http://www.w3.org/2002/07/owl#Class>
<http://purl.obolibrary.org/obo/DDO.owl#DDO_0004282>	<http://www.w3.org/2002/07/owl#Class>
<http://purl.obolibrary.org/obo/DDO.owl#DDO_0004283>	<http://www.w3.org/2002/07/owl#Class>
<http://purl.obolibrary.org/obo/DDO.owl#DDO_0004284>	<http://www.w3.org/2002/07/owl#Class>
<http://purl.obolibrary.org/obo/DDO.owl#DDO_0004285>	<http://www.w3.org/2002/07/owl#Class>
<http://purl.obolibrary.org/obo/DDO.owl#DDO_0004286>	<http://www.w3.org/2002/07/owl#Class>
<http://purl.obolibrary.org/obo/DDO.owl#DDO_0004287>	<http://www.w3.org/2002/07/owl#Class>
<http://purl.obolibrary.org/obo/DDO.owl#DDO_0004288>	<http://www.w3.org/2002/07/owl#Class>
<http://purl.obolibrary.org/obo/DDO.owl#DDO_0004289>	<http://www.w3.org/2002/07/owl#Class>
<http://purl.obolibrary.org/obo/DDO.owl#DDO_0004290>	<http://www.w3.org/2002/07/owl#Class>
<http://purl.obolibrary.org/obo/DDO.owl#DDO_0004291>	<http://www.w3.org/2002/07/owl#Class>
<http://purl.obolibrary.org/obo/DDO.owl#DDO_0004292>	<http://www.w3.org/2002/07/owl#Class>
<http://purl.obolibrary.org/obo/DDO.owl#DDO_0004293>	<http://www.w3.org/2002/07/owl#Class>
<http://purl.obolibrary.org/obo/DDO.owl#DDO_0004294>	<http://www.w3.org/2002/07/owl#Class>
<http://purl.obolibrary.org/obo/DDO.owl#DDO_0004295>	<http://www.w3.org/2002/07/owl#Class>
<http://purl.obolibrary.org/obo/DDO.owl#DDO_0004296>	<http://www.w3.org/2002/07/owl#Class>
<http://purl.obolibrary.org/obo/DDO.owl#DDO_0004297>	<http://www.w3.org/2002/07/owl#Class>
<http://purl.obolibrary.org/obo/DDO.owl#DDO_0004298>	<http://www.w3.org/2002/07/owl#Class>
<http://purl.obolibrary.org/obo/DDO.owl#DDO_0004299>	<http://www.w3.org/2002/07/owl#Class>
<http://purl.obolibrary.org/obo/DDO.owl#DDO_0004300>	<http://www.w3.org/2002/07/owl#Class>
<http://purl.obolibrary.org/obo/DDO.owl#DDO_0004301>	<http://www.w3.org/2002/07/owl#Class>
<http://purl.obolibrary.org/obo/DDO.owl#DDO_0004302>	<http://www.w3.org/2002/07/owl#Class>
<http://purl.obolibrary.org/obo/DDO.owl#DDO_0004303>	<http://www.w3.org/2002/07/owl#Class>
<http://purl.obolibrary.org/obo/DDO.owl#DDO_0004304>	<http://www.w3.org/2002/07/owl#Class>
<http://purl.obolibrary.org/obo/DDO.owl#DDO_0004305>	<http://www.w3.org/2002/07/owl#Class>
<http://purl.obolibrary.org/obo/DDO.owl#DDO_0004306>	<http://www.w3.org/2002/07/owl#Class>
<http://purl.obolibrary.org/obo/DDO.owl#DDO_0004307>	<http://www.w3.org/2002/07/owl#Class>
<http://purl.obolibrary.org/obo/DDO.owl#DDO_0004308>	<http://www.w3.org/2002/07/owl#Class>
<http://purl.obolibrary.org/obo/DDO.owl#DDO_0004309>	<http://www.w3.org/2002/07/owl#Class>
<http://purl.obolibrary.org/obo/DDO.owl#DDO_0004310>	<http://www.w3.org/2002/07/owl#Class>
<http://purl.obolibrary.org/obo/DDO.owl#DDO_0004311>	<http://www.w3.org/2002/07/owl#Class>
<http://purl.obolibrary.org/obo/DDO.owl#DDO_0004312>	<http://www.w3.org/2002/07/owl#Class>
<http://purl.obolibrary.org/obo/DDO.owl#DDO_0004313>	<http://www.w3.org/2002/07/owl#Class>
<http://purl.obolibrary.org/obo/DDO.owl#DDO_0004314>	<http://www.w3.org/2002/07/owl#Class>
<http://purl.obolibrary.org/obo/DDO.owl#DDO_0004315>	<http://www.w3.org/2002/07/owl#Class>
<http://purl.obolibrary.org/obo/DDO.owl#DDO_0004316>	<http://www.w3.org/2002/07/owl#Class>
<http://purl.obolibrary.org/obo/DDO.owl#DDO_0004317>	<http://www.w3.org/2002/07/owl#Class>
<http://purl.obolibrary.org/obo/DDO.owl#DDO_0004318>	<http://www.w3.org/2002/07/owl#Class>
<http://purl.obolibrary.org/obo/DDO.owl#DDO_0004319>	<http://www.w3.org/2002/07/owl#Class>
<http://purl.obolibrary.org/obo/DDO.owl#DDO_0004320>	<http://www.w3.org/2002/07/owl#Class>
<http://purl.obolibrary.org/obo/DDO.owl#DDO_0004321>	<http://www.w3.org/2002/07/owl#Class>
<http://purl.obolibrary.org/obo/DDO.owl#DDO_0004322>	<http://www.w3.org/2002/07/owl#Class>
<http://purl.obolibrary.org/obo/DDO.owl#DDO_0004323>	<http://www.w3.org/2002/07/owl#Class>
<http://purl.obolibrary.org/obo/DDO.owl#DDO_0004324>	<http://www.w3.org/2002/07/owl#Class>
<http://purl.obolibrary.org/obo/DDO.owl#DDO_0004325>	<http://www.w3.org/2002/07/owl#Class>
<http://purl.obolibrary.org/obo/DDO.owl#DDO_0004326>	<http://www.w3.org/2002/07/owl#Class>
<http://purl.obolibrary.org/obo/DDO.owl#DDO_0004327>	<http://www.w3.org/2002/07/owl#Class>
<http://purl.obolibrary.org/obo/DDO.owl#DDO_0004328>	<http://www.w3.org/2002/07/owl#Class>
<http://purl.obolibrary.org/obo/DDO.owl#DDO_0004329>	<http://www.w3.org/2002/07/owl#Class>
<http://purl.obolibrary.org/obo/DDO.owl#DDO_0004331>	<http://www.w3.org/2002/07/owl#Class>
<http://purl.obolibrary.org/obo/DDO.owl#DDO_0004332>	<http://www.w3.org/2002/07/owl#Class>
<http://purl.obolibrary.org/obo/DDO.owl#DDO_0004333>	<http://www.w3.org/2002/07/owl#Class>
<http://purl.obolibrary.org/obo/DDO.owl#DDO_0004334>	<http://www.w3.org/2002/07/owl#Class>
<http://purl.obolibrary.org/obo/DDO.owl#DDO_0004335>	<http://www.w3.org/2002/07/owl#Class>
<http://purl.obolibrary.org/obo/DDO.owl#DDO_0004336>	<http://www.w3.org/2002/07/owl#Class>
<http://purl.obolibrary.org/obo/DDO.owl#DDO_0004338>	<http://www.w3.org/2002/07/owl#Class>
<http://purl.obolibrary.org/obo/DDO.owl#DDO_0004339>	<http://www.w3.org/2002/07/owl#Class>
<http://purl.obolibrary.org/obo/DDO.owl#DDO_0004340>	<http://www.w3.org/2002/07/owl#Class>
<http://purl.obolibrary.org/obo/DDO.owl#DDO_0004341>	<http://www.w3.org/2002/07/owl#Class>
<http://purl.obolibrary.org/obo/DDO.owl#DDO_0004342>	<http://www.w3.org/2002/07/owl#Class>
<http://purl.obolibrary.org/obo/DDO.owl#DDO_0004343>	<http://www.w3.org/2002/07/owl#Class>
<http://purl.obolibrary.org/obo/DDO.owl#DDO_0004344>	<http://www.w3.org/2002/07/owl#Class>
<http://purl.obolibrary.org/obo/DDO.owl#DDO_0004345>	<http://www.w3.org/2002/07/owl#Class>
<http://purl.obolibrary.org/obo/DDO.owl#DDO_0004346>	<http://www.w3.org/2002/07/owl#Class>
<http://purl.obolibrary.org/obo/DDO.owl#DDO_0004347>	<http://www.w3.org/2002/07/owl#Class>
<http://purl.obolibrary.org/obo/DDO.owl#DDO_0004349>	<http://www.w3.org/2002/07/owl#Class>
<http://purl.obolibrary.org/obo/DDO.owl#DDO_0004350>	<http://www.w3.org/2002/07/owl#Class>
<http://purl.obolibrary.org/obo/DDO.owl#DDO_0004351>	<http://www.w3.org/2002/07/owl#Class>
<http://purl.obolibrary.org/obo/DDO.owl#DDO_0004352>	<http://www.w3.org/2002/07/owl#Class>
<http://purl.obolibrary.org/obo/DDO.owl#DDO_0004353>	<http://www.w3.org/2002/07/owl#Class>
<http://purl.obolibrary.org/obo/DDO.owl#DDO_0004354>	<http://www.w3.org/2002/07/owl#Class>
<http://purl.obolibrary.org/obo/DDO.owl#DDO_0004355>	<http://www.w3.org/2002/07/owl#Class>
<http://purl.obolibrary.org/obo/DDO.owl#DDO_0004356>	<http://www.w3.org/2002/07/owl#Class>
<http://purl.obolibrary.org/obo/DDO.owl#DDO_0004357>	<http://www.w3.org/2002/07/owl#Class>
<http://purl.obolibrary.org/obo/DDO.owl#DDO_0004358>	<http://www.w3.org/2002/07/owl#Class>
<http://purl.obolibrary.org/obo/DDO.owl#DDO_0004359>	<http://www.w3.org/2002/07/owl#Class>
<http://purl.obolibrary.org/obo/DDO.owl#DDO_0004360>	<http://www.w3.org/2002/07/owl#Class>
<http://purl.obolibrary.org/obo/DDO.owl#DDO_0004361>	<http://www.w3.org/2002/07/owl#Class>
<http://purl.obolibrary.org/obo/DDO.owl#DDO_0004362>	<http://www.w3.org/2002/07/owl#Class>
<http://purl.obolibrary.org/obo/DDO.owl#DDO_0004363>	<http://www.w3.org/2002/07/owl#Class>
<http://purl.obolibrary.org/obo/DDO.owl#DDO_0004364>	<http://www.w3.org/2002/07/owl#Class>
<http://purl.obolibrary.org/obo/DDO.owl#DDO_0004365>	<http://www.w3.org/2002/07/owl#Class>
<http://purl.obolibrary.org/obo/DDO.owl#DDO_0004366>	<http://www.w3.org/2002/07/owl#Class>
<http://purl.obolibrary.org/obo/DDO.owl#DDO_0004367>	<http://www.w3.org/2002/07/owl#Class>
<http://purl.obolibrary.org/obo/DDO.owl#DDO_0004368>	<http://www.w3.org/2002/07/owl#Class>
<http://purl.obolibrary.org/obo/DDO.owl#DDO_0004369>	<http://www.w3.org/2002/07/owl#Class>
<http://purl.obolibrary.org/obo/DDO.owl#DDO_0004370>	<http://www.w3.org/2002/07/owl#Class>
<http://purl.obolibrary.org/obo/DDO.owl#DDO_0004371>	<http://www.w3.org/2002/07/owl#Class>
<http://purl.obolibrary.org/obo/DDO.owl#DDO_0004372>	<http://www.w3.org/2002/07/owl#Class>
<http://purl.obolibrary.org/obo/DDO.owl#DDO_0004373>	<http://www.w3.org/2002/07/owl#Class>
<http://purl.obolibrary.org/obo/DDO.owl#DDO_0004374>	<http://www.w3.org/2002/07/owl#Class>
<http://purl.obolibrary.org/obo/DDO.owl#DDO_0004375>	<http://www.w3.org/2002/07/owl#Class>
<http://purl.obolibrary.org/obo/DDO.owl#DDO_0004376>	<http://www.w3.org/2002/07/owl#Class>
<http://purl.obolibrary.org/obo/DDO.owl#DDO_0004377>	<http://www.w3.org/2002/07/owl#Class>
<http://purl.obolibrary.org/obo/DDO.owl#DDO_0004378>	<http://www.w3.org/2002/07/owl#Class>
<http://purl.obolibrary.org/obo/DDO.owl#DDO_0004379>	<http://www.w3.org/2002/07/owl#Class>
<http://purl.obolibrary.org/obo/DDO.owl#DDO_0004380>	<http://www.w3.org/2002/07/owl#Class>
<http://purl.obolibrary.org/obo/DDO.owl#DDO_0004381>	<http://www.w3.org/2002/07/owl#Class>
<http://purl.obolibrary.org/obo/DDO.owl#DDO_0004382>	<http://www.w3.org/2002/07/owl#Class>
<http://purl.obolibrary.org/obo/DDO.owl#DDO_0004383>	<http://www.w3.org/2002/07/owl#Class>
<http://purl.obolibrary.org/obo/DDO.owl#DDO_0004384>	<http://www.w3.org/2002/07/owl#Class>
<http://purl.obolibrary.org/obo/DDO.owl#DDO_0004385>	<http://www.w3.org/2002/07/owl#Class>
<http://purl.obolibrary.org/obo/DDO.owl#DDO_0004386>	<http://www.w3.org/2002/07/owl#Class>
<http://purl.obolibrary.org/obo/DDO.owl#DDO_0004387>	<http://www.w3.org/2002/07/owl#Class>
<http://purl.obolibrary.org/obo/DDO.owl#DDO_0004388>	<http://www.w3.org/2002/07/owl#Class>
<http://purl.obolibrary.org/obo/DDO.owl#DDO_0004389>	<http://www.w3.org/2002/07/owl#Class>
<http://purl.obolibrary.org/obo/DDO.owl#DDO_0004390>	<http://www.w3.org/2002/07/owl#Class>
<http://purl.obolibrary.org/obo/DDO.owl#DDO_0004391>	<http://www.w3.org/2002/07/owl#Class>
<http://purl.obolibrary.org/obo/DDO.owl#DDO_0004392>	<http://www.w3.org/2002/07/owl#Class>
<http://purl.obolibrary.org/obo/DDO.owl#DDO_0004393>	<http://www.w3.org/2002/07/owl#Class>
<http://purl.obolibrary.org/obo/DDO.owl#DDO_0004394>	<http://www.w3.org/2002/07/owl#Class>
<http://purl.obolibrary.org/obo/DDO.owl#DDO_0004395>	<http://www.w3.org/2002/07/owl#Class>
<http://purl.obolibrary.org/obo/DDO.owl#DDO_0004396>	<http://www.w3.org/2002/07/owl#Class>
<http://purl.obolibrary.org/obo/DDO.owl#DDO_0004397>	<http://www.w3.org/2002/07/owl#Class>
<http://purl.obolibrary.org/obo/DDO.owl#DDO_0004398>	<http://www.w3.org/2002/07/owl#Class>
<http://purl.obolibrary.org/obo/DDO.owl#DDO_0004399>	<http://www.w3.org/2002/07/owl#Class>
<http://purl.obolibrary.org/obo/DDO.owl#DDO_0004400>	<http://www.w3.org/2002/07/owl#Class>
<http://purl.obolibrary.org/obo/DDO.owl#DDO_0004401>	<http://www.w3.org/2002/07/owl#Class>
<http://purl.obolibrary.org/obo/DDO.owl#DDO_0004402>	<http://www.w3.org/2002/07/owl#Class>
<http://purl.obolibrary.org/obo/DDO.owl#DDO_0004403>	<http://www.w3.org/2002/07/owl#Class>
<http://purl.obolibrary.org/obo/DDO.owl#DDO_0004404>	<http://www.w3.org/2002/07/owl#Class>
<http://purl.obolibrary.org/obo/DDO.owl#DDO_0004405>	<http://www.w3.org/2002/07/owl#Class>
<http://purl.obolibrary.org/obo/DDO.owl#DDO_0004406>	<http://www.w3.org/2002/07/owl#Class>
<http://purl.obolibrary.org/obo/DDO.owl#DDO_0004464>	<http://www.w3.org/2002/07/owl#Class>
<http://purl.obolibrary.org/obo/DDO.owl#DDO_0004465>	<http://www.w3.org/2002/07/owl#Class>
<http://purl.obolibrary.org/obo/DDO.owl#DDO_0004466>	<http://www.w3.org/2002/07/owl#Class>
<http://purl.obolibrary.org/obo/DDO.owl#DDO_0004467>	<http://www.w3.org/2002/07/owl#Class>
<http://purl.obolibrary.org/obo/DDO.owl#DDO_0004468>	<http://www.w3.org/2002/07/owl#Class>
<http://purl.obolibrary.org/obo/DDO.owl#DDO_0004469>	<http://www.w3.org/2002/07/owl#Class>
<http://purl.obolibrary.org/obo/DDO.owl#DDO_0004470>	<http://www.w3.org/2002/07/owl#Class>
<http://purl.obolibrary.org/obo/DDO.owl#DDO_0004471>	<http://www.w3.org/2002/07/owl#Class>
<http://purl.obolibrary.org/obo/DDO.owl#DDO_0004472>	<http://www.w3.org/2002/07/owl#Class>
<http://purl.obolibrary.org/obo/DDO.owl#DDO_0004473>	<http://www.w3.org/2002/07/owl#Class>
<http://purl.obolibrary.org/obo/DDO.owl#DDO_0004474>	<http://www.w3.org/2002/07/owl#Class>
<http://purl.obolibrary.org/obo/DDO.owl#DDO_0004475>	<http://www.w3.org/2002/07/owl#Class>
<http://purl.obolibrary.org/obo/DDO.owl#DDO_0004476>	<http://www.w3.org/2002/07/owl#Class>
<http://purl.obolibrary.org/obo/DDO.owl#DDO_0004477>	<http://www.w3.org/2002/07/owl#Class>
<http://purl.obolibrary.org/obo/DDO.owl#DDO_0004478>	<http://www.w3.org/2002/07/owl#Class>
<http://purl.obolibrary.org/obo/DDO.owl#DDO_0004479>	<http://www.w3.org/2002/07/owl#Class>
<http://purl.obolibrary.org/obo/DDO.owl#DDO_0004480>	<http://www.w3.org/2002/07/owl#Class>
<http://purl.obolibrary.org/obo/DDO.owl#DDO_0004481>	<http://www.w3.org/2002/07/owl#Class>
<http://purl.obolibrary.org/obo/DDO.owl#DDO_0004482>	<http://www.w3.org/2002/07/owl#Class>
<http://purl.obolibrary.org/obo/DDO.owl#DDO_0004483>	<http://www.w3.org/2002/07/owl#Class>
<http://purl.obolibrary.org/obo/DDO.owl#DDO_0004484>	<http://www.w3.org/2002/07/owl#Class>
<http://purl.obolibrary.org/obo/DDO.owl#DDO_0004485>	<http://www.w3.org/2002/07/owl#Class>
<http://purl.obolibrary.org/obo/DDO.owl#DDO_0004486>	<http://www.w3.org/2002/07/owl#Class>
<http://purl.obolibrary.org/obo/DDO.owl#DDO_0004487>	<http://www.w3.org/2002/07/owl#Class>
<http://purl.obolibrary.org/obo/DDO.owl#DDO_0004488>	<http://www.w3.org/2002/07/owl#Class>
<http://purl.obolibrary.org/obo/DDO.owl#DDO_0004489>	<http://www.w3.org/2002/07/owl#Class>
<http://purl.obolibrary.org/obo/DDO.owl#DDO_0004490>	<http://www.w3.org/2002/07/owl#Class>
<http://purl.obolibrary.org/obo/DDO.owl#DDO_0004877>	<http://www.w3.org/2002/07/owl#Class>
<http://purl.obolibrary.org/obo/DDO.owl#DDO_0004878>	<http://www.w3.org/2002/07/owl#Class>
<http://purl.obolibrary.org/obo/DDO.owl#DDO_0004879>	<http://www.w3.org/2002/07/owl#Class>
<http://purl.obolibrary.org/obo/DDO.owl#DDO_0004880>	<http://www.w3.org/2002/07/owl#Class>
<http://purl.obolibrary.org/obo/DDO.owl#DDO_0004891>	<http://www.w3.org/2002/07/owl#Class>
<http://purl.obolibrary.org/obo/DDO.owl#DDO_0004892>	<http://www.w3.org/2002/07/owl#Class>
<http://purl.obolibrary.org/obo/DDO.owl#DDO_0004893>	<http://www.w3.org/2002/07/owl#Class>
<http://purl.obolibrary.org/obo/DDO.owl#DDO_0004894>	<http://www.w3.org/2002/07/owl#Class>
<http://purl.obolibrary.org/obo/DDO.owl#DDO_0004895>	<http://www.w3.org/2002/07/owl#Class>
<http://purl.obolibrary.org/obo/DDO.owl#DDO_0004896>	<http://www.w3.org/2002/07/owl#Class>
<http://purl.obolibrary.org/obo/DDO.owl#DDO_0004897>	<http://www.w3.org/2002/07/owl#Class>
<http://purl.obolibrary.org/obo/DDO.owl#DDO_0004898>	<http://www.w3.org/2002/07/owl#Class>
<http://purl.obolibrary.org/obo/DDO.owl#DDO_0004899>	<http://www.w3.org/2002/07/owl#Class>
<http://purl.obolibrary.org/obo/DDO.owl#DDO_0004900>	<http://www.w3.org/2002/07/owl#Class>
<http://purl.obolibrary.org/obo/DDO.owl#DDO_0004901>	<http://www.w3.org/2002/07/owl#Class>
<http://purl.obolibrary.org/obo/DDO.owl#DDO_0004902>	<http://www.w3.org/2002/07/owl#Class>
<http://purl.obolibrary.org/obo/DDO.owl#DDO_0004903>	<http://www.w3.org/2002/07/owl#Class>
<http://purl.obolibrary.org/obo/DDO.owl#DDO_0004904>	<http://www.w3.org/2002/07/owl#Class>
<http://purl.obolibrary.org/obo/DDO.owl#DDO_0004905>	<http://www.w3.org/2002/07/owl#Class>
<http://purl.obolibrary.org/obo/DDO.owl#DDO_0004906>	<http://www.w3.org/2002/07/owl#Class>
<http://purl.obolibrary.org/obo/DDO.owl#DDO_0004907>	<http://www.w3.org/2002/07/owl#Class>
<http://purl.obolibrary.org/obo/DDO.owl#DDO_0004908>	<http://www.w3.org/2002/07/owl#Class>
<http://purl.obolibrary.org/obo/DDO.owl#DDO_0004909>	<http://www.w3.org/2002/07/owl#Class>
<http://purl.obolibrary.org/obo/DDO.owl#DDO_0004910>	<http://www.w3.org/2002/07/owl#Class>
<http://purl.obolibrary.org/obo/DDO.owl#DDO_0004911>	<http://www.w3.org/2002/07/owl#Class>
<http://purl.obolibrary.org/obo/DDO.owl#DDO_0004912>	<http://www.w3.org/2002/07/owl#Class>
<http://purl.obolibrary.org/obo/DDO.owl#DDO_0004913>	<http://www.w3.org/2002/07/owl#Class>
<http://purl.obolibrary.org/obo/DDO.owl#DDO_0004914>	<http://www.w3.org/2002/07/owl#Class>
<http://purl.obolibrary.org/obo/DDO.owl#DDO_0004915>	<http://www.w3.org/2002/07/owl#Class>
<http://purl.obolibrary.org/obo/DDO.owl#DDO_0004916>	<http://www.w3.org/2002/07/owl#Class>
<http://purl.obolibrary.org/obo/DDO.owl#DDO_0004917>	<http://www.w3.org/2002/07/owl#Class>
<http://purl.obolibrary.org/obo/DDO.owl#DDO_0004918>	<http://www.w3.org/2002/07/owl#Class>
<http://purl.obolibrary.org/obo/DDO.owl#DDO_0004919>	<http://www.w3.org/2002/07/owl#Class>
<http://purl.obolibrary.org/obo/DDO.owl#DDO_0004920>	<http://www.w3.org/2002/07/owl#Class>
<http://purl.obolibrary.org/obo/DDO.owl#DDO_0004921>	<http://www.w3.org/2002/07/owl#Class>
<http://purl.obolibrary.org/obo/DDO.owl#DDO_0004925>	<http://www.w3.org/2002/07/owl#Class>
<http://purl.obolibrary.org/obo/DDO.owl#DDO_0004926>	<http://www.w3.org/2002/07/owl#Class>
<http://purl.obolibrary.org/obo/DDO.owl#DDO_0004927>	<http://www.w3.org/2002/07/owl#Class>
<http://purl.obolibrary.org/obo/DDO.owl#DDO_0004928>	<http://www.w3.org/2002/07/owl#Class>
<http://purl.obolibrary.org/obo/DDO.owl#DDO_0004929>	<http://www.w3.org/2002/07/owl#Class>
<http://purl.obolibrary.org/obo/DDO.owl#DDO_0004930>	<http://www.w3.org/2002/07/owl#Class>
<http://purl.obolibrary.org/obo/DDO.owl#DDO_0004931>	<http://www.w3.org/2002/07/owl#Class>
<http://purl.obolibrary.org/obo/DDO.owl#DDO_0004932>	<http://www.w3.org/2002/07/owl#Class>
<http://purl.obolibrary.org/obo/DDO.owl#DDO_0004933>	<http://www.w3.org/2002/07/owl#Class>
<http://purl.obolibrary.org/obo/DDO.owl#DDO_0004934>	<http://www.w3.org/2002/07/owl#Class>
<http://purl.obolibrary.org/obo/DDO.owl#DDO_0004935>	<http://www.w3.org/2002/07/owl#Class>
<http://purl.obolibrary.org/obo/DDO.owl#DDO_0004936>	<http://www.w3.org/2002/07/owl#Class>
<http://purl.obolibrary.org/obo/DDO.owl#DDO_0004937>	<http://www.w3.org/2002/07/owl#Class>
<http://purl.obolibrary.org/obo/DDO.owl#DDO_0004938>	<http://www.w3.org/2002/07/owl#Class>
<http://purl.obolibrary.org/obo/DDO.owl#DDO_0004939>	<http://www.w3.org/2002/07/owl#Class>
<http://purl.obolibrary.org/obo/DDO.owl#DDO_0004940>	<http://www.w3.org/2002/07/owl#Class>
<http://purl.obolibrary.org/obo/DDO.owl#DDO_0004941>	<http://www.w3.org/2002/07/owl#Class>
<http://purl.obolibrary.org/obo/DDO.owl#DDO_0004942>	<http://www.w3.org/2002/07/owl#Class>
<http://purl.obolibrary.org/obo/DDO.owl#DDO_0004943>	<http://www.w3.org/2002/07/owl#Class>
<http://purl.obolibrary.org/obo/DDO.owl#DDO_0004944>	<http://www.w3.org/2002/07/owl#Class>
<http://purl.obolibrary.org/obo/DDO.owl#DDO_0004945>	<http://www.w3.org/2002/07/owl#Class>
<http://purl.obolibrary.org/obo/DDO.owl#DDO_0004946>	<http://www.w3.org/2002/07/owl#Class>
<http://purl.obolibrary.org/obo/DDO.owl#DDO_0004948>	<http://www.w3.org/2002/07/owl#Class>
<http://purl.obolibrary.org/obo/DDO.owl#DDO_0004949>	<http://www.w3.org/2002/07/owl#Class>
<http://purl.obolibrary.org/obo/DDO.owl#DDO_0004950>	<http://www.w3.org/2002/07/owl#Class>
<http://purl.obolibrary.org/obo/DDO.owl#DDO_0004951>	<http://www.w3.org/2002/07/owl#Class>
<http://purl.obolibrary.org/obo/DDO.owl#DDO_0004952>	<http://www.w3.org/2002/07/owl#Class>
<http://purl.obolibrary.org/obo/DDO.owl#DDO_0004953>	<http://www.w3.org/2002/07/owl#Class>
<http://purl.obolibrary.org/obo/DDO.owl#DDO_0004954>	<http://www.w3.org/2002/07/owl#Class>
<http://purl.obolibrary.org/obo/DDO.owl#DDO_0004955>	<http://www.w3.org/2002/07/owl#Class>
<http://purl.obolibrary.org/obo/DDO.owl#DDO_0004956>	<http://www.w3.org/2002/07/owl#Class>
<http://purl.obolibrary.org/obo/DDO.owl#DDO_0004957>	<http://www.w3.org/2002/07/owl#Class>
<http://purl.obolibrary.org/obo/DDO.owl#DDO_0004958>	<http://www.w3.org/2002/07/owl#Class>
<http://purl.obolibrary.org/obo/DDO.owl#DDO_0004959>	<http://www.w3.org/2002/07/owl#Class>
<http://purl.obolibrary.org/obo/DDO.owl#DDO_0004960>	<http://www.w3.org/2002/07/owl#Class>
<http://purl.obolibrary.org/obo/DDO.owl#DDO_0004961>	<http://www.w3.org/2002/07/owl#Class>
<http://purl.obolibrary.org/obo/DDO.owl#DDO_0004962>	<http://www.w3.org/2002/07/owl#Class>
<http://purl.obolibrary.org/obo/DDO.owl#DDO_0004963>	<http://www.w3.org/2002/07/owl#Class>
<http://purl.obolibrary.org/obo/DDO.owl#DDO_0004964>	<http://www.w3.org/2002/07/owl#Class>
<http://purl.obolibrary.org/obo/DDO.owl#DDO_0004965>	<http://www.w3.org/2002/07/owl#Class>
<http://purl.obolibrary.org/obo/DDO.owl#DDO_0004966>	<http://www.w3.org/2002/07/owl#Class>
<http://purl.obolibrary.org/obo/DDO.owl#DDO_0004967>	<http://www.w3.org/2002/07/owl#Class>
<http://purl.obolibrary.org/obo/DDO.owl#DDO_0004968>	<http://www.w3.org/2002/07/owl#Class>
<http://purl.obolibrary.org/obo/DDO.owl#DDO_0004969>	<http://www.w3.org/2002/07/owl#Class>
<http://purl.obolibrary.org/obo/DDO.owl#DDO_0004970>	<http://www.w3.org/2002/07/owl#Class>
<http://purl.obolibrary.org/obo/DDO.owl#DDO_0004971>	<http://www.w3.org/2002/07/owl#Class>
<http://purl.obolibrary.org/obo/DDO.owl#DDO_0004972>	<http://www.w3.org/2002/07/owl#Class>
<http://purl.obolibrary.org/obo/DDO.owl#DDO_0004973>	<http://www.w3.org/2002/07/owl#Class>
<http://purl.obolibrary.org/obo/DDO.owl#DDO_0004974>	<http://www.w3.org/2002/07/owl#Class>
<http://purl.obolibrary.org/obo/DDO.owl#DDO_0004975>	<http://www.w3.org/2002/07/owl#Class>
<http://purl.obolibrary.org/obo/DDO.owl#DDO_0004976>	<http://www.w3.org/2002/07/owl#Class>
<http://purl.obolibrary.org/obo/DDO.owl#DDO_0004977>	<http://www.w3.org/2002/07/owl#Class>
<http://purl.obolibrary.org/obo/DDO.owl#DDO_0004978>	<http://www.w3.org/2002/07/owl#Class>
<http://purl.obolibrary.org/obo/DDO.owl#DDO_0004979>	<http://www.w3.org/2002/07/owl#Class>
<http://purl.obolibrary.org/obo/DDO.owl#DDO_0004980>	<http://www.w3.org/2002/07/owl#Class>
<http://purl.obolibrary.org/obo/DDO.owl#DDO_0004981>	<http://www.w3.org/2002/07/owl#Class>
<http://purl.obolibrary.org/obo/DDO.owl#DDO_0004982>	<http://www.w3.org/2002/07/owl#Class>
<http://purl.obolibrary.org/obo/DDO.owl#DDO_0004983>	<http://www.w3.org/2002/07/owl#Class>
<http://purl.obolibrary.org/obo/DDO.owl#DDO_0004984>	<http://www.w3.org/2002/07/owl#Class>
<http://purl.obolibrary.org/obo/DDO.owl#DDO_0004985>	<http://www.w3.org/2002/07/owl#Class>
<http://purl.obolibrary.org/obo/DDO.owl#DDO_0004986>	<http://www.w3.org/2002/07/owl#Class>
<http://purl.obolibrary.org/obo/DDO.owl#DDO_0004987>	<http://www.w3.org/2002/07/owl#Class>
<http://purl.obolibrary.org/obo/DDO.owl#DDO_0004988>	<http://www.w3.org/2002/07/owl#Class>
<http://purl.obolibrary.org/obo/DDO.owl#DDO_0004989>	<http://www.w3.org/2002/07/owl#Class>
<http://purl.obolibrary.org/obo/DDO.owl#DDO_0004990>	<http://www.w3.org/2002/07/owl#Class>
<http://purl.obolibrary.org/obo/DDO.owl#DDO_0004991>	<http://www.w3.org/2002/07/owl#Class>
<http://purl.obolibrary.org/obo/DDO.owl#DDO_0004992>	<http://www.w3.org/2002/07/owl#Class>
<http://purl.obolibrary.org/obo/DDO.owl#DDO_0004993>	<http://www.w3.org/2002/07/owl#Class>
<http://purl.obolibrary.org/obo/DDO.owl#DDO_0004994>	<http://www.w3.org/2002/07/owl#Class>
<http://purl.obolibrary.org/obo/DDO.owl#DDO_0004995>	<http://www.w3.org/2002/07/owl#Class>
<http://purl.obolibrary.org/obo/DDO.owl#DDO_0004996>	<http://www.w3.org/2002/07/owl#Class>
<http://purl.obolibrary.org/obo/DDO.owl#DDO_0004997>	<http://www.w3.org/2002/07/owl#Class>
<http://purl.obolibrary.org/obo/DDO.owl#DDO_0004998>	<http://www.w3.org/2002/07/owl#Class>
<http://purl.obolibrary.org/obo/DDO.owl#DDO_0005002>	<http://www.w3.org/2002/07/owl#Class>
<http://purl.obolibrary.org/obo/DDO.owl#DDO_0005003>	<http://www.w3.org/2002/07/owl#Class>
<http://purl.obolibrary.org/obo/DDO.owl#DDO_0005004>	<http://www.w3.org/2002/07/owl#Class>
<http://purl.obolibrary.org/obo/DDO.owl#DDO_0005014>	<http://www.w3.org/2002/07/owl#Class>
<http://purl.obolibrary.org/obo/DDO.owl#DDO_0005015>	<http://www.w3.org/2002/07/owl#Class>
<http://purl.obolibrary.org/obo/DDO.owl#DDO_0005016>	<http://www.w3.org/2002/07/owl#Class>
<http://purl.obolibrary.org/obo/DDO.owl#DDO_0005017>	<http://www.w3.org/2002/07/owl#Class>
<http://purl.obolibrary.org/obo/DDO.owl#DDO_0005018>	<http://www.w3.org/2002/07/owl#Class>
<http://purl.obolibrary.org/obo/DDO.owl#DDO_0005019>	<http://www.w3.org/2002/07/owl#Class>
<http://purl.obolibrary.org/obo/DDO.owl#DDO_0005020>	<http://www.w3.org/2002/07/owl#Class>
<http://purl.obolibrary.org/obo/DDO.owl#DDO_0005025>	<http://www.w3.org/2002/07/owl#Class>
<http://purl.obolibrary.org/obo/DDO.owl#DDO_0005026>	<http://www.w3.org/2002/07/owl#Class>
<http://purl.obolibrary.org/obo/DDO.owl#DDO_0005027>	<http://www.w3.org/2002/07/owl#Class>
<http://purl.obolibrary.org/obo/DDO.owl#DDO_0005028>	<http://www.w3.org/2002/07/owl#Class>
<http://purl.obolibrary.org/obo/DDO.owl#DDO_0005029>	<http://www.w3.org/2002/07/owl#Class>
<http://purl.obolibrary.org/obo/DDO.owl#DDO_0005031>	<http://www.w3.org/2002/07/owl#Class>
<http://purl.obolibrary.org/obo/DDO.owl#DDO_0005032>	<http://www.w3.org/2002/07/owl#Class>
<http://purl.obolibrary.org/obo/DDO.owl#DDO_0005033>	<http://www.w3.org/2002/07/owl#Class>
<http://purl.obolibrary.org/obo/DDO.owl#DDO_0005034>	<http://www.w3.org/2002/07/owl#Class>
<http://purl.obolibrary.org/obo/DDO.owl#DDO_0005035>	<http://www.w3.org/2002/07/owl#Class>
<http://purl.obolibrary.org/obo/DDO.owl#DDO_0005043>	<http://www.w3.org/2002/07/owl#Class>
<http://purl.obolibrary.org/obo/DDO.owl#DDO_0005044>	<http://www.w3.org/2002/07/owl#Class>
<http://purl.obolibrary.org/obo/DDO.owl#DDO_0005045>	<http://www.w3.org/2002/07/owl#Class>
<http://purl.obolibrary.org/obo/DDO.owl#DDO_0005046>	<http://www.w3.org/2002/07/owl#Class>
<http://purl.obolibrary.org/obo/DDO.owl#DDO_0005047>	<http://www.w3.org/2002/07/owl#Class>
<http://purl.obolibrary.org/obo/DDO.owl#DDO_0005048>	<http://www.w3.org/2002/07/owl#Class>
<http://purl.obolibrary.org/obo/DDO.owl#DDO_0005053>	<http://www.w3.org/2002/07/owl#Class>
<http://purl.obolibrary.org/obo/DDO.owl#DDO_0005054>	<http://www.w3.org/2002/07/owl#Class>
<http://purl.obolibrary.org/obo/DDO.owl#DDO_0005061>	<http://www.w3.org/2002/07/owl#Class>
<http://purl.obolibrary.org/obo/DDO.owl#DDO_0005062>	<http://www.w3.org/2002/07/owl#Class>
<http://purl.obolibrary.org/obo/DDO.owl#DDO_0005063>	<http://www.w3.org/2002/07/owl#Class>
<http://purl.obolibrary.org/obo/DDO.owl#DDO_0005183>	<http://www.w3.org/2002/07/owl#Class>
<http://purl.obolibrary.org/obo/DDO.owl#DDO_0005184>	<http://www.w3.org/2002/07/owl#Class>
<http://purl.obolibrary.org/obo/DDO.owl#DDO_0005185>	<http://www.w3.org/2002/07/owl#Class>
<http://purl.obolibrary.org/obo/DDO.owl#DDO_0005187>	<http://www.w3.org/2002/07/owl#Class>
<http://purl.obolibrary.org/obo/DDO.owl#DDO_0005188>	<http://www.w3.org/2002/07/owl#Class>
<http://purl.obolibrary.org/obo/DDO.owl#DDO_0005189>	<http://www.w3.org/2002/07/owl#Class>
<http://purl.obolibrary.org/obo/DDO.owl#DDO_0005190>	<http://www.w3.org/2002/07/owl#Class>
<http://purl.obolibrary.org/obo/DDO.owl#DDO_0005191>	<http://www.w3.org/2002/07/owl#Class>
<http://purl.obolibrary.org/obo/DDO.owl#DDO_0005192>	<http://www.w3.org/2002/07/owl#Class>
<http://purl.obolibrary.org/obo/DDO.owl#DDO_0005193>	<http://www.w3.org/2002/07/owl#Class>
<http://purl.obolibrary.org/obo/DDO.owl#DDO_0005194>	<http://www.w3.org/2002/07/owl#Class>
<http://purl.obolibrary.org/obo/DDO.owl#DDO_0005195>	<http://www.w3.org/2002/07/owl#Class>
<http://purl.obolibrary.org/obo/DDO.owl#DDO_0005196>	<http://www.w3.org/2002/07/owl#Class>
<http://purl.obolibrary.org/obo/DDO.owl#DDO_0005197>	<http://www.w3.org/2002/07/owl#Class>
<http://purl.obolibrary.org/obo/DDO.owl#DDO_0005198>	<http://www.w3.org/2002/07/owl#Class>
<http://purl.obolibrary.org/obo/DDO.owl#DDO_0005199>	<http://www.w3.org/2002/07/owl#Class>
<http://purl.obolibrary.org/obo/DDO.owl#DDO_0005200>	<http://www.w3.org/2002/07/owl#Class>
<http://purl.obolibrary.org/obo/DDO.owl#DDO_0005201>	<http://www.w3.org/2002/07/owl#Class>
<http://purl.obolibrary.org/obo/DDO.owl#DDO_0005202>	<http://www.w3.org/2002/07/owl#Class>
<http://purl.obolibrary.org/obo/DDO.owl#DDO_0005203>	<http://www.w3.org/2002/07/owl#Class>
<http://purl.obolibrary.org/obo/DDO.owl#DDO_0005204>	<http://www.w3.org/2002/07/owl#Class>
<http://purl.obolibrary.org/obo/DDO.owl#DDO_0005205>	<http://www.w3.org/2002/07/owl#Class>
<http://purl.obolibrary.org/obo/DDO.owl#DDO_0005206>	<http://www.w3.org/2002/07/owl#Class>
<http://purl.obolibrary.org/obo/DDO.owl#DDO_0005207>	<http://www.w3.org/2002/07/owl#Class>
<http://purl.obolibrary.org/obo/DDO.owl#DDO_0005210>	<http://www.w3.org/2002/07/owl#Class>
<http://purl.obolibrary.org/obo/DDO.owl#DDO_0005211>	<http://www.w3.org/2002/07/owl#Class>
<http://purl.obolibrary.org/obo/DDO.owl#DDO_0005212>	<http://www.w3.org/2002/07/owl#Class>
<http://purl.obolibrary.org/obo/DDO.owl#DDO_0005213>	<http://www.w3.org/2002/07/owl#Class>
<http://purl.obolibrary.org/obo/DDO.owl#DDO_0005214>	<http://www.w3.org/2002/07/owl#Class>
<http://purl.obolibrary.org/obo/DDO.owl#DDO_0005215>	<http://www.w3.org/2002/07/owl#Class>
<http://purl.obolibrary.org/obo/DDO.owl#DDO_0005216>	<http://www.w3.org/2002/07/owl#Class>
<http://purl.obolibrary.org/obo/DDO.owl#DDO_0005217>	<http://www.w3.org/2002/07/owl#Class>
<http://purl.obolibrary.org/obo/DDO.owl#DDO_0005218>	<http://www.w3.org/2002/07/owl#Class>
<http://purl.obolibrary.org/obo/DDO.owl#DDO_0005219>	<http://www.w3.org/2002/07/owl#Class>
<http://purl.obolibrary.org/obo/DDO.owl#DDO_0005220>	<http://www.w3.org/2002/07/owl#Class>
<http://purl.obolibrary.org/obo/DDO.owl#DDO_0005223>	<http://www.w3.org/2002/07/owl#Class>
<http://purl.obolibrary.org/obo/DDO.owl#DDO_0005224>	<http://www.w3.org/2002/07/owl#Class>
<http://purl.obolibrary.org/obo/DDO.owl#DDO_0005225>	<http://www.w3.org/2002/07/owl#Class>
<http://purl.obolibrary.org/obo/DDO.owl#DDO_0005226>	<http://www.w3.org/2002/07/owl#Class>
<http://purl.obolibrary.org/obo/DDO.owl#DDO_0005228>	<http://www.w3.org/2002/07/owl#Class>
<http://purl.obolibrary.org/obo/DDO.owl#DDO_0005229>	<http://www.w3.org/2002/07/owl#Class>
<http://purl.obolibrary.org/obo/DDO.owl#DDO_0005230>	<http://www.w3.org/2002/07/owl#Class>
<http://purl.obolibrary.org/obo/DDO.owl#DDO_0005231>	<http://www.w3.org/2002/07/owl#Class>
<http://purl.obolibrary.org/obo/DDO.owl#DDO_0005232>	<http://www.w3.org/2002/07/owl#Class>
<http://purl.obolibrary.org/obo/DDO.owl#DDO_0005233>	<http://www.w3.org/2002/07/owl#Class>
<http://purl.obolibrary.org/obo/DDO.owl#DDO_0005234>	<http://www.w3.org/2002/07/owl#Class>
<http://purl.obolibrary.org/obo/DDO.owl#DDO_0005235>	<http://www.w3.org/2002/07/owl#Class>
<http://purl.obolibrary.org/obo/DDO.owl#DDO_0005236>	<http://www.w3.org/2002/07/owl#Class>
<http://purl.obolibrary.org/obo/DDO.owl#DDO_0005237>	<http://www.w3.org/2002/07/owl#Class>
<http://purl.obolibrary.org/obo/DDO.owl#DDO_0005238>	<http://www.w3.org/2002/07/owl#Class>
<http://purl.obolibrary.org/obo/DDO.owl#DDO_0005239>	<http://www.w3.org/2002/07/owl#Class>
<http://purl.obolibrary.org/obo/DDO.owl#DDO_0005240>	<http://www.w3.org/2002/07/owl#Class>
<http://purl.obolibrary.org/obo/DDO.owl#DDO_0005241>	<http://www.w3.org/2002/07/owl#Class>
<http://purl.obolibrary.org/obo/DDO.owl#DDO_0005242>	<http://www.w3.org/2002/07/owl#Class>
<http://purl.obolibrary.org/obo/DDO.owl#DDO_0005243>	<http://www.w3.org/2002/07/owl#Class>
<http://purl.obolibrary.org/obo/DDO.owl#DDO_0005244>	<http://www.w3.org/2002/07/owl#Class>
<http://purl.obolibrary.org/obo/DDO.owl#DDO_0005246>	<http://www.w3.org/2002/07/owl#Class>
<http://purl.obolibrary.org/obo/DDO.owl#DDO_0005247>	<http://www.w3.org/2002/07/owl#Class>
<http://purl.obolibrary.org/obo/DDO.owl#DDO_0005248>	<http://www.w3.org/2002/07/owl#Class>
<http://purl.obolibrary.org/obo/DDO.owl#DDO_0005249>	<http://www.w3.org/2002/07/owl#Class>
<http://purl.obolibrary.org/obo/DDO.owl#DDO_0005250>	<http://www.w3.org/2002/07/owl#Class>
<http://purl.obolibrary.org/obo/DDO.owl#DDO_0005251>	<http://www.w3.org/2002/07/owl#Class>
<http://purl.obolibrary.org/obo/DDO.owl#DDO_0005252>	<http://www.w3.org/2002/07/owl#Class>
<http://purl.obolibrary.org/obo/DDO.owl#DDO_0005253>	<http://www.w3.org/2002/07/owl#Class>
<http://purl.obolibrary.org/obo/DDO.owl#DDO_0005254>	<http://www.w3.org/2002/07/owl#Class>
<http://purl.obolibrary.org/obo/DDO.owl#DDO_0005255>	<http://www.w3.org/2002/07/owl#Class>
<http://purl.obolibrary.org/obo/DDO.owl#DDO_0005256>	<http://www.w3.org/2002/07/owl#Class>
<http://purl.obolibrary.org/obo/DDO.owl#DDO_0005257>	<http://www.w3.org/2002/07/owl#Class>
<http://purl.obolibrary.org/obo/DDO.owl#DDO_0005258>	<http://www.w3.org/2002/07/owl#Class>
<http://purl.obolibrary.org/obo/DDO.owl#DDO_0005259>	<http://www.w3.org/2002/07/owl#Class>
<http://purl.obolibrary.org/obo/DDO.owl#DDO_0005260>	<http://www.w3.org/2002/07/owl#Class>
<http://purl.obolibrary.org/obo/DDO.owl#DDO_0005261>	<http://www.w3.org/2002/07/owl#Class>
<http://purl.obolibrary.org/obo/DDO.owl#DDO_0005262>	<http://www.w3.org/2002/07/owl#Class>
<http://purl.obolibrary.org/obo/DDO.owl#DDO_0005263>	<http://www.w3.org/2002/07/owl#Class>
<http://purl.obolibrary.org/obo/DDO.owl#DDO_0005264>	<http://www.w3.org/2002/07/owl#Class>
<http://purl.obolibrary.org/obo/DDO.owl#DDO_0005265>	<http://www.w3.org/2002/07/owl#Class>
<http://purl.obolibrary.org/obo/DDO.owl#DDO_0005266>	<http://www.w3.org/2002/07/owl#Class>
<http://purl.obolibrary.org/obo/DDO.owl#DDO_0005267>	<http://www.w3.org/2002/07/owl#Class>
<http://purl.obolibrary.org/obo/DDO.owl#DDO_0005274>	<http://www.w3.org/2002/07/owl#Class>
<http://purl.obolibrary.org/obo/DDO.owl#DDO_0005280>	<http://www.w3.org/2002/07/owl#Class>
<http://purl.obolibrary.org/obo/DDO.owl#DDO_0005281>	<http://www.w3.org/2002/07/owl#Class>
<http://purl.obolibrary.org/obo/DDO.owl#DDO_0005282>	<http://www.w3.org/2002/07/owl#Class>
<http://purl.obolibrary.org/obo/DDO.owl#DDO_0005286>	<http://www.w3.org/2002/07/owl#Class>
<http://purl.obolibrary.org/obo/DDO.owl#DDO_0005287>	<http://www.w3.org/2002/07/owl#Class>
<http://purl.obolibrary.org/obo/DDO.owl#DDO_0005288>	<http://www.w3.org/2002/07/owl#Class>
<http://purl.obolibrary.org/obo/DDO.owl#DDO_0005289>	<http://www.w3.org/2002/07/owl#Class>
<http://purl.obolibrary.org/obo/DDO.owl#DDO_0005297>	<http://www.w3.org/2002/07/owl#Class>
<http://purl.obolibrary.org/obo/DDO.owl#DDO_0005298>	<http://www.w3.org/2002/07/owl#Class>
<http://purl.obolibrary.org/obo/DDO.owl#DDO_0005299>	<http://www.w3.org/2002/07/owl#Class>
<http://purl.obolibrary.org/obo/DDO.owl#DDO_0005300>	<http://www.w3.org/2002/07/owl#Class>
<http://purl.obolibrary.org/obo/DDO.owl#DDO_0005301>	<http://www.w3.org/2002/07/owl#Class>
<http://purl.obolibrary.org/obo/DDO.owl#DDO_0005302>	<http://www.w3.org/2002/07/owl#Class>
<http://purl.obolibrary.org/obo/DDO.owl#DDO_0005303>	<http://www.w3.org/2002/07/owl#Class>
<http://purl.obolibrary.org/obo/DDO.owl#DDO_0005304>	<http://www.w3.org/2002/07/owl#Class>
<http://purl.obolibrary.org/obo/DDO.owl#DDO_0005305>	<http://www.w3.org/2002/07/owl#Class>
<http://purl.obolibrary.org/obo/DDO.owl#DDO_0005306>	<http://www.w3.org/2002/07/owl#Class>
<http://purl.obolibrary.org/obo/DDO.owl#DDO_0005312>	<http://www.w3.org/2002/07/owl#Class>
<http://purl.obolibrary.org/obo/DDO.owl#DDO_0005313>	<http://www.w3.org/2002/07/owl#Class>
<http://purl.obolibrary.org/obo/DDO.owl#DDO_0005314>	<http://www.w3.org/2002/07/owl#Class>
<http://purl.obolibrary.org/obo/DDO.owl#DDO_0005315>	<http://www.w3.org/2002/07/owl#Class>
<http://purl.obolibrary.org/obo/DDO.owl#DDO_0005317>	<http://www.w3.org/2002/07/owl#Class>
<http://purl.obolibrary.org/obo/DDO.owl#DDO_0005318>	<http://www.w3.org/2002/07/owl#Class>
<http://purl.obolibrary.org/obo/DDO.owl#DDO_0005319>	<http://www.w3.org/2002/07/owl#Class>
<http://purl.obolibrary.org/obo/DDO.owl#DDO_0005320>	<http://www.w3.org/2002/07/owl#Class>
<http://purl.obolibrary.org/obo/DDO.owl#DDO_0005321>	<http://www.w3.org/2002/07/owl#Class>
<http://purl.obolibrary.org/obo/DDO.owl#DDO_0005322>	<http://www.w3.org/2002/07/owl#Class>
<http://purl.obolibrary.org/obo/DDO.owl#DDO_0005323>	<http://www.w3.org/2002/07/owl#Class>
<http://purl.obolibrary.org/obo/DDO.owl#DDO_0005326>	<http://www.w3.org/2002/07/owl#Class>
<http://purl.obolibrary.org/obo/DDO.owl#DDO_0005327>	<http://www.w3.org/2002/07/owl#Class>
<http://purl.obolibrary.org/obo/DDO.owl#DDO_0005328>	<http://www.w3.org/2002/07/owl#Class>
<http://purl.obolibrary.org/obo/DDO.owl#DDO_0005329>	<http://www.w3.org/2002/07/owl#Class>
<http://purl.obolibrary.org/obo/DDO.owl#DDO_0005330>	<http://www.w3.org/2002/07/owl#Class>
<http://purl.obolibrary.org/obo/DDO.owl#DDO_0005331>	<http://www.w3.org/2002/07/owl#Class>
<http://purl.obolibrary.org/obo/DDO.owl#DDO_0005332>	<http://www.w3.org/2002/07/owl#Class>
<http://purl.obolibrary.org/obo/DDO.owl#DDO_0005333>	<http://www.w3.org/2002/07/owl#Class>
<http://purl.obolibrary.org/obo/DDO.owl#DDO_0005334>	<http://www.w3.org/2002/07/owl#Class>
<http://purl.obolibrary.org/obo/DDO.owl#DDO_0005335>	<http://www.w3.org/2002/07/owl#Class>
<http://purl.obolibrary.org/obo/DDO.owl#DDO_0005336>	<http://www.w3.org/2002/07/owl#Class>
<http://purl.obolibrary.org/obo/DDO.owl#DDO_0005337>	<http://www.w3.org/2002/07/owl#Class>
<http://purl.obolibrary.org/obo/DDO.owl#DDO_0005338>	<http://www.w3.org/2002/07/owl#Class>
<http://purl.obolibrary.org/obo/DDO.owl#DDO_0005341>	<http://www.w3.org/2002/07/owl#Class>
<http://purl.obolibrary.org/obo/DDO.owl#DDO_0005342>	<http://www.w3.org/2002/07/owl#Class>
<http://purl.obolibrary.org/obo/DDO.owl#DDO_0005343>	<http://www.w3.org/2002/07/owl#Class>
<http://purl.obolibrary.org/obo/DDO.owl#DDO_0005344>	<http://www.w3.org/2002/07/owl#Class>
<http://purl.obolibrary.org/obo/DDO.owl#DDO_0005345>	<http://www.w3.org/2002/07/owl#Class>
<http://purl.obolibrary.org/obo/DDO.owl#DDO_0005346>	<http://www.w3.org/2002/07/owl#Class>
<http://purl.obolibrary.org/obo/DDO.owl#DDO_0005347>	<http://www.w3.org/2002/07/owl#Class>
<http://purl.obolibrary.org/obo/DDO.owl#DDO_0005348>	<http://www.w3.org/2002/07/owl#Class>
<http://purl.obolibrary.org/obo/DDO.owl#DDO_0005349>	<http://www.w3.org/2002/07/owl#Class>
<http://purl.obolibrary.org/obo/DDO.owl#DDO_0005350>	<http://www.w3.org/2002/07/owl#Class>
<http://purl.obolibrary.org/obo/DDO.owl#DDO_0005351>	<http://www.w3.org/2002/07/owl#Class>
<http://purl.obolibrary.org/obo/DDO.owl#DDO_0005353>	<http://www.w3.org/2002/07/owl#Class>
<http://purl.obolibrary.org/obo/DDO.owl#DDO_0005354>	<http://www.w3.org/2002/07/owl#Class>
<http://purl.obolibrary.org/obo/DDO.owl#DDO_0005355>	<http://www.w3.org/2002/07/owl#Class>
<http://purl.obolibrary.org/obo/DDO.owl#DDO_0005356>	<http://www.w3.org/2002/07/owl#Class>
<http://purl.obolibrary.org/obo/DDO.owl#DDO_0005357>	<http://www.w3.org/2002/07/owl#Class>
<http://purl.obolibrary.org/obo/DDO.owl#DDO_0005358>	<http://www.w3.org/2002/07/owl#Class>
<http://purl.obolibrary.org/obo/DDO.owl#DDO_0005359>	<http://www.w3.org/2002/07/owl#Class>
<http://purl.obolibrary.org/obo/DDO.owl#DDO_0005360>	<http://www.w3.org/2002/07/owl#Class>
<http://purl.obolibrary.org/obo/DDO.owl#DDO_0005361>	<http://www.w3.org/2002/07/owl#Class>
<http://purl.obolibrary.org/obo/DDO.owl#DDO_0005362>	<http://www.w3.org/2002/07/owl#Class>
<http://purl.obolibrary.org/obo/DDO.owl#DDO_0005363>	<http://www.w3.org/2002/07/owl#Class>
<http://purl.obolibrary.org/obo/DDO.owl#DDO_0005364>	<http://www.w3.org/2002/07/owl#Class>
<http://purl.obolibrary.org/obo/DDO.owl#DDO_0005365>	<http://www.w3.org/2002/07/owl#Class>
<http://purl.obolibrary.org/obo/DDO.owl#DDO_0005366>	<http://www.w3.org/2002/07/owl#Class>
<http://purl.obolibrary.org/obo/DDO.owl#DDO_0005367>	<http://www.w3.org/2002/07/owl#Class>
<http://purl.obolibrary.org/obo/DDO.owl#DDO_0005368>	<http://www.w3.org/2002/07/owl#Class>
<http://purl.obolibrary.org/obo/DDO.owl#DDO_0005369>	<http://www.w3.org/2002/07/owl#Class>
<http://purl.obolibrary.org/obo/DDO.owl#DDO_0005370>	<http://www.w3.org/2002/07/owl#Class>
<http://purl.obolibrary.org/obo/DDO.owl#DDO_0005371>	<http://www.w3.org/2002/07/owl#Class>
<http://purl.obolibrary.org/obo/DDO.owl#DDO_0005372>	<http://www.w3.org/2002/07/owl#Class>
<http://purl.obolibrary.org/obo/DDO.owl#DDO_0005373>	<http://www.w3.org/2002/07/owl#Class>
<http://purl.obolibrary.org/obo/DDO.owl#DDO_0005374>	<http://www.w3.org/2002/07/owl#Class>
<http://purl.obolibrary.org/obo/DDO.owl#DDO_0005375>	<http://www.w3.org/2002/07/owl#Class>
<http://purl.obolibrary.org/obo/DDO.owl#DDO_0005376>	<http://www.w3.org/2002/07/owl#Class>
<http://purl.obolibrary.org/obo/DDO.owl#DDO_0005377>	<http://www.w3.org/2002/07/owl#Class>
<http://purl.obolibrary.org/obo/DDO.owl#DDO_0005378>	<http://www.w3.org/2002/07/owl#Class>
<http://purl.obolibrary.org/obo/DDO.owl#DDO_0005379>	<http://www.w3.org/2002/07/owl#Class>
<http://purl.obolibrary.org/obo/DDO.owl#DDO_0005380>	<http://www.w3.org/2002/07/owl#Class>
<http://purl.obolibrary.org/obo/DDO.owl#DDO_0005381>	<http://www.w3.org/2002/07/owl#Class>
<http://purl.obolibrary.org/obo/DDO.owl#DDO_0005382>	<http://www.w3.org/2002/07/owl#Class>
<http://purl.obolibrary.org/obo/DDO.owl#DDO_0005383>	<http://www.w3.org/2002/07/owl#Class>
<http://purl.obolibrary.org/obo/DDO.owl#DDO_0005384>	<http://www.w3.org/2002/07/owl#Class>
<http://purl.obolibrary.org/obo/DDO.owl#DDO_0005385>	<http://www.w3.org/2002/07/owl#Class>
<http://purl.obolibrary.org/obo/DDO.owl#DDO_0005386>	<http://www.w3.org/2002/07/owl#Class>
<http://purl.obolibrary.org/obo/DDO.owl#DDO_0005387>	<http://www.w3.org/2002/07/owl#Class>
<http://purl.obolibrary.org/obo/DDO.owl#DDO_0005388>	<http://www.w3.org/2002/07/owl#Class>
<http://purl.obolibrary.org/obo/DDO.owl#DDO_0005389>	<http://www.w3.org/2002/07/owl#Class>
<http://purl.obolibrary.org/obo/DDO.owl#DDO_0005390>	<http://www.w3.org/2002/07/owl#Class>
<http://purl.obolibrary.org/obo/DDO.owl#DDO_0005391>	<http://www.w3.org/2002/07/owl#Class>
<http://purl.obolibrary.org/obo/DDO.owl#DDO_0005392>	<http://www.w3.org/2002/07/owl#Class>
<http://purl.obolibrary.org/obo/DDO.owl#DDO_0005393>	<http://www.w3.org/2002/07/owl#Class>
<http://purl.obolibrary.org/obo/DDO.owl#DDO_0005394>	<http://www.w3.org/2002/07/owl#Class>
<http://purl.obolibrary.org/obo/DDO.owl#DDO_0005395>	<http://www.w3.org/2002/07/owl#Class>
<http://purl.obolibrary.org/obo/DDO.owl#DDO_0005396>	<http://www.w3.org/2002/07/owl#Class>
<http://purl.obolibrary.org/obo/DDO.owl#DDO_0005397>	<http://www.w3.org/2002/07/owl#Class>
<http://purl.obolibrary.org/obo/DDO.owl#DDO_0005398>	<http://www.w3.org/2002/07/owl#Class>
<http://purl.obolibrary.org/obo/DDO.owl#DDO_0005399>	<http://www.w3.org/2002/07/owl#Class>
<http://purl.obolibrary.org/obo/DDO.owl#DDO_0005400>	<http://www.w3.org/2002/07/owl#Class>
<http://purl.obolibrary.org/obo/DDO.owl#DDO_0005401>	<http://www.w3.org/2002/07/owl#Class>
<http://purl.obolibrary.org/obo/DDO.owl#DDO_0005402>	<http://www.w3.org/2002/07/owl#Class>
<http://purl.obolibrary.org/obo/DDO.owl#DDO_0005403>	<http://www.w3.org/2002/07/owl#Class>
<http://purl.obolibrary.org/obo/DDO.owl#DDO_0005404>	<http://www.w3.org/2002/07/owl#Class>
<http://purl.obolibrary.org/obo/DDO.owl#DDO_0005405>	<http://www.w3.org/2002/07/owl#Class>
<http://purl.obolibrary.org/obo/DDO.owl#DDO_0005406>	<http://www.w3.org/2002/07/owl#Class>
<http://purl.obolibrary.org/obo/DDO.owl#DDO_0005407>	<http://www.w3.org/2002/07/owl#Class>
<http://purl.obolibrary.org/obo/DDO.owl#DDO_0005408>	<http://www.w3.org/2002/07/owl#Class>
<http://purl.obolibrary.org/obo/DDO.owl#DDO_0005409>	<http://www.w3.org/2002/07/owl#Class>
<http://purl.obolibrary.org/obo/DDO.owl#DDO_0005410>	<http://www.w3.org/2002/07/owl#Class>
<http://purl.obolibrary.org/obo/DDO.owl#DDO_0005411>	<http://www.w3.org/2002/07/owl#Class>
<http://purl.obolibrary.org/obo/DDO.owl#DDO_0005536>	<http://www.w3.org/2002/07/owl#Class>
<http://purl.obolibrary.org/obo/DDO.owl#DDO_0005537>	<http://www.w3.org/2002/07/owl#Class>
<http://purl.obolibrary.org/obo/DDO.owl#DDO_0005538>	<http://www.w3.org/2002/07/owl#Class>
<http://purl.obolibrary.org/obo/DDO.owl#DDO_0005539>	<http://www.w3.org/2002/07/owl#Class>
<http://purl.obolibrary.org/obo/DDO.owl#DDO_0005547>	<http://www.w3.org/2002/07/owl#Class>
<http://purl.obolibrary.org/obo/DDO.owl#DDO_0005548>	<http://www.w3.org/2002/07/owl#Class>
<http://purl.obolibrary.org/obo/DDO.owl#DDO_0005549>	<http://www.w3.org/2002/07/owl#Class>
<http://purl.obolibrary.org/obo/DDO.owl#DDO_0005550>	<http://www.w3.org/2002/07/owl#Class>
<http://purl.obolibrary.org/obo/DDO.owl#DDO_0005551>	<http://www.w3.org/2002/07/owl#Class>
<http://purl.obolibrary.org/obo/DDO.owl#DDO_0005554>	<http://www.w3.org/2002/07/owl#Class>
<http://purl.obolibrary.org/obo/DDO.owl#DDO_0005555>	<http://www.w3.org/2002/07/owl#Class>
<http://purl.obolibrary.org/obo/DDO.owl#DDO_0005556>	<http://www.w3.org/2002/07/owl#Class>
<http://purl.obolibrary.org/obo/DDO.owl#DDO_0005557>	<http://www.w3.org/2002/07/owl#Class>
<http://purl.obolibrary.org/obo/DDO.owl#DDO_0005558>	<http://www.w3.org/2002/07/owl#Class>
<http://purl.obolibrary.org/obo/DDO.owl#DDO_0005559>	<http://www.w3.org/2002/07/owl#Class>
<http://purl.obolibrary.org/obo/DDO.owl#DDO_0005560>	<http://www.w3.org/2002/07/owl#Class>
<http://purl.obolibrary.org/obo/DDO.owl#DDO_0005561>	<http://www.w3.org/2002/07/owl#Class>
<http://purl.obolibrary.org/obo/DDO.owl#DDO_0005562>	<http://www.w3.org/2002/07/owl#Class>
<http://purl.obolibrary.org/obo/DDO.owl#DDO_0005563>	<http://www.w3.org/2002/07/owl#Class>
<http://purl.obolibrary.org/obo/DDO.owl#DDO_0005564>	<http://www.w3.org/2002/07/owl#Class>
<http://purl.obolibrary.org/obo/DDO.owl#DDO_0005565>	<http://www.w3.org/2002/07/owl#Class>
<http://purl.obolibrary.org/obo/DDO.owl#DDO_0005566>	<http://www.w3.org/2002/07/owl#Class>
<http://purl.obolibrary.org/obo/DDO.owl#DDO_0005567>	<http://www.w3.org/2002/07/owl#Class>
<http://purl.obolibrary.org/obo/DDO.owl#DDO_0005568>	<http://www.w3.org/2002/07/owl#Class>
<http://purl.obolibrary.org/obo/DDO.owl#DDO_0005569>	<http://www.w3.org/2002/07/owl#Class>
<http://purl.obolibrary.org/obo/DDO.owl#DDO_0005570>	<http://www.w3.org/2002/07/owl#Class>
<http://purl.obolibrary.org/obo/DDO.owl#DDO_0005571>	<http://www.w3.org/2002/07/owl#Class>
<http://purl.obolibrary.org/obo/DDO.owl#DDO_0005572>	<http://www.w3.org/2002/07/owl#Class>
<http://purl.obolibrary.org/obo/DDO.owl#DDO_0005573>	<http://www.w3.org/2002/07/owl#Class>
<http://purl.obolibrary.org/obo/DDO.owl#DDO_0005578>	<http://www.w3.org/2002/07/owl#Class>
<http://purl.obolibrary.org/obo/DDO.owl#DDO_0005579>	<http://www.w3.org/2002/07/owl#Class>
<http://purl.obolibrary.org/obo/DDO.owl#DDO_0005580>	<http://www.w3.org/2002/07/owl#Class>
<http://purl.obolibrary.org/obo/DDO.owl#DDO_0005581>	<http://www.w3.org/2002/07/owl#Class>
<http://purl.obolibrary.org/obo/DDO.owl#DDO_0005601>	<http://www.w3.org/2002/07/owl#Class>
<http://purl.obolibrary.org/obo/DDO.owl#DDO_0005620>	<http://www.w3.org/2002/07/owl#Class>
<http://purl.obolibrary.org/obo/DDO.owl#DDO_0005621>	<http://www.w3.org/2002/07/owl#Class>
<http://purl.obolibrary.org/obo/DDO.owl#DDO_0005622>	<http://www.w3.org/2002/07/owl#Class>
<http://purl.obolibrary.org/obo/DDO.owl#DDO_0005623>	<http://www.w3.org/2002/07/owl#Class>
<http://purl.obolibrary.org/obo/DDO.owl#DDO_0005624>	<http://www.w3.org/2002/07/owl#Class>
<http://purl.obolibrary.org/obo/DDO.owl#DDO_0005625>	<http://www.w3.org/2002/07/owl#Class>
<http://purl.obolibrary.org/obo/DDO.owl#DDO_0005646>	<http://www.w3.org/2002/07/owl#Class>
<http://purl.obolibrary.org/obo/DDO.owl#DDO_0005647>	<http://www.w3.org/2002/07/owl#Class>
<http://purl.obolibrary.org/obo/DDO.owl#DDO_0005648>	<http://www.w3.org/2002/07/owl#Class>
<http://purl.obolibrary.org/obo/DDO.owl#DDO_0005649>	<http://www.w3.org/2002/07/owl#Class>
<http://purl.obolibrary.org/obo/DDO.owl#DDO_0005656>	<http://www.w3.org/2002/07/owl#Class>
<http://purl.obolibrary.org/obo/DDO.owl#DDO_0005657>	<http://www.w3.org/2002/07/owl#Class>
<http://purl.obolibrary.org/obo/DDO.owl#DDO_0005658>	<http://www.w3.org/2002/07/owl#Class>
<http://purl.obolibrary.org/obo/DDO.owl#DDO_0005659>	<http://www.w3.org/2002/07/owl#Class>
<http://purl.obolibrary.org/obo/DDO.owl#DDO_0005660>	<http://www.w3.org/2002/07/owl#Class>
<http://purl.obolibrary.org/obo/DDO.owl#DDO_0005661>	<http://www.w3.org/2002/07/owl#Class>
<http://purl.obolibrary.org/obo/DDO.owl#DDO_0005662>	<http://www.w3.org/2002/07/owl#Class>
<http://purl.obolibrary.org/obo/DDO.owl#DDO_0005663>	<http://www.w3.org/2002/07/owl#Class>
<http://purl.obolibrary.org/obo/DDO.owl#DDO_0005667>	<http://www.w3.org/2002/07/owl#Class>
<http://purl.obolibrary.org/obo/DDO.owl#DDO_0005668>	<http://www.w3.org/2002/07/owl#Class>
<http://purl.obolibrary.org/obo/DDO.owl#DDO_0005669>	<http://www.w3.org/2002/07/owl#Class>
<http://purl.obolibrary.org/obo/DDO.owl#DDO_0005670>	<http://www.w3.org/2002/07/owl#Class>
<http://purl.obolibrary.org/obo/DDO.owl#DDO_0005671>	<http://www.w3.org/2002/07/owl#Class>
<http://purl.obolibrary.org/obo/DDO.owl#DDO_0005672>	<http://www.w3.org/2002/07/owl#Class>
<http://purl.obolibrary.org/obo/DDO.owl#DDO_0005673>	<http://www.w3.org/2002/07/owl#Class>
<http://purl.obolibrary.org/obo/DDO.owl#DDO_0005674>	<http://www.w3.org/2002/07/owl#Class>
<http://purl.obolibrary.org/obo/DDO.owl#DDO_0005675>	<http://www.w3.org/2002/07/owl#Class>
<http://purl.obolibrary.org/obo/DDO.owl#DDO_0005676>	<http://www.w3.org/2002/07/owl#Class>
<http://purl.obolibrary.org/obo/DDO.owl#DDO_0005677>	<http://www.w3.org/2002/07/owl#Class>
<http://purl.obolibrary.org/obo/DDO.owl#DDO_0005678>	<http://www.w3.org/2002/07/owl#Class>
<http://purl.obolibrary.org/obo/DDO.owl#DDO_0005679>	<http://www.w3.org/2002/07/owl#Class>
<http://purl.obolibrary.org/obo/DDO.owl#DDO_0005680>	<http://www.w3.org/2002/07/owl#Class>
<http://purl.obolibrary.org/obo/DDO.owl#DDO_0005681>	<http://www.w3.org/2002/07/owl#Class>
<http://purl.obolibrary.org/obo/DDO.owl#DDO_0005682>	<http://www.w3.org/2002/07/owl#Class>
<http://purl.obolibrary.org/obo/DDO.owl#DDO_0005683>	<http://www.w3.org/2002/07/owl#Class>
<http://purl.obolibrary.org/obo/DDO.owl#DDO_0005684>	<http://www.w3.org/2002/07/owl#Class>
<http://purl.obolibrary.org/obo/DDO.owl#DDO_0005685>	<http://www.w3.org/2002/07/owl#Class>
<http://purl.obolibrary.org/obo/DDO.owl#DDO_0005686>	<http://www.w3.org/2002/07/owl#Class>
<http://purl.obolibrary.org/obo/DDO.owl#DDO_0005705>	<http://www.w3.org/2002/07/owl#Class>
<http://purl.obolibrary.org/obo/DDO.owl#DDO_0005706>	<http://www.w3.org/2002/07/owl#Class>
<http://purl.obolibrary.org/obo/DDO.owl#DDO_0005707>	<http://www.w3.org/2002/07/owl#Class>
<http://purl.obolibrary.org/obo/DDO.owl#DDO_0005708>	<http://www.w3.org/2002/07/owl#Class>
<http://purl.obolibrary.org/obo/DDO.owl#DDO_0005709>	<http://www.w3.org/2002/07/owl#Class>
<http://purl.obolibrary.org/obo/DDO.owl#DDO_0005725>	<http://www.w3.org/2002/07/owl#Class>
<http://purl.obolibrary.org/obo/DDO.owl#DDO_0005726>	<http://www.w3.org/2002/07/owl#Class>
<http://purl.obolibrary.org/obo/DDO.owl#DDO_0005727>	<http://www.w3.org/2002/07/owl#Class>
<http://purl.obolibrary.org/obo/DDO.owl#DDO_0005728>	<http://www.w3.org/2002/07/owl#Class>
<http://purl.obolibrary.org/obo/DDO.owl#DDO_0005729>	<http://www.w3.org/2002/07/owl#Class>
<http://purl.obolibrary.org/obo/DDO.owl#DDO_0005730>	<http://www.w3.org/2002/07/owl#Class>
<http://purl.obolibrary.org/obo/DDO.owl#DDO_0005731>	<http://www.w3.org/2002/07/owl#Class>
<http://purl.obolibrary.org/obo/DDO.owl#DDO_0005732>	<http://www.w3.org/2002/07/owl#Class>
<http://purl.obolibrary.org/obo/DDO.owl#DDO_0005733>	<http://www.w3.org/2002/07/owl#Class>
<http://purl.obolibrary.org/obo/DDO.owl#DDO_0005734>	<http://www.w3.org/2002/07/owl#Class>
<http://purl.obolibrary.org/obo/DDO.owl#DDO_0005735>	<http://www.w3.org/2002/07/owl#Class>
<http://purl.obolibrary.org/obo/DDO.owl#DDO_0005736>	<http://www.w3.org/2002/07/owl#Class>
<http://purl.obolibrary.org/obo/DDO.owl#DDO_0005737>	<http://www.w3.org/2002/07/owl#Class>
<http://purl.obolibrary.org/obo/DDO.owl#DDO_0005738>	<http://www.w3.org/2002/07/owl#Class>
<http://purl.obolibrary.org/obo/DDO.owl#DDO_0005739>	<http://www.w3.org/2002/07/owl#Class>
<http://purl.obolibrary.org/obo/DDO.owl#DDO_0005751>	<http://www.w3.org/2002/07/owl#Class>
<http://purl.obolibrary.org/obo/DDO.owl#DDO_0005752>	<http://www.w3.org/2002/07/owl#Class>
<http://purl.obolibrary.org/obo/DDO.owl#DDO_0005753>	<http://www.w3.org/2002/07/owl#Class>
<http://purl.obolibrary.org/obo/DDO.owl#DDO_0005754>	<http://www.w3.org/2002/07/owl#Class>
<http://purl.obolibrary.org/obo/DDO.owl#DDO_0005755>	<http://www.w3.org/2002/07/owl#Class>
<http://purl.obolibrary.org/obo/DDO.owl#DDO_0005756>	<http://www.w3.org/2002/07/owl#Class>
<http://purl.obolibrary.org/obo/DDO.owl#DDO_0005757>	<http://www.w3.org/2002/07/owl#Class>
<http://purl.obolibrary.org/obo/DDO.owl#DDO_0005758>	<http://www.w3.org/2002/07/owl#Class>
<http://purl.obolibrary.org/obo/DDO.owl#DDO_0005759>	<http://www.w3.org/2002/07/owl#Class>
<http://purl.obolibrary.org/obo/DDO.owl#DDO_0005765>	<http://www.w3.org/2002/07/owl#Class>
<http://purl.obolibrary.org/obo/DDO.owl#DDO_0005766>	<http://www.w3.org/2002/07/owl#Class>
<http://purl.obolibrary.org/obo/DDO.owl#DDO_0005767>	<http://www.w3.org/2002/07/owl#Class>
<http://purl.obolibrary.org/obo/DDO.owl#DDO_0005768>	<http://www.w3.org/2002/07/owl#Class>
<http://purl.obolibrary.org/obo/DDO.owl#DDO_0005774>	<http://www.w3.org/2002/07/owl#Class>
<http://purl.obolibrary.org/obo/DDO.owl#DDO_0005775>	<http://www.w3.org/2002/07/owl#Class>
<http://purl.obolibrary.org/obo/DDO.owl#DDO_0005776>	<http://www.w3.org/2002/07/owl#Class>
<http://purl.obolibrary.org/obo/DDO.owl#DDO_0005777>	<http://www.w3.org/2002/07/owl#Class>
<http://purl.obolibrary.org/obo/DDO.owl#DDO_0005778>	<http://www.w3.org/2002/07/owl#Class>
<http://purl.obolibrary.org/obo/DDO.owl#DDO_0005779>	<http://www.w3.org/2002/07/owl#Class>
<http://purl.obolibrary.org/obo/DDO.owl#DDO_0005780>	<http://www.w3.org/2002/07/owl#Class>
<http://purl.obolibrary.org/obo/DDO.owl#DDO_0005781>	<http://www.w3.org/2002/07/owl#Class>
<http://purl.obolibrary.org/obo/DDO.owl#DDO_0005782>	<http://www.w3.org/2002/07/owl#Class>
<http://purl.obolibrary.org/obo/DDO.owl#DDO_0005783>	<http://www.w3.org/2002/07/owl#Class>
<http://purl.obolibrary.org/obo/DDO.owl#DDO_0005784>	<http://www.w3.org/2002/07/owl#Class>
<http://purl.obolibrary.org/obo/DDO.owl#DDO_0005789>	<http://www.w3.org/2002/07/owl#Class>
<http://purl.obolibrary.org/obo/DDO.owl#DDO_0005793>	<http://www.w3.org/2002/07/owl#Class>
<http://purl.obolibrary.org/obo/DDO.owl#DDO_0005794>	<http://www.w3.org/2002/07/owl#Class>
<http://purl.obolibrary.org/obo/DDO.owl#DDO_0005799>	<http://www.w3.org/2002/07/owl#Class>
<http://purl.obolibrary.org/obo/DDO.owl#DDO_0005800>	<http://www.w3.org/2002/07/owl#Class>
<http://purl.obolibrary.org/obo/DDO.owl#DDO_0005807>	<http://www.w3.org/2002/07/owl#Class>
<http://purl.obolibrary.org/obo/DDO.owl#DDO_0005808>	<http://www.w3.org/2002/07/owl#Class>
<http://purl.obolibrary.org/obo/DDO.owl#DDO_0005809>	<http://www.w3.org/2002/07/owl#Class>
<http://purl.obolibrary.org/obo/DDO.owl#DDO_0005810>	<http://www.w3.org/2002/07/owl#Class>
<http://purl.obolibrary.org/obo/DDO.owl#DDO_0005811>	<http://www.w3.org/2002/07/owl#Class>
<http://purl.obolibrary.org/obo/DDO.owl#DDO_0005817>	<http://www.w3.org/2002/07/owl#Class>
<http://purl.obolibrary.org/obo/DDO.owl#DDO_0005821>	<http://www.w3.org/2002/07/owl#Class>
<http://purl.obolibrary.org/obo/DDO.owl#DDO_0005822>	<http://www.w3.org/2002/07/owl#Class>
<http://purl.obolibrary.org/obo/DDO.owl#DDO_0005823>	<http://www.w3.org/2002/07/owl#Class>
<http://purl.obolibrary.org/obo/DDO.owl#DDO_0005824>	<http://www.w3.org/2002/07/owl#Class>
<http://purl.obolibrary.org/obo/DDO.owl#DDO_0005826>	<http://www.w3.org/2002/07/owl#Class>
<http://purl.obolibrary.org/obo/DDO.owl#DDO_0005827>	<http://www.w3.org/2002/07/owl#Class>
<http://purl.obolibrary.org/obo/DDO.owl#DDO_0005829>	<http://www.w3.org/2002/07/owl#Class>
<http://purl.obolibrary.org/obo/DDO.owl#DDO_0005830>	<http://www.w3.org/2002/07/owl#Class>
<http://purl.obolibrary.org/obo/DDO.owl#DDO_0005831>	<http://www.w3.org/2002/07/owl#Class>
<http://purl.obolibrary.org/obo/DDO.owl#DDO_0005832>	<http://www.w3.org/2002/07/owl#Class>
<http://purl.obolibrary.org/obo/DDO.owl#DDO_0005833>	<http://www.w3.org/2002/07/owl#Class>
<http://purl.obolibrary.org/obo/DDO.owl#DDO_0005834>	<http://www.w3.org/2002/07/owl#Class>
<http://purl.obolibrary.org/obo/DDO.owl#DDO_0005839>	<http://www.w3.org/2002/07/owl#Class>
<http://purl.obolibrary.org/obo/DDO.owl#DDO_0005840>	<http://www.w3.org/2002/07/owl#Class>
<http://purl.obolibrary.org/obo/DDO.owl#DDO_0005841>	<http://www.w3.org/2002/07/owl#Class>
<http://purl.obolibrary.org/obo/DDO.owl#DDO_0005842>	<http://www.w3.org/2002/07/owl#Class>
<http://purl.obolibrary.org/obo/DDO.owl#DDO_0005843>	<http://www.w3.org/2002/07/owl#Class>
<http://purl.obolibrary.org/obo/DDO.owl#DDO_0005844>	<http://www.w3.org/2002/07/owl#Class>
<http://purl.obolibrary.org/obo/DDO.owl#DDO_0005845>	<http://www.w3.org/2002/07/owl#Class>
<http://purl.obolibrary.org/obo/DDO.owl#DDO_0005846>	<http://www.w3.org/2002/07/owl#Class>
<http://purl.obolibrary.org/obo/DDO.owl#DDO_0005847>	<http://www.w3.org/2002/07/owl#Class>
<http://purl.obolibrary.org/obo/DDO.owl#DDO_0005848>	<http://www.w3.org/2002/07/owl#Class>
<http://purl.obolibrary.org/obo/DDO.owl#DDO_0005849>	<http://www.w3.org/2002/07/owl#Class>
<http://purl.obolibrary.org/obo/DDO.owl#DDO_0005850>	<http://www.w3.org/2002/07/owl#Class>
<http://purl.obolibrary.org/obo/DDO.owl#DDO_0005851>	<http://www.w3.org/2002/07/owl#Class>
<http://purl.obolibrary.org/obo/DDO.owl#DDO_0005852>	<http://www.w3.org/2002/07/owl#Class>
<http://purl.obolibrary.org/obo/DDO.owl#DDO_0005853>	<http://www.w3.org/2002/07/owl#Class>
<http://purl.obolibrary.org/obo/DDO.owl#DDO_0005854>	<http://www.w3.org/2002/07/owl#Class>
<http://purl.obolibrary.org/obo/DDO.owl#DDO_0005855>	<http://www.w3.org/2002/07/owl#Class>
<http://purl.obolibrary.org/obo/DDO.owl#DDO_0005856>	<http://www.w3.org/2002/07/owl#Class>
<http://purl.obolibrary.org/obo/DDO.owl#DDO_0005857>	<http://www.w3.org/2002/07/owl#Class>
<http://purl.obolibrary.org/obo/DDO.owl#DDO_0005858>	<http://www.w3.org/2002/07/owl#Class>
<http://purl.obolibrary.org/obo/DDO.owl#DDO_0005863>	<http://www.w3.org/2002/07/owl#Class>
<http://purl.obolibrary.org/obo/DDO.owl#DDO_0005864>	<http://www.w3.org/2002/07/owl#Class>
<http://purl.obolibrary.org/obo/DDO.owl#DDO_0005865>	<http://www.w3.org/2002/07/owl#Class>
<http://purl.obolibrary.org/obo/DDO.owl#DDO_0005866>	<http://www.w3.org/2002/07/owl#Class>
<http://purl.obolibrary.org/obo/DDO.owl#DDO_0005869>	<http://www.w3.org/2002/07/owl#Class>
<http://purl.obolibrary.org/obo/DDO.owl#DDO_0005870>	<http://www.w3.org/2002/07/owl#Class>
<http://purl.obolibrary.org/obo/DDO.owl#DDO_0005871>	<http://www.w3.org/2002/07/owl#Class>
<http://purl.obolibrary.org/obo/DDO.owl#DDO_0005872>	<http://www.w3.org/2002/07/owl#Class>
<http://purl.obolibrary.org/obo/DDO.owl#DDO_0005875>	<http://www.w3.org/2002/07/owl#Class>
<http://purl.obolibrary.org/obo/DDO.owl#DDO_0005876>	<http://www.w3.org/2002/07/owl#Class>
<http://purl.obolibrary.org/obo/DDO.owl#DDO_0005883>	<http://www.w3.org/2002/07/owl#Class>
<http://purl.obolibrary.org/obo/DDO.owl#DDO_0005884>	<http://www.w3.org/2002/07/owl#Class>
<http://purl.obolibrary.org/obo/DDO.owl#DDO_0005885>	<http://www.w3.org/2002/07/owl#Class>
<http://purl.obolibrary.org/obo/DDO.owl#DDO_0005886>	<http://www.w3.org/2002/07/owl#Class>
<http://purl.obolibrary.org/obo/DDO.owl#DDO_0005887>	<http://www.w3.org/2002/07/owl#Class>
<http://purl.obolibrary.org/obo/DDO.owl#DDO_0005890>	<http://www.w3.org/2002/07/owl#Class>
<http://purl.obolibrary.org/obo/DDO.owl#DDO_0005894>	<http://www.w3.org/2002/07/owl#Class>
<http://purl.obolibrary.org/obo/DDO.owl#DDO_0005895>	<http://www.w3.org/2002/07/owl#Class>
<http://purl.obolibrary.org/obo/DDO.owl#DDO_0005896>	<http://www.w3.org/2002/07/owl#Class>
<http://purl.obolibrary.org/obo/DDO.owl#DDO_0005897>	<http://www.w3.org/2002/07/owl#Class>
<http://purl.obolibrary.org/obo/DDO.owl#DDO_0005898>	<http://www.w3.org/2002/07/owl#Class>
<http://purl.obolibrary.org/obo/DDO.owl#DDO_0005899>	<http://www.w3.org/2002/07/owl#Class>
<http://purl.obolibrary.org/obo/DDO.owl#DDO_0005900>	<http://www.w3.org/2002/07/owl#Class>
<http://purl.obolibrary.org/obo/DDO.owl#DDO_0005901>	<http://www.w3.org/2002/07/owl#Class>
<http://purl.obolibrary.org/obo/DDO.owl#DDO_0005902>	<http://www.w3.org/2002/07/owl#Class>
<http://purl.obolibrary.org/obo/DDO.owl#DDO_0005908>	<http://www.w3.org/2002/07/owl#Class>
<http://purl.obolibrary.org/obo/DDO.owl#DDO_0005909>	<http://www.w3.org/2002/07/owl#Class>
<http://purl.obolibrary.org/obo/DDO.owl#DDO_0005910>	<http://www.w3.org/2002/07/owl#Class>
<http://purl.obolibrary.org/obo/DDO.owl#DDO_0005912>	<http://www.w3.org/2002/07/owl#Class>
<http://purl.obolibrary.org/obo/DDO.owl#DDO_0005913>	<http://www.w3.org/2002/07/owl#Class>
<http://purl.obolibrary.org/obo/DDO.owl#DDO_0005914>	<http://www.w3.org/2002/07/owl#Class>
<http://purl.obolibrary.org/obo/DDO.owl#DDO_0005916>	<http://www.w3.org/2002/07/owl#Class>
<http://purl.obolibrary.org/obo/DDO.owl#DDO_0005917>	<http://www.w3.org/2002/07/owl#Class>
<http://purl.obolibrary.org/obo/DDO.owl#DDO_0005918>	<http://www.w3.org/2002/07/owl#Class>
<http://purl.obolibrary.org/obo/DDO.owl#DDO_0005919>	<http://www.w3.org/2002/07/owl#Class>
<http://purl.obolibrary.org/obo/DDO.owl#DDO_0005923>	<http://www.w3.org/2002/07/owl#Class>
<http://purl.obolibrary.org/obo/DDO.owl#DDO_0005924>	<http://www.w3.org/2002/07/owl#Class>
<http://purl.obolibrary.org/obo/DDO.owl#DDO_0005925>	<http://www.w3.org/2002/07/owl#Class>
<http://purl.obolibrary.org/obo/DDO.owl#DDO_0005942>	<http://www.w3.org/2002/07/owl#Class>
<http://purl.obolibrary.org/obo/DDO.owl#DDO_0005948>	<http://www.w3.org/2002/07/owl#Class>
<http://purl.obolibrary.org/obo/DDO.owl#DDO_0005949>	<http://www.w3.org/2002/07/owl#Class>
<http://purl.obolibrary.org/obo/DDO.owl#DDO_0005950>	<http://www.w3.org/2002/07/owl#Class>
<http://purl.obolibrary.org/obo/DDO.owl#DDO_0005951>	<http://www.w3.org/2002/07/owl#Class>
<http://purl.obolibrary.org/obo/DDO.owl#DDO_0005952>	<http://www.w3.org/2002/07/owl#Class>
<http://purl.obolibrary.org/obo/DDO.owl#DDO_0005953>	<http://www.w3.org/2002/07/owl#Class>
<http://purl.obolibrary.org/obo/DDO.owl#DDO_0005954>	<http://www.w3.org/2002/07/owl#Class>
<http://purl.obolibrary.org/obo/DDO.owl#DDO_0005955>	<http://www.w3.org/2002/07/owl#Class>
<http://purl.obolibrary.org/obo/DDO.owl#DDO_0005961>	<http://www.w3.org/2002/07/owl#Class>
<http://purl.obolibrary.org/obo/DDO.owl#DDO_0005962>	<http://www.w3.org/2002/07/owl#Class>
<http://purl.obolibrary.org/obo/DDO.owl#DDO_0005963>	<http://www.w3.org/2002/07/owl#Class>
<http://purl.obolibrary.org/obo/DDO.owl#DDO_0005964>	<http://www.w3.org/2002/07/owl#Class>
<http://purl.obolibrary.org/obo/DDO.owl#DDO_0005970>	<http://www.w3.org/2002/07/owl#Class>
<http://purl.obolibrary.org/obo/DDO.owl#DDO_0005973>	<http://www.w3.org/2002/07/owl#Class>
<http://purl.obolibrary.org/obo/DDO.owl#DDO_0005974>	<http://www.w3.org/2002/07/owl#Class>
<http://purl.obolibrary.org/obo/DDO.owl#DDO_0005975>	<http://www.w3.org/2002/07/owl#Class>
<http://purl.obolibrary.org/obo/DDO.owl#DDO_0005977>	<http://www.w3.org/2002/07/owl#Class>
<http://purl.obolibrary.org/obo/DDO.owl#DDO_0005978>	<http://www.w3.org/2002/07/owl#Class>
<http://purl.obolibrary.org/obo/DDO.owl#DDO_0005979>	<http://www.w3.org/2002/07/owl#Class>
<http://purl.obolibrary.org/obo/DDO.owl#DDO_0005980>	<http://www.w3.org/2002/07/owl#Class>
<http://purl.obolibrary.org/obo/DDO.owl#DDO_0005983>	<http://www.w3.org/2002/07/owl#Class>
<http://purl.obolibrary.org/obo/DDO.owl#DDO_0005984>	<http://www.w3.org/2002/07/owl#Class>
<http://purl.obolibrary.org/obo/DDO.owl#DDO_0005988>	<http://www.w3.org/2002/07/owl#Class>
<http://purl.obolibrary.org/obo/DDO.owl#DDO_0005989>	<http://www.w3.org/2002/07/owl#Class>
<http://purl.obolibrary.org/obo/DDO.owl#DDO_0005990>	<http://www.w3.org/2002/07/owl#Class>
<http://purl.obolibrary.org/obo/DDO.owl#DDO_0005991>	<http://www.w3.org/2002/07/owl#Class>
<http://purl.obolibrary.org/obo/DDO.owl#DDO_0005992>	<http://www.w3.org/2002/07/owl#Class>
<http://purl.obolibrary.org/obo/DDO.owl#DDO_0005993>	<http://www.w3.org/2002/07/owl#Class>
<http://purl.obolibrary.org/obo/DDO.owl#DDO_0005994>	<http://www.w3.org/2002/07/owl#Class>
<http://purl.obolibrary.org/obo/DDO.owl#DDO_0005995>	<http://www.w3.org/2002/07/owl#Class>
<http://purl.obolibrary.org/obo/DDO.owl#DDO_0005996>	<http://www.w3.org/2002/07/owl#Class>
<http://purl.obolibrary.org/obo/DDO.owl#DDO_0005997>	<http://www.w3.org/2002/07/owl#Class>
<http://purl.obolibrary.org/obo/DDO.owl#DDO_0006001>	<http://www.w3.org/2002/07/owl#Class>
<http://purl.obolibrary.org/obo/DDO.owl#DDO_0006002>	<http://www.w3.org/2002/07/owl#Class>
<http://purl.obolibrary.org/obo/DDO.owl#DDO_0006003>	<http://www.w3.org/2002/07/owl#Class>
<http://purl.obolibrary.org/obo/DDO.owl#DDO_0006004>	<http://www.w3.org/2002/07/owl#Class>
<http://purl.obolibrary.org/obo/DDO.owl#DDO_0006012>	<http://www.w3.org/2002/07/owl#Class>
<http://purl.obolibrary.org/obo/DDO.owl#DDO_0006013>	<http://www.w3.org/2002/07/owl#Class>
<http://purl.obolibrary.org/obo/DDO.owl#DDO_0006014>	<http://www.w3.org/2002/07/owl#Class>
<http://purl.obolibrary.org/obo/DDO.owl#DDO_0006015>	<http://www.w3.org/2002/07/owl#Class>
<http://purl.obolibrary.org/obo/DDO.owl#DDO_0006019>	<http://www.w3.org/2002/07/owl#Class>
<http://purl.obolibrary.org/obo/DDO.owl#DDO_0006022>	<http://www.w3.org/2002/07/owl#Class>
<http://purl.obolibrary.org/obo/DDO.owl#DDO_0006024>	<http://www.w3.org/2002/07/owl#Class>
<http://purl.obolibrary.org/obo/DDO.owl#DDO_0006025>	<http://www.w3.org/2002/07/owl#Class>
<http://purl.obolibrary.org/obo/DDO.owl#DDO_0006026>	<http://www.w3.org/2002/07/owl#Class>
<http://purl.obolibrary.org/obo/DDO.owl#DDO_0006027>	<http://www.w3.org/2002/07/owl#Class>
<http://purl.obolibrary.org/obo/DDO.owl#DDO_0006028>	<http://www.w3.org/2002/07/owl#Class>
<http://purl.obolibrary.org/obo/DDO.owl#DDO_0006029>	<http://www.w3.org/2002/07/owl#Class>
<http://purl.obolibrary.org/obo/DDO.owl#DDO_0006031>	<http://www.w3.org/2002/07/owl#Class>
<http://purl.obolibrary.org/obo/DDO.owl#DDO_0006032>	<http://www.w3.org/2002/07/owl#Class>
<http://purl.obolibrary.org/obo/DDO.owl#DDO_0006036>	<http://www.w3.org/2002/07/owl#Class>
<http://purl.obolibrary.org/obo/DDO.owl#DDO_0006037>	<http://www.w3.org/2002/07/owl#Class>
<http://purl.obolibrary.org/obo/DDO.owl#DDO_0006038>	<http://www.w3.org/2002/07/owl#Class>
<http://purl.obolibrary.org/obo/DDO.owl#DDO_0006039>	<http://www.w3.org/2002/07/owl#Class>
<http://purl.obolibrary.org/obo/DDO.owl#DDO_0006040>	<http://www.w3.org/2002/07/owl#Class>
<http://purl.obolibrary.org/obo/DDO.owl#DDO_0006049>	<http://www.w3.org/2002/07/owl#Class>
<http://purl.obolibrary.org/obo/DDO.owl#DDO_0006050>	<http://www.w3.org/2002/07/owl#Class>
<http://purl.obolibrary.org/obo/DDO.owl#DDO_0006051>	<http://www.w3.org/2002/07/owl#Class>
<http://purl.obolibrary.org/obo/DDO.owl#DDO_0006052>	<http://www.w3.org/2002/07/owl#Class>
<http://purl.obolibrary.org/obo/DDO.owl#DDO_0006053>	<http://www.w3.org/2002/07/owl#Class>
<http://purl.obolibrary.org/obo/DDO.owl#DDO_0006054>	<http://www.w3.org/2002/07/owl#Class>
<http://purl.obolibrary.org/obo/DDO.owl#DDO_0006055>	<http://www.w3.org/2002/07/owl#Class>
<http://purl.obolibrary.org/obo/DDO.owl#DDO_0006056>	<http://www.w3.org/2002/07/owl#Class>
<http://purl.obolibrary.org/obo/DDO.owl#DDO_0006057>	<http://www.w3.org/2002/07/owl#Class>
<http://purl.obolibrary.org/obo/DDO.owl#DDO_0006061>	<http://www.w3.org/2002/07/owl#Class>
<http://purl.obolibrary.org/obo/DDO.owl#DDO_0006062>	<http://www.w3.org/2002/07/owl#Class>
<http://purl.obolibrary.org/obo/DDO.owl#DDO_0006068>	<http://www.w3.org/2002/07/owl#Class>
<http://purl.obolibrary.org/obo/DDO.owl#DDO_0006069>	<http://www.w3.org/2002/07/owl#Class>
<http://purl.obolibrary.org/obo/DDO.owl#DDO_0006070>	<http://www.w3.org/2002/07/owl#Class>
<http://purl.obolibrary.org/obo/DDO.owl#DDO_0006071>	<http://www.w3.org/2002/07/owl#Class>
<http://purl.obolibrary.org/obo/DDO.owl#DDO_0006072>	<http://www.w3.org/2002/07/owl#Class>
<http://purl.obolibrary.org/obo/DDO.owl#DDO_0006073>	<http://www.w3.org/2002/07/owl#Class>
<http://purl.obolibrary.org/obo/DDO.owl#DDO_0006074>	<http://www.w3.org/2002/07/owl#Class>
<http://purl.obolibrary.org/obo/DDO.owl#DDO_0006075>	<http://www.w3.org/2002/07/owl#Class>
<http://purl.obolibrary.org/obo/DDO.owl#DDO_0006076>	<http://www.w3.org/2002/07/owl#Class>
<http://purl.obolibrary.org/obo/DDO.owl#DDO_0006077>	<http://www.w3.org/2002/07/owl#Class>
<http://purl.obolibrary.org/obo/DDO.owl#DDO_0006093>	<http://www.w3.org/2002/07/owl#Class>
<http://purl.obolibrary.org/obo/DDO.owl#DDO_0006094>	<http://www.w3.org/2002/07/owl#Class>
<http://purl.obolibrary.org/obo/DDO.owl#DDO_0006095>	<http://www.w3.org/2002/07/owl#Class>
<http://purl.obolibrary.org/obo/DDO.owl#DDO_0006104>	<http://www.w3.org/2002/07/owl#Class>
<http://purl.obolibrary.org/obo/DDO.owl#DDO_0006105>	<http://www.w3.org/2002/07/owl#Class>
<http://purl.obolibrary.org/obo/DDO.owl#DDO_0006106>	<http://www.w3.org/2002/07/owl#Class>
<http://purl.obolibrary.org/obo/DDO.owl#DDO_0006107>	<http://www.w3.org/2002/07/owl#Class>
<http://purl.obolibrary.org/obo/DDO.owl#DDO_0006108>	<http://www.w3.org/2002/07/owl#Class>
<http://purl.obolibrary.org/obo/DDO.owl#DDO_0006109>	<http://www.w3.org/2002/07/owl#Class>
<http://purl.obolibrary.org/obo/DDO.owl#DDO_0006120>	<http://www.w3.org/2002/07/owl#Class>
<http://purl.obolibrary.org/obo/DDO.owl#DDO_0006121>	<http://www.w3.org/2002/07/owl#Class>
<http://purl.obolibrary.org/obo/DDO.owl#DDO_0006124>	<http://www.w3.org/2002/07/owl#Class>
<http://purl.obolibrary.org/obo/DDO.owl#DDO_0006126>	<http://www.w3.org/2002/07/owl#Class>
<http://purl.obolibrary.org/obo/DDO.owl#DDO_0006127>	<http://www.w3.org/2002/07/owl#Class>
<http://purl.obolibrary.org/obo/DDO.owl#DDO_0006128>	<http://www.w3.org/2002/07/owl#Class>
<http://purl.obolibrary.org/obo/DDO.owl#DDO_0006132>	<http://www.w3.org/2002/07/owl#Class>
<http://purl.obolibrary.org/obo/DDO.owl#DDO_0006133>	<http://www.w3.org/2002/07/owl#Class>
<http://purl.obolibrary.org/obo/DDO.owl#DDO_0006134>	<http://www.w3.org/2002/07/owl#Class>
<http://purl.obolibrary.org/obo/DDO.owl#DDO_0006141>	<http://www.w3.org/2002/07/owl#Class>
<http://purl.obolibrary.org/obo/DDO.owl#DDO_0006143>	<http://www.w3.org/2002/07/owl#Class>
<http://purl.obolibrary.org/obo/DDO.owl#DDO_0006148>	<http://www.w3.org/2002/07/owl#Class>
<http://purl.obolibrary.org/obo/DDO.owl#DDO_0006157>	<http://www.w3.org/2002/07/owl#Class>
<http://purl.obolibrary.org/obo/DDO.owl#DDO_0006158>	<http://www.w3.org/2002/07/owl#Class>
<http://purl.obolibrary.org/obo/DDO.owl#DDO_0006159>	<http://www.w3.org/2002/07/owl#Class>
<http://purl.obolibrary.org/obo/DDO.owl#DDO_0006160>	<http://www.w3.org/2002/07/owl#Class>
<http://purl.obolibrary.org/obo/DDO.owl#DDO_0006161>	<http://www.w3.org/2002/07/owl#Class>
<http://purl.obolibrary.org/obo/DDO.owl#DDO_0006162>	<http://www.w3.org/2002/07/owl#Class>
<http://purl.obolibrary.org/obo/DDO.owl#DDO_0006163>	<http://www.w3.org/2002/07/owl#Class>
<http://purl.obolibrary.org/obo/DDO.owl#DDO_0006164>	<http://www.w3.org/2002/07/owl#Class>
<http://purl.obolibrary.org/obo/DDO.owl#DDO_0006165>	<http://www.w3.org/2002/07/owl#Class>
<http://purl.obolibrary.org/obo/DDO.owl#DDO_0006166>	<http://www.w3.org/2002/07/owl#Class>
<http://purl.obolibrary.org/obo/DDO.owl#DDO_0006167>	<http://www.w3.org/2002/07/owl#Class>
<http://purl.obolibrary.org/obo/DDO.owl#DDO_0006168>	<http://www.w3.org/2002/07/owl#Class>
<http://purl.obolibrary.org/obo/DDO.owl#DDO_0006169>	<http://www.w3.org/2002/07/owl#Class>
<http://purl.obolibrary.org/obo/DDO.owl#DDO_0006170>	<http://www.w3.org/2002/07/owl#Class>
<http://purl.obolibrary.org/obo/DDO.owl#DDO_0006171>	<http://www.w3.org/2002/07/owl#Class>
<http://purl.obolibrary.org/obo/DDO.owl#DDO_0006172>	<http://www.w3.org/2002/07/owl#Class>
<http://purl.obolibrary.org/obo/DDO.owl#DDO_0006181>	<http://www.w3.org/2002/07/owl#Class>
<http://purl.obolibrary.org/obo/DDO.owl#DDO_0006182>	<http://www.w3.org/2002/07/owl#Class>
<http://purl.obolibrary.org/obo/DDO.owl#DDO_0006183>	<http://www.w3.org/2002/07/owl#Class>
<http://purl.obolibrary.org/obo/DDO.owl#DDO_0006184>	<http://www.w3.org/2002/07/owl#Class>
<http://purl.obolibrary.org/obo/DDO.owl#DDO_0006185>	<http://www.w3.org/2002/07/owl#Class>
<http://purl.obolibrary.org/obo/DDO.owl#DDO_0006192>	<http://www.w3.org/2002/07/owl#Class>
<http://purl.obolibrary.org/obo/DDO.owl#DDO_0006193>	<http://www.w3.org/2002/07/owl#Class>
<http://purl.obolibrary.org/obo/DDO.owl#DDO_0006194>	<http://www.w3.org/2002/07/owl#Class>
<http://purl.obolibrary.org/obo/DDO.owl#DDO_0006195>	<http://www.w3.org/2002/07/owl#Class>
<http://purl.obolibrary.org/obo/DDO.owl#DDO_0006196>	<http://www.w3.org/2002/07/owl#Class>
<http://purl.obolibrary.org/obo/DDO.owl#DDO_0006199>	<http://www.w3.org/2002/07/owl#Class>
<http://purl.obolibrary.org/obo/DDO.owl#DDO_0006200>	<http://www.w3.org/2002/07/owl#Class>
<http://purl.obolibrary.org/obo/DDO.owl#DDO_0006201>	<http://www.w3.org/2002/07/owl#Class>
<http://purl.obolibrary.org/obo/DDO.owl#DDO_0006202>	<http://www.w3.org/2002/07/owl#Class>
<http://purl.obolibrary.org/obo/DDO.owl#DDO_0006203>	<http://www.w3.org/2002/07/owl#Class>
<http://purl.obolibrary.org/obo/DDO.owl#DDO_0006204>	<http://www.w3.org/2002/07/owl#Class>
<http://purl.obolibrary.org/obo/DDO.owl#DDO_0006205>	<http://www.w3.org/2002/07/owl#Class>
<http://purl.obolibrary.org/obo/DDO.owl#DDO_0006206>	<http://www.w3.org/2002/07/owl#Class>
<http://purl.obolibrary.org/obo/DDO.owl#DDO_0006207>	<http://www.w3.org/2002/07/owl#Class>
<http://purl.obolibrary.org/obo/DDO.owl#DDO_0006208>	<http://www.w3.org/2002/07/owl#Class>
<http://purl.obolibrary.org/obo/DDO.owl#DDO_0006209>	<http://www.w3.org/2002/07/owl#Class>
<http://purl.obolibrary.org/obo/DDO.owl#DDO_0006213>	<http://www.w3.org/2002/07/owl#Class>
<http://purl.obolibrary.org/obo/DDO.owl#DDO_0006214>	<http://www.w3.org/2002/07/owl#Class>
<http://purl.obolibrary.org/obo/DDO.owl#DDO_0006215>	<http://www.w3.org/2002/07/owl#Class>
<http://purl.obolibrary.org/obo/DDO.owl#DDO_0006222>	<http://www.w3.org/2002/07/owl#Class>
<http://purl.obolibrary.org/obo/DDO.owl#DDO_0006223>	<http://www.w3.org/2002/07/owl#Class>
<http://purl.obolibrary.org/obo/DDO.owl#DDO_0006224>	<http://www.w3.org/2002/07/owl#Class>
<http://purl.obolibrary.org/obo/DDO.owl#DDO_0006225>	<http://www.w3.org/2002/07/owl#Class>
<http://purl.obolibrary.org/obo/DDO.owl#DDO_0006226>	<http://www.w3.org/2002/07/owl#Class>
<http://purl.obolibrary.org/obo/DDO.owl#DDO_0006227>	<http://www.w3.org/2002/07/owl#Class>
<http://purl.obolibrary.org/obo/DDO.owl#DDO_0006228>	<http://www.w3.org/2002/07/owl#Class>
<http://purl.obolibrary.org/obo/DDO.owl#DDO_0006229>	<http://www.w3.org/2002/07/owl#Class>
<http://purl.obolibrary.org/obo/DDO.owl#DDO_0006230>	<http://www.w3.org/2002/07/owl#Class>
<http://purl.obolibrary.org/obo/DDO.owl#DDO_0006231>	<http://www.w3.org/2002/07/owl#Class>
<http://purl.obolibrary.org/obo/DDO.owl#DDO_0006232>	<http://www.w3.org/2002/07/owl#Class>
<http://purl.obolibrary.org/obo/DDO.owl#DDO_0006237>	<http://www.w3.org/2002/07/owl#Class>
<http://purl.obolibrary.org/obo/DDO.owl#DDO_0006238>	<http://www.w3.org/2002/07/owl#Class>
<http://purl.obolibrary.org/obo/DDO.owl#DDO_0006239>	<http://www.w3.org/2002/07/owl#Class>
<http://purl.obolibrary.org/obo/DDO.owl#DDO_0006240>	<http://www.w3.org/2002/07/owl#Class>
<http://purl.obolibrary.org/obo/DDO.owl#DDO_0006272>	<http://www.w3.org/2002/07/owl#Class>
<http://purl.obolibrary.org/obo/DDO.owl#DDO_0006273>	<http://www.w3.org/2002/07/owl#Class>
<http://purl.obolibrary.org/obo/DDO.owl#DDO_0006274>	<http://www.w3.org/2002/07/owl#Class>
<http://purl.obolibrary.org/obo/DDO.owl#DDO_0006275>	<http://www.w3.org/2002/07/owl#Class>
<http://purl.obolibrary.org/obo/DDO.owl#DDO_0006276>	<http://www.w3.org/2002/07/owl#Class>
<http://purl.obolibrary.org/obo/DDO.owl#DDO_0006277>	<http://www.w3.org/2002/07/owl#Class>
<http://purl.obolibrary.org/obo/DDO.owl#DDO_0006278>	<http://www.w3.org/2002/07/owl#Class>
<http://purl.obolibrary.org/obo/DDO.owl#DDO_0006279>	<http://www.w3.org/2002/07/owl#Class>
<http://purl.obolibrary.org/obo/DDO.owl#DDO_0006280>	<http://www.w3.org/2002/07/owl#Class>
<http://purl.obolibrary.org/obo/DDO.owl#DDO_0006281>	<http://www.w3.org/2002/07/owl#Class>
<http://purl.obolibrary.org/obo/DDO.owl#DDO_0006282>	<http://www.w3.org/2002/07/owl#Class>
<http://purl.obolibrary.org/obo/DDO.owl#DDO_0006283>	<http://www.w3.org/2002/07/owl#Class>
<http://purl.obolibrary.org/obo/DDO.owl#DDO_0006284>	<http://www.w3.org/2002/07/owl#Class>
<http://purl.obolibrary.org/obo/DDO.owl#DDO_0006285>	<http://www.w3.org/2002/07/owl#Class>
<http://purl.obolibrary.org/obo/DDO.owl#DDO_0006915>	<http://www.w3.org/2002/07/owl#Class>
<http://purl.obolibrary.org/obo/DDO.owl#DDO_0008990>	<http://www.w3.org/2002/07/owl#Class>
<http://purl.obolibrary.org/obo/DDO.owl#DDO_0009000>	<http://www.w3.org/2002/07/owl#Class>
<http://purl.obolibrary.org/obo/DDO.owl#DDO_0009001>	<http://www.w3.org/2002/07/owl#Class>
<http://purl.obolibrary.org/obo/DDO.owl#DDO_0009002>	<http://www.w3.org/2002/07/owl#Class>
<http://purl.obolibrary.org/obo/DDO.owl#DDO_0009003>	<http://www.w3.org/2002/07/owl#Class>
<http://purl.obolibrary.org/obo/DDO.owl#DDO_0009004>	<http://www.w3.org/2002/07/owl#Class>
<http://purl.obolibrary.org/obo/DDO.owl#DDO_0009023>	<http://www.w3.org/2002/07/owl#Class>
<http://purl.obolibrary.org/obo/DDO.owl#DDO_0009024>	<http://www.w3.org/2002/07/owl#Class>
<http://purl.obolibrary.org/obo/DDO.owl#DDO_0009025>	<http://www.w3.org/2002/07/owl#Class>
<http://purl.obolibrary.org/obo/DDO.owl#DDO_0009026>	<http://www.w3.org/2002/07/owl#Class>
<http://purl.obolibrary.org/obo/DDO.owl#DDO_0009027>	<http://www.w3.org/2002/07/owl#Class>
<http://purl.obolibrary.org/obo/DDO.owl#DDO_0009028>	<http://www.w3.org/2002/07/owl#Class>
<http://purl.obolibrary.org/obo/DDO.owl#DDO_0009029>	<http://www.w3.org/2002/07/owl#Class>
<http://purl.obolibrary.org/obo/DDO.owl#DDO_0009030>	<http://www.w3.org/2002/07/owl#Class>
<http://purl.obolibrary.org/obo/DDO.owl#DDO_0009031>	<http://www.w3.org/2002/07/owl#Class>
<http://purl.obolibrary.org/obo/DDO.owl#DDO_0009032>	<http://www.w3.org/2002/07/owl#Class>
<http://purl.obolibrary.org/obo/DDO.owl#DDO_0009035>	<http://www.w3.org/2002/07/owl#Class>
<http://purl.obolibrary.org/obo/DDO.owl#DDO_0009036>	<http://www.w3.org/2002/07/owl#Class>
<http://purl.obolibrary.org/obo/DDO.owl#DDO_0009037>	<http://www.w3.org/2002/07/owl#Class>
<http://purl.obolibrary.org/obo/DDO.owl#DDO_0009038>	<http://www.w3.org/2002/07/owl#Class>
<http://purl.obolibrary.org/obo/DDO.owl#DDO_0009039>	<http://www.w3.org/2002/07/owl#Class>
<http://purl.obolibrary.org/obo/DDO.owl#DDO_0009040>	<http://www.w3.org/2002/07/owl#Class>
<http://purl.obolibrary.org/obo/DDO.owl#DDO_0009041>	<http://www.w3.org/2002/07/owl#Class>
<http://purl.obolibrary.org/obo/DDO.owl#DDO_0009042>	<http://www.w3.org/2002/07/owl#Class>
<http://purl.obolibrary.org/obo/DDO.owl#DDO_0009043>	<http://www.w3.org/2002/07/owl#Class>
<http://purl.obolibrary.org/obo/DDO.owl#DDO_0009044>	<http://www.w3.org/2002/07/owl#Class>
<http://purl.obolibrary.org/obo/DDO.owl#DDO_0009045>	<http://www.w3.org/2002/07/owl#Class>
<http://purl.obolibrary.org/obo/DDO.owl#DDO_0009046>	<http://www.w3.org/2002/07/owl#Class>
<http://purl.obolibrary.org/obo/DDO.owl#DDO_0009047>	<http://www.w3.org/2002/07/owl#Class>
<http://purl.obolibrary.org/obo/DDO.owl#DDO_0009048>	<http://www.w3.org/2002/07/owl#Class>
<http://purl.obolibrary.org/obo/DDO.owl#DDO_0009049>	<http://www.w3.org/2002/07/owl#Class>
<http://purl.obolibrary.org/obo/DDO.owl#DDO_0009050>	<http://www.w3.org/2002/07/owl#Class>
<http://purl.obolibrary.org/obo/DDO.owl#DDO_0009051>	<http://www.w3.org/2002/07/owl#Class>
<http://purl.obolibrary.org/obo/DDO.owl#DDO_0009052>	<http://www.w3.org/2002/07/owl#Class>
<http://purl.obolibrary.org/obo/DDO.owl#DDO_0009053>	<http://www.w3.org/2002/07/owl#Class>
<http://purl.obolibrary.org/obo/DDO.owl#DDO_0009054>	<http://www.w3.org/2002/07/owl#Class>
<http://purl.obolibrary.org/obo/DDO.owl#DDO_0009055>	<http://www.w3.org/2002/07/owl#Class>
<http://purl.obolibrary.org/obo/DDO.owl#DDO_0009056>	<http://www.w3.org/2002/07/owl#Class>
<http://purl.obolibrary.org/obo/DDO.owl#DDO_0009057>	<http://www.w3.org/2002/07/owl#Class>
<http://purl.obolibrary.org/obo/DDO.owl#DDO_0009058>	<http://www.w3.org/2002/07/owl#Class>
<http://purl.obolibrary.org/obo/DDO.owl#DDO_0009059>	<http://www.w3.org/2002/07/owl#Class>
<http://purl.obolibrary.org/obo/DDO.owl#DDO_0009060>	<http://www.w3.org/2002/07/owl#Class>
<http://purl.obolibrary.org/obo/DDO.owl#DDO_0009061>	<http://www.w3.org/2002/07/owl#Class>
<http://purl.obolibrary.org/obo/DDO.owl#DDO_0009062>	<http://www.w3.org/2002/07/owl#Class>
<http://purl.obolibrary.org/obo/DDO.owl#DDO_0009063>	<http://www.w3.org/2002/07/owl#Class>
<http://purl.obolibrary.org/obo/DDO.owl#DDO_0009064>	<http://www.w3.org/2002/07/owl#Class>
<http://purl.obolibrary.org/obo/DDO.owl#DDO_0009065>	<http://www.w3.org/2002/07/owl#Class>
<http://purl.obolibrary.org/obo/DDO.owl#DDO_0009066>	<http://www.w3.org/2002/07/owl#Class>
<http://purl.obolibrary.org/obo/DDO.owl#DDO_0009067>	<http://www.w3.org/2002/07/owl#Class>
<http://purl.obolibrary.org/obo/DDO.owl#DDO_0009068>	<http://www.w3.org/2002/07/owl#Class>
<http://purl.obolibrary.org/obo/DDO.owl#DDO_0009069>	<http://www.w3.org/2002/07/owl#Class>
<http://purl.obolibrary.org/obo/DDO.owl#DDO_0009070>	<http://www.w3.org/2002/07/owl#Class>
<http://purl.obolibrary.org/obo/DDO.owl#DDO_0009071>	<http://www.w3.org/2002/07/owl#Class>
<http://purl.obolibrary.org/obo/DDO.owl#DDO_0009072>	<http://www.w3.org/2002/07/owl#Class>
<http://purl.obolibrary.org/obo/DDO.owl#DDO_0009073>	<http://www.w3.org/2002/07/owl#Class>
<http://purl.obolibrary.org/obo/DDO.owl#DDO_0009074>	<http://www.w3.org/2002/07/owl#Class>
<http://purl.obolibrary.org/obo/DDO.owl#DDO_0009075>	<http://www.w3.org/2002/07/owl#Class>
<http://purl.obolibrary.org/obo/DDO.owl#DDO_0009076>	<http://www.w3.org/2002/07/owl#Class>
<http://purl.obolibrary.org/obo/DDO.owl#DDO_0009077>	<http://www.w3.org/2002/07/owl#Class>
<http://purl.obolibrary.org/obo/DDO.owl#DDO_0009078>	<http://www.w3.org/2002/07/owl#Class>
<http://purl.obolibrary.org/obo/DDO.owl#DDO_0009079>	<http://www.w3.org/2002/07/owl#Class>
<http://purl.obolibrary.org/obo/DDO.owl#DDO_0009080>	<http://www.w3.org/2002/07/owl#Class>
<http://purl.obolibrary.org/obo/DDO.owl#DDO_0009082>	<http://www.w3.org/2002/07/owl#Class>
<http://purl.obolibrary.org/obo/DDO.owl#DDO_0009083>	<http://www.w3.org/2002/07/owl#Class>
<http://purl.obolibrary.org/obo/DDO.owl#DDO_0009084>	<http://www.w3.org/2002/07/owl#Class>
<http://purl.obolibrary.org/obo/DDO.owl#DDO_0009085>	<http://www.w3.org/2002/07/owl#Class>
<http://purl.obolibrary.org/obo/DDO.owl#DDO_0009086>	<http://www.w3.org/2002/07/owl#Class>
<http://purl.obolibrary.org/obo/DDO.owl#DDO_0009087>	<http://www.w3.org/2002/07/owl#Class>
<http://purl.obolibrary.org/obo/DDO.owl#DDO_0009088>	<http://www.w3.org/2002/07/owl#Class>
<http://purl.obolibrary.org/obo/DDO.owl#DDO_0009089>	<http://www.w3.org/2002/07/owl#Class>
<http://purl.obolibrary.org/obo/DDO.owl#DDO_0009090>	<http://www.w3.org/2002/07/owl#Class>
<http://purl.obolibrary.org/obo/DDO.owl#DDO_0009091>	<http://www.w3.org/2002/07/owl#Class>
<http://purl.obolibrary.org/obo/DDO.owl#DDO_0009092>	<http://www.w3.org/2002/07/owl#Class>
<http://purl.obolibrary.org/obo/DDO.owl#DDO_0009093>	<http://www.w3.org/2002/07/owl#Class>
<http://purl.obolibrary.org/obo/DDO.owl#DDO_0009094>	<http://www.w3.org/2002/07/owl#Class>
<http://purl.obolibrary.org/obo/DDO.owl#DDO_0009095>	<http://www.w3.org/2002/07/owl#Class>
<http://purl.obolibrary.org/obo/DDO.owl#DDO_0009096>	<http://www.w3.org/2002/07/owl#Class>
<http://purl.obolibrary.org/obo/DDO.owl#DDO_0009097>	<http://www.w3.org/2002/07/owl#Class>
<http://purl.obolibrary.org/obo/DDO.owl#DDO_0009098>	<http://www.w3.org/2002/07/owl#Class>
<http://purl.obolibrary.org/obo/DDO.owl#DDO_0009099>	<http://www.w3.org/2002/07/owl#Class>
<http://purl.obolibrary.org/obo/DDO.owl#DDO_0009100>	<http://www.w3.org/2002/07/owl#Class>
<http://purl.obolibrary.org/obo/DDO.owl#DDO_0009101>	<http://www.w3.org/2002/07/owl#Class>
<http://purl.obolibrary.org/obo/DDO.owl#DDO_0009102>	<http://www.w3.org/2002/07/owl#Class>
<http://purl.obolibrary.org/obo/DDO.owl#DDO_0009103>	<http://www.w3.org/2002/07/owl#Class>
<http://purl.obolibrary.org/obo/DDO.owl#DDO_0009104>	<http://www.w3.org/2002/07/owl#Class>
<http://purl.obolibrary.org/obo/DDO.owl#DDO_0009105>	<http://www.w3.org/2002/07/owl#Class>
<http://purl.obolibrary.org/obo/DDO.owl#DDO_0009106>	<http://www.w3.org/2002/07/owl#Class>
<http://purl.obolibrary.org/obo/DDO.owl#DDO_0009107>	<http://www.w3.org/2002/07/owl#Class>
<http://purl.obolibrary.org/obo/DDO.owl#DDO_0009108>	<http://www.w3.org/2002/07/owl#Class>
<http://purl.obolibrary.org/obo/DDO.owl#DDO_0009109>	<http://www.w3.org/2002/07/owl#Class>
<http://purl.obolibrary.org/obo/DDO.owl#DDO_0009110>	<http://www.w3.org/2002/07/owl#Class>
<http://purl.obolibrary.org/obo/DDO.owl#DDO_0009111>	<http://www.w3.org/2002/07/owl#Class>
<http://purl.obolibrary.org/obo/DDO.owl#DDO_0009112>	<http://www.w3.org/2002/07/owl#Class>
<http://purl.obolibrary.org/obo/DDO.owl#DDO_0009113>	<http://www.w3.org/2002/07/owl#Class>
<http://purl.obolibrary.org/obo/DDO.owl#DDO_0009114>	<http://www.w3.org/2002/07/owl#Class>
<http://purl.obolibrary.org/obo/DDO.owl#DDO_0009115>	<http://www.w3.org/2002/07/owl#Class>
<http://purl.obolibrary.org/obo/DDO.owl#DDO_0009116>	<http://www.w3.org/2002/07/owl#Class>
<http://purl.obolibrary.org/obo/DDO.owl#DDO_0009117>	<http://www.w3.org/2002/07/owl#Class>
<http://purl.obolibrary.org/obo/DDO.owl#DDO_0009118>	<http://www.w3.org/2002/07/owl#Class>
<http://purl.obolibrary.org/obo/DDO.owl#DDO_0009119>	<http://www.w3.org/2002/07/owl#Class>
<http://purl.obolibrary.org/obo/DDO.owl#DDO_0009120>	<http://www.w3.org/2002/07/owl#Class>
<http://purl.obolibrary.org/obo/DDO.owl#DDO_0009122>	<http://www.w3.org/2002/07/owl#Class>
<http://purl.obolibrary.org/obo/DDO.owl#DDO_0009123>	<http://www.w3.org/2002/07/owl#Class>
<http://purl.obolibrary.org/obo/DDO.owl#DDO_0009124>	<http://www.w3.org/2002/07/owl#Class>
<http://purl.obolibrary.org/obo/DDO.owl#DDO_0009125>	<http://www.w3.org/2002/07/owl#Class>
<http://purl.obolibrary.org/obo/DDO.owl#DDO_0009126>	<http://www.w3.org/2002/07/owl#Class>
<http://purl.obolibrary.org/obo/DDO.owl#DDO_0009127>	<http://www.w3.org/2002/07/owl#Class>
<http://purl.obolibrary.org/obo/DDO.owl#DDO_0009128>	<http://www.w3.org/2002/07/owl#Class>
<http://purl.obolibrary.org/obo/DDO.owl#DDO_0009129>	<http://www.w3.org/2002/07/owl#Class>
<http://purl.obolibrary.org/obo/DDO.owl#DDO_0009130>	<http://www.w3.org/2002/07/owl#Class>
<http://purl.obolibrary.org/obo/DDO.owl#DDO_0009131>	<http://www.w3.org/2002/07/owl#Class>
<http://purl.obolibrary.org/obo/DDO.owl#DDO_0009132>	<http://www.w3.org/2002/07/owl#Class>
<http://purl.obolibrary.org/obo/DDO.owl#DDO_0009133>	<http://www.w3.org/2002/07/owl#Class>
<http://purl.obolibrary.org/obo/DDO.owl#DDO_0009134>	<http://www.w3.org/2002/07/owl#Class>
<http://purl.obolibrary.org/obo/DDO.owl#DDO_0009135>	<http://www.w3.org/2002/07/owl#Class>
<http://purl.obolibrary.org/obo/DDO.owl#DDO_0009136>	<http://www.w3.org/2002/07/owl#Class>
<http://purl.obolibrary.org/obo/DDO.owl#DDO_0009137>	<http://www.w3.org/2002/07/owl#Class>
<http://purl.obolibrary.org/obo/DDO.owl#DDO_0009138>	<http://www.w3.org/2002/07/owl#Class>
<http://purl.obolibrary.org/obo/DDO.owl#DDO_0009139>	<http://www.w3.org/2002/07/owl#Class>
<http://purl.obolibrary.org/obo/DDO.owl#DDO_0009140>	<http://www.w3.org/2002/07/owl#Class>
<http://purl.obolibrary.org/obo/DDO.owl#DDO_0009141>	<http://www.w3.org/2002/07/owl#Class>
<http://purl.obolibrary.org/obo/DDO.owl#DDO_0009142>	<http://www.w3.org/2002/07/owl#Class>
<http://purl.obolibrary.org/obo/DDO.owl#DDO_0009143>	<http://www.w3.org/2002/07/owl#Class>
<http://purl.obolibrary.org/obo/DDO.owl#DDO_0009162>	<http://www.w3.org/2002/07/owl#Class>
<http://purl.obolibrary.org/obo/DDO.owl#DDO_0009163>	<http://www.w3.org/2002/07/owl#Class>
<http://purl.obolibrary.org/obo/DDO.owl#DDO_0009164>	<http://www.w3.org/2002/07/owl#Class>
<http://purl.obolibrary.org/obo/DDO.owl#DDO_0009165>	<http://www.w3.org/2002/07/owl#Class>
<http://purl.obolibrary.org/obo/DDO.owl#DDO_0009166>	<http://www.w3.org/2002/07/owl#Class>
<http://purl.obolibrary.org/obo/DDO.owl#DDO_0009167>	<http://www.w3.org/2002/07/owl#Class>
<http://purl.obolibrary.org/obo/DDO.owl#DDO_0009168>	<http://www.w3.org/2002/07/owl#Class>
<http://purl.obolibrary.org/obo/DDO.owl#DDO_0009169>	<http://www.w3.org/2002/07/owl#Class>
<http://purl.obolibrary.org/obo/DDO.owl#DDO_0009170>	<http://www.w3.org/2002/07/owl#Class>
<http://purl.obolibrary.org/obo/DDO.owl#DDO_0009171>	<http://www.w3.org/2002/07/owl#Class>
<http://purl.obolibrary.org/obo/DDO.owl#DDO_0009172>	<http://www.w3.org/2002/07/owl#Class>
<http://purl.obolibrary.org/obo/DDO.owl#DDO_0009173>	<http://www.w3.org/2002/07/owl#Class>
<http://purl.obolibrary.org/obo/DDO.owl#DDO_0009174>	<http://www.w3.org/2002/07/owl#Class>
<http://purl.obolibrary.org/obo/DDO.owl#DDO_0009175>	<http://www.w3.org/2002/07/owl#Class>
<http://purl.obolibrary.org/obo/DDO.owl#DDO_0009176>	<http://www.w3.org/2002/07/owl#Class>
<http://purl.obolibrary.org/obo/DDO.owl#DDO_0009177>	<http://www.w3.org/2002/07/owl#Class>
<http://purl.obolibrary.org/obo/DDO.owl#DDO_0009178>	<http://www.w3.org/2002/07/owl#Class>
<http://purl.obolibrary.org/obo/DDO.owl#DDO_0009179>	<http://www.w3.org/2002/07/owl#Class>
<http://purl.obolibrary.org/obo/DDO.owl#DDO_0009180>	<http://www.w3.org/2002/07/owl#Class>
<http://purl.obolibrary.org/obo/DDO.owl#DDO_0009181>	<http://www.w3.org/2002/07/owl#Class>
<http://purl.obolibrary.org/obo/DDO.owl#DDO_0009182>	<http://www.w3.org/2002/07/owl#Class>
<http://purl.obolibrary.org/obo/DDO.owl#DDO_0009183>	<http://www.w3.org/2002/07/owl#Class>
<http://purl.obolibrary.org/obo/DDO.owl#DDO_0009184>	<http://www.w3.org/2002/07/owl#Class>
<http://purl.obolibrary.org/obo/DDO.owl#DDO_0009185>	<http://www.w3.org/2002/07/owl#Class>
<http://purl.obolibrary.org/obo/DDO.owl#DDO_0009187>	<http://www.w3.org/2002/07/owl#Class>
<http://purl.obolibrary.org/obo/DDO.owl#DDO_0009188>	<http://www.w3.org/2002/07/owl#Class>
<http://purl.obolibrary.org/obo/DDO.owl#DDO_00091883>	<http://www.w3.org/2002/07/owl#Class>
<http://purl.obolibrary.org/obo/DDO.owl#DDO_0009189>	<http://www.w3.org/2002/07/owl#Class>
<http://purl.obolibrary.org/obo/DDO.owl#DDO_0009190>	<http://www.w3.org/2002/07/owl#Class>
<http://purl.obolibrary.org/obo/DDO.owl#DDO_0009191>	<http://www.w3.org/2002/07/owl#Class>
<http://purl.obolibrary.org/obo/DDO.owl#DDO_0009192>	<http://www.w3.org/2002/07/owl#Class>
<http://purl.obolibrary.org/obo/DDO.owl#DDO_0009193>	<http://www.w3.org/2002/07/owl#Class>
<http://purl.obolibrary.org/obo/DDO.owl#DDO_0009194>	<http://www.w3.org/2002/07/owl#Class>
<http://purl.obolibrary.org/obo/DDO.owl#DDO_0009195>	<http://www.w3.org/2002/07/owl#Class>
<http://purl.obolibrary.org/obo/DDO.owl#DDO_0009196>	<http://www.w3.org/2002/07/owl#Class>
<http://purl.obolibrary.org/obo/DDO.owl#DDO_0009197>	<http://www.w3.org/2002/07/owl#Class>
<http://purl.obolibrary.org/obo/DDO.owl#DDO_0009198>	<http://www.w3.org/2002/07/owl#Class>
<http://purl.obolibrary.org/obo/DDO.owl#DDO_0009199>	<http://www.w3.org/2002/07/owl#Class>
<http://purl.obolibrary.org/obo/DDO.owl#DDO_0009200>	<http://www.w3.org/2002/07/owl#Class>
<http://purl.obolibrary.org/obo/DDO.owl#DDO_0009201>	<http://www.w3.org/2002/07/owl#Class>
<http://purl.obolibrary.org/obo/DDO.owl#DDO_0009202>	<http://www.w3.org/2002/07/owl#Class>
<http://purl.obolibrary.org/obo/DDO.owl#DDO_0009203>	<http://www.w3.org/2002/07/owl#Class>
<http://purl.obolibrary.org/obo/DDO.owl#DDO_0009204>	<http://www.w3.org/2002/07/owl#Class>
<http://purl.obolibrary.org/obo/DDO.owl#DDO_0009205>	<http://www.w3.org/2002/07/owl#Class>
<http://purl.obolibrary.org/obo/DDO.owl#DDO_0009206>	<http://www.w3.org/2002/07/owl#Class>
<http://purl.obolibrary.org/obo/DDO.owl#DDO_0009207>	<http://www.w3.org/2002/07/owl#Class>
<http://purl.obolibrary.org/obo/DDO.owl#DDO_0009208>	<http://www.w3.org/2002/07/owl#Class>
<http://purl.obolibrary.org/obo/DDO.owl#DDO_0009209>	<http://www.w3.org/2002/07/owl#Class>
<http://purl.obolibrary.org/obo/DDO.owl#DDO_0009210>	<http://www.w3.org/2002/07/owl#Class>
<http://purl.obolibrary.org/obo/DDO.owl#DDO_0009211>	<http://www.w3.org/2002/07/owl#Class>
<http://purl.obolibrary.org/obo/DDO.owl#DDO_0009212>	<http://www.w3.org/2002/07/owl#Class>
<http://purl.obolibrary.org/obo/DDO.owl#DDO_0009213>	<http://www.w3.org/2002/07/owl#Class>
<http://purl.obolibrary.org/obo/DDO.owl#DDO_0009214>	<http://www.w3.org/2002/07/owl#Class>
<http://purl.obolibrary.org/obo/DDO.owl#DDO_0009216>	<http://www.w3.org/2002/07/owl#Class>
<http://purl.obolibrary.org/obo/DDO.owl#DDO_0009217>	<http://www.w3.org/2002/07/owl#Class>
<http://purl.obolibrary.org/obo/DDO.owl#DDO_0009218>	<http://www.w3.org/2002/07/owl#Class>
<http://purl.obolibrary.org/obo/DDO.owl#DDO_0009219>	<http://www.w3.org/2002/07/owl#Class>
<http://purl.obolibrary.org/obo/DDO.owl#DDO_0009220>	<http://www.w3.org/2002/07/owl#Class>
<http://purl.obolibrary.org/obo/DDO.owl#DDO_0009221>	<http://www.w3.org/2002/07/owl#Class>
<http://purl.obolibrary.org/obo/DDO.owl#DDO_0009222>	<http://www.w3.org/2002/07/owl#Class>
<http://purl.obolibrary.org/obo/DDO.owl#DDO_0009223>	<http://www.w3.org/2002/07/owl#Class>
<http://purl.obolibrary.org/obo/DDO.owl#DDO_0009224>	<http://www.w3.org/2002/07/owl#Class>
<http://purl.obolibrary.org/obo/DDO.owl#DDO_0009225>	<http://www.w3.org/2002/07/owl#Class>
<http://purl.obolibrary.org/obo/DDO.owl#DDO_0009226>	<http://www.w3.org/2002/07/owl#Class>
<http://purl.obolibrary.org/obo/DDO.owl#DDO_0009227>	<http://www.w3.org/2002/07/owl#Class>
<http://purl.obolibrary.org/obo/DDO.owl#DDO_0009228>	<http://www.w3.org/2002/07/owl#Class>
<http://purl.obolibrary.org/obo/DDO.owl#DDO_0009230>	<http://www.w3.org/2002/07/owl#Class>
<http://purl.obolibrary.org/obo/DDO.owl#DDO_0009231>	<http://www.w3.org/2002/07/owl#Class>
<http://purl.obolibrary.org/obo/DDO.owl#DDO_0009232>	<http://www.w3.org/2002/07/owl#Class>
<http://purl.obolibrary.org/obo/DDO.owl#DDO_0009233>	<http://www.w3.org/2002/07/owl#Class>
<http://purl.obolibrary.org/obo/DDO.owl#DDO_0009234>	<http://www.w3.org/2002/07/owl#Class>
<http://purl.obolibrary.org/obo/DDO.owl#DDO_0009235>	<http://www.w3.org/2002/07/owl#Class>
<http://purl.obolibrary.org/obo/DDO.owl#DDO_0009237>	<http://www.w3.org/2002/07/owl#Class>
<http://purl.obolibrary.org/obo/DDO.owl#DDO_0009238>	<http://www.w3.org/2002/07/owl#Class>
<http://purl.obolibrary.org/obo/DDO.owl#DDO_0009239>	<http://www.w3.org/2002/07/owl#Class>
<http://purl.obolibrary.org/obo/DDO.owl#DDO_000924>	<http://www.w3.org/2002/07/owl#Class>
<http://purl.obolibrary.org/obo/DDO.owl#DDO_0009240>	<http://www.w3.org/2002/07/owl#Class>
<http://purl.obolibrary.org/obo/DDO.owl#DDO_0009241>	<http://www.w3.org/2002/07/owl#Class>
<http://purl.obolibrary.org/obo/DDO.owl#DDO_0009242>	<http://www.w3.org/2002/07/owl#Class>
<http://purl.obolibrary.org/obo/DDO.owl#DDO_0009243>	<http://www.w3.org/2002/07/owl#Class>
<http://purl.obolibrary.org/obo/DDO.owl#DDO_0009245>	<http://www.w3.org/2002/07/owl#Class>
<http://purl.obolibrary.org/obo/DDO.owl#DDO_0009246>	<http://www.w3.org/2002/07/owl#Class>
<http://purl.obolibrary.org/obo/DDO.owl#DDO_0009247>	<http://www.w3.org/2002/07/owl#Class>
<http://purl.obolibrary.org/obo/DDO.owl#DDO_0009248>	<http://www.w3.org/2002/07/owl#Class>
<http://purl.obolibrary.org/obo/DDO.owl#DDO_0009249>	<http://www.w3.org/2002/07/owl#Class>
<http://purl.obolibrary.org/obo/DDO.owl#DDO_0009250>	<http://www.w3.org/2002/07/owl#Class>
<http://purl.obolibrary.org/obo/DDO.owl#DDO_0009251>	<http://www.w3.org/2002/07/owl#Class>
<http://purl.obolibrary.org/obo/DDO.owl#DDO_0009252>	<http://www.w3.org/2002/07/owl#Class>
<http://purl.obolibrary.org/obo/DDO.owl#DDO_0009253>	<http://www.w3.org/2002/07/owl#Class>
<http://purl.obolibrary.org/obo/DDO.owl#DDO_0009254>	<http://www.w3.org/2002/07/owl#Class>
<http://purl.obolibrary.org/obo/DDO.owl#DDO_0009255>	<http://www.w3.org/2002/07/owl#Class>
<http://purl.obolibrary.org/obo/DDO.owl#DDO_0009256>	<http://www.w3.org/2002/07/owl#Class>
<http://purl.obolibrary.org/obo/DDO.owl#DDO_0009257>	<http://www.w3.org/2002/07/owl#Class>
<http://purl.obolibrary.org/obo/DDO.owl#DDO_0009258>	<http://www.w3.org/2002/07/owl#Class>
<http://purl.obolibrary.org/obo/DDO.owl#DDO_0009259>	<http://www.w3.org/2002/07/owl#Class>
<http://purl.obolibrary.org/obo/DDO.owl#DDO_000926>	<http://www.w3.org/2002/07/owl#Class>
<http://purl.obolibrary.org/obo/DDO.owl#DDO_0009260>	<http://www.w3.org/2002/07/owl#Class>
<http://purl.obolibrary.org/obo/DDO.owl#DDO_0009261>	<http://www.w3.org/2002/07/owl#Class>
<http://purl.obolibrary.org/obo/DDO.owl#DDO_0009262>	<http://www.w3.org/2002/07/owl#Class>
<http://purl.obolibrary.org/obo/DDO.owl#DDO_0009263>	<http://www.w3.org/2002/07/owl#Class>
<http://purl.obolibrary.org/obo/DDO.owl#DDO_0009265>	<http://www.w3.org/2002/07/owl#Class>
<http://purl.obolibrary.org/obo/DDO.owl#DDO_0009266>	<http://www.w3.org/2002/07/owl#Class>
<http://purl.obolibrary.org/obo/DDO.owl#DDO_0009267>	<http://www.w3.org/2002/07/owl#Class>
<http://purl.obolibrary.org/obo/DDO.owl#DDO_0009268>	<http://www.w3.org/2002/07/owl#Class>
<http://purl.obolibrary.org/obo/DDO.owl#DDO_0009269>	<http://www.w3.org/2002/07/owl#Class>
<http://purl.obolibrary.org/obo/DDO.owl#DDO_0009270>	<http://www.w3.org/2002/07/owl#Class>
<http://purl.obolibrary.org/obo/DDO.owl#DDO_0009271>	<http://www.w3.org/2002/07/owl#Class>
<http://purl.obolibrary.org/obo/DDO.owl#DDO_0009272>	<http://www.w3.org/2002/07/owl#Class>
<http://purl.obolibrary.org/obo/DDO.owl#DDO_0009273>	<http://www.w3.org/2002/07/owl#Class>
<http://purl.obolibrary.org/obo/DDO.owl#DDO_0009274>	<http://www.w3.org/2002/07/owl#Class>
<http://purl.obolibrary.org/obo/DDO.owl#DDO_0009275>	<http://www.w3.org/2002/07/owl#Class>
<http://purl.obolibrary.org/obo/DDO.owl#DDO_0009276>	<http://www.w3.org/2002/07/owl#Class>
<http://purl.obolibrary.org/obo/DDO.owl#DDO_0009277>	<http://www.w3.org/2002/07/owl#Class>
<http://purl.obolibrary.org/obo/DDO.owl#DDO_0009278>	<http://www.w3.org/2002/07/owl#Class>
<http://purl.obolibrary.org/obo/DDO.owl#DDO_0009279>	<http://www.w3.org/2002/07/owl#Class>
<http://purl.obolibrary.org/obo/DDO.owl#DDO_0009280>	<http://www.w3.org/2002/07/owl#Class>
<http://purl.obolibrary.org/obo/DDO.owl#DDO_0009281>	<http://www.w3.org/2002/07/owl#Class>
<http://purl.obolibrary.org/obo/DDO.owl#DDO_0009282>	<http://www.w3.org/2002/07/owl#Class>
<http://purl.obolibrary.org/obo/DDO.owl#DDO_0009283>	<http://www.w3.org/2002/07/owl#Class>
<http://purl.obolibrary.org/obo/DDO.owl#DDO_0009284>	<http://www.w3.org/2002/07/owl#Class>
<http://purl.obolibrary.org/obo/DDO.owl#DDO_0009285>	<http://www.w3.org/2002/07/owl#Class>
<http://purl.obolibrary.org/obo/DDO.owl#DDO_0009286>	<http://www.w3.org/2002/07/owl#Class>
<http://purl.obolibrary.org/obo/DDO.owl#DDO_0009287>	<http://www.w3.org/2002/07/owl#Class>
<http://purl.obolibrary.org/obo/DDO.owl#DDO_0009288>	<http://www.w3.org/2002/07/owl#Class>
<http://purl.obolibrary.org/obo/DDO.owl#DDO_0009289>	<http://www.w3.org/2002/07/owl#Class>
<http://purl.obolibrary.org/obo/DDO.owl#DDO_0009290>	<http://www.w3.org/2002/07/owl#Class>
<http://purl.obolibrary.org/obo/DDO.owl#DDO_0009291>	<http://www.w3.org/2002/07/owl#Class>
<http://purl.obolibrary.org/obo/DDO.owl#DDO_0009292>	<http://www.w3.org/2002/07/owl#Class>
<http://purl.obolibrary.org/obo/DDO.owl#DDO_0009293>	<http://www.w3.org/2002/07/owl#Class>
<http://purl.obolibrary.org/obo/DDO.owl#DDO_0009294>	<http://www.w3.org/2002/07/owl#Class>
<http://purl.obolibrary.org/obo/DDO.owl#DDO_0009295>	<http://www.w3.org/2002/07/owl#Class>
<http://purl.obolibrary.org/obo/DDO.owl#DDO_0009296>	<http://www.w3.org/2002/07/owl#Class>
<http://purl.obolibrary.org/obo/DDO.owl#DDO_0009297>	<http://www.w3.org/2002/07/owl#Class>
<http://purl.obolibrary.org/obo/DDO.owl#DDO_0009298>	<http://www.w3.org/2002/07/owl#Class>
<http://purl.obolibrary.org/obo/DDO.owl#DDO_0009299>	<http://www.w3.org/2002/07/owl#Class>
<http://purl.obolibrary.org/obo/DDO.owl#DDO_0009300>	<http://www.w3.org/2002/07/owl#Class>
<http://purl.obolibrary.org/obo/DDO.owl#DDO_0009301>	<http://www.w3.org/2002/07/owl#Class>
<http://purl.obolibrary.org/obo/DDO.owl#DDO_0009302>	<http://www.w3.org/2002/07/owl#Class>
<http://purl.obolibrary.org/obo/DDO.owl#DDO_0009303>	<http://www.w3.org/2002/07/owl#Class>
<http://purl.obolibrary.org/obo/DDO.owl#DDO_0009304>	<http://www.w3.org/2002/07/owl#Class>
<http://purl.obolibrary.org/obo/DDO.owl#DDO_0009305>	<http://www.w3.org/2002/07/owl#Class>
<http://purl.obolibrary.org/obo/DDO.owl#DDO_0009306>	<http://www.w3.org/2002/07/owl#Class>
<http://purl.obolibrary.org/obo/DDO.owl#DDO_0009307>	<http://www.w3.org/2002/07/owl#Class>
<http://purl.obolibrary.org/obo/DDO.owl#DDO_0009308>	<http://www.w3.org/2002/07/owl#Class>
<http://purl.obolibrary.org/obo/DDO.owl#DDO_0009309>	<http://www.w3.org/2002/07/owl#Class>
<http://purl.obolibrary.org/obo/DDO.owl#DDO_0009310>	<http://www.w3.org/2002/07/owl#Class>
<http://purl.obolibrary.org/obo/DDO.owl#DDO_0009311>	<http://www.w3.org/2002/07/owl#Class>
<http://purl.obolibrary.org/obo/DDO.owl#DDO_0009312>	<http://www.w3.org/2002/07/owl#Class>
<http://purl.obolibrary.org/obo/DDO.owl#DDO_0009313>	<http://www.w3.org/2002/07/owl#Class>
<http://purl.obolibrary.org/obo/DDO.owl#DDO_0009314>	<http://www.w3.org/2002/07/owl#Class>
<http://purl.obolibrary.org/obo/DDO.owl#DDO_0009315>	<http://www.w3.org/2002/07/owl#Class>
<http://purl.obolibrary.org/obo/DDO.owl#DDO_0009316>	<http://www.w3.org/2002/07/owl#Class>
<http://purl.obolibrary.org/obo/DDO.owl#DDO_0009317>	<http://www.w3.org/2002/07/owl#Class>
<http://purl.obolibrary.org/obo/DDO.owl#DDO_0009318>	<http://www.w3.org/2002/07/owl#Class>
<http://purl.obolibrary.org/obo/DDO.owl#DDO_0009319>	<http://www.w3.org/2002/07/owl#Class>
<http://purl.obolibrary.org/obo/DDO.owl#DDO_0009320>	<http://www.w3.org/2002/07/owl#Class>
<http://purl.obolibrary.org/obo/DDO.owl#DDO_0009321>	<http://www.w3.org/2002/07/owl#Class>
<http://purl.obolibrary.org/obo/DDO.owl#DDO_0009322>	<http://www.w3.org/2002/07/owl#Class>
<http://purl.obolibrary.org/obo/DDO.owl#DDO_0009323>	<http://www.w3.org/2002/07/owl#Class>
<http://purl.obolibrary.org/obo/DDO.owl#DDO_0009400>	<http://www.w3.org/2002/07/owl#Class>
<http://purl.obolibrary.org/obo/DDO.owl#DDO_0009401>	<http://www.w3.org/2002/07/owl#Class>
<http://purl.obolibrary.org/obo/DDO.owl#DDO_0009402>	<http://www.w3.org/2002/07/owl#Class>
<http://purl.obolibrary.org/obo/DDO.owl#DDO_0009403>	<http://www.w3.org/2002/07/owl#Class>
<http://purl.obolibrary.org/obo/DDO.owl#DDO_0009404>	<http://www.w3.org/2002/07/owl#Class>
<http://purl.obolibrary.org/obo/DDO.owl#DDO_0009405>	<http://www.w3.org/2002/07/owl#Class>
<http://purl.obolibrary.org/obo/DDO.owl#DDO_0009406>	<http://www.w3.org/2002/07/owl#Class>
<http://purl.obolibrary.org/obo/DDO.owl#DDO_0009407>	<http://www.w3.org/2002/07/owl#Class>
<http://purl.obolibrary.org/obo/DDO.owl#DDO_0009408>	<http://www.w3.org/2002/07/owl#Class>
<http://purl.obolibrary.org/obo/DDO.owl#DDO_0009430>	<http://www.w3.org/2002/07/owl#Class>
<http://purl.obolibrary.org/obo/DDO.owl#DDO_0009433>	<http://www.w3.org/2002/07/owl#Class>
<http://purl.obolibrary.org/obo/DDO.owl#DDO_0009434>	<http://www.w3.org/2002/07/owl#Class>
<http://purl.obolibrary.org/obo/DDO.owl#DDO_0009435>	<http://www.w3.org/2002/07/owl#Class>
<http://purl.obolibrary.org/obo/DDO.owl#DDO_0009436>	<http://www.w3.org/2002/07/owl#Class>
<http://purl.obolibrary.org/obo/DDO.owl#DDO_0009448>	<http://www.w3.org/2002/07/owl#Class>
<http://purl.obolibrary.org/obo/DDO.owl#DDO_002041>	<http://www.w3.org/2002/07/owl#Class>
<http://purl.obolibrary.org/obo/DDO.owl#DDO_002544>	<http://www.w3.org/2002/07/owl#Class>
<http://purl.obolibrary.org/obo/DDO.owl#DDO_002553>	<http://www.w3.org/2002/07/owl#Class>
<http://purl.obolibrary.org/obo/DDO.owl#DDO_003405>	<http://www.w3.org/2002/07/owl#Class>
<http://purl.obolibrary.org/obo/DDO.owl#DDO_003475>	<http://www.w3.org/2002/07/owl#Class>
<http://purl.obolibrary.org/obo/DDO.owl#DDO_003540>	<http://www.w3.org/2002/07/owl#Class>
<http://purl.obolibrary.org/obo/DDO.owl#DDO_1238>	<http://www.w3.org/2002/07/owl#Class>
<http://purl.obolibrary.org/obo/DDO.owl#DD_0002293>	<http://www.w3.org/2002/07/owl#Class>
<http://purl.obolibrary.org/obo/DDO.owl#DOID_0050700>	<http://www.w3.org/2002/07/owl#Class>
<http://purl.obolibrary.org/obo/DDO.owl#DOID_104>	<http://www.w3.org/2002/07/owl#Class>
<http://purl.obolibrary.org/obo/DDO.owl#DOID_26>	<http://www.w3.org/2002/07/owl#Class>
<http://purl.obolibrary.org/obo/DDO.owl#DOID_2913>	<http://www.w3.org/2002/07/owl#Class>
<http://purl.obolibrary.org/obo/DDO.owl#DOID_2914>	<http://www.w3.org/2002/07/owl#Class>
<http://purl.obolibrary.org/obo/DDO.owl#DOID_4988>	<http://www.w3.org/2002/07/owl#Class>
<http://purl.obolibrary.org/obo/DDO.owl#DOID_4989>	<http://www.w3.org/2002/07/owl#Class>
<http://purl.obolibrary.org/obo/DDO.owl#DOID_74>	<http://www.w3.org/2002/07/owl#Class>
<http://purl.obolibrary.org/obo/DDO.owl#OGMS_0000020>	<http://www.w3.org/2002/07/owl#Class>
<http://purl.obolibrary.org/obo/DDO.owl#OGMS_0000056>	<http://www.w3.org/2002/07/owl#Class>
<http://purl.obolibrary.org/obo/DDO.owl#OGMS_0000057>	<http://www.w3.org/2002/07/owl#Class>
<http://purl.obolibrary.org/obo/DDO_0006288>	<http://www.w3.org/2002/07/owl#Class>
<http://purl.obolibrary.org/obo/DDO_0009410>	<http://www.w3.org/2002/07/owl#Class>
<http://purl.obolibrary.org/obo/DDO_0009411>	<http://www.w3.org/2002/07/owl#Class>
<http://purl.obolibrary.org/obo/DDO_0009412>	<http://www.w3.org/2002/07/owl#Class>
<http://purl.obolibrary.org/obo/DDO_0009413>	<http://www.w3.org/2002/07/owl#Class>
<http://purl.obolibrary.org/obo/DDO_0009414>	<http://www.w3.org/2002/07/owl#Class>
<http://purl.obolibrary.org/obo/DDO_0009415>	<http://www.w3.org/2002/07/owl#Class>
<http://purl.obolibrary.org/obo/DDO_0009416>	<http://www.w3.org/2002/07/owl#Class>
<http://purl.obolibrary.org/obo/DDO_0009417>	<http://www.w3.org/2002/07/owl#Class>
<http://purl.obolibrary.org/obo/DDO_0009418>	<http://www.w3.org/2002/07/owl#Class>
<http://purl.obolibrary.org/obo/DDO_0009419>	<http://www.w3.org/2002/07/owl#Class>
<http://purl.obolibrary.org/obo/DDO_0009420>	<http://www.w3.org/2002/07/owl#Class>
<http://purl.obolibrary.org/obo/DDO_0009421>	<http://www.w3.org/2002/07/owl#Class>
<http://purl.obolibrary.org/obo/DDO_0009422>	<http://www.w3.org/2002/07/owl#Class>
<http://purl.obolibrary.org/obo/DDO_0009423>	<http://www.w3.org/2002/07/owl#Class>
<http://purl.obolibrary.org/obo/DDO_0009424>	<http://www.w3.org/2002/07/owl#Class>
<http://purl.obolibrary.org/obo/DDO_0009425>	<http://www.w3.org/2002/07/owl#Class>
<http://purl.obolibrary.org/obo/DDO_0009426>	<http://www.w3.org/2002/07/owl#Class>
<http://purl.obolibrary.org/obo/DDO_0009427>	<http://www.w3.org/2002/07/owl#Class>
<http://purl.obolibrary.org/obo/DDO_0009428>	<http://www.w3.org/2002/07/owl#Class>
<http://purl.obolibrary.org/obo/DDO_0009429>	<http://www.w3.org/2002/07/owl#Class>
<http://purl.obolibrary.org/obo/DOID_10969>	<http://www.w3.org/2002/07/owl#Class>
<http://purl.obolibrary.org/obo/DOID_10992>	<http://www.w3.org/2002/07/owl#Class>
<http://purl.obolibrary.org/obo/DOID_12055>	<http://www.w3.org/2002/07/owl#Class>
<http://purl.obolibrary.org/obo/DOID_4977>	<http://www.w3.org/2002/07/owl#Class>
<http://purl.obolibrary.org/obo/DOID_639>	<http://www.w3.org/2002/07/owl#Class>
<http://purl.obolibrary.org/obo/DOID_640>	<http://www.w3.org/2002/07/owl#Class>
<http://purl.obolibrary.org/obo/IAO_0000027>	<http://www.w3.org/2002/07/owl#Class>
<http://purl.obolibrary.org/obo/IAO_0000030>	<http://www.w3.org/2002/07/owl#Class>
<http://purl.obolibrary.org/obo/IAO_0000033>	<http://www.w3.org/2002/07/owl#Class>
<http://purl.obolibrary.org/obo/IAO_0000078>	<http://www.w3.org/2002/07/owl#Class>
<http://purl.obolibrary.org/obo/IAO_0000102>	<http://www.w3.org/2002/07/owl#Class>
<http://purl.obolibrary.org/obo/IAO_0000225>	<http://www.w3.org/2002/07/owl#Class>
<http://purl.obolibrary.org/obo/IAO_0000409>	<http://www.w3.org/2002/07/owl#Class>
<http://purl.obolibrary.org/obo/OAE_0000001>	<http://www.w3.org/2002/07/owl#Class>
<http://purl.obolibrary.org/obo/OAE_0000003>	<http://www.w3.org/2002/07/owl#Class>
<http://purl.obolibrary.org/obo/OAE_0000004>	<http://www.w3.org/2002/07/owl#Class>
<http://purl.obolibrary.org/obo/OAE_0000005>	<http://www.w3.org/2002/07/owl#Class>
<http://purl.obolibrary.org/obo/OAE_0000006>	<http://www.w3.org/2002/07/owl#Class>
<http://purl.obolibrary.org/obo/OAE_0000007>	<http://www.w3.org/2002/07/owl#Class>
<http://purl.obolibrary.org/obo/OAE_0000008>	<http://www.w3.org/2002/07/owl#Class>
<http://purl.obolibrary.org/obo/OAE_0000009>	<http://www.w3.org/2002/07/owl#Class>
<http://purl.obolibrary.org/obo/OAE_0000010>	<http://www.w3.org/2002/07/owl#Class>
<http://purl.obolibrary.org/obo/OAE_0000017>	<http://www.w3.org/2002/07/owl#Class>
<http://purl.obolibrary.org/obo/OAE_0000018>	<http://www.w3.org/2002/07/owl#Class>
<http://purl.obolibrary.org/obo/OAE_0000019>	<http://www.w3.org/2002/07/owl#Class>
<http://purl.obolibrary.org/obo/OAE_0000020>	<http://www.w3.org/2002/07/owl#Class>
<http://purl.obolibrary.org/obo/OAE_0000021>	<http://www.w3.org/2002/07/owl#Class>
<http://purl.obolibrary.org/obo/OAE_0000022>	<http://www.w3.org/2002/07/owl#Class>
<http://purl.obolibrary.org/obo/OAE_0000023>	<http://www.w3.org/2002/07/owl#Class>
<http://purl.obolibrary.org/obo/OAE_0000024>	<http://www.w3.org/2002/07/owl#Class>
<http://purl.obolibrary.org/obo/OAE_0000026>	<http://www.w3.org/2002/07/owl#Class>
<http://purl.obolibrary.org/obo/OAE_0000027>	<http://www.w3.org/2002/07/owl#Class>
<http://purl.obolibrary.org/obo/OAE_0000029>	<http://www.w3.org/2002/07/owl#Class>
<http://purl.obolibrary.org/obo/OAE_0000030>	<http://www.w3.org/2002/07/owl#Class>
<http://purl.obolibrary.org/obo/OAE_0000031>	<http://www.w3.org/2002/07/owl#Class>
<http://purl.obolibrary.org/obo/OAE_0000032>	<http://www.w3.org/2002/07/owl#Class>
<http://purl.obolibrary.org/obo/OAE_0000033>	<http://www.w3.org/2002/07/owl#Class>
<http://purl.obolibrary.org/obo/OAE_0000034>	<http://www.w3.org/2002/07/owl#Class>
<http://purl.obolibrary.org/obo/OAE_0000035>	<http://www.w3.org/2002/07/owl#Class>
<http://purl.obolibrary.org/obo/OAE_0000036>	<http://www.w3.org/2002/07/owl#Class>
<http://purl.obolibrary.org/obo/OAE_0000037>	<http://www.w3.org/2002/07/owl#Class>
<http://purl.obolibrary.org/obo/OAE_0000038>	<http://www.w3.org/2002/07/owl#Class>
<http://purl.obolibrary.org/obo/OAE_0000039>	<http://www.w3.org/2002/07/owl#Class>
<http://purl.obolibrary.org/obo/OAE_0000040>	<http://www.w3.org/2002/07/owl#Class>
<http://purl.obolibrary.org/obo/OAE_0000041>	<http://www.w3.org/2002/07/owl#Class>
<http://purl.obolibrary.org/obo/OAE_0000042>	<http://www.w3.org/2002/07/owl#Class>
<http://purl.obolibrary.org/obo/OAE_0000043>	<http://www.w3.org/2002/07/owl#Class>
<http://purl.obolibrary.org/obo/OAE_0000044>	<http://www.w3.org/2002/07/owl#Class>
<http://purl.obolibrary.org/obo/OAE_0000045>	<http://www.w3.org/2002/07/owl#Class>
<http://purl.obolibrary.org/obo/OAE_0000046>	<http://www.w3.org/2002/07/owl#Class>
<http://purl.obolibrary.org/obo/OAE_0000047>	<http://www.w3.org/2002/07/owl#Class>
<http://purl.obolibrary.org/obo/OAE_0000048>	<http://www.w3.org/2002/07/owl#Class>
<http://purl.obolibrary.org/obo/OAE_0000049>	<http://www.w3.org/2002/07/owl#Class>
<http://purl.obolibrary.org/obo/OAE_0000050>	<http://www.w3.org/2002/07/owl#Class>
<http://purl.obolibrary.org/obo/OAE_0000051>	<http://www.w3.org/2002/07/owl#Class>
<http://purl.obolibrary.org/obo/OAE_0000052>	<http://www.w3.org/2002/07/owl#Class>
<http://purl.obolibrary.org/obo/OAE_0000053>	<http://www.w3.org/2002/07/owl#Class>
<http://purl.obolibrary.org/obo/OAE_0000054>	<http://www.w3.org/2002/07/owl#Class>
<http://purl.obolibrary.org/obo/OAE_0000057>	<http://www.w3.org/2002/07/owl#Class>
<http://purl.obolibrary.org/obo/OAE_0000058>	<http://www.w3.org/2002/07/owl#Class>
<http://purl.obolibrary.org/obo/OAE_0000059>	<http://www.w3.org/2002/07/owl#Class>
<http://purl.obolibrary.org/obo/OAE_0000060>	<http://www.w3.org/2002/07/owl#Class>
<http://purl.obolibrary.org/obo/OAE_0000061>	<http://www.w3.org/2002/07/owl#Class>
<http://purl.obolibrary.org/obo/OAE_0000062>	<http://www.w3.org/2002/07/owl#Class>
<http://purl.obolibrary.org/obo/OAE_0000063>	<http://www.w3.org/2002/07/owl#Class>
<http://purl.obolibrary.org/obo/OAE_0000064>	<http://www.w3.org/2002/07/owl#Class>
<http://purl.obolibrary.org/obo/OAE_0000066>	<http://www.w3.org/2002/07/owl#Class>
<http://purl.obolibrary.org/obo/OAE_0000068>	<http://www.w3.org/2002/07/owl#Class>
<http://purl.obolibrary.org/obo/OAE_0000069>	<http://www.w3.org/2002/07/owl#Class>
<http://purl.obolibrary.org/obo/OAE_0000070>	<http://www.w3.org/2002/07/owl#Class>
<http://purl.obolibrary.org/obo/OAE_0000073>	<http://www.w3.org/2002/07/owl#Class>
<http://purl.obolibrary.org/obo/OAE_0000074>	<http://www.w3.org/2002/07/owl#Class>
<http://purl.obolibrary.org/obo/OAE_0000075>	<http://www.w3.org/2002/07/owl#Class>
<http://purl.obolibrary.org/obo/OAE_0000076>	<http://www.w3.org/2002/07/owl#Class>
<http://purl.obolibrary.org/obo/OAE_0000078>	<http://www.w3.org/2002/07/owl#Class>
<http://purl.obolibrary.org/obo/OAE_0000079>	<http://www.w3.org/2002/07/owl#Class>
<http://purl.obolibrary.org/obo/OAE_0000080>	<http://www.w3.org/2002/07/owl#Class>
<http://purl.obolibrary.org/obo/OAE_0000081>	<http://www.w3.org/2002/07/owl#Class>
<http://purl.obolibrary.org/obo/OAE_0000082>	<http://www.w3.org/2002/07/owl#Class>
<http://purl.obolibrary.org/obo/OAE_0000083>	<http://www.w3.org/2002/07/owl#Class>
<http://purl.obolibrary.org/obo/OAE_0000084>	<http://www.w3.org/2002/07/owl#Class>
<http://purl.obolibrary.org/obo/OAE_0000085>	<http://www.w3.org/2002/07/owl#Class>
<http://purl.obolibrary.org/obo/OAE_0000086>	<http://www.w3.org/2002/07/owl#Class>
<http://purl.obolibrary.org/obo/OAE_0000087>	<http://www.w3.org/2002/07/owl#Class>
<http://purl.obolibrary.org/obo/OAE_0000088>	<http://www.w3.org/2002/07/owl#Class>
<http://purl.obolibrary.org/obo/OAE_0000089>	<http://www.w3.org/2002/07/owl#Class>
<http://purl.obolibrary.org/obo/OAE_0000090>	<http://www.w3.org/2002/07/owl#Class>
<http://purl.obolibrary.org/obo/OAE_0000091>	<http://www.w3.org/2002/07/owl#Class>
<http://purl.obolibrary.org/obo/OAE_0000092>	<http://www.w3.org/2002/07/owl#Class>
<http://purl.obolibrary.org/obo/OAE_0000093>	<http://www.w3.org/2002/07/owl#Class>
<http://purl.obolibrary.org/obo/OAE_0000095>	<http://www.w3.org/2002/07/owl#Class>
<http://purl.obolibrary.org/obo/OAE_0000096>	<http://www.w3.org/2002/07/owl#Class>
<http://purl.obolibrary.org/obo/OAE_0000097>	<http://www.w3.org/2002/07/owl#Class>
<http://purl.obolibrary.org/obo/OAE_0000098>	<http://www.w3.org/2002/07/owl#Class>
<http://purl.obolibrary.org/obo/OAE_0000099>	<http://www.w3.org/2002/07/owl#Class>
<http://purl.obolibrary.org/obo/OAE_0000100>	<http://www.w3.org/2002/07/owl#Class>
<http://purl.obolibrary.org/obo/OAE_0000103>	<http://www.w3.org/2002/07/owl#Class>
<http://purl.obolibrary.org/obo/OAE_0000162>	<http://www.w3.org/2002/07/owl#Class>
<http://purl.obolibrary.org/obo/OAE_0000163>	<http://www.w3.org/2002/07/owl#Class>
<http://purl.obolibrary.org/obo/OAE_0000164>	<http://www.w3.org/2002/07/owl#Class>
<http://purl.obolibrary.org/obo/OAE_0000165>	<http://www.w3.org/2002/07/owl#Class>
<http://purl.obolibrary.org/obo/OAE_0000166>	<http://www.w3.org/2002/07/owl#Class>
<http://purl.obolibrary.org/obo/OAE_0000167>	<http://www.w3.org/2002/07/owl#Class>
<http://purl.obolibrary.org/obo/OAE_0000168>	<http://www.w3.org/2002/07/owl#Class>
<http://purl.obolibrary.org/obo/OAE_0000169>	<http://www.w3.org/2002/07/owl#Class>
<http://purl.obolibrary.org/obo/OAE_0000170>	<http://www.w3.org/2002/07/owl#Class>
<http://purl.obolibrary.org/obo/OAE_0000171>	<http://www.w3.org/2002/07/owl#Class>
<http://purl.obolibrary.org/obo/OAE_0000172>	<http://www.w3.org/2002/07/owl#Class>
<http://purl.obolibrary.org/obo/OAE_0000173>	<http://www.w3.org/2002/07/owl#Class>
<http://purl.obolibrary.org/obo/OAE_0000174>	<http://www.w3.org/2002/07/owl#Class>
<http://purl.obolibrary.org/obo/OAE_0000175>	<http://www.w3.org/2002/07/owl#Class>
<http://purl.obolibrary.org/obo/OAE_0000176>	<http://www.w3.org/2002/07/owl#Class>
<http://purl.obolibrary.org/obo/OAE_0000179>	<http://www.w3.org/2002/07/owl#Class>
<http://purl.obolibrary.org/obo/OAE_0000180>	<http://www.w3.org/2002/07/owl#Class>
<http://purl.obolibrary.org/obo/OAE_0000181>	<http://www.w3.org/2002/07/owl#Class>
<http://purl.obolibrary.org/obo/OAE_0000182>	<http://www.w3.org/2002/07/owl#Class>
<http://purl.obolibrary.org/obo/OAE_0000183>	<http://www.w3.org/2002/07/owl#Class>
<http://purl.obolibrary.org/obo/OAE_0000184>	<http://www.w3.org/2002/07/owl#Class>
<http://purl.obolibrary.org/obo/OAE_0000185>	<http://www.w3.org/2002/07/owl#Class>
<http://purl.obolibrary.org/obo/OAE_0000187>	<http://www.w3.org/2002/07/owl#Class>
<http://purl.obolibrary.org/obo/OAE_0000188>	<http://www.w3.org/2002/07/owl#Class>
<http://purl.obolibrary.org/obo/OAE_0000194>	<http://www.w3.org/2002/07/owl#Class>
<http://purl.obolibrary.org/obo/OAE_0000195>	<http://www.w3.org/2002/07/owl#Class>
<http://purl.obolibrary.org/obo/OAE_0000196>	<http://www.w3.org/2002/07/owl#Class>
<http://purl.obolibrary.org/obo/OAE_0000197>	<http://www.w3.org/2002/07/owl#Class>
<http://purl.obolibrary.org/obo/OAE_0000198>	<http://www.w3.org/2002/07/owl#Class>
<http://purl.obolibrary.org/obo/OAE_0000199>	<http://www.w3.org/2002/07/owl#Class>
<http://purl.obolibrary.org/obo/OAE_0000200>	<http://www.w3.org/2002/07/owl#Class>
<http://purl.obolibrary.org/obo/OAE_0000201>	<http://www.w3.org/2002/07/owl#Class>
<http://purl.obolibrary.org/obo/OAE_0000202>	<http://www.w3.org/2002/07/owl#Class>
<http://purl.obolibrary.org/obo/OAE_0000203>	<http://www.w3.org/2002/07/owl#Class>
<http://purl.obolibrary.org/obo/OAE_0000204>	<http://www.w3.org/2002/07/owl#Class>
<http://purl.obolibrary.org/obo/OAE_0000205>	<http://www.w3.org/2002/07/owl#Class>
<http://purl.obolibrary.org/obo/OAE_0000206>	<http://www.w3.org/2002/07/owl#Class>
<http://purl.obolibrary.org/obo/OAE_0000207>	<http://www.w3.org/2002/07/owl#Class>
<http://purl.obolibrary.org/obo/OAE_0000208>	<http://www.w3.org/2002/07/owl#Class>
<http://purl.obolibrary.org/obo/OAE_0000209>	<http://www.w3.org/2002/07/owl#Class>
<http://purl.obolibrary.org/obo/OAE_0000210>	<http://www.w3.org/2002/07/owl#Class>
<http://purl.obolibrary.org/obo/OAE_0000211>	<http://www.w3.org/2002/07/owl#Class>
<http://purl.obolibrary.org/obo/OAE_0000212>	<http://www.w3.org/2002/07/owl#Class>
<http://purl.obolibrary.org/obo/OAE_0000213>	<http://www.w3.org/2002/07/owl#Class>
<http://purl.obolibrary.org/obo/OAE_0000214>	<http://www.w3.org/2002/07/owl#Class>
<http://purl.obolibrary.org/obo/OAE_0000215>	<http://www.w3.org/2002/07/owl#Class>
<http://purl.obolibrary.org/obo/OAE_0000216>	<http://www.w3.org/2002/07/owl#Class>
<http://purl.obolibrary.org/obo/OAE_0000217>	<http://www.w3.org/2002/07/owl#Class>
<http://purl.obolibrary.org/obo/OAE_0000218>	<http://www.w3.org/2002/07/owl#Class>
<http://purl.obolibrary.org/obo/OAE_0000219>	<http://www.w3.org/2002/07/owl#Class>
<http://purl.obolibrary.org/obo/OAE_0000222>	<http://www.w3.org/2002/07/owl#Class>
<http://purl.obolibrary.org/obo/OAE_0000226>	<http://www.w3.org/2002/07/owl#Class>
<http://purl.obolibrary.org/obo/OAE_0000231>	<http://www.w3.org/2002/07/owl#Class>
<http://purl.obolibrary.org/obo/OAE_0000232>	<http://www.w3.org/2002/07/owl#Class>
<http://purl.obolibrary.org/obo/OAE_0000236>	<http://www.w3.org/2002/07/owl#Class>
<http://purl.obolibrary.org/obo/OAE_0000237>	<http://www.w3.org/2002/07/owl#Class>
<http://purl.obolibrary.org/obo/OAE_0000238>	<http://www.w3.org/2002/07/owl#Class>
<http://purl.obolibrary.org/obo/OAE_0000239>	<http://www.w3.org/2002/07/owl#Class>
<http://purl.obolibrary.org/obo/OAE_0000240>	<http://www.w3.org/2002/07/owl#Class>
<http://purl.obolibrary.org/obo/OAE_0000241>	<http://www.w3.org/2002/07/owl#Class>
<http://purl.obolibrary.org/obo/OAE_0000242>	<http://www.w3.org/2002/07/owl#Class>
<http://purl.obolibrary.org/obo/OAE_0000243>	<http://www.w3.org/2002/07/owl#Class>
<http://purl.obolibrary.org/obo/OAE_0000244>	<http://www.w3.org/2002/07/owl#Class>
<http://purl.obolibrary.org/obo/OAE_0000245>	<http://www.w3.org/2002/07/owl#Class>
<http://purl.obolibrary.org/obo/OAE_0000246>	<http://www.w3.org/2002/07/owl#Class>
<http://purl.obolibrary.org/obo/OAE_0000247>	<http://www.w3.org/2002/07/owl#Class>
<http://purl.obolibrary.org/obo/OAE_0000248>	<http://www.w3.org/2002/07/owl#Class>
<http://purl.obolibrary.org/obo/OAE_0000249>	<http://www.w3.org/2002/07/owl#Class>
<http://purl.obolibrary.org/obo/OAE_0000250>	<http://www.w3.org/2002/07/owl#Class>
<http://purl.obolibrary.org/obo/OAE_0000251>	<http://www.w3.org/2002/07/owl#Class>
<http://purl.obolibrary.org/obo/OAE_0000252>	<http://www.w3.org/2002/07/owl#Class>
<http://purl.obolibrary.org/obo/OAE_0000253>	<http://www.w3.org/2002/07/owl#Class>
<http://purl.obolibrary.org/obo/OAE_0000254>	<http://www.w3.org/2002/07/owl#Class>
<http://purl.obolibrary.org/obo/OAE_0000255>	<http://www.w3.org/2002/07/owl#Class>
<http://purl.obolibrary.org/obo/OAE_0000256>	<http://www.w3.org/2002/07/owl#Class>
<http://purl.obolibrary.org/obo/OAE_0000257>	<http://www.w3.org/2002/07/owl#Class>
<http://purl.obolibrary.org/obo/OAE_0000258>	<http://www.w3.org/2002/07/owl#Class>
<http://purl.obolibrary.org/obo/OAE_0000259>	<http://www.w3.org/2002/07/owl#Class>
<http://purl.obolibrary.org/obo/OAE_0000260>	<http://www.w3.org/2002/07/owl#Class>
<http://purl.obolibrary.org/obo/OAE_0000261>	<http://www.w3.org/2002/07/owl#Class>
<http://purl.obolibrary.org/obo/OAE_0000262>	<http://www.w3.org/2002/07/owl#Class>
<http://purl.obolibrary.org/obo/OAE_0000263>	<http://www.w3.org/2002/07/owl#Class>
<http://purl.obolibrary.org/obo/OAE_0000264>	<http://www.w3.org/2002/07/owl#Class>
<http://purl.obolibrary.org/obo/OAE_0000265>	<http://www.w3.org/2002/07/owl#Class>
<http://purl.obolibrary.org/obo/OAE_0000266>	<http://www.w3.org/2002/07/owl#Class>
<http://purl.obolibrary.org/obo/OAE_0000267>	<http://www.w3.org/2002/07/owl#Class>
<http://purl.obolibrary.org/obo/OAE_0000268>	<http://www.w3.org/2002/07/owl#Class>
<http://purl.obolibrary.org/obo/OAE_0000269>	<http://www.w3.org/2002/07/owl#Class>
<http://purl.obolibrary.org/obo/OAE_0000270>	<http://www.w3.org/2002/07/owl#Class>
<http://purl.obolibrary.org/obo/OAE_0000271>	<http://www.w3.org/2002/07/owl#Class>
<http://purl.obolibrary.org/obo/OAE_0000272>	<http://www.w3.org/2002/07/owl#Class>
<http://purl.obolibrary.org/obo/OAE_0000273>	<http://www.w3.org/2002/07/owl#Class>
<http://purl.obolibrary.org/obo/OAE_0000274>	<http://www.w3.org/2002/07/owl#Class>
<http://purl.obolibrary.org/obo/OAE_0000275>	<http://www.w3.org/2002/07/owl#Class>
<http://purl.obolibrary.org/obo/OAE_0000276>	<http://www.w3.org/2002/07/owl#Class>
<http://purl.obolibrary.org/obo/OAE_0000277>	<http://www.w3.org/2002/07/owl#Class>
<http://purl.obolibrary.org/obo/OAE_0000278>	<http://www.w3.org/2002/07/owl#Class>
<http://purl.obolibrary.org/obo/OAE_0000279>	<http://www.w3.org/2002/07/owl#Class>
<http://purl.obolibrary.org/obo/OAE_0000280>	<http://www.w3.org/2002/07/owl#Class>
<http://purl.obolibrary.org/obo/OAE_0000281>	<http://www.w3.org/2002/07/owl#Class>
<http://purl.obolibrary.org/obo/OAE_0000282>	<http://www.w3.org/2002/07/owl#Class>
<http://purl.obolibrary.org/obo/OAE_0000283>	<http://www.w3.org/2002/07/owl#Class>
<http://purl.obolibrary.org/obo/OAE_0000284>	<http://www.w3.org/2002/07/owl#Class>
<http://purl.obolibrary.org/obo/OAE_0000285>	<http://www.w3.org/2002/07/owl#Class>
<http://purl.obolibrary.org/obo/OAE_0000286>	<http://www.w3.org/2002/07/owl#Class>
<http://purl.obolibrary.org/obo/OAE_0000287>	<http://www.w3.org/2002/07/owl#Class>
<http://purl.obolibrary.org/obo/OAE_0000288>	<http://www.w3.org/2002/07/owl#Class>
<http://purl.obolibrary.org/obo/OAE_0000289>	<http://www.w3.org/2002/07/owl#Class>
<http://purl.obolibrary.org/obo/OAE_0000290>	<http://www.w3.org/2002/07/owl#Class>
<http://purl.obolibrary.org/obo/OAE_0000291>	<http://www.w3.org/2002/07/owl#Class>
<http://purl.obolibrary.org/obo/OAE_0000292>	<http://www.w3.org/2002/07/owl#Class>
<http://purl.obolibrary.org/obo/OAE_0000293>	<http://www.w3.org/2002/07/owl#Class>
<http://purl.obolibrary.org/obo/OAE_0000294>	<http://www.w3.org/2002/07/owl#Class>
<http://purl.obolibrary.org/obo/OAE_0000295>	<http://www.w3.org/2002/07/owl#Class>
<http://purl.obolibrary.org/obo/OAE_0000296>	<http://www.w3.org/2002/07/owl#Class>
<http://purl.obolibrary.org/obo/OAE_0000297>	<http://www.w3.org/2002/07/owl#Class>
<http://purl.obolibrary.org/obo/OAE_0000298>	<http://www.w3.org/2002/07/owl#Class>
<http://purl.obolibrary.org/obo/OAE_0000299>	<http://www.w3.org/2002/07/owl#Class>
<http://purl.obolibrary.org/obo/OAE_0000300>	<http://www.w3.org/2002/07/owl#Class>
<http://purl.obolibrary.org/obo/OAE_0000301>	<http://www.w3.org/2002/07/owl#Class>
<http://purl.obolibrary.org/obo/OAE_0000302>	<http://www.w3.org/2002/07/owl#Class>
<http://purl.obolibrary.org/obo/OAE_0000303>	<http://www.w3.org/2002/07/owl#Class>
<http://purl.obolibrary.org/obo/OAE_0000304>	<http://www.w3.org/2002/07/owl#Class>
<http://purl.obolibrary.org/obo/OAE_0000305>	<http://www.w3.org/2002/07/owl#Class>
<http://purl.obolibrary.org/obo/OAE_0000306>	<http://www.w3.org/2002/07/owl#Class>
<http://purl.obolibrary.org/obo/OAE_0000307>	<http://www.w3.org/2002/07/owl#Class>
<http://purl.obolibrary.org/obo/OAE_0000308>	<http://www.w3.org/2002/07/owl#Class>
<http://purl.obolibrary.org/obo/OAE_0000309>	<http://www.w3.org/2002/07/owl#Class>
<http://purl.obolibrary.org/obo/OAE_0000310>	<http://www.w3.org/2002/07/owl#Class>
<http://purl.obolibrary.org/obo/OAE_0000311>	<http://www.w3.org/2002/07/owl#Class>
<http://purl.obolibrary.org/obo/OAE_0000312>	<http://www.w3.org/2002/07/owl#Class>
<http://purl.obolibrary.org/obo/OAE_0000313>	<http://www.w3.org/2002/07/owl#Class>
<http://purl.obolibrary.org/obo/OAE_0000314>	<http://www.w3.org/2002/07/owl#Class>
<http://purl.obolibrary.org/obo/OAE_0000315>	<http://www.w3.org/2002/07/owl#Class>
<http://purl.obolibrary.org/obo/OAE_0000316>	<http://www.w3.org/2002/07/owl#Class>
<http://purl.obolibrary.org/obo/OAE_0000317>	<http://www.w3.org/2002/07/owl#Class>
<http://purl.obolibrary.org/obo/OAE_0000318>	<http://www.w3.org/2002/07/owl#Class>
<http://purl.obolibrary.org/obo/OAE_0000319>	<http://www.w3.org/2002/07/owl#Class>
<http://purl.obolibrary.org/obo/OAE_0000320>	<http://www.w3.org/2002/07/owl#Class>
<http://purl.obolibrary.org/obo/OAE_0000321>	<http://www.w3.org/2002/07/owl#Class>
<http://purl.obolibrary.org/obo/OAE_0000322>	<http://www.w3.org/2002/07/owl#Class>
<http://purl.obolibrary.org/obo/OAE_0000323>	<http://www.w3.org/2002/07/owl#Class>
<http://purl.obolibrary.org/obo/OAE_0000324>	<http://www.w3.org/2002/07/owl#Class>
<http://purl.obolibrary.org/obo/OAE_0000325>	<http://www.w3.org/2002/07/owl#Class>
<http://purl.obolibrary.org/obo/OAE_0000326>	<http://www.w3.org/2002/07/owl#Class>
<http://purl.obolibrary.org/obo/OAE_0000327>	<http://www.w3.org/2002/07/owl#Class>
<http://purl.obolibrary.org/obo/OAE_0000328>	<http://www.w3.org/2002/07/owl#Class>
<http://purl.obolibrary.org/obo/OAE_0000329>	<http://www.w3.org/2002/07/owl#Class>
<http://purl.obolibrary.org/obo/OAE_0000330>	<http://www.w3.org/2002/07/owl#Class>
<http://purl.obolibrary.org/obo/OAE_0000331>	<http://www.w3.org/2002/07/owl#Class>
<http://purl.obolibrary.org/obo/OAE_0000332>	<http://www.w3.org/2002/07/owl#Class>
<http://purl.obolibrary.org/obo/OAE_0000333>	<http://www.w3.org/2002/07/owl#Class>
<http://purl.obolibrary.org/obo/OAE_0000334>	<http://www.w3.org/2002/07/owl#Class>
<http://purl.obolibrary.org/obo/OAE_0000335>	<http://www.w3.org/2002/07/owl#Class>
<http://purl.obolibrary.org/obo/OAE_0000336>	<http://www.w3.org/2002/07/owl#Class>
<http://purl.obolibrary.org/obo/OAE_0000337>	<http://www.w3.org/2002/07/owl#Class>
<http://purl.obolibrary.org/obo/OAE_0000338>	<http://www.w3.org/2002/07/owl#Class>
<http://purl.obolibrary.org/obo/OAE_0000339>	<http://www.w3.org/2002/07/owl#Class>
<http://purl.obolibrary.org/obo/OAE_0000340>	<http://www.w3.org/2002/07/owl#Class>
<http://purl.obolibrary.org/obo/OAE_0000341>	<http://www.w3.org/2002/07/owl#Class>
<http://purl.obolibrary.org/obo/OAE_0000342>	<http://www.w3.org/2002/07/owl#Class>
<http://purl.obolibrary.org/obo/OAE_0000343>	<http://www.w3.org/2002/07/owl#Class>
<http://purl.obolibrary.org/obo/OAE_0000344>	<http://www.w3.org/2002/07/owl#Class>
<http://purl.obolibrary.org/obo/OAE_0000345>	<http://www.w3.org/2002/07/owl#Class>
<http://purl.obolibrary.org/obo/OAE_0000346>	<http://www.w3.org/2002/07/owl#Class>
<http://purl.obolibrary.org/obo/OAE_0000347>	<http://www.w3.org/2002/07/owl#Class>
<http://purl.obolibrary.org/obo/OAE_0000348>	<http://www.w3.org/2002/07/owl#Class>
<http://purl.obolibrary.org/obo/OAE_0000349>	<http://www.w3.org/2002/07/owl#Class>
<http://purl.obolibrary.org/obo/OAE_0000350>	<http://www.w3.org/2002/07/owl#Class>
<http://purl.obolibrary.org/obo/OAE_0000351>	<http://www.w3.org/2002/07/owl#Class>
<http://purl.obolibrary.org/obo/OAE_0000352>	<http://www.w3.org/2002/07/owl#Class>
<http://purl.obolibrary.org/obo/OAE_0000353>	<http://www.w3.org/2002/07/owl#Class>
<http://purl.obolibrary.org/obo/OAE_0000354>	<http://www.w3.org/2002/07/owl#Class>
<http://purl.obolibrary.org/obo/OAE_0000355>	<http://www.w3.org/2002/07/owl#Class>
<http://purl.obolibrary.org/obo/OAE_0000356>	<http://www.w3.org/2002/07/owl#Class>
<http://purl.obolibrary.org/obo/OAE_0000357>	<http://www.w3.org/2002/07/owl#Class>
<http://purl.obolibrary.org/obo/OAE_0000358>	<http://www.w3.org/2002/07/owl#Class>
<http://purl.obolibrary.org/obo/OAE_0000359>	<http://www.w3.org/2002/07/owl#Class>
<http://purl.obolibrary.org/obo/OAE_0000360>	<http://www.w3.org/2002/07/owl#Class>
<http://purl.obolibrary.org/obo/OAE_0000361>	<http://www.w3.org/2002/07/owl#Class>
<http://purl.obolibrary.org/obo/OAE_0000362>	<http://www.w3.org/2002/07/owl#Class>
<http://purl.obolibrary.org/obo/OAE_0000363>	<http://www.w3.org/2002/07/owl#Class>
<http://purl.obolibrary.org/obo/OAE_0000364>	<http://www.w3.org/2002/07/owl#Class>
<http://purl.obolibrary.org/obo/OAE_0000365>	<http://www.w3.org/2002/07/owl#Class>
<http://purl.obolibrary.org/obo/OAE_0000366>	<http://www.w3.org/2002/07/owl#Class>
<http://purl.obolibrary.org/obo/OAE_0000367>	<http://www.w3.org/2002/07/owl#Class>
<http://purl.obolibrary.org/obo/OAE_0000368>	<http://www.w3.org/2002/07/owl#Class>
<http://purl.obolibrary.org/obo/OAE_0000369>	<http://www.w3.org/2002/07/owl#Class>
<http://purl.obolibrary.org/obo/OAE_0000370>	<http://www.w3.org/2002/07/owl#Class>
<http://purl.obolibrary.org/obo/OAE_0000371>	<http://www.w3.org/2002/07/owl#Class>
<http://purl.obolibrary.org/obo/OAE_0000372>	<http://www.w3.org/2002/07/owl#Class>
<http://purl.obolibrary.org/obo/OAE_0000373>	<http://www.w3.org/2002/07/owl#Class>
<http://purl.obolibrary.org/obo/OAE_0000374>	<http://www.w3.org/2002/07/owl#Class>
<http://purl.obolibrary.org/obo/OAE_0000375>	<http://www.w3.org/2002/07/owl#Class>
<http://purl.obolibrary.org/obo/OAE_0000376>	<http://www.w3.org/2002/07/owl#Class>
<http://purl.obolibrary.org/obo/OAE_0000377>	<http://www.w3.org/2002/07/owl#Class>
<http://purl.obolibrary.org/obo/OAE_0000378>	<http://www.w3.org/2002/07/owl#Class>
<http://purl.obolibrary.org/obo/OAE_0000379>	<http://www.w3.org/2002/07/owl#Class>
<http://purl.obolibrary.org/obo/OAE_0000380>	<http://www.w3.org/2002/07/owl#Class>
<http://purl.obolibrary.org/obo/OAE_0000381>	<http://www.w3.org/2002/07/owl#Class>
<http://purl.obolibrary.org/obo/OAE_0000382>	<http://www.w3.org/2002/07/owl#Class>
<http://purl.obolibrary.org/obo/OAE_0000383>	<http://www.w3.org/2002/07/owl#Class>
<http://purl.obolibrary.org/obo/OAE_0000384>	<http://www.w3.org/2002/07/owl#Class>
<http://purl.obolibrary.org/obo/OAE_0000385>	<http://www.w3.org/2002/07/owl#Class>
<http://purl.obolibrary.org/obo/OAE_0000386>	<http://www.w3.org/2002/07/owl#Class>
<http://purl.obolibrary.org/obo/OAE_0000387>	<http://www.w3.org/2002/07/owl#Class>
<http://purl.obolibrary.org/obo/OAE_0000388>	<http://www.w3.org/2002/07/owl#Class>
<http://purl.obolibrary.org/obo/OAE_0000389>	<http://www.w3.org/2002/07/owl#Class>
<http://purl.obolibrary.org/obo/OAE_0000390>	<http://www.w3.org/2002/07/owl#Class>
<http://purl.obolibrary.org/obo/OAE_0000391>	<http://www.w3.org/2002/07/owl#Class>
<http://purl.obolibrary.org/obo/OAE_0000392>	<http://www.w3.org/2002/07/owl#Class>
<http://purl.obolibrary.org/obo/OAE_0000393>	<http://www.w3.org/2002/07/owl#Class>
<http://purl.obolibrary.org/obo/OAE_0000394>	<http://www.w3.org/2002/07/owl#Class>
<http://purl.obolibrary.org/obo/OAE_0000395>	<http://www.w3.org/2002/07/owl#Class>
<http://purl.obolibrary.org/obo/OAE_0000396>	<http://www.w3.org/2002/07/owl#Class>
<http://purl.obolibrary.org/obo/OAE_0000397>	<http://www.w3.org/2002/07/owl#Class>
<http://purl.obolibrary.org/obo/OAE_0000398>	<http://www.w3.org/2002/07/owl#Class>
<http://purl.obolibrary.org/obo/OAE_0000399>	<http://www.w3.org/2002/07/owl#Class>
<http://purl.obolibrary.org/obo/OAE_0000400>	<http://www.w3.org/2002/07/owl#Class>
<http://purl.obolibrary.org/obo/OAE_0000401>	<http://www.w3.org/2002/07/owl#Class>
<http://purl.obolibrary.org/obo/OAE_0000402>	<http://www.w3.org/2002/07/owl#Class>
<http://purl.obolibrary.org/obo/OAE_0000403>	<http://www.w3.org/2002/07/owl#Class>
<http://purl.obolibrary.org/obo/OAE_0000404>	<http://www.w3.org/2002/07/owl#Class>
<http://purl.obolibrary.org/obo/OAE_0000405>	<http://www.w3.org/2002/07/owl#Class>
<http://purl.obolibrary.org/obo/OAE_0000406>	<http://www.w3.org/2002/07/owl#Class>
<http://purl.obolibrary.org/obo/OAE_0000407>	<http://www.w3.org/2002/07/owl#Class>
<http://purl.obolibrary.org/obo/OAE_0000408>	<http://www.w3.org/2002/07/owl#Class>
<http://purl.obolibrary.org/obo/OAE_0000409>	<http://www.w3.org/2002/07/owl#Class>
<http://purl.obolibrary.org/obo/OAE_0000410>	<http://www.w3.org/2002/07/owl#Class>
<http://purl.obolibrary.org/obo/OAE_0000411>	<http://www.w3.org/2002/07/owl#Class>
<http://purl.obolibrary.org/obo/OAE_0000412>	<http://www.w3.org/2002/07/owl#Class>
<http://purl.obolibrary.org/obo/OAE_0000413>	<http://www.w3.org/2002/07/owl#Class>
<http://purl.obolibrary.org/obo/OAE_0000414>	<http://www.w3.org/2002/07/owl#Class>
<http://purl.obolibrary.org/obo/OAE_0000415>	<http://www.w3.org/2002/07/owl#Class>
<http://purl.obolibrary.org/obo/OAE_0000416>	<http://www.w3.org/2002/07/owl#Class>
<http://purl.obolibrary.org/obo/OAE_0000417>	<http://www.w3.org/2002/07/owl#Class>
<http://purl.obolibrary.org/obo/OAE_0000418>	<http://www.w3.org/2002/07/owl#Class>
<http://purl.obolibrary.org/obo/OAE_0000419>	<http://www.w3.org/2002/07/owl#Class>
<http://purl.obolibrary.org/obo/OAE_0000420>	<http://www.w3.org/2002/07/owl#Class>
<http://purl.obolibrary.org/obo/OAE_0000421>	<http://www.w3.org/2002/07/owl#Class>
<http://purl.obolibrary.org/obo/OAE_0000422>	<http://www.w3.org/2002/07/owl#Class>
<http://purl.obolibrary.org/obo/OAE_0000423>	<http://www.w3.org/2002/07/owl#Class>
<http://purl.obolibrary.org/obo/OAE_0000424>	<http://www.w3.org/2002/07/owl#Class>
<http://purl.obolibrary.org/obo/OAE_0000425>	<http://www.w3.org/2002/07/owl#Class>
<http://purl.obolibrary.org/obo/OAE_0000426>	<http://www.w3.org/2002/07/owl#Class>
<http://purl.obolibrary.org/obo/OAE_0000427>	<http://www.w3.org/2002/07/owl#Class>
<http://purl.obolibrary.org/obo/OAE_0000428>	<http://www.w3.org/2002/07/owl#Class>
<http://purl.obolibrary.org/obo/OAE_0000429>	<http://www.w3.org/2002/07/owl#Class>
<http://purl.obolibrary.org/obo/OAE_0000430>	<http://www.w3.org/2002/07/owl#Class>
<http://purl.obolibrary.org/obo/OAE_0000431>	<http://www.w3.org/2002/07/owl#Class>
<http://purl.obolibrary.org/obo/OAE_0000432>	<http://www.w3.org/2002/07/owl#Class>
<http://purl.obolibrary.org/obo/OAE_0000433>	<http://www.w3.org/2002/07/owl#Class>
<http://purl.obolibrary.org/obo/OAE_0000434>	<http://www.w3.org/2002/07/owl#Class>
<http://purl.obolibrary.org/obo/OAE_0000435>	<http://www.w3.org/2002/07/owl#Class>
<http://purl.obolibrary.org/obo/OAE_0000436>	<http://www.w3.org/2002/07/owl#Class>
<http://purl.obolibrary.org/obo/OAE_0000437>	<http://www.w3.org/2002/07/owl#Class>
<http://purl.obolibrary.org/obo/OAE_0000438>	<http://www.w3.org/2002/07/owl#Class>
<http://purl.obolibrary.org/obo/OAE_0000439>	<http://www.w3.org/2002/07/owl#Class>
<http://purl.obolibrary.org/obo/OAE_0000440>	<http://www.w3.org/2002/07/owl#Class>
<http://purl.obolibrary.org/obo/OAE_0000441>	<http://www.w3.org/2002/07/owl#Class>
<http://purl.obolibrary.org/obo/OAE_0000442>	<http://www.w3.org/2002/07/owl#Class>
<http://purl.obolibrary.org/obo/OAE_0000443>	<http://www.w3.org/2002/07/owl#Class>
<http://purl.obolibrary.org/obo/OAE_0000444>	<http://www.w3.org/2002/07/owl#Class>
<http://purl.obolibrary.org/obo/OAE_0000445>	<http://www.w3.org/2002/07/owl#Class>
<http://purl.obolibrary.org/obo/OAE_0000446>	<http://www.w3.org/2002/07/owl#Class>
<http://purl.obolibrary.org/obo/OAE_0000447>	<http://www.w3.org/2002/07/owl#Class>
<http://purl.obolibrary.org/obo/OAE_0000448>	<http://www.w3.org/2002/07/owl#Class>
<http://purl.obolibrary.org/obo/OAE_0000449>	<http://www.w3.org/2002/07/owl#Class>
<http://purl.obolibrary.org/obo/OAE_0000450>	<http://www.w3.org/2002/07/owl#Class>
<http://purl.obolibrary.org/obo/OAE_0000451>	<http://www.w3.org/2002/07/owl#Class>
<http://purl.obolibrary.org/obo/OAE_0000452>	<http://www.w3.org/2002/07/owl#Class>
<http://purl.obolibrary.org/obo/OAE_0000453>	<http://www.w3.org/2002/07/owl#Class>
<http://purl.obolibrary.org/obo/OAE_0000454>	<http://www.w3.org/2002/07/owl#Class>
<http://purl.obolibrary.org/obo/OAE_0000455>	<http://www.w3.org/2002/07/owl#Class>
<http://purl.obolibrary.org/obo/OAE_0000456>	<http://www.w3.org/2002/07/owl#Class>
<http://purl.obolibrary.org/obo/OAE_0000457>	<http://www.w3.org/2002/07/owl#Class>
<http://purl.obolibrary.org/obo/OAE_0000458>	<http://www.w3.org/2002/07/owl#Class>
<http://purl.obolibrary.org/obo/OAE_0000459>	<http://www.w3.org/2002/07/owl#Class>
<http://purl.obolibrary.org/obo/OAE_0000460>	<http://www.w3.org/2002/07/owl#Class>
<http://purl.obolibrary.org/obo/OAE_0000461>	<http://www.w3.org/2002/07/owl#Class>
<http://purl.obolibrary.org/obo/OAE_0000462>	<http://www.w3.org/2002/07/owl#Class>
<http://purl.obolibrary.org/obo/OAE_0000463>	<http://www.w3.org/2002/07/owl#Class>
<http://purl.obolibrary.org/obo/OAE_0000464>	<http://www.w3.org/2002/07/owl#Class>
<http://purl.obolibrary.org/obo/OAE_0000465>	<http://www.w3.org/2002/07/owl#Class>
<http://purl.obolibrary.org/obo/OAE_0000466>	<http://www.w3.org/2002/07/owl#Class>
<http://purl.obolibrary.org/obo/OAE_0000467>	<http://www.w3.org/2002/07/owl#Class>
<http://purl.obolibrary.org/obo/OAE_0000468>	<http://www.w3.org/2002/07/owl#Class>
<http://purl.obolibrary.org/obo/OAE_0000469>	<http://www.w3.org/2002/07/owl#Class>
<http://purl.obolibrary.org/obo/OAE_0000470>	<http://www.w3.org/2002/07/owl#Class>
<http://purl.obolibrary.org/obo/OAE_0000471>	<http://www.w3.org/2002/07/owl#Class>
<http://purl.obolibrary.org/obo/OAE_0000472>	<http://www.w3.org/2002/07/owl#Class>
<http://purl.obolibrary.org/obo/OAE_0000473>	<http://www.w3.org/2002/07/owl#Class>
<http://purl.obolibrary.org/obo/OAE_0000474>	<http://www.w3.org/2002/07/owl#Class>
<http://purl.obolibrary.org/obo/OAE_0000475>	<http://www.w3.org/2002/07/owl#Class>
<http://purl.obolibrary.org/obo/OAE_0000476>	<http://www.w3.org/2002/07/owl#Class>
<http://purl.obolibrary.org/obo/OAE_0000477>	<http://www.w3.org/2002/07/owl#Class>
<http://purl.obolibrary.org/obo/OAE_0000478>	<http://www.w3.org/2002/07/owl#Class>
<http://purl.obolibrary.org/obo/OAE_0000479>	<http://www.w3.org/2002/07/owl#Class>
<http://purl.obolibrary.org/obo/OAE_0000480>	<http://www.w3.org/2002/07/owl#Class>
<http://purl.obolibrary.org/obo/OAE_0000481>	<http://www.w3.org/2002/07/owl#Class>
<http://purl.obolibrary.org/obo/OAE_0000482>	<http://www.w3.org/2002/07/owl#Class>
<http://purl.obolibrary.org/obo/OAE_0000483>	<http://www.w3.org/2002/07/owl#Class>
<http://purl.obolibrary.org/obo/OAE_0000484>	<http://www.w3.org/2002/07/owl#Class>
<http://purl.obolibrary.org/obo/OAE_0000485>	<http://www.w3.org/2002/07/owl#Class>
<http://purl.obolibrary.org/obo/OAE_0000486>	<http://www.w3.org/2002/07/owl#Class>
<http://purl.obolibrary.org/obo/OAE_0000487>	<http://www.w3.org/2002/07/owl#Class>
<http://purl.obolibrary.org/obo/OAE_0000488>	<http://www.w3.org/2002/07/owl#Class>
<http://purl.obolibrary.org/obo/OAE_0000489>	<http://www.w3.org/2002/07/owl#Class>
<http://purl.obolibrary.org/obo/OAE_0000490>	<http://www.w3.org/2002/07/owl#Class>
<http://purl.obolibrary.org/obo/OAE_0000491>	<http://www.w3.org/2002/07/owl#Class>
<http://purl.obolibrary.org/obo/OAE_0000492>	<http://www.w3.org/2002/07/owl#Class>
<http://purl.obolibrary.org/obo/OAE_0000493>	<http://www.w3.org/2002/07/owl#Class>
<http://purl.obolibrary.org/obo/OAE_0000494>	<http://www.w3.org/2002/07/owl#Class>
<http://purl.obolibrary.org/obo/OAE_0000495>	<http://www.w3.org/2002/07/owl#Class>
<http://purl.obolibrary.org/obo/OAE_0000496>	<http://www.w3.org/2002/07/owl#Class>
<http://purl.obolibrary.org/obo/OAE_0000497>	<http://www.w3.org/2002/07/owl#Class>
<http://purl.obolibrary.org/obo/OAE_0000498>	<http://www.w3.org/2002/07/owl#Class>
<http://purl.obolibrary.org/obo/OAE_0000499>	<http://www.w3.org/2002/07/owl#Class>
<http://purl.obolibrary.org/obo/OAE_0000500>	<http://www.w3.org/2002/07/owl#Class>
<http://purl.obolibrary.org/obo/OAE_0000501>	<http://www.w3.org/2002/07/owl#Class>
<http://purl.obolibrary.org/obo/OAE_0000502>	<http://www.w3.org/2002/07/owl#Class>
<http://purl.obolibrary.org/obo/OAE_0000503>	<http://www.w3.org/2002/07/owl#Class>
<http://purl.obolibrary.org/obo/OAE_0000504>	<http://www.w3.org/2002/07/owl#Class>
<http://purl.obolibrary.org/obo/OAE_0000505>	<http://www.w3.org/2002/07/owl#Class>
<http://purl.obolibrary.org/obo/OAE_0000506>	<http://www.w3.org/2002/07/owl#Class>
<http://purl.obolibrary.org/obo/OAE_0000507>	<http://www.w3.org/2002/07/owl#Class>
<http://purl.obolibrary.org/obo/OAE_0000508>	<http://www.w3.org/2002/07/owl#Class>
<http://purl.obolibrary.org/obo/OAE_0000509>	<http://www.w3.org/2002/07/owl#Class>
<http://purl.obolibrary.org/obo/OAE_0000510>	<http://www.w3.org/2002/07/owl#Class>
<http://purl.obolibrary.org/obo/OAE_0000511>	<http://www.w3.org/2002/07/owl#Class>
<http://purl.obolibrary.org/obo/OAE_0000512>	<http://www.w3.org/2002/07/owl#Class>
<http://purl.obolibrary.org/obo/OAE_0000513>	<http://www.w3.org/2002/07/owl#Class>
<http://purl.obolibrary.org/obo/OAE_0000514>	<http://www.w3.org/2002/07/owl#Class>
<http://purl.obolibrary.org/obo/OAE_0000515>	<http://www.w3.org/2002/07/owl#Class>
<http://purl.obolibrary.org/obo/OAE_0000516>	<http://www.w3.org/2002/07/owl#Class>
<http://purl.obolibrary.org/obo/OAE_0000517>	<http://www.w3.org/2002/07/owl#Class>
<http://purl.obolibrary.org/obo/OAE_0000518>	<http://www.w3.org/2002/07/owl#Class>
<http://purl.obolibrary.org/obo/OAE_0000519>	<http://www.w3.org/2002/07/owl#Class>
<http://purl.obolibrary.org/obo/OAE_0000520>	<http://www.w3.org/2002/07/owl#Class>
<http://purl.obolibrary.org/obo/OAE_0000521>	<http://www.w3.org/2002/07/owl#Class>
<http://purl.obolibrary.org/obo/OAE_0000522>	<http://www.w3.org/2002/07/owl#Class>
<http://purl.obolibrary.org/obo/OAE_0000523>	<http://www.w3.org/2002/07/owl#Class>
<http://purl.obolibrary.org/obo/OAE_0000524>	<http://www.w3.org/2002/07/owl#Class>
<http://purl.obolibrary.org/obo/OAE_0000525>	<http://www.w3.org/2002/07/owl#Class>
<http://purl.obolibrary.org/obo/OAE_0000526>	<http://www.w3.org/2002/07/owl#Class>
<http://purl.obolibrary.org/obo/OAE_0000527>	<http://www.w3.org/2002/07/owl#Class>
<http://purl.obolibrary.org/obo/OAE_0000528>	<http://www.w3.org/2002/07/owl#Class>
<http://purl.obolibrary.org/obo/OAE_0000529>	<http://www.w3.org/2002/07/owl#Class>
<http://purl.obolibrary.org/obo/OAE_0000530>	<http://www.w3.org/2002/07/owl#Class>
<http://purl.obolibrary.org/obo/OAE_0000531>	<http://www.w3.org/2002/07/owl#Class>
<http://purl.obolibrary.org/obo/OAE_0000532>	<http://www.w3.org/2002/07/owl#Class>
<http://purl.obolibrary.org/obo/OAE_0000533>	<http://www.w3.org/2002/07/owl#Class>
<http://purl.obolibrary.org/obo/OAE_0000534>	<http://www.w3.org/2002/07/owl#Class>
<http://purl.obolibrary.org/obo/OAE_0000535>	<http://www.w3.org/2002/07/owl#Class>
<http://purl.obolibrary.org/obo/OAE_0000536>	<http://www.w3.org/2002/07/owl#Class>
<http://purl.obolibrary.org/obo/OAE_0000537>	<http://www.w3.org/2002/07/owl#Class>
<http://purl.obolibrary.org/obo/OAE_0000538>	<http://www.w3.org/2002/07/owl#Class>
<http://purl.obolibrary.org/obo/OAE_0000539>	<http://www.w3.org/2002/07/owl#Class>
<http://purl.obolibrary.org/obo/OAE_0000540>	<http://www.w3.org/2002/07/owl#Class>
<http://purl.obolibrary.org/obo/OAE_0000541>	<http://www.w3.org/2002/07/owl#Class>
<http://purl.obolibrary.org/obo/OAE_0000542>	<http://www.w3.org/2002/07/owl#Class>
<http://purl.obolibrary.org/obo/OAE_0000543>	<http://www.w3.org/2002/07/owl#Class>
<http://purl.obolibrary.org/obo/OAE_0000544>	<http://www.w3.org/2002/07/owl#Class>
<http://purl.obolibrary.org/obo/OAE_0000545>	<http://www.w3.org/2002/07/owl#Class>
<http://purl.obolibrary.org/obo/OAE_0000546>	<http://www.w3.org/2002/07/owl#Class>
<http://purl.obolibrary.org/obo/OAE_0000547>	<http://www.w3.org/2002/07/owl#Class>
<http://purl.obolibrary.org/obo/OAE_0000548>	<http://www.w3.org/2002/07/owl#Class>
<http://purl.obolibrary.org/obo/OAE_0000549>	<http://www.w3.org/2002/07/owl#Class>
<http://purl.obolibrary.org/obo/OAE_0000550>	<http://www.w3.org/2002/07/owl#Class>
<http://purl.obolibrary.org/obo/OAE_0000551>	<http://www.w3.org/2002/07/owl#Class>
<http://purl.obolibrary.org/obo/OAE_0000552>	<http://www.w3.org/2002/07/owl#Class>
<http://purl.obolibrary.org/obo/OAE_0000554>	<http://www.w3.org/2002/07/owl#Class>
<http://purl.obolibrary.org/obo/OAE_0000555>	<http://www.w3.org/2002/07/owl#Class>
<http://purl.obolibrary.org/obo/OAE_0000556>	<http://www.w3.org/2002/07/owl#Class>
<http://purl.obolibrary.org/obo/OAE_0000557>	<http://www.w3.org/2002/07/owl#Class>
<http://purl.obolibrary.org/obo/OAE_0000558>	<http://www.w3.org/2002/07/owl#Class>
<http://purl.obolibrary.org/obo/OAE_0000559>	<http://www.w3.org/2002/07/owl#Class>
<http://purl.obolibrary.org/obo/OAE_0000560>	<http://www.w3.org/2002/07/owl#Class>
<http://purl.obolibrary.org/obo/OAE_0000561>	<http://www.w3.org/2002/07/owl#Class>
<http://purl.obolibrary.org/obo/OAE_0000562>	<http://www.w3.org/2002/07/owl#Class>
<http://purl.obolibrary.org/obo/OAE_0000563>	<http://www.w3.org/2002/07/owl#Class>
<http://purl.obolibrary.org/obo/OAE_0000564>	<http://www.w3.org/2002/07/owl#Class>
<http://purl.obolibrary.org/obo/OAE_0000565>	<http://www.w3.org/2002/07/owl#Class>
<http://purl.obolibrary.org/obo/OAE_0000566>	<http://www.w3.org/2002/07/owl#Class>
<http://purl.obolibrary.org/obo/OAE_0000567>	<http://www.w3.org/2002/07/owl#Class>
<http://purl.obolibrary.org/obo/OAE_0000568>	<http://www.w3.org/2002/07/owl#Class>
<http://purl.obolibrary.org/obo/OAE_0000569>	<http://www.w3.org/2002/07/owl#Class>
<http://purl.obolibrary.org/obo/OAE_0000570>	<http://www.w3.org/2002/07/owl#Class>
<http://purl.obolibrary.org/obo/OAE_0000571>	<http://www.w3.org/2002/07/owl#Class>
<http://purl.obolibrary.org/obo/OAE_0000572>	<http://www.w3.org/2002/07/owl#Class>
<http://purl.obolibrary.org/obo/OAE_0000573>	<http://www.w3.org/2002/07/owl#Class>
<http://purl.obolibrary.org/obo/OAE_0000574>	<http://www.w3.org/2002/07/owl#Class>
<http://purl.obolibrary.org/obo/OAE_0000575>	<http://www.w3.org/2002/07/owl#Class>
<http://purl.obolibrary.org/obo/OAE_0000576>	<http://www.w3.org/2002/07/owl#Class>
<http://purl.obolibrary.org/obo/OAE_0000577>	<http://www.w3.org/2002/07/owl#Class>
<http://purl.obolibrary.org/obo/OAE_0000578>	<http://www.w3.org/2002/07/owl#Class>
<http://purl.obolibrary.org/obo/OAE_0000579>	<http://www.w3.org/2002/07/owl#Class>
<http://purl.obolibrary.org/obo/OAE_0000580>	<http://www.w3.org/2002/07/owl#Class>
<http://purl.obolibrary.org/obo/OAE_0000581>	<http://www.w3.org/2002/07/owl#Class>
<http://purl.obolibrary.org/obo/OAE_0000582>	<http://www.w3.org/2002/07/owl#Class>
<http://purl.obolibrary.org/obo/OAE_0000583>	<http://www.w3.org/2002/07/owl#Class>
<http://purl.obolibrary.org/obo/OAE_0000584>	<http://www.w3.org/2002/07/owl#Class>
<http://purl.obolibrary.org/obo/OAE_0000585>	<http://www.w3.org/2002/07/owl#Class>
<http://purl.obolibrary.org/obo/OAE_0000586>	<http://www.w3.org/2002/07/owl#Class>
<http://purl.obolibrary.org/obo/OAE_0000587>	<http://www.w3.org/2002/07/owl#Class>
<http://purl.obolibrary.org/obo/OAE_0000588>	<http://www.w3.org/2002/07/owl#Class>
<http://purl.obolibrary.org/obo/OAE_0000589>	<http://www.w3.org/2002/07/owl#Class>
<http://purl.obolibrary.org/obo/OAE_0000590>	<http://www.w3.org/2002/07/owl#Class>
<http://purl.obolibrary.org/obo/OAE_0000591>	<http://www.w3.org/2002/07/owl#Class>
<http://purl.obolibrary.org/obo/OAE_0000592>	<http://www.w3.org/2002/07/owl#Class>
<http://purl.obolibrary.org/obo/OAE_0000593>	<http://www.w3.org/2002/07/owl#Class>
<http://purl.obolibrary.org/obo/OAE_0000594>	<http://www.w3.org/2002/07/owl#Class>
<http://purl.obolibrary.org/obo/OAE_0000595>	<http://www.w3.org/2002/07/owl#Class>
<http://purl.obolibrary.org/obo/OAE_0000596>	<http://www.w3.org/2002/07/owl#Class>
<http://purl.obolibrary.org/obo/OAE_0000597>	<http://www.w3.org/2002/07/owl#Class>
<http://purl.obolibrary.org/obo/OAE_0000598>	<http://www.w3.org/2002/07/owl#Class>
<http://purl.obolibrary.org/obo/OAE_0000599>	<http://www.w3.org/2002/07/owl#Class>
<http://purl.obolibrary.org/obo/OAE_0000600>	<http://www.w3.org/2002/07/owl#Class>
<http://purl.obolibrary.org/obo/OAE_0000601>	<http://www.w3.org/2002/07/owl#Class>
<http://purl.obolibrary.org/obo/OAE_0000602>	<http://www.w3.org/2002/07/owl#Class>
<http://purl.obolibrary.org/obo/OAE_0000603>	<http://www.w3.org/2002/07/owl#Class>
<http://purl.obolibrary.org/obo/OAE_0000604>	<http://www.w3.org/2002/07/owl#Class>
<http://purl.obolibrary.org/obo/OAE_0000605>	<http://www.w3.org/2002/07/owl#Class>
<http://purl.obolibrary.org/obo/OAE_0000606>	<http://www.w3.org/2002/07/owl#Class>
<http://purl.obolibrary.org/obo/OAE_0000607>	<http://www.w3.org/2002/07/owl#Class>
<http://purl.obolibrary.org/obo/OAE_0000608>	<http://www.w3.org/2002/07/owl#Class>
<http://purl.obolibrary.org/obo/OAE_0000609>	<http://www.w3.org/2002/07/owl#Class>
<http://purl.obolibrary.org/obo/OAE_0000610>	<http://www.w3.org/2002/07/owl#Class>
<http://purl.obolibrary.org/obo/OAE_0000611>	<http://www.w3.org/2002/07/owl#Class>
<http://purl.obolibrary.org/obo/OAE_0000612>	<http://www.w3.org/2002/07/owl#Class>
<http://purl.obolibrary.org/obo/OAE_0000613>	<http://www.w3.org/2002/07/owl#Class>
<http://purl.obolibrary.org/obo/OAE_0000614>	<http://www.w3.org/2002/07/owl#Class>
<http://purl.obolibrary.org/obo/OAE_0000615>	<http://www.w3.org/2002/07/owl#Class>
<http://purl.obolibrary.org/obo/OAE_0000616>	<http://www.w3.org/2002/07/owl#Class>
<http://purl.obolibrary.org/obo/OAE_0000617>	<http://www.w3.org/2002/07/owl#Class>
<http://purl.obolibrary.org/obo/OAE_0000618>	<http://www.w3.org/2002/07/owl#Class>
<http://purl.obolibrary.org/obo/OAE_0000619>	<http://www.w3.org/2002/07/owl#Class>
<http://purl.obolibrary.org/obo/OAE_0000620>	<http://www.w3.org/2002/07/owl#Class>
<http://purl.obolibrary.org/obo/OAE_0000621>	<http://www.w3.org/2002/07/owl#Class>
<http://purl.obolibrary.org/obo/OAE_0000622>	<http://www.w3.org/2002/07/owl#Class>
<http://purl.obolibrary.org/obo/OAE_0000623>	<http://www.w3.org/2002/07/owl#Class>
<http://purl.obolibrary.org/obo/OAE_0000624>	<http://www.w3.org/2002/07/owl#Class>
<http://purl.obolibrary.org/obo/OAE_0000625>	<http://www.w3.org/2002/07/owl#Class>
<http://purl.obolibrary.org/obo/OAE_0000626>	<http://www.w3.org/2002/07/owl#Class>
<http://purl.obolibrary.org/obo/OAE_0000627>	<http://www.w3.org/2002/07/owl#Class>
<http://purl.obolibrary.org/obo/OAE_0000628>	<http://www.w3.org/2002/07/owl#Class>
<http://purl.obolibrary.org/obo/OAE_0000629>	<http://www.w3.org/2002/07/owl#Class>
<http://purl.obolibrary.org/obo/OAE_0000630>	<http://www.w3.org/2002/07/owl#Class>
<http://purl.obolibrary.org/obo/OAE_0000631>	<http://www.w3.org/2002/07/owl#Class>
<http://purl.obolibrary.org/obo/OAE_0000632>	<http://www.w3.org/2002/07/owl#Class>
<http://purl.obolibrary.org/obo/OAE_0000633>	<http://www.w3.org/2002/07/owl#Class>
<http://purl.obolibrary.org/obo/OAE_0000634>	<http://www.w3.org/2002/07/owl#Class>
<http://purl.obolibrary.org/obo/OAE_0000635>	<http://www.w3.org/2002/07/owl#Class>
<http://purl.obolibrary.org/obo/OAE_0000636>	<http://www.w3.org/2002/07/owl#Class>
<http://purl.obolibrary.org/obo/OAE_0000637>	<http://www.w3.org/2002/07/owl#Class>
<http://purl.obolibrary.org/obo/OAE_0000638>	<http://www.w3.org/2002/07/owl#Class>
<http://purl.obolibrary.org/obo/OAE_0000639>	<http://www.w3.org/2002/07/owl#Class>
<http://purl.obolibrary.org/obo/OAE_0000640>	<http://www.w3.org/2002/07/owl#Class>
<http://purl.obolibrary.org/obo/OAE_0000641>	<http://www.w3.org/2002/07/owl#Class>
<http://purl.obolibrary.org/obo/OAE_0000642>	<http://www.w3.org/2002/07/owl#Class>
<http://purl.obolibrary.org/obo/OAE_0000643>	<http://www.w3.org/2002/07/owl#Class>
<http://purl.obolibrary.org/obo/OAE_0000644>	<http://www.w3.org/2002/07/owl#Class>
<http://purl.obolibrary.org/obo/OAE_0000645>	<http://www.w3.org/2002/07/owl#Class>
<http://purl.obolibrary.org/obo/OAE_0000646>	<http://www.w3.org/2002/07/owl#Class>
<http://purl.obolibrary.org/obo/OAE_0000647>	<http://www.w3.org/2002/07/owl#Class>
<http://purl.obolibrary.org/obo/OAE_0000648>	<http://www.w3.org/2002/07/owl#Class>
<http://purl.obolibrary.org/obo/OAE_0000649>	<http://www.w3.org/2002/07/owl#Class>
<http://purl.obolibrary.org/obo/OAE_0000650>	<http://www.w3.org/2002/07/owl#Class>
<http://purl.obolibrary.org/obo/OAE_0000651>	<http://www.w3.org/2002/07/owl#Class>
<http://purl.obolibrary.org/obo/OAE_0000652>	<http://www.w3.org/2002/07/owl#Class>
<http://purl.obolibrary.org/obo/OAE_0000653>	<http://www.w3.org/2002/07/owl#Class>
<http://purl.obolibrary.org/obo/OAE_0000654>	<http://www.w3.org/2002/07/owl#Class>
<http://purl.obolibrary.org/obo/OAE_0000655>	<http://www.w3.org/2002/07/owl#Class>
<http://purl.obolibrary.org/obo/OAE_0000656>	<http://www.w3.org/2002/07/owl#Class>
<http://purl.obolibrary.org/obo/OAE_0000658>	<http://www.w3.org/2002/07/owl#Class>
<http://purl.obolibrary.org/obo/OAE_0000659>	<http://www.w3.org/2002/07/owl#Class>
<http://purl.obolibrary.org/obo/OAE_0000660>	<http://www.w3.org/2002/07/owl#Class>
<http://purl.obolibrary.org/obo/OAE_0000661>	<http://www.w3.org/2002/07/owl#Class>
<http://purl.obolibrary.org/obo/OAE_0000662>	<http://www.w3.org/2002/07/owl#Class>
<http://purl.obolibrary.org/obo/OAE_0000663>	<http://www.w3.org/2002/07/owl#Class>
<http://purl.obolibrary.org/obo/OAE_0000665>	<http://www.w3.org/2002/07/owl#Class>
<http://purl.obolibrary.org/obo/OAE_0000666>	<http://www.w3.org/2002/07/owl#Class>
<http://purl.obolibrary.org/obo/OAE_0000667>	<http://www.w3.org/2002/07/owl#Class>
<http://purl.obolibrary.org/obo/OAE_0000668>	<http://www.w3.org/2002/07/owl#Class>
<http://purl.obolibrary.org/obo/OAE_0000669>	<http://www.w3.org/2002/07/owl#Class>
<http://purl.obolibrary.org/obo/OAE_0000670>	<http://www.w3.org/2002/07/owl#Class>
<http://purl.obolibrary.org/obo/OAE_0000671>	<http://www.w3.org/2002/07/owl#Class>
<http://purl.obolibrary.org/obo/OAE_0000672>	<http://www.w3.org/2002/07/owl#Class>
<http://purl.obolibrary.org/obo/OAE_0000674>	<http://www.w3.org/2002/07/owl#Class>
<http://purl.obolibrary.org/obo/OAE_0000675>	<http://www.w3.org/2002/07/owl#Class>
<http://purl.obolibrary.org/obo/OAE_0000676>	<http://www.w3.org/2002/07/owl#Class>
<http://purl.obolibrary.org/obo/OAE_0000677>	<http://www.w3.org/2002/07/owl#Class>
<http://purl.obolibrary.org/obo/OAE_0000678>	<http://www.w3.org/2002/07/owl#Class>
<http://purl.obolibrary.org/obo/OAE_0000679>	<http://www.w3.org/2002/07/owl#Class>
<http://purl.obolibrary.org/obo/OAE_0000680>	<http://www.w3.org/2002/07/owl#Class>
<http://purl.obolibrary.org/obo/OAE_0000681>	<http://www.w3.org/2002/07/owl#Class>
<http://purl.obolibrary.org/obo/OAE_0000682>	<http://www.w3.org/2002/07/owl#Class>
<http://purl.obolibrary.org/obo/OAE_0000684>	<http://www.w3.org/2002/07/owl#Class>
<http://purl.obolibrary.org/obo/OAE_0000685>	<http://www.w3.org/2002/07/owl#Class>
<http://purl.obolibrary.org/obo/OAE_0000686>	<http://www.w3.org/2002/07/owl#Class>
<http://purl.obolibrary.org/obo/OAE_0000687>	<http://www.w3.org/2002/07/owl#Class>
<http://purl.obolibrary.org/obo/OAE_0000688>	<http://www.w3.org/2002/07/owl#Class>
<http://purl.obolibrary.org/obo/OAE_0000689>	<http://www.w3.org/2002/07/owl#Class>
<http://purl.obolibrary.org/obo/OAE_0000690>	<http://www.w3.org/2002/07/owl#Class>
<http://purl.obolibrary.org/obo/OAE_0000691>	<http://www.w3.org/2002/07/owl#Class>
<http://purl.obolibrary.org/obo/OAE_0000693>	<http://www.w3.org/2002/07/owl#Class>
<http://purl.obolibrary.org/obo/OAE_0000694>	<http://www.w3.org/2002/07/owl#Class>
<http://purl.obolibrary.org/obo/OAE_0000695>	<http://www.w3.org/2002/07/owl#Class>
<http://purl.obolibrary.org/obo/OAE_0000696>	<http://www.w3.org/2002/07/owl#Class>
<http://purl.obolibrary.org/obo/OAE_0000697>	<http://www.w3.org/2002/07/owl#Class>
<http://purl.obolibrary.org/obo/OAE_0000698>	<http://www.w3.org/2002/07/owl#Class>
<http://purl.obolibrary.org/obo/OAE_0000699>	<http://www.w3.org/2002/07/owl#Class>
<http://purl.obolibrary.org/obo/OAE_0000700>	<http://www.w3.org/2002/07/owl#Class>
<http://purl.obolibrary.org/obo/OAE_0000701>	<http://www.w3.org/2002/07/owl#Class>
<http://purl.obolibrary.org/obo/OAE_0000702>	<http://www.w3.org/2002/07/owl#Class>
<http://purl.obolibrary.org/obo/OAE_0000703>	<http://www.w3.org/2002/07/owl#Class>
<http://purl.obolibrary.org/obo/OAE_0000704>	<http://www.w3.org/2002/07/owl#Class>
<http://purl.obolibrary.org/obo/OAE_0000705>	<http://www.w3.org/2002/07/owl#Class>
<http://purl.obolibrary.org/obo/OAE_0000706>	<http://www.w3.org/2002/07/owl#Class>
<http://purl.obolibrary.org/obo/OAE_0000707>	<http://www.w3.org/2002/07/owl#Class>
<http://purl.obolibrary.org/obo/OAE_0000708>	<http://www.w3.org/2002/07/owl#Class>
<http://purl.obolibrary.org/obo/OAE_0000709>	<http://www.w3.org/2002/07/owl#Class>
<http://purl.obolibrary.org/obo/OAE_0000710>	<http://www.w3.org/2002/07/owl#Class>
<http://purl.obolibrary.org/obo/OAE_0000711>	<http://www.w3.org/2002/07/owl#Class>
<http://purl.obolibrary.org/obo/OAE_0000712>	<http://www.w3.org/2002/07/owl#Class>
<http://purl.obolibrary.org/obo/OAE_0000713>	<http://www.w3.org/2002/07/owl#Class>
<http://purl.obolibrary.org/obo/OAE_0000714>	<http://www.w3.org/2002/07/owl#Class>
<http://purl.obolibrary.org/obo/OAE_0000715>	<http://www.w3.org/2002/07/owl#Class>
<http://purl.obolibrary.org/obo/OAE_0000716>	<http://www.w3.org/2002/07/owl#Class>
<http://purl.obolibrary.org/obo/OAE_0000717>	<http://www.w3.org/2002/07/owl#Class>
<http://purl.obolibrary.org/obo/OAE_0000718>	<http://www.w3.org/2002/07/owl#Class>
<http://purl.obolibrary.org/obo/OAE_0000719>	<http://www.w3.org/2002/07/owl#Class>
<http://purl.obolibrary.org/obo/OAE_0000720>	<http://www.w3.org/2002/07/owl#Class>
<http://purl.obolibrary.org/obo/OAE_0000721>	<http://www.w3.org/2002/07/owl#Class>
<http://purl.obolibrary.org/obo/OAE_0000722>	<http://www.w3.org/2002/07/owl#Class>
<http://purl.obolibrary.org/obo/OAE_0000723>	<http://www.w3.org/2002/07/owl#Class>
<http://purl.obolibrary.org/obo/OAE_0000724>	<http://www.w3.org/2002/07/owl#Class>
<http://purl.obolibrary.org/obo/OAE_0000725>	<http://www.w3.org/2002/07/owl#Class>
<http://purl.obolibrary.org/obo/OAE_0000726>	<http://www.w3.org/2002/07/owl#Class>
<http://purl.obolibrary.org/obo/OAE_0000727>	<http://www.w3.org/2002/07/owl#Class>
<http://purl.obolibrary.org/obo/OAE_0000728>	<http://www.w3.org/2002/07/owl#Class>
<http://purl.obolibrary.org/obo/OAE_0000729>	<http://www.w3.org/2002/07/owl#Class>
<http://purl.obolibrary.org/obo/OAE_0000730>	<http://www.w3.org/2002/07/owl#Class>
<http://purl.obolibrary.org/obo/OAE_0000731>	<http://www.w3.org/2002/07/owl#Class>
<http://purl.obolibrary.org/obo/OAE_0000732>	<http://www.w3.org/2002/07/owl#Class>
<http://purl.obolibrary.org/obo/OAE_0000733>	<http://www.w3.org/2002/07/owl#Class>
<http://purl.obolibrary.org/obo/OAE_0000734>	<http://www.w3.org/2002/07/owl#Class>
<http://purl.obolibrary.org/obo/OAE_0000735>	<http://www.w3.org/2002/07/owl#Class>
<http://purl.obolibrary.org/obo/OAE_0000736>	<http://www.w3.org/2002/07/owl#Class>
<http://purl.obolibrary.org/obo/OAE_0000737>	<http://www.w3.org/2002/07/owl#Class>
<http://purl.obolibrary.org/obo/OAE_0000738>	<http://www.w3.org/2002/07/owl#Class>
<http://purl.obolibrary.org/obo/OAE_0000739>	<http://www.w3.org/2002/07/owl#Class>
<http://purl.obolibrary.org/obo/OAE_0000740>	<http://www.w3.org/2002/07/owl#Class>
<http://purl.obolibrary.org/obo/OAE_0000741>	<http://www.w3.org/2002/07/owl#Class>
<http://purl.obolibrary.org/obo/OAE_0000742>	<http://www.w3.org/2002/07/owl#Class>
<http://purl.obolibrary.org/obo/OAE_0000743>	<http://www.w3.org/2002/07/owl#Class>
<http://purl.obolibrary.org/obo/OAE_0000744>	<http://www.w3.org/2002/07/owl#Class>
<http://purl.obolibrary.org/obo/OAE_0000745>	<http://www.w3.org/2002/07/owl#Class>
<http://purl.obolibrary.org/obo/OAE_0000746>	<http://www.w3.org/2002/07/owl#Class>
<http://purl.obolibrary.org/obo/OAE_0000747>	<http://www.w3.org/2002/07/owl#Class>
<http://purl.obolibrary.org/obo/OAE_0000748>	<http://www.w3.org/2002/07/owl#Class>
<http://purl.obolibrary.org/obo/OAE_0000749>	<http://www.w3.org/2002/07/owl#Class>
<http://purl.obolibrary.org/obo/OAE_0000750>	<http://www.w3.org/2002/07/owl#Class>
<http://purl.obolibrary.org/obo/OAE_0000751>	<http://www.w3.org/2002/07/owl#Class>
<http://purl.obolibrary.org/obo/OAE_0000752>	<http://www.w3.org/2002/07/owl#Class>
<http://purl.obolibrary.org/obo/OAE_0000753>	<http://www.w3.org/2002/07/owl#Class>
<http://purl.obolibrary.org/obo/OAE_0000754>	<http://www.w3.org/2002/07/owl#Class>
<http://purl.obolibrary.org/obo/OAE_0000755>	<http://www.w3.org/2002/07/owl#Class>
<http://purl.obolibrary.org/obo/OAE_0000756>	<http://www.w3.org/2002/07/owl#Class>
<http://purl.obolibrary.org/obo/OAE_0000757>	<http://www.w3.org/2002/07/owl#Class>
<http://purl.obolibrary.org/obo/OAE_0000758>	<http://www.w3.org/2002/07/owl#Class>
<http://purl.obolibrary.org/obo/OAE_0000759>	<http://www.w3.org/2002/07/owl#Class>
<http://purl.obolibrary.org/obo/OAE_0000760>	<http://www.w3.org/2002/07/owl#Class>
<http://purl.obolibrary.org/obo/OAE_0000761>	<http://www.w3.org/2002/07/owl#Class>
<http://purl.obolibrary.org/obo/OAE_0000762>	<http://www.w3.org/2002/07/owl#Class>
<http://purl.obolibrary.org/obo/OAE_0000763>	<http://www.w3.org/2002/07/owl#Class>
<http://purl.obolibrary.org/obo/OAE_0000764>	<http://www.w3.org/2002/07/owl#Class>
<http://purl.obolibrary.org/obo/OAE_0000765>	<http://www.w3.org/2002/07/owl#Class>
<http://purl.obolibrary.org/obo/OAE_0000766>	<http://www.w3.org/2002/07/owl#Class>
<http://purl.obolibrary.org/obo/OAE_0000767>	<http://www.w3.org/2002/07/owl#Class>
<http://purl.obolibrary.org/obo/OAE_0000768>	<http://www.w3.org/2002/07/owl#Class>
<http://purl.obolibrary.org/obo/OAE_0000769>	<http://www.w3.org/2002/07/owl#Class>
<http://purl.obolibrary.org/obo/OAE_0000770>	<http://www.w3.org/2002/07/owl#Class>
<http://purl.obolibrary.org/obo/OAE_0000771>	<http://www.w3.org/2002/07/owl#Class>
<http://purl.obolibrary.org/obo/OAE_0000772>	<http://www.w3.org/2002/07/owl#Class>
<http://purl.obolibrary.org/obo/OAE_0000773>	<http://www.w3.org/2002/07/owl#Class>
<http://purl.obolibrary.org/obo/OAE_0000774>	<http://www.w3.org/2002/07/owl#Class>
<http://purl.obolibrary.org/obo/OAE_0000775>	<http://www.w3.org/2002/07/owl#Class>
<http://purl.obolibrary.org/obo/OAE_0000776>	<http://www.w3.org/2002/07/owl#Class>
<http://purl.obolibrary.org/obo/OAE_0000777>	<http://www.w3.org/2002/07/owl#Class>
<http://purl.obolibrary.org/obo/OAE_0000779>	<http://www.w3.org/2002/07/owl#Class>
<http://purl.obolibrary.org/obo/OAE_0000780>	<http://www.w3.org/2002/07/owl#Class>
<http://purl.obolibrary.org/obo/OAE_0000782>	<http://www.w3.org/2002/07/owl#Class>
<http://purl.obolibrary.org/obo/OAE_0000783>	<http://www.w3.org/2002/07/owl#Class>
<http://purl.obolibrary.org/obo/OAE_0000784>	<http://www.w3.org/2002/07/owl#Class>
<http://purl.obolibrary.org/obo/OAE_0000785>	<http://www.w3.org/2002/07/owl#Class>
<http://purl.obolibrary.org/obo/OAE_0000786>	<http://www.w3.org/2002/07/owl#Class>
<http://purl.obolibrary.org/obo/OAE_0000787>	<http://www.w3.org/2002/07/owl#Class>
<http://purl.obolibrary.org/obo/OAE_0000788>	<http://www.w3.org/2002/07/owl#Class>
<http://purl.obolibrary.org/obo/OAE_0000789>	<http://www.w3.org/2002/07/owl#Class>
<http://purl.obolibrary.org/obo/OAE_0000790>	<http://www.w3.org/2002/07/owl#Class>
<http://purl.obolibrary.org/obo/OAE_0000791>	<http://www.w3.org/2002/07/owl#Class>
<http://purl.obolibrary.org/obo/OAE_0000792>	<http://www.w3.org/2002/07/owl#Class>
<http://purl.obolibrary.org/obo/OAE_0000793>	<http://www.w3.org/2002/07/owl#Class>
<http://purl.obolibrary.org/obo/OAE_0000794>	<http://www.w3.org/2002/07/owl#Class>
<http://purl.obolibrary.org/obo/OAE_0000795>	<http://www.w3.org/2002/07/owl#Class>
<http://purl.obolibrary.org/obo/OAE_0000796>	<http://www.w3.org/2002/07/owl#Class>
<http://purl.obolibrary.org/obo/OAE_0000797>	<http://www.w3.org/2002/07/owl#Class>
<http://purl.obolibrary.org/obo/OAE_0000798>	<http://www.w3.org/2002/07/owl#Class>
<http://purl.obolibrary.org/obo/OAE_0000799>	<http://www.w3.org/2002/07/owl#Class>
<http://purl.obolibrary.org/obo/OAE_0000800>	<http://www.w3.org/2002/07/owl#Class>
<http://purl.obolibrary.org/obo/OAE_0000801>	<http://www.w3.org/2002/07/owl#Class>
<http://purl.obolibrary.org/obo/OAE_0000802>	<http://www.w3.org/2002/07/owl#Class>
<http://purl.obolibrary.org/obo/OAE_0000803>	<http://www.w3.org/2002/07/owl#Class>
<http://purl.obolibrary.org/obo/OAE_0000804>	<http://www.w3.org/2002/07/owl#Class>
<http://purl.obolibrary.org/obo/OAE_0000805>	<http://www.w3.org/2002/07/owl#Class>
<http://purl.obolibrary.org/obo/OAE_0000806>	<http://www.w3.org/2002/07/owl#Class>
<http://purl.obolibrary.org/obo/OAE_0000807>	<http://www.w3.org/2002/07/owl#Class>
<http://purl.obolibrary.org/obo/OAE_0000808>	<http://www.w3.org/2002/07/owl#Class>
<http://purl.obolibrary.org/obo/OAE_0000809>	<http://www.w3.org/2002/07/owl#Class>
<http://purl.obolibrary.org/obo/OAE_0000810>	<http://www.w3.org/2002/07/owl#Class>
<http://purl.obolibrary.org/obo/OAE_0000811>	<http://www.w3.org/2002/07/owl#Class>
<http://purl.obolibrary.org/obo/OAE_0000812>	<http://www.w3.org/2002/07/owl#Class>
<http://purl.obolibrary.org/obo/OAE_0000813>	<http://www.w3.org/2002/07/owl#Class>
<http://purl.obolibrary.org/obo/OAE_0000814>	<http://www.w3.org/2002/07/owl#Class>
<http://purl.obolibrary.org/obo/OAE_0000815>	<http://www.w3.org/2002/07/owl#Class>
<http://purl.obolibrary.org/obo/OAE_0000816>	<http://www.w3.org/2002/07/owl#Class>
<http://purl.obolibrary.org/obo/OAE_0000817>	<http://www.w3.org/2002/07/owl#Class>
<http://purl.obolibrary.org/obo/OAE_0000818>	<http://www.w3.org/2002/07/owl#Class>
<http://purl.obolibrary.org/obo/OAE_0000819>	<http://www.w3.org/2002/07/owl#Class>
<http://purl.obolibrary.org/obo/OAE_0000820>	<http://www.w3.org/2002/07/owl#Class>
<http://purl.obolibrary.org/obo/OAE_0000821>	<http://www.w3.org/2002/07/owl#Class>
<http://purl.obolibrary.org/obo/OAE_0000822>	<http://www.w3.org/2002/07/owl#Class>
<http://purl.obolibrary.org/obo/OAE_0000823>	<http://www.w3.org/2002/07/owl#Class>
<http://purl.obolibrary.org/obo/OAE_0000824>	<http://www.w3.org/2002/07/owl#Class>
<http://purl.obolibrary.org/obo/OAE_0000825>	<http://www.w3.org/2002/07/owl#Class>
<http://purl.obolibrary.org/obo/OAE_0000826>	<http://www.w3.org/2002/07/owl#Class>
<http://purl.obolibrary.org/obo/OAE_0000827>	<http://www.w3.org/2002/07/owl#Class>
<http://purl.obolibrary.org/obo/OAE_0000828>	<http://www.w3.org/2002/07/owl#Class>
<http://purl.obolibrary.org/obo/OAE_0000829>	<http://www.w3.org/2002/07/owl#Class>
<http://purl.obolibrary.org/obo/OAE_0000830>	<http://www.w3.org/2002/07/owl#Class>
<http://purl.obolibrary.org/obo/OAE_0000831>	<http://www.w3.org/2002/07/owl#Class>
<http://purl.obolibrary.org/obo/OAE_0000832>	<http://www.w3.org/2002/07/owl#Class>
<http://purl.obolibrary.org/obo/OAE_0000833>	<http://www.w3.org/2002/07/owl#Class>
<http://purl.obolibrary.org/obo/OAE_0000834>	<http://www.w3.org/2002/07/owl#Class>
<http://purl.obolibrary.org/obo/OAE_0000835>	<http://www.w3.org/2002/07/owl#Class>
<http://purl.obolibrary.org/obo/OAE_0000836>	<http://www.w3.org/2002/07/owl#Class>
<http://purl.obolibrary.org/obo/OAE_0000837>	<http://www.w3.org/2002/07/owl#Class>
<http://purl.obolibrary.org/obo/OAE_0000838>	<http://www.w3.org/2002/07/owl#Class>
<http://purl.obolibrary.org/obo/OAE_0000839>	<http://www.w3.org/2002/07/owl#Class>
<http://purl.obolibrary.org/obo/OAE_0000840>	<http://www.w3.org/2002/07/owl#Class>
<http://purl.obolibrary.org/obo/OAE_0000841>	<http://www.w3.org/2002/07/owl#Class>
<http://purl.obolibrary.org/obo/OAE_0000842>	<http://www.w3.org/2002/07/owl#Class>
<http://purl.obolibrary.org/obo/OAE_0000844>	<http://www.w3.org/2002/07/owl#Class>
<http://purl.obolibrary.org/obo/OAE_0000845>	<http://www.w3.org/2002/07/owl#Class>
<http://purl.obolibrary.org/obo/OAE_0000846>	<http://www.w3.org/2002/07/owl#Class>
<http://purl.obolibrary.org/obo/OAE_0000847>	<http://www.w3.org/2002/07/owl#Class>
<http://purl.obolibrary.org/obo/OAE_0000848>	<http://www.w3.org/2002/07/owl#Class>
<http://purl.obolibrary.org/obo/OAE_0000849>	<http://www.w3.org/2002/07/owl#Class>
<http://purl.obolibrary.org/obo/OAE_0000850>	<http://www.w3.org/2002/07/owl#Class>
<http://purl.obolibrary.org/obo/OAE_0000851>	<http://www.w3.org/2002/07/owl#Class>
<http://purl.obolibrary.org/obo/OAE_0000852>	<http://www.w3.org/2002/07/owl#Class>
<http://purl.obolibrary.org/obo/OAE_0000853>	<http://www.w3.org/2002/07/owl#Class>
<http://purl.obolibrary.org/obo/OAE_0000854>	<http://www.w3.org/2002/07/owl#Class>
<http://purl.obolibrary.org/obo/OAE_0000855>	<http://www.w3.org/2002/07/owl#Class>
<http://purl.obolibrary.org/obo/OAE_0000856>	<http://www.w3.org/2002/07/owl#Class>
<http://purl.obolibrary.org/obo/OAE_0000857>	<http://www.w3.org/2002/07/owl#Class>
<http://purl.obolibrary.org/obo/OAE_0000858>	<http://www.w3.org/2002/07/owl#Class>
<http://purl.obolibrary.org/obo/OAE_0000860>	<http://www.w3.org/2002/07/owl#Class>
<http://purl.obolibrary.org/obo/OAE_0000861>	<http://www.w3.org/2002/07/owl#Class>
<http://purl.obolibrary.org/obo/OAE_0000862>	<http://www.w3.org/2002/07/owl#Class>
<http://purl.obolibrary.org/obo/OAE_0000863>	<http://www.w3.org/2002/07/owl#Class>
<http://purl.obolibrary.org/obo/OAE_0000864>	<http://www.w3.org/2002/07/owl#Class>
<http://purl.obolibrary.org/obo/OAE_0000865>	<http://www.w3.org/2002/07/owl#Class>
<http://purl.obolibrary.org/obo/OAE_0000866>	<http://www.w3.org/2002/07/owl#Class>
<http://purl.obolibrary.org/obo/OAE_0000867>	<http://www.w3.org/2002/07/owl#Class>
<http://purl.obolibrary.org/obo/OAE_0000868>	<http://www.w3.org/2002/07/owl#Class>
<http://purl.obolibrary.org/obo/OAE_0000869>	<http://www.w3.org/2002/07/owl#Class>
<http://purl.obolibrary.org/obo/OAE_0000870>	<http://www.w3.org/2002/07/owl#Class>
<http://purl.obolibrary.org/obo/OAE_0000871>	<http://www.w3.org/2002/07/owl#Class>
<http://purl.obolibrary.org/obo/OAE_0000872>	<http://www.w3.org/2002/07/owl#Class>
<http://purl.obolibrary.org/obo/OAE_0000873>	<http://www.w3.org/2002/07/owl#Class>
<http://purl.obolibrary.org/obo/OAE_0000874>	<http://www.w3.org/2002/07/owl#Class>
<http://purl.obolibrary.org/obo/OAE_0000875>	<http://www.w3.org/2002/07/owl#Class>
<http://purl.obolibrary.org/obo/OAE_0000876>	<http://www.w3.org/2002/07/owl#Class>
<http://purl.obolibrary.org/obo/OAE_0000877>	<http://www.w3.org/2002/07/owl#Class>
<http://purl.obolibrary.org/obo/OAE_0000878>	<http://www.w3.org/2002/07/owl#Class>
<http://purl.obolibrary.org/obo/OAE_0000879>	<http://www.w3.org/2002/07/owl#Class>
<http://purl.obolibrary.org/obo/OAE_0000880>	<http://www.w3.org/2002/07/owl#Class>
<http://purl.obolibrary.org/obo/OAE_0000881>	<http://www.w3.org/2002/07/owl#Class>
<http://purl.obolibrary.org/obo/OAE_0000882>	<http://www.w3.org/2002/07/owl#Class>
<http://purl.obolibrary.org/obo/OAE_0000883>	<http://www.w3.org/2002/07/owl#Class>
<http://purl.obolibrary.org/obo/OAE_0000884>	<http://www.w3.org/2002/07/owl#Class>
<http://purl.obolibrary.org/obo/OAE_0000885>	<http://www.w3.org/2002/07/owl#Class>
<http://purl.obolibrary.org/obo/OAE_0000886>	<http://www.w3.org/2002/07/owl#Class>
<http://purl.obolibrary.org/obo/OAE_0000887>	<http://www.w3.org/2002/07/owl#Class>
<http://purl.obolibrary.org/obo/OAE_0000888>	<http://www.w3.org/2002/07/owl#Class>
<http://purl.obolibrary.org/obo/OAE_0000889>	<http://www.w3.org/2002/07/owl#Class>
<http://purl.obolibrary.org/obo/OAE_0000890>	<http://www.w3.org/2002/07/owl#Class>
<http://purl.obolibrary.org/obo/OAE_0000891>	<http://www.w3.org/2002/07/owl#Class>
<http://purl.obolibrary.org/obo/OAE_0000892>	<http://www.w3.org/2002/07/owl#Class>
<http://purl.obolibrary.org/obo/OAE_0000893>	<http://www.w3.org/2002/07/owl#Class>
<http://purl.obolibrary.org/obo/OAE_0000894>	<http://www.w3.org/2002/07/owl#Class>
<http://purl.obolibrary.org/obo/OAE_0000895>	<http://www.w3.org/2002/07/owl#Class>
<http://purl.obolibrary.org/obo/OAE_0000896>	<http://www.w3.org/2002/07/owl#Class>
<http://purl.obolibrary.org/obo/OAE_0000897>	<http://www.w3.org/2002/07/owl#Class>
<http://purl.obolibrary.org/obo/OAE_0000898>	<http://www.w3.org/2002/07/owl#Class>
<http://purl.obolibrary.org/obo/OAE_0000899>	<http://www.w3.org/2002/07/owl#Class>
<http://purl.obolibrary.org/obo/OAE_0000900>	<http://www.w3.org/2002/07/owl#Class>
<http://purl.obolibrary.org/obo/OAE_0000901>	<http://www.w3.org/2002/07/owl#Class>
<http://purl.obolibrary.org/obo/OAE_0000902>	<http://www.w3.org/2002/07/owl#Class>
<http://purl.obolibrary.org/obo/OAE_0000903>	<http://www.w3.org/2002/07/owl#Class>
<http://purl.obolibrary.org/obo/OAE_0000904>	<http://www.w3.org/2002/07/owl#Class>
<http://purl.obolibrary.org/obo/OAE_0000905>	<http://www.w3.org/2002/07/owl#Class>
<http://purl.obolibrary.org/obo/OAE_0000906>	<http://www.w3.org/2002/07/owl#Class>
<http://purl.obolibrary.org/obo/OAE_0000907>	<http://www.w3.org/2002/07/owl#Class>
<http://purl.obolibrary.org/obo/OAE_0000908>	<http://www.w3.org/2002/07/owl#Class>
<http://purl.obolibrary.org/obo/OAE_0000909>	<http://www.w3.org/2002/07/owl#Class>
<http://purl.obolibrary.org/obo/OAE_0000910>	<http://www.w3.org/2002/07/owl#Class>
<http://purl.obolibrary.org/obo/OAE_0000911>	<http://www.w3.org/2002/07/owl#Class>
<http://purl.obolibrary.org/obo/OAE_0000912>	<http://www.w3.org/2002/07/owl#Class>
<http://purl.obolibrary.org/obo/OAE_0000913>	<http://www.w3.org/2002/07/owl#Class>
<http://purl.obolibrary.org/obo/OAE_0000914>	<http://www.w3.org/2002/07/owl#Class>
<http://purl.obolibrary.org/obo/OAE_0000915>	<http://www.w3.org/2002/07/owl#Class>
<http://purl.obolibrary.org/obo/OAE_0000916>	<http://www.w3.org/2002/07/owl#Class>
<http://purl.obolibrary.org/obo/OAE_0000917>	<http://www.w3.org/2002/07/owl#Class>
<http://purl.obolibrary.org/obo/OAE_0000918>	<http://www.w3.org/2002/07/owl#Class>
<http://purl.obolibrary.org/obo/OAE_0000919>	<http://www.w3.org/2002/07/owl#Class>
<http://purl.obolibrary.org/obo/OAE_0000920>	<http://www.w3.org/2002/07/owl#Class>
<http://purl.obolibrary.org/obo/OAE_0000921>	<http://www.w3.org/2002/07/owl#Class>
<http://purl.obolibrary.org/obo/OAE_0000922>	<http://www.w3.org/2002/07/owl#Class>
<http://purl.obolibrary.org/obo/OAE_0000923>	<http://www.w3.org/2002/07/owl#Class>
<http://purl.obolibrary.org/obo/OAE_0000924>	<http://www.w3.org/2002/07/owl#Class>
<http://purl.obolibrary.org/obo/OAE_0000925>	<http://www.w3.org/2002/07/owl#Class>
<http://purl.obolibrary.org/obo/OAE_0000926>	<http://www.w3.org/2002/07/owl#Class>
<http://purl.obolibrary.org/obo/OAE_0000927>	<http://www.w3.org/2002/07/owl#Class>
<http://purl.obolibrary.org/obo/OAE_0000928>	<http://www.w3.org/2002/07/owl#Class>
<http://purl.obolibrary.org/obo/OAE_0000929>	<http://www.w3.org/2002/07/owl#Class>
<http://purl.obolibrary.org/obo/OAE_0000930>	<http://www.w3.org/2002/07/owl#Class>
<http://purl.obolibrary.org/obo/OAE_0000931>	<http://www.w3.org/2002/07/owl#Class>
<http://purl.obolibrary.org/obo/OAE_0000932>	<http://www.w3.org/2002/07/owl#Class>
<http://purl.obolibrary.org/obo/OAE_0000933>	<http://www.w3.org/2002/07/owl#Class>
<http://purl.obolibrary.org/obo/OAE_0000934>	<http://www.w3.org/2002/07/owl#Class>
<http://purl.obolibrary.org/obo/OAE_0000935>	<http://www.w3.org/2002/07/owl#Class>
<http://purl.obolibrary.org/obo/OAE_0000936>	<http://www.w3.org/2002/07/owl#Class>
<http://purl.obolibrary.org/obo/OAE_0000937>	<http://www.w3.org/2002/07/owl#Class>
<http://purl.obolibrary.org/obo/OAE_0000938>	<http://www.w3.org/2002/07/owl#Class>
<http://purl.obolibrary.org/obo/OAE_0000939>	<http://www.w3.org/2002/07/owl#Class>
<http://purl.obolibrary.org/obo/OAE_0000940>	<http://www.w3.org/2002/07/owl#Class>
<http://purl.obolibrary.org/obo/OAE_0000941>	<http://www.w3.org/2002/07/owl#Class>
<http://purl.obolibrary.org/obo/OAE_0000942>	<http://www.w3.org/2002/07/owl#Class>
<http://purl.obolibrary.org/obo/OAE_0000943>	<http://www.w3.org/2002/07/owl#Class>
<http://purl.obolibrary.org/obo/OAE_0000944>	<http://www.w3.org/2002/07/owl#Class>
<http://purl.obolibrary.org/obo/OAE_0000945>	<http://www.w3.org/2002/07/owl#Class>
<http://purl.obolibrary.org/obo/OAE_0000946>	<http://www.w3.org/2002/07/owl#Class>
<http://purl.obolibrary.org/obo/OAE_0000947>	<http://www.w3.org/2002/07/owl#Class>
<http://purl.obolibrary.org/obo/OAE_0000948>	<http://www.w3.org/2002/07/owl#Class>
<http://purl.obolibrary.org/obo/OAE_0000949>	<http://www.w3.org/2002/07/owl#Class>
<http://purl.obolibrary.org/obo/OAE_0000950>	<http://www.w3.org/2002/07/owl#Class>
<http://purl.obolibrary.org/obo/OAE_0000951>	<http://www.w3.org/2002/07/owl#Class>
<http://purl.obolibrary.org/obo/OAE_0000952>	<http://www.w3.org/2002/07/owl#Class>
<http://purl.obolibrary.org/obo/OAE_0000953>	<http://www.w3.org/2002/07/owl#Class>
<http://purl.obolibrary.org/obo/OAE_0000954>	<http://www.w3.org/2002/07/owl#Class>
<http://purl.obolibrary.org/obo/OAE_0000955>	<http://www.w3.org/2002/07/owl#Class>
<http://purl.obolibrary.org/obo/OAE_0000956>	<http://www.w3.org/2002/07/owl#Class>
<http://purl.obolibrary.org/obo/OAE_0000957>	<http://www.w3.org/2002/07/owl#Class>
<http://purl.obolibrary.org/obo/OAE_0000958>	<http://www.w3.org/2002/07/owl#Class>
<http://purl.obolibrary.org/obo/OAE_0000959>	<http://www.w3.org/2002/07/owl#Class>
<http://purl.obolibrary.org/obo/OAE_0000960>	<http://www.w3.org/2002/07/owl#Class>
<http://purl.obolibrary.org/obo/OAE_0000961>	<http://www.w3.org/2002/07/owl#Class>
<http://purl.obolibrary.org/obo/OAE_0000962>	<http://www.w3.org/2002/07/owl#Class>
<http://purl.obolibrary.org/obo/OAE_0000963>	<http://www.w3.org/2002/07/owl#Class>
<http://purl.obolibrary.org/obo/OAE_0000964>	<http://www.w3.org/2002/07/owl#Class>
<http://purl.obolibrary.org/obo/OAE_0000965>	<http://www.w3.org/2002/07/owl#Class>
<http://purl.obolibrary.org/obo/OAE_0000966>	<http://www.w3.org/2002/07/owl#Class>
<http://purl.obolibrary.org/obo/OAE_0000967>	<http://www.w3.org/2002/07/owl#Class>
<http://purl.obolibrary.org/obo/OAE_0000968>	<http://www.w3.org/2002/07/owl#Class>
<http://purl.obolibrary.org/obo/OAE_0000969>	<http://www.w3.org/2002/07/owl#Class>
<http://purl.obolibrary.org/obo/OAE_0000970>	<http://www.w3.org/2002/07/owl#Class>
<http://purl.obolibrary.org/obo/OAE_0000971>	<http://www.w3.org/2002/07/owl#Class>
<http://purl.obolibrary.org/obo/OAE_0000972>	<http://www.w3.org/2002/07/owl#Class>
<http://purl.obolibrary.org/obo/OAE_0000973>	<http://www.w3.org/2002/07/owl#Class>
<http://purl.obolibrary.org/obo/OAE_0000974>	<http://www.w3.org/2002/07/owl#Class>
<http://purl.obolibrary.org/obo/OAE_0000975>	<http://www.w3.org/2002/07/owl#Class>
<http://purl.obolibrary.org/obo/OAE_0000976>	<http://www.w3.org/2002/07/owl#Class>
<http://purl.obolibrary.org/obo/OAE_0000977>	<http://www.w3.org/2002/07/owl#Class>
<http://purl.obolibrary.org/obo/OAE_0000978>	<http://www.w3.org/2002/07/owl#Class>
<http://purl.obolibrary.org/obo/OAE_0000979>	<http://www.w3.org/2002/07/owl#Class>
<http://purl.obolibrary.org/obo/OAE_0000980>	<http://www.w3.org/2002/07/owl#Class>
<http://purl.obolibrary.org/obo/OAE_0000981>	<http://www.w3.org/2002/07/owl#Class>
<http://purl.obolibrary.org/obo/OAE_0000982>	<http://www.w3.org/2002/07/owl#Class>
<http://purl.obolibrary.org/obo/OAE_0000983>	<http://www.w3.org/2002/07/owl#Class>
<http://purl.obolibrary.org/obo/OAE_0000984>	<http://www.w3.org/2002/07/owl#Class>
<http://purl.obolibrary.org/obo/OAE_0000985>	<http://www.w3.org/2002/07/owl#Class>
<http://purl.obolibrary.org/obo/OAE_0000986>	<http://www.w3.org/2002/07/owl#Class>
<http://purl.obolibrary.org/obo/OAE_0000987>	<http://www.w3.org/2002/07/owl#Class>
<http://purl.obolibrary.org/obo/OAE_0000988>	<http://www.w3.org/2002/07/owl#Class>
<http://purl.obolibrary.org/obo/OAE_0000989>	<http://www.w3.org/2002/07/owl#Class>
<http://purl.obolibrary.org/obo/OAE_0000990>	<http://www.w3.org/2002/07/owl#Class>
<http://purl.obolibrary.org/obo/OAE_0000992>	<http://www.w3.org/2002/07/owl#Class>
<http://purl.obolibrary.org/obo/OAE_0000993>	<http://www.w3.org/2002/07/owl#Class>
<http://purl.obolibrary.org/obo/OAE_0000994>	<http://www.w3.org/2002/07/owl#Class>
<http://purl.obolibrary.org/obo/OAE_0000995>	<http://www.w3.org/2002/07/owl#Class>
<http://purl.obolibrary.org/obo/OAE_0000996>	<http://www.w3.org/2002/07/owl#Class>
<http://purl.obolibrary.org/obo/OAE_0000998>	<http://www.w3.org/2002/07/owl#Class>
<http://purl.obolibrary.org/obo/OAE_0000999>	<http://www.w3.org/2002/07/owl#Class>
<http://purl.obolibrary.org/obo/OAE_0001001>	<http://www.w3.org/2002/07/owl#Class>
<http://purl.obolibrary.org/obo/OAE_0001003>	<http://www.w3.org/2002/07/owl#Class>
<http://purl.obolibrary.org/obo/OAE_0001004>	<http://www.w3.org/2002/07/owl#Class>
<http://purl.obolibrary.org/obo/OAE_0001005>	<http://www.w3.org/2002/07/owl#Class>
<http://purl.obolibrary.org/obo/OAE_0001006>	<http://www.w3.org/2002/07/owl#Class>
<http://purl.obolibrary.org/obo/OAE_0001007>	<http://www.w3.org/2002/07/owl#Class>
<http://purl.obolibrary.org/obo/OAE_0001008>	<http://www.w3.org/2002/07/owl#Class>
<http://purl.obolibrary.org/obo/OAE_0001009>	<http://www.w3.org/2002/07/owl#Class>
<http://purl.obolibrary.org/obo/OAE_0001012>	<http://www.w3.org/2002/07/owl#Class>
<http://purl.obolibrary.org/obo/OAE_0001013>	<http://www.w3.org/2002/07/owl#Class>
<http://purl.obolibrary.org/obo/OAE_0001014>	<http://www.w3.org/2002/07/owl#Class>
<http://purl.obolibrary.org/obo/OAE_0001015>	<http://www.w3.org/2002/07/owl#Class>
<http://purl.obolibrary.org/obo/OAE_0001018>	<http://www.w3.org/2002/07/owl#Class>
<http://purl.obolibrary.org/obo/OAE_0001019>	<http://www.w3.org/2002/07/owl#Class>
<http://purl.obolibrary.org/obo/OAE_0001020>	<http://www.w3.org/2002/07/owl#Class>
<http://purl.obolibrary.org/obo/OAE_0001021>	<http://www.w3.org/2002/07/owl#Class>
<http://purl.obolibrary.org/obo/OAE_0001023>	<http://www.w3.org/2002/07/owl#Class>
<http://purl.obolibrary.org/obo/OAE_0001024>	<http://www.w3.org/2002/07/owl#Class>
<http://purl.obolibrary.org/obo/OAE_0001025>	<http://www.w3.org/2002/07/owl#Class>
<http://purl.obolibrary.org/obo/OAE_0001026>	<http://www.w3.org/2002/07/owl#Class>
<http://purl.obolibrary.org/obo/OAE_0001027>	<http://www.w3.org/2002/07/owl#Class>
<http://purl.obolibrary.org/obo/OAE_0001029>	<http://www.w3.org/2002/07/owl#Class>
<http://purl.obolibrary.org/obo/OAE_0001030>	<http://www.w3.org/2002/07/owl#Class>
<http://purl.obolibrary.org/obo/OAE_0001031>	<http://www.w3.org/2002/07/owl#Class>
<http://purl.obolibrary.org/obo/OAE_0001032>	<http://www.w3.org/2002/07/owl#Class>
<http://purl.obolibrary.org/obo/OAE_0001033>	<http://www.w3.org/2002/07/owl#Class>
<http://purl.obolibrary.org/obo/OAE_0001034>	<http://www.w3.org/2002/07/owl#Class>
<http://purl.obolibrary.org/obo/OAE_0001035>	<http://www.w3.org/2002/07/owl#Class>
<http://purl.obolibrary.org/obo/OAE_0001036>	<http://www.w3.org/2002/07/owl#Class>
<http://purl.obolibrary.org/obo/OAE_0001038>	<http://www.w3.org/2002/07/owl#Class>
<http://purl.obolibrary.org/obo/OAE_0001039>	<http://www.w3.org/2002/07/owl#Class>
<http://purl.obolibrary.org/obo/OAE_0001040>	<http://www.w3.org/2002/07/owl#Class>
<http://purl.obolibrary.org/obo/OAE_0001042>	<http://www.w3.org/2002/07/owl#Class>
<http://purl.obolibrary.org/obo/OAE_0001043>	<http://www.w3.org/2002/07/owl#Class>
<http://purl.obolibrary.org/obo/OAE_0001044>	<http://www.w3.org/2002/07/owl#Class>
<http://purl.obolibrary.org/obo/OAE_0001045>	<http://www.w3.org/2002/07/owl#Class>
<http://purl.obolibrary.org/obo/OAE_0001046>	<http://www.w3.org/2002/07/owl#Class>
<http://purl.obolibrary.org/obo/OAE_0001047>	<http://www.w3.org/2002/07/owl#Class>
<http://purl.obolibrary.org/obo/OAE_0001048>	<http://www.w3.org/2002/07/owl#Class>
<http://purl.obolibrary.org/obo/OAE_0001049>	<http://www.w3.org/2002/07/owl#Class>
<http://purl.obolibrary.org/obo/OAE_0001050>	<http://www.w3.org/2002/07/owl#Class>
<http://purl.obolibrary.org/obo/OAE_0001051>	<http://www.w3.org/2002/07/owl#Class>
<http://purl.obolibrary.org/obo/OAE_0001052>	<http://www.w3.org/2002/07/owl#Class>
<http://purl.obolibrary.org/obo/OAE_0001053>	<http://www.w3.org/2002/07/owl#Class>
<http://purl.obolibrary.org/obo/OAE_0001054>	<http://www.w3.org/2002/07/owl#Class>
<http://purl.obolibrary.org/obo/OAE_0001055>	<http://www.w3.org/2002/07/owl#Class>
<http://purl.obolibrary.org/obo/OAE_0001056>	<http://www.w3.org/2002/07/owl#Class>
<http://purl.obolibrary.org/obo/OAE_0001057>	<http://www.w3.org/2002/07/owl#Class>
<http://purl.obolibrary.org/obo/OAE_0001058>	<http://www.w3.org/2002/07/owl#Class>
<http://purl.obolibrary.org/obo/OAE_0001059>	<http://www.w3.org/2002/07/owl#Class>
<http://purl.obolibrary.org/obo/OAE_0001060>	<http://www.w3.org/2002/07/owl#Class>
<http://purl.obolibrary.org/obo/OAE_0001061>	<http://www.w3.org/2002/07/owl#Class>
<http://purl.obolibrary.org/obo/OAE_0001062>	<http://www.w3.org/2002/07/owl#Class>
<http://purl.obolibrary.org/obo/OAE_0001063>	<http://www.w3.org/2002/07/owl#Class>
<http://purl.obolibrary.org/obo/OAE_0001064>	<http://www.w3.org/2002/07/owl#Class>
<http://purl.obolibrary.org/obo/OAE_0001066>	<http://www.w3.org/2002/07/owl#Class>
<http://purl.obolibrary.org/obo/OAE_0001067>	<http://www.w3.org/2002/07/owl#Class>
<http://purl.obolibrary.org/obo/OAE_0001068>	<http://www.w3.org/2002/07/owl#Class>
<http://purl.obolibrary.org/obo/OAE_0001069>	<http://www.w3.org/2002/07/owl#Class>
<http://purl.obolibrary.org/obo/OAE_0001070>	<http://www.w3.org/2002/07/owl#Class>
<http://purl.obolibrary.org/obo/OAE_0001071>	<http://www.w3.org/2002/07/owl#Class>
<http://purl.obolibrary.org/obo/OAE_0001072>	<http://www.w3.org/2002/07/owl#Class>
<http://purl.obolibrary.org/obo/OAE_0001073>	<http://www.w3.org/2002/07/owl#Class>
<http://purl.obolibrary.org/obo/OAE_0001074>	<http://www.w3.org/2002/07/owl#Class>
<http://purl.obolibrary.org/obo/OAE_0001076>	<http://www.w3.org/2002/07/owl#Class>
<http://purl.obolibrary.org/obo/OAE_0001077>	<http://www.w3.org/2002/07/owl#Class>
<http://purl.obolibrary.org/obo/OAE_0001078>	<http://www.w3.org/2002/07/owl#Class>
<http://purl.obolibrary.org/obo/OAE_0001079>	<http://www.w3.org/2002/07/owl#Class>
<http://purl.obolibrary.org/obo/OAE_0001081>	<http://www.w3.org/2002/07/owl#Class>
<http://purl.obolibrary.org/obo/OAE_0001082>	<http://www.w3.org/2002/07/owl#Class>
<http://purl.obolibrary.org/obo/OAE_0001083>	<http://www.w3.org/2002/07/owl#Class>
<http://purl.obolibrary.org/obo/OAE_0001084>	<http://www.w3.org/2002/07/owl#Class>
<http://purl.obolibrary.org/obo/OAE_0001085>	<http://www.w3.org/2002/07/owl#Class>
<http://purl.obolibrary.org/obo/OAE_0001086>	<http://www.w3.org/2002/07/owl#Class>
<http://purl.obolibrary.org/obo/OAE_0001087>	<http://www.w3.org/2002/07/owl#Class>
<http://purl.obolibrary.org/obo/OAE_0001088>	<http://www.w3.org/2002/07/owl#Class>
<http://purl.obolibrary.org/obo/OAE_0001090>	<http://www.w3.org/2002/07/owl#Class>
<http://purl.obolibrary.org/obo/OAE_0001091>	<http://www.w3.org/2002/07/owl#Class>
<http://purl.obolibrary.org/obo/OAE_0001092>	<http://www.w3.org/2002/07/owl#Class>
<http://purl.obolibrary.org/obo/OAE_0001093>	<http://www.w3.org/2002/07/owl#Class>
<http://purl.obolibrary.org/obo/OAE_0001095>	<http://www.w3.org/2002/07/owl#Class>
<http://purl.obolibrary.org/obo/OAE_0001096>	<http://www.w3.org/2002/07/owl#Class>
<http://purl.obolibrary.org/obo/OAE_0001097>	<http://www.w3.org/2002/07/owl#Class>
<http://purl.obolibrary.org/obo/OAE_0001098>	<http://www.w3.org/2002/07/owl#Class>
<http://purl.obolibrary.org/obo/OAE_0001099>	<http://www.w3.org/2002/07/owl#Class>
<http://purl.obolibrary.org/obo/OAE_0001100>	<http://www.w3.org/2002/07/owl#Class>
<http://purl.obolibrary.org/obo/OAE_0001101>	<http://www.w3.org/2002/07/owl#Class>
<http://purl.obolibrary.org/obo/OAE_0001102>	<http://www.w3.org/2002/07/owl#Class>
<http://purl.obolibrary.org/obo/OAE_0001103>	<http://www.w3.org/2002/07/owl#Class>
<http://purl.obolibrary.org/obo/OAE_0001104>	<http://www.w3.org/2002/07/owl#Class>
<http://purl.obolibrary.org/obo/OAE_0001105>	<http://www.w3.org/2002/07/owl#Class>
<http://purl.obolibrary.org/obo/OAE_0001106>	<http://www.w3.org/2002/07/owl#Class>
<http://purl.obolibrary.org/obo/OAE_0001107>	<http://www.w3.org/2002/07/owl#Class>
<http://purl.obolibrary.org/obo/OAE_0001108>	<http://www.w3.org/2002/07/owl#Class>
<http://purl.obolibrary.org/obo/OAE_0001109>	<http://www.w3.org/2002/07/owl#Class>
<http://purl.obolibrary.org/obo/OAE_0001110>	<http://www.w3.org/2002/07/owl#Class>
<http://purl.obolibrary.org/obo/OAE_0001111>	<http://www.w3.org/2002/07/owl#Class>
<http://purl.obolibrary.org/obo/OAE_0001112>	<http://www.w3.org/2002/07/owl#Class>
<http://purl.obolibrary.org/obo/OAE_0001113>	<http://www.w3.org/2002/07/owl#Class>
<http://purl.obolibrary.org/obo/OAE_0001114>	<http://www.w3.org/2002/07/owl#Class>
<http://purl.obolibrary.org/obo/OAE_0001115>	<http://www.w3.org/2002/07/owl#Class>
<http://purl.obolibrary.org/obo/OAE_0001116>	<http://www.w3.org/2002/07/owl#Class>
<http://purl.obolibrary.org/obo/OAE_0001117>	<http://www.w3.org/2002/07/owl#Class>
<http://purl.obolibrary.org/obo/OAE_0001118>	<http://www.w3.org/2002/07/owl#Class>
<http://purl.obolibrary.org/obo/OAE_0001119>	<http://www.w3.org/2002/07/owl#Class>
<http://purl.obolibrary.org/obo/OAE_0001120>	<http://www.w3.org/2002/07/owl#Class>
<http://purl.obolibrary.org/obo/OAE_0001121>	<http://www.w3.org/2002/07/owl#Class>
<http://purl.obolibrary.org/obo/OAE_0001122>	<http://www.w3.org/2002/07/owl#Class>
<http://purl.obolibrary.org/obo/OAE_0001123>	<http://www.w3.org/2002/07/owl#Class>
<http://purl.obolibrary.org/obo/OAE_0001124>	<http://www.w3.org/2002/07/owl#Class>
<http://purl.obolibrary.org/obo/OAE_0001126>	<http://www.w3.org/2002/07/owl#Class>
<http://purl.obolibrary.org/obo/OAE_0001127>	<http://www.w3.org/2002/07/owl#Class>
<http://purl.obolibrary.org/obo/OAE_0001128>	<http://www.w3.org/2002/07/owl#Class>
<http://purl.obolibrary.org/obo/OAE_0001129>	<http://www.w3.org/2002/07/owl#Class>
<http://purl.obolibrary.org/obo/OAE_0001130>	<http://www.w3.org/2002/07/owl#Class>
<http://purl.obolibrary.org/obo/OAE_0001131>	<http://www.w3.org/2002/07/owl#Class>
<http://purl.obolibrary.org/obo/OAE_0001132>	<http://www.w3.org/2002/07/owl#Class>
<http://purl.obolibrary.org/obo/OAE_0001133>	<http://www.w3.org/2002/07/owl#Class>
<http://purl.obolibrary.org/obo/OAE_0001135>	<http://www.w3.org/2002/07/owl#Class>
<http://purl.obolibrary.org/obo/OAE_0001136>	<http://www.w3.org/2002/07/owl#Class>
<http://purl.obolibrary.org/obo/OAE_0001137>	<http://www.w3.org/2002/07/owl#Class>
<http://purl.obolibrary.org/obo/OAE_0001138>	<http://www.w3.org/2002/07/owl#Class>
<http://purl.obolibrary.org/obo/OAE_0001139>	<http://www.w3.org/2002/07/owl#Class>
<http://purl.obolibrary.org/obo/OAE_0001140>	<http://www.w3.org/2002/07/owl#Class>
<http://purl.obolibrary.org/obo/OAE_0001141>	<http://www.w3.org/2002/07/owl#Class>
<http://purl.obolibrary.org/obo/OAE_0001142>	<http://www.w3.org/2002/07/owl#Class>
<http://purl.obolibrary.org/obo/OAE_0001143>	<http://www.w3.org/2002/07/owl#Class>
<http://purl.obolibrary.org/obo/OAE_0001144>	<http://www.w3.org/2002/07/owl#Class>
<http://purl.obolibrary.org/obo/OAE_0001145>	<http://www.w3.org/2002/07/owl#Class>
<http://purl.obolibrary.org/obo/OAE_0001146>	<http://www.w3.org/2002/07/owl#Class>
<http://purl.obolibrary.org/obo/OAE_0001147>	<http://www.w3.org/2002/07/owl#Class>
<http://purl.obolibrary.org/obo/OAE_0001148>	<http://www.w3.org/2002/07/owl#Class>
<http://purl.obolibrary.org/obo/OAE_0001149>	<http://www.w3.org/2002/07/owl#Class>
<http://purl.obolibrary.org/obo/OAE_0001150>	<http://www.w3.org/2002/07/owl#Class>
<http://purl.obolibrary.org/obo/OAE_0001151>	<http://www.w3.org/2002/07/owl#Class>
<http://purl.obolibrary.org/obo/OAE_0001152>	<http://www.w3.org/2002/07/owl#Class>
<http://purl.obolibrary.org/obo/OAE_0001153>	<http://www.w3.org/2002/07/owl#Class>
<http://purl.obolibrary.org/obo/OAE_0001154>	<http://www.w3.org/2002/07/owl#Class>
<http://purl.obolibrary.org/obo/OAE_0001155>	<http://www.w3.org/2002/07/owl#Class>
<http://purl.obolibrary.org/obo/OAE_0001156>	<http://www.w3.org/2002/07/owl#Class>
<http://purl.obolibrary.org/obo/OAE_0001157>	<http://www.w3.org/2002/07/owl#Class>
<http://purl.obolibrary.org/obo/OAE_0001158>	<http://www.w3.org/2002/07/owl#Class>
<http://purl.obolibrary.org/obo/OAE_0001161>	<http://www.w3.org/2002/07/owl#Class>
<http://purl.obolibrary.org/obo/OAE_0001162>	<http://www.w3.org/2002/07/owl#Class>
<http://purl.obolibrary.org/obo/OAE_0001163>	<http://www.w3.org/2002/07/owl#Class>
<http://purl.obolibrary.org/obo/OAE_0001164>	<http://www.w3.org/2002/07/owl#Class>
<http://purl.obolibrary.org/obo/OAE_0001165>	<http://www.w3.org/2002/07/owl#Class>
<http://purl.obolibrary.org/obo/OAE_0001166>	<http://www.w3.org/2002/07/owl#Class>
<http://purl.obolibrary.org/obo/OAE_0001167>	<http://www.w3.org/2002/07/owl#Class>
<http://purl.obolibrary.org/obo/OAE_0001168>	<http://www.w3.org/2002/07/owl#Class>
<http://purl.obolibrary.org/obo/OAE_0001169>	<http://www.w3.org/2002/07/owl#Class>
<http://purl.obolibrary.org/obo/OAE_0001170>	<http://www.w3.org/2002/07/owl#Class>
<http://purl.obolibrary.org/obo/OAE_0001171>	<http://www.w3.org/2002/07/owl#Class>
<http://purl.obolibrary.org/obo/OAE_0001172>	<http://www.w3.org/2002/07/owl#Class>
<http://purl.obolibrary.org/obo/OAE_0001173>	<http://www.w3.org/2002/07/owl#Class>
<http://purl.obolibrary.org/obo/OAE_0001174>	<http://www.w3.org/2002/07/owl#Class>
<http://purl.obolibrary.org/obo/OAE_0001175>	<http://www.w3.org/2002/07/owl#Class>
<http://purl.obolibrary.org/obo/OAE_0001176>	<http://www.w3.org/2002/07/owl#Class>
<http://purl.obolibrary.org/obo/OAE_0001177>	<http://www.w3.org/2002/07/owl#Class>
<http://purl.obolibrary.org/obo/OAE_0001178>	<http://www.w3.org/2002/07/owl#Class>
<http://purl.obolibrary.org/obo/OAE_0001179>	<http://www.w3.org/2002/07/owl#Class>
<http://purl.obolibrary.org/obo/OAE_0001180>	<http://www.w3.org/2002/07/owl#Class>
<http://purl.obolibrary.org/obo/OAE_0001181>	<http://www.w3.org/2002/07/owl#Class>
<http://purl.obolibrary.org/obo/OAE_0001183>	<http://www.w3.org/2002/07/owl#Class>
<http://purl.obolibrary.org/obo/OAE_0001184>	<http://www.w3.org/2002/07/owl#Class>
<http://purl.obolibrary.org/obo/OAE_0001185>	<http://www.w3.org/2002/07/owl#Class>
<http://purl.obolibrary.org/obo/OAE_0001186>	<http://www.w3.org/2002/07/owl#Class>
<http://purl.obolibrary.org/obo/OAE_0001187>	<http://www.w3.org/2002/07/owl#Class>
<http://purl.obolibrary.org/obo/OAE_0001188>	<http://www.w3.org/2002/07/owl#Class>
<http://purl.obolibrary.org/obo/OAE_0001189>	<http://www.w3.org/2002/07/owl#Class>
<http://purl.obolibrary.org/obo/OAE_0001190>	<http://www.w3.org/2002/07/owl#Class>
<http://purl.obolibrary.org/obo/OAE_0001191>	<http://www.w3.org/2002/07/owl#Class>
<http://purl.obolibrary.org/obo/OAE_0001192>	<http://www.w3.org/2002/07/owl#Class>
<http://purl.obolibrary.org/obo/OAE_0001193>	<http://www.w3.org/2002/07/owl#Class>
<http://purl.obolibrary.org/obo/OAE_0001194>	<http://www.w3.org/2002/07/owl#Class>
<http://purl.obolibrary.org/obo/OAE_0001195>	<http://www.w3.org/2002/07/owl#Class>
<http://purl.obolibrary.org/obo/OAE_0001196>	<http://www.w3.org/2002/07/owl#Class>
<http://purl.obolibrary.org/obo/OAE_0001198>	<http://www.w3.org/2002/07/owl#Class>
<http://purl.obolibrary.org/obo/OAE_0001199>	<http://www.w3.org/2002/07/owl#Class>
<http://purl.obolibrary.org/obo/OAE_0001200>	<http://www.w3.org/2002/07/owl#Class>
<http://purl.obolibrary.org/obo/OAE_0001201>	<http://www.w3.org/2002/07/owl#Class>
<http://purl.obolibrary.org/obo/OAE_0001202>	<http://www.w3.org/2002/07/owl#Class>
<http://purl.obolibrary.org/obo/OAE_0001203>	<http://www.w3.org/2002/07/owl#Class>
<http://purl.obolibrary.org/obo/OAE_0001204>	<http://www.w3.org/2002/07/owl#Class>
<http://purl.obolibrary.org/obo/OAE_0001205>	<http://www.w3.org/2002/07/owl#Class>
<http://purl.obolibrary.org/obo/OAE_0001206>	<http://www.w3.org/2002/07/owl#Class>
<http://purl.obolibrary.org/obo/OAE_0001207>	<http://www.w3.org/2002/07/owl#Class>
<http://purl.obolibrary.org/obo/OAE_0001208>	<http://www.w3.org/2002/07/owl#Class>
<http://purl.obolibrary.org/obo/OAE_0001209>	<http://www.w3.org/2002/07/owl#Class>
<http://purl.obolibrary.org/obo/OAE_0001210>	<http://www.w3.org/2002/07/owl#Class>
<http://purl.obolibrary.org/obo/OAE_0001211>	<http://www.w3.org/2002/07/owl#Class>
<http://purl.obolibrary.org/obo/OAE_0001212>	<http://www.w3.org/2002/07/owl#Class>
<http://purl.obolibrary.org/obo/OAE_0001213>	<http://www.w3.org/2002/07/owl#Class>
<http://purl.obolibrary.org/obo/OAE_0001214>	<http://www.w3.org/2002/07/owl#Class>
<http://purl.obolibrary.org/obo/OAE_0001215>	<http://www.w3.org/2002/07/owl#Class>
<http://purl.obolibrary.org/obo/OAE_0001216>	<http://www.w3.org/2002/07/owl#Class>
<http://purl.obolibrary.org/obo/OAE_0001217>	<http://www.w3.org/2002/07/owl#Class>
<http://purl.obolibrary.org/obo/OAE_0001218>	<http://www.w3.org/2002/07/owl#Class>
<http://purl.obolibrary.org/obo/OAE_0001219>	<http://www.w3.org/2002/07/owl#Class>
<http://purl.obolibrary.org/obo/OAE_0001220>	<http://www.w3.org/2002/07/owl#Class>
<http://purl.obolibrary.org/obo/OAE_0001221>	<http://www.w3.org/2002/07/owl#Class>
<http://purl.obolibrary.org/obo/OAE_0001222>	<http://www.w3.org/2002/07/owl#Class>
<http://purl.obolibrary.org/obo/OAE_0001223>	<http://www.w3.org/2002/07/owl#Class>
<http://purl.obolibrary.org/obo/OAE_0001224>	<http://www.w3.org/2002/07/owl#Class>
<http://purl.obolibrary.org/obo/OAE_0001225>	<http://www.w3.org/2002/07/owl#Class>
<http://purl.obolibrary.org/obo/OAE_0001226>	<http://www.w3.org/2002/07/owl#Class>
<http://purl.obolibrary.org/obo/OAE_0001227>	<http://www.w3.org/2002/07/owl#Class>
<http://purl.obolibrary.org/obo/OAE_0001229>	<http://www.w3.org/2002/07/owl#Class>
<http://purl.obolibrary.org/obo/OAE_0001230>	<http://www.w3.org/2002/07/owl#Class>
<http://purl.obolibrary.org/obo/OAE_0001231>	<http://www.w3.org/2002/07/owl#Class>
<http://purl.obolibrary.org/obo/OAE_0001232>	<http://www.w3.org/2002/07/owl#Class>
<http://purl.obolibrary.org/obo/OAE_0001233>	<http://www.w3.org/2002/07/owl#Class>
<http://purl.obolibrary.org/obo/OAE_0001234>	<http://www.w3.org/2002/07/owl#Class>
<http://purl.obolibrary.org/obo/OAE_0001235>	<http://www.w3.org/2002/07/owl#Class>
<http://purl.obolibrary.org/obo/OAE_0001236>	<http://www.w3.org/2002/07/owl#Class>
<http://purl.obolibrary.org/obo/OAE_0001237>	<http://www.w3.org/2002/07/owl#Class>
<http://purl.obolibrary.org/obo/OAE_0001238>	<http://www.w3.org/2002/07/owl#Class>
<http://purl.obolibrary.org/obo/OAE_0001240>	<http://www.w3.org/2002/07/owl#Class>
<http://purl.obolibrary.org/obo/OAE_0001241>	<http://www.w3.org/2002/07/owl#Class>
<http://purl.obolibrary.org/obo/OAE_0001242>	<http://www.w3.org/2002/07/owl#Class>
<http://purl.obolibrary.org/obo/OAE_0001243>	<http://www.w3.org/2002/07/owl#Class>
<http://purl.obolibrary.org/obo/OAE_0001244>	<http://www.w3.org/2002/07/owl#Class>
<http://purl.obolibrary.org/obo/OAE_0001245>	<http://www.w3.org/2002/07/owl#Class>
<http://purl.obolibrary.org/obo/OAE_0001246>	<http://www.w3.org/2002/07/owl#Class>
<http://purl.obolibrary.org/obo/OAE_0001247>	<http://www.w3.org/2002/07/owl#Class>
<http://purl.obolibrary.org/obo/OAE_0001248>	<http://www.w3.org/2002/07/owl#Class>
<http://purl.obolibrary.org/obo/OAE_0001249>	<http://www.w3.org/2002/07/owl#Class>
<http://purl.obolibrary.org/obo/OAE_0001250>	<http://www.w3.org/2002/07/owl#Class>
<http://purl.obolibrary.org/obo/OAE_0001252>	<http://www.w3.org/2002/07/owl#Class>
<http://purl.obolibrary.org/obo/OAE_0001253>	<http://www.w3.org/2002/07/owl#Class>
<http://purl.obolibrary.org/obo/OAE_0001254>	<http://www.w3.org/2002/07/owl#Class>
<http://purl.obolibrary.org/obo/OAE_0001255>	<http://www.w3.org/2002/07/owl#Class>
<http://purl.obolibrary.org/obo/OAE_0001256>	<http://www.w3.org/2002/07/owl#Class>
<http://purl.obolibrary.org/obo/OAE_0001257>	<http://www.w3.org/2002/07/owl#Class>
<http://purl.obolibrary.org/obo/OAE_0001259>	<http://www.w3.org/2002/07/owl#Class>
<http://purl.obolibrary.org/obo/OAE_0001260>	<http://www.w3.org/2002/07/owl#Class>
<http://purl.obolibrary.org/obo/OAE_0001261>	<http://www.w3.org/2002/07/owl#Class>
<http://purl.obolibrary.org/obo/OAE_0001262>	<http://www.w3.org/2002/07/owl#Class>
<http://purl.obolibrary.org/obo/OAE_0001263>	<http://www.w3.org/2002/07/owl#Class>
<http://purl.obolibrary.org/obo/OAE_0001264>	<http://www.w3.org/2002/07/owl#Class>
<http://purl.obolibrary.org/obo/OAE_0001265>	<http://www.w3.org/2002/07/owl#Class>
<http://purl.obolibrary.org/obo/OAE_0001267>	<http://www.w3.org/2002/07/owl#Class>
<http://purl.obolibrary.org/obo/OAE_0001268>	<http://www.w3.org/2002/07/owl#Class>
<http://purl.obolibrary.org/obo/OAE_0001269>	<http://www.w3.org/2002/07/owl#Class>
<http://purl.obolibrary.org/obo/OAE_0001270>	<http://www.w3.org/2002/07/owl#Class>
<http://purl.obolibrary.org/obo/OAE_0001271>	<http://www.w3.org/2002/07/owl#Class>
<http://purl.obolibrary.org/obo/OAE_0001272>	<http://www.w3.org/2002/07/owl#Class>
<http://purl.obolibrary.org/obo/OAE_0001273>	<http://www.w3.org/2002/07/owl#Class>
<http://purl.obolibrary.org/obo/OAE_0001274>	<http://www.w3.org/2002/07/owl#Class>
<http://purl.obolibrary.org/obo/OAE_0001275>	<http://www.w3.org/2002/07/owl#Class>
<http://purl.obolibrary.org/obo/OAE_0001276>	<http://www.w3.org/2002/07/owl#Class>
<http://purl.obolibrary.org/obo/OAE_0001278>	<http://www.w3.org/2002/07/owl#Class>
<http://purl.obolibrary.org/obo/OAE_0001279>	<http://www.w3.org/2002/07/owl#Class>
<http://purl.obolibrary.org/obo/OAE_0001280>	<http://www.w3.org/2002/07/owl#Class>
<http://purl.obolibrary.org/obo/OAE_0001281>	<http://www.w3.org/2002/07/owl#Class>
<http://purl.obolibrary.org/obo/OAE_0001282>	<http://www.w3.org/2002/07/owl#Class>
<http://purl.obolibrary.org/obo/OAE_0001283>	<http://www.w3.org/2002/07/owl#Class>
<http://purl.obolibrary.org/obo/OAE_0001284>	<http://www.w3.org/2002/07/owl#Class>
<http://purl.obolibrary.org/obo/OAE_0001285>	<http://www.w3.org/2002/07/owl#Class>
<http://purl.obolibrary.org/obo/OAE_0001286>	<http://www.w3.org/2002/07/owl#Class>
<http://purl.obolibrary.org/obo/OAE_0001287>	<http://www.w3.org/2002/07/owl#Class>
<http://purl.obolibrary.org/obo/OAE_0001288>	<http://www.w3.org/2002/07/owl#Class>
<http://purl.obolibrary.org/obo/OAE_0001289>	<http://www.w3.org/2002/07/owl#Class>
<http://purl.obolibrary.org/obo/OAE_0001290>	<http://www.w3.org/2002/07/owl#Class>
<http://purl.obolibrary.org/obo/OAE_0001291>	<http://www.w3.org/2002/07/owl#Class>
<http://purl.obolibrary.org/obo/OAE_0001292>	<http://www.w3.org/2002/07/owl#Class>
<http://purl.obolibrary.org/obo/OAE_0001293>	<http://www.w3.org/2002/07/owl#Class>
<http://purl.obolibrary.org/obo/OAE_0001294>	<http://www.w3.org/2002/07/owl#Class>
<http://purl.obolibrary.org/obo/OAE_0001295>	<http://www.w3.org/2002/07/owl#Class>
<http://purl.obolibrary.org/obo/OAE_0001296>	<http://www.w3.org/2002/07/owl#Class>
<http://purl.obolibrary.org/obo/OAE_0001297>	<http://www.w3.org/2002/07/owl#Class>
<http://purl.obolibrary.org/obo/OAE_0001298>	<http://www.w3.org/2002/07/owl#Class>
<http://purl.obolibrary.org/obo/OAE_0001299>	<http://www.w3.org/2002/07/owl#Class>
<http://purl.obolibrary.org/obo/OAE_0001300>	<http://www.w3.org/2002/07/owl#Class>
<http://purl.obolibrary.org/obo/OAE_0001301>	<http://www.w3.org/2002/07/owl#Class>
<http://purl.obolibrary.org/obo/OAE_0001302>	<http://www.w3.org/2002/07/owl#Class>
<http://purl.obolibrary.org/obo/OAE_0001303>	<http://www.w3.org/2002/07/owl#Class>
<http://purl.obolibrary.org/obo/OAE_0001304>	<http://www.w3.org/2002/07/owl#Class>
<http://purl.obolibrary.org/obo/OAE_0001305>	<http://www.w3.org/2002/07/owl#Class>
<http://purl.obolibrary.org/obo/OAE_0001306>	<http://www.w3.org/2002/07/owl#Class>
<http://purl.obolibrary.org/obo/OAE_0001307>	<http://www.w3.org/2002/07/owl#Class>
<http://purl.obolibrary.org/obo/OAE_0001308>	<http://www.w3.org/2002/07/owl#Class>
<http://purl.obolibrary.org/obo/OAE_0001309>	<http://www.w3.org/2002/07/owl#Class>
<http://purl.obolibrary.org/obo/OAE_0001310>	<http://www.w3.org/2002/07/owl#Class>
<http://purl.obolibrary.org/obo/OAE_0001311>	<http://www.w3.org/2002/07/owl#Class>
<http://purl.obolibrary.org/obo/OAE_0001312>	<http://www.w3.org/2002/07/owl#Class>
<http://purl.obolibrary.org/obo/OAE_0001313>	<http://www.w3.org/2002/07/owl#Class>
<http://purl.obolibrary.org/obo/OAE_0001314>	<http://www.w3.org/2002/07/owl#Class>
<http://purl.obolibrary.org/obo/OAE_0001315>	<http://www.w3.org/2002/07/owl#Class>
<http://purl.obolibrary.org/obo/OAE_0001316>	<http://www.w3.org/2002/07/owl#Class>
<http://purl.obolibrary.org/obo/OAE_0001317>	<http://www.w3.org/2002/07/owl#Class>
<http://purl.obolibrary.org/obo/OAE_0001318>	<http://www.w3.org/2002/07/owl#Class>
<http://purl.obolibrary.org/obo/OAE_0001319>	<http://www.w3.org/2002/07/owl#Class>
<http://purl.obolibrary.org/obo/OAE_0001320>	<http://www.w3.org/2002/07/owl#Class>
<http://purl.obolibrary.org/obo/OAE_0001321>	<http://www.w3.org/2002/07/owl#Class>
<http://purl.obolibrary.org/obo/OAE_0001322>	<http://www.w3.org/2002/07/owl#Class>
<http://purl.obolibrary.org/obo/OAE_0001323>	<http://www.w3.org/2002/07/owl#Class>
<http://purl.obolibrary.org/obo/OAE_0001326>	<http://www.w3.org/2002/07/owl#Class>
<http://purl.obolibrary.org/obo/OAE_0001327>	<http://www.w3.org/2002/07/owl#Class>
<http://purl.obolibrary.org/obo/OAE_0001328>	<http://www.w3.org/2002/07/owl#Class>
<http://purl.obolibrary.org/obo/OAE_0001329>	<http://www.w3.org/2002/07/owl#Class>
<http://purl.obolibrary.org/obo/OAE_0001330>	<http://www.w3.org/2002/07/owl#Class>
<http://purl.obolibrary.org/obo/OAE_0001331>	<http://www.w3.org/2002/07/owl#Class>
<http://purl.obolibrary.org/obo/OAE_0001332>	<http://www.w3.org/2002/07/owl#Class>
<http://purl.obolibrary.org/obo/OAE_0001333>	<http://www.w3.org/2002/07/owl#Class>
<http://purl.obolibrary.org/obo/OAE_0001334>	<http://www.w3.org/2002/07/owl#Class>
<http://purl.obolibrary.org/obo/OAE_0001335>	<http://www.w3.org/2002/07/owl#Class>
<http://purl.obolibrary.org/obo/OAE_0001336>	<http://www.w3.org/2002/07/owl#Class>
<http://purl.obolibrary.org/obo/OAE_0001338>	<http://www.w3.org/2002/07/owl#Class>
<http://purl.obolibrary.org/obo/OAE_0001339>	<http://www.w3.org/2002/07/owl#Class>
<http://purl.obolibrary.org/obo/OAE_0001340>	<http://www.w3.org/2002/07/owl#Class>
<http://purl.obolibrary.org/obo/OAE_0001341>	<http://www.w3.org/2002/07/owl#Class>
<http://purl.obolibrary.org/obo/OAE_0001342>	<http://www.w3.org/2002/07/owl#Class>
<http://purl.obolibrary.org/obo/OAE_0001343>	<http://www.w3.org/2002/07/owl#Class>
<http://purl.obolibrary.org/obo/OAE_0001344>	<http://www.w3.org/2002/07/owl#Class>
<http://purl.obolibrary.org/obo/OAE_0001345>	<http://www.w3.org/2002/07/owl#Class>
<http://purl.obolibrary.org/obo/OAE_0001346>	<http://www.w3.org/2002/07/owl#Class>
<http://purl.obolibrary.org/obo/OAE_0001347>	<http://www.w3.org/2002/07/owl#Class>
<http://purl.obolibrary.org/obo/OAE_0001348>	<http://www.w3.org/2002/07/owl#Class>
<http://purl.obolibrary.org/obo/OAE_0001349>	<http://www.w3.org/2002/07/owl#Class>
<http://purl.obolibrary.org/obo/OAE_0001350>	<http://www.w3.org/2002/07/owl#Class>
<http://purl.obolibrary.org/obo/OAE_0001351>	<http://www.w3.org/2002/07/owl#Class>
<http://purl.obolibrary.org/obo/OAE_0001352>	<http://www.w3.org/2002/07/owl#Class>
<http://purl.obolibrary.org/obo/OAE_0001353>	<http://www.w3.org/2002/07/owl#Class>
<http://purl.obolibrary.org/obo/OAE_0001354>	<http://www.w3.org/2002/07/owl#Class>
<http://purl.obolibrary.org/obo/OAE_0001355>	<http://www.w3.org/2002/07/owl#Class>
<http://purl.obolibrary.org/obo/OAE_0001356>	<http://www.w3.org/2002/07/owl#Class>
<http://purl.obolibrary.org/obo/OAE_0001357>	<http://www.w3.org/2002/07/owl#Class>
<http://purl.obolibrary.org/obo/OAE_0001358>	<http://www.w3.org/2002/07/owl#Class>
<http://purl.obolibrary.org/obo/OAE_0001359>	<http://www.w3.org/2002/07/owl#Class>
<http://purl.obolibrary.org/obo/OAE_0001360>	<http://www.w3.org/2002/07/owl#Class>
<http://purl.obolibrary.org/obo/OAE_0001361>	<http://www.w3.org/2002/07/owl#Class>
<http://purl.obolibrary.org/obo/OAE_0001362>	<http://www.w3.org/2002/07/owl#Class>
<http://purl.obolibrary.org/obo/OAE_0001363>	<http://www.w3.org/2002/07/owl#Class>
<http://purl.obolibrary.org/obo/OAE_0001364>	<http://www.w3.org/2002/07/owl#Class>
<http://purl.obolibrary.org/obo/OAE_0001365>	<http://www.w3.org/2002/07/owl#Class>
<http://purl.obolibrary.org/obo/OAE_0001366>	<http://www.w3.org/2002/07/owl#Class>
<http://purl.obolibrary.org/obo/OAE_0001367>	<http://www.w3.org/2002/07/owl#Class>
<http://purl.obolibrary.org/obo/OAE_0001368>	<http://www.w3.org/2002/07/owl#Class>
<http://purl.obolibrary.org/obo/OAE_0001369>	<http://www.w3.org/2002/07/owl#Class>
<http://purl.obolibrary.org/obo/OAE_0001370>	<http://www.w3.org/2002/07/owl#Class>
<http://purl.obolibrary.org/obo/OAE_0001371>	<http://www.w3.org/2002/07/owl#Class>
<http://purl.obolibrary.org/obo/OAE_0001372>	<http://www.w3.org/2002/07/owl#Class>
<http://purl.obolibrary.org/obo/OAE_0001373>	<http://www.w3.org/2002/07/owl#Class>
<http://purl.obolibrary.org/obo/OAE_0001374>	<http://www.w3.org/2002/07/owl#Class>
<http://purl.obolibrary.org/obo/OAE_0001375>	<http://www.w3.org/2002/07/owl#Class>
<http://purl.obolibrary.org/obo/OAE_0001376>	<http://www.w3.org/2002/07/owl#Class>
<http://purl.obolibrary.org/obo/OAE_0001377>	<http://www.w3.org/2002/07/owl#Class>
<http://purl.obolibrary.org/obo/OAE_0001378>	<http://www.w3.org/2002/07/owl#Class>
<http://purl.obolibrary.org/obo/OAE_0001379>	<http://www.w3.org/2002/07/owl#Class>
<http://purl.obolibrary.org/obo/OAE_0001380>	<http://www.w3.org/2002/07/owl#Class>
<http://purl.obolibrary.org/obo/OAE_0001381>	<http://www.w3.org/2002/07/owl#Class>
<http://purl.obolibrary.org/obo/OAE_0001382>	<http://www.w3.org/2002/07/owl#Class>
<http://purl.obolibrary.org/obo/OAE_0001383>	<http://www.w3.org/2002/07/owl#Class>
<http://purl.obolibrary.org/obo/OAE_0001384>	<http://www.w3.org/2002/07/owl#Class>
<http://purl.obolibrary.org/obo/OAE_0001385>	<http://www.w3.org/2002/07/owl#Class>
<http://purl.obolibrary.org/obo/OAE_0001386>	<http://www.w3.org/2002/07/owl#Class>
<http://purl.obolibrary.org/obo/OAE_0001387>	<http://www.w3.org/2002/07/owl#Class>
<http://purl.obolibrary.org/obo/OAE_0001389>	<http://www.w3.org/2002/07/owl#Class>
<http://purl.obolibrary.org/obo/OAE_0001390>	<http://www.w3.org/2002/07/owl#Class>
<http://purl.obolibrary.org/obo/OAE_0001391>	<http://www.w3.org/2002/07/owl#Class>
<http://purl.obolibrary.org/obo/OAE_0001392>	<http://www.w3.org/2002/07/owl#Class>
<http://purl.obolibrary.org/obo/OAE_0001393>	<http://www.w3.org/2002/07/owl#Class>
<http://purl.obolibrary.org/obo/OAE_0001394>	<http://www.w3.org/2002/07/owl#Class>
<http://purl.obolibrary.org/obo/OAE_0001395>	<http://www.w3.org/2002/07/owl#Class>
<http://purl.obolibrary.org/obo/OAE_0001396>	<http://www.w3.org/2002/07/owl#Class>
<http://purl.obolibrary.org/obo/OAE_0001397>	<http://www.w3.org/2002/07/owl#Class>
<http://purl.obolibrary.org/obo/OAE_0001398>	<http://www.w3.org/2002/07/owl#Class>
<http://purl.obolibrary.org/obo/OAE_0001399>	<http://www.w3.org/2002/07/owl#Class>
<http://purl.obolibrary.org/obo/OAE_0001400>	<http://www.w3.org/2002/07/owl#Class>
<http://purl.obolibrary.org/obo/OAE_0001401>	<http://www.w3.org/2002/07/owl#Class>
<http://purl.obolibrary.org/obo/OAE_0001402>	<http://www.w3.org/2002/07/owl#Class>
<http://purl.obolibrary.org/obo/OAE_0001403>	<http://www.w3.org/2002/07/owl#Class>
<http://purl.obolibrary.org/obo/OAE_0001404>	<http://www.w3.org/2002/07/owl#Class>
<http://purl.obolibrary.org/obo/OAE_0001405>	<http://www.w3.org/2002/07/owl#Class>
<http://purl.obolibrary.org/obo/OAE_0001407>	<http://www.w3.org/2002/07/owl#Class>
<http://purl.obolibrary.org/obo/OAE_0001408>	<http://www.w3.org/2002/07/owl#Class>
<http://purl.obolibrary.org/obo/OAE_0001409>	<http://www.w3.org/2002/07/owl#Class>
<http://purl.obolibrary.org/obo/OAE_0001410>	<http://www.w3.org/2002/07/owl#Class>
<http://purl.obolibrary.org/obo/OAE_0001411>	<http://www.w3.org/2002/07/owl#Class>
<http://purl.obolibrary.org/obo/OAE_0001412>	<http://www.w3.org/2002/07/owl#Class>
<http://purl.obolibrary.org/obo/OAE_0001413>	<http://www.w3.org/2002/07/owl#Class>
<http://purl.obolibrary.org/obo/OAE_0001414>	<http://www.w3.org/2002/07/owl#Class>
<http://purl.obolibrary.org/obo/OAE_0001415>	<http://www.w3.org/2002/07/owl#Class>
<http://purl.obolibrary.org/obo/OAE_0001416>	<http://www.w3.org/2002/07/owl#Class>
<http://purl.obolibrary.org/obo/OAE_0001417>	<http://www.w3.org/2002/07/owl#Class>
<http://purl.obolibrary.org/obo/OAE_0001418>	<http://www.w3.org/2002/07/owl#Class>
<http://purl.obolibrary.org/obo/OAE_0001419>	<http://www.w3.org/2002/07/owl#Class>
<http://purl.obolibrary.org/obo/OAE_0001420>	<http://www.w3.org/2002/07/owl#Class>
<http://purl.obolibrary.org/obo/OAE_0001421>	<http://www.w3.org/2002/07/owl#Class>
<http://purl.obolibrary.org/obo/OAE_0001422>	<http://www.w3.org/2002/07/owl#Class>
<http://purl.obolibrary.org/obo/OAE_0001423>	<http://www.w3.org/2002/07/owl#Class>
<http://purl.obolibrary.org/obo/OAE_0001424>	<http://www.w3.org/2002/07/owl#Class>
<http://purl.obolibrary.org/obo/OAE_0001425>	<http://www.w3.org/2002/07/owl#Class>
<http://purl.obolibrary.org/obo/OAE_0001426>	<http://www.w3.org/2002/07/owl#Class>
<http://purl.obolibrary.org/obo/OAE_0001428>	<http://www.w3.org/2002/07/owl#Class>
<http://purl.obolibrary.org/obo/OAE_0001429>	<http://www.w3.org/2002/07/owl#Class>
<http://purl.obolibrary.org/obo/OAE_0001430>	<http://www.w3.org/2002/07/owl#Class>
<http://purl.obolibrary.org/obo/OAE_0001431>	<http://www.w3.org/2002/07/owl#Class>
<http://purl.obolibrary.org/obo/OAE_0001432>	<http://www.w3.org/2002/07/owl#Class>
<http://purl.obolibrary.org/obo/OAE_0001433>	<http://www.w3.org/2002/07/owl#Class>
<http://purl.obolibrary.org/obo/OAE_0001434>	<http://www.w3.org/2002/07/owl#Class>
<http://purl.obolibrary.org/obo/OAE_0001435>	<http://www.w3.org/2002/07/owl#Class>
<http://purl.obolibrary.org/obo/OAE_0001436>	<http://www.w3.org/2002/07/owl#Class>
<http://purl.obolibrary.org/obo/OAE_0001437>	<http://www.w3.org/2002/07/owl#Class>
<http://purl.obolibrary.org/obo/OAE_0001438>	<http://www.w3.org/2002/07/owl#Class>
<http://purl.obolibrary.org/obo/OAE_0001439>	<http://www.w3.org/2002/07/owl#Class>
<http://purl.obolibrary.org/obo/OAE_0001440>	<http://www.w3.org/2002/07/owl#Class>
<http://purl.obolibrary.org/obo/OAE_0001441>	<http://www.w3.org/2002/07/owl#Class>
<http://purl.obolibrary.org/obo/OAE_0001442>	<http://www.w3.org/2002/07/owl#Class>
<http://purl.obolibrary.org/obo/OAE_0001443>	<http://www.w3.org/2002/07/owl#Class>
<http://purl.obolibrary.org/obo/OAE_0001445>	<http://www.w3.org/2002/07/owl#Class>
<http://purl.obolibrary.org/obo/OAE_0001446>	<http://www.w3.org/2002/07/owl#Class>
<http://purl.obolibrary.org/obo/OAE_0001447>	<http://www.w3.org/2002/07/owl#Class>
<http://purl.obolibrary.org/obo/OAE_0001448>	<http://www.w3.org/2002/07/owl#Class>
<http://purl.obolibrary.org/obo/OAE_0001449>	<http://www.w3.org/2002/07/owl#Class>
<http://purl.obolibrary.org/obo/OAE_0001450>	<http://www.w3.org/2002/07/owl#Class>
<http://purl.obolibrary.org/obo/OAE_0001451>	<http://www.w3.org/2002/07/owl#Class>
<http://purl.obolibrary.org/obo/OAE_0001452>	<http://www.w3.org/2002/07/owl#Class>
<http://purl.obolibrary.org/obo/OAE_0001453>	<http://www.w3.org/2002/07/owl#Class>
<http://purl.obolibrary.org/obo/OAE_0001454>	<http://www.w3.org/2002/07/owl#Class>
<http://purl.obolibrary.org/obo/OAE_0001455>	<http://www.w3.org/2002/07/owl#Class>
<http://purl.obolibrary.org/obo/OAE_0001456>	<http://www.w3.org/2002/07/owl#Class>
<http://purl.obolibrary.org/obo/OAE_0001457>	<http://www.w3.org/2002/07/owl#Class>
<http://purl.obolibrary.org/obo/OAE_0001458>	<http://www.w3.org/2002/07/owl#Class>
<http://purl.obolibrary.org/obo/OAE_0001459>	<http://www.w3.org/2002/07/owl#Class>
<http://purl.obolibrary.org/obo/OAE_0001460>	<http://www.w3.org/2002/07/owl#Class>
<http://purl.obolibrary.org/obo/OAE_0001461>	<http://www.w3.org/2002/07/owl#Class>
<http://purl.obolibrary.org/obo/OAE_0001462>	<http://www.w3.org/2002/07/owl#Class>
<http://purl.obolibrary.org/obo/OAE_0001463>	<http://www.w3.org/2002/07/owl#Class>
<http://purl.obolibrary.org/obo/OAE_0001464>	<http://www.w3.org/2002/07/owl#Class>
<http://purl.obolibrary.org/obo/OAE_0001465>	<http://www.w3.org/2002/07/owl#Class>
<http://purl.obolibrary.org/obo/OAE_0001466>	<http://www.w3.org/2002/07/owl#Class>
<http://purl.obolibrary.org/obo/OAE_0001467>	<http://www.w3.org/2002/07/owl#Class>
<http://purl.obolibrary.org/obo/OAE_0001468>	<http://www.w3.org/2002/07/owl#Class>
<http://purl.obolibrary.org/obo/OAE_0001469>	<http://www.w3.org/2002/07/owl#Class>
<http://purl.obolibrary.org/obo/OAE_0001471>	<http://www.w3.org/2002/07/owl#Class>
<http://purl.obolibrary.org/obo/OAE_0001472>	<http://www.w3.org/2002/07/owl#Class>
<http://purl.obolibrary.org/obo/OAE_0001473>	<http://www.w3.org/2002/07/owl#Class>
<http://purl.obolibrary.org/obo/OAE_0001474>	<http://www.w3.org/2002/07/owl#Class>
<http://purl.obolibrary.org/obo/OAE_0001476>	<http://www.w3.org/2002/07/owl#Class>
<http://purl.obolibrary.org/obo/OAE_0001477>	<http://www.w3.org/2002/07/owl#Class>
<http://purl.obolibrary.org/obo/OAE_0001478>	<http://www.w3.org/2002/07/owl#Class>
<http://purl.obolibrary.org/obo/OAE_0001479>	<http://www.w3.org/2002/07/owl#Class>
<http://purl.obolibrary.org/obo/OAE_0001480>	<http://www.w3.org/2002/07/owl#Class>
<http://purl.obolibrary.org/obo/OAE_0001481>	<http://www.w3.org/2002/07/owl#Class>
<http://purl.obolibrary.org/obo/OAE_0001482>	<http://www.w3.org/2002/07/owl#Class>
<http://purl.obolibrary.org/obo/OAE_0001483>	<http://www.w3.org/2002/07/owl#Class>
<http://purl.obolibrary.org/obo/OAE_0001484>	<http://www.w3.org/2002/07/owl#Class>
<http://purl.obolibrary.org/obo/OAE_0001485>	<http://www.w3.org/2002/07/owl#Class>
<http://purl.obolibrary.org/obo/OAE_0001486>	<http://www.w3.org/2002/07/owl#Class>
<http://purl.obolibrary.org/obo/OAE_0001487>	<http://www.w3.org/2002/07/owl#Class>
<http://purl.obolibrary.org/obo/OAE_0001488>	<http://www.w3.org/2002/07/owl#Class>
<http://purl.obolibrary.org/obo/OAE_0001489>	<http://www.w3.org/2002/07/owl#Class>
<http://purl.obolibrary.org/obo/OAE_0001490>	<http://www.w3.org/2002/07/owl#Class>
<http://purl.obolibrary.org/obo/OAE_0001491>	<http://www.w3.org/2002/07/owl#Class>
<http://purl.obolibrary.org/obo/OAE_0001492>	<http://www.w3.org/2002/07/owl#Class>
<http://purl.obolibrary.org/obo/OAE_0001493>	<http://www.w3.org/2002/07/owl#Class>
<http://purl.obolibrary.org/obo/OAE_0001494>	<http://www.w3.org/2002/07/owl#Class>
<http://purl.obolibrary.org/obo/OAE_0001495>	<http://www.w3.org/2002/07/owl#Class>
<http://purl.obolibrary.org/obo/OAE_0001496>	<http://www.w3.org/2002/07/owl#Class>
<http://purl.obolibrary.org/obo/OAE_0001497>	<http://www.w3.org/2002/07/owl#Class>
<http://purl.obolibrary.org/obo/OAE_0001498>	<http://www.w3.org/2002/07/owl#Class>
<http://purl.obolibrary.org/obo/OAE_0001499>	<http://www.w3.org/2002/07/owl#Class>
<http://purl.obolibrary.org/obo/OAE_0001500>	<http://www.w3.org/2002/07/owl#Class>
<http://purl.obolibrary.org/obo/OAE_0001501>	<http://www.w3.org/2002/07/owl#Class>
<http://purl.obolibrary.org/obo/OAE_0001502>	<http://www.w3.org/2002/07/owl#Class>
<http://purl.obolibrary.org/obo/OAE_0001503>	<http://www.w3.org/2002/07/owl#Class>
<http://purl.obolibrary.org/obo/OAE_0001504>	<http://www.w3.org/2002/07/owl#Class>
<http://purl.obolibrary.org/obo/OAE_0001505>	<http://www.w3.org/2002/07/owl#Class>
<http://purl.obolibrary.org/obo/OAE_0001506>	<http://www.w3.org/2002/07/owl#Class>
<http://purl.obolibrary.org/obo/OAE_0001508>	<http://www.w3.org/2002/07/owl#Class>
<http://purl.obolibrary.org/obo/OAE_0001509>	<http://www.w3.org/2002/07/owl#Class>
<http://purl.obolibrary.org/obo/OAE_0001510>	<http://www.w3.org/2002/07/owl#Class>
<http://purl.obolibrary.org/obo/OAE_0001511>	<http://www.w3.org/2002/07/owl#Class>
<http://purl.obolibrary.org/obo/OAE_0001512>	<http://www.w3.org/2002/07/owl#Class>
<http://purl.obolibrary.org/obo/OAE_0001514>	<http://www.w3.org/2002/07/owl#Class>
<http://purl.obolibrary.org/obo/OAE_0001515>	<http://www.w3.org/2002/07/owl#Class>
<http://purl.obolibrary.org/obo/OAE_0001516>	<http://www.w3.org/2002/07/owl#Class>
<http://purl.obolibrary.org/obo/OAE_0001517>	<http://www.w3.org/2002/07/owl#Class>
<http://purl.obolibrary.org/obo/OAE_0001518>	<http://www.w3.org/2002/07/owl#Class>
<http://purl.obolibrary.org/obo/OAE_0001519>	<http://www.w3.org/2002/07/owl#Class>
<http://purl.obolibrary.org/obo/OAE_0001520>	<http://www.w3.org/2002/07/owl#Class>
<http://purl.obolibrary.org/obo/OAE_0001521>	<http://www.w3.org/2002/07/owl#Class>
<http://purl.obolibrary.org/obo/OAE_0001522>	<http://www.w3.org/2002/07/owl#Class>
<http://purl.obolibrary.org/obo/OAE_0001524>	<http://www.w3.org/2002/07/owl#Class>
<http://purl.obolibrary.org/obo/OAE_0001526>	<http://www.w3.org/2002/07/owl#Class>
<http://purl.obolibrary.org/obo/OAE_0001527>	<http://www.w3.org/2002/07/owl#Class>
<http://purl.obolibrary.org/obo/OAE_0001528>	<http://www.w3.org/2002/07/owl#Class>
<http://purl.obolibrary.org/obo/OAE_0001529>	<http://www.w3.org/2002/07/owl#Class>
<http://purl.obolibrary.org/obo/OAE_0001530>	<http://www.w3.org/2002/07/owl#Class>
<http://purl.obolibrary.org/obo/OAE_0001531>	<http://www.w3.org/2002/07/owl#Class>
<http://purl.obolibrary.org/obo/OAE_0001535>	<http://www.w3.org/2002/07/owl#Class>
<http://purl.obolibrary.org/obo/OAE_0001537>	<http://www.w3.org/2002/07/owl#Class>
<http://purl.obolibrary.org/obo/OAE_0001538>	<http://www.w3.org/2002/07/owl#Class>
<http://purl.obolibrary.org/obo/OAE_0001539>	<http://www.w3.org/2002/07/owl#Class>
<http://purl.obolibrary.org/obo/OAE_0001541>	<http://www.w3.org/2002/07/owl#Class>
<http://purl.obolibrary.org/obo/OAE_0001542>	<http://www.w3.org/2002/07/owl#Class>
<http://purl.obolibrary.org/obo/OAE_0001543>	<http://www.w3.org/2002/07/owl#Class>
<http://purl.obolibrary.org/obo/OAE_0001544>	<http://www.w3.org/2002/07/owl#Class>
<http://purl.obolibrary.org/obo/OAE_0001545>	<http://www.w3.org/2002/07/owl#Class>
<http://purl.obolibrary.org/obo/OAE_0001546>	<http://www.w3.org/2002/07/owl#Class>
<http://purl.obolibrary.org/obo/OAE_0001547>	<http://www.w3.org/2002/07/owl#Class>
<http://purl.obolibrary.org/obo/OAE_0001548>	<http://www.w3.org/2002/07/owl#Class>
<http://purl.obolibrary.org/obo/OAE_0001549>	<http://www.w3.org/2002/07/owl#Class>
<http://purl.obolibrary.org/obo/OAE_0001550>	<http://www.w3.org/2002/07/owl#Class>
<http://purl.obolibrary.org/obo/OAE_0001551>	<http://www.w3.org/2002/07/owl#Class>
<http://purl.obolibrary.org/obo/OAE_0001552>	<http://www.w3.org/2002/07/owl#Class>
<http://purl.obolibrary.org/obo/OAE_0001553>	<http://www.w3.org/2002/07/owl#Class>
<http://purl.obolibrary.org/obo/OAE_0001554>	<http://www.w3.org/2002/07/owl#Class>
<http://purl.obolibrary.org/obo/OAE_0001555>	<http://www.w3.org/2002/07/owl#Class>
<http://purl.obolibrary.org/obo/OAE_0001556>	<http://www.w3.org/2002/07/owl#Class>
<http://purl.obolibrary.org/obo/OAE_0001557>	<http://www.w3.org/2002/07/owl#Class>
<http://purl.obolibrary.org/obo/OAE_0001558>	<http://www.w3.org/2002/07/owl#Class>
<http://purl.obolibrary.org/obo/OAE_0001559>	<http://www.w3.org/2002/07/owl#Class>
<http://purl.obolibrary.org/obo/OAE_0001560>	<http://www.w3.org/2002/07/owl#Class>
<http://purl.obolibrary.org/obo/OAE_0001561>	<http://www.w3.org/2002/07/owl#Class>
<http://purl.obolibrary.org/obo/OAE_0001567>	<http://www.w3.org/2002/07/owl#Class>
<http://purl.obolibrary.org/obo/OAE_0001568>	<http://www.w3.org/2002/07/owl#Class>
<http://purl.obolibrary.org/obo/OAE_0001569>	<http://www.w3.org/2002/07/owl#Class>
<http://purl.obolibrary.org/obo/OAE_0001570>	<http://www.w3.org/2002/07/owl#Class>
<http://purl.obolibrary.org/obo/OAE_0001571>	<http://www.w3.org/2002/07/owl#Class>
<http://purl.obolibrary.org/obo/OAE_0001572>	<http://www.w3.org/2002/07/owl#Class>
<http://purl.obolibrary.org/obo/OAE_0001573>	<http://www.w3.org/2002/07/owl#Class>
<http://purl.obolibrary.org/obo/OAE_0001574>	<http://www.w3.org/2002/07/owl#Class>
<http://purl.obolibrary.org/obo/OAE_0001575>	<http://www.w3.org/2002/07/owl#Class>
<http://purl.obolibrary.org/obo/OAE_0001576>	<http://www.w3.org/2002/07/owl#Class>
<http://purl.obolibrary.org/obo/OAE_0001577>	<http://www.w3.org/2002/07/owl#Class>
<http://purl.obolibrary.org/obo/OAE_0001578>	<http://www.w3.org/2002/07/owl#Class>
<http://purl.obolibrary.org/obo/OAE_0001579>	<http://www.w3.org/2002/07/owl#Class>
<http://purl.obolibrary.org/obo/OAE_0001580>	<http://www.w3.org/2002/07/owl#Class>
<http://purl.obolibrary.org/obo/OAE_0001581>	<http://www.w3.org/2002/07/owl#Class>
<http://purl.obolibrary.org/obo/OAE_0001582>	<http://www.w3.org/2002/07/owl#Class>
<http://purl.obolibrary.org/obo/OAE_0001583>	<http://www.w3.org/2002/07/owl#Class>
<http://purl.obolibrary.org/obo/OAE_0001584>	<http://www.w3.org/2002/07/owl#Class>
<http://purl.obolibrary.org/obo/OAE_0001585>	<http://www.w3.org/2002/07/owl#Class>
<http://purl.obolibrary.org/obo/OAE_0001586>	<http://www.w3.org/2002/07/owl#Class>
<http://purl.obolibrary.org/obo/OAE_0001587>	<http://www.w3.org/2002/07/owl#Class>
<http://purl.obolibrary.org/obo/OAE_0001588>	<http://www.w3.org/2002/07/owl#Class>
<http://purl.obolibrary.org/obo/OAE_0001589>	<http://www.w3.org/2002/07/owl#Class>
<http://purl.obolibrary.org/obo/OAE_0001590>	<http://www.w3.org/2002/07/owl#Class>
<http://purl.obolibrary.org/obo/OAE_0001591>	<http://www.w3.org/2002/07/owl#Class>
<http://purl.obolibrary.org/obo/OAE_0001592>	<http://www.w3.org/2002/07/owl#Class>
<http://purl.obolibrary.org/obo/OAE_0001593>	<http://www.w3.org/2002/07/owl#Class>
<http://purl.obolibrary.org/obo/OAE_0001594>	<http://www.w3.org/2002/07/owl#Class>
<http://purl.obolibrary.org/obo/OAE_0001595>	<http://www.w3.org/2002/07/owl#Class>
<http://purl.obolibrary.org/obo/OAE_0001596>	<http://www.w3.org/2002/07/owl#Class>
<http://purl.obolibrary.org/obo/OAE_0001597>	<http://www.w3.org/2002/07/owl#Class>
<http://purl.obolibrary.org/obo/OAE_0001598>	<http://www.w3.org/2002/07/owl#Class>
<http://purl.obolibrary.org/obo/OAE_0001599>	<http://www.w3.org/2002/07/owl#Class>
<http://purl.obolibrary.org/obo/OAE_0001600>	<http://www.w3.org/2002/07/owl#Class>
<http://purl.obolibrary.org/obo/OAE_0001601>	<http://www.w3.org/2002/07/owl#Class>
<http://purl.obolibrary.org/obo/OAE_0001602>	<http://www.w3.org/2002/07/owl#Class>
<http://purl.obolibrary.org/obo/OAE_0001603>	<http://www.w3.org/2002/07/owl#Class>
<http://purl.obolibrary.org/obo/OAE_0001604>	<http://www.w3.org/2002/07/owl#Class>
<http://purl.obolibrary.org/obo/OAE_0001605>	<http://www.w3.org/2002/07/owl#Class>
<http://purl.obolibrary.org/obo/OAE_0001606>	<http://www.w3.org/2002/07/owl#Class>
<http://purl.obolibrary.org/obo/OAE_0001607>	<http://www.w3.org/2002/07/owl#Class>
<http://purl.obolibrary.org/obo/OAE_0001608>	<http://www.w3.org/2002/07/owl#Class>
<http://purl.obolibrary.org/obo/OAE_0001609>	<http://www.w3.org/2002/07/owl#Class>
<http://purl.obolibrary.org/obo/OAE_0001610>	<http://www.w3.org/2002/07/owl#Class>
<http://purl.obolibrary.org/obo/OAE_0001611>	<http://www.w3.org/2002/07/owl#Class>
<http://purl.obolibrary.org/obo/OAE_0001612>	<http://www.w3.org/2002/07/owl#Class>
<http://purl.obolibrary.org/obo/OAE_0001613>	<http://www.w3.org/2002/07/owl#Class>
<http://purl.obolibrary.org/obo/OAE_0001614>	<http://www.w3.org/2002/07/owl#Class>
<http://purl.obolibrary.org/obo/OAE_0001615>	<http://www.w3.org/2002/07/owl#Class>
<http://purl.obolibrary.org/obo/OAE_0001616>	<http://www.w3.org/2002/07/owl#Class>
<http://purl.obolibrary.org/obo/OAE_0001617>	<http://www.w3.org/2002/07/owl#Class>
<http://purl.obolibrary.org/obo/OAE_0001618>	<http://www.w3.org/2002/07/owl#Class>
<http://purl.obolibrary.org/obo/OAE_0001619>	<http://www.w3.org/2002/07/owl#Class>
<http://purl.obolibrary.org/obo/OAE_0001620>	<http://www.w3.org/2002/07/owl#Class>
<http://purl.obolibrary.org/obo/OAE_0001621>	<http://www.w3.org/2002/07/owl#Class>
<http://purl.obolibrary.org/obo/OAE_0001622>	<http://www.w3.org/2002/07/owl#Class>
<http://purl.obolibrary.org/obo/OAE_0001623>	<http://www.w3.org/2002/07/owl#Class>
<http://purl.obolibrary.org/obo/OAE_0001624>	<http://www.w3.org/2002/07/owl#Class>
<http://purl.obolibrary.org/obo/OAE_0001625>	<http://www.w3.org/2002/07/owl#Class>
<http://purl.obolibrary.org/obo/OAE_0001626>	<http://www.w3.org/2002/07/owl#Class>
<http://purl.obolibrary.org/obo/OAE_0001627>	<http://www.w3.org/2002/07/owl#Class>
<http://purl.obolibrary.org/obo/OAE_0001628>	<http://www.w3.org/2002/07/owl#Class>
<http://purl.obolibrary.org/obo/OAE_0001630>	<http://www.w3.org/2002/07/owl#Class>
<http://purl.obolibrary.org/obo/OAE_0001631>	<http://www.w3.org/2002/07/owl#Class>
<http://purl.obolibrary.org/obo/OAE_0001632>	<http://www.w3.org/2002/07/owl#Class>
<http://purl.obolibrary.org/obo/OAE_0001633>	<http://www.w3.org/2002/07/owl#Class>
<http://purl.obolibrary.org/obo/OAE_0001634>	<http://www.w3.org/2002/07/owl#Class>
<http://purl.obolibrary.org/obo/OAE_0001635>	<http://www.w3.org/2002/07/owl#Class>
<http://purl.obolibrary.org/obo/OAE_0001636>	<http://www.w3.org/2002/07/owl#Class>
<http://purl.obolibrary.org/obo/OAE_0001637>	<http://www.w3.org/2002/07/owl#Class>
<http://purl.obolibrary.org/obo/OAE_0001638>	<http://www.w3.org/2002/07/owl#Class>
<http://purl.obolibrary.org/obo/OAE_0001639>	<http://www.w3.org/2002/07/owl#Class>
<http://purl.obolibrary.org/obo/OAE_0001640>	<http://www.w3.org/2002/07/owl#Class>
<http://purl.obolibrary.org/obo/OAE_0001641>	<http://www.w3.org/2002/07/owl#Class>
<http://purl.obolibrary.org/obo/OAE_0001642>	<http://www.w3.org/2002/07/owl#Class>
<http://purl.obolibrary.org/obo/OAE_0001643>	<http://www.w3.org/2002/07/owl#Class>
<http://purl.obolibrary.org/obo/OAE_0001644>	<http://www.w3.org/2002/07/owl#Class>
<http://purl.obolibrary.org/obo/OAE_0001645>	<http://www.w3.org/2002/07/owl#Class>
<http://purl.obolibrary.org/obo/OAE_0001646>	<http://www.w3.org/2002/07/owl#Class>
<http://purl.obolibrary.org/obo/OAE_0001647>	<http://www.w3.org/2002/07/owl#Class>
<http://purl.obolibrary.org/obo/OAE_0001649>	<http://www.w3.org/2002/07/owl#Class>
<http://purl.obolibrary.org/obo/OAE_0001650>	<http://www.w3.org/2002/07/owl#Class>
<http://purl.obolibrary.org/obo/OAE_0001651>	<http://www.w3.org/2002/07/owl#Class>
<http://purl.obolibrary.org/obo/OAE_0001652>	<http://www.w3.org/2002/07/owl#Class>
<http://purl.obolibrary.org/obo/OAE_0001653>	<http://www.w3.org/2002/07/owl#Class>
<http://purl.obolibrary.org/obo/OAE_0001654>	<http://www.w3.org/2002/07/owl#Class>
<http://purl.obolibrary.org/obo/OAE_0001655>	<http://www.w3.org/2002/07/owl#Class>
<http://purl.obolibrary.org/obo/OAE_0001656>	<http://www.w3.org/2002/07/owl#Class>
<http://purl.obolibrary.org/obo/OAE_0001657>	<http://www.w3.org/2002/07/owl#Class>
<http://purl.obolibrary.org/obo/OAE_0001658>	<http://www.w3.org/2002/07/owl#Class>
<http://purl.obolibrary.org/obo/OAE_0001659>	<http://www.w3.org/2002/07/owl#Class>
<http://purl.obolibrary.org/obo/OAE_0001660>	<http://www.w3.org/2002/07/owl#Class>
<http://purl.obolibrary.org/obo/OAE_0001661>	<http://www.w3.org/2002/07/owl#Class>
<http://purl.obolibrary.org/obo/OAE_0001662>	<http://www.w3.org/2002/07/owl#Class>
<http://purl.obolibrary.org/obo/OAE_0001663>	<http://www.w3.org/2002/07/owl#Class>
<http://purl.obolibrary.org/obo/OAE_0001664>	<http://www.w3.org/2002/07/owl#Class>
<http://purl.obolibrary.org/obo/OAE_0001665>	<http://www.w3.org/2002/07/owl#Class>
<http://purl.obolibrary.org/obo/OAE_0001666>	<http://www.w3.org/2002/07/owl#Class>
<http://purl.obolibrary.org/obo/OAE_0001667>	<http://www.w3.org/2002/07/owl#Class>
<http://purl.obolibrary.org/obo/OAE_0001668>	<http://www.w3.org/2002/07/owl#Class>
<http://purl.obolibrary.org/obo/OAE_0001669>	<http://www.w3.org/2002/07/owl#Class>
<http://purl.obolibrary.org/obo/OAE_0001670>	<http://www.w3.org/2002/07/owl#Class>
<http://purl.obolibrary.org/obo/OAE_0001671>	<http://www.w3.org/2002/07/owl#Class>
<http://purl.obolibrary.org/obo/OAE_0001672>	<http://www.w3.org/2002/07/owl#Class>
<http://purl.obolibrary.org/obo/OAE_0001673>	<http://www.w3.org/2002/07/owl#Class>
<http://purl.obolibrary.org/obo/OAE_0001674>	<http://www.w3.org/2002/07/owl#Class>
<http://purl.obolibrary.org/obo/OAE_0001675>	<http://www.w3.org/2002/07/owl#Class>
<http://purl.obolibrary.org/obo/OAE_0001676>	<http://www.w3.org/2002/07/owl#Class>
<http://purl.obolibrary.org/obo/OAE_0001677>	<http://www.w3.org/2002/07/owl#Class>
<http://purl.obolibrary.org/obo/OAE_0001678>	<http://www.w3.org/2002/07/owl#Class>
<http://purl.obolibrary.org/obo/OAE_0001679>	<http://www.w3.org/2002/07/owl#Class>
<http://purl.obolibrary.org/obo/OAE_0001680>	<http://www.w3.org/2002/07/owl#Class>
<http://purl.obolibrary.org/obo/OAE_0001681>	<http://www.w3.org/2002/07/owl#Class>
<http://purl.obolibrary.org/obo/OAE_0001682>	<http://www.w3.org/2002/07/owl#Class>
<http://purl.obolibrary.org/obo/OAE_0001683>	<http://www.w3.org/2002/07/owl#Class>
<http://purl.obolibrary.org/obo/OAE_0001684>	<http://www.w3.org/2002/07/owl#Class>
<http://purl.obolibrary.org/obo/OAE_0001685>	<http://www.w3.org/2002/07/owl#Class>
<http://purl.obolibrary.org/obo/OAE_0001686>	<http://www.w3.org/2002/07/owl#Class>
<http://purl.obolibrary.org/obo/OAE_0001687>	<http://www.w3.org/2002/07/owl#Class>
<http://purl.obolibrary.org/obo/OAE_0001688>	<http://www.w3.org/2002/07/owl#Class>
<http://purl.obolibrary.org/obo/OAE_0001689>	<http://www.w3.org/2002/07/owl#Class>
<http://purl.obolibrary.org/obo/OAE_0001690>	<http://www.w3.org/2002/07/owl#Class>
<http://purl.obolibrary.org/obo/OAE_0001691>	<http://www.w3.org/2002/07/owl#Class>
<http://purl.obolibrary.org/obo/OAE_0001692>	<http://www.w3.org/2002/07/owl#Class>
<http://purl.obolibrary.org/obo/OAE_0001693>	<http://www.w3.org/2002/07/owl#Class>
<http://purl.obolibrary.org/obo/OAE_0001694>	<http://www.w3.org/2002/07/owl#Class>
<http://purl.obolibrary.org/obo/OAE_0001695>	<http://www.w3.org/2002/07/owl#Class>
<http://purl.obolibrary.org/obo/OAE_0001696>	<http://www.w3.org/2002/07/owl#Class>
<http://purl.obolibrary.org/obo/OAE_0001697>	<http://www.w3.org/2002/07/owl#Class>
<http://purl.obolibrary.org/obo/OAE_0001698>	<http://www.w3.org/2002/07/owl#Class>
<http://purl.obolibrary.org/obo/OAE_0001699>	<http://www.w3.org/2002/07/owl#Class>
<http://purl.obolibrary.org/obo/OAE_0001700>	<http://www.w3.org/2002/07/owl#Class>
<http://purl.obolibrary.org/obo/OAE_0001701>	<http://www.w3.org/2002/07/owl#Class>
<http://purl.obolibrary.org/obo/OAE_0001702>	<http://www.w3.org/2002/07/owl#Class>
<http://purl.obolibrary.org/obo/OAE_0001703>	<http://www.w3.org/2002/07/owl#Class>
<http://purl.obolibrary.org/obo/OAE_0001704>	<http://www.w3.org/2002/07/owl#Class>
<http://purl.obolibrary.org/obo/OAE_0001705>	<http://www.w3.org/2002/07/owl#Class>
<http://purl.obolibrary.org/obo/OAE_0001706>	<http://www.w3.org/2002/07/owl#Class>
<http://purl.obolibrary.org/obo/OAE_0001707>	<http://www.w3.org/2002/07/owl#Class>
<http://purl.obolibrary.org/obo/OAE_0001708>	<http://www.w3.org/2002/07/owl#Class>
<http://purl.obolibrary.org/obo/OAE_0001709>	<http://www.w3.org/2002/07/owl#Class>
<http://purl.obolibrary.org/obo/OAE_0001710>	<http://www.w3.org/2002/07/owl#Class>
<http://purl.obolibrary.org/obo/OAE_0001711>	<http://www.w3.org/2002/07/owl#Class>
<http://purl.obolibrary.org/obo/OAE_0001712>	<http://www.w3.org/2002/07/owl#Class>
<http://purl.obolibrary.org/obo/OAE_0001713>	<http://www.w3.org/2002/07/owl#Class>
<http://purl.obolibrary.org/obo/OAE_0001714>	<http://www.w3.org/2002/07/owl#Class>
<http://purl.obolibrary.org/obo/OAE_0001715>	<http://www.w3.org/2002/07/owl#Class>
<http://purl.obolibrary.org/obo/OAE_0001716>	<http://www.w3.org/2002/07/owl#Class>
<http://purl.obolibrary.org/obo/OAE_0001717>	<http://www.w3.org/2002/07/owl#Class>
<http://purl.obolibrary.org/obo/OAE_0001718>	<http://www.w3.org/2002/07/owl#Class>
<http://purl.obolibrary.org/obo/OAE_0001719>	<http://www.w3.org/2002/07/owl#Class>
<http://purl.obolibrary.org/obo/OAE_0001720>	<http://www.w3.org/2002/07/owl#Class>
<http://purl.obolibrary.org/obo/OAE_0001721>	<http://www.w3.org/2002/07/owl#Class>
<http://purl.obolibrary.org/obo/OAE_0001722>	<http://www.w3.org/2002/07/owl#Class>
<http://purl.obolibrary.org/obo/OAE_0001723>	<http://www.w3.org/2002/07/owl#Class>
<http://purl.obolibrary.org/obo/OAE_0001724>	<http://www.w3.org/2002/07/owl#Class>
<http://purl.obolibrary.org/obo/OAE_0001725>	<http://www.w3.org/2002/07/owl#Class>
<http://purl.obolibrary.org/obo/OAE_0001726>	<http://www.w3.org/2002/07/owl#Class>
<http://purl.obolibrary.org/obo/OAE_0001727>	<http://www.w3.org/2002/07/owl#Class>
<http://purl.obolibrary.org/obo/OAE_0001728>	<http://www.w3.org/2002/07/owl#Class>
<http://purl.obolibrary.org/obo/OAE_0001729>	<http://www.w3.org/2002/07/owl#Class>
<http://purl.obolibrary.org/obo/OAE_0001730>	<http://www.w3.org/2002/07/owl#Class>
<http://purl.obolibrary.org/obo/OAE_0001731>	<http://www.w3.org/2002/07/owl#Class>
<http://purl.obolibrary.org/obo/OAE_0001732>	<http://www.w3.org/2002/07/owl#Class>
<http://purl.obolibrary.org/obo/OAE_0001733>	<http://www.w3.org/2002/07/owl#Class>
<http://purl.obolibrary.org/obo/OAE_0001734>	<http://www.w3.org/2002/07/owl#Class>
<http://purl.obolibrary.org/obo/OAE_0001736>	<http://www.w3.org/2002/07/owl#Class>
<http://purl.obolibrary.org/obo/OAE_0001737>	<http://www.w3.org/2002/07/owl#Class>
<http://purl.obolibrary.org/obo/OAE_0001738>	<http://www.w3.org/2002/07/owl#Class>
<http://purl.obolibrary.org/obo/OAE_0001739>	<http://www.w3.org/2002/07/owl#Class>
<http://purl.obolibrary.org/obo/OAE_0001740>	<http://www.w3.org/2002/07/owl#Class>
<http://purl.obolibrary.org/obo/OAE_0001741>	<http://www.w3.org/2002/07/owl#Class>
<http://purl.obolibrary.org/obo/OAE_0001742>	<http://www.w3.org/2002/07/owl#Class>
<http://purl.obolibrary.org/obo/OAE_0001743>	<http://www.w3.org/2002/07/owl#Class>
<http://purl.obolibrary.org/obo/OAE_0001744>	<http://www.w3.org/2002/07/owl#Class>
<http://purl.obolibrary.org/obo/OAE_0001746>	<http://www.w3.org/2002/07/owl#Class>
<http://purl.obolibrary.org/obo/OAE_0001747>	<http://www.w3.org/2002/07/owl#Class>
<http://purl.obolibrary.org/obo/OAE_0001748>	<http://www.w3.org/2002/07/owl#Class>
<http://purl.obolibrary.org/obo/OAE_0001749>	<http://www.w3.org/2002/07/owl#Class>
<http://purl.obolibrary.org/obo/OAE_0001751>	<http://www.w3.org/2002/07/owl#Class>
<http://purl.obolibrary.org/obo/OAE_0001752>	<http://www.w3.org/2002/07/owl#Class>
<http://purl.obolibrary.org/obo/OAE_0001753>	<http://www.w3.org/2002/07/owl#Class>
<http://purl.obolibrary.org/obo/OAE_0001754>	<http://www.w3.org/2002/07/owl#Class>
<http://purl.obolibrary.org/obo/OAE_0001755>	<http://www.w3.org/2002/07/owl#Class>
<http://purl.obolibrary.org/obo/OAE_0001756>	<http://www.w3.org/2002/07/owl#Class>
<http://purl.obolibrary.org/obo/OAE_0001757>	<http://www.w3.org/2002/07/owl#Class>
<http://purl.obolibrary.org/obo/OAE_0001758>	<http://www.w3.org/2002/07/owl#Class>
<http://purl.obolibrary.org/obo/OAE_0001759>	<http://www.w3.org/2002/07/owl#Class>
<http://purl.obolibrary.org/obo/OAE_0001760>	<http://www.w3.org/2002/07/owl#Class>
<http://purl.obolibrary.org/obo/OAE_0001761>	<http://www.w3.org/2002/07/owl#Class>
<http://purl.obolibrary.org/obo/OAE_0001762>	<http://www.w3.org/2002/07/owl#Class>
<http://purl.obolibrary.org/obo/OAE_0001763>	<http://www.w3.org/2002/07/owl#Class>
<http://purl.obolibrary.org/obo/OAE_0001764>	<http://www.w3.org/2002/07/owl#Class>
<http://purl.obolibrary.org/obo/OAE_0001765>	<http://www.w3.org/2002/07/owl#Class>
<http://purl.obolibrary.org/obo/OAE_0001766>	<http://www.w3.org/2002/07/owl#Class>
<http://purl.obolibrary.org/obo/OAE_0001767>	<http://www.w3.org/2002/07/owl#Class>
<http://purl.obolibrary.org/obo/OAE_0001768>	<http://www.w3.org/2002/07/owl#Class>
<http://purl.obolibrary.org/obo/OAE_0001769>	<http://www.w3.org/2002/07/owl#Class>
<http://purl.obolibrary.org/obo/OAE_0001771>	<http://www.w3.org/2002/07/owl#Class>
<http://purl.obolibrary.org/obo/OAE_0001772>	<http://www.w3.org/2002/07/owl#Class>
<http://purl.obolibrary.org/obo/OAE_0001773>	<http://www.w3.org/2002/07/owl#Class>
<http://purl.obolibrary.org/obo/OAE_0001774>	<http://www.w3.org/2002/07/owl#Class>
<http://purl.obolibrary.org/obo/OAE_0001775>	<http://www.w3.org/2002/07/owl#Class>
<http://purl.obolibrary.org/obo/OAE_0001777>	<http://www.w3.org/2002/07/owl#Class>
<http://purl.obolibrary.org/obo/OAE_0001778>	<http://www.w3.org/2002/07/owl#Class>
<http://purl.obolibrary.org/obo/OAE_0001779>	<http://www.w3.org/2002/07/owl#Class>
<http://purl.obolibrary.org/obo/OAE_0001780>	<http://www.w3.org/2002/07/owl#Class>
<http://purl.obolibrary.org/obo/OAE_0001781>	<http://www.w3.org/2002/07/owl#Class>
<http://purl.obolibrary.org/obo/OAE_0001782>	<http://www.w3.org/2002/07/owl#Class>
<http://purl.obolibrary.org/obo/OAE_0001783>	<http://www.w3.org/2002/07/owl#Class>
<http://purl.obolibrary.org/obo/OAE_0001784>	<http://www.w3.org/2002/07/owl#Class>
<http://purl.obolibrary.org/obo/OAE_0001785>	<http://www.w3.org/2002/07/owl#Class>
<http://purl.obolibrary.org/obo/OAE_0001786>	<http://www.w3.org/2002/07/owl#Class>
<http://purl.obolibrary.org/obo/OAE_0001787>	<http://www.w3.org/2002/07/owl#Class>
<http://purl.obolibrary.org/obo/OAE_0001789>	<http://www.w3.org/2002/07/owl#Class>
<http://purl.obolibrary.org/obo/OAE_0001790>	<http://www.w3.org/2002/07/owl#Class>
<http://purl.obolibrary.org/obo/OAE_0001791>	<http://www.w3.org/2002/07/owl#Class>
<http://purl.obolibrary.org/obo/OAE_0001792>	<http://www.w3.org/2002/07/owl#Class>
<http://purl.obolibrary.org/obo/OAE_0001793>	<http://www.w3.org/2002/07/owl#Class>
<http://purl.obolibrary.org/obo/OAE_0001794>	<http://www.w3.org/2002/07/owl#Class>
<http://purl.obolibrary.org/obo/OAE_0001795>	<http://www.w3.org/2002/07/owl#Class>
<http://purl.obolibrary.org/obo/OAE_0001796>	<http://www.w3.org/2002/07/owl#Class>
<http://purl.obolibrary.org/obo/OAE_0001797>	<http://www.w3.org/2002/07/owl#Class>
<http://purl.obolibrary.org/obo/OAE_0001798>	<http://www.w3.org/2002/07/owl#Class>
<http://purl.obolibrary.org/obo/OAE_0001799>	<http://www.w3.org/2002/07/owl#Class>
<http://purl.obolibrary.org/obo/OAE_0001800>	<http://www.w3.org/2002/07/owl#Class>
<http://purl.obolibrary.org/obo/OAE_0001801>	<http://www.w3.org/2002/07/owl#Class>
<http://purl.obolibrary.org/obo/OAE_0001802>	<http://www.w3.org/2002/07/owl#Class>
<http://purl.obolibrary.org/obo/OAE_0001805>	<http://www.w3.org/2002/07/owl#Class>
<http://purl.obolibrary.org/obo/OAE_0001806>	<http://www.w3.org/2002/07/owl#Class>
<http://purl.obolibrary.org/obo/OAE_0001807>	<http://www.w3.org/2002/07/owl#Class>
<http://purl.obolibrary.org/obo/OAE_0001808>	<http://www.w3.org/2002/07/owl#Class>
<http://purl.obolibrary.org/obo/OAE_0001809>	<http://www.w3.org/2002/07/owl#Class>
<http://purl.obolibrary.org/obo/OAE_0001843>	<http://www.w3.org/2002/07/owl#Class>
<http://purl.obolibrary.org/obo/OAE_0001844>	<http://www.w3.org/2002/07/owl#Class>
<http://purl.obolibrary.org/obo/OAE_0001845>	<http://www.w3.org/2002/07/owl#Class>
<http://purl.obolibrary.org/obo/OAE_0001847>	<http://www.w3.org/2002/07/owl#Class>
<http://purl.obolibrary.org/obo/OAE_0001848>	<http://www.w3.org/2002/07/owl#Class>
<http://purl.obolibrary.org/obo/OAE_0001850>	<http://www.w3.org/2002/07/owl#Class>
<http://purl.obolibrary.org/obo/OAE_0001851>	<http://www.w3.org/2002/07/owl#Class>
<http://purl.obolibrary.org/obo/OAE_0001852>	<http://www.w3.org/2002/07/owl#Class>
<http://purl.obolibrary.org/obo/OAE_0001853>	<http://www.w3.org/2002/07/owl#Class>
<http://purl.obolibrary.org/obo/OAE_0001854>	<http://www.w3.org/2002/07/owl#Class>
<http://purl.obolibrary.org/obo/OAE_0001855>	<http://www.w3.org/2002/07/owl#Class>
<http://purl.obolibrary.org/obo/OAE_0001856>	<http://www.w3.org/2002/07/owl#Class>
<http://purl.obolibrary.org/obo/OAE_0001857>	<http://www.w3.org/2002/07/owl#Class>
<http://purl.obolibrary.org/obo/OAE_0001858>	<http://www.w3.org/2002/07/owl#Class>
<http://purl.obolibrary.org/obo/OAE_0001859>	<http://www.w3.org/2002/07/owl#Class>
<http://purl.obolibrary.org/obo/OAE_0001860>	<http://www.w3.org/2002/07/owl#Class>
<http://purl.obolibrary.org/obo/OAE_0001861>	<http://www.w3.org/2002/07/owl#Class>
<http://purl.obolibrary.org/obo/OAE_0001862>	<http://www.w3.org/2002/07/owl#Class>
<http://purl.obolibrary.org/obo/OAE_0001863>	<http://www.w3.org/2002/07/owl#Class>
<http://purl.obolibrary.org/obo/OAE_0001864>	<http://www.w3.org/2002/07/owl#Class>
<http://purl.obolibrary.org/obo/OAE_0001865>	<http://www.w3.org/2002/07/owl#Class>
<http://purl.obolibrary.org/obo/OAE_0001866>	<http://www.w3.org/2002/07/owl#Class>
<http://purl.obolibrary.org/obo/OAE_0001874>	<http://www.w3.org/2002/07/owl#Class>
<http://purl.obolibrary.org/obo/OAE_0001875>	<http://www.w3.org/2002/07/owl#Class>
<http://purl.obolibrary.org/obo/OAE_0001876>	<http://www.w3.org/2002/07/owl#Class>
<http://purl.obolibrary.org/obo/OAE_0001877>	<http://www.w3.org/2002/07/owl#Class>
<http://purl.obolibrary.org/obo/OAE_0001878>	<http://www.w3.org/2002/07/owl#Class>
<http://purl.obolibrary.org/obo/OAE_0001879>	<http://www.w3.org/2002/07/owl#Class>
<http://purl.obolibrary.org/obo/OAE_0001880>	<http://www.w3.org/2002/07/owl#Class>
<http://purl.obolibrary.org/obo/OAE_0001881>	<http://www.w3.org/2002/07/owl#Class>
<http://purl.obolibrary.org/obo/OAE_0001882>	<http://www.w3.org/2002/07/owl#Class>
<http://purl.obolibrary.org/obo/OAE_0001883>	<http://www.w3.org/2002/07/owl#Class>
<http://purl.obolibrary.org/obo/OAE_0001884>	<http://www.w3.org/2002/07/owl#Class>
<http://purl.obolibrary.org/obo/OAE_0001885>	<http://www.w3.org/2002/07/owl#Class>
<http://purl.obolibrary.org/obo/OAE_0001886>	<http://www.w3.org/2002/07/owl#Class>
<http://purl.obolibrary.org/obo/OAE_0001887>	<http://www.w3.org/2002/07/owl#Class>
<http://purl.obolibrary.org/obo/OAE_0001888>	<http://www.w3.org/2002/07/owl#Class>
<http://purl.obolibrary.org/obo/OAE_0001889>	<http://www.w3.org/2002/07/owl#Class>
<http://purl.obolibrary.org/obo/OAE_0001890>	<http://www.w3.org/2002/07/owl#Class>
<http://purl.obolibrary.org/obo/OAE_0001891>	<http://www.w3.org/2002/07/owl#Class>
<http://purl.obolibrary.org/obo/OAE_0001892>	<http://www.w3.org/2002/07/owl#Class>
<http://purl.obolibrary.org/obo/OAE_0001893>	<http://www.w3.org/2002/07/owl#Class>
<http://purl.obolibrary.org/obo/OAE_0001894>	<http://www.w3.org/2002/07/owl#Class>
<http://purl.obolibrary.org/obo/OAE_0001895>	<http://www.w3.org/2002/07/owl#Class>
<http://purl.obolibrary.org/obo/OAE_0001896>	<http://www.w3.org/2002/07/owl#Class>
<http://purl.obolibrary.org/obo/OAE_0001897>	<http://www.w3.org/2002/07/owl#Class>
<http://purl.obolibrary.org/obo/OAE_0001898>	<http://www.w3.org/2002/07/owl#Class>
<http://purl.obolibrary.org/obo/OAE_0001899>	<http://www.w3.org/2002/07/owl#Class>
<http://purl.obolibrary.org/obo/OAE_0001900>	<http://www.w3.org/2002/07/owl#Class>
<http://purl.obolibrary.org/obo/OAE_0001901>	<http://www.w3.org/2002/07/owl#Class>
<http://purl.obolibrary.org/obo/OAE_0001902>	<http://www.w3.org/2002/07/owl#Class>
<http://purl.obolibrary.org/obo/OAE_0001903>	<http://www.w3.org/2002/07/owl#Class>
<http://purl.obolibrary.org/obo/OAE_0001904>	<http://www.w3.org/2002/07/owl#Class>
<http://purl.obolibrary.org/obo/OAE_0001905>	<http://www.w3.org/2002/07/owl#Class>
<http://purl.obolibrary.org/obo/OAE_0001906>	<http://www.w3.org/2002/07/owl#Class>
<http://purl.obolibrary.org/obo/OAE_0001907>	<http://www.w3.org/2002/07/owl#Class>
<http://purl.obolibrary.org/obo/OAE_0001908>	<http://www.w3.org/2002/07/owl#Class>
<http://purl.obolibrary.org/obo/OAE_0001909>	<http://www.w3.org/2002/07/owl#Class>
<http://purl.obolibrary.org/obo/OAE_0001910>	<http://www.w3.org/2002/07/owl#Class>
<http://purl.obolibrary.org/obo/OAE_0001911>	<http://www.w3.org/2002/07/owl#Class>
<http://purl.obolibrary.org/obo/OAE_0001912>	<http://www.w3.org/2002/07/owl#Class>
<http://purl.obolibrary.org/obo/OAE_0001913>	<http://www.w3.org/2002/07/owl#Class>
<http://purl.obolibrary.org/obo/OAE_0001914>	<http://www.w3.org/2002/07/owl#Class>
<http://purl.obolibrary.org/obo/OAE_0001915>	<http://www.w3.org/2002/07/owl#Class>
<http://purl.obolibrary.org/obo/OAE_0001916>	<http://www.w3.org/2002/07/owl#Class>
<http://purl.obolibrary.org/obo/OAE_0001917>	<http://www.w3.org/2002/07/owl#Class>
<http://purl.obolibrary.org/obo/OAE_0001918>	<http://www.w3.org/2002/07/owl#Class>
<http://purl.obolibrary.org/obo/OAE_0001919>	<http://www.w3.org/2002/07/owl#Class>
<http://purl.obolibrary.org/obo/OAE_0001920>	<http://www.w3.org/2002/07/owl#Class>
<http://purl.obolibrary.org/obo/OAE_0001921>	<http://www.w3.org/2002/07/owl#Class>
<http://purl.obolibrary.org/obo/OAE_0001922>	<http://www.w3.org/2002/07/owl#Class>
<http://purl.obolibrary.org/obo/OAE_0001923>	<http://www.w3.org/2002/07/owl#Class>
<http://purl.obolibrary.org/obo/OAE_0001924>	<http://www.w3.org/2002/07/owl#Class>
<http://purl.obolibrary.org/obo/OAE_0001925>	<http://www.w3.org/2002/07/owl#Class>
<http://purl.obolibrary.org/obo/OAE_0001926>	<http://www.w3.org/2002/07/owl#Class>
<http://purl.obolibrary.org/obo/OAE_0001927>	<http://www.w3.org/2002/07/owl#Class>
<http://purl.obolibrary.org/obo/OAE_0001928>	<http://www.w3.org/2002/07/owl#Class>
<http://purl.obolibrary.org/obo/OAE_0001929>	<http://www.w3.org/2002/07/owl#Class>
<http://purl.obolibrary.org/obo/OAE_0001930>	<http://www.w3.org/2002/07/owl#Class>
<http://purl.obolibrary.org/obo/OAE_0001931>	<http://www.w3.org/2002/07/owl#Class>
<http://purl.obolibrary.org/obo/OAE_0001932>	<http://www.w3.org/2002/07/owl#Class>
<http://purl.obolibrary.org/obo/OAE_0001933>	<http://www.w3.org/2002/07/owl#Class>
<http://purl.obolibrary.org/obo/OAE_0001934>	<http://www.w3.org/2002/07/owl#Class>
<http://purl.obolibrary.org/obo/OAE_0001935>	<http://www.w3.org/2002/07/owl#Class>
<http://purl.obolibrary.org/obo/OAE_0001936>	<http://www.w3.org/2002/07/owl#Class>
<http://purl.obolibrary.org/obo/OAE_0001937>	<http://www.w3.org/2002/07/owl#Class>
<http://purl.obolibrary.org/obo/OAE_0001938>	<http://www.w3.org/2002/07/owl#Class>
<http://purl.obolibrary.org/obo/OAE_0001939>	<http://www.w3.org/2002/07/owl#Class>
<http://purl.obolibrary.org/obo/OAE_0001940>	<http://www.w3.org/2002/07/owl#Class>
<http://purl.obolibrary.org/obo/OAE_0001941>	<http://www.w3.org/2002/07/owl#Class>
<http://purl.obolibrary.org/obo/OAE_0001942>	<http://www.w3.org/2002/07/owl#Class>
<http://purl.obolibrary.org/obo/OAE_0001943>	<http://www.w3.org/2002/07/owl#Class>
<http://purl.obolibrary.org/obo/OAE_0001944>	<http://www.w3.org/2002/07/owl#Class>
<http://purl.obolibrary.org/obo/OAE_0001945>	<http://www.w3.org/2002/07/owl#Class>
<http://purl.obolibrary.org/obo/OAE_0001946>	<http://www.w3.org/2002/07/owl#Class>
<http://purl.obolibrary.org/obo/OAE_0001947>	<http://www.w3.org/2002/07/owl#Class>
<http://purl.obolibrary.org/obo/OAE_0001948>	<http://www.w3.org/2002/07/owl#Class>
<http://purl.obolibrary.org/obo/OAE_0001949>	<http://www.w3.org/2002/07/owl#Class>
<http://purl.obolibrary.org/obo/OAE_0001950>	<http://www.w3.org/2002/07/owl#Class>
<http://purl.obolibrary.org/obo/OAE_0001951>	<http://www.w3.org/2002/07/owl#Class>
<http://purl.obolibrary.org/obo/OAE_0001952>	<http://www.w3.org/2002/07/owl#Class>
<http://purl.obolibrary.org/obo/OAE_0001953>	<http://www.w3.org/2002/07/owl#Class>
<http://purl.obolibrary.org/obo/OAE_0001954>	<http://www.w3.org/2002/07/owl#Class>
<http://purl.obolibrary.org/obo/OAE_0001955>	<http://www.w3.org/2002/07/owl#Class>
<http://purl.obolibrary.org/obo/OAE_0001956>	<http://www.w3.org/2002/07/owl#Class>
<http://purl.obolibrary.org/obo/OAE_0001957>	<http://www.w3.org/2002/07/owl#Class>
<http://purl.obolibrary.org/obo/OAE_0001958>	<http://www.w3.org/2002/07/owl#Class>
<http://purl.obolibrary.org/obo/OAE_0001959>	<http://www.w3.org/2002/07/owl#Class>
<http://purl.obolibrary.org/obo/OAE_0001960>	<http://www.w3.org/2002/07/owl#Class>
<http://purl.obolibrary.org/obo/OAE_0001961>	<http://www.w3.org/2002/07/owl#Class>
<http://purl.obolibrary.org/obo/OAE_0001962>	<http://www.w3.org/2002/07/owl#Class>
<http://purl.obolibrary.org/obo/OAE_0001963>	<http://www.w3.org/2002/07/owl#Class>
<http://purl.obolibrary.org/obo/OAE_0001964>	<http://www.w3.org/2002/07/owl#Class>
<http://purl.obolibrary.org/obo/OAE_0001965>	<http://www.w3.org/2002/07/owl#Class>
<http://purl.obolibrary.org/obo/OAE_0001966>	<http://www.w3.org/2002/07/owl#Class>
<http://purl.obolibrary.org/obo/OAE_0001967>	<http://www.w3.org/2002/07/owl#Class>
<http://purl.obolibrary.org/obo/OAE_0001968>	<http://www.w3.org/2002/07/owl#Class>
<http://purl.obolibrary.org/obo/OAE_0001969>	<http://www.w3.org/2002/07/owl#Class>
<http://purl.obolibrary.org/obo/OAE_0001970>	<http://www.w3.org/2002/07/owl#Class>
<http://purl.obolibrary.org/obo/OAE_0001971>	<http://www.w3.org/2002/07/owl#Class>
<http://purl.obolibrary.org/obo/OAE_0001972>	<http://www.w3.org/2002/07/owl#Class>
<http://purl.obolibrary.org/obo/OAE_0001973>	<http://www.w3.org/2002/07/owl#Class>
<http://purl.obolibrary.org/obo/OAE_0001974>	<http://www.w3.org/2002/07/owl#Class>
<http://purl.obolibrary.org/obo/OAE_0001975>	<http://www.w3.org/2002/07/owl#Class>
<http://purl.obolibrary.org/obo/OAE_0001976>	<http://www.w3.org/2002/07/owl#Class>
<http://purl.obolibrary.org/obo/OAE_0001977>	<http://www.w3.org/2002/07/owl#Class>
<http://purl.obolibrary.org/obo/OAE_0001978>	<http://www.w3.org/2002/07/owl#Class>
<http://purl.obolibrary.org/obo/OAE_0001979>	<http://www.w3.org/2002/07/owl#Class>
<http://purl.obolibrary.org/obo/OAE_0001980>	<http://www.w3.org/2002/07/owl#Class>
<http://purl.obolibrary.org/obo/OAE_0001981>	<http://www.w3.org/2002/07/owl#Class>
<http://purl.obolibrary.org/obo/OAE_0001982>	<http://www.w3.org/2002/07/owl#Class>
<http://purl.obolibrary.org/obo/OAE_0001983>	<http://www.w3.org/2002/07/owl#Class>
<http://purl.obolibrary.org/obo/OAE_0001984>	<http://www.w3.org/2002/07/owl#Class>
<http://purl.obolibrary.org/obo/OAE_0001985>	<http://www.w3.org/2002/07/owl#Class>
<http://purl.obolibrary.org/obo/OAE_0001986>	<http://www.w3.org/2002/07/owl#Class>
<http://purl.obolibrary.org/obo/OAE_0001987>	<http://www.w3.org/2002/07/owl#Class>
<http://purl.obolibrary.org/obo/OAE_0001988>	<http://www.w3.org/2002/07/owl#Class>
<http://purl.obolibrary.org/obo/OAE_0001989>	<http://www.w3.org/2002/07/owl#Class>
<http://purl.obolibrary.org/obo/OAE_0001990>	<http://www.w3.org/2002/07/owl#Class>
<http://purl.obolibrary.org/obo/OAE_0001991>	<http://www.w3.org/2002/07/owl#Class>
<http://purl.obolibrary.org/obo/OAE_0001992>	<http://www.w3.org/2002/07/owl#Class>
<http://purl.obolibrary.org/obo/OAE_0001993>	<http://www.w3.org/2002/07/owl#Class>
<http://purl.obolibrary.org/obo/OAE_0001994>	<http://www.w3.org/2002/07/owl#Class>
<http://purl.obolibrary.org/obo/OAE_0001995>	<http://www.w3.org/2002/07/owl#Class>
<http://purl.obolibrary.org/obo/OAE_0001996>	<http://www.w3.org/2002/07/owl#Class>
<http://purl.obolibrary.org/obo/OAE_0001997>	<http://www.w3.org/2002/07/owl#Class>
<http://purl.obolibrary.org/obo/OAE_0001998>	<http://www.w3.org/2002/07/owl#Class>
<http://purl.obolibrary.org/obo/OAE_0001999>	<http://www.w3.org/2002/07/owl#Class>
<http://purl.obolibrary.org/obo/OAE_0002000>	<http://www.w3.org/2002/07/owl#Class>
<http://purl.obolibrary.org/obo/OAE_0002001>	<http://www.w3.org/2002/07/owl#Class>
<http://purl.obolibrary.org/obo/OAE_0002002>	<http://www.w3.org/2002/07/owl#Class>
<http://purl.obolibrary.org/obo/OAE_0002003>	<http://www.w3.org/2002/07/owl#Class>
<http://purl.obolibrary.org/obo/OAE_0002004>	<http://www.w3.org/2002/07/owl#Class>
<http://purl.obolibrary.org/obo/OAE_0002005>	<http://www.w3.org/2002/07/owl#Class>
<http://purl.obolibrary.org/obo/OAE_0002006>	<http://www.w3.org/2002/07/owl#Class>
<http://purl.obolibrary.org/obo/OAE_0002007>	<http://www.w3.org/2002/07/owl#Class>
<http://purl.obolibrary.org/obo/OAE_0002008>	<http://www.w3.org/2002/07/owl#Class>
<http://purl.obolibrary.org/obo/OAE_0002009>	<http://www.w3.org/2002/07/owl#Class>
<http://purl.obolibrary.org/obo/OAE_0002010>	<http://www.w3.org/2002/07/owl#Class>
<http://purl.obolibrary.org/obo/OAE_0002011>	<http://www.w3.org/2002/07/owl#Class>
<http://purl.obolibrary.org/obo/OAE_0002012>	<http://www.w3.org/2002/07/owl#Class>
<http://purl.obolibrary.org/obo/OAE_0002013>	<http://www.w3.org/2002/07/owl#Class>
<http://purl.obolibrary.org/obo/OAE_0002014>	<http://www.w3.org/2002/07/owl#Class>
<http://purl.obolibrary.org/obo/OAE_0002015>	<http://www.w3.org/2002/07/owl#Class>
<http://purl.obolibrary.org/obo/OAE_0002016>	<http://www.w3.org/2002/07/owl#Class>
<http://purl.obolibrary.org/obo/OAE_0002017>	<http://www.w3.org/2002/07/owl#Class>
<http://purl.obolibrary.org/obo/OAE_0002018>	<http://www.w3.org/2002/07/owl#Class>
<http://purl.obolibrary.org/obo/OAE_0002019>	<http://www.w3.org/2002/07/owl#Class>
<http://purl.obolibrary.org/obo/OAE_0002020>	<http://www.w3.org/2002/07/owl#Class>
<http://purl.obolibrary.org/obo/OAE_0002021>	<http://www.w3.org/2002/07/owl#Class>
<http://purl.obolibrary.org/obo/OAE_0002022>	<http://www.w3.org/2002/07/owl#Class>
<http://purl.obolibrary.org/obo/OAE_0002023>	<http://www.w3.org/2002/07/owl#Class>
<http://purl.obolibrary.org/obo/OAE_0002024>	<http://www.w3.org/2002/07/owl#Class>
<http://purl.obolibrary.org/obo/OAE_0002025>	<http://www.w3.org/2002/07/owl#Class>
<http://purl.obolibrary.org/obo/OAE_0002026>	<http://www.w3.org/2002/07/owl#Class>
<http://purl.obolibrary.org/obo/OAE_0002027>	<http://www.w3.org/2002/07/owl#Class>
<http://purl.obolibrary.org/obo/OAE_0002028>	<http://www.w3.org/2002/07/owl#Class>
<http://purl.obolibrary.org/obo/OAE_0002029>	<http://www.w3.org/2002/07/owl#Class>
<http://purl.obolibrary.org/obo/OAE_0002030>	<http://www.w3.org/2002/07/owl#Class>
<http://purl.obolibrary.org/obo/OAE_0002031>	<http://www.w3.org/2002/07/owl#Class>
<http://purl.obolibrary.org/obo/OAE_0002032>	<http://www.w3.org/2002/07/owl#Class>
<http://purl.obolibrary.org/obo/OAE_0002033>	<http://www.w3.org/2002/07/owl#Class>
<http://purl.obolibrary.org/obo/OAE_0002034>	<http://www.w3.org/2002/07/owl#Class>
<http://purl.obolibrary.org/obo/OAE_0002035>	<http://www.w3.org/2002/07/owl#Class>
<http://purl.obolibrary.org/obo/OAE_0002036>	<http://www.w3.org/2002/07/owl#Class>
<http://purl.obolibrary.org/obo/OAE_0002037>	<http://www.w3.org/2002/07/owl#Class>
<http://purl.obolibrary.org/obo/OAE_0002038>	<http://www.w3.org/2002/07/owl#Class>
<http://purl.obolibrary.org/obo/OAE_0002039>	<http://www.w3.org/2002/07/owl#Class>
<http://purl.obolibrary.org/obo/OAE_0002040>	<http://www.w3.org/2002/07/owl#Class>
<http://purl.obolibrary.org/obo/OAE_0002041>	<http://www.w3.org/2002/07/owl#Class>
<http://purl.obolibrary.org/obo/OAE_0002042>	<http://www.w3.org/2002/07/owl#Class>
<http://purl.obolibrary.org/obo/OAE_0002043>	<http://www.w3.org/2002/07/owl#Class>
<http://purl.obolibrary.org/obo/OAE_0002044>	<http://www.w3.org/2002/07/owl#Class>
<http://purl.obolibrary.org/obo/OAE_0002045>	<http://www.w3.org/2002/07/owl#Class>
<http://purl.obolibrary.org/obo/OAE_0002046>	<http://www.w3.org/2002/07/owl#Class>
<http://purl.obolibrary.org/obo/OAE_0002047>	<http://www.w3.org/2002/07/owl#Class>
<http://purl.obolibrary.org/obo/OAE_0002048>	<http://www.w3.org/2002/07/owl#Class>
<http://purl.obolibrary.org/obo/OAE_0002049>	<http://www.w3.org/2002/07/owl#Class>
<http://purl.obolibrary.org/obo/OAE_0002050>	<http://www.w3.org/2002/07/owl#Class>
<http://purl.obolibrary.org/obo/OAE_0002051>	<http://www.w3.org/2002/07/owl#Class>
<http://purl.obolibrary.org/obo/OAE_0002052>	<http://www.w3.org/2002/07/owl#Class>
<http://purl.obolibrary.org/obo/OAE_0002053>	<http://www.w3.org/2002/07/owl#Class>
<http://purl.obolibrary.org/obo/OAE_0002054>	<http://www.w3.org/2002/07/owl#Class>
<http://purl.obolibrary.org/obo/OAE_0002055>	<http://www.w3.org/2002/07/owl#Class>
<http://purl.obolibrary.org/obo/OAE_0002056>	<http://www.w3.org/2002/07/owl#Class>
<http://purl.obolibrary.org/obo/OAE_0002057>	<http://www.w3.org/2002/07/owl#Class>
<http://purl.obolibrary.org/obo/OAE_0002058>	<http://www.w3.org/2002/07/owl#Class>
<http://purl.obolibrary.org/obo/OAE_0002059>	<http://www.w3.org/2002/07/owl#Class>
<http://purl.obolibrary.org/obo/OAE_0002060>	<http://www.w3.org/2002/07/owl#Class>
<http://purl.obolibrary.org/obo/OAE_0002061>	<http://www.w3.org/2002/07/owl#Class>
<http://purl.obolibrary.org/obo/OAE_0002062>	<http://www.w3.org/2002/07/owl#Class>
<http://purl.obolibrary.org/obo/OAE_0002063>	<http://www.w3.org/2002/07/owl#Class>
<http://purl.obolibrary.org/obo/OAE_0002064>	<http://www.w3.org/2002/07/owl#Class>
<http://purl.obolibrary.org/obo/OAE_0002065>	<http://www.w3.org/2002/07/owl#Class>
<http://purl.obolibrary.org/obo/OAE_0002066>	<http://www.w3.org/2002/07/owl#Class>
<http://purl.obolibrary.org/obo/OAE_0002067>	<http://www.w3.org/2002/07/owl#Class>
<http://purl.obolibrary.org/obo/OAE_0002068>	<http://www.w3.org/2002/07/owl#Class>
<http://purl.obolibrary.org/obo/OAE_0002069>	<http://www.w3.org/2002/07/owl#Class>
<http://purl.obolibrary.org/obo/OAE_0002070>	<http://www.w3.org/2002/07/owl#Class>
<http://purl.obolibrary.org/obo/OAE_0002071>	<http://www.w3.org/2002/07/owl#Class>
<http://purl.obolibrary.org/obo/OAE_0002072>	<http://www.w3.org/2002/07/owl#Class>
<http://purl.obolibrary.org/obo/OAE_0002073>	<http://www.w3.org/2002/07/owl#Class>
<http://purl.obolibrary.org/obo/OAE_0002074>	<http://www.w3.org/2002/07/owl#Class>
<http://purl.obolibrary.org/obo/OAE_0002075>	<http://www.w3.org/2002/07/owl#Class>
<http://purl.obolibrary.org/obo/OAE_0002076>	<http://www.w3.org/2002/07/owl#Class>
<http://purl.obolibrary.org/obo/OAE_0002077>	<http://www.w3.org/2002/07/owl#Class>
<http://purl.obolibrary.org/obo/OAE_0002078>	<http://www.w3.org/2002/07/owl#Class>
<http://purl.obolibrary.org/obo/OAE_0002079>	<http://www.w3.org/2002/07/owl#Class>
<http://purl.obolibrary.org/obo/OAE_0002080>	<http://www.w3.org/2002/07/owl#Class>
<http://purl.obolibrary.org/obo/OAE_0002082>	<http://www.w3.org/2002/07/owl#Class>
<http://purl.obolibrary.org/obo/OAE_0002083>	<http://www.w3.org/2002/07/owl#Class>
<http://purl.obolibrary.org/obo/OAE_0002084>	<http://www.w3.org/2002/07/owl#Class>
<http://purl.obolibrary.org/obo/OAE_0002085>	<http://www.w3.org/2002/07/owl#Class>
<http://purl.obolibrary.org/obo/OAE_0002086>	<http://www.w3.org/2002/07/owl#Class>
<http://purl.obolibrary.org/obo/OAE_0002087>	<http://www.w3.org/2002/07/owl#Class>
<http://purl.obolibrary.org/obo/OAE_0002088>	<http://www.w3.org/2002/07/owl#Class>
<http://purl.obolibrary.org/obo/OAE_0002089>	<http://www.w3.org/2002/07/owl#Class>
<http://purl.obolibrary.org/obo/OAE_0002090>	<http://www.w3.org/2002/07/owl#Class>
<http://purl.obolibrary.org/obo/OAE_0002091>	<http://www.w3.org/2002/07/owl#Class>
<http://purl.obolibrary.org/obo/OAE_0002092>	<http://www.w3.org/2002/07/owl#Class>
<http://purl.obolibrary.org/obo/OAE_0002093>	<http://www.w3.org/2002/07/owl#Class>
<http://purl.obolibrary.org/obo/OAE_0002094>	<http://www.w3.org/2002/07/owl#Class>
<http://purl.obolibrary.org/obo/OAE_0002095>	<http://www.w3.org/2002/07/owl#Class>
<http://purl.obolibrary.org/obo/OAE_0002096>	<http://www.w3.org/2002/07/owl#Class>
<http://purl.obolibrary.org/obo/OAE_0002097>	<http://www.w3.org/2002/07/owl#Class>
<http://purl.obolibrary.org/obo/OAE_0002098>	<http://www.w3.org/2002/07/owl#Class>
<http://purl.obolibrary.org/obo/OAE_0002099>	<http://www.w3.org/2002/07/owl#Class>
<http://purl.obolibrary.org/obo/OAE_0002100>	<http://www.w3.org/2002/07/owl#Class>
<http://purl.obolibrary.org/obo/OAE_0002101>	<http://www.w3.org/2002/07/owl#Class>
<http://purl.obolibrary.org/obo/OAE_0002102>	<http://www.w3.org/2002/07/owl#Class>
<http://purl.obolibrary.org/obo/OAE_0002103>	<http://www.w3.org/2002/07/owl#Class>
<http://purl.obolibrary.org/obo/OAE_0002104>	<http://www.w3.org/2002/07/owl#Class>
<http://purl.obolibrary.org/obo/OAE_0002105>	<http://www.w3.org/2002/07/owl#Class>
<http://purl.obolibrary.org/obo/OAE_0002106>	<http://www.w3.org/2002/07/owl#Class>
<http://purl.obolibrary.org/obo/OAE_0002107>	<http://www.w3.org/2002/07/owl#Class>
<http://purl.obolibrary.org/obo/OAE_0002108>	<http://www.w3.org/2002/07/owl#Class>
<http://purl.obolibrary.org/obo/OAE_0002109>	<http://www.w3.org/2002/07/owl#Class>
<http://purl.obolibrary.org/obo/OAE_0002110>	<http://www.w3.org/2002/07/owl#Class>
<http://purl.obolibrary.org/obo/OAE_0002111>	<http://www.w3.org/2002/07/owl#Class>
<http://purl.obolibrary.org/obo/OAE_0002112>	<http://www.w3.org/2002/07/owl#Class>
<http://purl.obolibrary.org/obo/OAE_0002113>	<http://www.w3.org/2002/07/owl#Class>
<http://purl.obolibrary.org/obo/OAE_0002114>	<http://www.w3.org/2002/07/owl#Class>
<http://purl.obolibrary.org/obo/OAE_0002115>	<http://www.w3.org/2002/07/owl#Class>
<http://purl.obolibrary.org/obo/OAE_0002116>	<http://www.w3.org/2002/07/owl#Class>
<http://purl.obolibrary.org/obo/OAE_0002117>	<http://www.w3.org/2002/07/owl#Class>
<http://purl.obolibrary.org/obo/OAE_0002118>	<http://www.w3.org/2002/07/owl#Class>
<http://purl.obolibrary.org/obo/OAE_0002119>	<http://www.w3.org/2002/07/owl#Class>
<http://purl.obolibrary.org/obo/OAE_0002121>	<http://www.w3.org/2002/07/owl#Class>
<http://purl.obolibrary.org/obo/OAE_0002122>	<http://www.w3.org/2002/07/owl#Class>
<http://purl.obolibrary.org/obo/OAE_0002123>	<http://www.w3.org/2002/07/owl#Class>
<http://purl.obolibrary.org/obo/OAE_0002124>	<http://www.w3.org/2002/07/owl#Class>
<http://purl.obolibrary.org/obo/OAE_0002125>	<http://www.w3.org/2002/07/owl#Class>
<http://purl.obolibrary.org/obo/OAE_0002126>	<http://www.w3.org/2002/07/owl#Class>
<http://purl.obolibrary.org/obo/OAE_0002127>	<http://www.w3.org/2002/07/owl#Class>
<http://purl.obolibrary.org/obo/OAE_0002128>	<http://www.w3.org/2002/07/owl#Class>
<http://purl.obolibrary.org/obo/OAE_0002129>	<http://www.w3.org/2002/07/owl#Class>
<http://purl.obolibrary.org/obo/OAE_0002130>	<http://www.w3.org/2002/07/owl#Class>
<http://purl.obolibrary.org/obo/OAE_0002131>	<http://www.w3.org/2002/07/owl#Class>
<http://purl.obolibrary.org/obo/OAE_0002132>	<http://www.w3.org/2002/07/owl#Class>
<http://purl.obolibrary.org/obo/OAE_0002133>	<http://www.w3.org/2002/07/owl#Class>
<http://purl.obolibrary.org/obo/OAE_0002134>	<http://www.w3.org/2002/07/owl#Class>
<http://purl.obolibrary.org/obo/OAE_0002135>	<http://www.w3.org/2002/07/owl#Class>
<http://purl.obolibrary.org/obo/OAE_0002136>	<http://www.w3.org/2002/07/owl#Class>
<http://purl.obolibrary.org/obo/OAE_0002137>	<http://www.w3.org/2002/07/owl#Class>
<http://purl.obolibrary.org/obo/OAE_0002138>	<http://www.w3.org/2002/07/owl#Class>
<http://purl.obolibrary.org/obo/OAE_0002139>	<http://www.w3.org/2002/07/owl#Class>
<http://purl.obolibrary.org/obo/OAE_0002140>	<http://www.w3.org/2002/07/owl#Class>
<http://purl.obolibrary.org/obo/OAE_0002141>	<http://www.w3.org/2002/07/owl#Class>
<http://purl.obolibrary.org/obo/OAE_0002142>	<http://www.w3.org/2002/07/owl#Class>
<http://purl.obolibrary.org/obo/OAE_0002143>	<http://www.w3.org/2002/07/owl#Class>
<http://purl.obolibrary.org/obo/OAE_0002144>	<http://www.w3.org/2002/07/owl#Class>
<http://purl.obolibrary.org/obo/OAE_0002145>	<http://www.w3.org/2002/07/owl#Class>
<http://purl.obolibrary.org/obo/OAE_0002146>	<http://www.w3.org/2002/07/owl#Class>
<http://purl.obolibrary.org/obo/OAE_0002147>	<http://www.w3.org/2002/07/owl#Class>
<http://purl.obolibrary.org/obo/OAE_0002148>	<http://www.w3.org/2002/07/owl#Class>
<http://purl.obolibrary.org/obo/OAE_0002149>	<http://www.w3.org/2002/07/owl#Class>
<http://purl.obolibrary.org/obo/OAE_0002150>	<http://www.w3.org/2002/07/owl#Class>
<http://purl.obolibrary.org/obo/OAE_0002151>	<http://www.w3.org/2002/07/owl#Class>
<http://purl.obolibrary.org/obo/OAE_0002152>	<http://www.w3.org/2002/07/owl#Class>
<http://purl.obolibrary.org/obo/OAE_0002153>	<http://www.w3.org/2002/07/owl#Class>
<http://purl.obolibrary.org/obo/OAE_0002154>	<http://www.w3.org/2002/07/owl#Class>
<http://purl.obolibrary.org/obo/OAE_0002155>	<http://www.w3.org/2002/07/owl#Class>
<http://purl.obolibrary.org/obo/OAE_0002156>	<http://www.w3.org/2002/07/owl#Class>
<http://purl.obolibrary.org/obo/OAE_0002157>	<http://www.w3.org/2002/07/owl#Class>
<http://purl.obolibrary.org/obo/OAE_0002158>	<http://www.w3.org/2002/07/owl#Class>
<http://purl.obolibrary.org/obo/OAE_0002159>	<http://www.w3.org/2002/07/owl#Class>
<http://purl.obolibrary.org/obo/OAE_0002160>	<http://www.w3.org/2002/07/owl#Class>
<http://purl.obolibrary.org/obo/OAE_0002161>	<http://www.w3.org/2002/07/owl#Class>
<http://purl.obolibrary.org/obo/OAE_0002162>	<http://www.w3.org/2002/07/owl#Class>
<http://purl.obolibrary.org/obo/OAE_0002163>	<http://www.w3.org/2002/07/owl#Class>
<http://purl.obolibrary.org/obo/OAE_0002164>	<http://www.w3.org/2002/07/owl#Class>
<http://purl.obolibrary.org/obo/OAE_0002165>	<http://www.w3.org/2002/07/owl#Class>
<http://purl.obolibrary.org/obo/OAE_0002166>	<http://www.w3.org/2002/07/owl#Class>
<http://purl.obolibrary.org/obo/OAE_0002167>	<http://www.w3.org/2002/07/owl#Class>
<http://purl.obolibrary.org/obo/OAE_0002168>	<http://www.w3.org/2002/07/owl#Class>
<http://purl.obolibrary.org/obo/OAE_0002169>	<http://www.w3.org/2002/07/owl#Class>
<http://purl.obolibrary.org/obo/OAE_0002170>	<http://www.w3.org/2002/07/owl#Class>
<http://purl.obolibrary.org/obo/OAE_0002171>	<http://www.w3.org/2002/07/owl#Class>
<http://purl.obolibrary.org/obo/OAE_0002172>	<http://www.w3.org/2002/07/owl#Class>
<http://purl.obolibrary.org/obo/OAE_0002173>	<http://www.w3.org/2002/07/owl#Class>
<http://purl.obolibrary.org/obo/OAE_0002174>	<http://www.w3.org/2002/07/owl#Class>
<http://purl.obolibrary.org/obo/OAE_0002175>	<http://www.w3.org/2002/07/owl#Class>
<http://purl.obolibrary.org/obo/OAE_0002176>	<http://www.w3.org/2002/07/owl#Class>
<http://purl.obolibrary.org/obo/OAE_0002177>	<http://www.w3.org/2002/07/owl#Class>
<http://purl.obolibrary.org/obo/OAE_0002178>	<http://www.w3.org/2002/07/owl#Class>
<http://purl.obolibrary.org/obo/OAE_0002179>	<http://www.w3.org/2002/07/owl#Class>
<http://purl.obolibrary.org/obo/OAE_0002180>	<http://www.w3.org/2002/07/owl#Class>
<http://purl.obolibrary.org/obo/OAE_0002181>	<http://www.w3.org/2002/07/owl#Class>
<http://purl.obolibrary.org/obo/OAE_0002182>	<http://www.w3.org/2002/07/owl#Class>
<http://purl.obolibrary.org/obo/OAE_0002183>	<http://www.w3.org/2002/07/owl#Class>
<http://purl.obolibrary.org/obo/OAE_0002184>	<http://www.w3.org/2002/07/owl#Class>
<http://purl.obolibrary.org/obo/OAE_0002185>	<http://www.w3.org/2002/07/owl#Class>
<http://purl.obolibrary.org/obo/OAE_0002186>	<http://www.w3.org/2002/07/owl#Class>
<http://purl.obolibrary.org/obo/OAE_0002187>	<http://www.w3.org/2002/07/owl#Class>
<http://purl.obolibrary.org/obo/OAE_0002188>	<http://www.w3.org/2002/07/owl#Class>
<http://purl.obolibrary.org/obo/OAE_0002189>	<http://www.w3.org/2002/07/owl#Class>
<http://purl.obolibrary.org/obo/OAE_0002190>	<http://www.w3.org/2002/07/owl#Class>
<http://purl.obolibrary.org/obo/OAE_0002191>	<http://www.w3.org/2002/07/owl#Class>
<http://purl.obolibrary.org/obo/OAE_0002192>	<http://www.w3.org/2002/07/owl#Class>
<http://purl.obolibrary.org/obo/OAE_0002193>	<http://www.w3.org/2002/07/owl#Class>
<http://purl.obolibrary.org/obo/OAE_0002194>	<http://www.w3.org/2002/07/owl#Class>
<http://purl.obolibrary.org/obo/OAE_0002195>	<http://www.w3.org/2002/07/owl#Class>
<http://purl.obolibrary.org/obo/OAE_0002196>	<http://www.w3.org/2002/07/owl#Class>
<http://purl.obolibrary.org/obo/OAE_0002197>	<http://www.w3.org/2002/07/owl#Class>
<http://purl.obolibrary.org/obo/OAE_0002198>	<http://www.w3.org/2002/07/owl#Class>
<http://purl.obolibrary.org/obo/OAE_0002199>	<http://www.w3.org/2002/07/owl#Class>
<http://purl.obolibrary.org/obo/OAE_0002200>	<http://www.w3.org/2002/07/owl#Class>
<http://purl.obolibrary.org/obo/OAE_0002201>	<http://www.w3.org/2002/07/owl#Class>
<http://purl.obolibrary.org/obo/OAE_0002202>	<http://www.w3.org/2002/07/owl#Class>
<http://purl.obolibrary.org/obo/OAE_0002203>	<http://www.w3.org/2002/07/owl#Class>
<http://purl.obolibrary.org/obo/OAE_0002204>	<http://www.w3.org/2002/07/owl#Class>
<http://purl.obolibrary.org/obo/OAE_0002205>	<http://www.w3.org/2002/07/owl#Class>
<http://purl.obolibrary.org/obo/OAE_0002206>	<http://www.w3.org/2002/07/owl#Class>
<http://purl.obolibrary.org/obo/OAE_0002207>	<http://www.w3.org/2002/07/owl#Class>
<http://purl.obolibrary.org/obo/OAE_0002208>	<http://www.w3.org/2002/07/owl#Class>
<http://purl.obolibrary.org/obo/OAE_0002209>	<http://www.w3.org/2002/07/owl#Class>
<http://purl.obolibrary.org/obo/OAE_0002210>	<http://www.w3.org/2002/07/owl#Class>
<http://purl.obolibrary.org/obo/OAE_0002211>	<http://www.w3.org/2002/07/owl#Class>
<http://purl.obolibrary.org/obo/OAE_0002212>	<http://www.w3.org/2002/07/owl#Class>
<http://purl.obolibrary.org/obo/OAE_0002213>	<http://www.w3.org/2002/07/owl#Class>
<http://purl.obolibrary.org/obo/OAE_0002214>	<http://www.w3.org/2002/07/owl#Class>
<http://purl.obolibrary.org/obo/OAE_0002215>	<http://www.w3.org/2002/07/owl#Class>
<http://purl.obolibrary.org/obo/OAE_0002216>	<http://www.w3.org/2002/07/owl#Class>
<http://purl.obolibrary.org/obo/OAE_0002217>	<http://www.w3.org/2002/07/owl#Class>
<http://purl.obolibrary.org/obo/OAE_0002218>	<http://www.w3.org/2002/07/owl#Class>
<http://purl.obolibrary.org/obo/OAE_0002219>	<http://www.w3.org/2002/07/owl#Class>
<http://purl.obolibrary.org/obo/OAE_0002220>	<http://www.w3.org/2002/07/owl#Class>
<http://purl.obolibrary.org/obo/OAE_0002221>	<http://www.w3.org/2002/07/owl#Class>
<http://purl.obolibrary.org/obo/OAE_0002222>	<http://www.w3.org/2002/07/owl#Class>
<http://purl.obolibrary.org/obo/OAE_0002223>	<http://www.w3.org/2002/07/owl#Class>
<http://purl.obolibrary.org/obo/OAE_0002224>	<http://www.w3.org/2002/07/owl#Class>
<http://purl.obolibrary.org/obo/OAE_0002225>	<http://www.w3.org/2002/07/owl#Class>
<http://purl.obolibrary.org/obo/OAE_0002226>	<http://www.w3.org/2002/07/owl#Class>
<http://purl.obolibrary.org/obo/OAE_0002227>	<http://www.w3.org/2002/07/owl#Class>
<http://purl.obolibrary.org/obo/OAE_0002228>	<http://www.w3.org/2002/07/owl#Class>
<http://purl.obolibrary.org/obo/OAE_0002229>	<http://www.w3.org/2002/07/owl#Class>
<http://purl.obolibrary.org/obo/OAE_0002230>	<http://www.w3.org/2002/07/owl#Class>
<http://purl.obolibrary.org/obo/OAE_0002231>	<http://www.w3.org/2002/07/owl#Class>
<http://purl.obolibrary.org/obo/OAE_0002232>	<http://www.w3.org/2002/07/owl#Class>
<http://purl.obolibrary.org/obo/OAE_0002233>	<http://www.w3.org/2002/07/owl#Class>
<http://purl.obolibrary.org/obo/OAE_0002234>	<http://www.w3.org/2002/07/owl#Class>
<http://purl.obolibrary.org/obo/OAE_0002235>	<http://www.w3.org/2002/07/owl#Class>
<http://purl.obolibrary.org/obo/OAE_0002236>	<http://www.w3.org/2002/07/owl#Class>
<http://purl.obolibrary.org/obo/OAE_0002237>	<http://www.w3.org/2002/07/owl#Class>
<http://purl.obolibrary.org/obo/OAE_0002238>	<http://www.w3.org/2002/07/owl#Class>
<http://purl.obolibrary.org/obo/OAE_0002239>	<http://www.w3.org/2002/07/owl#Class>
<http://purl.obolibrary.org/obo/OAE_0002240>	<http://www.w3.org/2002/07/owl#Class>
<http://purl.obolibrary.org/obo/OAE_0002241>	<http://www.w3.org/2002/07/owl#Class>
<http://purl.obolibrary.org/obo/OAE_0002242>	<http://www.w3.org/2002/07/owl#Class>
<http://purl.obolibrary.org/obo/OAE_0002243>	<http://www.w3.org/2002/07/owl#Class>
<http://purl.obolibrary.org/obo/OAE_0002244>	<http://www.w3.org/2002/07/owl#Class>
<http://purl.obolibrary.org/obo/OAE_0002245>	<http://www.w3.org/2002/07/owl#Class>
<http://purl.obolibrary.org/obo/OAE_0002246>	<http://www.w3.org/2002/07/owl#Class>
<http://purl.obolibrary.org/obo/OAE_0002247>	<http://www.w3.org/2002/07/owl#Class>
<http://purl.obolibrary.org/obo/OAE_0002248>	<http://www.w3.org/2002/07/owl#Class>
<http://purl.obolibrary.org/obo/OAE_0002249>	<http://www.w3.org/2002/07/owl#Class>
<http://purl.obolibrary.org/obo/OAE_0002250>	<http://www.w3.org/2002/07/owl#Class>
<http://purl.obolibrary.org/obo/OAE_0002251>	<http://www.w3.org/2002/07/owl#Class>
<http://purl.obolibrary.org/obo/OAE_0002252>	<http://www.w3.org/2002/07/owl#Class>
<http://purl.obolibrary.org/obo/OAE_0002253>	<http://www.w3.org/2002/07/owl#Class>
<http://purl.obolibrary.org/obo/OAE_0002254>	<http://www.w3.org/2002/07/owl#Class>
<http://purl.obolibrary.org/obo/OAE_0002255>	<http://www.w3.org/2002/07/owl#Class>
<http://purl.obolibrary.org/obo/OAE_0002256>	<http://www.w3.org/2002/07/owl#Class>
<http://purl.obolibrary.org/obo/OAE_0002257>	<http://www.w3.org/2002/07/owl#Class>
<http://purl.obolibrary.org/obo/OAE_0002258>	<http://www.w3.org/2002/07/owl#Class>
<http://purl.obolibrary.org/obo/OAE_0002259>	<http://www.w3.org/2002/07/owl#Class>
<http://purl.obolibrary.org/obo/OAE_0002260>	<http://www.w3.org/2002/07/owl#Class>
<http://purl.obolibrary.org/obo/OAE_0002261>	<http://www.w3.org/2002/07/owl#Class>
<http://purl.obolibrary.org/obo/OAE_0002262>	<http://www.w3.org/2002/07/owl#Class>
<http://purl.obolibrary.org/obo/OAE_0002263>	<http://www.w3.org/2002/07/owl#Class>
<http://purl.obolibrary.org/obo/OAE_0002264>	<http://www.w3.org/2002/07/owl#Class>
<http://purl.obolibrary.org/obo/OAE_0002265>	<http://www.w3.org/2002/07/owl#Class>
<http://purl.obolibrary.org/obo/OAE_0002266>	<http://www.w3.org/2002/07/owl#Class>
<http://purl.obolibrary.org/obo/OAE_0002267>	<http://www.w3.org/2002/07/owl#Class>
<http://purl.obolibrary.org/obo/OAE_0002268>	<http://www.w3.org/2002/07/owl#Class>
<http://purl.obolibrary.org/obo/OAE_0002269>	<http://www.w3.org/2002/07/owl#Class>
<http://purl.obolibrary.org/obo/OAE_0002270>	<http://www.w3.org/2002/07/owl#Class>
<http://purl.obolibrary.org/obo/OAE_0002271>	<http://www.w3.org/2002/07/owl#Class>
<http://purl.obolibrary.org/obo/OAE_0002272>	<http://www.w3.org/2002/07/owl#Class>
<http://purl.obolibrary.org/obo/OAE_0002273>	<http://www.w3.org/2002/07/owl#Class>
<http://purl.obolibrary.org/obo/OAE_0002274>	<http://www.w3.org/2002/07/owl#Class>
<http://purl.obolibrary.org/obo/OAE_0002275>	<http://www.w3.org/2002/07/owl#Class>
<http://purl.obolibrary.org/obo/OAE_0002276>	<http://www.w3.org/2002/07/owl#Class>
<http://purl.obolibrary.org/obo/OAE_0002277>	<http://www.w3.org/2002/07/owl#Class>
<http://purl.obolibrary.org/obo/OAE_0002278>	<http://www.w3.org/2002/07/owl#Class>
<http://purl.obolibrary.org/obo/OAE_0002279>	<http://www.w3.org/2002/07/owl#Class>
<http://purl.obolibrary.org/obo/OAE_0002280>	<http://www.w3.org/2002/07/owl#Class>
<http://purl.obolibrary.org/obo/OAE_0002281>	<http://www.w3.org/2002/07/owl#Class>
<http://purl.obolibrary.org/obo/OAE_0002282>	<http://www.w3.org/2002/07/owl#Class>
<http://purl.obolibrary.org/obo/OAE_0002283>	<http://www.w3.org/2002/07/owl#Class>
<http://purl.obolibrary.org/obo/OAE_0002284>	<http://www.w3.org/2002/07/owl#Class>
<http://purl.obolibrary.org/obo/OAE_0002285>	<http://www.w3.org/2002/07/owl#Class>
<http://purl.obolibrary.org/obo/OAE_0002286>	<http://www.w3.org/2002/07/owl#Class>
<http://purl.obolibrary.org/obo/OAE_0002287>	<http://www.w3.org/2002/07/owl#Class>
<http://purl.obolibrary.org/obo/OAE_0002288>	<http://www.w3.org/2002/07/owl#Class>
<http://purl.obolibrary.org/obo/OAE_0002289>	<http://www.w3.org/2002/07/owl#Class>
<http://purl.obolibrary.org/obo/OAE_0002290>	<http://www.w3.org/2002/07/owl#Class>
<http://purl.obolibrary.org/obo/OAE_0002291>	<http://www.w3.org/2002/07/owl#Class>
<http://purl.obolibrary.org/obo/OAE_0002292>	<http://www.w3.org/2002/07/owl#Class>
<http://purl.obolibrary.org/obo/OAE_0002293>	<http://www.w3.org/2002/07/owl#Class>
<http://purl.obolibrary.org/obo/OAE_0002294>	<http://www.w3.org/2002/07/owl#Class>
<http://purl.obolibrary.org/obo/OAE_0002295>	<http://www.w3.org/2002/07/owl#Class>
<http://purl.obolibrary.org/obo/OAE_0002296>	<http://www.w3.org/2002/07/owl#Class>
<http://purl.obolibrary.org/obo/OAE_0002297>	<http://www.w3.org/2002/07/owl#Class>
<http://purl.obolibrary.org/obo/OAE_0002298>	<http://www.w3.org/2002/07/owl#Class>
<http://purl.obolibrary.org/obo/OAE_0002299>	<http://www.w3.org/2002/07/owl#Class>
<http://purl.obolibrary.org/obo/OAE_0002300>	<http://www.w3.org/2002/07/owl#Class>
<http://purl.obolibrary.org/obo/OAE_0002301>	<http://www.w3.org/2002/07/owl#Class>
<http://purl.obolibrary.org/obo/OAE_0002302>	<http://www.w3.org/2002/07/owl#Class>
<http://purl.obolibrary.org/obo/OAE_0002303>	<http://www.w3.org/2002/07/owl#Class>
<http://purl.obolibrary.org/obo/OAE_0002304>	<http://www.w3.org/2002/07/owl#Class>
<http://purl.obolibrary.org/obo/OAE_0002305>	<http://www.w3.org/2002/07/owl#Class>
<http://purl.obolibrary.org/obo/OAE_0002306>	<http://www.w3.org/2002/07/owl#Class>
<http://purl.obolibrary.org/obo/OAE_0002307>	<http://www.w3.org/2002/07/owl#Class>
<http://purl.obolibrary.org/obo/OAE_0002308>	<http://www.w3.org/2002/07/owl#Class>
<http://purl.obolibrary.org/obo/OAE_0002309>	<http://www.w3.org/2002/07/owl#Class>
<http://purl.obolibrary.org/obo/OAE_0002310>	<http://www.w3.org/2002/07/owl#Class>
<http://purl.obolibrary.org/obo/OAE_0002311>	<http://www.w3.org/2002/07/owl#Class>
<http://purl.obolibrary.org/obo/OAE_0002312>	<http://www.w3.org/2002/07/owl#Class>
<http://purl.obolibrary.org/obo/OAE_0002313>	<http://www.w3.org/2002/07/owl#Class>
<http://purl.obolibrary.org/obo/OAE_0002314>	<http://www.w3.org/2002/07/owl#Class>
<http://purl.obolibrary.org/obo/OAE_0002315>	<http://www.w3.org/2002/07/owl#Class>
<http://purl.obolibrary.org/obo/OAE_0002316>	<http://www.w3.org/2002/07/owl#Class>
<http://purl.obolibrary.org/obo/OAE_0002317>	<http://www.w3.org/2002/07/owl#Class>
<http://purl.obolibrary.org/obo/OAE_0002318>	<http://www.w3.org/2002/07/owl#Class>
<http://purl.obolibrary.org/obo/OAE_0002319>	<http://www.w3.org/2002/07/owl#Class>
<http://purl.obolibrary.org/obo/OAE_0002320>	<http://www.w3.org/2002/07/owl#Class>
<http://purl.obolibrary.org/obo/OAE_0002321>	<http://www.w3.org/2002/07/owl#Class>
<http://purl.obolibrary.org/obo/OAE_0002322>	<http://www.w3.org/2002/07/owl#Class>
<http://purl.obolibrary.org/obo/OAE_0002323>	<http://www.w3.org/2002/07/owl#Class>
<http://purl.obolibrary.org/obo/OAE_0002324>	<http://www.w3.org/2002/07/owl#Class>
<http://purl.obolibrary.org/obo/OAE_0002325>	<http://www.w3.org/2002/07/owl#Class>
<http://purl.obolibrary.org/obo/OAE_0002326>	<http://www.w3.org/2002/07/owl#Class>
<http://purl.obolibrary.org/obo/OAE_0002327>	<http://www.w3.org/2002/07/owl#Class>
<http://purl.obolibrary.org/obo/OAE_0002328>	<http://www.w3.org/2002/07/owl#Class>
<http://purl.obolibrary.org/obo/OAE_0002329>	<http://www.w3.org/2002/07/owl#Class>
<http://purl.obolibrary.org/obo/OAE_0002330>	<http://www.w3.org/2002/07/owl#Class>
<http://purl.obolibrary.org/obo/OAE_0002331>	<http://www.w3.org/2002/07/owl#Class>
<http://purl.obolibrary.org/obo/OAE_0002332>	<http://www.w3.org/2002/07/owl#Class>
<http://purl.obolibrary.org/obo/OAE_0002333>	<http://www.w3.org/2002/07/owl#Class>
<http://purl.obolibrary.org/obo/OAE_0002334>	<http://www.w3.org/2002/07/owl#Class>
<http://purl.obolibrary.org/obo/OAE_0002335>	<http://www.w3.org/2002/07/owl#Class>
<http://purl.obolibrary.org/obo/OAE_0002336>	<http://www.w3.org/2002/07/owl#Class>
<http://purl.obolibrary.org/obo/OAE_0002337>	<http://www.w3.org/2002/07/owl#Class>
<http://purl.obolibrary.org/obo/OAE_0002338>	<http://www.w3.org/2002/07/owl#Class>
<http://purl.obolibrary.org/obo/OAE_0002339>	<http://www.w3.org/2002/07/owl#Class>
<http://purl.obolibrary.org/obo/OAE_0002340>	<http://www.w3.org/2002/07/owl#Class>
<http://purl.obolibrary.org/obo/OAE_0002341>	<http://www.w3.org/2002/07/owl#Class>
<http://purl.obolibrary.org/obo/OAE_0002342>	<http://www.w3.org/2002/07/owl#Class>
<http://purl.obolibrary.org/obo/OAE_0002343>	<http://www.w3.org/2002/07/owl#Class>
<http://purl.obolibrary.org/obo/OAE_0002344>	<http://www.w3.org/2002/07/owl#Class>
<http://purl.obolibrary.org/obo/OAE_0002345>	<http://www.w3.org/2002/07/owl#Class>
<http://purl.obolibrary.org/obo/OAE_0002346>	<http://www.w3.org/2002/07/owl#Class>
<http://purl.obolibrary.org/obo/OAE_0002347>	<http://www.w3.org/2002/07/owl#Class>
<http://purl.obolibrary.org/obo/OAE_0002348>	<http://www.w3.org/2002/07/owl#Class>
<http://purl.obolibrary.org/obo/OAE_0002349>	<http://www.w3.org/2002/07/owl#Class>
<http://purl.obolibrary.org/obo/OAE_0002350>	<http://www.w3.org/2002/07/owl#Class>
<http://purl.obolibrary.org/obo/OAE_0002351>	<http://www.w3.org/2002/07/owl#Class>
<http://purl.obolibrary.org/obo/OAE_0002352>	<http://www.w3.org/2002/07/owl#Class>
<http://purl.obolibrary.org/obo/OAE_0002353>	<http://www.w3.org/2002/07/owl#Class>
<http://purl.obolibrary.org/obo/OAE_0002354>	<http://www.w3.org/2002/07/owl#Class>
<http://purl.obolibrary.org/obo/OAE_0002355>	<http://www.w3.org/2002/07/owl#Class>
<http://purl.obolibrary.org/obo/OAE_0002356>	<http://www.w3.org/2002/07/owl#Class>
<http://purl.obolibrary.org/obo/OAE_0002357>	<http://www.w3.org/2002/07/owl#Class>
<http://purl.obolibrary.org/obo/OAE_0002358>	<http://www.w3.org/2002/07/owl#Class>
<http://purl.obolibrary.org/obo/OAE_0002359>	<http://www.w3.org/2002/07/owl#Class>
<http://purl.obolibrary.org/obo/OAE_0002360>	<http://www.w3.org/2002/07/owl#Class>
<http://purl.obolibrary.org/obo/OAE_0002361>	<http://www.w3.org/2002/07/owl#Class>
<http://purl.obolibrary.org/obo/OAE_0002362>	<http://www.w3.org/2002/07/owl#Class>
<http://purl.obolibrary.org/obo/OAE_0002363>	<http://www.w3.org/2002/07/owl#Class>
<http://purl.obolibrary.org/obo/OAE_0002364>	<http://www.w3.org/2002/07/owl#Class>
<http://purl.obolibrary.org/obo/OAE_0002365>	<http://www.w3.org/2002/07/owl#Class>
<http://purl.obolibrary.org/obo/OAE_0002366>	<http://www.w3.org/2002/07/owl#Class>
<http://purl.obolibrary.org/obo/OAE_0002367>	<http://www.w3.org/2002/07/owl#Class>
<http://purl.obolibrary.org/obo/OAE_0002368>	<http://www.w3.org/2002/07/owl#Class>
<http://purl.obolibrary.org/obo/OAE_0002369>	<http://www.w3.org/2002/07/owl#Class>
<http://purl.obolibrary.org/obo/OAE_0002370>	<http://www.w3.org/2002/07/owl#Class>
<http://purl.obolibrary.org/obo/OAE_0002371>	<http://www.w3.org/2002/07/owl#Class>
<http://purl.obolibrary.org/obo/OAE_0002372>	<http://www.w3.org/2002/07/owl#Class>
<http://purl.obolibrary.org/obo/OAE_0002373>	<http://www.w3.org/2002/07/owl#Class>
<http://purl.obolibrary.org/obo/OAE_0002374>	<http://www.w3.org/2002/07/owl#Class>
<http://purl.obolibrary.org/obo/OAE_0002375>	<http://www.w3.org/2002/07/owl#Class>
<http://purl.obolibrary.org/obo/OAE_0002376>	<http://www.w3.org/2002/07/owl#Class>
<http://purl.obolibrary.org/obo/OAE_0002377>	<http://www.w3.org/2002/07/owl#Class>
<http://purl.obolibrary.org/obo/OAE_0002378>	<http://www.w3.org/2002/07/owl#Class>
<http://purl.obolibrary.org/obo/OAE_0002380>	<http://www.w3.org/2002/07/owl#Class>
<http://purl.obolibrary.org/obo/OAE_0002381>	<http://www.w3.org/2002/07/owl#Class>
<http://purl.obolibrary.org/obo/OAE_0002382>	<http://www.w3.org/2002/07/owl#Class>
<http://purl.obolibrary.org/obo/OAE_0002383>	<http://www.w3.org/2002/07/owl#Class>
<http://purl.obolibrary.org/obo/OAE_0002384>	<http://www.w3.org/2002/07/owl#Class>
<http://purl.obolibrary.org/obo/OAE_0002385>	<http://www.w3.org/2002/07/owl#Class>
<http://purl.obolibrary.org/obo/OAE_0002386>	<http://www.w3.org/2002/07/owl#Class>
<http://purl.obolibrary.org/obo/OAE_0002387>	<http://www.w3.org/2002/07/owl#Class>
<http://purl.obolibrary.org/obo/OAE_0002388>	<http://www.w3.org/2002/07/owl#Class>
<http://purl.obolibrary.org/obo/OAE_0002389>	<http://www.w3.org/2002/07/owl#Class>
<http://purl.obolibrary.org/obo/OAE_0002390>	<http://www.w3.org/2002/07/owl#Class>
<http://purl.obolibrary.org/obo/OAE_0002391>	<http://www.w3.org/2002/07/owl#Class>
<http://purl.obolibrary.org/obo/OAE_0002392>	<http://www.w3.org/2002/07/owl#Class>
<http://purl.obolibrary.org/obo/OAE_0002393>	<http://www.w3.org/2002/07/owl#Class>
<http://purl.obolibrary.org/obo/OAE_0002394>	<http://www.w3.org/2002/07/owl#Class>
<http://purl.obolibrary.org/obo/OAE_0002395>	<http://www.w3.org/2002/07/owl#Class>
<http://purl.obolibrary.org/obo/OAE_0002396>	<http://www.w3.org/2002/07/owl#Class>
<http://purl.obolibrary.org/obo/OAE_0002397>	<http://www.w3.org/2002/07/owl#Class>
<http://purl.obolibrary.org/obo/OAE_0002398>	<http://www.w3.org/2002/07/owl#Class>
<http://purl.obolibrary.org/obo/OAE_0002399>	<http://www.w3.org/2002/07/owl#Class>
<http://purl.obolibrary.org/obo/OAE_0002400>	<http://www.w3.org/2002/07/owl#Class>
<http://purl.obolibrary.org/obo/OAE_0002401>	<http://www.w3.org/2002/07/owl#Class>
<http://purl.obolibrary.org/obo/OAE_0002402>	<http://www.w3.org/2002/07/owl#Class>
<http://purl.obolibrary.org/obo/OAE_0002403>	<http://www.w3.org/2002/07/owl#Class>
<http://purl.obolibrary.org/obo/OAE_0002404>	<http://www.w3.org/2002/07/owl#Class>
<http://purl.obolibrary.org/obo/OAE_0002405>	<http://www.w3.org/2002/07/owl#Class>
<http://purl.obolibrary.org/obo/OAE_0002406>	<http://www.w3.org/2002/07/owl#Class>
<http://purl.obolibrary.org/obo/OAE_0002407>	<http://www.w3.org/2002/07/owl#Class>
<http://purl.obolibrary.org/obo/OAE_0002408>	<http://www.w3.org/2002/07/owl#Class>
<http://purl.obolibrary.org/obo/OAE_0002409>	<http://www.w3.org/2002/07/owl#Class>
<http://purl.obolibrary.org/obo/OAE_0002410>	<http://www.w3.org/2002/07/owl#Class>
<http://purl.obolibrary.org/obo/OAE_0002411>	<http://www.w3.org/2002/07/owl#Class>
<http://purl.obolibrary.org/obo/OAE_0002412>	<http://www.w3.org/2002/07/owl#Class>
<http://purl.obolibrary.org/obo/OAE_0002413>	<http://www.w3.org/2002/07/owl#Class>
<http://purl.obolibrary.org/obo/OAE_0002414>	<http://www.w3.org/2002/07/owl#Class>
<http://purl.obolibrary.org/obo/OAE_0002415>	<http://www.w3.org/2002/07/owl#Class>
<http://purl.obolibrary.org/obo/OAE_0002416>	<http://www.w3.org/2002/07/owl#Class>
<http://purl.obolibrary.org/obo/OAE_0002417>	<http://www.w3.org/2002/07/owl#Class>
<http://purl.obolibrary.org/obo/OAE_0002418>	<http://www.w3.org/2002/07/owl#Class>
<http://purl.obolibrary.org/obo/OAE_0002419>	<http://www.w3.org/2002/07/owl#Class>
<http://purl.obolibrary.org/obo/OAE_0002420>	<http://www.w3.org/2002/07/owl#Class>
<http://purl.obolibrary.org/obo/OAE_0002421>	<http://www.w3.org/2002/07/owl#Class>
<http://purl.obolibrary.org/obo/OAE_0002422>	<http://www.w3.org/2002/07/owl#Class>
<http://purl.obolibrary.org/obo/OAE_0002423>	<http://www.w3.org/2002/07/owl#Class>
<http://purl.obolibrary.org/obo/OAE_0002424>	<http://www.w3.org/2002/07/owl#Class>
<http://purl.obolibrary.org/obo/OAE_0002425>	<http://www.w3.org/2002/07/owl#Class>
<http://purl.obolibrary.org/obo/OAE_0002426>	<http://www.w3.org/2002/07/owl#Class>
<http://purl.obolibrary.org/obo/OAE_0002427>	<http://www.w3.org/2002/07/owl#Class>
<http://purl.obolibrary.org/obo/OAE_0002428>	<http://www.w3.org/2002/07/owl#Class>
<http://purl.obolibrary.org/obo/OAE_0002429>	<http://www.w3.org/2002/07/owl#Class>
<http://purl.obolibrary.org/obo/OAE_0002431>	<http://www.w3.org/2002/07/owl#Class>
<http://purl.obolibrary.org/obo/OAE_0002432>	<http://www.w3.org/2002/07/owl#Class>
<http://purl.obolibrary.org/obo/OAE_0002433>	<http://www.w3.org/2002/07/owl#Class>
<http://purl.obolibrary.org/obo/OAE_0002434>	<http://www.w3.org/2002/07/owl#Class>
<http://purl.obolibrary.org/obo/OAE_0002436>	<http://www.w3.org/2002/07/owl#Class>
<http://purl.obolibrary.org/obo/OAE_0002437>	<http://www.w3.org/2002/07/owl#Class>
<http://purl.obolibrary.org/obo/OAE_0002438>	<http://www.w3.org/2002/07/owl#Class>
<http://purl.obolibrary.org/obo/OAE_0002439>	<http://www.w3.org/2002/07/owl#Class>
<http://purl.obolibrary.org/obo/OAE_0002440>	<http://www.w3.org/2002/07/owl#Class>
<http://purl.obolibrary.org/obo/OAE_0002441>	<http://www.w3.org/2002/07/owl#Class>
<http://purl.obolibrary.org/obo/OAE_0002443>	<http://www.w3.org/2002/07/owl#Class>
<http://purl.obolibrary.org/obo/OAE_0002444>	<http://www.w3.org/2002/07/owl#Class>
<http://purl.obolibrary.org/obo/OAE_0002445>	<http://www.w3.org/2002/07/owl#Class>
<http://purl.obolibrary.org/obo/OAE_0002446>	<http://www.w3.org/2002/07/owl#Class>
<http://purl.obolibrary.org/obo/OAE_0002447>	<http://www.w3.org/2002/07/owl#Class>
<http://purl.obolibrary.org/obo/OAE_0002448>	<http://www.w3.org/2002/07/owl#Class>
<http://purl.obolibrary.org/obo/OAE_0002449>	<http://www.w3.org/2002/07/owl#Class>
<http://purl.obolibrary.org/obo/OAE_0002450>	<http://www.w3.org/2002/07/owl#Class>
<http://purl.obolibrary.org/obo/OAE_0002451>	<http://www.w3.org/2002/07/owl#Class>
<http://purl.obolibrary.org/obo/OAE_0002452>	<http://www.w3.org/2002/07/owl#Class>
<http://purl.obolibrary.org/obo/OAE_0002453>	<http://www.w3.org/2002/07/owl#Class>
<http://purl.obolibrary.org/obo/OAE_0002454>	<http://www.w3.org/2002/07/owl#Class>
<http://purl.obolibrary.org/obo/OAE_0002455>	<http://www.w3.org/2002/07/owl#Class>
<http://purl.obolibrary.org/obo/OAE_0002456>	<http://www.w3.org/2002/07/owl#Class>
<http://purl.obolibrary.org/obo/OAE_0002457>	<http://www.w3.org/2002/07/owl#Class>
<http://purl.obolibrary.org/obo/OAE_0002459>	<http://www.w3.org/2002/07/owl#Class>
<http://purl.obolibrary.org/obo/OAE_0002460>	<http://www.w3.org/2002/07/owl#Class>
<http://purl.obolibrary.org/obo/OAE_0002461>	<http://www.w3.org/2002/07/owl#Class>
<http://purl.obolibrary.org/obo/OAE_0002462>	<http://www.w3.org/2002/07/owl#Class>
<http://purl.obolibrary.org/obo/OAE_0002463>	<http://www.w3.org/2002/07/owl#Class>
<http://purl.obolibrary.org/obo/OAE_0002464>	<http://www.w3.org/2002/07/owl#Class>
<http://purl.obolibrary.org/obo/OAE_0002465>	<http://www.w3.org/2002/07/owl#Class>
<http://purl.obolibrary.org/obo/OAE_0002466>	<http://www.w3.org/2002/07/owl#Class>
<http://purl.obolibrary.org/obo/OAE_0002467>	<http://www.w3.org/2002/07/owl#Class>
<http://purl.obolibrary.org/obo/OAE_0002468>	<http://www.w3.org/2002/07/owl#Class>
<http://purl.obolibrary.org/obo/OAE_0002469>	<http://www.w3.org/2002/07/owl#Class>
<http://purl.obolibrary.org/obo/OAE_0002470>	<http://www.w3.org/2002/07/owl#Class>
<http://purl.obolibrary.org/obo/OAE_0002471>	<http://www.w3.org/2002/07/owl#Class>
<http://purl.obolibrary.org/obo/OAE_0002472>	<http://www.w3.org/2002/07/owl#Class>
<http://purl.obolibrary.org/obo/OAE_0002473>	<http://www.w3.org/2002/07/owl#Class>
<http://purl.obolibrary.org/obo/OAE_0002474>	<http://www.w3.org/2002/07/owl#Class>
<http://purl.obolibrary.org/obo/OAE_0002475>	<http://www.w3.org/2002/07/owl#Class>
<http://purl.obolibrary.org/obo/OAE_0002477>	<http://www.w3.org/2002/07/owl#Class>
<http://purl.obolibrary.org/obo/OAE_0002478>	<http://www.w3.org/2002/07/owl#Class>
<http://purl.obolibrary.org/obo/OAE_0002480>	<http://www.w3.org/2002/07/owl#Class>
<http://purl.obolibrary.org/obo/OAE_0002481>	<http://www.w3.org/2002/07/owl#Class>
<http://purl.obolibrary.org/obo/OAE_0002482>	<http://www.w3.org/2002/07/owl#Class>
<http://purl.obolibrary.org/obo/OAE_0002483>	<http://www.w3.org/2002/07/owl#Class>
<http://purl.obolibrary.org/obo/OAE_0002484>	<http://www.w3.org/2002/07/owl#Class>
<http://purl.obolibrary.org/obo/OAE_0002485>	<http://www.w3.org/2002/07/owl#Class>
<http://purl.obolibrary.org/obo/OAE_0002486>	<http://www.w3.org/2002/07/owl#Class>
<http://purl.obolibrary.org/obo/OAE_0002487>	<http://www.w3.org/2002/07/owl#Class>
<http://purl.obolibrary.org/obo/OAE_0002488>	<http://www.w3.org/2002/07/owl#Class>
<http://purl.obolibrary.org/obo/OAE_0002489>	<http://www.w3.org/2002/07/owl#Class>
<http://purl.obolibrary.org/obo/OAE_0002490>	<http://www.w3.org/2002/07/owl#Class>
<http://purl.obolibrary.org/obo/OAE_0002491>	<http://www.w3.org/2002/07/owl#Class>
<http://purl.obolibrary.org/obo/OAE_0002492>	<http://www.w3.org/2002/07/owl#Class>
<http://purl.obolibrary.org/obo/OAE_0002493>	<http://www.w3.org/2002/07/owl#Class>
<http://purl.obolibrary.org/obo/OAE_0002494>	<http://www.w3.org/2002/07/owl#Class>
<http://purl.obolibrary.org/obo/OAE_0002496>	<http://www.w3.org/2002/07/owl#Class>
<http://purl.obolibrary.org/obo/OAE_0002497>	<http://www.w3.org/2002/07/owl#Class>
<http://purl.obolibrary.org/obo/OAE_0002498>	<http://www.w3.org/2002/07/owl#Class>
<http://purl.obolibrary.org/obo/OAE_0002499>	<http://www.w3.org/2002/07/owl#Class>
<http://purl.obolibrary.org/obo/OAE_0002500>	<http://www.w3.org/2002/07/owl#Class>
<http://purl.obolibrary.org/obo/OAE_0002501>	<http://www.w3.org/2002/07/owl#Class>
<http://purl.obolibrary.org/obo/OAE_0002502>	<http://www.w3.org/2002/07/owl#Class>
<http://purl.obolibrary.org/obo/OAE_0002503>	<http://www.w3.org/2002/07/owl#Class>
<http://purl.obolibrary.org/obo/OAE_0002504>	<http://www.w3.org/2002/07/owl#Class>
<http://purl.obolibrary.org/obo/OAE_0002505>	<http://www.w3.org/2002/07/owl#Class>
<http://purl.obolibrary.org/obo/OAE_0002506>	<http://www.w3.org/2002/07/owl#Class>
<http://purl.obolibrary.org/obo/OAE_0002507>	<http://www.w3.org/2002/07/owl#Class>
<http://purl.obolibrary.org/obo/OAE_0002508>	<http://www.w3.org/2002/07/owl#Class>
<http://purl.obolibrary.org/obo/OAE_0002509>	<http://www.w3.org/2002/07/owl#Class>
<http://purl.obolibrary.org/obo/OAE_0002510>	<http://www.w3.org/2002/07/owl#Class>
<http://purl.obolibrary.org/obo/OAE_0002511>	<http://www.w3.org/2002/07/owl#Class>
<http://purl.obolibrary.org/obo/OAE_0002512>	<http://www.w3.org/2002/07/owl#Class>
<http://purl.obolibrary.org/obo/OAE_0002513>	<http://www.w3.org/2002/07/owl#Class>
<http://purl.obolibrary.org/obo/OAE_0002514>	<http://www.w3.org/2002/07/owl#Class>
<http://purl.obolibrary.org/obo/OAE_0002515>	<http://www.w3.org/2002/07/owl#Class>
<http://purl.obolibrary.org/obo/OAE_0002516>	<http://www.w3.org/2002/07/owl#Class>
<http://purl.obolibrary.org/obo/OAE_0002517>	<http://www.w3.org/2002/07/owl#Class>
<http://purl.obolibrary.org/obo/OAE_0002518>	<http://www.w3.org/2002/07/owl#Class>
<http://purl.obolibrary.org/obo/OAE_0002519>	<http://www.w3.org/2002/07/owl#Class>
<http://purl.obolibrary.org/obo/OAE_0002520>	<http://www.w3.org/2002/07/owl#Class>
<http://purl.obolibrary.org/obo/OAE_0002521>	<http://www.w3.org/2002/07/owl#Class>
<http://purl.obolibrary.org/obo/OAE_0002522>	<http://www.w3.org/2002/07/owl#Class>
<http://purl.obolibrary.org/obo/OAE_0002523>	<http://www.w3.org/2002/07/owl#Class>
<http://purl.obolibrary.org/obo/OAE_0002524>	<http://www.w3.org/2002/07/owl#Class>
<http://purl.obolibrary.org/obo/OAE_0002525>	<http://www.w3.org/2002/07/owl#Class>
<http://purl.obolibrary.org/obo/OAE_0002526>	<http://www.w3.org/2002/07/owl#Class>
<http://purl.obolibrary.org/obo/OAE_0002527>	<http://www.w3.org/2002/07/owl#Class>
<http://purl.obolibrary.org/obo/OAE_0002528>	<http://www.w3.org/2002/07/owl#Class>
<http://purl.obolibrary.org/obo/OAE_0002529>	<http://www.w3.org/2002/07/owl#Class>
<http://purl.obolibrary.org/obo/OAE_0002530>	<http://www.w3.org/2002/07/owl#Class>
<http://purl.obolibrary.org/obo/OAE_0002531>	<http://www.w3.org/2002/07/owl#Class>
<http://purl.obolibrary.org/obo/OAE_0002533>	<http://www.w3.org/2002/07/owl#Class>
<http://purl.obolibrary.org/obo/OAE_0002534>	<http://www.w3.org/2002/07/owl#Class>
<http://purl.obolibrary.org/obo/OAE_0002535>	<http://www.w3.org/2002/07/owl#Class>
<http://purl.obolibrary.org/obo/OAE_0002536>	<http://www.w3.org/2002/07/owl#Class>
<http://purl.obolibrary.org/obo/OAE_0002537>	<http://www.w3.org/2002/07/owl#Class>
<http://purl.obolibrary.org/obo/OAE_0002538>	<http://www.w3.org/2002/07/owl#Class>
<http://purl.obolibrary.org/obo/OAE_0002539>	<http://www.w3.org/2002/07/owl#Class>
<http://purl.obolibrary.org/obo/OAE_0002540>	<http://www.w3.org/2002/07/owl#Class>
<http://purl.obolibrary.org/obo/OAE_0002541>	<http://www.w3.org/2002/07/owl#Class>
<http://purl.obolibrary.org/obo/OAE_0002542>	<http://www.w3.org/2002/07/owl#Class>
<http://purl.obolibrary.org/obo/OAE_0002543>	<http://www.w3.org/2002/07/owl#Class>
<http://purl.obolibrary.org/obo/OAE_0002544>	<http://www.w3.org/2002/07/owl#Class>
<http://purl.obolibrary.org/obo/OAE_0002545>	<http://www.w3.org/2002/07/owl#Class>
<http://purl.obolibrary.org/obo/OAE_0002546>	<http://www.w3.org/2002/07/owl#Class>
<http://purl.obolibrary.org/obo/OAE_0002547>	<http://www.w3.org/2002/07/owl#Class>
<http://purl.obolibrary.org/obo/OAE_0002548>	<http://www.w3.org/2002/07/owl#Class>
<http://purl.obolibrary.org/obo/OAE_0002549>	<http://www.w3.org/2002/07/owl#Class>
<http://purl.obolibrary.org/obo/OAE_0002550>	<http://www.w3.org/2002/07/owl#Class>
<http://purl.obolibrary.org/obo/OAE_0002551>	<http://www.w3.org/2002/07/owl#Class>
<http://purl.obolibrary.org/obo/OAE_0002552>	<http://www.w3.org/2002/07/owl#Class>
<http://purl.obolibrary.org/obo/OAE_0002553>	<http://www.w3.org/2002/07/owl#Class>
<http://purl.obolibrary.org/obo/OAE_0002554>	<http://www.w3.org/2002/07/owl#Class>
<http://purl.obolibrary.org/obo/OAE_0002555>	<http://www.w3.org/2002/07/owl#Class>
<http://purl.obolibrary.org/obo/OAE_0002556>	<http://www.w3.org/2002/07/owl#Class>
<http://purl.obolibrary.org/obo/OAE_0002557>	<http://www.w3.org/2002/07/owl#Class>
<http://purl.obolibrary.org/obo/OAE_0002558>	<http://www.w3.org/2002/07/owl#Class>
<http://purl.obolibrary.org/obo/OAE_0002559>	<http://www.w3.org/2002/07/owl#Class>
<http://purl.obolibrary.org/obo/OAE_0002560>	<http://www.w3.org/2002/07/owl#Class>
<http://purl.obolibrary.org/obo/OAE_0002561>	<http://www.w3.org/2002/07/owl#Class>
<http://purl.obolibrary.org/obo/OAE_0002562>	<http://www.w3.org/2002/07/owl#Class>
<http://purl.obolibrary.org/obo/OAE_0002563>	<http://www.w3.org/2002/07/owl#Class>
<http://purl.obolibrary.org/obo/OAE_0002564>	<http://www.w3.org/2002/07/owl#Class>
<http://purl.obolibrary.org/obo/OAE_0002565>	<http://www.w3.org/2002/07/owl#Class>
<http://purl.obolibrary.org/obo/OAE_0002566>	<http://www.w3.org/2002/07/owl#Class>
<http://purl.obolibrary.org/obo/OAE_0002567>	<http://www.w3.org/2002/07/owl#Class>
<http://purl.obolibrary.org/obo/OAE_0002568>	<http://www.w3.org/2002/07/owl#Class>
<http://purl.obolibrary.org/obo/OAE_0002569>	<http://www.w3.org/2002/07/owl#Class>
<http://purl.obolibrary.org/obo/OAE_0002570>	<http://www.w3.org/2002/07/owl#Class>
<http://purl.obolibrary.org/obo/OAE_0002571>	<http://www.w3.org/2002/07/owl#Class>
<http://purl.obolibrary.org/obo/OAE_0002572>	<http://www.w3.org/2002/07/owl#Class>
<http://purl.obolibrary.org/obo/OAE_0002573>	<http://www.w3.org/2002/07/owl#Class>
<http://purl.obolibrary.org/obo/OAE_0002574>	<http://www.w3.org/2002/07/owl#Class>
<http://purl.obolibrary.org/obo/OAE_0002575>	<http://www.w3.org/2002/07/owl#Class>
<http://purl.obolibrary.org/obo/OAE_0002576>	<http://www.w3.org/2002/07/owl#Class>
<http://purl.obolibrary.org/obo/OAE_0002577>	<http://www.w3.org/2002/07/owl#Class>
<http://purl.obolibrary.org/obo/OAE_0002578>	<http://www.w3.org/2002/07/owl#Class>
<http://purl.obolibrary.org/obo/OAE_0002579>	<http://www.w3.org/2002/07/owl#Class>
<http://purl.obolibrary.org/obo/OAE_0002580>	<http://www.w3.org/2002/07/owl#Class>
<http://purl.obolibrary.org/obo/OAE_0002581>	<http://www.w3.org/2002/07/owl#Class>
<http://purl.obolibrary.org/obo/OAE_0002582>	<http://www.w3.org/2002/07/owl#Class>
<http://purl.obolibrary.org/obo/OAE_0002583>	<http://www.w3.org/2002/07/owl#Class>
<http://purl.obolibrary.org/obo/OAE_0002584>	<http://www.w3.org/2002/07/owl#Class>
<http://purl.obolibrary.org/obo/OAE_0002585>	<http://www.w3.org/2002/07/owl#Class>
<http://purl.obolibrary.org/obo/OAE_0002586>	<http://www.w3.org/2002/07/owl#Class>
<http://purl.obolibrary.org/obo/OAE_0002587>	<http://www.w3.org/2002/07/owl#Class>
<http://purl.obolibrary.org/obo/OAE_0002588>	<http://www.w3.org/2002/07/owl#Class>
<http://purl.obolibrary.org/obo/OAE_0002589>	<http://www.w3.org/2002/07/owl#Class>
<http://purl.obolibrary.org/obo/OAE_0002590>	<http://www.w3.org/2002/07/owl#Class>
<http://purl.obolibrary.org/obo/OAE_0002591>	<http://www.w3.org/2002/07/owl#Class>
<http://purl.obolibrary.org/obo/OAE_0002592>	<http://www.w3.org/2002/07/owl#Class>
<http://purl.obolibrary.org/obo/OBI_0000011>	<http://www.w3.org/2002/07/owl#Class>
<http://purl.obolibrary.org/obo/OGMS_0000014>	<http://www.w3.org/2002/07/owl#Class>
<http://purl.obolibrary.org/obo/OGMS_0000015>	<http://www.w3.org/2002/07/owl#Class>
<http://purl.obolibrary.org/obo/OGMS_0000016>	<http://www.w3.org/2002/07/owl#Class>
<http://purl.obolibrary.org/obo/OGMS_0000017>	<http://www.w3.org/2002/07/owl#Class>
<http://purl.obolibrary.org/obo/OGMS_0000018>	<http://www.w3.org/2002/07/owl#Class>
<http://purl.obolibrary.org/obo/OGMS_0000019>	<http://www.w3.org/2002/07/owl#Class>
<http://purl.obolibrary.org/obo/OGMS_0000022>	<http://www.w3.org/2002/07/owl#Class>
<http://purl.obolibrary.org/obo/OGMS_0000023>	<http://www.w3.org/2002/07/owl#Class>
<http://purl.obolibrary.org/obo/OGMS_0000025>	<http://www.w3.org/2002/07/owl#Class>
<http://purl.obolibrary.org/obo/OGMS_0000026>	<http://www.w3.org/2002/07/owl#Class>
<http://purl.obolibrary.org/obo/OGMS_0000027>	<http://www.w3.org/2002/07/owl#Class>
<http://purl.obolibrary.org/obo/OGMS_0000028>	<http://www.w3.org/2002/07/owl#Class>
<http://purl.obolibrary.org/obo/OGMS_0000031>	<http://www.w3.org/2002/07/owl#Class>
<http://purl.obolibrary.org/obo/OGMS_0000039>	<http://www.w3.org/2002/07/owl#Class>
<http://purl.obolibrary.org/obo/OGMS_0000040>	<http://www.w3.org/2002/07/owl#Class>
<http://purl.obolibrary.org/obo/OGMS_0000045>	<http://www.w3.org/2002/07/owl#Class>
<http://purl.obolibrary.org/obo/OGMS_0000046>	<http://www.w3.org/2002/07/owl#Class>
<http://purl.obolibrary.org/obo/OGMS_0000047>	<http://www.w3.org/2002/07/owl#Class>
<http://purl.obolibrary.org/obo/OGMS_0000050>	<http://www.w3.org/2002/07/owl#Class>
<http://purl.obolibrary.org/obo/OGMS_0000051>	<http://www.w3.org/2002/07/owl#Class>
<http://purl.obolibrary.org/obo/OGMS_0000055>	<http://www.w3.org/2002/07/owl#Class>
<http://purl.obolibrary.org/obo/OGMS_0000059>	<http://www.w3.org/2002/07/owl#Class>
<http://purl.obolibrary.org/obo/OGMS_0000060>	<http://www.w3.org/2002/07/owl#Class>
<http://purl.obolibrary.org/obo/OGMS_0000061>	<http://www.w3.org/2002/07/owl#Class>
<http://purl.obolibrary.org/obo/OGMS_0000063>	<http://www.w3.org/2002/07/owl#Class>
<http://purl.obolibrary.org/obo/OGMS_0000064>	<http://www.w3.org/2002/07/owl#Class>
<http://purl.obolibrary.org/obo/OGMS_0000065>	<http://www.w3.org/2002/07/owl#Class>
<http://purl.obolibrary.org/obo/OGMS_0000066>	<http://www.w3.org/2002/07/owl#Class>
<http://purl.obolibrary.org/obo/OGMS_0000073>	<http://www.w3.org/2002/07/owl#Class>
<http://purl.obolibrary.org/obo/OGMS_0000074>	<http://www.w3.org/2002/07/owl#Class>
<http://purl.obolibrary.org/obo/OGMS_0000077>	<http://www.w3.org/2002/07/owl#Class>
<http://purl.obolibrary.org/obo/OGMS_0000078>	<http://www.w3.org/2002/07/owl#Class>
<http://purl.obolibrary.org/obo/OGMS_0000079>	<http://www.w3.org/2002/07/owl#Class>
<http://purl.obolibrary.org/obo/OGMS_0000080>	<http://www.w3.org/2002/07/owl#Class>
<http://purl.obolibrary.org/obo/OGMS_0000081>	<http://www.w3.org/2002/07/owl#Class>
<http://purl.obolibrary.org/obo/OGMS_0000082>	<http://www.w3.org/2002/07/owl#Class>
<http://purl.obolibrary.org/obo/OGMS_0000083>	<http://www.w3.org/2002/07/owl#Class>
<http://purl.obolibrary.org/obo/OGMS_0000084>	<http://www.w3.org/2002/07/owl#Class>
<http://purl.obolibrary.org/obo/OGMS_0000086>	<http://www.w3.org/2002/07/owl#Class>
<http://purl.obolibrary.org/obo/OGMS_0000087>	<http://www.w3.org/2002/07/owl#Class>
<http://purl.obolibrary.org/obo/OGMS_0000088>	<http://www.w3.org/2002/07/owl#Class>
<http://purl.obolibrary.org/obo/OGMS_0000089>	<http://www.w3.org/2002/07/owl#Class>
<http://purl.obolibrary.org/obo/OGMS_0000090>	<http://www.w3.org/2002/07/owl#Class>
<http://purl.obolibrary.org/obo/OGMS_0000091>	<http://www.w3.org/2002/07/owl#Class>
<http://purl.obolibrary.org/obo/OGMS_0000092>	<http://www.w3.org/2002/07/owl#Class>
<http://purl.obolibrary.org/obo/OGMS_0000093>	<http://www.w3.org/2002/07/owl#Class>
<http://purl.obolibrary.org/obo/OGMS_0000094>	<http://www.w3.org/2002/07/owl#Class>
<http://purl.obolibrary.org/obo/OGMS_0000095>	<http://www.w3.org/2002/07/owl#Class>
<http://purl.obolibrary.org/obo/OGMS_0000096>	<http://www.w3.org/2002/07/owl#Class>
<http://purl.obolibrary.org/obo/OGMS_0000097>	<http://www.w3.org/2002/07/owl#Class>
<http://purl.obolibrary.org/obo/OGMS_0000098>	<http://www.w3.org/2002/07/owl#Class>
<http://purl.obolibrary.org/obo/OGMS_0000099>	<http://www.w3.org/2002/07/owl#Class>
<http://purl.obolibrary.org/obo/OGMS_0000100>	<http://www.w3.org/2002/07/owl#Class>
<http://purl.obolibrary.org/obo/OGMS_0000101>	<http://www.w3.org/2002/07/owl#Class>
<http://purl.obolibrary.org/obo/OGMS_0000102>	<http://www.w3.org/2002/07/owl#Class>
<http://purl.obolibrary.org/obo/OGMS_0000103>	<http://www.w3.org/2002/07/owl#Class>
<http://purl.obolibrary.org/obo/OGMS_0000104>	<http://www.w3.org/2002/07/owl#Class>
<http://purl.obolibrary.org/obo/OGMS_0000105>	<http://www.w3.org/2002/07/owl#Class>
<http://purl.obolibrary.org/obo/OGMS_0000106>	<http://www.w3.org/2002/07/owl#Class>
<http://purl.obolibrary.org/obo/SYMP_0000075>	<http://www.w3.org/2002/07/owl#Class>
<http://purl.obolibrary.org/obo/SYMP_0000185>	<http://www.w3.org/2002/07/owl#Class>
<http://purl.obolibrary.org/obo/SYMP_0000186>	<http://www.w3.org/2002/07/owl#Class>
<http://purl.obolibrary.org/obo/SYMP_0000187>	<http://www.w3.org/2002/07/owl#Class>
<http://purl.obolibrary.org/obo/SYMP_0000279>	<http://www.w3.org/2002/07/owl#Class>
<http://purl.obolibrary.org/obo/SYMP_0000280>	<http://www.w3.org/2002/07/owl#Class>
<http://purl.obolibrary.org/obo/SYMP_0000687>	<http://www.w3.org/2002/07/owl#Class>
<http://purl.obolibrary.org/obo/SYMP_0019177>	<http://www.w3.org/2002/07/owl#Class>
<http://swrl.stanford.edu/ontologies/built-ins/3.3/temporal.owl#granularity>	<http://www.w3.org/2002/07/owl#Class>
<http://swrl.stanford.edu/ontologies/built-ins/3.3/temporal.owl#validInstant>	<http://www.w3.org/2002/07/owl#Class>
<http://swrl.stanford.edu/ontologies/built-ins/3.3/temporal.owl#validPeriod>	<http://www.w3.org/2002/07/owl#Class>
<http://swrl.stanford.edu/ontologies/built-ins/3.3/temporal.owl#validTime>	<http://www.w3.org/2002/07/owl#Class>
<http://unitsofmeasure.org/unitOfMeasure>	<http://www.w3.org/2002/07/owl#Class>
<http://www.co-ode.org/ontologies/ont.owl#DDO_0010000>	<http://www.w3.org/2002/07/owl#Class>
<http://www.co-ode.org/ontologies/ont.owl#DDO_0010001>	<http://www.w3.org/2002/07/owl#Class>
<http://www.co-ode.org/ontologies/ont.owl#DDO_0010002>	<http://www.w3.org/2002/07/owl#Class>
<http://www.co-ode.org/ontologies/ont.owl#DDO_0010003>	<http://www.w3.org/2002/07/owl#Class>
<http://www.co-ode.org/ontologies/ont.owl#DDO_0010004>	<http://www.w3.org/2002/07/owl#Class>
<http://www.co-ode.org/ontologies/ont.owl#DDO_0010005>	<http://www.w3.org/2002/07/owl#Class>
<http://www.co-ode.org/ontologies/ont.owl#DDO_0010006>	<http://www.w3.org/2002/07/owl#Class>
<http://www.co-ode.org/ontologies/ont.owl#DDO_0010007>	<http://www.w3.org/2002/07/owl#Class>
<http://www.co-ode.org/ontologies/ont.owl#DDO_0010008>	<http://www.w3.org/2002/07/owl#Class>
<http://www.co-ode.org/ontologies/ont.owl#DDO_0010009>	<http://www.w3.org/2002/07/owl#Class>
<http://www.co-ode.org/ontologies/ont.owl#DDO_0010010>	<http://www.w3.org/2002/07/owl#Class>
<http://www.co-ode.org/ontologies/ont.owl#DDO_0010011>	<http://www.w3.org/2002/07/owl#Class>
<http://www.co-ode.org/ontologies/ont.owl#DDO_0010012>	<http://www.w3.org/2002/07/owl#Class>
<http://www.co-ode.org/ontologies/ont.owl#DDO_0010013>	<http://www.w3.org/2002/07/owl#Class>
<http://www.co-ode.org/ontologies/ont.owl#DDO_0010019>	<http://www.w3.org/2002/07/owl#Class>
<http://www.co-ode.org/ontologies/ont.owl#DDO_0010020>	<http://www.w3.org/2002/07/owl#Class>
<http://www.geneontology.org/formats/oboInOwl#DbXref>	<http://www.w3.org/2002/07/owl#Class>
<http://www.geneontology.org/formats/oboInOwl#Definition>	<http://www.w3.org/2002/07/owl#Class>
<http://www.geneontology.org/formats/oboInOwl#Subset>	<http://www.w3.org/2002/07/owl#Class>
<http://www.geneontology.org/formats/oboInOwl#Synonym>	<http://www.w3.org/2002/07/owl#Class>
<http://www.geneontology.org/formats/oboInOwl#SynonymType>	<http://www.w3.org/2002/07/owl#Class>
<http://www.owl-ontologies.com/OntoFood.owl#Alcoholic_beverage>	<http://www.w3.org/2002/07/owl#Class>
<http://www.owl-ontologies.com/OntoFood.owl#Anchovies>	<http://www.w3.org/2002/07/owl#Class>
<http://www.owl-ontologies.com/OntoFood.owl#Animal_source>	<http://www.w3.org/2002/07/owl#Class>
<http://www.owl-ontologies.com/OntoFood.owl#Bacon>	<http://www.w3.org/2002/07/owl#Class>
<http://www.owl-ontologies.com/OntoFood.owl#Big_burger>	<http://www.w3.org/2002/07/owl#Class>
<http://www.owl-ontologies.com/OntoFood.owl#Biotin>	<http://www.w3.org/2002/07/owl#Class>
<http://www.owl-ontologies.com/OntoFood.owl#Bresaola>	<http://www.w3.org/2002/07/owl#Class>
<http://www.owl-ontologies.com/OntoFood.owl#Brie>	<http://www.w3.org/2002/07/owl#Class>
<http://www.owl-ontologies.com/OntoFood.owl#Bufala_mozzarella>	<http://www.w3.org/2002/07/owl#Class>
<http://www.owl-ontologies.com/OntoFood.owl#Butter>	<http://www.w3.org/2002/07/owl#Class>
<http://www.owl-ontologies.com/OntoFood.owl#Calcium>	<http://www.w3.org/2002/07/owl#Class>
<http://www.owl-ontologies.com/OntoFood.owl#Carbohydrates>	<http://www.w3.org/2002/07/owl#Class>
<http://www.owl-ontologies.com/OntoFood.owl#Cellulose>	<http://www.w3.org/2002/07/owl#Class>
<http://www.owl-ontologies.com/OntoFood.owl#Cereals_and_derivatives>	<http://www.w3.org/2002/07/owl#Class>
<http://www.owl-ontologies.com/OntoFood.owl#Cheddar>	<http://www.w3.org/2002/07/owl#Class>
<http://www.owl-ontologies.com/OntoFood.owl#Cheese_burger>	<http://www.w3.org/2002/07/owl#Class>
<http://www.owl-ontologies.com/OntoFood.owl#Cheeses>	<http://www.w3.org/2002/07/owl#Class>
<http://www.owl-ontologies.com/OntoFood.owl#Chicken>	<http://www.w3.org/2002/07/owl#Class>
<http://www.owl-ontologies.com/OntoFood.owl#Chloride>	<http://www.w3.org/2002/07/owl#Class>
<http://www.owl-ontologies.com/OntoFood.owl#Clam>	<http://www.w3.org/2002/07/owl#Class>
<http://www.owl-ontologies.com/OntoFood.owl#Complex>	<http://www.w3.org/2002/07/owl#Class>
<http://www.owl-ontologies.com/OntoFood.owl#Copper>	<http://www.w3.org/2002/07/owl#Class>
<http://www.owl-ontologies.com/OntoFood.owl#Desserts>	<http://www.w3.org/2002/07/owl#Class>
<http://www.owl-ontologies.com/OntoFood.owl#Disaccharides>	<http://www.w3.org/2002/07/owl#Class>
<http://www.owl-ontologies.com/OntoFood.owl#Duck_Eggs>	<http://www.w3.org/2002/07/owl#Class>
<http://www.owl-ontologies.com/OntoFood.owl#Eggs>	<http://www.w3.org/2002/07/owl#Class>
<http://www.owl-ontologies.com/OntoFood.owl#Emmenthal>	<http://www.w3.org/2002/07/owl#Class>
<http://www.owl-ontologies.com/OntoFood.owl#Fast_food_meat>	<http://www.w3.org/2002/07/owl#Class>
<http://www.owl-ontologies.com/OntoFood.owl#Fat>	<http://www.w3.org/2002/07/owl#Class>
<http://www.owl-ontologies.com/OntoFood.owl#Fat_soluble>	<http://www.w3.org/2002/07/owl#Class>
<http://www.owl-ontologies.com/OntoFood.owl#Feta>	<http://www.w3.org/2002/07/owl#Class>
<http://www.owl-ontologies.com/OntoFood.owl#Fiber>	<http://www.w3.org/2002/07/owl#Class>
<http://www.owl-ontologies.com/OntoFood.owl#Fishery_products>	<http://www.w3.org/2002/07/owl#Class>
<http://www.owl-ontologies.com/OntoFood.owl#Folate>	<http://www.w3.org/2002/07/owl#Class>
<http://www.owl-ontologies.com/OntoFood.owl#Fructose>	<http://www.w3.org/2002/07/owl#Class>
<http://www.owl-ontologies.com/OntoFood.owl#Fruits>	<http://www.w3.org/2002/07/owl#Class>
<http://www.owl-ontologies.com/OntoFood.owl#Galactose>	<http://www.w3.org/2002/07/owl#Class>
<http://www.owl-ontologies.com/OntoFood.owl#Glucose>	<http://www.w3.org/2002/07/owl#Class>
<http://www.owl-ontologies.com/OntoFood.owl#Greens_and_Vegetables>	<http://www.w3.org/2002/07/owl#Class>
<http://www.owl-ontologies.com/OntoFood.owl#Guinea_fowl>	<http://www.w3.org/2002/07/owl#Class>
<http://www.owl-ontologies.com/OntoFood.owl#Hake>	<http://www.w3.org/2002/07/owl#Class>
<http://www.owl-ontologies.com/OntoFood.owl#Ham_steak>	<http://www.w3.org/2002/07/owl#Class>
<http://www.owl-ontologies.com/OntoFood.owl#Hamburger>	<http://www.w3.org/2002/07/owl#Class>
<http://www.owl-ontologies.com/OntoFood.owl#Heavy>	<http://www.w3.org/2002/07/owl#Class>
<http://www.owl-ontologies.com/OntoFood.owl#Hen>	<http://www.w3.org/2002/07/owl#Class>
<http://www.owl-ontologies.com/OntoFood.owl#Hen_Eggs>	<http://www.w3.org/2002/07/owl#Class>
<http://www.owl-ontologies.com/OntoFood.owl#HydroSoluble>	<http://www.w3.org/2002/07/owl#Class>
<http://www.owl-ontologies.com/OntoFood.owl#Iodine>	<http://www.w3.org/2002/07/owl#Class>
<http://www.owl-ontologies.com/OntoFood.owl#Iron>	<http://www.w3.org/2002/07/owl#Class>
<http://www.owl-ontologies.com/OntoFood.owl#Lactose>	<http://www.w3.org/2002/07/owl#Class>
<http://www.owl-ontologies.com/OntoFood.owl#Lamb>	<http://www.w3.org/2002/07/owl#Class>
<http://www.owl-ontologies.com/OntoFood.owl#Lard>	<http://www.w3.org/2002/07/owl#Class>
<http://www.owl-ontologies.com/OntoFood.owl#Legumes>	<http://www.w3.org/2002/07/owl#Class>
<http://www.owl-ontologies.com/OntoFood.owl#Light>	<http://www.w3.org/2002/07/owl#Class>
<http://www.owl-ontologies.com/OntoFood.owl#Macronutrient>	<http://www.w3.org/2002/07/owl#Class>
<http://www.owl-ontologies.com/OntoFood.owl#Magnesium>	<http://www.w3.org/2002/07/owl#Class>
<http://www.owl-ontologies.com/OntoFood.owl#Maltose>	<http://www.w3.org/2002/07/owl#Class>
<http://www.owl-ontologies.com/OntoFood.owl#Manganese>	<http://www.w3.org/2002/07/owl#Class>
<http://www.owl-ontologies.com/OntoFood.owl#Meat_fresh>	<http://www.w3.org/2002/07/owl#Class>
<http://www.owl-ontologies.com/OntoFood.owl#Meat_processed>	<http://www.w3.org/2002/07/owl#Class>
<http://www.owl-ontologies.com/OntoFood.owl#Micronutrient>	<http://www.w3.org/2002/07/owl#Class>
<http://www.owl-ontologies.com/OntoFood.owl#Milk>	<http://www.w3.org/2002/07/owl#Class>
<http://www.owl-ontologies.com/OntoFood.owl#Milk_and_yogurt>	<http://www.w3.org/2002/07/owl#Class>
<http://www.owl-ontologies.com/OntoFood.owl#Mineral>	<http://www.w3.org/2002/07/owl#Class>
<http://www.owl-ontologies.com/OntoFood.owl#Mineral_oligo>	<http://www.w3.org/2002/07/owl#Class>
<http://www.owl-ontologies.com/OntoFood.owl#Mono>	<http://www.w3.org/2002/07/owl#Class>
<http://www.owl-ontologies.com/OntoFood.owl#Monosaccharides>	<http://www.w3.org/2002/07/owl#Class>
<http://www.owl-ontologies.com/OntoFood.owl#Mortadella>	<http://www.w3.org/2002/07/owl#Class>
<http://www.owl-ontologies.com/OntoFood.owl#NotHydrosoluble>	<http://www.w3.org/2002/07/owl#Class>
<http://www.owl-ontologies.com/OntoFood.owl#Oils>	<http://www.w3.org/2002/07/owl#Class>
<http://www.owl-ontologies.com/OntoFood.owl#Pantothenic_acid>	<http://www.w3.org/2002/07/owl#Class>
<http://www.owl-ontologies.com/OntoFood.owl#Parmigiano>	<http://www.w3.org/2002/07/owl#Class>
<http://www.owl-ontologies.com/OntoFood.owl#Partially_skimmed>	<http://www.w3.org/2002/07/owl#Class>
<http://www.owl-ontologies.com/OntoFood.owl#Pecorino>	<http://www.w3.org/2002/07/owl#Class>
<http://www.owl-ontologies.com/OntoFood.owl#Phosphorus>	<http://www.w3.org/2002/07/owl#Class>
<http://www.owl-ontologies.com/OntoFood.owl#Poly>	<http://www.w3.org/2002/07/owl#Class>
<http://www.owl-ontologies.com/OntoFood.owl#Polysaccharides>	<http://www.w3.org/2002/07/owl#Class>
<http://www.owl-ontologies.com/OntoFood.owl#Pork>	<http://www.w3.org/2002/07/owl#Class>
<http://www.owl-ontologies.com/OntoFood.owl#Potassium>	<http://www.w3.org/2002/07/owl#Class>
<http://www.owl-ontologies.com/OntoFood.owl#Prawn>	<http://www.w3.org/2002/07/owl#Class>
<http://www.owl-ontologies.com/OntoFood.owl#Protein>	<http://www.w3.org/2002/07/owl#Class>
<http://www.owl-ontologies.com/OntoFood.owl#Rabbit>	<http://www.w3.org/2002/07/owl#Class>
<http://www.owl-ontologies.com/OntoFood.owl#Raw_ham>	<http://www.w3.org/2002/07/owl#Class>
<http://www.owl-ontologies.com/OntoFood.owl#Ricotta>	<http://www.w3.org/2002/07/owl#Class>
<http://www.owl-ontologies.com/OntoFood.owl#Salami>	<http://www.w3.org/2002/07/owl#Class>
<http://www.owl-ontologies.com/OntoFood.owl#Salmon>	<http://www.w3.org/2002/07/owl#Class>
<http://www.owl-ontologies.com/OntoFood.owl#Saturated>	<http://www.w3.org/2002/07/owl#Class>
<http://www.owl-ontologies.com/OntoFood.owl#Sausage>	<http://www.w3.org/2002/07/owl#Class>
<http://www.owl-ontologies.com/OntoFood.owl#Scamorza>	<http://www.w3.org/2002/07/owl#Class>
<http://www.owl-ontologies.com/OntoFood.owl#Sea_bass>	<http://www.w3.org/2002/07/owl#Class>
<http://www.owl-ontologies.com/OntoFood.owl#Sea_bream>	<http://www.w3.org/2002/07/owl#Class>
<http://www.owl-ontologies.com/OntoFood.owl#Selenium>	<http://www.w3.org/2002/07/owl#Class>
<http://www.owl-ontologies.com/OntoFood.owl#Simple>	<http://www.w3.org/2002/07/owl#Class>
<http://www.owl-ontologies.com/OntoFood.owl#Skimmed>	<http://www.w3.org/2002/07/owl#Class>
<http://www.owl-ontologies.com/OntoFood.owl#Sodium>	<http://www.w3.org/2002/07/owl#Class>
<http://www.owl-ontologies.com/OntoFood.owl#Sole>	<http://www.w3.org/2002/07/owl#Class>
<http://www.owl-ontologies.com/OntoFood.owl#Speak>	<http://www.w3.org/2002/07/owl#Class>
<http://www.owl-ontologies.com/OntoFood.owl#Squid>	<http://www.w3.org/2002/07/owl#Class>
<http://www.owl-ontologies.com/OntoFood.owl#Starches>	<http://www.w3.org/2002/07/owl#Class>
<http://www.owl-ontologies.com/OntoFood.owl#Stracchino>	<http://www.w3.org/2002/07/owl#Class>
<http://www.owl-ontologies.com/OntoFood.owl#Sucrose>	<http://www.w3.org/2002/07/owl#Class>
<http://www.owl-ontologies.com/OntoFood.owl#Tuna>	<http://www.w3.org/2002/07/owl#Class>
<http://www.owl-ontologies.com/OntoFood.owl#Turkey>	<http://www.w3.org/2002/07/owl#Class>
<http://www.owl-ontologies.com/OntoFood.owl#UHT>	<http://www.w3.org/2002/07/owl#Class>
<http://www.owl-ontologies.com/OntoFood.owl#Unsaturated>	<http://www.w3.org/2002/07/owl#Class>
<http://www.owl-ontologies.com/OntoFood.owl#Veal>	<http://www.w3.org/2002/07/owl#Class>
<http://www.owl-ontologies.com/OntoFood.owl#Vegetal_oils>	<http://www.w3.org/2002/07/owl#Class>
<http://www.owl-ontologies.com/OntoFood.owl#Vegetal_source>	<http://www.w3.org/2002/07/owl#Class>
<http://www.owl-ontologies.com/OntoFood.owl#Vitamin>	<http://www.w3.org/2002/07/owl#Class>
<http://www.owl-ontologies.com/OntoFood.owl#Vitamin_A>	<http://www.w3.org/2002/07/owl#Class>
<http://www.owl-ontologies.com/OntoFood.owl#Vitamin_B>	<http://www.w3.org/2002/07/owl#Class>
<http://www.owl-ontologies.com/OntoFood.owl#Vitamin_B1>	<http://www.w3.org/2002/07/owl#Class>
<http://www.owl-ontologies.com/OntoFood.owl#Vitamin_B12>	<http://www.w3.org/2002/07/owl#Class>
<http://www.owl-ontologies.com/OntoFood.owl#Vitamin_B2>	<http://www.w3.org/2002/07/owl#Class>
<http://www.owl-ontologies.com/OntoFood.owl#Vitamin_B6>	<http://www.w3.org/2002/07/owl#Class>
<http://www.owl-ontologies.com/OntoFood.owl#Vitamin_C>	<http://www.w3.org/2002/07/owl#Class>
<http://www.owl-ontologies.com/OntoFood.owl#Vitamin_D>	<http://www.w3.org/2002/07/owl#Class>
<http://www.owl-ontologies.com/OntoFood.owl#Vitamin_E>	<http://www.w3.org/2002/07/owl#Class>
<http://www.owl-ontologies.com/OntoFood.owl#Vitamin_K>	<http://www.w3.org/2002/07/owl#Class>
<http://www.owl-ontologies.com/OntoFood.owl#Vitamin_PP>	<http://www.w3.org/2002/07/owl#Class>
<http://www.owl-ontologies.com/OntoFood.owl#Water>	<http://www.w3.org/2002/07/owl#Class>
<http://www.owl-ontologies.com/OntoFood.owl#Water_soluble>	<http://www.w3.org/2002/07/owl#Class>
<http://www.owl-ontologies.com/OntoFood.owl#Whole>	<http://www.w3.org/2002/07/owl#Class>
<http://www.owl-ontologies.com/OntoFood.owl#Wurstel>	<http://www.w3.org/2002/07/owl#Class>
<http://www.owl-ontologies.com/OntoFood.owl#Yogurt>	<http://www.w3.org/2002/07/owl#Class>
<http://www.owl-ontologies.com/OntoFood.owl#Zinc>	<http://www.w3.org/2002/07/owl#Class>
<http://www.owl-ontologies.com/OntoFood.owl#breakfast>	<http://www.w3.org/2002/07/owl#Class>
<http://www.owl-ontologies.com/OntoFood.owl#dinner>	<http://www.w3.org/2002/07/owl#Class>
<http://www.owl-ontologies.com/OntoFood.owl#from_milk_whole>	<http://www.w3.org/2002/07/owl#Class>
<http://www.owl-ontologies.com/OntoFood.owl#from_milk_with_fruits>	<http://www.w3.org/2002/07/owl#Class>
<http://www.owl-ontologies.com/OntoFood.owl#lunch>	<http://www.w3.org/2002/07/owl#Class>
<http://www.owl-ontologies.com/OntoFood.owl#material_nutrient>	<http://www.w3.org/2002/07/owl#Class>
<http://www.owl-ontologies.com/OntoFood.owl#meal>	<http://www.w3.org/2002/07/owl#Class>
<http://www.owl-ontologies.com/OntoFood.owl#nutrient>	<http://www.w3.org/2002/07/owl#Class>
<http://www.owl-ontologies.com/OntoFood.owl#snack>	<http://www.w3.org/2002/07/owl#Class>
<http://www.w3.org/2002/07/owl#Thing>	<http://www.w3.org/2002/07/owl#Class>
<http://www.w3.org/2006/time#TIME:0000002>	<http://www.w3.org/2002/07/owl#Class>
<http://www.w3.org/ns/ssn/Abbott_FreeStyle_Lite>	<http://www.w3.org/2002/07/owl#Class>
<http://www.w3.org/ns/ssn/Accu-Chek>	<http://www.w3.org/2002/07/owl#Class>
<http://www.w3.org/ns/ssn/Accu-Chek_Aviva>	<http://www.w3.org/2002/07/owl#Class>
<http://www.w3.org/ns/ssn/Contour_Net_EZ>	<http://www.w3.org/2002/07/owl#Class>
<http://www.w3.org/ns/ssn/GlucoWise>	<http://www.w3.org/2002/07/owl#Class>
<http://www.w3.org/ns/ssn/GlucoseLevelObservation>	<http://www.w3.org/2002/07/owl#Class>
<http://www.w3.org/ns/ssn/Livongo_Health_In_Touch_Meter>	<http://www.w3.org/2002/07/owl#Class>
<http://www.w3.org/ns/ssn/Nova_Max_Plus>	<http://www.w3.org/2002/07/owl#Class>
<http://www.w3.org/ns/ssn/OneTouch_Ultra_2>	<http://www.w3.org/2002/07/owl#Class>
<http://www.w3.org/ns/ssn/OneTouch_Verio>	<http://www.w3.org/2002/07/owl#Class>
<http://www.w3.org/ns/ssn/WBAN>	<http://www.w3.org/2002/07/owl#Class>
<http://www.w3.org/ns/ssn/Walgreens_True2Go>	<http://www.w3.org/2002/07/owl#Class>
<http://www.w3.org/ns/ssn/Walmart_ReliON>	<http://www.w3.org/2002/07/owl#Class>
<http://www.w3.org/ns/ssn/accuracy>	<http://www.w3.org/2002/07/owl#Class>
<http://www.w3.org/ns/ssn/actuatableProperty>	<http://www.w3.org/2002/07/owl#Class>
<http://www.w3.org/ns/ssn/bloodGlucose>	<http://www.w3.org/2002/07/owl#Class>
<http://www.w3.org/ns/ssn/bloodPressure>	<http://www.w3.org/2002/07/owl#Class>
<http://www.w3.org/ns/ssn/bodyTemprature>	<http://www.w3.org/2002/07/owl#Class>
<http://www.w3.org/ns/ssn/bodyTempratureObservation>	<http://www.w3.org/2002/07/owl#Class>
<http://www.w3.org/ns/ssn/brother>	<http://www.w3.org/2002/07/owl#Class>
<http://www.w3.org/ns/ssn/condition>	<http://www.w3.org/2002/07/owl#Class>
<http://www.w3.org/ns/ssn/daughter>	<http://www.w3.org/2002/07/owl#Class>
<http://www.w3.org/ns/ssn/deployment>	<http://www.w3.org/2002/07/owl#Class>
<http://www.w3.org/ns/ssn/deploymentRelatedProcess>	<http://www.w3.org/2002/07/owl#Class>
<http://www.w3.org/ns/ssn/designedArtifact>	<http://www.w3.org/2002/07/owl#Class>
<http://www.w3.org/ns/ssn/device>	<http://www.w3.org/2002/07/owl#Class>
<http://www.w3.org/ns/ssn/diabetologist>	<http://www.w3.org/2002/07/owl#Class>
<http://www.w3.org/ns/ssn/dietitian>	<http://www.w3.org/2002/07/owl#Class>
<http://www.w3.org/ns/ssn/distance>	<http://www.w3.org/2002/07/owl#Class>
<http://www.w3.org/ns/ssn/event>	<http://www.w3.org/2002/07/owl#Class>
<http://www.w3.org/ns/ssn/father>	<http://www.w3.org/2002/07/owl#Class>
<http://www.w3.org/ns/ssn/featureOfInterest>	<http://www.w3.org/2002/07/owl#Class>
<http://www.w3.org/ns/ssn/frequency>	<http://www.w3.org/2002/07/owl#Class>
<http://www.w3.org/ns/ssn/glucoseLevelChange>	<http://www.w3.org/2002/07/owl#Class>
<http://www.w3.org/ns/ssn/glucoseSensorOutput>	<http://www.w3.org/2002/07/owl#Class>
<http://www.w3.org/ns/ssn/heartRate>	<http://www.w3.org/2002/07/owl#Class>
<http://www.w3.org/ns/ssn/humanBloodPressure>	<http://www.w3.org/2002/07/owl#Class>
<http://www.w3.org/ns/ssn/humanProperty>	<http://www.w3.org/2002/07/owl#Class>
<http://www.w3.org/ns/ssn/humanWeight>	<http://www.w3.org/2002/07/owl#Class>
<http://www.w3.org/ns/ssn/husband>	<http://www.w3.org/2002/07/owl#Class>
<http://www.w3.org/ns/ssn/latency>	<http://www.w3.org/2002/07/owl#Class>
<http://www.w3.org/ns/ssn/location>	<http://www.w3.org/2002/07/owl#Class>
<http://www.w3.org/ns/ssn/measurmentCapability>	<http://www.w3.org/2002/07/owl#Class>
<http://www.w3.org/ns/ssn/measurmentProperty>	<http://www.w3.org/2002/07/owl#Class>
<http://www.w3.org/ns/ssn/measurmentRange>	<http://www.w3.org/2002/07/owl#Class>
<http://www.w3.org/ns/ssn/method>	<http://www.w3.org/2002/07/owl#Class>
<http://www.w3.org/ns/ssn/mother>	<http://www.w3.org/2002/07/owl#Class>
<http://www.w3.org/ns/ssn/nurse>	<http://www.w3.org/2002/07/owl#Class>
<http://www.w3.org/ns/ssn/observableProperty>	<http://www.w3.org/2002/07/owl#Class>
<http://www.w3.org/ns/ssn/observation>	<http://www.w3.org/2002/07/owl#Class>
<http://www.w3.org/ns/ssn/operatingRange>	<http://www.w3.org/2002/07/owl#Class>
<http://www.w3.org/ns/ssn/person>	<http://www.w3.org/2002/07/owl#Class>
<http://www.w3.org/ns/ssn/physicalObject>	<http://www.w3.org/2002/07/owl#Class>
<http://www.w3.org/ns/ssn/platform>	<http://www.w3.org/2002/07/owl#Class>
<http://www.w3.org/ns/ssn/precision>	<http://www.w3.org/2002/07/owl#Class>
<http://www.w3.org/ns/ssn/property>	<http://www.w3.org/2002/07/owl#Class>
<http://www.w3.org/ns/ssn/pulseRateObservation>	<http://www.w3.org/2002/07/owl#Class>
<http://www.w3.org/ns/ssn/relative>	<http://www.w3.org/2002/07/owl#Class>
<http://www.w3.org/ns/ssn/resolution>	<http://www.w3.org/2002/07/owl#Class>
<http://www.w3.org/ns/ssn/respiratoryRate>	<http://www.w3.org/2002/07/owl#Class>
<http://www.w3.org/ns/ssn/respiratoryRateObservation>	<http://www.w3.org/2002/07/owl#Class>
<http://www.w3.org/ns/ssn/responseTime>	<http://www.w3.org/2002/07/owl#Class>
<http://www.w3.org/ns/ssn/selectivity>	<http://www.w3.org/2002/07/owl#Class>
<http://www.w3.org/ns/ssn/sensedObservationValue>	<http://www.w3.org/2002/07/owl#Class>
<http://www.w3.org/ns/ssn/sensing>	<http://www.w3.org/2002/07/owl#Class>
<http://www.w3.org/ns/ssn/sensingDevice>	<http://www.w3.org/2002/07/owl#Class>
<http://www.w3.org/ns/ssn/sensitivity>	<http://www.w3.org/2002/07/owl#Class>
<http://www.w3.org/ns/ssn/sensor>	<http://www.w3.org/2002/07/owl#Class>
<http://www.w3.org/ns/ssn/sensorInput>	<http://www.w3.org/2002/07/owl#Class>
<http://www.w3.org/ns/ssn/sensorOutput>	<http://www.w3.org/2002/07/owl#Class>
<http://www.w3.org/ns/ssn/sister>	<http://www.w3.org/2002/07/owl#Class>
<http://www.w3.org/ns/ssn/son>	<http://www.w3.org/2002/07/owl#Class>
<http://www.w3.org/ns/ssn/stimulus>	<http://www.w3.org/2002/07/owl#Class>
<http://www.w3.org/ns/ssn/survivalRange>	<http://www.w3.org/2002/07/owl#Class>
<http://www.w3.org/ns/ssn/system>	<http://www.w3.org/2002/07/owl#Class>
<http://www.w3.org/ns/ssn/wife>	<http://www.w3.org/2002/07/owl#Class>
<https://bioportal.bioontology.org/ontologies/FTDM.owl#Antihypertensive_drug>	<http://www.w3.org/2002/07/owl#Class>
<https://bioportal.bioontology.org/ontologies/FTDM.owl#Basaglar>	<http://www.w3.org/2002/07/owl#Class>
<https://bioportal.bioontology.org/ontologies/FTDM.owl#DDO_17621005>	<http://www.w3.org/2002/07/owl#Class>
<https://bioportal.bioontology.org/ontologies/FTDM.owl#DMTO_0000011>	<http://www.w3.org/2002/07/owl#Class>
<https://bioportal.bioontology.org/ontologies/FTDM.owl#DMTO_0000012>	<http://www.w3.org/2002/07/owl#Class>
<https://bioportal.bioontology.org/ontologies/FTDM.owl#DMTO_0000013>	<http://www.w3.org/2002/07/owl#Class>
<https://bioportal.bioontology.org/ontologies/FTDM.owl#DMTO_0000020>	<http://www.w3.org/2002/07/owl#Class>
<https://bioportal.bioontology.org/ontologies/FTDM.owl#DMTO_0000024>	<http://www.w3.org/2002/07/owl#Class>
<https://bioportal.bioontology.org/ontologies/FTDM.owl#DMTO_0000027>	<http://www.w3.org/2002/07/owl#Class>
<https://bioportal.bioontology.org/ontologies/FTDM.owl#DMTO_0000028>	<http://www.w3.org/2002/07/owl#Class>
<https://bioportal.bioontology.org/ontologies/FTDM.owl#DMTO_0000029>	<http://www.w3.org/2002/07/owl#Class>
<https://bioportal.bioontology.org/ontologies/FTDM.owl#DMTO_0000033>	<http://www.w3.org/2002/07/owl#Class>
<https://bioportal.bioontology.org/ontologies/FTDM.owl#DMTO_0000042>	<http://www.w3.org/2002/07/owl#Class>
<https://bioportal.bioontology.org/ontologies/FTDM.owl#DMTO_0000044>	<http://www.w3.org/2002/07/owl#Class>
<https://bioportal.bioontology.org/ontologies/FTDM.owl#DMTO_0000045>	<http://www.w3.org/2002/07/owl#Class>
<https://bioportal.bioontology.org/ontologies/FTDM.owl#DMTO_0000053>	<http://www.w3.org/2002/07/owl#Class>
<https://bioportal.bioontology.org/ontologies/FTDM.owl#DMTO_0000054>	<http://www.w3.org/2002/07/owl#Class>
<https://bioportal.bioontology.org/ontologies/FTDM.owl#DMTO_0000055>	<http://www.w3.org/2002/07/owl#Class>
<https://bioportal.bioontology.org/ontologies/FTDM.owl#DMTO_0000056>	<http://www.w3.org/2002/07/owl#Class>
<https://bioportal.bioontology.org/ontologies/FTDM.owl#DMTO_0000057>	<http://www.w3.org/2002/07/owl#Class>
<https://bioportal.bioontology.org/ontologies/FTDM.owl#DMTO_0000058>	<http://www.w3.org/2002/07/owl#Class>
<https://bioportal.bioontology.org/ontologies/FTDM.owl#DMTO_0000059>	<http://www.w3.org/2002/07/owl#Class>
<https://bioportal.bioontology.org/ontologies/FTDM.owl#DMTO_0000060>	<http://www.w3.org/2002/07/owl#Class>
<https://bioportal.bioontology.org/ontologies/FTDM.owl#DMTO_0000061>	<http://www.w3.org/2002/07/owl#Class>
<https://bioportal.bioontology.org/ontologies/FTDM.owl#DMTO_0000062>	<http://www.w3.org/2002/07/owl#Class>
<https://bioportal.bioontology.org/ontologies/FTDM.owl#DMTO_0000063>	<http://www.w3.org/2002/07/owl#Class>
<https://bioportal.bioontology.org/ontologies/FTDM.owl#DMTO_0000064>	<http://www.w3.org/2002/07/owl#Class>
<https://bioportal.bioontology.org/ontologies/FTDM.owl#DMTO_0000065>	<http://www.w3.org/2002/07/owl#Class>
<https://bioportal.bioontology.org/ontologies/FTDM.owl#DMTO_0000066>	<http://www.w3.org/2002/07/owl#Class>
<https://bioportal.bioontology.org/ontologies/FTDM.owl#DMTO_0000067>	<http://www.w3.org/2002/07/owl#Class>
<https://bioportal.bioontology.org/ontologies/FTDM.owl#DMTO_0000068>	<http://www.w3.org/2002/07/owl#Class>
<https://bioportal.bioontology.org/ontologies/FTDM.owl#DMTO_0000069>	<http://www.w3.org/2002/07/owl#Class>
<https://bioportal.bioontology.org/ontologies/FTDM.owl#DMTO_0000070>	<http://www.w3.org/2002/07/owl#Class>
<https://bioportal.bioontology.org/ontologies/FTDM.owl#DMTO_0000071>	<http://www.w3.org/2002/07/owl#Class>
<https://bioportal.bioontology.org/ontologies/FTDM.owl#DMTO_0000082>	<http://www.w3.org/2002/07/owl#Class>
<https://bioportal.bioontology.org/ontologies/FTDM.owl#DMTO_0000083>	<http://www.w3.org/2002/07/owl#Class>
<https://bioportal.bioontology.org/ontologies/FTDM.owl#DMTO_0000084>	<http://www.w3.org/2002/07/owl#Class>
<https://bioportal.bioontology.org/ontologies/FTDM.owl#DMTO_0000085>	<http://www.w3.org/2002/07/owl#Class>
<https://bioportal.bioontology.org/ontologies/FTDM.owl#DMTO_0000086>	<http://www.w3.org/2002/07/owl#Class>
<https://bioportal.bioontology.org/ontologies/FTDM.owl#DMTO_0000087>	<http://www.w3.org/2002/07/owl#Class>
<https://bioportal.bioontology.org/ontologies/FTDM.owl#DMTO_0000088>	<http://www.w3.org/2002/07/owl#Class>
<https://bioportal.bioontology.org/ontologies/FTDM.owl#DMTO_0000089>	<http://www.w3.org/2002/07/owl#Class>
<https://bioportal.bioontology.org/ontologies/FTDM.owl#DMTO_0000090>	<http://www.w3.org/2002/07/owl#Class>
<https://bioportal.bioontology.org/ontologies/FTDM.owl#DMTO_0000091>	<http://www.w3.org/2002/07/owl#Class>
<https://bioportal.bioontology.org/ontologies/FTDM.owl#DMTO_0000092>	<http://www.w3.org/2002/07/owl#Class>
<https://bioportal.bioontology.org/ontologies/FTDM.owl#DMTO_0000093>	<http://www.w3.org/2002/07/owl#Class>
<https://bioportal.bioontology.org/ontologies/FTDM.owl#DMTO_0000094>	<http://www.w3.org/2002/07/owl#Class>
<https://bioportal.bioontology.org/ontologies/FTDM.owl#DMTO_0000095>	<http://www.w3.org/2002/07/owl#Class>
<https://bioportal.bioontology.org/ontologies/FTDM.owl#DMTO_0000096>	<http://www.w3.org/2002/07/owl#Class>
<https://bioportal.bioontology.org/ontologies/FTDM.owl#DMTO_0000097>	<http://www.w3.org/2002/07/owl#Class>
<https://bioportal.bioontology.org/ontologies/FTDM.owl#DMTO_0000098>	<http://www.w3.org/2002/07/owl#Class>
<https://bioportal.bioontology.org/ontologies/FTDM.owl#DMTO_0000099>	<http://www.w3.org/2002/07/owl#Class>
<https://bioportal.bioontology.org/ontologies/FTDM.owl#DMTO_0000100>	<http://www.w3.org/2002/07/owl#Class>
<https://bioportal.bioontology.org/ontologies/FTDM.owl#DMTO_0000101>	<http://www.w3.org/2002/07/owl#Class>
<https://bioportal.bioontology.org/ontologies/FTDM.owl#DMTO_0000102>	<http://www.w3.org/2002/07/owl#Class>
<https://bioportal.bioontology.org/ontologies/FTDM.owl#DMTO_0000103>	<http://www.w3.org/2002/07/owl#Class>
<https://bioportal.bioontology.org/ontologies/FTDM.owl#DMTO_0000104>	<http://www.w3.org/2002/07/owl#Class>
<https://bioportal.bioontology.org/ontologies/FTDM.owl#DMTO_0000105>	<http://www.w3.org/2002/07/owl#Class>
<https://bioportal.bioontology.org/ontologies/FTDM.owl#DMTO_0000106>	<http://www.w3.org/2002/07/owl#Class>
<https://bioportal.bioontology.org/ontologies/FTDM.owl#DMTO_0000107>	<http://www.w3.org/2002/07/owl#Class>
<https://bioportal.bioontology.org/ontologies/FTDM.owl#DMTO_0000108>	<http://www.w3.org/2002/07/owl#Class>
<https://bioportal.bioontology.org/ontologies/FTDM.owl#DMTO_0000109>	<http://www.w3.org/2002/07/owl#Class>
<https://bioportal.bioontology.org/ontologies/FTDM.owl#DMTO_0000110>	<http://www.w3.org/2002/07/owl#Class>
<https://bioportal.bioontology.org/ontologies/FTDM.owl#DMTO_0000111>	<http://www.w3.org/2002/07/owl#Class>
<https://bioportal.bioontology.org/ontologies/FTDM.owl#DMTO_0000112>	<http://www.w3.org/2002/07/owl#Class>
<https://bioportal.bioontology.org/ontologies/FTDM.owl#DMTO_0000113>	<http://www.w3.org/2002/07/owl#Class>
<https://bioportal.bioontology.org/ontologies/FTDM.owl#DMTO_0000114>	<http://www.w3.org/2002/07/owl#Class>
<https://bioportal.bioontology.org/ontologies/FTDM.owl#DMTO_0000115>	<http://www.w3.org/2002/07/owl#Class>
<https://bioportal.bioontology.org/ontologies/FTDM.owl#DMTO_0000116>	<http://www.w3.org/2002/07/owl#Class>
<https://bioportal.bioontology.org/ontologies/FTDM.owl#DMTO_0000117>	<http://www.w3.org/2002/07/owl#Class>
<https://bioportal.bioontology.org/ontologies/FTDM.owl#DMTO_0000118>	<http://www.w3.org/2002/07/owl#Class>
<https://bioportal.bioontology.org/ontologies/FTDM.owl#DMTO_0000119>	<http://www.w3.org/2002/07/owl#Class>
<https://bioportal.bioontology.org/ontologies/FTDM.owl#DMTO_0000120>	<http://www.w3.org/2002/07/owl#Class>
<https://bioportal.bioontology.org/ontologies/FTDM.owl#DMTO_0000121>	<http://www.w3.org/2002/07/owl#Class>
<https://bioportal.bioontology.org/ontologies/FTDM.owl#DMTO_0000122>	<http://www.w3.org/2002/07/owl#Class>
<https://bioportal.bioontology.org/ontologies/FTDM.owl#DMTO_0000123>	<http://www.w3.org/2002/07/owl#Class>
<https://bioportal.bioontology.org/ontologies/FTDM.owl#DMTO_0000124>	<http://www.w3.org/2002/07/owl#Class>
<https://bioportal.bioontology.org/ontologies/FTDM.owl#DMTO_0000125>	<http://www.w3.org/2002/07/owl#Class>
<https://bioportal.bioontology.org/ontologies/FTDM.owl#DMTO_0000126>	<http://www.w3.org/2002/07/owl#Class>
<https://bioportal.bioontology.org/ontologies/FTDM.owl#DMTO_0000127>	<http://www.w3.org/2002/07/owl#Class>
<https://bioportal.bioontology.org/ontologies/FTDM.owl#DMTO_0000128>	<http://www.w3.org/2002/07/owl#Class>
<https://bioportal.bioontology.org/ontologies/FTDM.owl#DMTO_0000129>	<http://www.w3.org/2002/07/owl#Class>
<https://bioportal.bioontology.org/ontologies/FTDM.owl#DMTO_0000130>	<http://www.w3.org/2002/07/owl#Class>
<https://bioportal.bioontology.org/ontologies/FTDM.owl#DMTO_0000131>	<http://www.w3.org/2002/07/owl#Class>
<https://bioportal.bioontology.org/ontologies/FTDM.owl#DMTO_0000132>	<http://www.w3.org/2002/07/owl#Class>
<https://bioportal.bioontology.org/ontologies/FTDM.owl#DMTO_0000133>	<http://www.w3.org/2002/07/owl#Class>
<https://bioportal.bioontology.org/ontologies/FTDM.owl#DMTO_0000134>	<http://www.w3.org/2002/07/owl#Class>
<https://bioportal.bioontology.org/ontologies/FTDM.owl#DMTO_0000135>	<http://www.w3.org/2002/07/owl#Class>
<https://bioportal.bioontology.org/ontologies/FTDM.owl#DMTO_0000136>	<http://www.w3.org/2002/07/owl#Class>
<https://bioportal.bioontology.org/ontologies/FTDM.owl#DMTO_0000137>	<http://www.w3.org/2002/07/owl#Class>
<https://bioportal.bioontology.org/ontologies/FTDM.owl#DMTO_0000138>	<http://www.w3.org/2002/07/owl#Class>
<https://bioportal.bioontology.org/ontologies/FTDM.owl#DMTO_0000139>	<http://www.w3.org/2002/07/owl#Class>
<https://bioportal.bioontology.org/ontologies/FTDM.owl#DMTO_0000140>	<http://www.w3.org/2002/07/owl#Class>
<https://bioportal.bioontology.org/ontologies/FTDM.owl#DMTO_0000141>	<http://www.w3.org/2002/07/owl#Class>
<https://bioportal.bioontology.org/ontologies/FTDM.owl#DMTO_0000142>	<http://www.w3.org/2002/07/owl#Class>
<https://bioportal.bioontology.org/ontologies/FTDM.owl#DMTO_0000143>	<http://www.w3.org/2002/07/owl#Class>
<https://bioportal.bioontology.org/ontologies/FTDM.owl#DMTO_0000144>	<http://www.w3.org/2002/07/owl#Class>
<https://bioportal.bioontology.org/ontologies/FTDM.owl#DMTO_0000145>	<http://www.w3.org/2002/07/owl#Class>
<https://bioportal.bioontology.org/ontologies/FTDM.owl#DMTO_0000146>	<http://www.w3.org/2002/07/owl#Class>
<https://bioportal.bioontology.org/ontologies/FTDM.owl#DMTO_0000147>	<http://www.w3.org/2002/07/owl#Class>
<https://bioportal.bioontology.org/ontologies/FTDM.owl#DMTO_0000148>	<http://www.w3.org/2002/07/owl#Class>
<https://bioportal.bioontology.org/ontologies/FTDM.owl#DMTO_0000149>	<http://www.w3.org/2002/07/owl#Class>
<https://bioportal.bioontology.org/ontologies/FTDM.owl#DMTO_0000150>	<http://www.w3.org/2002/07/owl#Class>
<https://bioportal.bioontology.org/ontologies/FTDM.owl#DMTO_0000151>	<http://www.w3.org/2002/07/owl#Class>
<https://bioportal.bioontology.org/ontologies/FTDM.owl#DMTO_0000152>	<http://www.w3.org/2002/07/owl#Class>
<https://bioportal.bioontology.org/ontologies/FTDM.owl#DMTO_0000153>	<http://www.w3.org/2002/07/owl#Class>
<https://bioportal.bioontology.org/ontologies/FTDM.owl#DMTO_0000154>	<http://www.w3.org/2002/07/owl#Class>
<https://bioportal.bioontology.org/ontologies/FTDM.owl#DMTO_0000155>	<http://www.w3.org/2002/07/owl#Class>
<https://bioportal.bioontology.org/ontologies/FTDM.owl#DMTO_0000156>	<http://www.w3.org/2002/07/owl#Class>
<https://bioportal.bioontology.org/ontologies/FTDM.owl#DMTO_0000157>	<http://www.w3.org/2002/07/owl#Class>
<https://bioportal.bioontology.org/ontologies/FTDM.owl#DMTO_0000158>	<http://www.w3.org/2002/07/owl#Class>
<https://bioportal.bioontology.org/ontologies/FTDM.owl#DMTO_0000159>	<http://www.w3.org/2002/07/owl#Class>
<https://bioportal.bioontology.org/ontologies/FTDM.owl#DMTO_0000160>	<http://www.w3.org/2002/07/owl#Class>
<https://bioportal.bioontology.org/ontologies/FTDM.owl#DMTO_0000161>	<http://www.w3.org/2002/07/owl#Class>
<https://bioportal.bioontology.org/ontologies/FTDM.owl#DMTO_0000162>	<http://www.w3.org/2002/07/owl#Class>
<https://bioportal.bioontology.org/ontologies/FTDM.owl#DMTO_0000163>	<http://www.w3.org/2002/07/owl#Class>
<https://bioportal.bioontology.org/ontologies/FTDM.owl#DMTO_0000164>	<http://www.w3.org/2002/07/owl#Class>
<https://bioportal.bioontology.org/ontologies/FTDM.owl#DMTO_0000165>	<http://www.w3.org/2002/07/owl#Class>
<https://bioportal.bioontology.org/ontologies/FTDM.owl#DMTO_0000166>	<http://www.w3.org/2002/07/owl#Class>
<https://bioportal.bioontology.org/ontologies/FTDM.owl#DMTO_0000167>	<http://www.w3.org/2002/07/owl#Class>
<https://bioportal.bioontology.org/ontologies/FTDM.owl#DMTO_0000168>	<http://www.w3.org/2002/07/owl#Class>
<https://bioportal.bioontology.org/ontologies/FTDM.owl#DMTO_0000169>	<http://www.w3.org/2002/07/owl#Class>
<https://bioportal.bioontology.org/ontologies/FTDM.owl#DMTO_0000170>	<http://www.w3.org/2002/07/owl#Class>
<https://bioportal.bioontology.org/ontologies/FTDM.owl#DMTO_0000171>	<http://www.w3.org/2002/07/owl#Class>
<https://bioportal.bioontology.org/ontologies/FTDM.owl#DMTO_0000172>	<http://www.w3.org/2002/07/owl#Class>
<https://bioportal.bioontology.org/ontologies/FTDM.owl#DMTO_0000173>	<http://www.w3.org/2002/07/owl#Class>
<https://bioportal.bioontology.org/ontologies/FTDM.owl#DMTO_0000174>	<http://www.w3.org/2002/07/owl#Class>
<https://bioportal.bioontology.org/ontologies/FTDM.owl#DMTO_0000175>	<http://www.w3.org/2002/07/owl#Class>
<https://bioportal.bioontology.org/ontologies/FTDM.owl#DMTO_0000180>	<http://www.w3.org/2002/07/owl#Class>
<https://bioportal.bioontology.org/ontologies/FTDM.owl#DMTO_0000181>	<http://www.w3.org/2002/07/owl#Class>
<https://bioportal.bioontology.org/ontologies/FTDM.owl#DMTO_0000182>	<http://www.w3.org/2002/07/owl#Class>
<https://bioportal.bioontology.org/ontologies/FTDM.owl#DMTO_0000183>	<http://www.w3.org/2002/07/owl#Class>
<https://bioportal.bioontology.org/ontologies/FTDM.owl#DMTO_0000184>	<http://www.w3.org/2002/07/owl#Class>
<https://bioportal.bioontology.org/ontologies/FTDM.owl#DMTO_0000185>	<http://www.w3.org/2002/07/owl#Class>
<https://bioportal.bioontology.org/ontologies/FTDM.owl#DMTO_0000186>	<http://www.w3.org/2002/07/owl#Class>
<https://bioportal.bioontology.org/ontologies/FTDM.owl#DMTO_0000187>	<http://www.w3.org/2002/07/owl#Class>
<https://bioportal.bioontology.org/ontologies/FTDM.owl#DMTO_0000188>	<http://www.w3.org/2002/07/owl#Class>
<https://bioportal.bioontology.org/ontologies/FTDM.owl#DMTO_0000189>	<http://www.w3.org/2002/07/owl#Class>
<https://bioportal.bioontology.org/ontologies/FTDM.owl#DMTO_0000190>	<http://www.w3.org/2002/07/owl#Class>
<https://bioportal.bioontology.org/ontologies/FTDM.owl#DMTO_0000191>	<http://www.w3.org/2002/07/owl#Class>
<https://bioportal.bioontology.org/ontologies/FTDM.owl#DMTO_0000192>	<http://www.w3.org/2002/07/owl#Class>
<https://bioportal.bioontology.org/ontologies/FTDM.owl#DMTO_0000193>	<http://www.w3.org/2002/07/owl#Class>
<https://bioportal.bioontology.org/ontologies/FTDM.owl#DMTO_0000194>	<http://www.w3.org/2002/07/owl#Class>
<https://bioportal.bioontology.org/ontologies/FTDM.owl#DMTO_0000195>	<http://www.w3.org/2002/07/owl#Class>
<https://bioportal.bioontology.org/ontologies/FTDM.owl#DMTO_0000196>	<http://www.w3.org/2002/07/owl#Class>
<https://bioportal.bioontology.org/ontologies/FTDM.owl#DMTO_0000197>	<http://www.w3.org/2002/07/owl#Class>
<https://bioportal.bioontology.org/ontologies/FTDM.owl#DMTO_0000198>	<http://www.w3.org/2002/07/owl#Class>
<https://bioportal.bioontology.org/ontologies/FTDM.owl#DMTO_0000199>	<http://www.w3.org/2002/07/owl#Class>
<https://bioportal.bioontology.org/ontologies/FTDM.owl#DMTO_0000200>	<http://www.w3.org/2002/07/owl#Class>
<https://bioportal.bioontology.org/ontologies/FTDM.owl#DMTO_0000201>	<http://www.w3.org/2002/07/owl#Class>
<https://bioportal.bioontology.org/ontologies/FTDM.owl#DMTO_0000202>	<http://www.w3.org/2002/07/owl#Class>
<https://bioportal.bioontology.org/ontologies/FTDM.owl#DMTO_0000203>	<http://www.w3.org/2002/07/owl#Class>
<https://bioportal.bioontology.org/ontologies/FTDM.owl#DMTO_0000204>	<http://www.w3.org/2002/07/owl#Class>
<https://bioportal.bioontology.org/ontologies/FTDM.owl#DMTO_0000205>	<http://www.w3.org/2002/07/owl#Class>
<https://bioportal.bioontology.org/ontologies/FTDM.owl#DMTO_0000206>	<http://www.w3.org/2002/07/owl#Class>
<https://bioportal.bioontology.org/ontologies/FTDM.owl#DMTO_0000207>	<http://www.w3.org/2002/07/owl#Class>
<https://bioportal.bioontology.org/ontologies/FTDM.owl#DMTO_0000208>	<http://www.w3.org/2002/07/owl#Class>
<https://bioportal.bioontology.org/ontologies/FTDM.owl#DMTO_0000209>	<http://www.w3.org/2002/07/owl#Class>
<https://bioportal.bioontology.org/ontologies/FTDM.owl#DMTO_0000210>	<http://www.w3.org/2002/07/owl#Class>
<https://bioportal.bioontology.org/ontologies/FTDM.owl#DMTO_0000211>	<http://www.w3.org/2002/07/owl#Class>
<https://bioportal.bioontology.org/ontologies/FTDM.owl#DMTO_0000212>	<http://www.w3.org/2002/07/owl#Class>
<https://bioportal.bioontology.org/ontologies/FTDM.owl#DMTO_0000213>	<http://www.w3.org/2002/07/owl#Class>
<https://bioportal.bioontology.org/ontologies/FTDM.owl#DMTO_0000214>	<http://www.w3.org/2002/07/owl#Class>
<https://bioportal.bioontology.org/ontologies/FTDM.owl#DMTO_0000215>	<http://www.w3.org/2002/07/owl#Class>
<https://bioportal.bioontology.org/ontologies/FTDM.owl#DMTO_0000216>	<http://www.w3.org/2002/07/owl#Class>
<https://bioportal.bioontology.org/ontologies/FTDM.owl#DMTO_0000217>	<http://www.w3.org/2002/07/owl#Class>
<https://bioportal.bioontology.org/ontologies/FTDM.owl#DMTO_0000218>	<http://www.w3.org/2002/07/owl#Class>
<https://bioportal.bioontology.org/ontologies/FTDM.owl#DMTO_0000219>	<http://www.w3.org/2002/07/owl#Class>
<https://bioportal.bioontology.org/ontologies/FTDM.owl#DMTO_0000220>	<http://www.w3.org/2002/07/owl#Class>
<https://bioportal.bioontology.org/ontologies/FTDM.owl#DMTO_0000221>	<http://www.w3.org/2002/07/owl#Class>
<https://bioportal.bioontology.org/ontologies/FTDM.owl#DMTO_0000222>	<http://www.w3.org/2002/07/owl#Class>
<https://bioportal.bioontology.org/ontologies/FTDM.owl#DMTO_0000223>	<http://www.w3.org/2002/07/owl#Class>
<https://bioportal.bioontology.org/ontologies/FTDM.owl#DMTO_0000224>	<http://www.w3.org/2002/07/owl#Class>
<https://bioportal.bioontology.org/ontologies/FTDM.owl#DMTO_0000225>	<http://www.w3.org/2002/07/owl#Class>
<https://bioportal.bioontology.org/ontologies/FTDM.owl#DMTO_0000226>	<http://www.w3.org/2002/07/owl#Class>
<https://bioportal.bioontology.org/ontologies/FTDM.owl#DMTO_0000227>	<http://www.w3.org/2002/07/owl#Class>
<https://bioportal.bioontology.org/ontologies/FTDM.owl#DMTO_0000228>	<http://www.w3.org/2002/07/owl#Class>
<https://bioportal.bioontology.org/ontologies/FTDM.owl#DMTO_0000229>	<http://www.w3.org/2002/07/owl#Class>
<https://bioportal.bioontology.org/ontologies/FTDM.owl#DMTO_0000230>	<http://www.w3.org/2002/07/owl#Class>
<https://bioportal.bioontology.org/ontologies/FTDM.owl#DMTO_0000231>	<http://www.w3.org/2002/07/owl#Class>
<https://bioportal.bioontology.org/ontologies/FTDM.owl#DMTO_0000232>	<http://www.w3.org/2002/07/owl#Class>
<https://bioportal.bioontology.org/ontologies/FTDM.owl#DMTO_0000233>	<http://www.w3.org/2002/07/owl#Class>
<https://bioportal.bioontology.org/ontologies/FTDM.owl#DMTO_0000234>	<http://www.w3.org/2002/07/owl#Class>
<https://bioportal.bioontology.org/ontologies/FTDM.owl#DMTO_0000235>	<http://www.w3.org/2002/07/owl#Class>
<https://bioportal.bioontology.org/ontologies/FTDM.owl#DMTO_0000236>	<http://www.w3.org/2002/07/owl#Class>
<https://bioportal.bioontology.org/ontologies/FTDM.owl#DMTO_0000237>	<http://www.w3.org/2002/07/owl#Class>
<https://bioportal.bioontology.org/ontologies/FTDM.owl#DMTO_0000238>	<http://www.w3.org/2002/07/owl#Class>
<https://bioportal.bioontology.org/ontologies/FTDM.owl#DMTO_0000239>	<http://www.w3.org/2002/07/owl#Class>
<https://bioportal.bioontology.org/ontologies/FTDM.owl#DMTO_0000240>	<http://www.w3.org/2002/07/owl#Class>
<https://bioportal.bioontology.org/ontologies/FTDM.owl#DMTO_0000241>	<http://www.w3.org/2002/07/owl#Class>
<https://bioportal.bioontology.org/ontologies/FTDM.owl#DMTO_0000242>	<http://www.w3.org/2002/07/owl#Class>
<https://bioportal.bioontology.org/ontologies/FTDM.owl#DMTO_0000243>	<http://www.w3.org/2002/07/owl#Class>
<https://bioportal.bioontology.org/ontologies/FTDM.owl#DMTO_0000244>	<http://www.w3.org/2002/07/owl#Class>
<https://bioportal.bioontology.org/ontologies/FTDM.owl#DMTO_0000245>	<http://www.w3.org/2002/07/owl#Class>
<https://bioportal.bioontology.org/ontologies/FTDM.owl#DMTO_0000246>	<http://www.w3.org/2002/07/owl#Class>
<https://bioportal.bioontology.org/ontologies/FTDM.owl#DMTO_0000247>	<http://www.w3.org/2002/07/owl#Class>
<https://bioportal.bioontology.org/ontologies/FTDM.owl#DMTO_0000248>	<http://www.w3.org/2002/07/owl#Class>
<https://bioportal.bioontology.org/ontologies/FTDM.owl#DMTO_0000249>	<http://www.w3.org/2002/07/owl#Class>
<https://bioportal.bioontology.org/ontologies/FTDM.owl#DMTO_0000250>	<http://www.w3.org/2002/07/owl#Class>
<https://bioportal.bioontology.org/ontologies/FTDM.owl#DMTO_0000251>	<http://www.w3.org/2002/07/owl#Class>
<https://bioportal.bioontology.org/ontologies/FTDM.owl#DMTO_0000252>	<http://www.w3.org/2002/07/owl#Class>
<https://bioportal.bioontology.org/ontologies/FTDM.owl#DMTO_0000253>	<http://www.w3.org/2002/07/owl#Class>
<https://bioportal.bioontology.org/ontologies/FTDM.owl#DMTO_0000254>	<http://www.w3.org/2002/07/owl#Class>
<https://bioportal.bioontology.org/ontologies/FTDM.owl#DMTO_0000255>	<http://www.w3.org/2002/07/owl#Class>
<https://bioportal.bioontology.org/ontologies/FTDM.owl#DMTO_0000256>	<http://www.w3.org/2002/07/owl#Class>
<https://bioportal.bioontology.org/ontologies/FTDM.owl#DMTO_0000257>	<http://www.w3.org/2002/07/owl#Class>
<https://bioportal.bioontology.org/ontologies/FTDM.owl#DMTO_0000258>	<http://www.w3.org/2002/07/owl#Class>
<https://bioportal.bioontology.org/ontologies/FTDM.owl#DMTO_0000261>	<http://www.w3.org/2002/07/owl#Class>
<https://bioportal.bioontology.org/ontologies/FTDM.owl#DMTO_0000262>	<http://www.w3.org/2002/07/owl#Class>
<https://bioportal.bioontology.org/ontologies/FTDM.owl#DMTO_0000263>	<http://www.w3.org/2002/07/owl#Class>
<https://bioportal.bioontology.org/ontologies/FTDM.owl#DMTO_0000264>	<http://www.w3.org/2002/07/owl#Class>
<https://bioportal.bioontology.org/ontologies/FTDM.owl#DMTO_0000265>	<http://www.w3.org/2002/07/owl#Class>
<https://bioportal.bioontology.org/ontologies/FTDM.owl#DMTO_0000266>	<http://www.w3.org/2002/07/owl#Class>
<https://bioportal.bioontology.org/ontologies/FTDM.owl#DMTO_0000267>	<http://www.w3.org/2002/07/owl#Class>
<https://bioportal.bioontology.org/ontologies/FTDM.owl#DMTO_0000268>	<http://www.w3.org/2002/07/owl#Class>
<https://bioportal.bioontology.org/ontologies/FTDM.owl#DMTO_0000269>	<http://www.w3.org/2002/07/owl#Class>
<https://bioportal.bioontology.org/ontologies/FTDM.owl#DMTO_0000270>	<http://www.w3.org/2002/07/owl#Class>
<https://bioportal.bioontology.org/ontologies/FTDM.owl#DMTO_0000271>	<http://www.w3.org/2002/07/owl#Class>
<https://bioportal.bioontology.org/ontologies/FTDM.owl#DMTO_0000272>	<http://www.w3.org/2002/07/owl#Class>
<https://bioportal.bioontology.org/ontologies/FTDM.owl#DMTO_0000273>	<http://www.w3.org/2002/07/owl#Class>
<https://bioportal.bioontology.org/ontologies/FTDM.owl#DMTO_0000274>	<http://www.w3.org/2002/07/owl#Class>
<https://bioportal.bioontology.org/ontologies/FTDM.owl#DMTO_0000275>	<http://www.w3.org/2002/07/owl#Class>
<https://bioportal.bioontology.org/ontologies/FTDM.owl#DMTO_0000276>	<http://www.w3.org/2002/07/owl#Class>
<https://bioportal.bioontology.org/ontologies/FTDM.owl#DMTO_0000277>	<http://www.w3.org/2002/07/owl#Class>
<https://bioportal.bioontology.org/ontologies/FTDM.owl#DMTO_0000278>	<http://www.w3.org/2002/07/owl#Class>
<https://bioportal.bioontology.org/ontologies/FTDM.owl#DMTO_0000279>	<http://www.w3.org/2002/07/owl#Class>
<https://bioportal.bioontology.org/ontologies/FTDM.owl#DMTO_0000280>	<http://www.w3.org/2002/07/owl#Class>
<https://bioportal.bioontology.org/ontologies/FTDM.owl#DMTO_0000281>	<http://www.w3.org/2002/07/owl#Class>
<https://bioportal.bioontology.org/ontologies/FTDM.owl#DMTO_0000282>	<http://www.w3.org/2002/07/owl#Class>
<https://bioportal.bioontology.org/ontologies/FTDM.owl#DMTO_0000283>	<http://www.w3.org/2002/07/owl#Class>
<https://bioportal.bioontology.org/ontologies/FTDM.owl#DMTO_0000284>	<http://www.w3.org/2002/07/owl#Class>
<https://bioportal.bioontology.org/ontologies/FTDM.owl#DMTO_0000285>	<http://www.w3.org/2002/07/owl#Class>
<https://bioportal.bioontology.org/ontologies/FTDM.owl#DMTO_0000286>	<http://www.w3.org/2002/07/owl#Class>
<https://bioportal.bioontology.org/ontologies/FTDM.owl#DMTO_0000287>	<http://www.w3.org/2002/07/owl#Class>
<https://bioportal.bioontology.org/ontologies/FTDM.owl#DMTO_0000288>	<http://www.w3.org/2002/07/owl#Class>
<https://bioportal.bioontology.org/ontologies/FTDM.owl#DMTO_0000289>	<http://www.w3.org/2002/07/owl#Class>
<https://bioportal.bioontology.org/ontologies/FTDM.owl#DMTO_0000290>	<http://www.w3.org/2002/07/owl#Class>
<https://bioportal.bioontology.org/ontologies/FTDM.owl#DMTO_0000291>	<http://www.w3.org/2002/07/owl#Class>
<https://bioportal.bioontology.org/ontologies/FTDM.owl#DMTO_0000292>	<http://www.w3.org/2002/07/owl#Class>
<https://bioportal.bioontology.org/ontologies/FTDM.owl#DMTO_0000293>	<http://www.w3.org/2002/07/owl#Class>
<https://bioportal.bioontology.org/ontologies/FTDM.owl#DMTO_0000294>	<http://www.w3.org/2002/07/owl#Class>
<https://bioportal.bioontology.org/ontologies/FTDM.owl#DMTO_0000295>	<http://www.w3.org/2002/07/owl#Class>
<https://bioportal.bioontology.org/ontologies/FTDM.owl#DMTO_0000296>	<http://www.w3.org/2002/07/owl#Class>
<https://bioportal.bioontology.org/ontologies/FTDM.owl#DMTO_0000297>	<http://www.w3.org/2002/07/owl#Class>
<https://bioportal.bioontology.org/ontologies/FTDM.owl#DMTO_0000298>	<http://www.w3.org/2002/07/owl#Class>
<https://bioportal.bioontology.org/ontologies/FTDM.owl#DMTO_0000299>	<http://www.w3.org/2002/07/owl#Class>
<https://bioportal.bioontology.org/ontologies/FTDM.owl#DMTO_0000300>	<http://www.w3.org/2002/07/owl#Class>
<https://bioportal.bioontology.org/ontologies/FTDM.owl#DMTO_0000301>	<http://www.w3.org/2002/07/owl#Class>
<https://bioportal.bioontology.org/ontologies/FTDM.owl#DMTO_0000302>	<http://www.w3.org/2002/07/owl#Class>
<https://bioportal.bioontology.org/ontologies/FTDM.owl#DMTO_0000303>	<http://www.w3.org/2002/07/owl#Class>
<https://bioportal.bioontology.org/ontologies/FTDM.owl#DMTO_0000304>	<http://www.w3.org/2002/07/owl#Class>
<https://bioportal.bioontology.org/ontologies/FTDM.owl#DMTO_0000305>	<http://www.w3.org/2002/07/owl#Class>
<https://bioportal.bioontology.org/ontologies/FTDM.owl#DMTO_0000306>	<http://www.w3.org/2002/07/owl#Class>
<https://bioportal.bioontology.org/ontologies/FTDM.owl#DMTO_0000307>	<http://www.w3.org/2002/07/owl#Class>
<https://bioportal.bioontology.org/ontologies/FTDM.owl#DMTO_0000308>	<http://www.w3.org/2002/07/owl#Class>
<https://bioportal.bioontology.org/ontologies/FTDM.owl#DMTO_0000309>	<http://www.w3.org/2002/07/owl#Class>
<https://bioportal.bioontology.org/ontologies/FTDM.owl#DMTO_0000310>	<http://www.w3.org/2002/07/owl#Class>
<https://bioportal.bioontology.org/ontologies/FTDM.owl#DMTO_0000311>	<http://www.w3.org/2002/07/owl#Class>
<https://bioportal.bioontology.org/ontologies/FTDM.owl#DMTO_0000312>	<http://www.w3.org/2002/07/owl#Class>
<https://bioportal.bioontology.org/ontologies/FTDM.owl#DMTO_0000313>	<http://www.w3.org/2002/07/owl#Class>
<https://bioportal.bioontology.org/ontologies/FTDM.owl#DMTO_0000314>	<http://www.w3.org/2002/07/owl#Class>
<https://bioportal.bioontology.org/ontologies/FTDM.owl#DMTO_0000315>	<http://www.w3.org/2002/07/owl#Class>
<https://bioportal.bioontology.org/ontologies/FTDM.owl#DMTO_0000316>	<http://www.w3.org/2002/07/owl#Class>
<https://bioportal.bioontology.org/ontologies/FTDM.owl#DMTO_0000317>	<http://www.w3.org/2002/07/owl#Class>
<https://bioportal.bioontology.org/ontologies/FTDM.owl#DMTO_0000318>	<http://www.w3.org/2002/07/owl#Class>
<https://bioportal.bioontology.org/ontologies/FTDM.owl#DMTO_0000319>	<http://www.w3.org/2002/07/owl#Class>
<https://bioportal.bioontology.org/ontologies/FTDM.owl#DMTO_0000320>	<http://www.w3.org/2002/07/owl#Class>
<https://bioportal.bioontology.org/ontologies/FTDM.owl#DMTO_0000321>	<http://www.w3.org/2002/07/owl#Class>
<https://bioportal.bioontology.org/ontologies/FTDM.owl#DMTO_0000322>	<http://www.w3.org/2002/07/owl#Class>
<https://bioportal.bioontology.org/ontologies/FTDM.owl#DMTO_0000323>	<http://www.w3.org/2002/07/owl#Class>
<https://bioportal.bioontology.org/ontologies/FTDM.owl#DMTO_0000324>	<http://www.w3.org/2002/07/owl#Class>
<https://bioportal.bioontology.org/ontologies/FTDM.owl#DMTO_0000325>	<http://www.w3.org/2002/07/owl#Class>
<https://bioportal.bioontology.org/ontologies/FTDM.owl#DMTO_0000326>	<http://www.w3.org/2002/07/owl#Class>
<https://bioportal.bioontology.org/ontologies/FTDM.owl#DMTO_0000327>	<http://www.w3.org/2002/07/owl#Class>
<https://bioportal.bioontology.org/ontologies/FTDM.owl#DMTO_0000328>	<http://www.w3.org/2002/07/owl#Class>
<https://bioportal.bioontology.org/ontologies/FTDM.owl#DMTO_0000329>	<http://www.w3.org/2002/07/owl#Class>
<https://bioportal.bioontology.org/ontologies/FTDM.owl#DMTO_0000330>	<http://www.w3.org/2002/07/owl#Class>
<https://bioportal.bioontology.org/ontologies/FTDM.owl#DMTO_0000331>	<http://www.w3.org/2002/07/owl#Class>
<https://bioportal.bioontology.org/ontologies/FTDM.owl#DMTO_0000332>	<http://www.w3.org/2002/07/owl#Class>
<https://bioportal.bioontology.org/ontologies/FTDM.owl#DMTO_0000333>	<http://www.w3.org/2002/07/owl#Class>
<https://bioportal.bioontology.org/ontologies/FTDM.owl#DMTO_0000334>	<http://www.w3.org/2002/07/owl#Class>
<https://bioportal.bioontology.org/ontologies/FTDM.owl#DMTO_0000335>	<http://www.w3.org/2002/07/owl#Class>
<https://bioportal.bioontology.org/ontologies/FTDM.owl#DMTO_0000336>	<http://www.w3.org/2002/07/owl#Class>
<https://bioportal.bioontology.org/ontologies/FTDM.owl#DMTO_0000337>	<http://www.w3.org/2002/07/owl#Class>
<https://bioportal.bioontology.org/ontologies/FTDM.owl#DMTO_0000338>	<http://www.w3.org/2002/07/owl#Class>
<https://bioportal.bioontology.org/ontologies/FTDM.owl#DMTO_0000339>	<http://www.w3.org/2002/07/owl#Class>
<https://bioportal.bioontology.org/ontologies/FTDM.owl#DMTO_0000340>	<http://www.w3.org/2002/07/owl#Class>
<https://bioportal.bioontology.org/ontologies/FTDM.owl#DMTO_0000341>	<http://www.w3.org/2002/07/owl#Class>
<https://bioportal.bioontology.org/ontologies/FTDM.owl#DMTO_0000342>	<http://www.w3.org/2002/07/owl#Class>
<https://bioportal.bioontology.org/ontologies/FTDM.owl#DMTO_0000343>	<http://www.w3.org/2002/07/owl#Class>
<https://bioportal.bioontology.org/ontologies/FTDM.owl#DMTO_0000344>	<http://www.w3.org/2002/07/owl#Class>
<https://bioportal.bioontology.org/ontologies/FTDM.owl#DMTO_0000345>	<http://www.w3.org/2002/07/owl#Class>
<https://bioportal.bioontology.org/ontologies/FTDM.owl#DMTO_0000346>	<http://www.w3.org/2002/07/owl#Class>
<https://bioportal.bioontology.org/ontologies/FTDM.owl#DMTO_0000347>	<http://www.w3.org/2002/07/owl#Class>
<https://bioportal.bioontology.org/ontologies/FTDM.owl#DMTO_0000348>	<http://www.w3.org/2002/07/owl#Class>
<https://bioportal.bioontology.org/ontologies/FTDM.owl#DMTO_0000349>	<http://www.w3.org/2002/07/owl#Class>
<https://bioportal.bioontology.org/ontologies/FTDM.owl#DMTO_0000350>	<http://www.w3.org/2002/07/owl#Class>
<https://bioportal.bioontology.org/ontologies/FTDM.owl#DMTO_0000351>	<http://www.w3.org/2002/07/owl#Class>
<https://bioportal.bioontology.org/ontologies/FTDM.owl#DMTO_0000352>	<http://www.w3.org/2002/07/owl#Class>
<https://bioportal.bioontology.org/ontologies/FTDM.owl#DMTO_0000353>	<http://www.w3.org/2002/07/owl#Class>
<https://bioportal.bioontology.org/ontologies/FTDM.owl#DMTO_0000354>	<http://www.w3.org/2002/07/owl#Class>
<https://bioportal.bioontology.org/ontologies/FTDM.owl#DMTO_0000355>	<http://www.w3.org/2002/07/owl#Class>
<https://bioportal.bioontology.org/ontologies/FTDM.owl#DMTO_0000356>	<http://www.w3.org/2002/07/owl#Class>
<https://bioportal.bioontology.org/ontologies/FTDM.owl#DMTO_0000357>	<http://www.w3.org/2002/07/owl#Class>
<https://bioportal.bioontology.org/ontologies/FTDM.owl#DMTO_0000358>	<http://www.w3.org/2002/07/owl#Class>
<https://bioportal.bioontology.org/ontologies/FTDM.owl#DMTO_0000359>	<http://www.w3.org/2002/07/owl#Class>
<https://bioportal.bioontology.org/ontologies/FTDM.owl#DMTO_0000360>	<http://www.w3.org/2002/07/owl#Class>
<https://bioportal.bioontology.org/ontologies/FTDM.owl#DMTO_0000361>	<http://www.w3.org/2002/07/owl#Class>
<https://bioportal.bioontology.org/ontologies/FTDM.owl#DMTO_0000362>	<http://www.w3.org/2002/07/owl#Class>
<https://bioportal.bioontology.org/ontologies/FTDM.owl#DMTO_0000363>	<http://www.w3.org/2002/07/owl#Class>
<https://bioportal.bioontology.org/ontologies/FTDM.owl#DMTO_0000364>	<http://www.w3.org/2002/07/owl#Class>
<https://bioportal.bioontology.org/ontologies/FTDM.owl#DMTO_0000365>	<http://www.w3.org/2002/07/owl#Class>
<https://bioportal.bioontology.org/ontologies/FTDM.owl#DMTO_0000366>	<http://www.w3.org/2002/07/owl#Class>
<https://bioportal.bioontology.org/ontologies/FTDM.owl#DMTO_0000367>	<http://www.w3.org/2002/07/owl#Class>
<https://bioportal.bioontology.org/ontologies/FTDM.owl#DMTO_0000368>	<http://www.w3.org/2002/07/owl#Class>
<https://bioportal.bioontology.org/ontologies/FTDM.owl#DMTO_0000369>	<http://www.w3.org/2002/07/owl#Class>
<https://bioportal.bioontology.org/ontologies/FTDM.owl#DMTO_0000370>	<http://www.w3.org/2002/07/owl#Class>
<https://bioportal.bioontology.org/ontologies/FTDM.owl#DMTO_0000371>	<http://www.w3.org/2002/07/owl#Class>
<https://bioportal.bioontology.org/ontologies/FTDM.owl#DMTO_0000372>	<http://www.w3.org/2002/07/owl#Class>
<https://bioportal.bioontology.org/ontologies/FTDM.owl#DMTO_0000373>	<http://www.w3.org/2002/07/owl#Class>
<https://bioportal.bioontology.org/ontologies/FTDM.owl#DMTO_0000374>	<http://www.w3.org/2002/07/owl#Class>
<https://bioportal.bioontology.org/ontologies/FTDM.owl#DMTO_0000375>	<http://www.w3.org/2002/07/owl#Class>
<https://bioportal.bioontology.org/ontologies/FTDM.owl#DMTO_0000376>	<http://www.w3.org/2002/07/owl#Class>
<https://bioportal.bioontology.org/ontologies/FTDM.owl#DMTO_0000377>	<http://www.w3.org/2002/07/owl#Class>
<https://bioportal.bioontology.org/ontologies/FTDM.owl#DMTO_0000378>	<http://www.w3.org/2002/07/owl#Class>
<https://bioportal.bioontology.org/ontologies/FTDM.owl#DMTO_0000379>	<http://www.w3.org/2002/07/owl#Class>
<https://bioportal.bioontology.org/ontologies/FTDM.owl#DMTO_0000380>	<http://www.w3.org/2002/07/owl#Class>
<https://bioportal.bioontology.org/ontologies/FTDM.owl#DMTO_0000381>	<http://www.w3.org/2002/07/owl#Class>
<https://bioportal.bioontology.org/ontologies/FTDM.owl#DMTO_0000382>	<http://www.w3.org/2002/07/owl#Class>
<https://bioportal.bioontology.org/ontologies/FTDM.owl#DMTO_0000383>	<http://www.w3.org/2002/07/owl#Class>
<https://bioportal.bioontology.org/ontologies/FTDM.owl#DMTO_0000384>	<http://www.w3.org/2002/07/owl#Class>
<https://bioportal.bioontology.org/ontologies/FTDM.owl#DMTO_0000385>	<http://www.w3.org/2002/07/owl#Class>
<https://bioportal.bioontology.org/ontologies/FTDM.owl#DMTO_0000386>	<http://www.w3.org/2002/07/owl#Class>
<https://bioportal.bioontology.org/ontologies/FTDM.owl#DMTO_0000387>	<http://www.w3.org/2002/07/owl#Class>
<https://bioportal.bioontology.org/ontologies/FTDM.owl#DMTO_0000388>	<http://www.w3.org/2002/07/owl#Class>
<https://bioportal.bioontology.org/ontologies/FTDM.owl#DMTO_0000389>	<http://www.w3.org/2002/07/owl#Class>
<https://bioportal.bioontology.org/ontologies/FTDM.owl#DMTO_0000390>	<http://www.w3.org/2002/07/owl#Class>
<https://bioportal.bioontology.org/ontologies/FTDM.owl#DMTO_0000391>	<http://www.w3.org/2002/07/owl#Class>
<https://bioportal.bioontology.org/ontologies/FTDM.owl#DMTO_0000392>	<http://www.w3.org/2002/07/owl#Class>
<https://bioportal.bioontology.org/ontologies/FTDM.owl#DMTO_0000393>	<http://www.w3.org/2002/07/owl#Class>
<https://bioportal.bioontology.org/ontologies/FTDM.owl#DMTO_0000394>	<http://www.w3.org/2002/07/owl#Class>
<https://bioportal.bioontology.org/ontologies/FTDM.owl#DMTO_0000395>	<http://www.w3.org/2002/07/owl#Class>
<https://bioportal.bioontology.org/ontologies/FTDM.owl#DMTO_0000396>	<http://www.w3.org/2002/07/owl#Class>
<https://bioportal.bioontology.org/ontologies/FTDM.owl#DMTO_0000397>	<http://www.w3.org/2002/07/owl#Class>
<https://bioportal.bioontology.org/ontologies/FTDM.owl#DMTO_0000398>	<http://www.w3.org/2002/07/owl#Class>
<https://bioportal.bioontology.org/ontologies/FTDM.owl#DMTO_0000399>	<http://www.w3.org/2002/07/owl#Class>
<https://bioportal.bioontology.org/ontologies/FTDM.owl#DMTO_0000400>	<http://www.w3.org/2002/07/owl#Class>
<https://bioportal.bioontology.org/ontologies/FTDM.owl#DMTO_0000401>	<http://www.w3.org/2002/07/owl#Class>
<https://bioportal.bioontology.org/ontologies/FTDM.owl#DMTO_0000402>	<http://www.w3.org/2002/07/owl#Class>
<https://bioportal.bioontology.org/ontologies/FTDM.owl#DMTO_0000403>	<http://www.w3.org/2002/07/owl#Class>
<https://bioportal.bioontology.org/ontologies/FTDM.owl#DMTO_0000404>	<http://www.w3.org/2002/07/owl#Class>
<https://bioportal.bioontology.org/ontologies/FTDM.owl#DMTO_0000405>	<http://www.w3.org/2002/07/owl#Class>
<https://bioportal.bioontology.org/ontologies/FTDM.owl#DMTO_0000406>	<http://www.w3.org/2002/07/owl#Class>
<https://bioportal.bioontology.org/ontologies/FTDM.owl#DMTO_0000407>	<http://www.w3.org/2002/07/owl#Class>
<https://bioportal.bioontology.org/ontologies/FTDM.owl#DMTO_0000408>	<http://www.w3.org/2002/07/owl#Class>
<https://bioportal.bioontology.org/ontologies/FTDM.owl#DMTO_0000409>	<http://www.w3.org/2002/07/owl#Class>
<https://bioportal.bioontology.org/ontologies/FTDM.owl#DMTO_0000410>	<http://www.w3.org/2002/07/owl#Class>
<https://bioportal.bioontology.org/ontologies/FTDM.owl#DMTO_0000411>	<http://www.w3.org/2002/07/owl#Class>
<https://bioportal.bioontology.org/ontologies/FTDM.owl#DMTO_0000412>	<http://www.w3.org/2002/07/owl#Class>
<https://bioportal.bioontology.org/ontologies/FTDM.owl#DMTO_0000413>	<http://www.w3.org/2002/07/owl#Class>
<https://bioportal.bioontology.org/ontologies/FTDM.owl#DMTO_0000414>	<http://www.w3.org/2002/07/owl#Class>
<https://bioportal.bioontology.org/ontologies/FTDM.owl#DMTO_0000415>	<http://www.w3.org/2002/07/owl#Class>
<https://bioportal.bioontology.org/ontologies/FTDM.owl#DMTO_0000416>	<http://www.w3.org/2002/07/owl#Class>
<https://bioportal.bioontology.org/ontologies/FTDM.owl#DMTO_0000417>	<http://www.w3.org/2002/07/owl#Class>
<https://bioportal.bioontology.org/ontologies/FTDM.owl#DMTO_0000418>	<http://www.w3.org/2002/07/owl#Class>
<https://bioportal.bioontology.org/ontologies/FTDM.owl#DMTO_0000419>	<http://www.w3.org/2002/07/owl#Class>
<https://bioportal.bioontology.org/ontologies/FTDM.owl#DMTO_0000420>	<http://www.w3.org/2002/07/owl#Class>
<https://bioportal.bioontology.org/ontologies/FTDM.owl#DMTO_0000421>	<http://www.w3.org/2002/07/owl#Class>
<https://bioportal.bioontology.org/ontologies/FTDM.owl#DMTO_0000422>	<http://www.w3.org/2002/07/owl#Class>
<https://bioportal.bioontology.org/ontologies/FTDM.owl#DMTO_0000423>	<http://www.w3.org/2002/07/owl#Class>
<https://bioportal.bioontology.org/ontologies/FTDM.owl#DMTO_0000424>	<http://www.w3.org/2002/07/owl#Class>
<https://bioportal.bioontology.org/ontologies/FTDM.owl#DMTO_0000425>	<http://www.w3.org/2002/07/owl#Class>
<https://bioportal.bioontology.org/ontologies/FTDM.owl#DMTO_0000426>	<http://www.w3.org/2002/07/owl#Class>
<https://bioportal.bioontology.org/ontologies/FTDM.owl#DMTO_0000427>	<http://www.w3.org/2002/07/owl#Class>
<https://bioportal.bioontology.org/ontologies/FTDM.owl#DMTO_0000428>	<http://www.w3.org/2002/07/owl#Class>
<https://bioportal.bioontology.org/ontologies/FTDM.owl#DMTO_0000429>	<http://www.w3.org/2002/07/owl#Class>
<https://bioportal.bioontology.org/ontologies/FTDM.owl#DMTO_0000430>	<http://www.w3.org/2002/07/owl#Class>
<https://bioportal.bioontology.org/ontologies/FTDM.owl#DMTO_0000431>	<http://www.w3.org/2002/07/owl#Class>
<https://bioportal.bioontology.org/ontologies/FTDM.owl#DMTO_0000432>	<http://www.w3.org/2002/07/owl#Class>
<https://bioportal.bioontology.org/ontologies/FTDM.owl#DMTO_0000433>	<http://www.w3.org/2002/07/owl#Class>
<https://bioportal.bioontology.org/ontologies/FTDM.owl#DMTO_0000434>	<http://www.w3.org/2002/07/owl#Class>
<https://bioportal.bioontology.org/ontologies/FTDM.owl#DMTO_0000435>	<http://www.w3.org/2002/07/owl#Class>
<https://bioportal.bioontology.org/ontologies/FTDM.owl#DMTO_0000436>	<http://www.w3.org/2002/07/owl#Class>
<https://bioportal.bioontology.org/ontologies/FTDM.owl#DMTO_0000437>	<http://www.w3.org/2002/07/owl#Class>
<https://bioportal.bioontology.org/ontologies/FTDM.owl#DMTO_0000438>	<http://www.w3.org/2002/07/owl#Class>
<https://bioportal.bioontology.org/ontologies/FTDM.owl#DMTO_0000439>	<http://www.w3.org/2002/07/owl#Class>
<https://bioportal.bioontology.org/ontologies/FTDM.owl#DMTO_0000440>	<http://www.w3.org/2002/07/owl#Class>
<https://bioportal.bioontology.org/ontologies/FTDM.owl#DMTO_0000441>	<http://www.w3.org/2002/07/owl#Class>
<https://bioportal.bioontology.org/ontologies/FTDM.owl#DMTO_0000442>	<http://www.w3.org/2002/07/owl#Class>
<https://bioportal.bioontology.org/ontologies/FTDM.owl#DMTO_0000443>	<http://www.w3.org/2002/07/owl#Class>
<https://bioportal.bioontology.org/ontologies/FTDM.owl#DMTO_0000444>	<http://www.w3.org/2002/07/owl#Class>
<https://bioportal.bioontology.org/ontologies/FTDM.owl#DMTO_0000445>	<http://www.w3.org/2002/07/owl#Class>
<https://bioportal.bioontology.org/ontologies/FTDM.owl#DMTO_0000446>	<http://www.w3.org/2002/07/owl#Class>
<https://bioportal.bioontology.org/ontologies/FTDM.owl#DMTO_0000447>	<http://www.w3.org/2002/07/owl#Class>
<https://bioportal.bioontology.org/ontologies/FTDM.owl#DMTO_0000448>	<http://www.w3.org/2002/07/owl#Class>
<https://bioportal.bioontology.org/ontologies/FTDM.owl#DMTO_0000449>	<http://www.w3.org/2002/07/owl#Class>
<https://bioportal.bioontology.org/ontologies/FTDM.owl#DMTO_0000450>	<http://www.w3.org/2002/07/owl#Class>
<https://bioportal.bioontology.org/ontologies/FTDM.owl#DMTO_0000451>	<http://www.w3.org/2002/07/owl#Class>
<https://bioportal.bioontology.org/ontologies/FTDM.owl#DMTO_0000452>	<http://www.w3.org/2002/07/owl#Class>
<https://bioportal.bioontology.org/ontologies/FTDM.owl#DMTO_0000453>	<http://www.w3.org/2002/07/owl#Class>
<https://bioportal.bioontology.org/ontologies/FTDM.owl#DMTO_0000454>	<http://www.w3.org/2002/07/owl#Class>
<https://bioportal.bioontology.org/ontologies/FTDM.owl#DMTO_0000455>	<http://www.w3.org/2002/07/owl#Class>
<https://bioportal.bioontology.org/ontologies/FTDM.owl#DMTO_0000456>	<http://www.w3.org/2002/07/owl#Class>
<https://bioportal.bioontology.org/ontologies/FTDM.owl#DMTO_0000457>	<http://www.w3.org/2002/07/owl#Class>
<https://bioportal.bioontology.org/ontologies/FTDM.owl#DMTO_0000458>	<http://www.w3.org/2002/07/owl#Class>
<https://bioportal.bioontology.org/ontologies/FTDM.owl#DMTO_0000459>	<http://www.w3.org/2002/07/owl#Class>
<https://bioportal.bioontology.org/ontologies/FTDM.owl#DMTO_0000460>	<http://www.w3.org/2002/07/owl#Class>
<https://bioportal.bioontology.org/ontologies/FTDM.owl#DMTO_0000461>	<http://www.w3.org/2002/07/owl#Class>
<https://bioportal.bioontology.org/ontologies/FTDM.owl#DMTO_0000462>	<http://www.w3.org/2002/07/owl#Class>
<https://bioportal.bioontology.org/ontologies/FTDM.owl#DMTO_0000463>	<http://www.w3.org/2002/07/owl#Class>
<https://bioportal.bioontology.org/ontologies/FTDM.owl#DMTO_0000464>	<http://www.w3.org/2002/07/owl#Class>
<https://bioportal.bioontology.org/ontologies/FTDM.owl#DMTO_0000465>	<http://www.w3.org/2002/07/owl#Class>
<https://bioportal.bioontology.org/ontologies/FTDM.owl#DMTO_0000466>	<http://www.w3.org/2002/07/owl#Class>
<https://bioportal.bioontology.org/ontologies/FTDM.owl#DMTO_0000467>	<http://www.w3.org/2002/07/owl#Class>
<https://bioportal.bioontology.org/ontologies/FTDM.owl#DMTO_0000468>	<http://www.w3.org/2002/07/owl#Class>
<https://bioportal.bioontology.org/ontologies/FTDM.owl#DMTO_0000469>	<http://www.w3.org/2002/07/owl#Class>
<https://bioportal.bioontology.org/ontologies/FTDM.owl#DMTO_0000470>	<http://www.w3.org/2002/07/owl#Class>
<https://bioportal.bioontology.org/ontologies/FTDM.owl#DMTO_0000471>	<http://www.w3.org/2002/07/owl#Class>
<https://bioportal.bioontology.org/ontologies/FTDM.owl#DMTO_0000472>	<http://www.w3.org/2002/07/owl#Class>
<https://bioportal.bioontology.org/ontologies/FTDM.owl#DMTO_0000473>	<http://www.w3.org/2002/07/owl#Class>
<https://bioportal.bioontology.org/ontologies/FTDM.owl#DMTO_0000474>	<http://www.w3.org/2002/07/owl#Class>
<https://bioportal.bioontology.org/ontologies/FTDM.owl#DMTO_0000475>	<http://www.w3.org/2002/07/owl#Class>
<https://bioportal.bioontology.org/ontologies/FTDM.owl#DMTO_0000476>	<http://www.w3.org/2002/07/owl#Class>
<https://bioportal.bioontology.org/ontologies/FTDM.owl#DMTO_0000477>	<http://www.w3.org/2002/07/owl#Class>
<https://bioportal.bioontology.org/ontologies/FTDM.owl#DMTO_0000478>	<http://www.w3.org/2002/07/owl#Class>
<https://bioportal.bioontology.org/ontologies/FTDM.owl#DMTO_0000479>	<http://www.w3.org/2002/07/owl#Class>
<https://bioportal.bioontology.org/ontologies/FTDM.owl#DMTO_0000480>	<http://www.w3.org/2002/07/owl#Class>
<https://bioportal.bioontology.org/ontologies/FTDM.owl#DMTO_0000481>	<http://www.w3.org/2002/07/owl#Class>
<https://bioportal.bioontology.org/ontologies/FTDM.owl#DMTO_0000482>	<http://www.w3.org/2002/07/owl#Class>
<https://bioportal.bioontology.org/ontologies/FTDM.owl#DMTO_0000483>	<http://www.w3.org/2002/07/owl#Class>
<https://bioportal.bioontology.org/ontologies/FTDM.owl#DMTO_0000484>	<http://www.w3.org/2002/07/owl#Class>
<https://bioportal.bioontology.org/ontologies/FTDM.owl#DMTO_0000485>	<http://www.w3.org/2002/07/owl#Class>
<https://bioportal.bioontology.org/ontologies/FTDM.owl#DMTO_0000486>	<http://www.w3.org/2002/07/owl#Class>
<https://bioportal.bioontology.org/ontologies/FTDM.owl#DMTO_0000487>	<http://www.w3.org/2002/07/owl#Class>
<https://bioportal.bioontology.org/ontologies/FTDM.owl#DMTO_0000488>	<http://www.w3.org/2002/07/owl#Class>
<https://bioportal.bioontology.org/ontologies/FTDM.owl#DMTO_0000489>	<http://www.w3.org/2002/07/owl#Class>
<https://bioportal.bioontology.org/ontologies/FTDM.owl#DMTO_0000490>	<http://www.w3.org/2002/07/owl#Class>
<https://bioportal.bioontology.org/ontologies/FTDM.owl#DMTO_0000491>	<http://www.w3.org/2002/07/owl#Class>
<https://bioportal.bioontology.org/ontologies/FTDM.owl#DMTO_0000492>	<http://www.w3.org/2002/07/owl#Class>
<https://bioportal.bioontology.org/ontologies/FTDM.owl#DMTO_0000493>	<http://www.w3.org/2002/07/owl#Class>
<https://bioportal.bioontology.org/ontologies/FTDM.owl#DMTO_0000494>	<http://www.w3.org/2002/07/owl#Class>
<https://bioportal.bioontology.org/ontologies/FTDM.owl#DMTO_0000495>	<http://www.w3.org/2002/07/owl#Class>
<https://bioportal.bioontology.org/ontologies/FTDM.owl#DMTO_0000496>	<http://www.w3.org/2002/07/owl#Class>
<https://bioportal.bioontology.org/ontologies/FTDM.owl#DMTO_0000497>	<http://www.w3.org/2002/07/owl#Class>
<https://bioportal.bioontology.org/ontologies/FTDM.owl#DMTO_0000498>	<http://www.w3.org/2002/07/owl#Class>
<https://bioportal.bioontology.org/ontologies/FTDM.owl#DMTO_0000499>	<http://www.w3.org/2002/07/owl#Class>
<https://bioportal.bioontology.org/ontologies/FTDM.owl#DMTO_0000500>	<http://www.w3.org/2002/07/owl#Class>
<https://bioportal.bioontology.org/ontologies/FTDM.owl#DMTO_0000501>	<http://www.w3.org/2002/07/owl#Class>
<https://bioportal.bioontology.org/ontologies/FTDM.owl#DMTO_0000502>	<http://www.w3.org/2002/07/owl#Class>
<https://bioportal.bioontology.org/ontologies/FTDM.owl#DMTO_0000503>	<http://www.w3.org/2002/07/owl#Class>
<https://bioportal.bioontology.org/ontologies/FTDM.owl#DMTO_0000504>	<http://www.w3.org/2002/07/owl#Class>
<https://bioportal.bioontology.org/ontologies/FTDM.owl#DMTO_0000505>	<http://www.w3.org/2002/07/owl#Class>
<https://bioportal.bioontology.org/ontologies/FTDM.owl#DMTO_0000506>	<http://www.w3.org/2002/07/owl#Class>
<https://bioportal.bioontology.org/ontologies/FTDM.owl#DMTO_0000507>	<http://www.w3.org/2002/07/owl#Class>
<https://bioportal.bioontology.org/ontologies/FTDM.owl#DMTO_0000508>	<http://www.w3.org/2002/07/owl#Class>
<https://bioportal.bioontology.org/ontologies/FTDM.owl#DMTO_0000509>	<http://www.w3.org/2002/07/owl#Class>
<https://bioportal.bioontology.org/ontologies/FTDM.owl#DMTO_0000510>	<http://www.w3.org/2002/07/owl#Class>
<https://bioportal.bioontology.org/ontologies/FTDM.owl#DMTO_0000511>	<http://www.w3.org/2002/07/owl#Class>
<https://bioportal.bioontology.org/ontologies/FTDM.owl#DMTO_0000512>	<http://www.w3.org/2002/07/owl#Class>
<https://bioportal.bioontology.org/ontologies/FTDM.owl#DMTO_0000513>	<http://www.w3.org/2002/07/owl#Class>
<https://bioportal.bioontology.org/ontologies/FTDM.owl#DMTO_0000514>	<http://www.w3.org/2002/07/owl#Class>
<https://bioportal.bioontology.org/ontologies/FTDM.owl#DMTO_0000515>	<http://www.w3.org/2002/07/owl#Class>
<https://bioportal.bioontology.org/ontologies/FTDM.owl#DMTO_0000516>	<http://www.w3.org/2002/07/owl#Class>
<https://bioportal.bioontology.org/ontologies/FTDM.owl#DMTO_0000517>	<http://www.w3.org/2002/07/owl#Class>
<https://bioportal.bioontology.org/ontologies/FTDM.owl#DMTO_0000518>	<http://www.w3.org/2002/07/owl#Class>
<https://bioportal.bioontology.org/ontologies/FTDM.owl#DMTO_0000519>	<http://www.w3.org/2002/07/owl#Class>
<https://bioportal.bioontology.org/ontologies/FTDM.owl#DMTO_0000520>	<http://www.w3.org/2002/07/owl#Class>
<https://bioportal.bioontology.org/ontologies/FTDM.owl#DMTO_0000521>	<http://www.w3.org/2002/07/owl#Class>
<https://bioportal.bioontology.org/ontologies/FTDM.owl#DMTO_0000522>	<http://www.w3.org/2002/07/owl#Class>
<https://bioportal.bioontology.org/ontologies/FTDM.owl#DMTO_0000523>	<http://www.w3.org/2002/07/owl#Class>
<https://bioportal.bioontology.org/ontologies/FTDM.owl#DMTO_0000524>	<http://www.w3.org/2002/07/owl#Class>
<https://bioportal.bioontology.org/ontologies/FTDM.owl#DMTO_0000525>	<http://www.w3.org/2002/07/owl#Class>
<https://bioportal.bioontology.org/ontologies/FTDM.owl#DMTO_0000526>	<http://www.w3.org/2002/07/owl#Class>
<https://bioportal.bioontology.org/ontologies/FTDM.owl#DMTO_0000527>	<http://www.w3.org/2002/07/owl#Class>
<https://bioportal.bioontology.org/ontologies/FTDM.owl#DMTO_0000528>	<http://www.w3.org/2002/07/owl#Class>
<https://bioportal.bioontology.org/ontologies/FTDM.owl#DMTO_0000529>	<http://www.w3.org/2002/07/owl#Class>
<https://bioportal.bioontology.org/ontologies/FTDM.owl#DMTO_0000530>	<http://www.w3.org/2002/07/owl#Class>
<https://bioportal.bioontology.org/ontologies/FTDM.owl#DMTO_0000531>	<http://www.w3.org/2002/07/owl#Class>
<https://bioportal.bioontology.org/ontologies/FTDM.owl#DMTO_0000532>	<http://www.w3.org/2002/07/owl#Class>
<https://bioportal.bioontology.org/ontologies/FTDM.owl#DMTO_0000533>	<http://www.w3.org/2002/07/owl#Class>
<https://bioportal.bioontology.org/ontologies/FTDM.owl#DMTO_0000534>	<http://www.w3.org/2002/07/owl#Class>
<https://bioportal.bioontology.org/ontologies/FTDM.owl#DMTO_0000535>	<http://www.w3.org/2002/07/owl#Class>
<https://bioportal.bioontology.org/ontologies/FTDM.owl#DMTO_0000536>	<http://www.w3.org/2002/07/owl#Class>
<https://bioportal.bioontology.org/ontologies/FTDM.owl#DMTO_0000537>	<http://www.w3.org/2002/07/owl#Class>
<https://bioportal.bioontology.org/ontologies/FTDM.owl#DMTO_0000538>	<http://www.w3.org/2002/07/owl#Class>
<https://bioportal.bioontology.org/ontologies/FTDM.owl#DMTO_0000539>	<http://www.w3.org/2002/07/owl#Class>
<https://bioportal.bioontology.org/ontologies/FTDM.owl#DMTO_0000540>	<http://www.w3.org/2002/07/owl#Class>
<https://bioportal.bioontology.org/ontologies/FTDM.owl#DMTO_0000541>	<http://www.w3.org/2002/07/owl#Class>
<https://bioportal.bioontology.org/ontologies/FTDM.owl#DMTO_0000542>	<http://www.w3.org/2002/07/owl#Class>
<https://bioportal.bioontology.org/ontologies/FTDM.owl#DMTO_0000543>	<http://www.w3.org/2002/07/owl#Class>
<https://bioportal.bioontology.org/ontologies/FTDM.owl#DMTO_0000544>	<http://www.w3.org/2002/07/owl#Class>
<https://bioportal.bioontology.org/ontologies/FTDM.owl#DMTO_0000545>	<http://www.w3.org/2002/07/owl#Class>
<https://bioportal.bioontology.org/ontologies/FTDM.owl#DMTO_0000546>	<http://www.w3.org/2002/07/owl#Class>
<https://bioportal.bioontology.org/ontologies/FTDM.owl#DMTO_0000547>	<http://www.w3.org/2002/07/owl#Class>
<https://bioportal.bioontology.org/ontologies/FTDM.owl#DMTO_0000548>	<http://www.w3.org/2002/07/owl#Class>
<https://bioportal.bioontology.org/ontologies/FTDM.owl#DMTO_0000549>	<http://www.w3.org/2002/07/owl#Class>
<https://bioportal.bioontology.org/ontologies/FTDM.owl#DMTO_0000550>	<http://www.w3.org/2002/07/owl#Class>
<https://bioportal.bioontology.org/ontologies/FTDM.owl#DMTO_0000551>	<http://www.w3.org/2002/07/owl#Class>
<https://bioportal.bioontology.org/ontologies/FTDM.owl#DMTO_0000552>	<http://www.w3.org/2002/07/owl#Class>
<https://bioportal.bioontology.org/ontologies/FTDM.owl#DMTO_0000553>	<http://www.w3.org/2002/07/owl#Class>
<https://bioportal.bioontology.org/ontologies/FTDM.owl#DMTO_0000554>	<http://www.w3.org/2002/07/owl#Class>
<https://bioportal.bioontology.org/ontologies/FTDM.owl#DMTO_0000555>	<http://www.w3.org/2002/07/owl#Class>
<https://bioportal.bioontology.org/ontologies/FTDM.owl#DMTO_0000556>	<http://www.w3.org/2002/07/owl#Class>
<https://bioportal.bioontology.org/ontologies/FTDM.owl#DMTO_0000557>	<http://www.w3.org/2002/07/owl#Class>
<https://bioportal.bioontology.org/ontologies/FTDM.owl#DMTO_0000558>	<http://www.w3.org/2002/07/owl#Class>
<https://bioportal.bioontology.org/ontologies/FTDM.owl#DMTO_0000559>	<http://www.w3.org/2002/07/owl#Class>
<https://bioportal.bioontology.org/ontologies/FTDM.owl#DMTO_0000560>	<http://www.w3.org/2002/07/owl#Class>
<https://bioportal.bioontology.org/ontologies/FTDM.owl#DMTO_0000561>	<http://www.w3.org/2002/07/owl#Class>
<https://bioportal.bioontology.org/ontologies/FTDM.owl#DMTO_0000562>	<http://www.w3.org/2002/07/owl#Class>
<https://bioportal.bioontology.org/ontologies/FTDM.owl#DMTO_0000563>	<http://www.w3.org/2002/07/owl#Class>
<https://bioportal.bioontology.org/ontologies/FTDM.owl#DMTO_0000564>	<http://www.w3.org/2002/07/owl#Class>
<https://bioportal.bioontology.org/ontologies/FTDM.owl#DMTO_0000565>	<http://www.w3.org/2002/07/owl#Class>
<https://bioportal.bioontology.org/ontologies/FTDM.owl#DMTO_0000566>	<http://www.w3.org/2002/07/owl#Class>
<https://bioportal.bioontology.org/ontologies/FTDM.owl#DMTO_0000567>	<http://www.w3.org/2002/07/owl#Class>
<https://bioportal.bioontology.org/ontologies/FTDM.owl#DMTO_0000568>	<http://www.w3.org/2002/07/owl#Class>
<https://bioportal.bioontology.org/ontologies/FTDM.owl#DMTO_0000569>	<http://www.w3.org/2002/07/owl#Class>
<https://bioportal.bioontology.org/ontologies/FTDM.owl#DMTO_0000570>	<http://www.w3.org/2002/07/owl#Class>
<https://bioportal.bioontology.org/ontologies/FTDM.owl#DMTO_0000571>	<http://www.w3.org/2002/07/owl#Class>
<https://bioportal.bioontology.org/ontologies/FTDM.owl#DMTO_0000572>	<http://www.w3.org/2002/07/owl#Class>
<https://bioportal.bioontology.org/ontologies/FTDM.owl#DMTO_0000573>	<http://www.w3.org/2002/07/owl#Class>
<https://bioportal.bioontology.org/ontologies/FTDM.owl#DMTO_0000574>	<http://www.w3.org/2002/07/owl#Class>
<https://bioportal.bioontology.org/ontologies/FTDM.owl#DMTO_0000575>	<http://www.w3.org/2002/07/owl#Class>
<https://bioportal.bioontology.org/ontologies/FTDM.owl#DMTO_0000576>	<http://www.w3.org/2002/07/owl#Class>
<https://bioportal.bioontology.org/ontologies/FTDM.owl#DMTO_0000577>	<http://www.w3.org/2002/07/owl#Class>
<https://bioportal.bioontology.org/ontologies/FTDM.owl#DMTO_0000578>	<http://www.w3.org/2002/07/owl#Class>
<https://bioportal.bioontology.org/ontologies/FTDM.owl#DMTO_0000579>	<http://www.w3.org/2002/07/owl#Class>
<https://bioportal.bioontology.org/ontologies/FTDM.owl#DMTO_0000580>	<http://www.w3.org/2002/07/owl#Class>
<https://bioportal.bioontology.org/ontologies/FTDM.owl#DMTO_0000581>	<http://www.w3.org/2002/07/owl#Class>
<https://bioportal.bioontology.org/ontologies/FTDM.owl#DMTO_0000582>	<http://www.w3.org/2002/07/owl#Class>
<https://bioportal.bioontology.org/ontologies/FTDM.owl#DMTO_0000583>	<http://www.w3.org/2002/07/owl#Class>
<https://bioportal.bioontology.org/ontologies/FTDM.owl#DMTO_0000584>	<http://www.w3.org/2002/07/owl#Class>
<https://bioportal.bioontology.org/ontologies/FTDM.owl#DMTO_0000585>	<http://www.w3.org/2002/07/owl#Class>
<https://bioportal.bioontology.org/ontologies/FTDM.owl#DMTO_0000586>	<http://www.w3.org/2002/07/owl#Class>
<https://bioportal.bioontology.org/ontologies/FTDM.owl#DMTO_0000587>	<http://www.w3.org/2002/07/owl#Class>
<https://bioportal.bioontology.org/ontologies/FTDM.owl#DMTO_0000588>	<http://www.w3.org/2002/07/owl#Class>
<https://bioportal.bioontology.org/ontologies/FTDM.owl#DMTO_0000589>	<http://www.w3.org/2002/07/owl#Class>
<https://bioportal.bioontology.org/ontologies/FTDM.owl#DMTO_0000590>	<http://www.w3.org/2002/07/owl#Class>
<https://bioportal.bioontology.org/ontologies/FTDM.owl#DMTO_0000591>	<http://www.w3.org/2002/07/owl#Class>
<https://bioportal.bioontology.org/ontologies/FTDM.owl#DMTO_0000592>	<http://www.w3.org/2002/07/owl#Class>
<https://bioportal.bioontology.org/ontologies/FTDM.owl#DMTO_0000593>	<http://www.w3.org/2002/07/owl#Class>
<https://bioportal.bioontology.org/ontologies/FTDM.owl#DMTO_0000594>	<http://www.w3.org/2002/07/owl#Class>
<https://bioportal.bioontology.org/ontologies/FTDM.owl#DMTO_0000595>	<http://www.w3.org/2002/07/owl#Class>
<https://bioportal.bioontology.org/ontologies/FTDM.owl#DMTO_0000596>	<http://www.w3.org/2002/07/owl#Class>
<https://bioportal.bioontology.org/ontologies/FTDM.owl#DMTO_0000597>	<http://www.w3.org/2002/07/owl#Class>
<https://bioportal.bioontology.org/ontologies/FTDM.owl#DMTO_0000598>	<http://www.w3.org/2002/07/owl#Class>
<https://bioportal.bioontology.org/ontologies/FTDM.owl#DMTO_0000599>	<http://www.w3.org/2002/07/owl#Class>
<https://bioportal.bioontology.org/ontologies/FTDM.owl#DMTO_0000600>	<http://www.w3.org/2002/07/owl#Class>
<https://bioportal.bioontology.org/ontologies/FTDM.owl#DMTO_0000601>	<http://www.w3.org/2002/07/owl#Class>
<https://bioportal.bioontology.org/ontologies/FTDM.owl#DMTO_0000602>	<http://www.w3.org/2002/07/owl#Class>
<https://bioportal.bioontology.org/ontologies/FTDM.owl#DMTO_0000603>	<http://www.w3.org/2002/07/owl#Class>
<https://bioportal.bioontology.org/ontologies/FTDM.owl#DMTO_0000604>	<http://www.w3.org/2002/07/owl#Class>
<https://bioportal.bioontology.org/ontologies/FTDM.owl#DMTO_0000605>	<http://www.w3.org/2002/07/owl#Class>
<https://bioportal.bioontology.org/ontologies/FTDM.owl#DMTO_0000606>	<http://www.w3.org/2002/07/owl#Class>
<https://bioportal.bioontology.org/ontologies/FTDM.owl#DMTO_0000607>	<http://www.w3.org/2002/07/owl#Class>
<https://bioportal.bioontology.org/ontologies/FTDM.owl#DMTO_0000608>	<http://www.w3.org/2002/07/owl#Class>
<https://bioportal.bioontology.org/ontologies/FTDM.owl#DMTO_0000609>	<http://www.w3.org/2002/07/owl#Class>
<https://bioportal.bioontology.org/ontologies/FTDM.owl#DMTO_0000610>	<http://www.w3.org/2002/07/owl#Class>
<https://bioportal.bioontology.org/ontologies/FTDM.owl#DMTO_0000611>	<http://www.w3.org/2002/07/owl#Class>
<https://bioportal.bioontology.org/ontologies/FTDM.owl#DMTO_0000612>	<http://www.w3.org/2002/07/owl#Class>
<https://bioportal.bioontology.org/ontologies/FTDM.owl#DMTO_0000613>	<http://www.w3.org/2002/07/owl#Class>
<https://bioportal.bioontology.org/ontologies/FTDM.owl#DMTO_0000614>	<http://www.w3.org/2002/07/owl#Class>
<https://bioportal.bioontology.org/ontologies/FTDM.owl#DMTO_0000615>	<http://www.w3.org/2002/07/owl#Class>
<https://bioportal.bioontology.org/ontologies/FTDM.owl#DMTO_0000616>	<http://www.w3.org/2002/07/owl#Class>
<https://bioportal.bioontology.org/ontologies/FTDM.owl#DMTO_0000617>	<http://www.w3.org/2002/07/owl#Class>
<https://bioportal.bioontology.org/ontologies/FTDM.owl#DMTO_0000618>	<http://www.w3.org/2002/07/owl#Class>
<https://bioportal.bioontology.org/ontologies/FTDM.owl#DMTO_0000619>	<http://www.w3.org/2002/07/owl#Class>
<https://bioportal.bioontology.org/ontologies/FTDM.owl#DMTO_0000620>	<http://www.w3.org/2002/07/owl#Class>
<https://bioportal.bioontology.org/ontologies/FTDM.owl#DMTO_0000621>	<http://www.w3.org/2002/07/owl#Class>
<https://bioportal.bioontology.org/ontologies/FTDM.owl#DMTO_0000622>	<http://www.w3.org/2002/07/owl#Class>
<https://bioportal.bioontology.org/ontologies/FTDM.owl#DMTO_0000623>	<http://www.w3.org/2002/07/owl#Class>
<https://bioportal.bioontology.org/ontologies/FTDM.owl#DMTO_0000624>	<http://www.w3.org/2002/07/owl#Class>
<https://bioportal.bioontology.org/ontologies/FTDM.owl#DMTO_0000625>	<http://www.w3.org/2002/07/owl#Class>
<https://bioportal.bioontology.org/ontologies/FTDM.owl#DMTO_0000626>	<http://www.w3.org/2002/07/owl#Class>
<https://bioportal.bioontology.org/ontologies/FTDM.owl#DMTO_0000627>	<http://www.w3.org/2002/07/owl#Class>
<https://bioportal.bioontology.org/ontologies/FTDM.owl#DMTO_0000628>	<http://www.w3.org/2002/07/owl#Class>
<https://bioportal.bioontology.org/ontologies/FTDM.owl#DMTO_0000629>	<http://www.w3.org/2002/07/owl#Class>
<https://bioportal.bioontology.org/ontologies/FTDM.owl#DMTO_0000630>	<http://www.w3.org/2002/07/owl#Class>
<https://bioportal.bioontology.org/ontologies/FTDM.owl#DMTO_0000631>	<http://www.w3.org/2002/07/owl#Class>
<https://bioportal.bioontology.org/ontologies/FTDM.owl#DMTO_0000632>	<http://www.w3.org/2002/07/owl#Class>
<https://bioportal.bioontology.org/ontologies/FTDM.owl#DMTO_0000633>	<http://www.w3.org/2002/07/owl#Class>
<https://bioportal.bioontology.org/ontologies/FTDM.owl#DMTO_0000634>	<http://www.w3.org/2002/07/owl#Class>
<https://bioportal.bioontology.org/ontologies/FTDM.owl#DMTO_0000635>	<http://www.w3.org/2002/07/owl#Class>
<https://bioportal.bioontology.org/ontologies/FTDM.owl#DMTO_0000636>	<http://www.w3.org/2002/07/owl#Class>
<https://bioportal.bioontology.org/ontologies/FTDM.owl#DMTO_0000637>	<http://www.w3.org/2002/07/owl#Class>
<https://bioportal.bioontology.org/ontologies/FTDM.owl#DMTO_0000638>	<http://www.w3.org/2002/07/owl#Class>
<https://bioportal.bioontology.org/ontologies/FTDM.owl#DMTO_0000639>	<http://www.w3.org/2002/07/owl#Class>
<https://bioportal.bioontology.org/ontologies/FTDM.owl#DMTO_0000640>	<http://www.w3.org/2002/07/owl#Class>
<https://bioportal.bioontology.org/ontologies/FTDM.owl#DMTO_0000641>	<http://www.w3.org/2002/07/owl#Class>
<https://bioportal.bioontology.org/ontologies/FTDM.owl#DMTO_0000642>	<http://www.w3.org/2002/07/owl#Class>
<https://bioportal.bioontology.org/ontologies/FTDM.owl#DMTO_0000643>	<http://www.w3.org/2002/07/owl#Class>
<https://bioportal.bioontology.org/ontologies/FTDM.owl#DMTO_0000644>	<http://www.w3.org/2002/07/owl#Class>
<https://bioportal.bioontology.org/ontologies/FTDM.owl#DMTO_0000645>	<http://www.w3.org/2002/07/owl#Class>
<https://bioportal.bioontology.org/ontologies/FTDM.owl#DMTO_0000646>	<http://www.w3.org/2002/07/owl#Class>
<https://bioportal.bioontology.org/ontologies/FTDM.owl#DMTO_0000647>	<http://www.w3.org/2002/07/owl#Class>
<https://bioportal.bioontology.org/ontologies/FTDM.owl#DMTO_0000648>	<http://www.w3.org/2002/07/owl#Class>
<https://bioportal.bioontology.org/ontologies/FTDM.owl#DMTO_0000649>	<http://www.w3.org/2002/07/owl#Class>
<https://bioportal.bioontology.org/ontologies/FTDM.owl#DMTO_0000650>	<http://www.w3.org/2002/07/owl#Class>
<https://bioportal.bioontology.org/ontologies/FTDM.owl#DMTO_0000651>	<http://www.w3.org/2002/07/owl#Class>
<https://bioportal.bioontology.org/ontologies/FTDM.owl#DMTO_0000652>	<http://www.w3.org/2002/07/owl#Class>
<https://bioportal.bioontology.org/ontologies/FTDM.owl#DMTO_0000653>	<http://www.w3.org/2002/07/owl#Class>
<https://bioportal.bioontology.org/ontologies/FTDM.owl#DMTO_0000654>	<http://www.w3.org/2002/07/owl#Class>
<https://bioportal.bioontology.org/ontologies/FTDM.owl#DMTO_0000655>	<http://www.w3.org/2002/07/owl#Class>
<https://bioportal.bioontology.org/ontologies/FTDM.owl#DMTO_0000656>	<http://www.w3.org/2002/07/owl#Class>
<https://bioportal.bioontology.org/ontologies/FTDM.owl#DMTO_0000657>	<http://www.w3.org/2002/07/owl#Class>
<https://bioportal.bioontology.org/ontologies/FTDM.owl#DMTO_0000658>	<http://www.w3.org/2002/07/owl#Class>
<https://bioportal.bioontology.org/ontologies/FTDM.owl#DMTO_0000659>	<http://www.w3.org/2002/07/owl#Class>
<https://bioportal.bioontology.org/ontologies/FTDM.owl#DMTO_0000660>	<http://www.w3.org/2002/07/owl#Class>
<https://bioportal.bioontology.org/ontologies/FTDM.owl#DMTO_0000661>	<http://www.w3.org/2002/07/owl#Class>
<https://bioportal.bioontology.org/ontologies/FTDM.owl#DMTO_0000662>	<http://www.w3.org/2002/07/owl#Class>
<https://bioportal.bioontology.org/ontologies/FTDM.owl#DMTO_0000663>	<http://www.w3.org/2002/07/owl#Class>
<https://bioportal.bioontology.org/ontologies/FTDM.owl#DMTO_0000664>	<http://www.w3.org/2002/07/owl#Class>
<https://bioportal.bioontology.org/ontologies/FTDM.owl#DMTO_0000665>	<http://www.w3.org/2002/07/owl#Class>
<https://bioportal.bioontology.org/ontologies/FTDM.owl#DMTO_0000666>	<http://www.w3.org/2002/07/owl#Class>
<https://bioportal.bioontology.org/ontologies/FTDM.owl#DMTO_0000667>	<http://www.w3.org/2002/07/owl#Class>
<https://bioportal.bioontology.org/ontologies/FTDM.owl#DMTO_0000668>	<http://www.w3.org/2002/07/owl#Class>
<https://bioportal.bioontology.org/ontologies/FTDM.owl#DMTO_0000669>	<http://www.w3.org/2002/07/owl#Class>
<https://bioportal.bioontology.org/ontologies/FTDM.owl#DMTO_0000670>	<http://www.w3.org/2002/07/owl#Class>
<https://bioportal.bioontology.org/ontologies/FTDM.owl#DMTO_0000671>	<http://www.w3.org/2002/07/owl#Class>
<https://bioportal.bioontology.org/ontologies/FTDM.owl#DMTO_0000672>	<http://www.w3.org/2002/07/owl#Class>
<https://bioportal.bioontology.org/ontologies/FTDM.owl#DMTO_0000673>	<http://www.w3.org/2002/07/owl#Class>
<https://bioportal.bioontology.org/ontologies/FTDM.owl#DMTO_0000674>	<http://www.w3.org/2002/07/owl#Class>
<https://bioportal.bioontology.org/ontologies/FTDM.owl#DMTO_0000675>	<http://www.w3.org/2002/07/owl#Class>
<https://bioportal.bioontology.org/ontologies/FTDM.owl#DMTO_0000676>	<http://www.w3.org/2002/07/owl#Class>
<https://bioportal.bioontology.org/ontologies/FTDM.owl#DMTO_0000677>	<http://www.w3.org/2002/07/owl#Class>
<https://bioportal.bioontology.org/ontologies/FTDM.owl#DMTO_0000678>	<http://www.w3.org/2002/07/owl#Class>
<https://bioportal.bioontology.org/ontologies/FTDM.owl#DMTO_0000679>	<http://www.w3.org/2002/07/owl#Class>
<https://bioportal.bioontology.org/ontologies/FTDM.owl#DMTO_0000680>	<http://www.w3.org/2002/07/owl#Class>
<https://bioportal.bioontology.org/ontologies/FTDM.owl#DMTO_0000681>	<http://www.w3.org/2002/07/owl#Class>
<https://bioportal.bioontology.org/ontologies/FTDM.owl#DMTO_0000682>	<http://www.w3.org/2002/07/owl#Class>
<https://bioportal.bioontology.org/ontologies/FTDM.owl#DMTO_0000683>	<http://www.w3.org/2002/07/owl#Class>
<https://bioportal.bioontology.org/ontologies/FTDM.owl#DMTO_0000684>	<http://www.w3.org/2002/07/owl#Class>
<https://bioportal.bioontology.org/ontologies/FTDM.owl#DMTO_0000685>	<http://www.w3.org/2002/07/owl#Class>
<https://bioportal.bioontology.org/ontologies/FTDM.owl#DMTO_0000686>	<http://www.w3.org/2002/07/owl#Class>
<https://bioportal.bioontology.org/ontologies/FTDM.owl#DMTO_0000687>	<http://www.w3.org/2002/07/owl#Class>
<https://bioportal.bioontology.org/ontologies/FTDM.owl#DMTO_0000688>	<http://www.w3.org/2002/07/owl#Class>
<https://bioportal.bioontology.org/ontologies/FTDM.owl#DMTO_0000689>	<http://www.w3.org/2002/07/owl#Class>
<https://bioportal.bioontology.org/ontologies/FTDM.owl#DMTO_0000690>	<http://www.w3.org/2002/07/owl#Class>
<https://bioportal.bioontology.org/ontologies/FTDM.owl#DMTO_0000691>	<http://www.w3.org/2002/07/owl#Class>
<https://bioportal.bioontology.org/ontologies/FTDM.owl#DMTO_0000692>	<http://www.w3.org/2002/07/owl#Class>
<https://bioportal.bioontology.org/ontologies/FTDM.owl#DMTO_0000693>	<http://www.w3.org/2002/07/owl#Class>
<https://bioportal.bioontology.org/ontologies/FTDM.owl#DMTO_0000694>	<http://www.w3.org/2002/07/owl#Class>
<https://bioportal.bioontology.org/ontologies/FTDM.owl#DMTO_0000695>	<http://www.w3.org/2002/07/owl#Class>
<https://bioportal.bioontology.org/ontologies/FTDM.owl#DMTO_0000696>	<http://www.w3.org/2002/07/owl#Class>
<https://bioportal.bioontology.org/ontologies/FTDM.owl#DMTO_0000697>	<http://www.w3.org/2002/07/owl#Class>
<https://bioportal.bioontology.org/ontologies/FTDM.owl#DMTO_0000698>	<http://www.w3.org/2002/07/owl#Class>
<https://bioportal.bioontology.org/ontologies/FTDM.owl#DMTO_0000699>	<http://www.w3.org/2002/07/owl#Class>
<https://bioportal.bioontology.org/ontologies/FTDM.owl#DMTO_0000700>	<http://www.w3.org/2002/07/owl#Class>
<https://bioportal.bioontology.org/ontologies/FTDM.owl#DMTO_0000701>	<http://www.w3.org/2002/07/owl#Class>
<https://bioportal.bioontology.org/ontologies/FTDM.owl#DMTO_0000702>	<http://www.w3.org/2002/07/owl#Class>
<https://bioportal.bioontology.org/ontologies/FTDM.owl#DMTO_0000703>	<http://www.w3.org/2002/07/owl#Class>
<https://bioportal.bioontology.org/ontologies/FTDM.owl#DMTO_0000704>	<http://www.w3.org/2002/07/owl#Class>
<https://bioportal.bioontology.org/ontologies/FTDM.owl#DMTO_0000705>	<http://www.w3.org/2002/07/owl#Class>
<https://bioportal.bioontology.org/ontologies/FTDM.owl#DMTO_0000706>	<http://www.w3.org/2002/07/owl#Class>
<https://bioportal.bioontology.org/ontologies/FTDM.owl#DMTO_0000707>	<http://www.w3.org/2002/07/owl#Class>
<https://bioportal.bioontology.org/ontologies/FTDM.owl#DMTO_0000708>	<http://www.w3.org/2002/07/owl#Class>
<https://bioportal.bioontology.org/ontologies/FTDM.owl#DMTO_0000709>	<http://www.w3.org/2002/07/owl#Class>
<https://bioportal.bioontology.org/ontologies/FTDM.owl#DMTO_0000710>	<http://www.w3.org/2002/07/owl#Class>
<https://bioportal.bioontology.org/ontologies/FTDM.owl#DMTO_0000711>	<http://www.w3.org/2002/07/owl#Class>
<https://bioportal.bioontology.org/ontologies/FTDM.owl#DMTO_0000712>	<http://www.w3.org/2002/07/owl#Class>
<https://bioportal.bioontology.org/ontologies/FTDM.owl#DMTO_0000713>	<http://www.w3.org/2002/07/owl#Class>
<https://bioportal.bioontology.org/ontologies/FTDM.owl#DMTO_0000714>	<http://www.w3.org/2002/07/owl#Class>
<https://bioportal.bioontology.org/ontologies/FTDM.owl#DMTO_0000715>	<http://www.w3.org/2002/07/owl#Class>
<https://bioportal.bioontology.org/ontologies/FTDM.owl#DMTO_0000716>	<http://www.w3.org/2002/07/owl#Class>
<https://bioportal.bioontology.org/ontologies/FTDM.owl#DMTO_0000717>	<http://www.w3.org/2002/07/owl#Class>
<https://bioportal.bioontology.org/ontologies/FTDM.owl#DMTO_0000718>	<http://www.w3.org/2002/07/owl#Class>
<https://bioportal.bioontology.org/ontologies/FTDM.owl#DMTO_0000719>	<http://www.w3.org/2002/07/owl#Class>
<https://bioportal.bioontology.org/ontologies/FTDM.owl#DMTO_0000720>	<http://www.w3.org/2002/07/owl#Class>
<https://bioportal.bioontology.org/ontologies/FTDM.owl#DMTO_0000721>	<http://www.w3.org/2002/07/owl#Class>
<https://bioportal.bioontology.org/ontologies/FTDM.owl#DMTO_0000722>	<http://www.w3.org/2002/07/owl#Class>
<https://bioportal.bioontology.org/ontologies/FTDM.owl#DMTO_0000723>	<http://www.w3.org/2002/07/owl#Class>
<https://bioportal.bioontology.org/ontologies/FTDM.owl#DMTO_0000724>	<http://www.w3.org/2002/07/owl#Class>
<https://bioportal.bioontology.org/ontologies/FTDM.owl#DMTO_0000725>	<http://www.w3.org/2002/07/owl#Class>
<https://bioportal.bioontology.org/ontologies/FTDM.owl#DMTO_0000726>	<http://www.w3.org/2002/07/owl#Class>
<https://bioportal.bioontology.org/ontologies/FTDM.owl#DMTO_0000727>	<http://www.w3.org/2002/07/owl#Class>
<https://bioportal.bioontology.org/ontologies/FTDM.owl#DMTO_0000728>	<http://www.w3.org/2002/07/owl#Class>
<https://bioportal.bioontology.org/ontologies/FTDM.owl#DMTO_0000729>	<http://www.w3.org/2002/07/owl#Class>
<https://bioportal.bioontology.org/ontologies/FTDM.owl#DMTO_0000730>	<http://www.w3.org/2002/07/owl#Class>
<https://bioportal.bioontology.org/ontologies/FTDM.owl#DMTO_0000731>	<http://www.w3.org/2002/07/owl#Class>
<https://bioportal.bioontology.org/ontologies/FTDM.owl#DMTO_0000732>	<http://www.w3.org/2002/07/owl#Class>
<https://bioportal.bioontology.org/ontologies/FTDM.owl#DMTO_0000733>	<http://www.w3.org/2002/07/owl#Class>
<https://bioportal.bioontology.org/ontologies/FTDM.owl#DMTO_0000734>	<http://www.w3.org/2002/07/owl#Class>
<https://bioportal.bioontology.org/ontologies/FTDM.owl#DMTO_0000735>	<http://www.w3.org/2002/07/owl#Class>
<https://bioportal.bioontology.org/ontologies/FTDM.owl#DMTO_0000736>	<http://www.w3.org/2002/07/owl#Class>
<https://bioportal.bioontology.org/ontologies/FTDM.owl#DMTO_0000737>	<http://www.w3.org/2002/07/owl#Class>
<https://bioportal.bioontology.org/ontologies/FTDM.owl#DMTO_0000738>	<http://www.w3.org/2002/07/owl#Class>
<https://bioportal.bioontology.org/ontologies/FTDM.owl#DMTO_0000739>	<http://www.w3.org/2002/07/owl#Class>
<https://bioportal.bioontology.org/ontologies/FTDM.owl#DMTO_0000740>	<http://www.w3.org/2002/07/owl#Class>
<https://bioportal.bioontology.org/ontologies/FTDM.owl#DMTO_0000741>	<http://www.w3.org/2002/07/owl#Class>
<https://bioportal.bioontology.org/ontologies/FTDM.owl#DMTO_0000742>	<http://www.w3.org/2002/07/owl#Class>
<https://bioportal.bioontology.org/ontologies/FTDM.owl#DMTO_0000743>	<http://www.w3.org/2002/07/owl#Class>
<https://bioportal.bioontology.org/ontologies/FTDM.owl#DMTO_0000744>	<http://www.w3.org/2002/07/owl#Class>
<https://bioportal.bioontology.org/ontologies/FTDM.owl#DMTO_0000745>	<http://www.w3.org/2002/07/owl#Class>
<https://bioportal.bioontology.org/ontologies/FTDM.owl#DMTO_0000746>	<http://www.w3.org/2002/07/owl#Class>
<https://bioportal.bioontology.org/ontologies/FTDM.owl#DMTO_0000747>	<http://www.w3.org/2002/07/owl#Class>
<https://bioportal.bioontology.org/ontologies/FTDM.owl#DMTO_0000748>	<http://www.w3.org/2002/07/owl#Class>
<https://bioportal.bioontology.org/ontologies/FTDM.owl#DMTO_0000749>	<http://www.w3.org/2002/07/owl#Class>
<https://bioportal.bioontology.org/ontologies/FTDM.owl#DMTO_0000750>	<http://www.w3.org/2002/07/owl#Class>
<https://bioportal.bioontology.org/ontologies/FTDM.owl#DMTO_0000751>	<http://www.w3.org/2002/07/owl#Class>
<https://bioportal.bioontology.org/ontologies/FTDM.owl#DMTO_0000752>	<http://www.w3.org/2002/07/owl#Class>
<https://bioportal.bioontology.org/ontologies/FTDM.owl#DMTO_0000753>	<http://www.w3.org/2002/07/owl#Class>
<https://bioportal.bioontology.org/ontologies/FTDM.owl#DMTO_0000754>	<http://www.w3.org/2002/07/owl#Class>
<https://bioportal.bioontology.org/ontologies/FTDM.owl#DMTO_0000755>	<http://www.w3.org/2002/07/owl#Class>
<https://bioportal.bioontology.org/ontologies/FTDM.owl#DMTO_0000756>	<http://www.w3.org/2002/07/owl#Class>
<https://bioportal.bioontology.org/ontologies/FTDM.owl#DMTO_0000757>	<http://www.w3.org/2002/07/owl#Class>
<https://bioportal.bioontology.org/ontologies/FTDM.owl#DMTO_0000758>	<http://www.w3.org/2002/07/owl#Class>
<https://bioportal.bioontology.org/ontologies/FTDM.owl#DMTO_0000759>	<http://www.w3.org/2002/07/owl#Class>
<https://bioportal.bioontology.org/ontologies/FTDM.owl#DMTO_0000760>	<http://www.w3.org/2002/07/owl#Class>
<https://bioportal.bioontology.org/ontologies/FTDM.owl#DMTO_0000761>	<http://www.w3.org/2002/07/owl#Class>
<https://bioportal.bioontology.org/ontologies/FTDM.owl#DMTO_0000762>	<http://www.w3.org/2002/07/owl#Class>
<https://bioportal.bioontology.org/ontologies/FTDM.owl#DMTO_0000763>	<http://www.w3.org/2002/07/owl#Class>
<https://bioportal.bioontology.org/ontologies/FTDM.owl#DMTO_0000764>	<http://www.w3.org/2002/07/owl#Class>
<https://bioportal.bioontology.org/ontologies/FTDM.owl#DMTO_0000765>	<http://www.w3.org/2002/07/owl#Class>
<https://bioportal.bioontology.org/ontologies/FTDM.owl#DMTO_0000766>	<http://www.w3.org/2002/07/owl#Class>
<https://bioportal.bioontology.org/ontologies/FTDM.owl#DMTO_0000767>	<http://www.w3.org/2002/07/owl#Class>
<https://bioportal.bioontology.org/ontologies/FTDM.owl#DMTO_0000768>	<http://www.w3.org/2002/07/owl#Class>
<https://bioportal.bioontology.org/ontologies/FTDM.owl#DMTO_0000769>	<http://www.w3.org/2002/07/owl#Class>
<https://bioportal.bioontology.org/ontologies/FTDM.owl#DMTO_0000770>	<http://www.w3.org/2002/07/owl#Class>
<https://bioportal.bioontology.org/ontologies/FTDM.owl#DMTO_0000771>	<http://www.w3.org/2002/07/owl#Class>
<https://bioportal.bioontology.org/ontologies/FTDM.owl#DMTO_0000772>	<http://www.w3.org/2002/07/owl#Class>
<https://bioportal.bioontology.org/ontologies/FTDM.owl#DMTO_0000773>	<http://www.w3.org/2002/07/owl#Class>
<https://bioportal.bioontology.org/ontologies/FTDM.owl#DMTO_0000774>	<http://www.w3.org/2002/07/owl#Class>
<https://bioportal.bioontology.org/ontologies/FTDM.owl#DMTO_0000775>	<http://www.w3.org/2002/07/owl#Class>
<https://bioportal.bioontology.org/ontologies/FTDM.owl#DMTO_0000776>	<http://www.w3.org/2002/07/owl#Class>
<https://bioportal.bioontology.org/ontologies/FTDM.owl#DMTO_0000777>	<http://www.w3.org/2002/07/owl#Class>
<https://bioportal.bioontology.org/ontologies/FTDM.owl#DMTO_0000778>	<http://www.w3.org/2002/07/owl#Class>
<https://bioportal.bioontology.org/ontologies/FTDM.owl#DMTO_0000779>	<http://www.w3.org/2002/07/owl#Class>
<https://bioportal.bioontology.org/ontologies/FTDM.owl#DMTO_0000780>	<http://www.w3.org/2002/07/owl#Class>
<https://bioportal.bioontology.org/ontologies/FTDM.owl#DMTO_0000781>	<http://www.w3.org/2002/07/owl#Class>
<https://bioportal.bioontology.org/ontologies/FTDM.owl#DMTO_0000782>	<http://www.w3.org/2002/07/owl#Class>
<https://bioportal.bioontology.org/ontologies/FTDM.owl#DMTO_0000783>	<http://www.w3.org/2002/07/owl#Class>
<https://bioportal.bioontology.org/ontologies/FTDM.owl#DMTO_0000784>	<http://www.w3.org/2002/07/owl#Class>
<https://bioportal.bioontology.org/ontologies/FTDM.owl#DMTO_0000785>	<http://www.w3.org/2002/07/owl#Class>
<https://bioportal.bioontology.org/ontologies/FTDM.owl#DMTO_0000786>	<http://www.w3.org/2002/07/owl#Class>
<https://bioportal.bioontology.org/ontologies/FTDM.owl#DMTO_0000787>	<http://www.w3.org/2002/07/owl#Class>
<https://bioportal.bioontology.org/ontologies/FTDM.owl#DMTO_0000788>	<http://www.w3.org/2002/07/owl#Class>
<https://bioportal.bioontology.org/ontologies/FTDM.owl#DMTO_0000789>	<http://www.w3.org/2002/07/owl#Class>
<https://bioportal.bioontology.org/ontologies/FTDM.owl#DMTO_0000790>	<http://www.w3.org/2002/07/owl#Class>
<https://bioportal.bioontology.org/ontologies/FTDM.owl#DMTO_0000791>	<http://www.w3.org/2002/07/owl#Class>
<https://bioportal.bioontology.org/ontologies/FTDM.owl#DMTO_0000792>	<http://www.w3.org/2002/07/owl#Class>
<https://bioportal.bioontology.org/ontologies/FTDM.owl#DMTO_0000793>	<http://www.w3.org/2002/07/owl#Class>
<https://bioportal.bioontology.org/ontologies/FTDM.owl#DMTO_0000794>	<http://www.w3.org/2002/07/owl#Class>
<https://bioportal.bioontology.org/ontologies/FTDM.owl#DMTO_0000795>	<http://www.w3.org/2002/07/owl#Class>
<https://bioportal.bioontology.org/ontologies/FTDM.owl#DMTO_0000796>	<http://www.w3.org/2002/07/owl#Class>
<https://bioportal.bioontology.org/ontologies/FTDM.owl#DMTO_0000797>	<http://www.w3.org/2002/07/owl#Class>
<https://bioportal.bioontology.org/ontologies/FTDM.owl#DMTO_0000798>	<http://www.w3.org/2002/07/owl#Class>
<https://bioportal.bioontology.org/ontologies/FTDM.owl#DMTO_0000799>	<http://www.w3.org/2002/07/owl#Class>
<https://bioportal.bioontology.org/ontologies/FTDM.owl#DMTO_0000800>	<http://www.w3.org/2002/07/owl#Class>
<https://bioportal.bioontology.org/ontologies/FTDM.owl#DMTO_0000801>	<http://www.w3.org/2002/07/owl#Class>
<https://bioportal.bioontology.org/ontologies/FTDM.owl#DMTO_0000802>	<http://www.w3.org/2002/07/owl#Class>
<https://bioportal.bioontology.org/ontologies/FTDM.owl#DMTO_0000803>	<http://www.w3.org/2002/07/owl#Class>
<https://bioportal.bioontology.org/ontologies/FTDM.owl#DMTO_0000804>	<http://www.w3.org/2002/07/owl#Class>
<https://bioportal.bioontology.org/ontologies/FTDM.owl#DMTO_0000805>	<http://www.w3.org/2002/07/owl#Class>
<https://bioportal.bioontology.org/ontologies/FTDM.owl#DMTO_0000806>	<http://www.w3.org/2002/07/owl#Class>
<https://bioportal.bioontology.org/ontologies/FTDM.owl#DMTO_0000807>	<http://www.w3.org/2002/07/owl#Class>
<https://bioportal.bioontology.org/ontologies/FTDM.owl#DMTO_0000808>	<http://www.w3.org/2002/07/owl#Class>
<https://bioportal.bioontology.org/ontologies/FTDM.owl#DMTO_0000809>	<http://www.w3.org/2002/07/owl#Class>
<https://bioportal.bioontology.org/ontologies/FTDM.owl#DMTO_0000810>	<http://www.w3.org/2002/07/owl#Class>
<https://bioportal.bioontology.org/ontologies/FTDM.owl#DMTO_0000811>	<http://www.w3.org/2002/07/owl#Class>
<https://bioportal.bioontology.org/ontologies/FTDM.owl#DMTO_0000812>	<http://www.w3.org/2002/07/owl#Class>
<https://bioportal.bioontology.org/ontologies/FTDM.owl#DMTO_0000813>	<http://www.w3.org/2002/07/owl#Class>
<https://bioportal.bioontology.org/ontologies/FTDM.owl#DMTO_0000814>	<http://www.w3.org/2002/07/owl#Class>
<https://bioportal.bioontology.org/ontologies/FTDM.owl#DMTO_0000815>	<http://www.w3.org/2002/07/owl#Class>
<https://bioportal.bioontology.org/ontologies/FTDM.owl#DMTO_0000816>	<http://www.w3.org/2002/07/owl#Class>
<https://bioportal.bioontology.org/ontologies/FTDM.owl#DMTO_0000817>	<http://www.w3.org/2002/07/owl#Class>
<https://bioportal.bioontology.org/ontologies/FTDM.owl#DMTO_0000818>	<http://www.w3.org/2002/07/owl#Class>
<https://bioportal.bioontology.org/ontologies/FTDM.owl#DMTO_0000819>	<http://www.w3.org/2002/07/owl#Class>
<https://bioportal.bioontology.org/ontologies/FTDM.owl#DMTO_0000820>	<http://www.w3.org/2002/07/owl#Class>
<https://bioportal.bioontology.org/ontologies/FTDM.owl#DMTO_0000821>	<http://www.w3.org/2002/07/owl#Class>
<https://bioportal.bioontology.org/ontologies/FTDM.owl#DMTO_0000822>	<http://www.w3.org/2002/07/owl#Class>
<https://bioportal.bioontology.org/ontologies/FTDM.owl#DMTO_0000823>	<http://www.w3.org/2002/07/owl#Class>
<https://bioportal.bioontology.org/ontologies/FTDM.owl#DMTO_0000824>	<http://www.w3.org/2002/07/owl#Class>
<https://bioportal.bioontology.org/ontologies/FTDM.owl#DMTO_0000825>	<http://www.w3.org/2002/07/owl#Class>
<https://bioportal.bioontology.org/ontologies/FTDM.owl#DMTO_0000826>	<http://www.w3.org/2002/07/owl#Class>
<https://bioportal.bioontology.org/ontologies/FTDM.owl#DMTO_0000827>	<http://www.w3.org/2002/07/owl#Class>
<https://bioportal.bioontology.org/ontologies/FTDM.owl#DMTO_0000828>	<http://www.w3.org/2002/07/owl#Class>
<https://bioportal.bioontology.org/ontologies/FTDM.owl#DMTO_0000829>	<http://www.w3.org/2002/07/owl#Class>
<https://bioportal.bioontology.org/ontologies/FTDM.owl#DMTO_0000830>	<http://www.w3.org/2002/07/owl#Class>
<https://bioportal.bioontology.org/ontologies/FTDM.owl#DMTO_0000831>	<http://www.w3.org/2002/07/owl#Class>
<https://bioportal.bioontology.org/ontologies/FTDM.owl#DMTO_0000832>	<http://www.w3.org/2002/07/owl#Class>
<https://bioportal.bioontology.org/ontologies/FTDM.owl#DMTO_0000833>	<http://www.w3.org/2002/07/owl#Class>
<https://bioportal.bioontology.org/ontologies/FTDM.owl#DMTO_0000834>	<http://www.w3.org/2002/07/owl#Class>
<https://bioportal.bioontology.org/ontologies/FTDM.owl#DMTO_0000835>	<http://www.w3.org/2002/07/owl#Class>
<https://bioportal.bioontology.org/ontologies/FTDM.owl#DMTO_0000836>	<http://www.w3.org/2002/07/owl#Class>
<https://bioportal.bioontology.org/ontologies/FTDM.owl#DMTO_0000837>	<http://www.w3.org/2002/07/owl#Class>
<https://bioportal.bioontology.org/ontologies/FTDM.owl#DMTO_0000838>	<http://www.w3.org/2002/07/owl#Class>
<https://bioportal.bioontology.org/ontologies/FTDM.owl#DMTO_0000839>	<http://www.w3.org/2002/07/owl#Class>
<https://bioportal.bioontology.org/ontologies/FTDM.owl#DMTO_0000840>	<http://www.w3.org/2002/07/owl#Class>
<https://bioportal.bioontology.org/ontologies/FTDM.owl#DMTO_0000841>	<http://www.w3.org/2002/07/owl#Class>
<https://bioportal.bioontology.org/ontologies/FTDM.owl#DMTO_0000842>	<http://www.w3.org/2002/07/owl#Class>
<https://bioportal.bioontology.org/ontologies/FTDM.owl#DMTO_0000843>	<http://www.w3.org/2002/07/owl#Class>
<https://bioportal.bioontology.org/ontologies/FTDM.owl#DMTO_0000844>	<http://www.w3.org/2002/07/owl#Class>
<https://bioportal.bioontology.org/ontologies/FTDM.owl#DMTO_0000845>	<http://www.w3.org/2002/07/owl#Class>
<https://bioportal.bioontology.org/ontologies/FTDM.owl#DMTO_0000846>	<http://www.w3.org/2002/07/owl#Class>
<https://bioportal.bioontology.org/ontologies/FTDM.owl#DMTO_0000847>	<http://www.w3.org/2002/07/owl#Class>
<https://bioportal.bioontology.org/ontologies/FTDM.owl#DMTO_0000848>	<http://www.w3.org/2002/07/owl#Class>
<https://bioportal.bioontology.org/ontologies/FTDM.owl#DMTO_0000849>	<http://www.w3.org/2002/07/owl#Class>
<https://bioportal.bioontology.org/ontologies/FTDM.owl#DMTO_0000850>	<http://www.w3.org/2002/07/owl#Class>
<https://bioportal.bioontology.org/ontologies/FTDM.owl#DMTO_0000851>	<http://www.w3.org/2002/07/owl#Class>
<https://bioportal.bioontology.org/ontologies/FTDM.owl#DMTO_0000852>	<http://www.w3.org/2002/07/owl#Class>
<https://bioportal.bioontology.org/ontologies/FTDM.owl#DMTO_0000853>	<http://www.w3.org/2002/07/owl#Class>
<https://bioportal.bioontology.org/ontologies/FTDM.owl#DMTO_0000854>	<http://www.w3.org/2002/07/owl#Class>
<https://bioportal.bioontology.org/ontologies/FTDM.owl#DMTO_0000855>	<http://www.w3.org/2002/07/owl#Class>
<https://bioportal.bioontology.org/ontologies/FTDM.owl#DMTO_0000856>	<http://www.w3.org/2002/07/owl#Class>
<https://bioportal.bioontology.org/ontologies/FTDM.owl#DMTO_0000857>	<http://www.w3.org/2002/07/owl#Class>
<https://bioportal.bioontology.org/ontologies/FTDM.owl#DMTO_0000858>	<http://www.w3.org/2002/07/owl#Class>
<https://bioportal.bioontology.org/ontologies/FTDM.owl#DMTO_0000859>	<http://www.w3.org/2002/07/owl#Class>
<https://bioportal.bioontology.org/ontologies/FTDM.owl#DMTO_0000860>	<http://www.w3.org/2002/07/owl#Class>
<https://bioportal.bioontology.org/ontologies/FTDM.owl#DMTO_0000861>	<http://www.w3.org/2002/07/owl#Class>
<https://bioportal.bioontology.org/ontologies/FTDM.owl#DMTO_0000862>	<http://www.w3.org/2002/07/owl#Class>
<https://bioportal.bioontology.org/ontologies/FTDM.owl#DMTO_0000863>	<http://www.w3.org/2002/07/owl#Class>
<https://bioportal.bioontology.org/ontologies/FTDM.owl#DMTO_0000864>	<http://www.w3.org/2002/07/owl#Class>
<https://bioportal.bioontology.org/ontologies/FTDM.owl#DMTO_0000865>	<http://www.w3.org/2002/07/owl#Class>
<https://bioportal.bioontology.org/ontologies/FTDM.owl#DMTO_0000866>	<http://www.w3.org/2002/07/owl#Class>
<https://bioportal.bioontology.org/ontologies/FTDM.owl#DMTO_0000867>	<http://www.w3.org/2002/07/owl#Class>
<https://bioportal.bioontology.org/ontologies/FTDM.owl#DMTO_0000868>	<http://www.w3.org/2002/07/owl#Class>
<https://bioportal.bioontology.org/ontologies/FTDM.owl#DMTO_0000869>	<http://www.w3.org/2002/07/owl#Class>
<https://bioportal.bioontology.org/ontologies/FTDM.owl#DMTO_0000870>	<http://www.w3.org/2002/07/owl#Class>
<https://bioportal.bioontology.org/ontologies/FTDM.owl#DMTO_0000871>	<http://www.w3.org/2002/07/owl#Class>
<https://bioportal.bioontology.org/ontologies/FTDM.owl#DMTO_0000872>	<http://www.w3.org/2002/07/owl#Class>
<https://bioportal.bioontology.org/ontologies/FTDM.owl#DMTO_0000873>	<http://www.w3.org/2002/07/owl#Class>
<https://bioportal.bioontology.org/ontologies/FTDM.owl#DMTO_0000874>	<http://www.w3.org/2002/07/owl#Class>
<https://bioportal.bioontology.org/ontologies/FTDM.owl#DMTO_0000875>	<http://www.w3.org/2002/07/owl#Class>
<https://bioportal.bioontology.org/ontologies/FTDM.owl#DMTO_0000876>	<http://www.w3.org/2002/07/owl#Class>
<https://bioportal.bioontology.org/ontologies/FTDM.owl#DMTO_0000877>	<http://www.w3.org/2002/07/owl#Class>
<https://bioportal.bioontology.org/ontologies/FTDM.owl#DMTO_0000878>	<http://www.w3.org/2002/07/owl#Class>
<https://bioportal.bioontology.org/ontologies/FTDM.owl#DMTO_0000879>	<http://www.w3.org/2002/07/owl#Class>
<https://bioportal.bioontology.org/ontologies/FTDM.owl#DMTO_0000880>	<http://www.w3.org/2002/07/owl#Class>
<https://bioportal.bioontology.org/ontologies/FTDM.owl#DMTO_0000881>	<http://www.w3.org/2002/07/owl#Class>
<https://bioportal.bioontology.org/ontologies/FTDM.owl#DMTO_0000882>	<http://www.w3.org/2002/07/owl#Class>
<https://bioportal.bioontology.org/ontologies/FTDM.owl#DMTO_0000883>	<http://www.w3.org/2002/07/owl#Class>
<https://bioportal.bioontology.org/ontologies/FTDM.owl#DMTO_0000884>	<http://www.w3.org/2002/07/owl#Class>
<https://bioportal.bioontology.org/ontologies/FTDM.owl#DMTO_0000885>	<http://www.w3.org/2002/07/owl#Class>
<https://bioportal.bioontology.org/ontologies/FTDM.owl#DMTO_0000886>	<http://www.w3.org/2002/07/owl#Class>
<https://bioportal.bioontology.org/ontologies/FTDM.owl#DMTO_0000887>	<http://www.w3.org/2002/07/owl#Class>
<https://bioportal.bioontology.org/ontologies/FTDM.owl#DMTO_0000888>	<http://www.w3.org/2002/07/owl#Class>
<https://bioportal.bioontology.org/ontologies/FTDM.owl#DMTO_0000889>	<http://www.w3.org/2002/07/owl#Class>
<https://bioportal.bioontology.org/ontologies/FTDM.owl#DMTO_0000890>	<http://www.w3.org/2002/07/owl#Class>
<https://bioportal.bioontology.org/ontologies/FTDM.owl#DMTO_0000891>	<http://www.w3.org/2002/07/owl#Class>
<https://bioportal.bioontology.org/ontologies/FTDM.owl#DMTO_0000892>	<http://www.w3.org/2002/07/owl#Class>
<https://bioportal.bioontology.org/ontologies/FTDM.owl#DMTO_0000893>	<http://www.w3.org/2002/07/owl#Class>
<https://bioportal.bioontology.org/ontologies/FTDM.owl#DMTO_0000894>	<http://www.w3.org/2002/07/owl#Class>
<https://bioportal.bioontology.org/ontologies/FTDM.owl#DMTO_0000895>	<http://www.w3.org/2002/07/owl#Class>
<https://bioportal.bioontology.org/ontologies/FTDM.owl#DMTO_0000896>	<http://www.w3.org/2002/07/owl#Class>
<https://bioportal.bioontology.org/ontologies/FTDM.owl#DMTO_0000897>	<http://www.w3.org/2002/07/owl#Class>
<https://bioportal.bioontology.org/ontologies/FTDM.owl#DMTO_0000898>	<http://www.w3.org/2002/07/owl#Class>
<https://bioportal.bioontology.org/ontologies/FTDM.owl#DMTO_0000899>	<http://www.w3.org/2002/07/owl#Class>
<https://bioportal.bioontology.org/ontologies/FTDM.owl#DMTO_0000900>	<http://www.w3.org/2002/07/owl#Class>
<https://bioportal.bioontology.org/ontologies/FTDM.owl#DMTO_0000901>	<http://www.w3.org/2002/07/owl#Class>
<https://bioportal.bioontology.org/ontologies/FTDM.owl#DMTO_0000902>	<http://www.w3.org/2002/07/owl#Class>
<https://bioportal.bioontology.org/ontologies/FTDM.owl#DMTO_0000903>	<http://www.w3.org/2002/07/owl#Class>
<https://bioportal.bioontology.org/ontologies/FTDM.owl#DMTO_0000904>	<http://www.w3.org/2002/07/owl#Class>
<https://bioportal.bioontology.org/ontologies/FTDM.owl#DMTO_0000905>	<http://www.w3.org/2002/07/owl#Class>
<https://bioportal.bioontology.org/ontologies/FTDM.owl#DMTO_0000906>	<http://www.w3.org/2002/07/owl#Class>
<https://bioportal.bioontology.org/ontologies/FTDM.owl#DMTO_0000907>	<http://www.w3.org/2002/07/owl#Class>
<https://bioportal.bioontology.org/ontologies/FTDM.owl#DMTO_0000908>	<http://www.w3.org/2002/07/owl#Class>
<https://bioportal.bioontology.org/ontologies/FTDM.owl#DMTO_0000912>	<http://www.w3.org/2002/07/owl#Class>
<https://bioportal.bioontology.org/ontologies/FTDM.owl#DMTO_0000914>	<http://www.w3.org/2002/07/owl#Class>
<https://bioportal.bioontology.org/ontologies/FTDM.owl#DMTO_0000917>	<http://www.w3.org/2002/07/owl#Class>
<https://bioportal.bioontology.org/ontologies/FTDM.owl#DMTO_0000918>	<http://www.w3.org/2002/07/owl#Class>
<https://bioportal.bioontology.org/ontologies/FTDM.owl#DMTO_0000920>	<http://www.w3.org/2002/07/owl#Class>
<https://bioportal.bioontology.org/ontologies/FTDM.owl#DMTO_0000921>	<http://www.w3.org/2002/07/owl#Class>
<https://bioportal.bioontology.org/ontologies/FTDM.owl#DMTO_0000922>	<http://www.w3.org/2002/07/owl#Class>
<https://bioportal.bioontology.org/ontologies/FTDM.owl#DMTO_0000925>	<http://www.w3.org/2002/07/owl#Class>
<https://bioportal.bioontology.org/ontologies/FTDM.owl#DMTO_0000926>	<http://www.w3.org/2002/07/owl#Class>
<https://bioportal.bioontology.org/ontologies/FTDM.owl#DMTO_0000927>	<http://www.w3.org/2002/07/owl#Class>
<https://bioportal.bioontology.org/ontologies/FTDM.owl#DMTO_0000928>	<http://www.w3.org/2002/07/owl#Class>
<https://bioportal.bioontology.org/ontologies/FTDM.owl#DMTO_0000929>	<http://www.w3.org/2002/07/owl#Class>
<https://bioportal.bioontology.org/ontologies/FTDM.owl#DMTO_0000930>	<http://www.w3.org/2002/07/owl#Class>
<https://bioportal.bioontology.org/ontologies/FTDM.owl#DMTO_0000934>	<http://www.w3.org/2002/07/owl#Class>
<https://bioportal.bioontology.org/ontologies/FTDM.owl#DMTO_0000937>	<http://www.w3.org/2002/07/owl#Class>
<https://bioportal.bioontology.org/ontologies/FTDM.owl#DMTO_0000938>	<http://www.w3.org/2002/07/owl#Class>
<https://bioportal.bioontology.org/ontologies/FTDM.owl#DMTO_0000939>	<http://www.w3.org/2002/07/owl#Class>
<https://bioportal.bioontology.org/ontologies/FTDM.owl#DMTO_0000940>	<http://www.w3.org/2002/07/owl#Class>
<https://bioportal.bioontology.org/ontologies/FTDM.owl#DMTO_0000944>	<http://www.w3.org/2002/07/owl#Class>
<https://bioportal.bioontology.org/ontologies/FTDM.owl#DMTO_0000945>	<http://www.w3.org/2002/07/owl#Class>
<https://bioportal.bioontology.org/ontologies/FTDM.owl#DMTO_0000947>	<http://www.w3.org/2002/07/owl#Class>
<https://bioportal.bioontology.org/ontologies/FTDM.owl#DMTO_0000948>	<http://www.w3.org/2002/07/owl#Class>
<https://bioportal.bioontology.org/ontologies/FTDM.owl#DMTO_0000951>	<http://www.w3.org/2002/07/owl#Class>
<https://bioportal.bioontology.org/ontologies/FTDM.owl#DMTO_0000953>	<http://www.w3.org/2002/07/owl#Class>
<https://bioportal.bioontology.org/ontologies/FTDM.owl#DMTO_0000954>	<http://www.w3.org/2002/07/owl#Class>
<https://bioportal.bioontology.org/ontologies/FTDM.owl#DMTO_0000955>	<http://www.w3.org/2002/07/owl#Class>
<https://bioportal.bioontology.org/ontologies/FTDM.owl#DMTO_0000956>	<http://www.w3.org/2002/07/owl#Class>
<https://bioportal.bioontology.org/ontologies/FTDM.owl#DMTO_0000957>	<http://www.w3.org/2002/07/owl#Class>
<https://bioportal.bioontology.org/ontologies/FTDM.owl#DMTO_0000959>	<http://www.w3.org/2002/07/owl#Class>
<https://bioportal.bioontology.org/ontologies/FTDM.owl#DMTO_0000964>	<http://www.w3.org/2002/07/owl#Class>
<https://bioportal.bioontology.org/ontologies/FTDM.owl#DMTO_0000965>	<http://www.w3.org/2002/07/owl#Class>
<https://bioportal.bioontology.org/ontologies/FTDM.owl#DMTO_0000966>	<http://www.w3.org/2002/07/owl#Class>
<https://bioportal.bioontology.org/ontologies/FTDM.owl#DMTO_0000967>	<http://www.w3.org/2002/07/owl#Class>
<https://bioportal.bioontology.org/ontologies/FTDM.owl#DMTO_0000968>	<http://www.w3.org/2002/07/owl#Class>
<https://bioportal.bioontology.org/ontologies/FTDM.owl#DMTO_0000969>	<http://www.w3.org/2002/07/owl#Class>
<https://bioportal.bioontology.org/ontologies/FTDM.owl#DMTO_0000970>	<http://www.w3.org/2002/07/owl#Class>
<https://bioportal.bioontology.org/ontologies/FTDM.owl#DMTO_0000971>	<http://www.w3.org/2002/07/owl#Class>
<https://bioportal.bioontology.org/ontologies/FTDM.owl#DMTO_0000979>	<http://www.w3.org/2002/07/owl#Class>
<https://bioportal.bioontology.org/ontologies/FTDM.owl#DMTO_0000984>	<http://www.w3.org/2002/07/owl#Class>
<https://bioportal.bioontology.org/ontologies/FTDM.owl#DMTO_0001013>	<http://www.w3.org/2002/07/owl#Class>
<https://bioportal.bioontology.org/ontologies/FTDM.owl#DMTO_0001014>	<http://www.w3.org/2002/07/owl#Class>
<https://bioportal.bioontology.org/ontologies/FTDM.owl#DMTO_0001015>	<http://www.w3.org/2002/07/owl#Class>
<https://bioportal.bioontology.org/ontologies/FTDM.owl#DMTO_0001055>	<http://www.w3.org/2002/07/owl#Class>
<https://bioportal.bioontology.org/ontologies/FTDM.owl#DMTO_0001056>	<http://www.w3.org/2002/07/owl#Class>
<https://bioportal.bioontology.org/ontologies/FTDM.owl#DMTO_0001057>	<http://www.w3.org/2002/07/owl#Class>
<https://bioportal.bioontology.org/ontologies/FTDM.owl#DMTO_0001058>	<http://www.w3.org/2002/07/owl#Class>
<https://bioportal.bioontology.org/ontologies/FTDM.owl#DMTO_0001088>	<http://www.w3.org/2002/07/owl#Class>
<https://bioportal.bioontology.org/ontologies/FTDM.owl#DMTO_0001126>	<http://www.w3.org/2002/07/owl#Class>
<https://bioportal.bioontology.org/ontologies/FTDM.owl#DMTO_0001127>	<http://www.w3.org/2002/07/owl#Class>
<https://bioportal.bioontology.org/ontologies/FTDM.owl#DMTO_0001128>	<http://www.w3.org/2002/07/owl#Class>
<https://bioportal.bioontology.org/ontologies/FTDM.owl#DMTO_0001129>	<http://www.w3.org/2002/07/owl#Class>
<https://bioportal.bioontology.org/ontologies/FTDM.owl#DMTO_0001130>	<http://www.w3.org/2002/07/owl#Class>
<https://bioportal.bioontology.org/ontologies/FTDM.owl#DMTO_0001131>	<http://www.w3.org/2002/07/owl#Class>
<https://bioportal.bioontology.org/ontologies/FTDM.owl#DMTO_0001179>	<http://www.w3.org/2002/07/owl#Class>
<https://bioportal.bioontology.org/ontologies/FTDM.owl#DMTO_0001180>	<http://www.w3.org/2002/07/owl#Class>
<https://bioportal.bioontology.org/ontologies/FTDM.owl#DMTO_0001181>	<http://www.w3.org/2002/07/owl#Class>
<https://bioportal.bioontology.org/ontologies/FTDM.owl#DMTO_0001182>	<http://www.w3.org/2002/07/owl#Class>
<https://bioportal.bioontology.org/ontologies/FTDM.owl#DMTO_0001183>	<http://www.w3.org/2002/07/owl#Class>
<https://bioportal.bioontology.org/ontologies/FTDM.owl#DMTO_0001184>	<http://www.w3.org/2002/07/owl#Class>
<https://bioportal.bioontology.org/ontologies/FTDM.owl#DMTO_0001185>	<http://www.w3.org/2002/07/owl#Class>
<https://bioportal.bioontology.org/ontologies/FTDM.owl#DMTO_0001186>	<http://www.w3.org/2002/07/owl#Class>
<https://bioportal.bioontology.org/ontologies/FTDM.owl#DMTO_0001187>	<http://www.w3.org/2002/07/owl#Class>
<https://bioportal.bioontology.org/ontologies/FTDM.owl#DMTO_0001188>	<http://www.w3.org/2002/07/owl#Class>
<https://bioportal.bioontology.org/ontologies/FTDM.owl#DMTO_0001189>	<http://www.w3.org/2002/07/owl#Class>
<https://bioportal.bioontology.org/ontologies/FTDM.owl#DMTO_0001193>	<http://www.w3.org/2002/07/owl#Class>
<https://bioportal.bioontology.org/ontologies/FTDM.owl#DMTO_0001194>	<http://www.w3.org/2002/07/owl#Class>
<https://bioportal.bioontology.org/ontologies/FTDM.owl#DMTO_0001195>	<http://www.w3.org/2002/07/owl#Class>
<https://bioportal.bioontology.org/ontologies/FTDM.owl#DMTO_0001196>	<http://www.w3.org/2002/07/owl#Class>
<https://bioportal.bioontology.org/ontologies/FTDM.owl#DMTO_0001197>	<http://www.w3.org/2002/07/owl#Class>
<https://bioportal.bioontology.org/ontologies/FTDM.owl#DMTO_0001198>	<http://www.w3.org/2002/07/owl#Class>
<https://bioportal.bioontology.org/ontologies/FTDM.owl#DMTO_0001199>	<http://www.w3.org/2002/07/owl#Class>
<https://bioportal.bioontology.org/ontologies/FTDM.owl#DMTO_0001200>	<http://www.w3.org/2002/07/owl#Class>
<https://bioportal.bioontology.org/ontologies/FTDM.owl#DMTO_0001203>	<http://www.w3.org/2002/07/owl#Class>
<https://bioportal.bioontology.org/ontologies/FTDM.owl#DMTO_0001206>	<http://www.w3.org/2002/07/owl#Class>
<https://bioportal.bioontology.org/ontologies/FTDM.owl#DMTO_0001207>	<http://www.w3.org/2002/07/owl#Class>
<https://bioportal.bioontology.org/ontologies/FTDM.owl#DMTO_0001208>	<http://www.w3.org/2002/07/owl#Class>
<https://bioportal.bioontology.org/ontologies/FTDM.owl#DMTO_0001209>	<http://www.w3.org/2002/07/owl#Class>
<https://bioportal.bioontology.org/ontologies/FTDM.owl#DMTO_0001210>	<http://www.w3.org/2002/07/owl#Class>
<https://bioportal.bioontology.org/ontologies/FTDM.owl#DMTO_0001212>	<http://www.w3.org/2002/07/owl#Class>
<https://bioportal.bioontology.org/ontologies/FTDM.owl#DMTO_0001213>	<http://www.w3.org/2002/07/owl#Class>
<https://bioportal.bioontology.org/ontologies/FTDM.owl#DMTO_0001214>	<http://www.w3.org/2002/07/owl#Class>
<https://bioportal.bioontology.org/ontologies/FTDM.owl#DMTO_0001215>	<http://www.w3.org/2002/07/owl#Class>
<https://bioportal.bioontology.org/ontologies/FTDM.owl#DMTO_0001216>	<http://www.w3.org/2002/07/owl#Class>
<https://bioportal.bioontology.org/ontologies/FTDM.owl#DMTO_0001217>	<http://www.w3.org/2002/07/owl#Class>
<https://bioportal.bioontology.org/ontologies/FTDM.owl#DMTO_0001221>	<http://www.w3.org/2002/07/owl#Class>
<https://bioportal.bioontology.org/ontologies/FTDM.owl#DMTO_0001222>	<http://www.w3.org/2002/07/owl#Class>
<https://bioportal.bioontology.org/ontologies/FTDM.owl#DMTO_0001223>	<http://www.w3.org/2002/07/owl#Class>
<https://bioportal.bioontology.org/ontologies/FTDM.owl#DMTO_0001224>	<http://www.w3.org/2002/07/owl#Class>
<https://bioportal.bioontology.org/ontologies/FTDM.owl#DMTO_0001225>	<http://www.w3.org/2002/07/owl#Class>
<https://bioportal.bioontology.org/ontologies/FTDM.owl#DMTO_0001226>	<http://www.w3.org/2002/07/owl#Class>
<https://bioportal.bioontology.org/ontologies/FTDM.owl#DMTO_0001227>	<http://www.w3.org/2002/07/owl#Class>
<https://bioportal.bioontology.org/ontologies/FTDM.owl#DMTO_0001228>	<http://www.w3.org/2002/07/owl#Class>
<https://bioportal.bioontology.org/ontologies/FTDM.owl#DMTO_0001229>	<http://www.w3.org/2002/07/owl#Class>
<https://bioportal.bioontology.org/ontologies/FTDM.owl#DMTO_0001230>	<http://www.w3.org/2002/07/owl#Class>
<https://bioportal.bioontology.org/ontologies/FTDM.owl#DMTO_0001231>	<http://www.w3.org/2002/07/owl#Class>
<https://bioportal.bioontology.org/ontologies/FTDM.owl#DMTO_0001232>	<http://www.w3.org/2002/07/owl#Class>
<https://bioportal.bioontology.org/ontologies/FTDM.owl#DMTO_0001233>	<http://www.w3.org/2002/07/owl#Class>
<https://bioportal.bioontology.org/ontologies/FTDM.owl#DMTO_0001234>	<http://www.w3.org/2002/07/owl#Class>
<https://bioportal.bioontology.org/ontologies/FTDM.owl#DMTO_0001237>	<http://www.w3.org/2002/07/owl#Class>
<https://bioportal.bioontology.org/ontologies/FTDM.owl#DMTO_0001238>	<http://www.w3.org/2002/07/owl#Class>
<https://bioportal.bioontology.org/ontologies/FTDM.owl#DMTO_0001239>	<http://www.w3.org/2002/07/owl#Class>
<https://bioportal.bioontology.org/ontologies/FTDM.owl#DMTO_0001240>	<http://www.w3.org/2002/07/owl#Class>
<https://bioportal.bioontology.org/ontologies/FTDM.owl#DMTO_0001241>	<http://www.w3.org/2002/07/owl#Class>
<https://bioportal.bioontology.org/ontologies/FTDM.owl#DMTO_0001243>	<http://www.w3.org/2002/07/owl#Class>
<https://bioportal.bioontology.org/ontologies/FTDM.owl#DMTO_0001244>	<http://www.w3.org/2002/07/owl#Class>
<https://bioportal.bioontology.org/ontologies/FTDM.owl#DMTO_0001250>	<http://www.w3.org/2002/07/owl#Class>
<https://bioportal.bioontology.org/ontologies/FTDM.owl#DMTO_0001251>	<http://www.w3.org/2002/07/owl#Class>
<https://bioportal.bioontology.org/ontologies/FTDM.owl#DMTO_0001252>	<http://www.w3.org/2002/07/owl#Class>
<https://bioportal.bioontology.org/ontologies/FTDM.owl#DMTO_0001253>	<http://www.w3.org/2002/07/owl#Class>
<https://bioportal.bioontology.org/ontologies/FTDM.owl#DMTO_0001257>	<http://www.w3.org/2002/07/owl#Class>
<https://bioportal.bioontology.org/ontologies/FTDM.owl#DMTO_0001258>	<http://www.w3.org/2002/07/owl#Class>
<https://bioportal.bioontology.org/ontologies/FTDM.owl#DMTO_0001261>	<http://www.w3.org/2002/07/owl#Class>
<https://bioportal.bioontology.org/ontologies/FTDM.owl#DMTO_0001262>	<http://www.w3.org/2002/07/owl#Class>
<https://bioportal.bioontology.org/ontologies/FTDM.owl#DMTO_0001263>	<http://www.w3.org/2002/07/owl#Class>
<https://bioportal.bioontology.org/ontologies/FTDM.owl#DMTO_0001264>	<http://www.w3.org/2002/07/owl#Class>
<https://bioportal.bioontology.org/ontologies/FTDM.owl#DMTO_0001266>	<http://www.w3.org/2002/07/owl#Class>
<https://bioportal.bioontology.org/ontologies/FTDM.owl#DMTO_0001267>	<http://www.w3.org/2002/07/owl#Class>
<https://bioportal.bioontology.org/ontologies/FTDM.owl#DMTO_0001268>	<http://www.w3.org/2002/07/owl#Class>
<https://bioportal.bioontology.org/ontologies/FTDM.owl#DMTO_0001271>	<http://www.w3.org/2002/07/owl#Class>
<https://bioportal.bioontology.org/ontologies/FTDM.owl#DMTO_0001272>	<http://www.w3.org/2002/07/owl#Class>
<https://bioportal.bioontology.org/ontologies/FTDM.owl#DMTO_0001273>	<http://www.w3.org/2002/07/owl#Class>
<https://bioportal.bioontology.org/ontologies/FTDM.owl#DMTO_0001274>	<http://www.w3.org/2002/07/owl#Class>
<https://bioportal.bioontology.org/ontologies/FTDM.owl#DMTO_0001275>	<http://www.w3.org/2002/07/owl#Class>
<https://bioportal.bioontology.org/ontologies/FTDM.owl#DMTO_0001277>	<http://www.w3.org/2002/07/owl#Class>
<https://bioportal.bioontology.org/ontologies/FTDM.owl#DMTO_0001278>	<http://www.w3.org/2002/07/owl#Class>
<https://bioportal.bioontology.org/ontologies/FTDM.owl#DMTO_0001280>	<http://www.w3.org/2002/07/owl#Class>
<https://bioportal.bioontology.org/ontologies/FTDM.owl#DMTO_0001281>	<http://www.w3.org/2002/07/owl#Class>
<https://bioportal.bioontology.org/ontologies/FTDM.owl#DMTO_0001282>	<http://www.w3.org/2002/07/owl#Class>
<https://bioportal.bioontology.org/ontologies/FTDM.owl#DMTO_0001289>	<http://www.w3.org/2002/07/owl#Class>
<https://bioportal.bioontology.org/ontologies/FTDM.owl#DMTO_0001290>	<http://www.w3.org/2002/07/owl#Class>
<https://bioportal.bioontology.org/ontologies/FTDM.owl#DMTO_0001291>	<http://www.w3.org/2002/07/owl#Class>
<https://bioportal.bioontology.org/ontologies/FTDM.owl#DMTO_0001292>	<http://www.w3.org/2002/07/owl#Class>
<https://bioportal.bioontology.org/ontologies/FTDM.owl#DMTO_0001293>	<http://www.w3.org/2002/07/owl#Class>
<https://bioportal.bioontology.org/ontologies/FTDM.owl#DMTO_0001325>	<http://www.w3.org/2002/07/owl#Class>
<https://bioportal.bioontology.org/ontologies/FTDM.owl#DMTO_0001326>	<http://www.w3.org/2002/07/owl#Class>
<https://bioportal.bioontology.org/ontologies/FTDM.owl#DMTO_0001327>	<http://www.w3.org/2002/07/owl#Class>
<https://bioportal.bioontology.org/ontologies/FTDM.owl#DMTO_0001328>	<http://www.w3.org/2002/07/owl#Class>
<https://bioportal.bioontology.org/ontologies/FTDM.owl#DMTO_0001332>	<http://www.w3.org/2002/07/owl#Class>
<https://bioportal.bioontology.org/ontologies/FTDM.owl#DMTO_0001333>	<http://www.w3.org/2002/07/owl#Class>
<https://bioportal.bioontology.org/ontologies/FTDM.owl#DMTO_0001334>	<http://www.w3.org/2002/07/owl#Class>
<https://bioportal.bioontology.org/ontologies/FTDM.owl#DMTO_0001335>	<http://www.w3.org/2002/07/owl#Class>
<https://bioportal.bioontology.org/ontologies/FTDM.owl#DMTO_0001336>	<http://www.w3.org/2002/07/owl#Class>
<https://bioportal.bioontology.org/ontologies/FTDM.owl#DMTO_0001337>	<http://www.w3.org/2002/07/owl#Class>
<https://bioportal.bioontology.org/ontologies/FTDM.owl#DMTO_0001338>	<http://www.w3.org/2002/07/owl#Class>
<https://bioportal.bioontology.org/ontologies/FTDM.owl#DMTO_0001339>	<http://www.w3.org/2002/07/owl#Class>
<https://bioportal.bioontology.org/ontologies/FTDM.owl#DMTO_0001340>	<http://www.w3.org/2002/07/owl#Class>
<https://bioportal.bioontology.org/ontologies/FTDM.owl#DMTO_0001341>	<http://www.w3.org/2002/07/owl#Class>
<https://bioportal.bioontology.org/ontologies/FTDM.owl#DMTO_0001342>	<http://www.w3.org/2002/07/owl#Class>
<https://bioportal.bioontology.org/ontologies/FTDM.owl#DMTO_0001343>	<http://www.w3.org/2002/07/owl#Class>
<https://bioportal.bioontology.org/ontologies/FTDM.owl#DMTO_0001344>	<http://www.w3.org/2002/07/owl#Class>
<https://bioportal.bioontology.org/ontologies/FTDM.owl#DMTO_0001347>	<http://www.w3.org/2002/07/owl#Class>
<https://bioportal.bioontology.org/ontologies/FTDM.owl#DMTO_0001348>	<http://www.w3.org/2002/07/owl#Class>
<https://bioportal.bioontology.org/ontologies/FTDM.owl#DMTO_0001349>	<http://www.w3.org/2002/07/owl#Class>
<https://bioportal.bioontology.org/ontologies/FTDM.owl#DMTO_0001350>	<http://www.w3.org/2002/07/owl#Class>
<https://bioportal.bioontology.org/ontologies/FTDM.owl#DMTO_0001351>	<http://www.w3.org/2002/07/owl#Class>
<https://bioportal.bioontology.org/ontologies/FTDM.owl#DMTO_0001352>	<http://www.w3.org/2002/07/owl#Class>
<https://bioportal.bioontology.org/ontologies/FTDM.owl#DMTO_0001353>	<http://www.w3.org/2002/07/owl#Class>
<https://bioportal.bioontology.org/ontologies/FTDM.owl#DMTO_0001354>	<http://www.w3.org/2002/07/owl#Class>
<https://bioportal.bioontology.org/ontologies/FTDM.owl#DMTO_0001355>	<http://www.w3.org/2002/07/owl#Class>
<https://bioportal.bioontology.org/ontologies/FTDM.owl#DMTO_0001359>	<http://www.w3.org/2002/07/owl#Class>
<https://bioportal.bioontology.org/ontologies/FTDM.owl#DMTO_0001360>	<http://www.w3.org/2002/07/owl#Class>
<https://bioportal.bioontology.org/ontologies/FTDM.owl#DMTO_0001361>	<http://www.w3.org/2002/07/owl#Class>
<https://bioportal.bioontology.org/ontologies/FTDM.owl#DMTO_0001362>	<http://www.w3.org/2002/07/owl#Class>
<https://bioportal.bioontology.org/ontologies/FTDM.owl#DMTO_0001363>	<http://www.w3.org/2002/07/owl#Class>
<https://bioportal.bioontology.org/ontologies/FTDM.owl#DMTO_0001364>	<http://www.w3.org/2002/07/owl#Class>
<https://bioportal.bioontology.org/ontologies/FTDM.owl#DMTO_0001365>	<http://www.w3.org/2002/07/owl#Class>
<https://bioportal.bioontology.org/ontologies/FTDM.owl#DMTO_0001366>	<http://www.w3.org/2002/07/owl#Class>
<https://bioportal.bioontology.org/ontologies/FTDM.owl#DMTO_0001367>	<http://www.w3.org/2002/07/owl#Class>
<https://bioportal.bioontology.org/ontologies/FTDM.owl#DMTO_0001368>	<http://www.w3.org/2002/07/owl#Class>
<https://bioportal.bioontology.org/ontologies/FTDM.owl#DMTO_0001370>	<http://www.w3.org/2002/07/owl#Class>
<https://bioportal.bioontology.org/ontologies/FTDM.owl#DMTO_0001371>	<http://www.w3.org/2002/07/owl#Class>
<https://bioportal.bioontology.org/ontologies/FTDM.owl#DMTO_0001372>	<http://www.w3.org/2002/07/owl#Class>
<https://bioportal.bioontology.org/ontologies/FTDM.owl#DMTO_0001373>	<http://www.w3.org/2002/07/owl#Class>
<https://bioportal.bioontology.org/ontologies/FTDM.owl#DMTO_0001378>	<http://www.w3.org/2002/07/owl#Class>
<https://bioportal.bioontology.org/ontologies/FTDM.owl#DMTO_0001379>	<http://www.w3.org/2002/07/owl#Class>
<https://bioportal.bioontology.org/ontologies/FTDM.owl#DMTO_0001380>	<http://www.w3.org/2002/07/owl#Class>
<https://bioportal.bioontology.org/ontologies/FTDM.owl#DMTO_0001381>	<http://www.w3.org/2002/07/owl#Class>
<https://bioportal.bioontology.org/ontologies/FTDM.owl#DMTO_0001382>	<http://www.w3.org/2002/07/owl#Class>
<https://bioportal.bioontology.org/ontologies/FTDM.owl#DMTO_0001383>	<http://www.w3.org/2002/07/owl#Class>
<https://bioportal.bioontology.org/ontologies/FTDM.owl#DMTO_0001384>	<http://www.w3.org/2002/07/owl#Class>
<https://bioportal.bioontology.org/ontologies/FTDM.owl#DMTO_0001385>	<http://www.w3.org/2002/07/owl#Class>
<https://bioportal.bioontology.org/ontologies/FTDM.owl#DMTO_0001386>	<http://www.w3.org/2002/07/owl#Class>
<https://bioportal.bioontology.org/ontologies/FTDM.owl#DMTO_0001387>	<http://www.w3.org/2002/07/owl#Class>
<https://bioportal.bioontology.org/ontologies/FTDM.owl#DMTO_0001388>	<http://www.w3.org/2002/07/owl#Class>
<https://bioportal.bioontology.org/ontologies/FTDM.owl#DMTO_0001389>	<http://www.w3.org/2002/07/owl#Class>
<https://bioportal.bioontology.org/ontologies/FTDM.owl#DMTO_0001390>	<http://www.w3.org/2002/07/owl#Class>
<https://bioportal.bioontology.org/ontologies/FTDM.owl#DMTO_0001391>	<http://www.w3.org/2002/07/owl#Class>
<https://bioportal.bioontology.org/ontologies/FTDM.owl#DMTO_0001392>	<http://www.w3.org/2002/07/owl#Class>
<https://bioportal.bioontology.org/ontologies/FTDM.owl#DMTO_0001396>	<http://www.w3.org/2002/07/owl#Class>
<https://bioportal.bioontology.org/ontologies/FTDM.owl#DMTO_0001397>	<http://www.w3.org/2002/07/owl#Class>
<https://bioportal.bioontology.org/ontologies/FTDM.owl#DMTO_0001398>	<http://www.w3.org/2002/07/owl#Class>
<https://bioportal.bioontology.org/ontologies/FTDM.owl#DMTO_0001399>	<http://www.w3.org/2002/07/owl#Class>
<https://bioportal.bioontology.org/ontologies/FTDM.owl#DMTO_0001400>	<http://www.w3.org/2002/07/owl#Class>
<https://bioportal.bioontology.org/ontologies/FTDM.owl#DMTO_0001401>	<http://www.w3.org/2002/07/owl#Class>
<https://bioportal.bioontology.org/ontologies/FTDM.owl#DMTO_0001402>	<http://www.w3.org/2002/07/owl#Class>
<https://bioportal.bioontology.org/ontologies/FTDM.owl#DMTO_0001403>	<http://www.w3.org/2002/07/owl#Class>
<https://bioportal.bioontology.org/ontologies/FTDM.owl#DMTO_0001404>	<http://www.w3.org/2002/07/owl#Class>
<https://bioportal.bioontology.org/ontologies/FTDM.owl#DMTO_0001405>	<http://www.w3.org/2002/07/owl#Class>
<https://bioportal.bioontology.org/ontologies/FTDM.owl#DMTO_0001406>	<http://www.w3.org/2002/07/owl#Class>
<https://bioportal.bioontology.org/ontologies/FTDM.owl#DMTO_0001407>	<http://www.w3.org/2002/07/owl#Class>
<https://bioportal.bioontology.org/ontologies/FTDM.owl#DMTO_0001408>	<http://www.w3.org/2002/07/owl#Class>
<https://bioportal.bioontology.org/ontologies/FTDM.owl#DMTO_0001409>	<http://www.w3.org/2002/07/owl#Class>
<https://bioportal.bioontology.org/ontologies/FTDM.owl#DMTO_0001410>	<http://www.w3.org/2002/07/owl#Class>
<https://bioportal.bioontology.org/ontologies/FTDM.owl#DMTO_0001411>	<http://www.w3.org/2002/07/owl#Class>
<https://bioportal.bioontology.org/ontologies/FTDM.owl#DMTO_0001413>	<http://www.w3.org/2002/07/owl#Class>
<https://bioportal.bioontology.org/ontologies/FTDM.owl#DMTO_0001414>	<http://www.w3.org/2002/07/owl#Class>
<https://bioportal.bioontology.org/ontologies/FTDM.owl#DMTO_0001426>	<http://www.w3.org/2002/07/owl#Class>
<https://bioportal.bioontology.org/ontologies/FTDM.owl#DMTO_0001432>	<http://www.w3.org/2002/07/owl#Class>
<https://bioportal.bioontology.org/ontologies/FTDM.owl#DMTO_0001527>	<http://www.w3.org/2002/07/owl#Class>
<https://bioportal.bioontology.org/ontologies/FTDM.owl#DMTO_0001528>	<http://www.w3.org/2002/07/owl#Class>
<https://bioportal.bioontology.org/ontologies/FTDM.owl#DMTO_0001529>	<http://www.w3.org/2002/07/owl#Class>
<https://bioportal.bioontology.org/ontologies/FTDM.owl#DMTO_0001530>	<http://www.w3.org/2002/07/owl#Class>
<https://bioportal.bioontology.org/ontologies/FTDM.owl#DMTO_0001531>	<http://www.w3.org/2002/07/owl#Class>
<https://bioportal.bioontology.org/ontologies/FTDM.owl#DMTO_0001532>	<http://www.w3.org/2002/07/owl#Class>
<https://bioportal.bioontology.org/ontologies/FTDM.owl#DMTO_0001533>	<http://www.w3.org/2002/07/owl#Class>
<https://bioportal.bioontology.org/ontologies/FTDM.owl#DMTO_0001534>	<http://www.w3.org/2002/07/owl#Class>
<https://bioportal.bioontology.org/ontologies/FTDM.owl#DMTO_0001535>	<http://www.w3.org/2002/07/owl#Class>
<https://bioportal.bioontology.org/ontologies/FTDM.owl#DMTO_0001536>	<http://www.w3.org/2002/07/owl#Class>
<https://bioportal.bioontology.org/ontologies/FTDM.owl#DMTO_0001537>	<http://www.w3.org/2002/07/owl#Class>
<https://bioportal.bioontology.org/ontologies/FTDM.owl#DMTO_0001538>	<http://www.w3.org/2002/07/owl#Class>
<https://bioportal.bioontology.org/ontologies/FTDM.owl#DMTO_0001539>	<http://www.w3.org/2002/07/owl#Class>
<https://bioportal.bioontology.org/ontologies/FTDM.owl#DMTO_0001540>	<http://www.w3.org/2002/07/owl#Class>
<https://bioportal.bioontology.org/ontologies/FTDM.owl#DMTO_0001541>	<http://www.w3.org/2002/07/owl#Class>
<https://bioportal.bioontology.org/ontologies/FTDM.owl#DMTO_0001542>	<http://www.w3.org/2002/07/owl#Class>
<https://bioportal.bioontology.org/ontologies/FTDM.owl#DMTO_0001543>	<http://www.w3.org/2002/07/owl#Class>
<https://bioportal.bioontology.org/ontologies/FTDM.owl#DMTO_0001544>	<http://www.w3.org/2002/07/owl#Class>
<https://bioportal.bioontology.org/ontologies/FTDM.owl#DMTO_0001545>	<http://www.w3.org/2002/07/owl#Class>
<https://bioportal.bioontology.org/ontologies/FTDM.owl#DMTO_0001546>	<http://www.w3.org/2002/07/owl#Class>
<https://bioportal.bioontology.org/ontologies/FTDM.owl#DMTO_0001548>	<http://www.w3.org/2002/07/owl#Class>
<https://bioportal.bioontology.org/ontologies/FTDM.owl#DMTO_0001549>	<http://www.w3.org/2002/07/owl#Class>
<https://bioportal.bioontology.org/ontologies/FTDM.owl#DMTO_0001550>	<http://www.w3.org/2002/07/owl#Class>
<https://bioportal.bioontology.org/ontologies/FTDM.owl#DMTO_0001551>	<http://www.w3.org/2002/07/owl#Class>
<https://bioportal.bioontology.org/ontologies/FTDM.owl#DMTO_0001552>	<http://www.w3.org/2002/07/owl#Class>
<https://bioportal.bioontology.org/ontologies/FTDM.owl#DMTO_0001553>	<http://www.w3.org/2002/07/owl#Class>
<https://bioportal.bioontology.org/ontologies/FTDM.owl#DMTO_0001556>	<http://www.w3.org/2002/07/owl#Class>
<https://bioportal.bioontology.org/ontologies/FTDM.owl#DMTO_0001557>	<http://www.w3.org/2002/07/owl#Class>
<https://bioportal.bioontology.org/ontologies/FTDM.owl#DMTO_0001558>	<http://www.w3.org/2002/07/owl#Class>
<https://bioportal.bioontology.org/ontologies/FTDM.owl#DMTO_0001559>	<http://www.w3.org/2002/07/owl#Class>
<https://bioportal.bioontology.org/ontologies/FTDM.owl#DMTO_0001560>	<http://www.w3.org/2002/07/owl#Class>
<https://bioportal.bioontology.org/ontologies/FTDM.owl#DMTO_0001561>	<http://www.w3.org/2002/07/owl#Class>
<https://bioportal.bioontology.org/ontologies/FTDM.owl#DMTO_0001562>	<http://www.w3.org/2002/07/owl#Class>
<https://bioportal.bioontology.org/ontologies/FTDM.owl#DMTO_0001563>	<http://www.w3.org/2002/07/owl#Class>
<https://bioportal.bioontology.org/ontologies/FTDM.owl#DMTO_0001564>	<http://www.w3.org/2002/07/owl#Class>
<https://bioportal.bioontology.org/ontologies/FTDM.owl#DMTO_0001565>	<http://www.w3.org/2002/07/owl#Class>
<https://bioportal.bioontology.org/ontologies/FTDM.owl#DMTO_0001566>	<http://www.w3.org/2002/07/owl#Class>
<https://bioportal.bioontology.org/ontologies/FTDM.owl#DMTO_0001567>	<http://www.w3.org/2002/07/owl#Class>
<https://bioportal.bioontology.org/ontologies/FTDM.owl#DMTO_0001568>	<http://www.w3.org/2002/07/owl#Class>
<https://bioportal.bioontology.org/ontologies/FTDM.owl#DMTO_0001569>	<http://www.w3.org/2002/07/owl#Class>
<https://bioportal.bioontology.org/ontologies/FTDM.owl#DMTO_0001570>	<http://www.w3.org/2002/07/owl#Class>
<https://bioportal.bioontology.org/ontologies/FTDM.owl#DMTO_0001571>	<http://www.w3.org/2002/07/owl#Class>
<https://bioportal.bioontology.org/ontologies/FTDM.owl#DMTO_0001572>	<http://www.w3.org/2002/07/owl#Class>
<https://bioportal.bioontology.org/ontologies/FTDM.owl#DMTO_0001573>	<http://www.w3.org/2002/07/owl#Class>
<https://bioportal.bioontology.org/ontologies/FTDM.owl#DMTO_0001574>	<http://www.w3.org/2002/07/owl#Class>
<https://bioportal.bioontology.org/ontologies/FTDM.owl#DMTO_0001582>	<http://www.w3.org/2002/07/owl#Class>
<https://bioportal.bioontology.org/ontologies/FTDM.owl#DMTO_0001585>	<http://www.w3.org/2002/07/owl#Class>
<https://bioportal.bioontology.org/ontologies/FTDM.owl#DMTO_0001589>	<http://www.w3.org/2002/07/owl#Class>
<https://bioportal.bioontology.org/ontologies/FTDM.owl#DMTO_0001590>	<http://www.w3.org/2002/07/owl#Class>
<https://bioportal.bioontology.org/ontologies/FTDM.owl#DMTO_0001598>	<http://www.w3.org/2002/07/owl#Class>
<https://bioportal.bioontology.org/ontologies/FTDM.owl#DMTO_0001601>	<http://www.w3.org/2002/07/owl#Class>
<https://bioportal.bioontology.org/ontologies/FTDM.owl#DMTO_0001606>	<http://www.w3.org/2002/07/owl#Class>
<https://bioportal.bioontology.org/ontologies/FTDM.owl#DMTO_0001607>	<http://www.w3.org/2002/07/owl#Class>
<https://bioportal.bioontology.org/ontologies/FTDM.owl#DMTO_0001608>	<http://www.w3.org/2002/07/owl#Class>
<https://bioportal.bioontology.org/ontologies/FTDM.owl#DMTO_0001609>	<http://www.w3.org/2002/07/owl#Class>
<https://bioportal.bioontology.org/ontologies/FTDM.owl#DMTO_0001610>	<http://www.w3.org/2002/07/owl#Class>
<https://bioportal.bioontology.org/ontologies/FTDM.owl#DMTO_0001611>	<http://www.w3.org/2002/07/owl#Class>
<https://bioportal.bioontology.org/ontologies/FTDM.owl#DMTO_0001612>	<http://www.w3.org/2002/07/owl#Class>
<https://bioportal.bioontology.org/ontologies/FTDM.owl#DMTO_0001613>	<http://www.w3.org/2002/07/owl#Class>
<https://bioportal.bioontology.org/ontologies/FTDM.owl#DMTO_0001614>	<http://www.w3.org/2002/07/owl#Class>
<https://bioportal.bioontology.org/ontologies/FTDM.owl#DMTO_0001615>	<http://www.w3.org/2002/07/owl#Class>
<https://bioportal.bioontology.org/ontologies/FTDM.owl#DMTO_0001616>	<http://www.w3.org/2002/07/owl#Class>
<https://bioportal.bioontology.org/ontologies/FTDM.owl#DMTO_0001617>	<http://www.w3.org/2002/07/owl#Class>
<https://bioportal.bioontology.org/ontologies/FTDM.owl#DMTO_0001618>	<http://www.w3.org/2002/07/owl#Class>
<https://bioportal.bioontology.org/ontologies/FTDM.owl#DMTO_0001619>	<http://www.w3.org/2002/07/owl#Class>
<https://bioportal.bioontology.org/ontologies/FTDM.owl#DMTO_0001620>	<http://www.w3.org/2002/07/owl#Class>
<https://bioportal.bioontology.org/ontologies/FTDM.owl#DMTO_0001621>	<http://www.w3.org/2002/07/owl#Class>
<https://bioportal.bioontology.org/ontologies/FTDM.owl#DMTO_0001623>	<http://www.w3.org/2002/07/owl#Class>
<https://bioportal.bioontology.org/ontologies/FTDM.owl#DMTO_0001624>	<http://www.w3.org/2002/07/owl#Class>
<https://bioportal.bioontology.org/ontologies/FTDM.owl#DMTO_0001625>	<http://www.w3.org/2002/07/owl#Class>
<https://bioportal.bioontology.org/ontologies/FTDM.owl#DMTO_0001626>	<http://www.w3.org/2002/07/owl#Class>
<https://bioportal.bioontology.org/ontologies/FTDM.owl#DMTO_0001627>	<http://www.w3.org/2002/07/owl#Class>
<https://bioportal.bioontology.org/ontologies/FTDM.owl#DMTO_0001628>	<http://www.w3.org/2002/07/owl#Class>
<https://bioportal.bioontology.org/ontologies/FTDM.owl#DMTO_0001629>	<http://www.w3.org/2002/07/owl#Class>
<https://bioportal.bioontology.org/ontologies/FTDM.owl#DMTO_0001630>	<http://www.w3.org/2002/07/owl#Class>
<https://bioportal.bioontology.org/ontologies/FTDM.owl#DMTO_0001631>	<http://www.w3.org/2002/07/owl#Class>
<https://bioportal.bioontology.org/ontologies/FTDM.owl#DMTO_0001632>	<http://www.w3.org/2002/07/owl#Class>
<https://bioportal.bioontology.org/ontologies/FTDM.owl#DMTO_0001633>	<http://www.w3.org/2002/07/owl#Class>
<https://bioportal.bioontology.org/ontologies/FTDM.owl#DMTO_0001634>	<http://www.w3.org/2002/07/owl#Class>
<https://bioportal.bioontology.org/ontologies/FTDM.owl#DMTO_0001635>	<http://www.w3.org/2002/07/owl#Class>
<https://bioportal.bioontology.org/ontologies/FTDM.owl#DMTO_0001636>	<http://www.w3.org/2002/07/owl#Class>
<https://bioportal.bioontology.org/ontologies/FTDM.owl#DMTO_0001637>	<http://www.w3.org/2002/07/owl#Class>
<https://bioportal.bioontology.org/ontologies/FTDM.owl#DMTO_0001638>	<http://www.w3.org/2002/07/owl#Class>
<https://bioportal.bioontology.org/ontologies/FTDM.owl#DMTO_0001639>	<http://www.w3.org/2002/07/owl#Class>
<https://bioportal.bioontology.org/ontologies/FTDM.owl#DMTO_0001640>	<http://www.w3.org/2002/07/owl#Class>
<https://bioportal.bioontology.org/ontologies/FTDM.owl#DMTO_0001641>	<http://www.w3.org/2002/07/owl#Class>
<https://bioportal.bioontology.org/ontologies/FTDM.owl#DMTO_0001642>	<http://www.w3.org/2002/07/owl#Class>
<https://bioportal.bioontology.org/ontologies/FTDM.owl#DMTO_0001643>	<http://www.w3.org/2002/07/owl#Class>
<https://bioportal.bioontology.org/ontologies/FTDM.owl#DMTO_0001644>	<http://www.w3.org/2002/07/owl#Class>
<https://bioportal.bioontology.org/ontologies/FTDM.owl#DMTO_0001645>	<http://www.w3.org/2002/07/owl#Class>
<https://bioportal.bioontology.org/ontologies/FTDM.owl#DMTO_0001646>	<http://www.w3.org/2002/07/owl#Class>
<https://bioportal.bioontology.org/ontologies/FTDM.owl#DMTO_0001650>	<http://www.w3.org/2002/07/owl#Class>
<https://bioportal.bioontology.org/ontologies/FTDM.owl#DMTO_0001661>	<http://www.w3.org/2002/07/owl#Class>
<https://bioportal.bioontology.org/ontologies/FTDM.owl#DMTO_0001674>	<http://www.w3.org/2002/07/owl#Class>
<https://bioportal.bioontology.org/ontologies/FTDM.owl#DMTO_0001677>	<http://www.w3.org/2002/07/owl#Class>
<https://bioportal.bioontology.org/ontologies/FTDM.owl#DMTO_0001693>	<http://www.w3.org/2002/07/owl#Class>
<https://bioportal.bioontology.org/ontologies/FTDM.owl#DMTO_0001695>	<http://www.w3.org/2002/07/owl#Class>
<https://bioportal.bioontology.org/ontologies/FTDM.owl#DMTO_0001696>	<http://www.w3.org/2002/07/owl#Class>
<https://bioportal.bioontology.org/ontologies/FTDM.owl#DMTO_0001697>	<http://www.w3.org/2002/07/owl#Class>
<https://bioportal.bioontology.org/ontologies/FTDM.owl#DMTO_0001698>	<http://www.w3.org/2002/07/owl#Class>
<https://bioportal.bioontology.org/ontologies/FTDM.owl#DMTO_0001703>	<http://www.w3.org/2002/07/owl#Class>
<https://bioportal.bioontology.org/ontologies/FTDM.owl#DMTO_0001719>	<http://www.w3.org/2002/07/owl#Class>
<https://bioportal.bioontology.org/ontologies/FTDM.owl#DMTO_0001720>	<http://www.w3.org/2002/07/owl#Class>
<https://bioportal.bioontology.org/ontologies/FTDM.owl#DMTO_0001721>	<http://www.w3.org/2002/07/owl#Class>
<https://bioportal.bioontology.org/ontologies/FTDM.owl#DMTO_0001722>	<http://www.w3.org/2002/07/owl#Class>
<https://bioportal.bioontology.org/ontologies/FTDM.owl#DMTO_0001723>	<http://www.w3.org/2002/07/owl#Class>
<https://bioportal.bioontology.org/ontologies/FTDM.owl#DMTO_0001724>	<http://www.w3.org/2002/07/owl#Class>
<https://bioportal.bioontology.org/ontologies/FTDM.owl#DMTO_0001725>	<http://www.w3.org/2002/07/owl#Class>
<https://bioportal.bioontology.org/ontologies/FTDM.owl#DMTO_0001726>	<http://www.w3.org/2002/07/owl#Class>
<https://bioportal.bioontology.org/ontologies/FTDM.owl#DMTO_0001727>	<http://www.w3.org/2002/07/owl#Class>
<https://bioportal.bioontology.org/ontologies/FTDM.owl#DMTO_0001786>	<http://www.w3.org/2002/07/owl#Class>
<https://bioportal.bioontology.org/ontologies/FTDM.owl#DMTO_0001788>	<http://www.w3.org/2002/07/owl#Class>
<https://bioportal.bioontology.org/ontologies/FTDM.owl#DMTO_0001789>	<http://www.w3.org/2002/07/owl#Class>
<https://bioportal.bioontology.org/ontologies/FTDM.owl#DMTO_0001790>	<http://www.w3.org/2002/07/owl#Class>
<https://bioportal.bioontology.org/ontologies/FTDM.owl#DMTO_0001791>	<http://www.w3.org/2002/07/owl#Class>
<https://bioportal.bioontology.org/ontologies/FTDM.owl#DMTO_0001793>	<http://www.w3.org/2002/07/owl#Class>
<https://bioportal.bioontology.org/ontologies/FTDM.owl#DMTO_0001794>	<http://www.w3.org/2002/07/owl#Class>
<https://bioportal.bioontology.org/ontologies/FTDM.owl#DMTO_0001795>	<http://www.w3.org/2002/07/owl#Class>
<https://bioportal.bioontology.org/ontologies/FTDM.owl#DMTO_0001796>	<http://www.w3.org/2002/07/owl#Class>
<https://bioportal.bioontology.org/ontologies/FTDM.owl#DMTO_0001797>	<http://www.w3.org/2002/07/owl#Class>
<https://bioportal.bioontology.org/ontologies/FTDM.owl#DMTO_0001799>	<http://www.w3.org/2002/07/owl#Class>
<https://bioportal.bioontology.org/ontologies/FTDM.owl#DMTO_0001803>	<http://www.w3.org/2002/07/owl#Class>
<https://bioportal.bioontology.org/ontologies/FTDM.owl#DMTO_0001804>	<http://www.w3.org/2002/07/owl#Class>
<https://bioportal.bioontology.org/ontologies/FTDM.owl#DMTO_0001805>	<http://www.w3.org/2002/07/owl#Class>
<https://bioportal.bioontology.org/ontologies/FTDM.owl#DMTO_0001806>	<http://www.w3.org/2002/07/owl#Class>
<https://bioportal.bioontology.org/ontologies/FTDM.owl#DMTO_0001807>	<http://www.w3.org/2002/07/owl#Class>
<https://bioportal.bioontology.org/ontologies/FTDM.owl#DMTO_0001808>	<http://www.w3.org/2002/07/owl#Class>
<https://bioportal.bioontology.org/ontologies/FTDM.owl#DMTO_0001809>	<http://www.w3.org/2002/07/owl#Class>
<https://bioportal.bioontology.org/ontologies/FTDM.owl#DMTO_0001810>	<http://www.w3.org/2002/07/owl#Class>
<https://bioportal.bioontology.org/ontologies/FTDM.owl#DMTO_0001811>	<http://www.w3.org/2002/07/owl#Class>
<https://bioportal.bioontology.org/ontologies/FTDM.owl#DMTO_0001812>	<http://www.w3.org/2002/07/owl#Class>
<https://bioportal.bioontology.org/ontologies/FTDM.owl#DMTO_0001813>	<http://www.w3.org/2002/07/owl#Class>
<https://bioportal.bioontology.org/ontologies/FTDM.owl#DMTO_0001814>	<http://www.w3.org/2002/07/owl#Class>
<https://bioportal.bioontology.org/ontologies/FTDM.owl#DMTO_0001815>	<http://www.w3.org/2002/07/owl#Class>
<https://bioportal.bioontology.org/ontologies/FTDM.owl#DMTO_0001816>	<http://www.w3.org/2002/07/owl#Class>
<https://bioportal.bioontology.org/ontologies/FTDM.owl#DMTO_0001817>	<http://www.w3.org/2002/07/owl#Class>
<https://bioportal.bioontology.org/ontologies/FTDM.owl#DMTO_0001818>	<http://www.w3.org/2002/07/owl#Class>
<https://bioportal.bioontology.org/ontologies/FTDM.owl#DMTO_0001826>	<http://www.w3.org/2002/07/owl#Class>
<https://bioportal.bioontology.org/ontologies/FTDM.owl#DMTO_0001829>	<http://www.w3.org/2002/07/owl#Class>
<https://bioportal.bioontology.org/ontologies/FTDM.owl#DMTO_0001830>	<http://www.w3.org/2002/07/owl#Class>
<https://bioportal.bioontology.org/ontologies/FTDM.owl#DMTO_0001831>	<http://www.w3.org/2002/07/owl#Class>
<https://bioportal.bioontology.org/ontologies/FTDM.owl#DMTO_0001832>	<http://www.w3.org/2002/07/owl#Class>
<https://bioportal.bioontology.org/ontologies/FTDM.owl#DMTO_0001833>	<http://www.w3.org/2002/07/owl#Class>
<https://bioportal.bioontology.org/ontologies/FTDM.owl#DMTO_0001834>	<http://www.w3.org/2002/07/owl#Class>
<https://bioportal.bioontology.org/ontologies/FTDM.owl#DMTO_0001835>	<http://www.w3.org/2002/07/owl#Class>
<https://bioportal.bioontology.org/ontologies/FTDM.owl#DMTO_0001836>	<http://www.w3.org/2002/07/owl#Class>
<https://bioportal.bioontology.org/ontologies/FTDM.owl#DMTO_0001837>	<http://www.w3.org/2002/07/owl#Class>
<https://bioportal.bioontology.org/ontologies/FTDM.owl#DMTO_0001838>	<http://www.w3.org/2002/07/owl#Class>
<https://bioportal.bioontology.org/ontologies/FTDM.owl#DMTO_0001839>	<http://www.w3.org/2002/07/owl#Class>
<https://bioportal.bioontology.org/ontologies/FTDM.owl#DMTO_0001840>	<http://www.w3.org/2002/07/owl#Class>
<https://bioportal.bioontology.org/ontologies/FTDM.owl#DMTO_0001841>	<http://www.w3.org/2002/07/owl#Class>
<https://bioportal.bioontology.org/ontologies/FTDM.owl#DMTO_0001842>	<http://www.w3.org/2002/07/owl#Class>
<https://bioportal.bioontology.org/ontologies/FTDM.owl#DMTO_0001843>	<http://www.w3.org/2002/07/owl#Class>
<https://bioportal.bioontology.org/ontologies/FTDM.owl#DMTO_0001844>	<http://www.w3.org/2002/07/owl#Class>
<https://bioportal.bioontology.org/ontologies/FTDM.owl#DMTO_0001845>	<http://www.w3.org/2002/07/owl#Class>
<https://bioportal.bioontology.org/ontologies/FTDM.owl#DMTO_0001955>	<http://www.w3.org/2002/07/owl#Class>
<https://bioportal.bioontology.org/ontologies/FTDM.owl#DMTO_0001956>	<http://www.w3.org/2002/07/owl#Class>
<https://bioportal.bioontology.org/ontologies/FTDM.owl#DMTO_0001957>	<http://www.w3.org/2002/07/owl#Class>
<https://bioportal.bioontology.org/ontologies/FTDM.owl#DMTO_0001958>	<http://www.w3.org/2002/07/owl#Class>
<https://bioportal.bioontology.org/ontologies/FTDM.owl#DMTO_0001959>	<http://www.w3.org/2002/07/owl#Class>
<https://bioportal.bioontology.org/ontologies/FTDM.owl#DMTO_0001960>	<http://www.w3.org/2002/07/owl#Class>
<https://bioportal.bioontology.org/ontologies/FTDM.owl#DMTO_0001961>	<http://www.w3.org/2002/07/owl#Class>
<https://bioportal.bioontology.org/ontologies/FTDM.owl#DMTO_0001962>	<http://www.w3.org/2002/07/owl#Class>
<https://bioportal.bioontology.org/ontologies/FTDM.owl#DMTO_0001963>	<http://www.w3.org/2002/07/owl#Class>
<https://bioportal.bioontology.org/ontologies/FTDM.owl#DMTO_0001964>	<http://www.w3.org/2002/07/owl#Class>
<https://bioportal.bioontology.org/ontologies/FTDM.owl#DMTO_0001965>	<http://www.w3.org/2002/07/owl#Class>
<https://bioportal.bioontology.org/ontologies/FTDM.owl#DMTO_0001966>	<http://www.w3.org/2002/07/owl#Class>
<https://bioportal.bioontology.org/ontologies/FTDM.owl#DMTO_0002047>	<http://www.w3.org/2002/07/owl#Class>
<https://bioportal.bioontology.org/ontologies/FTDM.owl#DMTO_0002058>	<http://www.w3.org/2002/07/owl#Class>
<https://bioportal.bioontology.org/ontologies/FTDM.owl#DMTO_0002064>	<http://www.w3.org/2002/07/owl#Class>
<https://bioportal.bioontology.org/ontologies/FTDM.owl#DMTO_0002065>	<http://www.w3.org/2002/07/owl#Class>
<https://bioportal.bioontology.org/ontologies/FTDM.owl#DMTO_0002066>	<http://www.w3.org/2002/07/owl#Class>
<https://bioportal.bioontology.org/ontologies/FTDM.owl#DMTO_0002067>	<http://www.w3.org/2002/07/owl#Class>
<https://bioportal.bioontology.org/ontologies/FTDM.owl#DMTO_0002068>	<http://www.w3.org/2002/07/owl#Class>
<https://bioportal.bioontology.org/ontologies/FTDM.owl#DMTO_0002069>	<http://www.w3.org/2002/07/owl#Class>
<https://bioportal.bioontology.org/ontologies/FTDM.owl#DMTO_0002070>	<http://www.w3.org/2002/07/owl#Class>
<https://bioportal.bioontology.org/ontologies/FTDM.owl#DMTO_0002072>	<http://www.w3.org/2002/07/owl#Class>
<https://bioportal.bioontology.org/ontologies/FTDM.owl#DMTO_0002073>	<http://www.w3.org/2002/07/owl#Class>
<https://bioportal.bioontology.org/ontologies/FTDM.owl#DMTO_0002159>	<http://www.w3.org/2002/07/owl#Class>
<https://bioportal.bioontology.org/ontologies/FTDM.owl#DMTO_0002160>	<http://www.w3.org/2002/07/owl#Class>
<https://bioportal.bioontology.org/ontologies/FTDM.owl#DMTO_0002161>	<http://www.w3.org/2002/07/owl#Class>
<https://bioportal.bioontology.org/ontologies/FTDM.owl#DMTO_0002162>	<http://www.w3.org/2002/07/owl#Class>
<https://bioportal.bioontology.org/ontologies/FTDM.owl#DMTO_0002163>	<http://www.w3.org/2002/07/owl#Class>
<https://bioportal.bioontology.org/ontologies/FTDM.owl#DMTO_0002164>	<http://www.w3.org/2002/07/owl#Class>
<https://bioportal.bioontology.org/ontologies/FTDM.owl#DMTO_0002165>	<http://www.w3.org/2002/07/owl#Class>
<https://bioportal.bioontology.org/ontologies/FTDM.owl#DMTO_0002166>	<http://www.w3.org/2002/07/owl#Class>
<https://bioportal.bioontology.org/ontologies/FTDM.owl#DMTO_0002167>	<http://www.w3.org/2002/07/owl#Class>
<https://bioportal.bioontology.org/ontologies/FTDM.owl#DMTO_0002168>	<http://www.w3.org/2002/07/owl#Class>
<https://bioportal.bioontology.org/ontologies/FTDM.owl#DMTO_0002179>	<http://www.w3.org/2002/07/owl#Class>
<https://bioportal.bioontology.org/ontologies/FTDM.owl#DMTO_0002180>	<http://www.w3.org/2002/07/owl#Class>
<https://bioportal.bioontology.org/ontologies/FTDM.owl#DMTO_0002181>	<http://www.w3.org/2002/07/owl#Class>
<https://bioportal.bioontology.org/ontologies/FTDM.owl#DMTO_0002182>	<http://www.w3.org/2002/07/owl#Class>
<https://bioportal.bioontology.org/ontologies/FTDM.owl#DMTO_0002183>	<http://www.w3.org/2002/07/owl#Class>
<https://bioportal.bioontology.org/ontologies/FTDM.owl#DMTO_0002187>	<http://www.w3.org/2002/07/owl#Class>
<https://bioportal.bioontology.org/ontologies/FTDM.owl#DMTO_0002188>	<http://www.w3.org/2002/07/owl#Class>
<https://bioportal.bioontology.org/ontologies/FTDM.owl#DMTO_0002190>	<http://www.w3.org/2002/07/owl#Class>
<https://bioportal.bioontology.org/ontologies/FTDM.owl#DMTO_0002191>	<http://www.w3.org/2002/07/owl#Class>
<https://bioportal.bioontology.org/ontologies/FTDM.owl#DMTO_0002192>	<http://www.w3.org/2002/07/owl#Class>
<https://bioportal.bioontology.org/ontologies/FTDM.owl#DMTO_0002193>	<http://www.w3.org/2002/07/owl#Class>
<https://bioportal.bioontology.org/ontologies/FTDM.owl#DMTO_0002194>	<http://www.w3.org/2002/07/owl#Class>
<https://bioportal.bioontology.org/ontologies/FTDM.owl#DMTO_0002195>	<http://www.w3.org/2002/07/owl#Class>
<https://bioportal.bioontology.org/ontologies/FTDM.owl#DMTO_0002196>	<http://www.w3.org/2002/07/owl#Class>
<https://bioportal.bioontology.org/ontologies/FTDM.owl#DMTO_0002197>	<http://www.w3.org/2002/07/owl#Class>
<https://bioportal.bioontology.org/ontologies/FTDM.owl#DMTO_0002198>	<http://www.w3.org/2002/07/owl#Class>
<https://bioportal.bioontology.org/ontologies/FTDM.owl#DMTO_0002208>	<http://www.w3.org/2002/07/owl#Class>
<https://bioportal.bioontology.org/ontologies/FTDM.owl#DMTO_0002209>	<http://www.w3.org/2002/07/owl#Class>
<https://bioportal.bioontology.org/ontologies/FTDM.owl#DMTO_0002210>	<http://www.w3.org/2002/07/owl#Class>
<https://bioportal.bioontology.org/ontologies/FTDM.owl#DMTO_0002211>	<http://www.w3.org/2002/07/owl#Class>
<https://bioportal.bioontology.org/ontologies/FTDM.owl#DMTO_0002212>	<http://www.w3.org/2002/07/owl#Class>
<https://bioportal.bioontology.org/ontologies/FTDM.owl#DMTO_0002213>	<http://www.w3.org/2002/07/owl#Class>
<https://bioportal.bioontology.org/ontologies/FTDM.owl#DMTO_0002214>	<http://www.w3.org/2002/07/owl#Class>
<https://bioportal.bioontology.org/ontologies/FTDM.owl#FixedRegimen>	<http://www.w3.org/2002/07/owl#Class>
<https://bioportal.bioontology.org/ontologies/FTDM.owl#Flosequinan>	<http://www.w3.org/2002/07/owl#Class>
<https://bioportal.bioontology.org/ontologies/FTDM.owl#Humalog_Mix_50/50>	<http://www.w3.org/2002/07/owl#Class>
<https://bioportal.bioontology.org/ontologies/FTDM.owl#Humalog_Mix_50/50_KwikPen>	<http://www.w3.org/2002/07/owl#Class>
<https://bioportal.bioontology.org/ontologies/FTDM.owl#Humalog_Mix_75/25>	<http://www.w3.org/2002/07/owl#Class>
<https://bioportal.bioontology.org/ontologies/FTDM.owl#Humalog_Mix_75/25_KwikPen>	<http://www.w3.org/2002/07/owl#Class>
<https://bioportal.bioontology.org/ontologies/FTDM.owl#HumuLIN_70/30_KwikPen>	<http://www.w3.org/2002/07/owl#Class>
<https://bioportal.bioontology.org/ontologies/FTDM.owl#HumuLIN_R_KwikPen_(Concentrated)_(U-500)>	<http://www.w3.org/2002/07/owl#Class>
<https://bioportal.bioontology.org/ontologies/FTDM.owl#Humulin_50/50>	<http://www.w3.org/2002/07/owl#Class>
<https://bioportal.bioontology.org/ontologies/FTDM.owl#Humulin_70/30>	<http://www.w3.org/2002/07/owl#Class>
<https://bioportal.bioontology.org/ontologies/FTDM.owl#Humulin_R>	<http://www.w3.org/2002/07/owl#Class>
<https://bioportal.bioontology.org/ontologies/FTDM.owl#Humulin_R_(Concentrated)_(U-500)>	<http://www.w3.org/2002/07/owl#Class>
<https://bioportal.bioontology.org/ontologies/FTDM.owl#Humulin_R_Pen>	<http://www.w3.org/2002/07/owl#Class>
<https://bioportal.bioontology.org/ontologies/FTDM.owl#Iloprost>	<http://www.w3.org/2002/07/owl#Class>
<https://bioportal.bioontology.org/ontologies/FTDM.owl#Insulin_aspart_and_insulin_aspart_protamine>	<http://www.w3.org/2002/07/owl#Class>
<https://bioportal.bioontology.org/ontologies/FTDM.owl#Insulin_aspart_and_insulin_degludec_(Subcutaneous)>	<http://www.w3.org/2002/07/owl#Class>
<https://bioportal.bioontology.org/ontologies/FTDM.owl#Insulin_isophane_and_insulin_regular>	<http://www.w3.org/2002/07/owl#Class>
<https://bioportal.bioontology.org/ontologies/FTDM.owl#Insulin_lispro_and_insulin_lispro_protamine>	<http://www.w3.org/2002/07/owl#Class>
<https://bioportal.bioontology.org/ontologies/FTDM.owl#Metolazone>	<http://www.w3.org/2002/07/owl#Class>
<https://bioportal.bioontology.org/ontologies/FTDM.owl#NovoLog_Mix_70/30>	<http://www.w3.org/2002/07/owl#Class>
<https://bioportal.bioontology.org/ontologies/FTDM.owl#NovoLog_Mix_70/30_FlexPen>	<http://www.w3.org/2002/07/owl#Class>
<https://bioportal.bioontology.org/ontologies/FTDM.owl#Novolin_70/30>	<http://www.w3.org/2002/07/owl#Class>
<https://bioportal.bioontology.org/ontologies/FTDM.owl#Novolin_R>	<http://www.w3.org/2002/07/owl#Class>
<https://bioportal.bioontology.org/ontologies/FTDM.owl#PATO:0001995>	<http://www.w3.org/2002/07/owl#Class>
<https://bioportal.bioontology.org/ontologies/FTDM.owl#PATO:0002198>	<http://www.w3.org/2002/07/owl#Class>
<https://bioportal.bioontology.org/ontologies/FTDM.owl#ReliOn/HumuLIN_R>	<http://www.w3.org/2002/07/owl#Class>
<https://bioportal.bioontology.org/ontologies/FTDM.owl#ReliOn/Novolin_70/30>	<http://www.w3.org/2002/07/owl#Class>
<https://bioportal.bioontology.org/ontologies/FTDM.owl#Ryzodeg_70/30>	<http://www.w3.org/2002/07/owl#Class>
<https://bioportal.bioontology.org/ontologies/FTDM.owl#Ryzodeg_FlexTouch_Pen>	<http://www.w3.org/2002/07/owl#Class>
<https://bioportal.bioontology.org/ontologies/FTDM.owl#Toujeo>	<http://www.w3.org/2002/07/owl#Class>
<https://bioportal.bioontology.org/ontologies/FTDM.owl#Tresiba>	<http://www.w3.org/2002/07/owl#Class>
<https://bioportal.bioontology.org/ontologies/FTDM.owl#acetazolamide>	<http://www.w3.org/2002/07/owl#Class>
<https://bioportal.bioontology.org/ontologies/FTDM.owl#aclidinium>	<http://www.w3.org/2002/07/owl#Class>
<https://bioportal.bioontology.org/ontologies/FTDM.owl#aclidinium_bromide_375micrograms_inhaler>	<http://www.w3.org/2002/07/owl#Class>
<https://bioportal.bioontology.org/ontologies/FTDM.owl#activeIngredient>	<http://www.w3.org/2002/07/owl#Class>
<https://bioportal.bioontology.org/ontologies/FTDM.owl#actuator>	<http://www.w3.org/2002/07/owl#Class>
<https://bioportal.bioontology.org/ontologies/FTDM.owl#admelog>	<http://www.w3.org/2002/07/owl#Class>
<https://bioportal.bioontology.org/ontologies/FTDM.owl#adolescent>	<http://www.w3.org/2002/07/owl#Class>
<https://bioportal.bioontology.org/ontologies/FTDM.owl#adult>	<http://www.w3.org/2002/07/owl#Class>
<https://bioportal.bioontology.org/ontologies/FTDM.owl#afrezza>	<http://www.w3.org/2002/07/owl#Class>
<https://bioportal.bioontology.org/ontologies/FTDM.owl#aldosterone_antagonists>	<http://www.w3.org/2002/07/owl#Class>
<https://bioportal.bioontology.org/ontologies/FTDM.owl#aliskiren>	<http://www.w3.org/2002/07/owl#Class>
<https://bioportal.bioontology.org/ontologies/FTDM.owl#ambrisentan>	<http://www.w3.org/2002/07/owl#Class>
<https://bioportal.bioontology.org/ontologies/FTDM.owl#amiloride>	<http://www.w3.org/2002/07/owl#Class>
<https://bioportal.bioontology.org/ontologies/FTDM.owl#aminophylline>	<http://www.w3.org/2002/07/owl#Class>
<https://bioportal.bioontology.org/ontologies/FTDM.owl#amyl_nitrite>	<http://www.w3.org/2002/07/owl#Class>
<https://bioportal.bioontology.org/ontologies/FTDM.owl#angiotensin-converting_enzyme_inhibitor>	<http://www.w3.org/2002/07/owl#Class>
<https://bioportal.bioontology.org/ontologies/FTDM.owl#angiotensin_II_receptor_antagonist+diuretic>	<http://www.w3.org/2002/07/owl#Class>
<https://bioportal.bioontology.org/ontologies/FTDM.owl#aquaretic>	<http://www.w3.org/2002/07/owl#Class>
<https://bioportal.bioontology.org/ontologies/FTDM.owl#aspart>	<http://www.w3.org/2002/07/owl#Class>
<https://bioportal.bioontology.org/ontologies/FTDM.owl#aviptadil>	<http://www.w3.org/2002/07/owl#Class>
<https://bioportal.bioontology.org/ontologies/FTDM.owl#bamethan_sulfate>	<http://www.w3.org/2002/07/owl#Class>
<https://bioportal.bioontology.org/ontologies/FTDM.owl#beforeBedBloodGlucose>	<http://www.w3.org/2002/07/owl#Class>
<https://bioportal.bioontology.org/ontologies/FTDM.owl#beforeBreakfastBloodGlucose>	<http://www.w3.org/2002/07/owl#Class>
<https://bioportal.bioontology.org/ontologies/FTDM.owl#beforeEveningMealBloodGlucose>	<http://www.w3.org/2002/07/owl#Class>
<https://bioportal.bioontology.org/ontologies/FTDM.owl#beforeLunchBloodGlucose>	<http://www.w3.org/2002/07/owl#Class>
<https://bioportal.bioontology.org/ontologies/FTDM.owl#benazepril>	<http://www.w3.org/2002/07/owl#Class>
<https://bioportal.bioontology.org/ontologies/FTDM.owl#benazepril_hydrochloride>	<http://www.w3.org/2002/07/owl#Class>
<https://bioportal.bioontology.org/ontologies/FTDM.owl#bendroflumethiazide>	<http://www.w3.org/2002/07/owl#Class>
<https://bioportal.bioontology.org/ontologies/FTDM.owl#benzbromarone>	<http://www.w3.org/2002/07/owl#Class>
<https://bioportal.bioontology.org/ontologies/FTDM.owl#benzthiazide>	<http://www.w3.org/2002/07/owl#Class>
<https://bioportal.bioontology.org/ontologies/FTDM.owl#betahistine>	<http://www.w3.org/2002/07/owl#Class>
<https://bioportal.bioontology.org/ontologies/FTDM.owl#bloodGlucoseSensor>	<http://www.w3.org/2002/07/owl#Class>
<https://bioportal.bioontology.org/ontologies/FTDM.owl#bloodPressureMeasurementCapability>	<http://www.w3.org/2002/07/owl#Class>
<https://bioportal.bioontology.org/ontologies/FTDM.owl#bloodPressureSensor>	<http://www.w3.org/2002/07/owl#Class>
<https://bioportal.bioontology.org/ontologies/FTDM.owl#bodyTempratureSensor>	<http://www.w3.org/2002/07/owl#Class>
<https://bioportal.bioontology.org/ontologies/FTDM.owl#bosentan>	<http://www.w3.org/2002/07/owl#Class>
<https://bioportal.bioontology.org/ontologies/FTDM.owl#brinzolamide>	<http://www.w3.org/2002/07/owl#Class>
<https://bioportal.bioontology.org/ontologies/FTDM.owl#bumetanide>	<http://www.w3.org/2002/07/owl#Class>
<https://bioportal.bioontology.org/ontologies/FTDM.owl#captopril>	<http://www.w3.org/2002/07/owl#Class>
<https://bioportal.bioontology.org/ontologies/FTDM.owl#carbinoxamine>	<http://www.w3.org/2002/07/owl#Class>
<https://bioportal.bioontology.org/ontologies/FTDM.owl#carbohydrate>	<http://www.w3.org/2002/07/owl#Class>
<https://bioportal.bioontology.org/ontologies/FTDM.owl#carbonic_anhydrase_inhibitor>	<http://www.w3.org/2002/07/owl#Class>
<https://bioportal.bioontology.org/ontologies/FTDM.owl#careTeam>	<http://www.w3.org/2002/07/owl#Class>
<https://bioportal.bioontology.org/ontologies/FTDM.owl#centrally_acting_appetite_suppressant>	<http://www.w3.org/2002/07/owl#Class>
<https://bioportal.bioontology.org/ontologies/FTDM.owl#chemical_entity>	<http://www.w3.org/2002/07/owl#Class>
<https://bioportal.bioontology.org/ontologies/FTDM.owl#child>	<http://www.w3.org/2002/07/owl#Class>
<https://bioportal.bioontology.org/ontologies/FTDM.owl#chlorothiazide>	<http://www.w3.org/2002/07/owl#Class>
<https://bioportal.bioontology.org/ontologies/FTDM.owl#chlorthalidone>	<http://www.w3.org/2002/07/owl#Class>
<https://bioportal.bioontology.org/ontologies/FTDM.owl#cilazapril>	<http://www.w3.org/2002/07/owl#Class>
<https://bioportal.bioontology.org/ontologies/FTDM.owl#clidinium>	<http://www.w3.org/2002/07/owl#Class>
<https://bioportal.bioontology.org/ontologies/FTDM.owl#clofibrate>	<http://www.w3.org/2002/07/owl#Class>
<https://bioportal.bioontology.org/ontologies/FTDM.owl#clopamide>	<http://www.w3.org/2002/07/owl#Class>
<https://bioportal.bioontology.org/ontologies/FTDM.owl#conivaptan>	<http://www.w3.org/2002/07/owl#Class>
<https://bioportal.bioontology.org/ontologies/FTDM.owl#coronary_vasodilator>	<http://www.w3.org/2002/07/owl#Class>
<https://bioportal.bioontology.org/ontologies/FTDM.owl#cyclandelate>	<http://www.w3.org/2002/07/owl#Class>
<https://bioportal.bioontology.org/ontologies/FTDM.owl#cyclopenthiazide>	<http://www.w3.org/2002/07/owl#Class>
<https://bioportal.bioontology.org/ontologies/FTDM.owl#dalbavancin>	<http://www.w3.org/2002/07/owl#Class>
<https://bioportal.bioontology.org/ontologies/FTDM.owl#dalbavancin_500mg_powder_for_injection_solution>	<http://www.w3.org/2002/07/owl#Class>
<https://bioportal.bioontology.org/ontologies/FTDM.owl#degludec>	<http://www.w3.org/2002/07/owl#Class>
<https://bioportal.bioontology.org/ontologies/FTDM.owl#deserpidine>	<http://www.w3.org/2002/07/owl#Class>
<https://bioportal.bioontology.org/ontologies/FTDM.owl#detemir>	<http://www.w3.org/2002/07/owl#Class>
<https://bioportal.bioontology.org/ontologies/FTDM.owl#diazoxide>	<http://www.w3.org/2002/07/owl#Class>
<https://bioportal.bioontology.org/ontologies/FTDM.owl#dichlorphenamide>	<http://www.w3.org/2002/07/owl#Class>
<https://bioportal.bioontology.org/ontologies/FTDM.owl#dipyridamole>	<http://www.w3.org/2002/07/owl#Class>
<https://bioportal.bioontology.org/ontologies/FTDM.owl#diskospondylitis>	<http://www.w3.org/2002/07/owl#Class>
<https://bioportal.bioontology.org/ontologies/FTDM.owl#distanceSensor>	<http://www.w3.org/2002/07/owl#Class>
<https://bioportal.bioontology.org/ontologies/FTDM.owl#diuretic>	<http://www.w3.org/2002/07/owl#Class>
<https://bioportal.bioontology.org/ontologies/FTDM.owl#dorzolamide>	<http://www.w3.org/2002/07/owl#Class>
<https://bioportal.bioontology.org/ontologies/FTDM.owl#doxylamine>	<http://www.w3.org/2002/07/owl#Class>
<https://bioportal.bioontology.org/ontologies/FTDM.owl#drugA1CLoweringLevel>	<http://www.w3.org/2002/07/owl#Class>
<https://bioportal.bioontology.org/ontologies/FTDM.owl#educationProgramRequest>	<http://www.w3.org/2002/07/owl#Class>
<https://bioportal.bioontology.org/ontologies/FTDM.owl#educator>	<http://www.w3.org/2002/07/owl#Class>
<https://bioportal.bioontology.org/ontologies/FTDM.owl#enalapril>	<http://www.w3.org/2002/07/owl#Class>
<https://bioportal.bioontology.org/ontologies/FTDM.owl#enalaprilat>	<http://www.w3.org/2002/07/owl#Class>
<https://bioportal.bioontology.org/ontologies/FTDM.owl#endothelin_receptor_antagonist>	<http://www.w3.org/2002/07/owl#Class>
<https://bioportal.bioontology.org/ontologies/FTDM.owl#eplerenone>	<http://www.w3.org/2002/07/owl#Class>
<https://bioportal.bioontology.org/ontologies/FTDM.owl#erythrityl_tetranitrate>	<http://www.w3.org/2002/07/owl#Class>
<https://bioportal.bioontology.org/ontologies/FTDM.owl#ethacrynic_acid>	<http://www.w3.org/2002/07/owl#Class>
<https://bioportal.bioontology.org/ontologies/FTDM.owl#ethanolamine_derivative_antihistamine>	<http://www.w3.org/2002/07/owl#Class>
<https://bioportal.bioontology.org/ontologies/FTDM.owl#familyMemberHistory>	<http://www.w3.org/2002/07/owl#Class>
<https://bioportal.bioontology.org/ontologies/FTDM.owl#fat>	<http://www.w3.org/2002/07/owl#Class>
<https://bioportal.bioontology.org/ontologies/FTDM.owl#fenfluramine>	<http://www.w3.org/2002/07/owl#Class>
<https://bioportal.bioontology.org/ontologies/FTDM.owl#fenfluramine_hydrochloride>	<http://www.w3.org/2002/07/owl#Class>
<https://bioportal.bioontology.org/ontologies/FTDM.owl#fenoldopam>	<http://www.w3.org/2002/07/owl#Class>
<https://bioportal.bioontology.org/ontologies/FTDM.owl#fibrate_antihyperlipidemic>	<http://www.w3.org/2002/07/owl#Class>
<https://bioportal.bioontology.org/ontologies/FTDM.owl#fosinopril>	<http://www.w3.org/2002/07/owl#Class>
<https://bioportal.bioontology.org/ontologies/FTDM.owl#furosemide>	<http://www.w3.org/2002/07/owl#Class>
<https://bioportal.bioontology.org/ontologies/FTDM.owl#glargine>	<http://www.w3.org/2002/07/owl#Class>
<https://bioportal.bioontology.org/ontologies/FTDM.owl#glucoseLevelValue>	<http://www.w3.org/2002/07/owl#Class>
<https://bioportal.bioontology.org/ontologies/FTDM.owl#glulisine>	<http://www.w3.org/2002/07/owl#Class>
<https://bioportal.bioontology.org/ontologies/FTDM.owl#glycopeptide_antibiotic>	<http://www.w3.org/2002/07/owl#Class>
<https://bioportal.bioontology.org/ontologies/FTDM.owl#guanadrel>	<http://www.w3.org/2002/07/owl#Class>
<https://bioportal.bioontology.org/ontologies/FTDM.owl#guanethidine>	<http://www.w3.org/2002/07/owl#Class>
<https://bioportal.bioontology.org/ontologies/FTDM.owl#healthcare_Organization>	<http://www.w3.org/2002/07/owl#Class>
<https://bioportal.bioontology.org/ontologies/FTDM.owl#hub>	<http://www.w3.org/2002/07/owl#Class>
<https://bioportal.bioontology.org/ontologies/FTDM.owl#humalog_Mix>	<http://www.w3.org/2002/07/owl#Class>
<https://bioportal.bioontology.org/ontologies/FTDM.owl#human_B-type_natriuretic_peptide>	<http://www.w3.org/2002/07/owl#Class>
<https://bioportal.bioontology.org/ontologies/FTDM.owl#hydralazine>	<http://www.w3.org/2002/07/owl#Class>
<https://bioportal.bioontology.org/ontologies/FTDM.owl#hydrochlorothiazide>	<http://www.w3.org/2002/07/owl#Class>
<https://bioportal.bioontology.org/ontologies/FTDM.owl#hydroflumethiazide>	<http://www.w3.org/2002/07/owl#Class>
<https://bioportal.bioontology.org/ontologies/FTDM.owl#hypotensive_agent>	<http://www.w3.org/2002/07/owl#Class>
<https://bioportal.bioontology.org/ontologies/FTDM.owl#imidapril>	<http://www.w3.org/2002/07/owl#Class>
<https://bioportal.bioontology.org/ontologies/FTDM.owl#indapamide>	<http://www.w3.org/2002/07/owl#Class>
<https://bioportal.bioontology.org/ontologies/FTDM.owl#inositol_niacinate>	<http://www.w3.org/2002/07/owl#Class>
<https://bioportal.bioontology.org/ontologies/FTDM.owl#insulinRegimen>	<http://www.w3.org/2002/07/owl#Class>
<https://bioportal.bioontology.org/ontologies/FTDM.owl#insulinRelatedFactors>	<http://www.w3.org/2002/07/owl#Class>
<https://bioportal.bioontology.org/ontologies/FTDM.owl#insulinSensitivityFactor>	<http://www.w3.org/2002/07/owl#Class>
<https://bioportal.bioontology.org/ontologies/FTDM.owl#insulinToCarbohydrateRatio>	<http://www.w3.org/2002/07/owl#Class>
<https://bioportal.bioontology.org/ontologies/FTDM.owl#intensiveInsulinTherapy>	<http://www.w3.org/2002/07/owl#Class>
<https://bioportal.bioontology.org/ontologies/FTDM.owl#interval>	<http://www.w3.org/2002/07/owl#Class>
<https://bioportal.bioontology.org/ontologies/FTDM.owl#intra-arterial_vasodilator>	<http://www.w3.org/2002/07/owl#Class>
<https://bioportal.bioontology.org/ontologies/FTDM.owl#intra-cavernosal_vasodilator>	<http://www.w3.org/2002/07/owl#Class>
<https://bioportal.bioontology.org/ontologies/FTDM.owl#intravenous_vasodilator>	<http://www.w3.org/2002/07/owl#Class>
<https://bioportal.bioontology.org/ontologies/FTDM.owl#isophane>	<http://www.w3.org/2002/07/owl#Class>
<https://bioportal.bioontology.org/ontologies/FTDM.owl#isosorbide>	<http://www.w3.org/2002/07/owl#Class>
<https://bioportal.bioontology.org/ontologies/FTDM.owl#isosorbide_dinitrate>	<http://www.w3.org/2002/07/owl#Class>
<https://bioportal.bioontology.org/ontologies/FTDM.owl#isosorbide_mononitrate>	<http://www.w3.org/2002/07/owl#Class>
<https://bioportal.bioontology.org/ontologies/FTDM.owl#isoxsuprine>	<http://www.w3.org/2002/07/owl#Class>
<https://bioportal.bioontology.org/ontologies/FTDM.owl#ketanserin>	<http://www.w3.org/2002/07/owl#Class>
<https://bioportal.bioontology.org/ontologies/FTDM.owl#levosimendan>	<http://www.w3.org/2002/07/owl#Class>
<https://bioportal.bioontology.org/ontologies/FTDM.owl#lisinopril>	<http://www.w3.org/2002/07/owl#Class>
<https://bioportal.bioontology.org/ontologies/FTDM.owl#lispro>	<http://www.w3.org/2002/07/owl#Class>
<https://bioportal.bioontology.org/ontologies/FTDM.owl#loop_diuretic>	<http://www.w3.org/2002/07/owl#Class>
<https://bioportal.bioontology.org/ontologies/FTDM.owl#mannitol>	<http://www.w3.org/2002/07/owl#Class>
<https://bioportal.bioontology.org/ontologies/FTDM.owl#mechanismOfAction>	<http://www.w3.org/2002/07/owl#Class>
<https://bioportal.bioontology.org/ontologies/FTDM.owl#medication_affect_insulin_sensitivity>	<http://www.w3.org/2002/07/owl#Class>
<https://bioportal.bioontology.org/ontologies/FTDM.owl#mefruside>	<http://www.w3.org/2002/07/owl#Class>
<https://bioportal.bioontology.org/ontologies/FTDM.owl#mercurial_diuretic>	<http://www.w3.org/2002/07/owl#Class>
<https://bioportal.bioontology.org/ontologies/FTDM.owl#mersalyl>	<http://www.w3.org/2002/07/owl#Class>
<https://bioportal.bioontology.org/ontologies/FTDM.owl#methazolamide>	<http://www.w3.org/2002/07/owl#Class>
<https://bioportal.bioontology.org/ontologies/FTDM.owl#methyclothiazide>	<http://www.w3.org/2002/07/owl#Class>
<https://bioportal.bioontology.org/ontologies/FTDM.owl#metyrosine>	<http://www.w3.org/2002/07/owl#Class>
<https://bioportal.bioontology.org/ontologies/FTDM.owl#minoxidil>	<http://www.w3.org/2002/07/owl#Class>
<https://bioportal.bioontology.org/ontologies/FTDM.owl#moexipril>	<http://www.w3.org/2002/07/owl#Class>
<https://bioportal.bioontology.org/ontologies/FTDM.owl#moexipril_hydrochloride>	<http://www.w3.org/2002/07/owl#Class>
<https://bioportal.bioontology.org/ontologies/FTDM.owl#nafronyl>	<http://www.w3.org/2002/07/owl#Class>
<https://bioportal.bioontology.org/ontologies/FTDM.owl#nesiritide>	<http://www.w3.org/2002/07/owl#Class>
<https://bioportal.bioontology.org/ontologies/FTDM.owl#neutral_protamine_Hagedorn>	<http://www.w3.org/2002/07/owl#Class>
<https://bioportal.bioontology.org/ontologies/FTDM.owl#nicofuranose>	<http://www.w3.org/2002/07/owl#Class>
<https://bioportal.bioontology.org/ontologies/FTDM.owl#nicorandil>	<http://www.w3.org/2002/07/owl#Class>
<https://bioportal.bioontology.org/ontologies/FTDM.owl#nicotinyl_alcohol>	<http://www.w3.org/2002/07/owl#Class>
<https://bioportal.bioontology.org/ontologies/FTDM.owl#nimodipine>	<http://www.w3.org/2002/07/owl#Class>
<https://bioportal.bioontology.org/ontologies/FTDM.owl#nitrate-based_vasodilating_agent>	<http://www.w3.org/2002/07/owl#Class>
<https://bioportal.bioontology.org/ontologies/FTDM.owl#nitroglycerin>	<http://www.w3.org/2002/07/owl#Class>
<https://bioportal.bioontology.org/ontologies/FTDM.owl#nitroprusside>	<http://www.w3.org/2002/07/owl#Class>
<https://bioportal.bioontology.org/ontologies/FTDM.owl#node>	<http://www.w3.org/2002/07/owl#Class>
<https://bioportal.bioontology.org/ontologies/FTDM.owl#oldAdult>	<http://www.w3.org/2002/07/owl#Class>
<https://bioportal.bioontology.org/ontologies/FTDM.owl#oneShotDaily>	<http://www.w3.org/2002/07/owl#Class>
<https://bioportal.bioontology.org/ontologies/FTDM.owl#organization>	<http://www.w3.org/2002/07/owl#Class>
<https://bioportal.bioontology.org/ontologies/FTDM.owl#osmotic_diuretic>	<http://www.w3.org/2002/07/owl#Class>
<https://bioportal.bioontology.org/ontologies/FTDM.owl#osteomyelitis>	<http://www.w3.org/2002/07/owl#Class>
<https://bioportal.bioontology.org/ontologies/FTDM.owl#oxerutins>	<http://www.w3.org/2002/07/owl#Class>
<https://bioportal.bioontology.org/ontologies/FTDM.owl#pamabrom>	<http://www.w3.org/2002/07/owl#Class>
<https://bioportal.bioontology.org/ontologies/FTDM.owl#papaverine>	<http://www.w3.org/2002/07/owl#Class>
<https://bioportal.bioontology.org/ontologies/FTDM.owl#parenteral_form_urea>	<http://www.w3.org/2002/07/owl#Class>
<https://bioportal.bioontology.org/ontologies/FTDM.owl#patientProfile>	<http://www.w3.org/2002/07/owl#Class>
<https://bioportal.bioontology.org/ontologies/FTDM.owl#pentaerythritol_tetranitrate>	<http://www.w3.org/2002/07/owl#Class>
<https://bioportal.bioontology.org/ontologies/FTDM.owl#pentoxifylline>	<http://www.w3.org/2002/07/owl#Class>
<https://bioportal.bioontology.org/ontologies/FTDM.owl#perindopril>	<http://www.w3.org/2002/07/owl#Class>
<https://bioportal.bioontology.org/ontologies/FTDM.owl#peripheral/cerebral_vasodilator>	<http://www.w3.org/2002/07/owl#Class>
<https://bioportal.bioontology.org/ontologies/FTDM.owl#physicalExercise>	<http://www.w3.org/2002/07/owl#Class>
<https://bioportal.bioontology.org/ontologies/FTDM.owl#piretanide>	<http://www.w3.org/2002/07/owl#Class>
<https://bioportal.bioontology.org/ontologies/FTDM.owl#polythiazide>	<http://www.w3.org/2002/07/owl#Class>
<https://bioportal.bioontology.org/ontologies/FTDM.owl#potassium-sparing_diuretic>	<http://www.w3.org/2002/07/owl#Class>
<https://bioportal.bioontology.org/ontologies/FTDM.owl#potassium_canrenoate>	<http://www.w3.org/2002/07/owl#Class>
<https://bioportal.bioontology.org/ontologies/FTDM.owl#pramlintide>	<http://www.w3.org/2002/07/owl#Class>
<https://bioportal.bioontology.org/ontologies/FTDM.owl#pre-mixed_insulin>	<http://www.w3.org/2002/07/owl#Class>
<https://bioportal.bioontology.org/ontologies/FTDM.owl#pregnant>	<http://www.w3.org/2002/07/owl#Class>
<https://bioportal.bioontology.org/ontologies/FTDM.owl#prenylamine>	<http://www.w3.org/2002/07/owl#Class>
<https://bioportal.bioontology.org/ontologies/FTDM.owl#probenecid>	<http://www.w3.org/2002/07/owl#Class>
<https://bioportal.bioontology.org/ontologies/FTDM.owl#process_quality>	<http://www.w3.org/2002/07/owl#Class>
<https://bioportal.bioontology.org/ontologies/FTDM.owl#protein>	<http://www.w3.org/2002/07/owl#Class>
<https://bioportal.bioontology.org/ontologies/FTDM.owl#purine_diuretic>	<http://www.w3.org/2002/07/owl#Class>
<https://bioportal.bioontology.org/ontologies/FTDM.owl#pyogenic_proteinuria>	<http://www.w3.org/2002/07/owl#Class>
<https://bioportal.bioontology.org/ontologies/FTDM.owl#pyuria>	<http://www.w3.org/2002/07/owl#Class>
<https://bioportal.bioontology.org/ontologies/FTDM.owl#quinapril>	<http://www.w3.org/2002/07/owl#Class>
<https://bioportal.bioontology.org/ontologies/FTDM.owl#quinazoline_diuretic_product>	<http://www.w3.org/2002/07/owl#Class>
<https://bioportal.bioontology.org/ontologies/FTDM.owl#quinethazone>	<http://www.w3.org/2002/07/owl#Class>
<https://bioportal.bioontology.org/ontologies/FTDM.owl#ramipril>	<http://www.w3.org/2002/07/owl#Class>
<https://bioportal.bioontology.org/ontologies/FTDM.owl#ranolazine>	<http://www.w3.org/2002/07/owl#Class>
<https://bioportal.bioontology.org/ontologies/FTDM.owl#rauwolfia_alkaloid>	<http://www.w3.org/2002/07/owl#Class>
<https://bioportal.bioontology.org/ontologies/FTDM.owl#rectal_form_aminophylline>	<http://www.w3.org/2002/07/owl#Class>
<https://bioportal.bioontology.org/ontologies/FTDM.owl#rectal_form_glyceryl_trinitrate>	<http://www.w3.org/2002/07/owl#Class>
<https://bioportal.bioontology.org/ontologies/FTDM.owl#regular>	<http://www.w3.org/2002/07/owl#Class>
<https://bioportal.bioontology.org/ontologies/FTDM.owl#renin_inhibitor>	<http://www.w3.org/2002/07/owl#Class>
<https://bioportal.bioontology.org/ontologies/FTDM.owl#reserpine>	<http://www.w3.org/2002/07/owl#Class>
<https://bioportal.bioontology.org/ontologies/FTDM.owl#saluretic_drug>	<http://www.w3.org/2002/07/owl#Class>
<https://bioportal.bioontology.org/ontologies/FTDM.owl#sitaxentan>	<http://www.w3.org/2002/07/owl#Class>
<https://bioportal.bioontology.org/ontologies/FTDM.owl#sodium_nitroprusside>	<http://www.w3.org/2002/07/owl#Class>
<https://bioportal.bioontology.org/ontologies/FTDM.owl#spironolactone>	<http://www.w3.org/2002/07/owl#Class>
<https://bioportal.bioontology.org/ontologies/FTDM.owl#sterile_pyuria>	<http://www.w3.org/2002/07/owl#Class>
<https://bioportal.bioontology.org/ontologies/FTDM.owl#subacute_osteomyelitis>	<http://www.w3.org/2002/07/owl#Class>
<https://bioportal.bioontology.org/ontologies/FTDM.owl#sulfinpyrazone>	<http://www.w3.org/2002/07/owl#Class>
<https://bioportal.bioontology.org/ontologies/FTDM.owl#theophylline>	<http://www.w3.org/2002/07/owl#Class>
<https://bioportal.bioontology.org/ontologies/FTDM.owl#thiazide_diuretic>	<http://www.w3.org/2002/07/owl#Class>
<https://bioportal.bioontology.org/ontologies/FTDM.owl#tiotropium>	<http://www.w3.org/2002/07/owl#Class>
<https://bioportal.bioontology.org/ontologies/FTDM.owl#tolterodine>	<http://www.w3.org/2002/07/owl#Class>
<https://bioportal.bioontology.org/ontologies/FTDM.owl#tolterodine_m/r_capsule>	<http://www.w3.org/2002/07/owl#Class>
<https://bioportal.bioontology.org/ontologies/FTDM.owl#tolterodine_tartrate>	<http://www.w3.org/2002/07/owl#Class>
<https://bioportal.bioontology.org/ontologies/FTDM.owl#tolvaptan>	<http://www.w3.org/2002/07/owl#Class>
<https://bioportal.bioontology.org/ontologies/FTDM.owl#torsemide>	<http://www.w3.org/2002/07/owl#Class>
<https://bioportal.bioontology.org/ontologies/FTDM.owl#trandolapril>	<http://www.w3.org/2002/07/owl#Class>
<https://bioportal.bioontology.org/ontologies/FTDM.owl#treprostinil>	<http://www.w3.org/2002/07/owl#Class>
<https://bioportal.bioontology.org/ontologies/FTDM.owl#triamterene>	<http://www.w3.org/2002/07/owl#Class>
<https://bioportal.bioontology.org/ontologies/FTDM.owl#trichlormethiazide>	<http://www.w3.org/2002/07/owl#Class>
<https://bioportal.bioontology.org/ontologies/FTDM.owl#trihexyphenidyl>	<http://www.w3.org/2002/07/owl#Class>
<https://bioportal.bioontology.org/ontologies/FTDM.owl#trimethobenzamide>	<http://www.w3.org/2002/07/owl#Class>
<https://bioportal.bioontology.org/ontologies/FTDM.owl#triprolidine>	<http://www.w3.org/2002/07/owl#Class>
<https://bioportal.bioontology.org/ontologies/FTDM.owl#trospium>	<http://www.w3.org/2002/07/owl#Class>
<https://bioportal.bioontology.org/ontologies/FTDM.owl#twoShotsDaily>	<http://www.w3.org/2002/07/owl#Class>
<https://bioportal.bioontology.org/ontologies/FTDM.owl#vasodilating_agent>	<http://www.w3.org/2002/07/owl#Class>
<https://bioportal.bioontology.org/ontologies/FTDM.owl#vasodilator_antihypertensive_drugs>	<http://www.w3.org/2002/07/owl#Class>
<https://bioportal.bioontology.org/ontologies/FTDM.owl#xipamide>	<http://www.w3.org/2002/07/owl#Class>
<https://bioportal.bioontology.org/ontologies/FTDM.owl#yohimbine>	<http://www.w3.org/2002/07/owl#Class>
<https://bioportal.bioontology.org/ontologies/FTDM.owl#zofenopril>	<http://www.w3.org/2002/07/owl#Class>
<https://bioportal.bioontology.org/ontologies/FTDM.owl#zofenoprilat>	<http://www.w3.org/2002/07/owl#Class>
<https://bioportal.bioontology.org/ontologies/FTDM/GPB203_Micro>	<http://www.w3.org/2002/07/owl#Class>
<https://bioportal.bioontology.org/ontologies/FTDM/MLC815>	<http://www.w3.org/2002/07/owl#Class>
<https://bioportal.bioontology.org/ontologies/FTDM/YGX-CL928E>	<http://www.w3.org/2002/07/owl#Class>
<https://bioportal.bioontology.org/ontologies/FTDM/bodyWeightProperty>	<http://www.w3.org/2002/07/owl#Class>
<https://bioportal.bioontology.org/ontologies/FTDM/bodyWeightSensor>	<http://www.w3.org/2002/07/owl#Class>
<https://bioportal.bioontology.org/ontologies/FTDM/comparatorCode>	<http://www.w3.org/2002/07/owl#Class>
<https://bioportal.bioontology.org/ontologies/FTDM/drugs_used_to_treat_addiction>	<http://www.w3.org/2002/07/owl#Class>
<https://bioportal.bioontology.org/ontologies/FTDM/generalPractitioner>	<http://www.w3.org/2002/07/owl#Class>
<https://bioportal.bioontology.org/ontologies/FTDM/insulinResistant>	<http://www.w3.org/2002/07/owl#Class>
<https://bioportal.bioontology.org/ontologies/FTDM/insulin_NPH>	<http://www.w3.org/2002/07/owl#Class>
<https://bioportal.bioontology.org/ontologies/FTDM/methadone>	<http://www.w3.org/2002/07/owl#Class>
<https://bioportal.bioontology.org/ontologies/FTDM/nonInsulinResistant>	<http://www.w3.org/2002/07/owl#Class>
<https://bioportal.bioontology.org/ontologies/FTDM/patientContradictWithAspart>	<http://www.w3.org/2002/07/owl#Class>
<https://bioportal.bioontology.org/ontologies/FTDM/patientContradictWithDetemir>	<http://www.w3.org/2002/07/owl#Class>
<https://bioportal.bioontology.org/ontologies/FTDM/patientContradictWithGlargine>	<http://www.w3.org/2002/07/owl#Class>
<https://bioportal.bioontology.org/ontologies/FTDM/patientContradictWithGlulisine>	<http://www.w3.org/2002/07/owl#Class>
<https://bioportal.bioontology.org/ontologies/FTDM/patientContradictWithLispro>	<http://www.w3.org/2002/07/owl#Class>
<https://bioportal.bioontology.org/ontologies/FTDM/patientHasNoLongActingContradict>	<http://www.w3.org/2002/07/owl#Class>
<https://bioportal.bioontology.org/ontologies/FTDM/patientInHoneymoonPeriod>	<http://www.w3.org/2002/07/owl#Class>
<https://bioportal.bioontology.org/ontologies/FTDM/patientNOTInHoneymoonPeriod>	<http://www.w3.org/2002/07/owl#Class>
<https://bioportal.bioontology.org/ontologies/FTDM/tranquilizer>	<http://www.w3.org/2002/07/owl#Class>
<https://bioportal.bioontology.org/ontologies/FTDM/weightSensorOutput>	<http://www.w3.org/2002/07/owl#Class>
<https://bioportal.bioontology.org/ontologies/fhir.owl#glocoseSensorFrequency>	<http://www.w3.org/2002/07/owl#Class>
<https://bioportal.bioontology.org/ontologies/fhir.owl#glucoseLevelMeasurementCapability>	<http://www.w3.org/2002/07/owl#Class>
<https://bioportal.bioontology.org/ontologies/fhir.owl#humanBodyPart>	<http://www.w3.org/2002/07/owl#Class>
<https://bioportal.bioontology.org/ontologies/fhir.owl#livingOrganism>	<http://www.w3.org/2002/07/owl#Class>
<https://bioportal.bioontology.org/ontologies/fhir.owl#wearableSensorPlatform>	<http://www.w3.org/2002/07/owl#Class>
<https://bioportal.bioontology.org/ontologies/fhir.owl#wearableSystem>	<http://www.w3.org/2002/07/owl#Class>
<http://hl7.org/fhir/FHIRProperty>	<http://www.w3.org/2002/07/owl#DatatypeProperty>
<http://hl7.org/fhir/hasUoMCode>	<http://www.w3.org/2002/07/owl#DatatypeProperty>
<http://hl7.org/fhir/hasUoMDisplay>	<http://www.w3.org/2002/07/owl#DatatypeProperty>
<http://hl7.org/fhir/hasValue>	<http://www.w3.org/2002/07/owl#DatatypeProperty>
<http://purl.obolibrary.org/obo/DDO.owl#DDO_0000121>	<http://www.w3.org/2002/07/owl#DatatypeProperty>
<http://purl.obolibrary.org/obo/DDO.owl#DDO_0000122>	<http://www.w3.org/2002/07/owl#DatatypeProperty>
<http://purl.obolibrary.org/obo/DDO.owl#DDO_0000134>	<http://www.w3.org/2002/07/owl#DatatypeProperty>
<http://purl.obolibrary.org/obo/DDO.owl#DDO_0000138>	<http://www.w3.org/2002/07/owl#DatatypeProperty>
<http://purl.obolibrary.org/obo/DDO.owl#has_synonym>	<http://www.w3.org/2002/07/owl#DatatypeProperty>
<http://swrl.stanford.edu/ontologies/built-ins/3.3/temporal.owl#hasDay>	<http://www.w3.org/2002/07/owl#DatatypeProperty>
<http://swrl.stanford.edu/ontologies/built-ins/3.3/temporal.owl#hasFinishTime>	<http://www.w3.org/2002/07/owl#DatatypeProperty>
<http://swrl.stanford.edu/ontologies/built-ins/3.3/temporal.owl#hasHour>	<http://www.w3.org/2002/07/owl#DatatypeProperty>
<http://swrl.stanford.edu/ontologies/built-ins/3.3/temporal.owl#hasMinute>	<http://www.w3.org/2002/07/owl#DatatypeProperty>
<http://swrl.stanford.edu/ontologies/built-ins/3.3/temporal.owl#hasMonth>	<http://www.w3.org/2002/07/owl#DatatypeProperty>
<http://swrl.stanford.edu/ontologies/built-ins/3.3/temporal.owl#hasStartTime>	<http://www.w3.org/2002/07/owl#DatatypeProperty>
<http://swrl.stanford.edu/ontologies/built-ins/3.3/temporal.owl#hasTime>	<http://www.w3.org/2002/07/owl#DatatypeProperty>
<http://swrl.stanford.edu/ontologies/built-ins/3.3/temporal.owl#hasYear>	<http://www.w3.org/2002/07/owl#DatatypeProperty>
<http://www.w3.org/ns/ssn/FASTOOntologyProperty>	<http://www.w3.org/2002/07/owl#DatatypeProperty>
<http://www.w3.org/ns/ssn/hasDOB>	<http://www.w3.org/2002/07/owl#DatatypeProperty>
<http://www.w3.org/ns/ssn/hasEmail>	<http://www.w3.org/2002/07/owl#DatatypeProperty>
<http://www.w3.org/ns/ssn/hasFName>	<http://www.w3.org/2002/07/owl#DatatypeProperty>
<http://www.w3.org/ns/ssn/hasGender>	<http://www.w3.org/2002/07/owl#DatatypeProperty>
<http://www.w3.org/ns/ssn/hasLName>	<http://www.w3.org/2002/07/owl#DatatypeProperty>
<http://www.w3.org/ns/ssn/hasLatitude>	<http://www.w3.org/2002/07/owl#DatatypeProperty>
<http://www.w3.org/ns/ssn/hasLongitude>	<http://www.w3.org/2002/07/owl#DatatypeProperty>
<http://www.w3.org/ns/ssn/hasPhoneNumber>	<http://www.w3.org/2002/07/owl#DatatypeProperty>
<http://www.w3.org/ns/ssn/hasRangeMaxValueInclusive>	<http://www.w3.org/2002/07/owl#DatatypeProperty>
<http://www.w3.org/ns/ssn/hasRangeMinValueInclusive>	<http://www.w3.org/2002/07/owl#DatatypeProperty>
<http://www.w3.org/ns/ssn/hasRegionalDataValue>	<http://www.w3.org/2002/07/owl#DatatypeProperty>
<http://www.w3.org/ns/ssn/sensingDescription>	<http://www.w3.org/2002/07/owl#DatatypeProperty>
<http://www.w3.org/ns/ssn/sensorRelatedProperty>	<http://www.w3.org/2002/07/owl#DatatypeProperty>
<https://bioportal.bioontology.org/ontologies/FTDM.owl#DMTO_0000025>	<http://www.w3.org/2002/07/owl#DatatypeProperty>
<https://bioportal.bioontology.org/ontologies/FTDM.owl#DMTO_0000035>	<http://www.w3.org/2002/07/owl#DatatypeProperty>
<https://bioportal.bioontology.org/ontologies/FTDM.owl#DMTO_0000036>	<http://www.w3.org/2002/07/owl#DatatypeProperty>
<https://bioportal.bioontology.org/ontologies/FTDM.owl#DMTO_0000037>	<http://www.w3.org/2002/07/owl#DatatypeProperty>
<https://bioportal.bioontology.org/ontologies/FTDM.owl#DMTO_0001655>	<http://www.w3.org/2002/07/owl#DatatypeProperty>
<https://bioportal.bioontology.org/ontologies/FTDM.owl#DMTO_0001656>	<http://www.w3.org/2002/07/owl#DatatypeProperty>
<https://bioportal.bioontology.org/ontologies/FTDM.owl#DMTO_0001663>	<http://www.w3.org/2002/07/owl#DatatypeProperty>
<https://bioportal.bioontology.org/ontologies/FTDM.owl#DMTO_0001665>	<http://www.w3.org/2002/07/owl#DatatypeProperty>
<https://bioportal.bioontology.org/ontologies/FTDM.owl#DMTO_0001675>	<http://www.w3.org/2002/07/owl#DatatypeProperty>
<https://bioportal.bioontology.org/ontologies/FTDM.owl#DMTO_0001775>	<http://www.w3.org/2002/07/owl#DatatypeProperty>
<https://bioportal.bioontology.org/ontologies/FTDM.owl#DMTO_0001781>	<http://www.w3.org/2002/07/owl#DatatypeProperty>
<https://bioportal.bioontology.org/ontologies/FTDM.owl#DMTO_0001792>	<http://www.w3.org/2002/07/owl#DatatypeProperty>
<https://bioportal.bioontology.org/ontologies/FTDM.owl#DMTO_0001820>	<http://www.w3.org/2002/07/owl#DatatypeProperty>
<https://bioportal.bioontology.org/ontologies/FTDM.owl#DMTO_0001825>	<http://www.w3.org/2002/07/owl#DatatypeProperty>
<https://bioportal.bioontology.org/ontologies/FTDM.owl#DMTO_0001847>	<http://www.w3.org/2002/07/owl#DatatypeProperty>
<https://bioportal.bioontology.org/ontologies/FTDM.owl#DMTO_0001848>	<http://www.w3.org/2002/07/owl#DatatypeProperty>
<https://bioportal.bioontology.org/ontologies/FTDM.owl#DMTO_0001849>	<http://www.w3.org/2002/07/owl#DatatypeProperty>
<https://bioportal.bioontology.org/ontologies/FTDM.owl#DMTO_0001850>	<http://www.w3.org/2002/07/owl#DatatypeProperty>
<https://bioportal.bioontology.org/ontologies/FTDM.owl#DMTO_0001851>	<http://www.w3.org/2002/07/owl#DatatypeProperty>
<https://bioportal.bioontology.org/ontologies/FTDM.owl#DMTO_0001975>	<http://www.w3.org/2002/07/owl#DatatypeProperty>
<https://bioportal.bioontology.org/ontologies/FTDM.owl#DMTO_0002045>	<http://www.w3.org/2002/07/owl#DatatypeProperty>
<https://bioportal.bioontology.org/ontologies/FTDM.owl#DMTO_0002060>	<http://www.w3.org/2002/07/owl#DatatypeProperty>
<https://bioportal.bioontology.org/ontologies/FTDM.owl#DMTO_0002061>	<http://www.w3.org/2002/07/owl#DatatypeProperty>
<https://bioportal.bioontology.org/ontologies/FTDM.owl#DMTO_0002063>	<http://www.w3.org/2002/07/owl#DatatypeProperty>
<https://bioportal.bioontology.org/ontologies/FTDM.owl#DMTO_0002074>	<http://www.w3.org/2002/07/owl#DatatypeProperty>
<https://bioportal.bioontology.org/ontologies/FTDM.owl#DMTO_0002075>	<http://www.w3.org/2002/07/owl#DatatypeProperty>
<https://bioportal.bioontology.org/ontologies/FTDM.owl#DMTO_0002098>	<http://www.w3.org/2002/07/owl#DatatypeProperty>
<https://bioportal.bioontology.org/ontologies/FTDM.owl#DMTO_0002099>	<http://www.w3.org/2002/07/owl#DatatypeProperty>
<https://bioportal.bioontology.org/ontologies/FTDM.owl#DMTO_0002116>	<http://www.w3.org/2002/07/owl#DatatypeProperty>
<https://bioportal.bioontology.org/ontologies/FTDM.owl#DMTO_0002117>	<http://www.w3.org/2002/07/owl#DatatypeProperty>
<https://bioportal.bioontology.org/ontologies/FTDM.owl#DMTO_0002118>	<http://www.w3.org/2002/07/owl#DatatypeProperty>
<https://bioportal.bioontology.org/ontologies/FTDM.owl#DMTO_0002119>	<http://www.w3.org/2002/07/owl#DatatypeProperty>
<https://bioportal.bioontology.org/ontologies/FTDM.owl#DMTO_0002120>	<http://www.w3.org/2002/07/owl#DatatypeProperty>
<https://bioportal.bioontology.org/ontologies/FTDM.owl#DMTO_0002121>	<http://www.w3.org/2002/07/owl#DatatypeProperty>
<https://bioportal.bioontology.org/ontologies/FTDM.owl#DMTO_0002122>	<http://www.w3.org/2002/07/owl#DatatypeProperty>
<https://bioportal.bioontology.org/ontologies/FTDM.owl#DMTO_0002123>	<http://www.w3.org/2002/07/owl#DatatypeProperty>
<https://bioportal.bioontology.org/ontologies/FTDM.owl#DMTO_0002124>	<http://www.w3.org/2002/07/owl#DatatypeProperty>
<https://bioportal.bioontology.org/ontologies/FTDM.owl#DMTO_0002135>	<http://www.w3.org/2002/07/owl#DatatypeProperty>
<https://bioportal.bioontology.org/ontologies/FTDM.owl#DMTO_0002155>	<http://www.w3.org/2002/07/owl#DatatypeProperty>
<https://bioportal.bioontology.org/ontologies/FTDM.owl#DMTO_0002156>	<http://www.w3.org/2002/07/owl#DatatypeProperty>
<https://bioportal.bioontology.org/ontologies/FTDM.owl#DMTO_0002157>	<http://www.w3.org/2002/07/owl#DatatypeProperty>
<https://bioportal.bioontology.org/ontologies/FTDM.owl#DMTO_0002158>	<http://www.w3.org/2002/07/owl#DatatypeProperty>
<https://bioportal.bioontology.org/ontologies/FTDM.owl#DMTO_0002169>	<http://www.w3.org/2002/07/owl#DatatypeProperty>
<https://bioportal.bioontology.org/ontologies/FTDM.owl#DMTO_0002171>	<http://www.w3.org/2002/07/owl#DatatypeProperty>
<https://bioportal.bioontology.org/ontologies/FTDM.owl#DMTO_0002178>	<http://www.w3.org/2002/07/owl#DatatypeProperty>
<https://bioportal.bioontology.org/ontologies/FTDM.owl#DMTO_0002185>	<http://www.w3.org/2002/07/owl#DatatypeProperty>
<https://bioportal.bioontology.org/ontologies/FTDM.owl#DMTO_0002186>	<http://www.w3.org/2002/07/owl#DatatypeProperty>
<https://bioportal.bioontology.org/ontologies/FTDM.owl#DMTO_0002206>	<http://www.w3.org/2002/07/owl#DatatypeProperty>
<https://bioportal.bioontology.org/ontologies/FTDM.owl#DMTO_0002215>	<http://www.w3.org/2002/07/owl#DatatypeProperty>
<https://bioportal.bioontology.org/ontologies/FTDM.owl#DMTO_0002216>	<http://www.w3.org/2002/07/owl#DatatypeProperty>
<https://bioportal.bioontology.org/ontologies/FTDM.owl#DMTO_0002217>	<http://www.w3.org/2002/07/owl#DatatypeProperty>
<https://bioportal.bioontology.org/ontologies/FTDM.owl#DMTO_0002218>	<http://www.w3.org/2002/07/owl#DatatypeProperty>
<https://bioportal.bioontology.org/ontologies/FTDM.owl#DMTO_0002226>	<http://www.w3.org/2002/07/owl#DatatypeProperty>
<https://bioportal.bioontology.org/ontologies/FTDM.owl#DMTO_0002227>	<http://www.w3.org/2002/07/owl#DatatypeProperty>
<https://bioportal.bioontology.org/ontologies/FTDM.owl#DMTO_0002228>	<http://www.w3.org/2002/07/owl#DatatypeProperty>
<https://bioportal.bioontology.org/ontologies/FTDM.owl#DMTO_0002229>	<http://www.w3.org/2002/07/owl#DatatypeProperty>
<https://bioportal.bioontology.org/ontologies/FTDM.owl#FOTDO_000000>	<http://www.w3.org/2002/07/owl#DatatypeProperty>
<https://bioportal.bioontology.org/ontologies/FTDM.owl#FOTDO_000001>	<http://www.w3.org/2002/07/owl#DatatypeProperty>
<https://bioportal.bioontology.org/ontologies/FTDM.owl#FOTDO_000005>	<http://www.w3.org/2002/07/owl#DatatypeProperty>
<https://bioportal.bioontology.org/ontologies/FTDM.owl#TIME:0000005>	<http://www.w3.org/2002/07/owl#DatatypeProperty>
<https://bioportal.bioontology.org/ontologies/FTDM.owl#hasHeight>	<http://www.w3.org/2002/07/owl#DatatypeProperty>
<https://bioportal.bioontology.org/ontologies/FTDM.owl#hasPatientID>	<http://www.w3.org/2002/07/owl#DatatypeProperty>
<https://bioportal.bioontology.org/ontologies/FTDM.owl#hasQuantityInGrams>	<http://www.w3.org/2002/07/owl#DatatypeProperty>
<https://bioportal.bioontology.org/ontologies/FTDM.owl#hasSensorID>	<http://www.w3.org/2002/07/owl#DatatypeProperty>
<https://bioportal.bioontology.org/ontologies/FTDM.owl#hasTotalCarbsInGrams>	<http://www.w3.org/2002/07/owl#DatatypeProperty>
<https://bioportal.bioontology.org/ontologies/FTDM.owl#hasTotalDailyDose>	<http://www.w3.org/2002/07/owl#DatatypeProperty>
<https://bioportal.bioontology.org/ontologies/FTDM.owl#hasTypeOfInjectionTherapy>	<http://www.w3.org/2002/07/owl#DatatypeProperty>
<https://bioportal.bioontology.org/ontologies/FTDM.owl#hasWBANID>	<http://www.w3.org/2002/07/owl#DatatypeProperty>
<https://bioportal.bioontology.org/ontologies/FTDM.owl#hasWeight>	<http://www.w3.org/2002/07/owl#DatatypeProperty>
<https://bioportal.bioontology.org/ontologies/FTDM.owl#has_diastolic_blood_pressure>	<http://www.w3.org/2002/07/owl#DatatypeProperty>
<https://bioportal.bioontology.org/ontologies/FTDM.owl#has_emergency_contact>	<http://www.w3.org/2002/07/owl#DatatypeProperty>
<https://bioportal.bioontology.org/ontologies/FTDM.owl#has_end>	<http://www.w3.org/2002/07/owl#DatatypeProperty>
<https://bioportal.bioontology.org/ontologies/FTDM.owl#has_hypoglycemic_risk_level>	<http://www.w3.org/2002/07/owl#DatatypeProperty>
<https://bioportal.bioontology.org/ontologies/FTDM.owl#has_insulin_factor_time>	<http://www.w3.org/2002/07/owl#DatatypeProperty>
<https://bioportal.bioontology.org/ontologies/FTDM.owl#has_insulin_factor_value>	<http://www.w3.org/2002/07/owl#DatatypeProperty>
<https://bioportal.bioontology.org/ontologies/FTDM.owl#has_premixed_first_shot_dose>	<http://www.w3.org/2002/07/owl#DatatypeProperty>
<https://bioportal.bioontology.org/ontologies/FTDM.owl#has_premixed_second_shot_dose>	<http://www.w3.org/2002/07/owl#DatatypeProperty>
<https://bioportal.bioontology.org/ontologies/FTDM.owl#has_premixed_third_shot_dose>	<http://www.w3.org/2002/07/owl#DatatypeProperty>
<https://bioportal.bioontology.org/ontologies/FTDM.owl#has_real_time_glucose_level>	<http://www.w3.org/2002/07/owl#DatatypeProperty>
<https://bioportal.bioontology.org/ontologies/FTDM.owl#has_start>	<http://www.w3.org/2002/07/owl#DatatypeProperty>
<https://bioportal.bioontology.org/ontologies/FTDM.owl#has_systolic_blood_pressure>	<http://www.w3.org/2002/07/owl#DatatypeProperty>
<https://bioportal.bioontology.org/ontologies/FTDM.owl#when_to_take>	<http://www.w3.org/2002/07/owl#DatatypeProperty>
<https://bioportal.bioontology.org/ontologies/FTDM/hasActivityLevel>	<http://www.w3.org/2002/07/owl#DatatypeProperty>
<https://bioportal.bioontology.org/ontologies/FTDM/hasBasalInsulinPercentage>	<http://www.w3.org/2002/07/owl#DatatypeProperty>
<https://bioportal.bioontology.org/ontologies/FTDM/hasBasalInsulinUnits>	<http://www.w3.org/2002/07/owl#DatatypeProperty>
<https://bioportal.bioontology.org/ontologies/FTDM/hasBolusInsulinPercentage>	<http://www.w3.org/2002/07/owl#DatatypeProperty>
<https://bioportal.bioontology.org/ontologies/FTDM/hasBolusInsulinUnits>	<http://www.w3.org/2002/07/owl#DatatypeProperty>
<https://bioportal.bioontology.org/ontologies/FTDM/hasCarbsInsulinUnits>	<http://www.w3.org/2002/07/owl#DatatypeProperty>
<https://bioportal.bioontology.org/ontologies/FTDM/hasCorrectionInsulinUnits>	<http://www.w3.org/2002/07/owl#DatatypeProperty>
<https://bioportal.bioontology.org/ontologies/FTDM/hasFatsPerGramOfFood>	<http://www.w3.org/2002/07/owl#DatatypeProperty>
<https://bioportal.bioontology.org/ontologies/FTDM/hasGlucoseBehaviorBeforeBedTime>	<http://www.w3.org/2002/07/owl#DatatypeProperty>
<https://bioportal.bioontology.org/ontologies/FTDM/hasGlucoseBehaviorBeforeBreakfast>	<http://www.w3.org/2002/07/owl#DatatypeProperty>
<https://bioportal.bioontology.org/ontologies/FTDM/hasGlucoseBehaviorBeforeDinner>	<http://www.w3.org/2002/07/owl#DatatypeProperty>
<https://bioportal.bioontology.org/ontologies/FTDM/hasGlucoseBehaviorBeforeLunch>	<http://www.w3.org/2002/07/owl#DatatypeProperty>
<https://bioportal.bioontology.org/ontologies/FTDM/hasHistoryOfHyperglycemia>	<http://www.w3.org/2002/07/owl#DatatypeProperty>
<https://bioportal.bioontology.org/ontologies/FTDM/hasHistoryOfHypoglycemia>	<http://www.w3.org/2002/07/owl#DatatypeProperty>
<https://bioportal.bioontology.org/ontologies/FTDM/hasKiloCaloriesPerGramOfFood>	<http://www.w3.org/2002/07/owl#DatatypeProperty>
<https://bioportal.bioontology.org/ontologies/FTDM/hasPreferedInsulinRegimen>	<http://www.w3.org/2002/07/owl#DatatypeProperty>
<https://bioportal.bioontology.org/ontologies/FTDM/hasProteinsPerGramOfFood>	<http://www.w3.org/2002/07/owl#DatatypeProperty>
<https://bioportal.bioontology.org/ontologies/FTDM/hasTotalInsulin>	<http://www.w3.org/2002/07/owl#DatatypeProperty>
<https://bioportal.bioontology.org/ontologies/FTDM/hasWeightToTDDfactor>	<http://www.w3.org/2002/07/owl#DatatypeProperty>
<https://bioportal.bioontology.org/ontologies/FTDM/has_regimen_name>	<http://www.w3.org/2002/07/owl#DatatypeProperty>
<https://bioportal.bioontology.org/ontologies/FTDM/isInsulinResistant>	<http://www.w3.org/2002/07/owl#DatatypeProperty>
<https://bioportal.bioontology.org/ontologies/FTDM/isPragnant>	<http://www.w3.org/2002/07/owl#DatatypeProperty>
<https://bioportal.bioontology.org/ontologies/fhir.owl#hasNodeID>	<http://www.w3.org/2002/07/owl#DatatypeProperty>
<http://hl7.org/fhir/Address.city>	<http://www.w3.org/2002/07/owl#ObjectProperty>
<http://hl7.org/fhir/Address.country>	<http://www.w3.org/2002/07/owl#ObjectProperty>
<http://hl7.org/fhir/Address.district>	<http://www.w3.org/2002/07/owl#ObjectProperty>
<http://hl7.org/fhir/Address.line>	<http://www.w3.org/2002/07/owl#ObjectProperty>
<http://hl7.org/fhir/Address.period>	<http://www.w3.org/2002/07/owl#ObjectProperty>
<http://hl7.org/fhir/Address.postalCode>	<http://www.w3.org/2002/07/owl#ObjectProperty>
<http://hl7.org/fhir/Address.state>	<http://www.w3.org/2002/07/owl#ObjectProperty>
<http://hl7.org/fhir/Address.text>	<http://www.w3.org/2002/07/owl#ObjectProperty>
<http://hl7.org/fhir/Address.type>	<http://www.w3.org/2002/07/owl#ObjectProperty>
<http://hl7.org/fhir/Address.use>	<http://www.w3.org/2002/07/owl#ObjectProperty>
<http://hl7.org/fhir/AdverseEvent.date>	<http://www.w3.org/2002/07/owl#ObjectProperty>
<http://hl7.org/fhir/AdverseEvent.outcome>	<http://www.w3.org/2002/07/owl#ObjectProperty>
<http://hl7.org/fhir/AdverseEvent.reaction>	<http://www.w3.org/2002/07/owl#ObjectProperty>
<http://hl7.org/fhir/AdverseEvent.seriousness>	<http://www.w3.org/2002/07/owl#ObjectProperty>
<http://hl7.org/fhir/AdverseEvent.subject>	<http://www.w3.org/2002/07/owl#ObjectProperty>
<http://hl7.org/fhir/AdverseEvent.suspectEntity.causality>	<http://www.w3.org/2002/07/owl#ObjectProperty>
<http://hl7.org/fhir/AdverseEvent.suspectEntity.causalityAssessment>	<http://www.w3.org/2002/07/owl#ObjectProperty>
<http://hl7.org/fhir/AdverseEvent.suspectEntity.causalityAuthor>	<http://www.w3.org/2002/07/owl#ObjectProperty>
<http://hl7.org/fhir/AdverseEvent.suspectEntity.causalityMethod>	<http://www.w3.org/2002/07/owl#ObjectProperty>
<http://hl7.org/fhir/AdverseEvent.suspectEntity.causalityProductRelatedness>	<http://www.w3.org/2002/07/owl#ObjectProperty>
<http://hl7.org/fhir/AdverseEvent.suspectEntity.causalityResult>	<http://www.w3.org/2002/07/owl#ObjectProperty>
<http://hl7.org/fhir/AdverseEvent.suspectEntity.instance>	<http://www.w3.org/2002/07/owl#ObjectProperty>
<http://hl7.org/fhir/AdverseEvent.type>	<http://www.w3.org/2002/07/owl#ObjectProperty>
<http://hl7.org/fhir/AllergyIntolerance.assertedDate>	<http://www.w3.org/2002/07/owl#ObjectProperty>
<http://hl7.org/fhir/AllergyIntolerance.category>	<http://www.w3.org/2002/07/owl#ObjectProperty>
<http://hl7.org/fhir/AllergyIntolerance.clinicalStatus>	<http://www.w3.org/2002/07/owl#ObjectProperty>
<http://hl7.org/fhir/AllergyIntolerance.code>	<http://www.w3.org/2002/07/owl#ObjectProperty>
<http://hl7.org/fhir/AllergyIntolerance.criticality>	<http://www.w3.org/2002/07/owl#ObjectProperty>
<http://hl7.org/fhir/AllergyIntolerance.lastOccurrence>	<http://www.w3.org/2002/07/owl#ObjectProperty>
<http://hl7.org/fhir/AllergyIntolerance.onsetAge>	<http://www.w3.org/2002/07/owl#ObjectProperty>
<http://hl7.org/fhir/AllergyIntolerance.onsetDateTime>	<http://www.w3.org/2002/07/owl#ObjectProperty>
<http://hl7.org/fhir/AllergyIntolerance.onsetPeriod>	<http://www.w3.org/2002/07/owl#ObjectProperty>
<http://hl7.org/fhir/AllergyIntolerance.onsetRange>	<http://www.w3.org/2002/07/owl#ObjectProperty>
<http://hl7.org/fhir/AllergyIntolerance.onsetString>	<http://www.w3.org/2002/07/owl#ObjectProperty>
<http://hl7.org/fhir/AllergyIntolerance.patient>	<http://www.w3.org/2002/07/owl#ObjectProperty>
<http://hl7.org/fhir/AllergyIntolerance.reaction.exposureRoute>	<http://www.w3.org/2002/07/owl#ObjectProperty>
<http://hl7.org/fhir/AllergyIntolerance.reaction.manifestation>	<http://www.w3.org/2002/07/owl#ObjectProperty>
<http://hl7.org/fhir/AllergyIntolerance.reaction.onset>	<http://www.w3.org/2002/07/owl#ObjectProperty>
<http://hl7.org/fhir/AllergyIntolerance.reaction.severity>	<http://www.w3.org/2002/07/owl#ObjectProperty>
<http://hl7.org/fhir/AllergyIntolerance.reaction.substance>	<http://www.w3.org/2002/07/owl#ObjectProperty>
<http://hl7.org/fhir/AllergyIntolerance.recorder>	<http://www.w3.org/2002/07/owl#ObjectProperty>
<http://hl7.org/fhir/AllergyIntolerance.type>	<http://www.w3.org/2002/07/owl#ObjectProperty>
<http://hl7.org/fhir/Attachment.contentType>	<http://www.w3.org/2002/07/owl#ObjectProperty>
<http://hl7.org/fhir/Attachment.creation>	<http://www.w3.org/2002/07/owl#ObjectProperty>
<http://hl7.org/fhir/Attachment.data>	<http://www.w3.org/2002/07/owl#ObjectProperty>
<http://hl7.org/fhir/Attachment.hash>	<http://www.w3.org/2002/07/owl#ObjectProperty>
<http://hl7.org/fhir/Attachment.language>	<http://www.w3.org/2002/07/owl#ObjectProperty>
<http://hl7.org/fhir/Attachment.size>	<http://www.w3.org/2002/07/owl#ObjectProperty>
<http://hl7.org/fhir/Attachment.title>	<http://www.w3.org/2002/07/owl#ObjectProperty>
<http://hl7.org/fhir/Attachment.url>	<http://www.w3.org/2002/07/owl#ObjectProperty>
<http://hl7.org/fhir/BodySite.code>	<http://www.w3.org/2002/07/owl#ObjectProperty>
<http://hl7.org/fhir/BodySite.patient>	<http://www.w3.org/2002/07/owl#ObjectProperty>
<http://hl7.org/fhir/BodySite.qualifier>	<http://www.w3.org/2002/07/owl#ObjectProperty>
<http://hl7.org/fhir/CarePlan.HbA1C.goal>	<http://www.w3.org/2002/07/owl#ObjectProperty>
<http://hl7.org/fhir/CarePlan.activity>	<http://www.w3.org/2002/07/owl#ObjectProperty>
<http://hl7.org/fhir/CarePlan.activity.detail>	<http://www.w3.org/2002/07/owl#ObjectProperty>
<http://hl7.org/fhir/CarePlan.activity.detail.category>	<http://www.w3.org/2002/07/owl#ObjectProperty>
<http://hl7.org/fhir/CarePlan.activity.detail.code>	<http://www.w3.org/2002/07/owl#ObjectProperty>
<http://hl7.org/fhir/CarePlan.activity.detail.dailyAmount>	<http://www.w3.org/2002/07/owl#ObjectProperty>
<http://hl7.org/fhir/CarePlan.activity.detail.goal>	<http://www.w3.org/2002/07/owl#ObjectProperty>
<http://hl7.org/fhir/CarePlan.activity.detail.location>	<http://www.w3.org/2002/07/owl#ObjectProperty>
<http://hl7.org/fhir/CarePlan.activity.detail.performer>	<http://www.w3.org/2002/07/owl#ObjectProperty>
<http://hl7.org/fhir/CarePlan.activity.detail.productCodeableConcept>	<http://www.w3.org/2002/07/owl#ObjectProperty>
<http://hl7.org/fhir/CarePlan.activity.detail.productReference>	<http://www.w3.org/2002/07/owl#ObjectProperty>
<http://hl7.org/fhir/CarePlan.activity.detail.quantity>	<http://www.w3.org/2002/07/owl#ObjectProperty>
<http://hl7.org/fhir/CarePlan.activity.detail.reasonCode>	<http://www.w3.org/2002/07/owl#ObjectProperty>
<http://hl7.org/fhir/CarePlan.activity.detail.reasonReference>	<http://www.w3.org/2002/07/owl#ObjectProperty>
<http://hl7.org/fhir/CarePlan.activity.detail.scheduledPeriod>	<http://www.w3.org/2002/07/owl#ObjectProperty>
<http://hl7.org/fhir/CarePlan.activity.detail.scheduledString>	<http://www.w3.org/2002/07/owl#ObjectProperty>
<http://hl7.org/fhir/CarePlan.activity.detail.scheduledTiming>	<http://www.w3.org/2002/07/owl#ObjectProperty>
<http://hl7.org/fhir/CarePlan.activity.detail.status>	<http://www.w3.org/2002/07/owl#ObjectProperty>
<http://hl7.org/fhir/CarePlan.activity.detail.statusReason>	<http://www.w3.org/2002/07/owl#ObjectProperty>
<http://hl7.org/fhir/CarePlan.activity.outcomeCodeableConcept>	<http://www.w3.org/2002/07/owl#ObjectProperty>
<http://hl7.org/fhir/CarePlan.activity.reference>	<http://www.w3.org/2002/07/owl#ObjectProperty>
<http://hl7.org/fhir/CarePlan.addresses>	<http://www.w3.org/2002/07/owl#ObjectProperty>
<http://hl7.org/fhir/CarePlan.author>	<http://www.w3.org/2002/07/owl#ObjectProperty>
<http://hl7.org/fhir/CarePlan.basedOn>	<http://www.w3.org/2002/07/owl#ObjectProperty>
<http://hl7.org/fhir/CarePlan.bloodGlucoseLevel.goal>	<http://www.w3.org/2002/07/owl#ObjectProperty>
<http://hl7.org/fhir/CarePlan.bloodPressure.goal>	<http://www.w3.org/2002/07/owl#ObjectProperty>
<http://hl7.org/fhir/CarePlan.careTeam>	<http://www.w3.org/2002/07/owl#ObjectProperty>
<http://hl7.org/fhir/CarePlan.category>	<http://www.w3.org/2002/07/owl#ObjectProperty>
<http://hl7.org/fhir/CarePlan.context>	<http://www.w3.org/2002/07/owl#ObjectProperty>
<http://hl7.org/fhir/CarePlan.dailyPerMealGlucoseLevel.goal>	<http://www.w3.org/2002/07/owl#ObjectProperty>
<http://hl7.org/fhir/CarePlan.goal>	<http://www.w3.org/2002/07/owl#ObjectProperty>
<http://hl7.org/fhir/CarePlan.partOf>	<http://www.w3.org/2002/07/owl#ObjectProperty>
<http://hl7.org/fhir/CarePlan.period>	<http://www.w3.org/2002/07/owl#ObjectProperty>
<http://hl7.org/fhir/CarePlan.replaces>	<http://www.w3.org/2002/07/owl#ObjectProperty>
<http://hl7.org/fhir/CarePlan.status>	<http://www.w3.org/2002/07/owl#ObjectProperty>
<http://hl7.org/fhir/CarePlan.subject>	<http://www.w3.org/2002/07/owl#ObjectProperty>
<http://hl7.org/fhir/CarePlan.title>	<http://www.w3.org/2002/07/owl#ObjectProperty>
<http://hl7.org/fhir/CarePlan.weight.goal>	<http://www.w3.org/2002/07/owl#ObjectProperty>
<http://hl7.org/fhir/CareTeam.category>	<http://www.w3.org/2002/07/owl#ObjectProperty>
<http://hl7.org/fhir/CareTeam.context>	<http://www.w3.org/2002/07/owl#ObjectProperty>
<http://hl7.org/fhir/CareTeam.managingOrganization>	<http://www.w3.org/2002/07/owl#ObjectProperty>
<http://hl7.org/fhir/CareTeam.name>	<http://www.w3.org/2002/07/owl#ObjectProperty>
<http://hl7.org/fhir/CareTeam.participant>	<http://www.w3.org/2002/07/owl#ObjectProperty>
<http://hl7.org/fhir/CareTeam.participant.member>	<http://www.w3.org/2002/07/owl#ObjectProperty>
<http://hl7.org/fhir/CareTeam.participant.onBehalfOf>	<http://www.w3.org/2002/07/owl#ObjectProperty>
<http://hl7.org/fhir/CareTeam.participant.period>	<http://www.w3.org/2002/07/owl#ObjectProperty>
<http://hl7.org/fhir/CareTeam.participant.role>	<http://www.w3.org/2002/07/owl#ObjectProperty>
<http://hl7.org/fhir/CareTeam.period>	<http://www.w3.org/2002/07/owl#ObjectProperty>
<http://hl7.org/fhir/CareTeam.reasonCode>	<http://www.w3.org/2002/07/owl#ObjectProperty>
<http://hl7.org/fhir/CareTeam.reasonReference>	<http://www.w3.org/2002/07/owl#ObjectProperty>
<http://hl7.org/fhir/CareTeam.status>	<http://www.w3.org/2002/07/owl#ObjectProperty>
<http://hl7.org/fhir/CareTeam.subject>	<http://www.w3.org/2002/07/owl#ObjectProperty>
<http://hl7.org/fhir/CodeableConcept.coding>	<http://www.w3.org/2002/07/owl#ObjectProperty>
<http://hl7.org/fhir/CodeableConcept.text>	<http://www.w3.org/2002/07/owl#ObjectProperty>
<http://hl7.org/fhir/Coding.code>	<http://www.w3.org/2002/07/owl#ObjectProperty>
<http://hl7.org/fhir/Coding.display>	<http://www.w3.org/2002/07/owl#ObjectProperty>
<http://hl7.org/fhir/Coding.system>	<http://www.w3.org/2002/07/owl#ObjectProperty>
<http://hl7.org/fhir/Coding.userSelected>	<http://www.w3.org/2002/07/owl#ObjectProperty>
<http://hl7.org/fhir/Coding.version>	<http://www.w3.org/2002/07/owl#ObjectProperty>
<http://hl7.org/fhir/Condition.abatementAge>	<http://www.w3.org/2002/07/owl#ObjectProperty>
<http://hl7.org/fhir/Condition.abatementBoolean>	<http://www.w3.org/2002/07/owl#ObjectProperty>
<http://hl7.org/fhir/Condition.abatementDateTime>	<http://www.w3.org/2002/07/owl#ObjectProperty>
<http://hl7.org/fhir/Condition.abatementPeriod>	<http://www.w3.org/2002/07/owl#ObjectProperty>
<http://hl7.org/fhir/Condition.abatementRange>	<http://www.w3.org/2002/07/owl#ObjectProperty>
<http://hl7.org/fhir/Condition.abatementString>	<http://www.w3.org/2002/07/owl#ObjectProperty>
<http://hl7.org/fhir/Condition.assertedDate>	<http://www.w3.org/2002/07/owl#ObjectProperty>
<http://hl7.org/fhir/Condition.asserter>	<http://www.w3.org/2002/07/owl#ObjectProperty>
<http://hl7.org/fhir/Condition.bodySite>	<http://www.w3.org/2002/07/owl#ObjectProperty>
<http://hl7.org/fhir/Condition.category>	<http://www.w3.org/2002/07/owl#ObjectProperty>
<http://hl7.org/fhir/Condition.clinicalStatus>	<http://www.w3.org/2002/07/owl#ObjectProperty>
<http://hl7.org/fhir/Condition.code>	<http://www.w3.org/2002/07/owl#ObjectProperty>
<http://hl7.org/fhir/Condition.context>	<http://www.w3.org/2002/07/owl#ObjectProperty>
<http://hl7.org/fhir/Condition.evidence.code>	<http://www.w3.org/2002/07/owl#ObjectProperty>
<http://hl7.org/fhir/Condition.onsetAge>	<http://www.w3.org/2002/07/owl#ObjectProperty>
<http://hl7.org/fhir/Condition.onsetDateTime>	<http://www.w3.org/2002/07/owl#ObjectProperty>
<http://hl7.org/fhir/Condition.onsetPeriod>	<http://www.w3.org/2002/07/owl#ObjectProperty>
<http://hl7.org/fhir/Condition.onsetRange>	<http://www.w3.org/2002/07/owl#ObjectProperty>
<http://hl7.org/fhir/Condition.onsetString>	<http://www.w3.org/2002/07/owl#ObjectProperty>
<http://hl7.org/fhir/Condition.severity>	<http://www.w3.org/2002/07/owl#ObjectProperty>
<http://hl7.org/fhir/Condition.stage.assessment>	<http://www.w3.org/2002/07/owl#ObjectProperty>
<http://hl7.org/fhir/Condition.subject>	<http://www.w3.org/2002/07/owl#ObjectProperty>
<http://hl7.org/fhir/ContactPoint.period>	<http://www.w3.org/2002/07/owl#ObjectProperty>
<http://hl7.org/fhir/ContactPoint.rank>	<http://www.w3.org/2002/07/owl#ObjectProperty>
<http://hl7.org/fhir/ContactPoint.system>	<http://www.w3.org/2002/07/owl#ObjectProperty>
<http://hl7.org/fhir/ContactPoint.use>	<http://www.w3.org/2002/07/owl#ObjectProperty>
<http://hl7.org/fhir/ContactPoint.value>	<http://www.w3.org/2002/07/owl#ObjectProperty>
<http://hl7.org/fhir/Device.expirationDate>	<http://www.w3.org/2002/07/owl#ObjectProperty>
<http://hl7.org/fhir/Device.lotNumber>	<http://www.w3.org/2002/07/owl#ObjectProperty>
<http://hl7.org/fhir/Device.manufactureDate>	<http://www.w3.org/2002/07/owl#ObjectProperty>
<http://hl7.org/fhir/Device.manufacturer>	<http://www.w3.org/2002/07/owl#ObjectProperty>
<http://hl7.org/fhir/Device.model>	<http://www.w3.org/2002/07/owl#ObjectProperty>
<http://hl7.org/fhir/Device.status>	<http://www.w3.org/2002/07/owl#ObjectProperty>
<http://hl7.org/fhir/Device.type>	<http://www.w3.org/2002/07/owl#ObjectProperty>
<http://hl7.org/fhir/Device.version>	<http://www.w3.org/2002/07/owl#ObjectProperty>
<http://hl7.org/fhir/Dosage.additionalInstruction>	<http://www.w3.org/2002/07/owl#ObjectProperty>
<http://hl7.org/fhir/Dosage.asNeededBoolean>	<http://www.w3.org/2002/07/owl#ObjectProperty>
<http://hl7.org/fhir/Dosage.asNeededCodeableConcept>	<http://www.w3.org/2002/07/owl#ObjectProperty>
<http://hl7.org/fhir/Dosage.doseRange>	<http://www.w3.org/2002/07/owl#ObjectProperty>
<http://hl7.org/fhir/Dosage.doseSimpleQuantity>	<http://www.w3.org/2002/07/owl#ObjectProperty>
<http://hl7.org/fhir/Dosage.maxDosePerAdministration>	<http://www.w3.org/2002/07/owl#ObjectProperty>
<http://hl7.org/fhir/Dosage.maxDosePerLifetime>	<http://www.w3.org/2002/07/owl#ObjectProperty>
<http://hl7.org/fhir/Dosage.maxDosePerPeriod>	<http://www.w3.org/2002/07/owl#ObjectProperty>
<http://hl7.org/fhir/Dosage.method>	<http://www.w3.org/2002/07/owl#ObjectProperty>
<http://hl7.org/fhir/Dosage.patientInstruction>	<http://www.w3.org/2002/07/owl#ObjectProperty>
<http://hl7.org/fhir/Dosage.rateRange>	<http://www.w3.org/2002/07/owl#ObjectProperty>
<http://hl7.org/fhir/Dosage.rateRatio>	<http://www.w3.org/2002/07/owl#ObjectProperty>
<http://hl7.org/fhir/Dosage.rateSimpleQuantity>	<http://www.w3.org/2002/07/owl#ObjectProperty>
<http://hl7.org/fhir/Dosage.route>	<http://www.w3.org/2002/07/owl#ObjectProperty>
<http://hl7.org/fhir/Dosage.sequence>	<http://www.w3.org/2002/07/owl#ObjectProperty>
<http://hl7.org/fhir/Dosage.site>	<http://www.w3.org/2002/07/owl#ObjectProperty>
<http://hl7.org/fhir/Dosage.text>	<http://www.w3.org/2002/07/owl#ObjectProperty>
<http://hl7.org/fhir/Dosage.timing>	<http://www.w3.org/2002/07/owl#ObjectProperty>
<http://hl7.org/fhir/Element.id>	<http://www.w3.org/2002/07/owl#ObjectProperty>
<http://hl7.org/fhir/Encounter.class>	<http://www.w3.org/2002/07/owl#ObjectProperty>
<http://hl7.org/fhir/Encounter.classHistory>	<http://www.w3.org/2002/07/owl#ObjectProperty>
<http://hl7.org/fhir/Encounter.classHistory.class>	<http://www.w3.org/2002/07/owl#ObjectProperty>
<http://hl7.org/fhir/Encounter.classHistory.period>	<http://www.w3.org/2002/07/owl#ObjectProperty>
<http://hl7.org/fhir/Encounter.diagnosis.condition>	<http://www.w3.org/2002/07/owl#ObjectProperty>
<http://hl7.org/fhir/Encounter.episodeOfCare>	<http://www.w3.org/2002/07/owl#ObjectProperty>
<http://hl7.org/fhir/Encounter.length>	<http://www.w3.org/2002/07/owl#ObjectProperty>
<http://hl7.org/fhir/Encounter.location>	<http://www.w3.org/2002/07/owl#ObjectProperty>
<http://hl7.org/fhir/Encounter.location.location>	<http://www.w3.org/2002/07/owl#ObjectProperty>
<http://hl7.org/fhir/Encounter.location.period>	<http://www.w3.org/2002/07/owl#ObjectProperty>
<http://hl7.org/fhir/Encounter.partOf>	<http://www.w3.org/2002/07/owl#ObjectProperty>
<http://hl7.org/fhir/Encounter.participant>	<http://www.w3.org/2002/07/owl#ObjectProperty>
<http://hl7.org/fhir/Encounter.participant.individual>	<http://www.w3.org/2002/07/owl#ObjectProperty>
<http://hl7.org/fhir/Encounter.participant.period>	<http://www.w3.org/2002/07/owl#ObjectProperty>
<http://hl7.org/fhir/Encounter.participant.type>	<http://www.w3.org/2002/07/owl#ObjectProperty>
<http://hl7.org/fhir/Encounter.period>	<http://www.w3.org/2002/07/owl#ObjectProperty>
<http://hl7.org/fhir/Encounter.priority>	<http://www.w3.org/2002/07/owl#ObjectProperty>
<http://hl7.org/fhir/Encounter.reason>	<http://www.w3.org/2002/07/owl#ObjectProperty>
<http://hl7.org/fhir/Encounter.serviceProvider>	<http://www.w3.org/2002/07/owl#ObjectProperty>
<http://hl7.org/fhir/Encounter.status>	<http://www.w3.org/2002/07/owl#ObjectProperty>
<http://hl7.org/fhir/Encounter.statusHistory.period>	<http://www.w3.org/2002/07/owl#ObjectProperty>
<http://hl7.org/fhir/Encounter.statusHistory.status>	<http://www.w3.org/2002/07/owl#ObjectProperty>
<http://hl7.org/fhir/Encounter.subject>	<http://www.w3.org/2002/07/owl#ObjectProperty>
<http://hl7.org/fhir/Encounter.type>	<http://www.w3.org/2002/07/owl#ObjectProperty>
<http://hl7.org/fhir/EpisodeOfCare.careManager>	<http://www.w3.org/2002/07/owl#ObjectProperty>
<http://hl7.org/fhir/EpisodeOfCare.diagnosis.condition>	<http://www.w3.org/2002/07/owl#ObjectProperty>
<http://hl7.org/fhir/EpisodeOfCare.managingOrganization>	<http://www.w3.org/2002/07/owl#ObjectProperty>
<http://hl7.org/fhir/EpisodeOfCare.patient>	<http://www.w3.org/2002/07/owl#ObjectProperty>
<http://hl7.org/fhir/EpisodeOfCare.period>	<http://www.w3.org/2002/07/owl#ObjectProperty>
<http://hl7.org/fhir/EpisodeOfCare.status>	<http://www.w3.org/2002/07/owl#ObjectProperty>
<http://hl7.org/fhir/EpisodeOfCare.team>	<http://www.w3.org/2002/07/owl#ObjectProperty>
<http://hl7.org/fhir/EpisodeOfCare.type>	<http://www.w3.org/2002/07/owl#ObjectProperty>
<http://hl7.org/fhir/FHIR_Property>	<http://www.w3.org/2002/07/owl#ObjectProperty>
<http://hl7.org/fhir/FamilyMemberHistory.age>	<http://www.w3.org/2002/07/owl#ObjectProperty>
<http://hl7.org/fhir/FamilyMemberHistory.bornDate>	<http://www.w3.org/2002/07/owl#ObjectProperty>
<http://hl7.org/fhir/FamilyMemberHistory.condition.code>	<http://www.w3.org/2002/07/owl#ObjectProperty>
<http://hl7.org/fhir/FamilyMemberHistory.condition.onsetAge>	<http://www.w3.org/2002/07/owl#ObjectProperty>
<http://hl7.org/fhir/FamilyMemberHistory.condition.onsetPeriod>	<http://www.w3.org/2002/07/owl#ObjectProperty>
<http://hl7.org/fhir/FamilyMemberHistory.condition.onsetRange>	<http://www.w3.org/2002/07/owl#ObjectProperty>
<http://hl7.org/fhir/FamilyMemberHistory.condition.outcome>	<http://www.w3.org/2002/07/owl#ObjectProperty>
<http://hl7.org/fhir/FamilyMemberHistory.date>	<http://www.w3.org/2002/07/owl#ObjectProperty>
<http://hl7.org/fhir/FamilyMemberHistory.deceasedBoolean>	<http://www.w3.org/2002/07/owl#ObjectProperty>
<http://hl7.org/fhir/FamilyMemberHistory.gender>	<http://www.w3.org/2002/07/owl#ObjectProperty>
<http://hl7.org/fhir/FamilyMemberHistory.name>	<http://www.w3.org/2002/07/owl#ObjectProperty>
<http://hl7.org/fhir/FamilyMemberHistory.notDone>	<http://www.w3.org/2002/07/owl#ObjectProperty>
<http://hl7.org/fhir/FamilyMemberHistory.patient>	<http://www.w3.org/2002/07/owl#ObjectProperty>
<http://hl7.org/fhir/FamilyMemberHistory.relationship>	<http://www.w3.org/2002/07/owl#ObjectProperty>
<http://hl7.org/fhir/Goal.addresses>	<http://www.w3.org/2002/07/owl#ObjectProperty>
<http://hl7.org/fhir/Goal.category>	<http://www.w3.org/2002/07/owl#ObjectProperty>
<http://hl7.org/fhir/Goal.description>	<http://www.w3.org/2002/07/owl#ObjectProperty>
<http://hl7.org/fhir/Goal.expressedBy>	<http://www.w3.org/2002/07/owl#ObjectProperty>
<http://hl7.org/fhir/Goal.outcomeCode>	<http://www.w3.org/2002/07/owl#ObjectProperty>
<http://hl7.org/fhir/Goal.outcomeReference>	<http://www.w3.org/2002/07/owl#ObjectProperty>
<http://hl7.org/fhir/Goal.priority>	<http://www.w3.org/2002/07/owl#ObjectProperty>
<http://hl7.org/fhir/Goal.startCodeableConcept>	<http://www.w3.org/2002/07/owl#ObjectProperty>
<http://hl7.org/fhir/Goal.startDate>	<http://www.w3.org/2002/07/owl#ObjectProperty>
<http://hl7.org/fhir/Goal.status>	<http://www.w3.org/2002/07/owl#ObjectProperty>
<http://hl7.org/fhir/Goal.statusDate>	<http://www.w3.org/2002/07/owl#ObjectProperty>
<http://hl7.org/fhir/Goal.statusReason>	<http://www.w3.org/2002/07/owl#ObjectProperty>
<http://hl7.org/fhir/Goal.subject>	<http://www.w3.org/2002/07/owl#ObjectProperty>
<http://hl7.org/fhir/Goal.target>	<http://www.w3.org/2002/07/owl#ObjectProperty>
<http://hl7.org/fhir/Goal.target.detailCodeableConcept>	<http://www.w3.org/2002/07/owl#ObjectProperty>
<http://hl7.org/fhir/Goal.target.detailQuantity>	<http://www.w3.org/2002/07/owl#ObjectProperty>
<http://hl7.org/fhir/Goal.target.detailRange>	<http://www.w3.org/2002/07/owl#ObjectProperty>
<http://hl7.org/fhir/Goal.target.dueDate>	<http://www.w3.org/2002/07/owl#ObjectProperty>
<http://hl7.org/fhir/Goal.target.dueDuration>	<http://www.w3.org/2002/07/owl#ObjectProperty>
<http://hl7.org/fhir/Goal.target.measure>	<http://www.w3.org/2002/07/owl#ObjectProperty>
<http://hl7.org/fhir/HumanName.family>	<http://www.w3.org/2002/07/owl#ObjectProperty>
<http://hl7.org/fhir/HumanName.given>	<http://www.w3.org/2002/07/owl#ObjectProperty>
<http://hl7.org/fhir/HumanName.period>	<http://www.w3.org/2002/07/owl#ObjectProperty>
<http://hl7.org/fhir/HumanName.prefix>	<http://www.w3.org/2002/07/owl#ObjectProperty>
<http://hl7.org/fhir/HumanName.suffix>	<http://www.w3.org/2002/07/owl#ObjectProperty>
<http://hl7.org/fhir/HumanName.text>	<http://www.w3.org/2002/07/owl#ObjectProperty>
<http://hl7.org/fhir/HumanName.use>	<http://www.w3.org/2002/07/owl#ObjectProperty>
<http://hl7.org/fhir/Identifier.assigner>	<http://www.w3.org/2002/07/owl#ObjectProperty>
<http://hl7.org/fhir/Identifier.period>	<http://www.w3.org/2002/07/owl#ObjectProperty>
<http://hl7.org/fhir/Identifier.system>	<http://www.w3.org/2002/07/owl#ObjectProperty>
<http://hl7.org/fhir/Identifier.type>	<http://www.w3.org/2002/07/owl#ObjectProperty>
<http://hl7.org/fhir/Identifier.use>	<http://www.w3.org/2002/07/owl#ObjectProperty>
<http://hl7.org/fhir/Identifier.value>	<http://www.w3.org/2002/07/owl#ObjectProperty>
<http://hl7.org/fhir/List.code>	<http://www.w3.org/2002/07/owl#ObjectProperty>
<http://hl7.org/fhir/List.date>	<http://www.w3.org/2002/07/owl#ObjectProperty>
<http://hl7.org/fhir/List.encounter>	<http://www.w3.org/2002/07/owl#ObjectProperty>
<http://hl7.org/fhir/List.entry.item>	<http://www.w3.org/2002/07/owl#ObjectProperty>
<http://hl7.org/fhir/List.source>	<http://www.w3.org/2002/07/owl#ObjectProperty>
<http://hl7.org/fhir/List.status>	<http://www.w3.org/2002/07/owl#ObjectProperty>
<http://hl7.org/fhir/List.subject>	<http://www.w3.org/2002/07/owl#ObjectProperty>
<http://hl7.org/fhir/List.title>	<http://www.w3.org/2002/07/owl#ObjectProperty>
<http://hl7.org/fhir/Medication.code>	<http://www.w3.org/2002/07/owl#ObjectProperty>
<http://hl7.org/fhir/Medication.form>	<http://www.w3.org/2002/07/owl#ObjectProperty>
<http://hl7.org/fhir/Medication.ingredient>	<http://www.w3.org/2002/07/owl#ObjectProperty>
<http://hl7.org/fhir/Medication.ingredient.amount>	<http://www.w3.org/2002/07/owl#ObjectProperty>
<http://hl7.org/fhir/Medication.ingredient.isActive>	<http://www.w3.org/2002/07/owl#ObjectProperty>
<http://hl7.org/fhir/Medication.ingredient.itemCodeableConcept>	<http://www.w3.org/2002/07/owl#ObjectProperty>
<http://hl7.org/fhir/Medication.ingredient.itemReference>	<http://www.w3.org/2002/07/owl#ObjectProperty>
<http://hl7.org/fhir/Medication.isBrand>	<http://www.w3.org/2002/07/owl#ObjectProperty>
<http://hl7.org/fhir/Medication.manufacturer>	<http://www.w3.org/2002/07/owl#ObjectProperty>
<http://hl7.org/fhir/Medication.package.container>	<http://www.w3.org/2002/07/owl#ObjectProperty>
<http://hl7.org/fhir/Medication.package.content.amount>	<http://www.w3.org/2002/07/owl#ObjectProperty>
<http://hl7.org/fhir/Medication.package.content.itemCodeableConcept>	<http://www.w3.org/2002/07/owl#ObjectProperty>
<http://hl7.org/fhir/MedicationRequest.authoredOn>	<http://www.w3.org/2002/07/owl#ObjectProperty>
<http://hl7.org/fhir/MedicationRequest.basedOn>	<http://www.w3.org/2002/07/owl#ObjectProperty>
<http://hl7.org/fhir/MedicationRequest.category>	<http://www.w3.org/2002/07/owl#ObjectProperty>
<http://hl7.org/fhir/MedicationRequest.context>	<http://www.w3.org/2002/07/owl#ObjectProperty>
<http://hl7.org/fhir/MedicationRequest.dosageInstruction>	<http://www.w3.org/2002/07/owl#ObjectProperty>
<http://hl7.org/fhir/MedicationRequest.medicationCodeableConcept>	<http://www.w3.org/2002/07/owl#ObjectProperty>
<http://hl7.org/fhir/MedicationRequest.medicationReference>	<http://www.w3.org/2002/07/owl#ObjectProperty>
<http://hl7.org/fhir/MedicationRequest.priorPrescription>	<http://www.w3.org/2002/07/owl#ObjectProperty>
<http://hl7.org/fhir/MedicationRequest.priority>	<http://www.w3.org/2002/07/owl#ObjectProperty>
<http://hl7.org/fhir/MedicationRequest.reasonCode>	<http://www.w3.org/2002/07/owl#ObjectProperty>
<http://hl7.org/fhir/MedicationRequest.reasonReference>	<http://www.w3.org/2002/07/owl#ObjectProperty>
<http://hl7.org/fhir/MedicationRequest.recorder>	<http://www.w3.org/2002/07/owl#ObjectProperty>
<http://hl7.org/fhir/MedicationRequest.status>	<http://www.w3.org/2002/07/owl#ObjectProperty>
<http://hl7.org/fhir/MedicationRequest.subject>	<http://www.w3.org/2002/07/owl#ObjectProperty>
<http://hl7.org/fhir/MedicationStatement.basedOn>	<http://www.w3.org/2002/07/owl#ObjectProperty>
<http://hl7.org/fhir/MedicationStatement.category>	<http://www.w3.org/2002/07/owl#ObjectProperty>
<http://hl7.org/fhir/MedicationStatement.context>	<http://www.w3.org/2002/07/owl#ObjectProperty>
<http://hl7.org/fhir/MedicationStatement.dosage>	<http://www.w3.org/2002/07/owl#ObjectProperty>
<http://hl7.org/fhir/MedicationStatement.effectiveDateTime>	<http://www.w3.org/2002/07/owl#ObjectProperty>
<http://hl7.org/fhir/MedicationStatement.effectivePeriod>	<http://www.w3.org/2002/07/owl#ObjectProperty>
<http://hl7.org/fhir/MedicationStatement.medicationCodeableConcept>	<http://www.w3.org/2002/07/owl#ObjectProperty>
<http://hl7.org/fhir/MedicationStatement.medicationReference>	<http://www.w3.org/2002/07/owl#ObjectProperty>
<http://hl7.org/fhir/MedicationStatement.partOf>	<http://www.w3.org/2002/07/owl#ObjectProperty>
<http://hl7.org/fhir/MedicationStatement.reasonCode>	<http://www.w3.org/2002/07/owl#ObjectProperty>
<http://hl7.org/fhir/MedicationStatement.reasonReference>	<http://www.w3.org/2002/07/owl#ObjectProperty>
<http://hl7.org/fhir/MedicationStatement.status>	<http://www.w3.org/2002/07/owl#ObjectProperty>
<http://hl7.org/fhir/MedicationStatement.subject>	<http://www.w3.org/2002/07/owl#ObjectProperty>
<http://hl7.org/fhir/NutritionOrder.allergyIntolerance>	<http://www.w3.org/2002/07/owl#ObjectProperty>
<http://hl7.org/fhir/NutritionOrder.dateTime>	<http://www.w3.org/2002/07/owl#ObjectProperty>
<http://hl7.org/fhir/NutritionOrder.encounter>	<http://www.w3.org/2002/07/owl#ObjectProperty>
<http://hl7.org/fhir/NutritionOrder.enteralFormula>	<http://www.w3.org/2002/07/owl#ObjectProperty>
<http://hl7.org/fhir/NutritionOrder.enteralFormula.additiveProductName>	<http://www.w3.org/2002/07/owl#ObjectProperty>
<http://hl7.org/fhir/NutritionOrder.enteralFormula.additiveType>	<http://www.w3.org/2002/07/owl#ObjectProperty>
<http://hl7.org/fhir/NutritionOrder.enteralFormula.administration>	<http://www.w3.org/2002/07/owl#ObjectProperty>
<http://hl7.org/fhir/NutritionOrder.enteralFormula.administration.quantity>	<http://www.w3.org/2002/07/owl#ObjectProperty>
<http://hl7.org/fhir/NutritionOrder.enteralFormula.administration.rateRatio>	<http://www.w3.org/2002/07/owl#ObjectProperty>
<http://hl7.org/fhir/NutritionOrder.enteralFormula.administration.rateSimpleQuantity>	<http://www.w3.org/2002/07/owl#ObjectProperty>
<http://hl7.org/fhir/NutritionOrder.enteralFormula.administration.schedule>	<http://www.w3.org/2002/07/owl#ObjectProperty>
<http://hl7.org/fhir/NutritionOrder.enteralFormula.administrationInstruction>	<http://www.w3.org/2002/07/owl#ObjectProperty>
<http://hl7.org/fhir/NutritionOrder.enteralFormula.baseFormulaProductName>	<http://www.w3.org/2002/07/owl#ObjectProperty>
<http://hl7.org/fhir/NutritionOrder.enteralFormula.baseFormulaType>	<http://www.w3.org/2002/07/owl#ObjectProperty>
<http://hl7.org/fhir/NutritionOrder.enteralFormula.caloricDensity>	<http://www.w3.org/2002/07/owl#ObjectProperty>
<http://hl7.org/fhir/NutritionOrder.enteralFormula.maxVolumeToDeliver>	<http://www.w3.org/2002/07/owl#ObjectProperty>
<http://hl7.org/fhir/NutritionOrder.enteralFormula.routeofAdministration>	<http://www.w3.org/2002/07/owl#ObjectProperty>
<http://hl7.org/fhir/NutritionOrder.excludeFoodModifier>	<http://www.w3.org/2002/07/owl#ObjectProperty>
<http://hl7.org/fhir/NutritionOrder.foodPreferenceModifier>	<http://www.w3.org/2002/07/owl#ObjectProperty>
<http://hl7.org/fhir/NutritionOrder.oralDiet>	<http://www.w3.org/2002/07/owl#ObjectProperty>
<http://hl7.org/fhir/NutritionOrder.oralDiet.fluidConsistencyType>	<http://www.w3.org/2002/07/owl#ObjectProperty>
<http://hl7.org/fhir/NutritionOrder.oralDiet.instruction>	<http://www.w3.org/2002/07/owl#ObjectProperty>
<http://hl7.org/fhir/NutritionOrder.oralDiet.nutrient>	<http://www.w3.org/2002/07/owl#ObjectProperty>
<http://hl7.org/fhir/NutritionOrder.oralDiet.nutrient.amount>	<http://www.w3.org/2002/07/owl#ObjectProperty>
<http://hl7.org/fhir/NutritionOrder.oralDiet.nutrient.modifier>	<http://www.w3.org/2002/07/owl#ObjectProperty>
<http://hl7.org/fhir/NutritionOrder.oralDiet.schedule>	<http://www.w3.org/2002/07/owl#ObjectProperty>
<http://hl7.org/fhir/NutritionOrder.oralDiet.texture>	<http://www.w3.org/2002/07/owl#ObjectProperty>
<http://hl7.org/fhir/NutritionOrder.oralDiet.texture.foodType>	<http://www.w3.org/2002/07/owl#ObjectProperty>
<http://hl7.org/fhir/NutritionOrder.oralDiet.texture.modifier>	<http://www.w3.org/2002/07/owl#ObjectProperty>
<http://hl7.org/fhir/NutritionOrder.oralDiet.type>	<http://www.w3.org/2002/07/owl#ObjectProperty>
<http://hl7.org/fhir/NutritionOrder.orderer>	<http://www.w3.org/2002/07/owl#ObjectProperty>
<http://hl7.org/fhir/NutritionOrder.patient>	<http://www.w3.org/2002/07/owl#ObjectProperty>
<http://hl7.org/fhir/NutritionOrder.status>	<http://www.w3.org/2002/07/owl#ObjectProperty>
<http://hl7.org/fhir/NutritionOrder.supplement>	<http://www.w3.org/2002/07/owl#ObjectProperty>
<http://hl7.org/fhir/NutritionOrder.supplement.instruction>	<http://www.w3.org/2002/07/owl#ObjectProperty>
<http://hl7.org/fhir/NutritionOrder.supplement.productName>	<http://www.w3.org/2002/07/owl#ObjectProperty>
<http://hl7.org/fhir/NutritionOrder.supplement.quantity>	<http://www.w3.org/2002/07/owl#ObjectProperty>
<http://hl7.org/fhir/NutritionOrder.supplement.schedule>	<http://www.w3.org/2002/07/owl#ObjectProperty>
<http://hl7.org/fhir/NutritionOrder.supplement.type>	<http://www.w3.org/2002/07/owl#ObjectProperty>
<http://hl7.org/fhir/Observation.basedOn>	<http://www.w3.org/2002/07/owl#ObjectProperty>
<http://hl7.org/fhir/Observation.bodySite>	<http://www.w3.org/2002/07/owl#ObjectProperty>
<http://hl7.org/fhir/Observation.category>	<http://www.w3.org/2002/07/owl#ObjectProperty>
<http://hl7.org/fhir/Observation.code>	<http://www.w3.org/2002/07/owl#ObjectProperty>
<http://hl7.org/fhir/Observation.component>	<http://www.w3.org/2002/07/owl#ObjectProperty>
<http://hl7.org/fhir/Observation.component.code>	<http://www.w3.org/2002/07/owl#ObjectProperty>
<http://hl7.org/fhir/Observation.component.dataAbsentReason>	<http://www.w3.org/2002/07/owl#ObjectProperty>
<http://hl7.org/fhir/Observation.component.interpretation>	<http://www.w3.org/2002/07/owl#ObjectProperty>
<http://hl7.org/fhir/Observation.component.referenceRange>	<http://www.w3.org/2002/07/owl#ObjectProperty>
<http://hl7.org/fhir/Observation.component.valueCodeableConcept>	<http://www.w3.org/2002/07/owl#ObjectProperty>
<http://hl7.org/fhir/Observation.component.valueDateTime>	<http://www.w3.org/2002/07/owl#ObjectProperty>
<http://hl7.org/fhir/Observation.component.valuePeriod>	<http://www.w3.org/2002/07/owl#ObjectProperty>
<http://hl7.org/fhir/Observation.component.valueQuantity>	<http://www.w3.org/2002/07/owl#ObjectProperty>
<http://hl7.org/fhir/Observation.component.valueRange>	<http://www.w3.org/2002/07/owl#ObjectProperty>
<http://hl7.org/fhir/Observation.component.valueRatio>	<http://www.w3.org/2002/07/owl#ObjectProperty>
<http://hl7.org/fhir/Observation.component.valueString>	<http://www.w3.org/2002/07/owl#ObjectProperty>
<http://hl7.org/fhir/Observation.component.valueTime>	<http://www.w3.org/2002/07/owl#ObjectProperty>
<http://hl7.org/fhir/Observation.context>	<http://www.w3.org/2002/07/owl#ObjectProperty>
<http://hl7.org/fhir/Observation.effectiveDateTime>	<http://www.w3.org/2002/07/owl#ObjectProperty>
<http://hl7.org/fhir/Observation.effectivePeriod>	<http://www.w3.org/2002/07/owl#ObjectProperty>
<http://hl7.org/fhir/Observation.interpretation>	<http://www.w3.org/2002/07/owl#ObjectProperty>
<http://hl7.org/fhir/Observation.issued>	<http://www.w3.org/2002/07/owl#ObjectProperty>
<http://hl7.org/fhir/Observation.method>	<http://www.w3.org/2002/07/owl#ObjectProperty>
<http://hl7.org/fhir/Observation.performer>	<http://www.w3.org/2002/07/owl#ObjectProperty>
<http://hl7.org/fhir/Observation.referenceRange>	<http://www.w3.org/2002/07/owl#ObjectProperty>
<http://hl7.org/fhir/Observation.referenceRange.age>	<http://www.w3.org/2002/07/owl#ObjectProperty>
<http://hl7.org/fhir/Observation.referenceRange.appliesTo>	<http://www.w3.org/2002/07/owl#ObjectProperty>
<http://hl7.org/fhir/Observation.referenceRange.high>	<http://www.w3.org/2002/07/owl#ObjectProperty>
<http://hl7.org/fhir/Observation.referenceRange.low>	<http://www.w3.org/2002/07/owl#ObjectProperty>
<http://hl7.org/fhir/Observation.referenceRange.text>	<http://www.w3.org/2002/07/owl#ObjectProperty>
<http://hl7.org/fhir/Observation.referenceRange.type>	<http://www.w3.org/2002/07/owl#ObjectProperty>
<http://hl7.org/fhir/Observation.subject>	<http://www.w3.org/2002/07/owl#ObjectProperty>
<http://hl7.org/fhir/Observation.valueBoolean>	<http://www.w3.org/2002/07/owl#ObjectProperty>
<http://hl7.org/fhir/Observation.valueCodeableConcept>	<http://www.w3.org/2002/07/owl#ObjectProperty>
<http://hl7.org/fhir/Observation.valueDateTime>	<http://www.w3.org/2002/07/owl#ObjectProperty>
<http://hl7.org/fhir/Observation.valuePeriod>	<http://www.w3.org/2002/07/owl#ObjectProperty>
<http://hl7.org/fhir/Observation.valueQuantity>	<http://www.w3.org/2002/07/owl#ObjectProperty>
<http://hl7.org/fhir/Observation.valueRange>	<http://www.w3.org/2002/07/owl#ObjectProperty>
<http://hl7.org/fhir/Observation.valueRatio>	<http://www.w3.org/2002/07/owl#ObjectProperty>
<http://hl7.org/fhir/Observation.valueString>	<http://www.w3.org/2002/07/owl#ObjectProperty>
<http://hl7.org/fhir/Observation.valueTime>	<http://www.w3.org/2002/07/owl#ObjectProperty>
<http://hl7.org/fhir/Patient.contact>	<http://www.w3.org/2002/07/owl#ObjectProperty>
<http://hl7.org/fhir/Patient.ethnicity>	<http://www.w3.org/2002/07/owl#ObjectProperty>
<http://hl7.org/fhir/Patient.generalPractitioner>	<http://www.w3.org/2002/07/owl#ObjectProperty>
<http://hl7.org/fhir/Patient.managingOrganization>	<http://www.w3.org/2002/07/owl#ObjectProperty>
<http://hl7.org/fhir/Period.end>	<http://www.w3.org/2002/07/owl#ObjectProperty>
<http://hl7.org/fhir/Period.start>	<http://www.w3.org/2002/07/owl#ObjectProperty>
<http://hl7.org/fhir/Person.address>	<http://www.w3.org/2002/07/owl#ObjectProperty>
<http://hl7.org/fhir/Person.age>	<http://www.w3.org/2002/07/owl#ObjectProperty>
<http://hl7.org/fhir/Person.birthDate>	<http://www.w3.org/2002/07/owl#ObjectProperty>
<http://hl7.org/fhir/Person.gender>	<http://www.w3.org/2002/07/owl#ObjectProperty>
<http://hl7.org/fhir/Person.maritalStatus>	<http://www.w3.org/2002/07/owl#ObjectProperty>
<http://hl7.org/fhir/Person.name>	<http://www.w3.org/2002/07/owl#ObjectProperty>
<http://hl7.org/fhir/Person.telecom>	<http://www.w3.org/2002/07/owl#ObjectProperty>
<http://hl7.org/fhir/Practitioner.role>	<http://www.w3.org/2002/07/owl#ObjectProperty>
<http://hl7.org/fhir/PractitionerRole.active>	<http://www.w3.org/2002/07/owl#ObjectProperty>
<http://hl7.org/fhir/PractitionerRole.availableTime.allDay>	<http://www.w3.org/2002/07/owl#ObjectProperty>
<http://hl7.org/fhir/PractitionerRole.availableTime.availableEndTime>	<http://www.w3.org/2002/07/owl#ObjectProperty>
<http://hl7.org/fhir/PractitionerRole.availableTime.availableStartTime>	<http://www.w3.org/2002/07/owl#ObjectProperty>
<http://hl7.org/fhir/PractitionerRole.availableTime.daysOfWeek>	<http://www.w3.org/2002/07/owl#ObjectProperty>
<http://hl7.org/fhir/PractitionerRole.code>	<http://www.w3.org/2002/07/owl#ObjectProperty>
<http://hl7.org/fhir/PractitionerRole.identifier>	<http://www.w3.org/2002/07/owl#ObjectProperty>
<http://hl7.org/fhir/PractitionerRole.location>	<http://www.w3.org/2002/07/owl#ObjectProperty>
<http://hl7.org/fhir/PractitionerRole.notAvailable.during>	<http://www.w3.org/2002/07/owl#ObjectProperty>
<http://hl7.org/fhir/PractitionerRole.organization>	<http://www.w3.org/2002/07/owl#ObjectProperty>
<http://hl7.org/fhir/PractitionerRole.period>	<http://www.w3.org/2002/07/owl#ObjectProperty>
<http://hl7.org/fhir/PractitionerRole.specialty>	<http://www.w3.org/2002/07/owl#ObjectProperty>
<http://hl7.org/fhir/PractitionerRole.telecom>	<http://www.w3.org/2002/07/owl#ObjectProperty>
<http://hl7.org/fhir/ProcedureRequest.basedOn>	<http://www.w3.org/2002/07/owl#ObjectProperty>
<http://hl7.org/fhir/ProcedureRequest.bodySite>	<http://www.w3.org/2002/07/owl#ObjectProperty>
<http://hl7.org/fhir/ProcedureRequest.category>	<http://www.w3.org/2002/07/owl#ObjectProperty>
<http://hl7.org/fhir/ProcedureRequest.code>	<http://www.w3.org/2002/07/owl#ObjectProperty>
<http://hl7.org/fhir/ProcedureRequest.context>	<http://www.w3.org/2002/07/owl#ObjectProperty>
<http://hl7.org/fhir/ProcedureRequest.note>	<http://www.w3.org/2002/07/owl#ObjectProperty>
<http://hl7.org/fhir/ProcedureRequest.occurrenceDateTime>	<http://www.w3.org/2002/07/owl#ObjectProperty>
<http://hl7.org/fhir/ProcedureRequest.occurrencePeriod>	<http://www.w3.org/2002/07/owl#ObjectProperty>
<http://hl7.org/fhir/ProcedureRequest.occurrenceTiming>	<http://www.w3.org/2002/07/owl#ObjectProperty>
<http://hl7.org/fhir/ProcedureRequest.performer>	<http://www.w3.org/2002/07/owl#ObjectProperty>
<http://hl7.org/fhir/ProcedureRequest.priority>	<http://www.w3.org/2002/07/owl#ObjectProperty>
<http://hl7.org/fhir/ProcedureRequest.reasonCode>	<http://www.w3.org/2002/07/owl#ObjectProperty>
<http://hl7.org/fhir/ProcedureRequest.reasonReference>	<http://www.w3.org/2002/07/owl#ObjectProperty>
<http://hl7.org/fhir/ProcedureRequest.status>	<http://www.w3.org/2002/07/owl#ObjectProperty>
<http://hl7.org/fhir/ProcedureRequest.subject>	<http://www.w3.org/2002/07/owl#ObjectProperty>
<http://hl7.org/fhir/Quantity.code>	<http://www.w3.org/2002/07/owl#ObjectProperty>
<http://hl7.org/fhir/Quantity.comparator>	<http://www.w3.org/2002/07/owl#ObjectProperty>
<http://hl7.org/fhir/Quantity.system>	<http://www.w3.org/2002/07/owl#ObjectProperty>
<http://hl7.org/fhir/Quantity.unit>	<http://www.w3.org/2002/07/owl#ObjectProperty>
<http://hl7.org/fhir/Quantity.value>	<http://www.w3.org/2002/07/owl#ObjectProperty>
<http://hl7.org/fhir/Range.high>	<http://www.w3.org/2002/07/owl#ObjectProperty>
<http://hl7.org/fhir/Range.low>	<http://www.w3.org/2002/07/owl#ObjectProperty>
<http://hl7.org/fhir/Ratio.denominator>	<http://www.w3.org/2002/07/owl#ObjectProperty>
<http://hl7.org/fhir/Ratio.numerator>	<http://www.w3.org/2002/07/owl#ObjectProperty>
<http://hl7.org/fhir/Relative.contact.period>	<http://www.w3.org/2002/07/owl#ObjectProperty>
<http://hl7.org/fhir/Relative.contact.relationship>	<http://www.w3.org/2002/07/owl#ObjectProperty>
<http://hl7.org/fhir/Resource.Id>	<http://www.w3.org/2002/07/owl#ObjectProperty>
<http://hl7.org/fhir/Timing.code>	<http://www.w3.org/2002/07/owl#ObjectProperty>
<http://hl7.org/fhir/Timing.event>	<http://www.w3.org/2002/07/owl#ObjectProperty>
<http://hl7.org/fhir/Timing.repeat.boundsDuration>	<http://www.w3.org/2002/07/owl#ObjectProperty>
<http://hl7.org/fhir/Timing.repeat.boundsPeriod>	<http://www.w3.org/2002/07/owl#ObjectProperty>
<http://hl7.org/fhir/Timing.repeat.boundsRange>	<http://www.w3.org/2002/07/owl#ObjectProperty>
<http://hl7.org/fhir/Timing.repeat.count>	<http://www.w3.org/2002/07/owl#ObjectProperty>
<http://hl7.org/fhir/Timing.repeat.countMax>	<http://www.w3.org/2002/07/owl#ObjectProperty>
<http://hl7.org/fhir/Timing.repeat.dayOfWeek>	<http://www.w3.org/2002/07/owl#ObjectProperty>
<http://hl7.org/fhir/Timing.repeat.duration>	<http://www.w3.org/2002/07/owl#ObjectProperty>
<http://hl7.org/fhir/Timing.repeat.durationMax>	<http://www.w3.org/2002/07/owl#ObjectProperty>
<http://hl7.org/fhir/Timing.repeat.durationUnit>	<http://www.w3.org/2002/07/owl#ObjectProperty>
<http://hl7.org/fhir/Timing.repeat.frequency>	<http://www.w3.org/2002/07/owl#ObjectProperty>
<http://hl7.org/fhir/Timing.repeat.frequencyMax>	<http://www.w3.org/2002/07/owl#ObjectProperty>
<http://hl7.org/fhir/Timing.repeat.offset>	<http://www.w3.org/2002/07/owl#ObjectProperty>
<http://hl7.org/fhir/Timing.repeat.period>	<http://www.w3.org/2002/07/owl#ObjectProperty>
<http://hl7.org/fhir/Timing.repeat.periodMax>	<http://www.w3.org/2002/07/owl#ObjectProperty>
<http://hl7.org/fhir/Timing.repeat.periodUnit>	<http://www.w3.org/2002/07/owl#ObjectProperty>
<http://hl7.org/fhir/Timing.repeat.timeOfDay>	<http://www.w3.org/2002/07/owl#ObjectProperty>
<http://hl7.org/fhir/Timing.repeat.when>	<http://www.w3.org/2002/07/owl#ObjectProperty>
<http://hl7.org/fhir/foodContradictWithDisease>	<http://www.w3.org/2002/07/owl#ObjectProperty>
<http://hl7.org/fhir/foodContradictWithDrug>	<http://www.w3.org/2002/07/owl#ObjectProperty>
<http://hl7.org/fhir/hasAdverseEvent>	<http://www.w3.org/2002/07/owl#ObjectProperty>
<http://hl7.org/fhir/hasAllergyIntolerance>	<http://www.w3.org/2002/07/owl#ObjectProperty>
<http://hl7.org/fhir/hasBasalMetabolicRate>	<http://www.w3.org/2002/07/owl#ObjectProperty>
<http://hl7.org/fhir/hasBodySite>	<http://www.w3.org/2002/07/owl#ObjectProperty>
<http://hl7.org/fhir/hasCode>	<http://www.w3.org/2002/07/owl#ObjectProperty>
<http://hl7.org/fhir/hasCost>	<http://www.w3.org/2002/07/owl#ObjectProperty>
<http://hl7.org/fhir/hasDate>	<http://www.w3.org/2002/07/owl#ObjectProperty>
<http://hl7.org/fhir/hasDiabetesDuration>	<http://www.w3.org/2002/07/owl#ObjectProperty>
<http://hl7.org/fhir/hasEncounter>	<http://www.w3.org/2002/07/owl#ObjectProperty>
<http://hl7.org/fhir/hasFamilyMemberHistory>	<http://www.w3.org/2002/07/owl#ObjectProperty>
<http://hl7.org/fhir/hasForbiddenDrug>	<http://www.w3.org/2002/07/owl#ObjectProperty>
<http://hl7.org/fhir/hasGoalAchieved>	<http://www.w3.org/2002/07/owl#ObjectProperty>
<http://hl7.org/fhir/hasObservationValue>	<http://www.w3.org/2002/07/owl#ObjectProperty>
<http://hl7.org/fhir/hasPart>	<http://www.w3.org/2002/07/owl#ObjectProperty>
<http://hl7.org/fhir/hasPhysicalExercise>	<http://www.w3.org/2002/07/owl#ObjectProperty>
<http://hl7.org/fhir/hasPreviousCarePlan>	<http://www.w3.org/2002/07/owl#ObjectProperty>
<http://hl7.org/fhir/hasRecommendedDrug>	<http://www.w3.org/2002/07/owl#ObjectProperty>
<http://hl7.org/fhir/hasTiming>	<http://www.w3.org/2002/07/owl#ObjectProperty>
<http://hl7.org/fhir/hasTotalCalories>	<http://www.w3.org/2002/07/owl#ObjectProperty>
<http://hl7.org/fhir/has_acceptance_level>	<http://www.w3.org/2002/07/owl#ObjectProperty>
<http://hl7.org/fhir/has_hypoglycemic_risk_level>	<http://www.w3.org/2002/07/owl#ObjectProperty>
<http://hl7.org/fhir/has_initial_dose>	<http://www.w3.org/2002/07/owl#ObjectProperty>
<http://hl7.org/fhir/has_maximum_dose_per_day>	<http://www.w3.org/2002/07/owl#ObjectProperty>
<http://hl7.org/fhir/has_percentage_of_the_total_daily_dose>	<http://www.w3.org/2002/07/owl#ObjectProperty>
<http://hl7.org/fhir/produces>	<http://www.w3.org/2002/07/owl#ObjectProperty>
<http://hl7.org/fhir/when_to_take>	<http://www.w3.org/2002/07/owl#ObjectProperty>
<http://purl.obolibrary.org/obo/DDO.owl#DDO_0009982>	<http://www.w3.org/2002/07/owl#ObjectProperty>
<http://purl.obolibrary.org/obo/DDO.owl#DDO_0009987>	<http://www.w3.org/2002/07/owl#ObjectProperty>
<http://purl.obolibrary.org/obo/DDO.owl#DDO_0009988>	<http://www.w3.org/2002/07/owl#ObjectProperty>
<http://purl.obolibrary.org/obo/DDO.owl#DDO_0009989>	<http://www.w3.org/2002/07/owl#ObjectProperty>
<http://purl.obolibrary.org/obo/DDO.owl#DDO_0009996>	<http://www.w3.org/2002/07/owl#ObjectProperty>
<http://purl.obolibrary.org/obo/DDO.owl#DDO_0009997>	<http://www.w3.org/2002/07/owl#ObjectProperty>
<http://purl.obolibrary.org/obo/DDO.owl#RO_0000052>	<http://www.w3.org/2002/07/owl#ObjectProperty>
<http://purl.obolibrary.org/obo/DDO.owl#RO_0000053>	<http://www.w3.org/2002/07/owl#ObjectProperty>
<http://purl.obolibrary.org/obo/DDO.owl#RO_0000085>	<http://www.w3.org/2002/07/owl#ObjectProperty>
<http://purl.obolibrary.org/obo/DDO.owl#RO_0000086>	<http://www.w3.org/2002/07/owl#ObjectProperty>
<http://purl.obolibrary.org/obo/DDO.owl#RO_0000087>	<http://www.w3.org/2002/07/owl#ObjectProperty>
<http://purl.obolibrary.org/obo/DDO.owl#RO_0000091>	<http://www.w3.org/2002/07/owl#ObjectProperty>
<http://purl.obolibrary.org/obo/DDO.owl#RO_0002200>	<http://www.w3.org/2002/07/owl#ObjectProperty>
<http://purl.obolibrary.org/obo/DDO.owl#RO_0002201>	<http://www.w3.org/2002/07/owl#ObjectProperty>
<http://purl.obolibrary.org/obo/DDO.owl#RO_0002314>	<http://www.w3.org/2002/07/owl#ObjectProperty>
<http://purl.obolibrary.org/obo/DDO.owl#RO_0002452>	<http://www.w3.org/2002/07/owl#ObjectProperty>
<http://purl.obolibrary.org/obo/DDO.owl#RO_0002502>	<http://www.w3.org/2002/07/owl#ObjectProperty>
<http://purl.obolibrary.org/obo/DDO.owl#hasDiagnosis>	<http://www.w3.org/2002/07/owl#ObjectProperty>
<http://purl.obolibrary.org/obo/RO_0000079>	<http://www.w3.org/2002/07/owl#ObjectProperty>
<http://purl.obolibrary.org/obo/RO_0000080>	<http://www.w3.org/2002/07/owl#ObjectProperty>
<http://purl.obolibrary.org/obo/RO_0000081>	<http://www.w3.org/2002/07/owl#ObjectProperty>
<http://purl.obolibrary.org/obo/RO_0000092>	<http://www.w3.org/2002/07/owl#ObjectProperty>
<http://swrl.stanford.edu/ontologies/built-ins/3.3/temporal.owl#hasGranularity>	<http://www.w3.org/2002/07/owl#ObjectProperty>
<http://swrl.stanford.edu/ontologies/built-ins/3.3/temporal.owl#hasValidTime>	<http://www.w3.org/2002/07/owl#ObjectProperty>
<http://www.w3.org/ns/ssn/attachedSystem>	<http://www.w3.org/2002/07/owl#ObjectProperty>
<http://www.w3.org/ns/ssn/deployedSystem>	<http://www.w3.org/2002/07/owl#ObjectProperty>
<http://www.w3.org/ns/ssn/depolyedOnPlatform>	<http://www.w3.org/2002/07/owl#ObjectProperty>
<http://www.w3.org/ns/ssn/detects>	<http://www.w3.org/2002/07/owl#ObjectProperty>
<http://www.w3.org/ns/ssn/forProperty>	<http://www.w3.org/2002/07/owl#ObjectProperty>
<http://www.w3.org/ns/ssn/hasDeployment>	<http://www.w3.org/2002/07/owl#ObjectProperty>
<http://www.w3.org/ns/ssn/hasFeatureOfInterest>	<http://www.w3.org/2002/07/owl#ObjectProperty>
<http://www.w3.org/ns/ssn/hasLocation>	<http://www.w3.org/2002/07/owl#ObjectProperty>
<http://www.w3.org/ns/ssn/hasMeasurementCapability>	<http://www.w3.org/2002/07/owl#ObjectProperty>
<http://www.w3.org/ns/ssn/hasMeasurementPropertyMaxValue>	<http://www.w3.org/2002/07/owl#ObjectProperty>
<http://www.w3.org/ns/ssn/hasMeasurementPropertyMinValue>	<http://www.w3.org/2002/07/owl#ObjectProperty>
<http://www.w3.org/ns/ssn/hasMeasurementPropertyValue>	<http://www.w3.org/2002/07/owl#ObjectProperty>
<http://www.w3.org/ns/ssn/hasMeasurmentProperty>	<http://www.w3.org/2002/07/owl#ObjectProperty>
<http://www.w3.org/ns/ssn/hasObservationValue>	<http://www.w3.org/2002/07/owl#ObjectProperty>
<http://www.w3.org/ns/ssn/hasProperty>	<http://www.w3.org/2002/07/owl#ObjectProperty>
<http://www.w3.org/ns/ssn/hasSubSystem>	<http://www.w3.org/2002/07/owl#ObjectProperty>
<http://www.w3.org/ns/ssn/hasUnitOfMeasurement>	<http://www.w3.org/2002/07/owl#ObjectProperty>
<http://www.w3.org/ns/ssn/hasWBAN>	<http://www.w3.org/2002/07/owl#ObjectProperty>
<http://www.w3.org/ns/ssn/implements>	<http://www.w3.org/2002/07/owl#ObjectProperty>
<http://www.w3.org/ns/ssn/inCondition>	<http://www.w3.org/2002/07/owl#ObjectProperty>
<http://www.w3.org/ns/ssn/inDeployment>	<http://www.w3.org/2002/07/owl#ObjectProperty>
<http://www.w3.org/ns/ssn/includesEvent>	<http://www.w3.org/2002/07/owl#ObjectProperty>
<http://www.w3.org/ns/ssn/isLocationOf>	<http://www.w3.org/2002/07/owl#ObjectProperty>
<http://www.w3.org/ns/ssn/isObservedBy>	<http://www.w3.org/2002/07/owl#ObjectProperty>
<http://www.w3.org/ns/ssn/isProducedBy>	<http://www.w3.org/2002/07/owl#ObjectProperty>
<http://www.w3.org/ns/ssn/isPropertyOf>	<http://www.w3.org/2002/07/owl#ObjectProperty>
<http://www.w3.org/ns/ssn/isProxyFor>	<http://www.w3.org/2002/07/owl#ObjectProperty>
<http://www.w3.org/ns/ssn/observationResult>	<http://www.w3.org/2002/07/owl#ObjectProperty>
<http://www.w3.org/ns/ssn/observedBy>	<http://www.w3.org/2002/07/owl#ObjectProperty>
<http://www.w3.org/ns/ssn/observedProperty>	<http://www.w3.org/2002/07/owl#ObjectProperty>
<http://www.w3.org/ns/ssn/observes>	<http://www.w3.org/2002/07/owl#ObjectProperty>
<http://www.w3.org/ns/ssn/onPlatform>	<http://www.w3.org/2002/07/owl#ObjectProperty>
<http://www.w3.org/ns/ssn/sensingMethodUsed>	<http://www.w3.org/2002/07/owl#ObjectProperty>
<http://www.w3.org/ns/ssn/sensor_related_property>	<http://www.w3.org/2002/07/owl#ObjectProperty>
<https://bioportal.bioontology.org/ontologies/FTDM.owl#DMTO_0000026>	<http://www.w3.org/2002/07/owl#ObjectProperty>
<https://bioportal.bioontology.org/ontologies/FTDM.owl#DMTO_0000030>	<http://www.w3.org/2002/07/owl#ObjectProperty>
<https://bioportal.bioontology.org/ontologies/FTDM.owl#DMTO_0000031>	<http://www.w3.org/2002/07/owl#ObjectProperty>
<https://bioportal.bioontology.org/ontologies/FTDM.owl#DMTO_0000032>	<http://www.w3.org/2002/07/owl#ObjectProperty>
<https://bioportal.bioontology.org/ontologies/FTDM.owl#DMTO_0000034>	<http://www.w3.org/2002/07/owl#ObjectProperty>
<https://bioportal.bioontology.org/ontologies/FTDM.owl#DMTO_0000041>	<http://www.w3.org/2002/07/owl#ObjectProperty>
<https://bioportal.bioontology.org/ontologies/FTDM.owl#DMTO_0000977>	<http://www.w3.org/2002/07/owl#ObjectProperty>
<https://bioportal.bioontology.org/ontologies/FTDM.owl#DMTO_0000985>	<http://www.w3.org/2002/07/owl#ObjectProperty>
<https://bioportal.bioontology.org/ontologies/FTDM.owl#DMTO_0000993>	<http://www.w3.org/2002/07/owl#ObjectProperty>
<https://bioportal.bioontology.org/ontologies/FTDM.owl#DMTO_0001016>	<http://www.w3.org/2002/07/owl#ObjectProperty>
<https://bioportal.bioontology.org/ontologies/FTDM.owl#DMTO_0001583>	<http://www.w3.org/2002/07/owl#ObjectProperty>
<https://bioportal.bioontology.org/ontologies/FTDM.owl#DMTO_0001594>	<http://www.w3.org/2002/07/owl#ObjectProperty>
<https://bioportal.bioontology.org/ontologies/FTDM.owl#DMTO_0001668>	<http://www.w3.org/2002/07/owl#ObjectProperty>
<https://bioportal.bioontology.org/ontologies/FTDM.owl#DMTO_0001706>	<http://www.w3.org/2002/07/owl#ObjectProperty>
<https://bioportal.bioontology.org/ontologies/FTDM.owl#DMTO_0001787>	<http://www.w3.org/2002/07/owl#ObjectProperty>
<https://bioportal.bioontology.org/ontologies/FTDM.owl#DMTO_0001824>	<http://www.w3.org/2002/07/owl#ObjectProperty>
<https://bioportal.bioontology.org/ontologies/FTDM.owl#DMTO_0002049>	<http://www.w3.org/2002/07/owl#ObjectProperty>
<https://bioportal.bioontology.org/ontologies/FTDM.owl#DMTO_0002059>	<http://www.w3.org/2002/07/owl#ObjectProperty>
<https://bioportal.bioontology.org/ontologies/FTDM.owl#DMTO_0002170>	<http://www.w3.org/2002/07/owl#ObjectProperty>
<https://bioportal.bioontology.org/ontologies/FTDM.owl#DMTO_0002172>	<http://www.w3.org/2002/07/owl#ObjectProperty>
<https://bioportal.bioontology.org/ontologies/FTDM.owl#FASTOOntologyProperty>	<http://www.w3.org/2002/07/owl#ObjectProperty>
<https://bioportal.bioontology.org/ontologies/FTDM.owl#FOTDO_000004>	<http://www.w3.org/2002/07/owl#ObjectProperty>
<https://bioportal.bioontology.org/ontologies/FTDM.owl#Meal.component>	<http://www.w3.org/2002/07/owl#ObjectProperty>
<https://bioportal.bioontology.org/ontologies/FTDM.owl#TIME:0000004>	<http://www.w3.org/2002/07/owl#ObjectProperty>
<https://bioportal.bioontology.org/ontologies/FTDM.owl#diseaseContradictWithDrug>	<http://www.w3.org/2002/07/owl#ObjectProperty>
<https://bioportal.bioontology.org/ontologies/FTDM.owl#diseaseContradictWithExercise>	<http://www.w3.org/2002/07/owl#ObjectProperty>
<https://bioportal.bioontology.org/ontologies/FTDM.owl#diseaseContradictWithFood>	<http://www.w3.org/2002/07/owl#ObjectProperty>
<https://bioportal.bioontology.org/ontologies/FTDM.owl#diseaseRecommendedDrug>	<http://www.w3.org/2002/07/owl#ObjectProperty>
<https://bioportal.bioontology.org/ontologies/FTDM.owl#diseaseRecommendedFood>	<http://www.w3.org/2002/07/owl#ObjectProperty>
<https://bioportal.bioontology.org/ontologies/FTDM.owl#drugContradictDithDisease>	<http://www.w3.org/2002/07/owl#ObjectProperty>
<https://bioportal.bioontology.org/ontologies/FTDM.owl#drugContradictWithDrug>	<http://www.w3.org/2002/07/owl#ObjectProperty>
<https://bioportal.bioontology.org/ontologies/FTDM.owl#drugContradictWithFood>	<http://www.w3.org/2002/07/owl#ObjectProperty>
<https://bioportal.bioontology.org/ontologies/FTDM.owl#exerciseContradicteWithDisease>	<http://www.w3.org/2002/07/owl#ObjectProperty>
<https://bioportal.bioontology.org/ontologies/FTDM.owl#hasBasalInsulin>	<http://www.w3.org/2002/07/owl#ObjectProperty>
<https://bioportal.bioontology.org/ontologies/FTDM.owl#hasBolusInsulin>	<http://www.w3.org/2002/07/owl#ObjectProperty>
<https://bioportal.bioontology.org/ontologies/FTDM.owl#hasBreakfastMeal>	<http://www.w3.org/2002/07/owl#ObjectProperty>
<https://bioportal.bioontology.org/ontologies/FTDM.owl#hasCarePlan>	<http://www.w3.org/2002/07/owl#ObjectProperty>
<https://bioportal.bioontology.org/ontologies/FTDM.owl#hasCareTeam>	<http://www.w3.org/2002/07/owl#ObjectProperty>
<https://bioportal.bioontology.org/ontologies/FTDM.owl#hasComplication>	<http://www.w3.org/2002/07/owl#ObjectProperty>
<https://bioportal.bioontology.org/ontologies/FTDM.owl#hasDinnerMeal>	<http://www.w3.org/2002/07/owl#ObjectProperty>
<https://bioportal.bioontology.org/ontologies/FTDM.owl#hasDrugParticipant>	<http://www.w3.org/2002/07/owl#ObjectProperty>
<https://bioportal.bioontology.org/ontologies/FTDM.owl#hasForbiddenDrug>	<http://www.w3.org/2002/07/owl#ObjectProperty>
<https://bioportal.bioontology.org/ontologies/FTDM.owl#hasForbiddenFood>	<http://www.w3.org/2002/07/owl#ObjectProperty>
<https://bioportal.bioontology.org/ontologies/FTDM.owl#hasHistory>	<http://www.w3.org/2002/07/owl#ObjectProperty>
<https://bioportal.bioontology.org/ontologies/FTDM.owl#hasLunchMeal>	<http://www.w3.org/2002/07/owl#ObjectProperty>
<https://bioportal.bioontology.org/ontologies/FTDM.owl#hasNotPreferFood>	<http://www.w3.org/2002/07/owl#ObjectProperty>
<https://bioportal.bioontology.org/ontologies/FTDM.owl#hasOnset>	<http://www.w3.org/2002/07/owl#ObjectProperty>
<https://bioportal.bioontology.org/ontologies/FTDM.owl#hasPart>	<http://www.w3.org/2002/07/owl#ObjectProperty>
<https://bioportal.bioontology.org/ontologies/FTDM.owl#hasPatientMedication>	<http://www.w3.org/2002/07/owl#ObjectProperty>
<https://bioportal.bioontology.org/ontologies/FTDM.owl#hasPatientProfile>	<http://www.w3.org/2002/07/owl#ObjectProperty>
<https://bioportal.bioontology.org/ontologies/FTDM.owl#hasPeak>	<http://www.w3.org/2002/07/owl#ObjectProperty>
<https://bioportal.bioontology.org/ontologies/FTDM.owl#hasPreferFood>	<http://www.w3.org/2002/07/owl#ObjectProperty>
<https://bioportal.bioontology.org/ontologies/FTDM.owl#hasPremixedInsulin>	<http://www.w3.org/2002/07/owl#ObjectProperty>
<https://bioportal.bioontology.org/ontologies/FTDM.owl#hasProfileDuration>	<http://www.w3.org/2002/07/owl#ObjectProperty>
<https://bioportal.bioontology.org/ontologies/FTDM.owl#hasRecommendedFood>	<http://www.w3.org/2002/07/owl#ObjectProperty>
<https://bioportal.bioontology.org/ontologies/FTDM.owl#hasSymptom>	<http://www.w3.org/2002/07/owl#ObjectProperty>
<https://bioportal.bioontology.org/ontologies/FTDM.owl#has_3_months_A1C_level>	<http://www.w3.org/2002/07/owl#ObjectProperty>
<https://bioportal.bioontology.org/ontologies/FTDM.owl#has_bedtime_blooad_glucose_level>	<http://www.w3.org/2002/07/owl#ObjectProperty>
<https://bioportal.bioontology.org/ontologies/FTDM.owl#has_blood_pressure_level>	<http://www.w3.org/2002/07/owl#ObjectProperty>
<https://bioportal.bioontology.org/ontologies/FTDM.owl#has_current_blood_glucose_level>	<http://www.w3.org/2002/07/owl#ObjectProperty>
<https://bioportal.bioontology.org/ontologies/FTDM.owl#has_daily_premeal_blood_glucose_level>	<http://www.w3.org/2002/07/owl#ObjectProperty>
<https://bioportal.bioontology.org/ontologies/FTDM.owl#has_fasting_blooad_glucose_level>	<http://www.w3.org/2002/07/owl#ObjectProperty>
<https://bioportal.bioontology.org/ontologies/FTDM.owl#has_insulin_duration>	<http://www.w3.org/2002/07/owl#ObjectProperty>
<https://bioportal.bioontology.org/ontologies/FTDM.owl#has_insulin_regimen>	<http://www.w3.org/2002/07/owl#ObjectProperty>
<https://bioportal.bioontology.org/ontologies/FTDM.owl#monitors>	<http://www.w3.org/2002/07/owl#ObjectProperty>
<https://bioportal.bioontology.org/ontologies/FTDM/Condition.disease>	<http://www.w3.org/2002/07/owl#ObjectProperty>
<https://bioportal.bioontology.org/ontologies/FTDM/Condition.symptom>	<http://www.w3.org/2002/07/owl#ObjectProperty>
<https://bioportal.bioontology.org/ontologies/FTDM/hasBasalBedtimeDose>	<http://www.w3.org/2002/07/owl#ObjectProperty>
<https://bioportal.bioontology.org/ontologies/FTDM/hasBasalMorningDose>	<http://www.w3.org/2002/07/owl#ObjectProperty>
<https://bioportal.bioontology.org/ontologies/FTDM/hasBolusBreakfastDose>	<http://www.w3.org/2002/07/owl#ObjectProperty>
<https://bioportal.bioontology.org/ontologies/FTDM/hasBolusDinnerDose>	<http://www.w3.org/2002/07/owl#ObjectProperty>
<https://bioportal.bioontology.org/ontologies/FTDM/hasBolusLunchDose>	<http://www.w3.org/2002/07/owl#ObjectProperty>
<https://bioportal.bioontology.org/ontologies/FTDM/hasDuration>	<http://www.w3.org/2002/07/owl#ObjectProperty>
<https://bioportal.bioontology.org/ontologies/FTDM/hasFixedOneshotLongActingInsulin>	<http://www.w3.org/2002/07/owl#ObjectProperty>
<https://bioportal.bioontology.org/ontologies/FTDM/hasFixedOneshotLongActingInsulinDose>	<http://www.w3.org/2002/07/owl#ObjectProperty>
<https://bioportal.bioontology.org/ontologies/FTDM/hasFixedTwoshotsEveningIntermActingInsulin>	<http://www.w3.org/2002/07/owl#ObjectProperty>
<https://bioportal.bioontology.org/ontologies/FTDM/hasFixedTwoshotsEveningIntermActingInsulinDose>	<http://www.w3.org/2002/07/owl#ObjectProperty>
<https://bioportal.bioontology.org/ontologies/FTDM/hasFixedTwoshotsEveningShortActingInsulin>	<http://www.w3.org/2002/07/owl#ObjectProperty>
<https://bioportal.bioontology.org/ontologies/FTDM/hasFixedTwoshotsEveningShortActingInsulinDose>	<http://www.w3.org/2002/07/owl#ObjectProperty>
<https://bioportal.bioontology.org/ontologies/FTDM/hasFixedTwoshotsMorningIntermActingInsulin>	<http://www.w3.org/2002/07/owl#ObjectProperty>
<https://bioportal.bioontology.org/ontologies/FTDM/hasFixedTwoshotsMorningIntermActingInsulinDose>	<http://www.w3.org/2002/07/owl#ObjectProperty>
<https://bioportal.bioontology.org/ontologies/FTDM/hasFixedTwoshotsMorningShortActingInsulin>	<http://www.w3.org/2002/07/owl#ObjectProperty>
<https://bioportal.bioontology.org/ontologies/FTDM/hasFixedTwoshotsMorningShortActingInsulinDose>	<http://www.w3.org/2002/07/owl#ObjectProperty>
<https://bioportal.bioontology.org/ontologies/FTDM/hasInsulinRegimen>	<http://www.w3.org/2002/07/owl#ObjectProperty>
<https://bioportal.bioontology.org/ontologies/FTDM/hasInsulinSensitivityFactor>	<http://www.w3.org/2002/07/owl#ObjectProperty>
<https://bioportal.bioontology.org/ontologies/FTDM/hasInsulinToCarbohydrateRatio>	<http://www.w3.org/2002/07/owl#ObjectProperty>
<https://bioportal.bioontology.org/ontologies/fhir.owl#hasContact>	<http://www.w3.org/2002/07/owl#ObjectProperty>
<https://bioportal.bioontology.org/ontologies/fhir.owl#placedOn>	<http://www.w3.org/2002/07/owl#ObjectProperty>
