?class	?label	?definition
<http://purl.obolibrary.org/obo/BFO_0000001>	"entity"@en	
<http://purl.obolibrary.org/obo/BFO_0000002>	"continuant"@en	
<http://purl.obolibrary.org/obo/BFO_0000003>	"occurrent"@en	
<http://purl.obolibrary.org/obo/BFO_0000004>	"independent continuant"@en	
<http://purl.obolibrary.org/obo/BFO_0000006>	"spatial region"@en	
<http://purl.obolibrary.org/obo/BFO_0000008>	"temporal region"@en	
<http://purl.obolibrary.org/obo/BFO_0000009>	"two-dimensional spatial region"@en	
<http://purl.obolibrary.org/obo/BFO_0000011>	"spatiotemporal region"@en	
<http://purl.obolibrary.org/obo/BFO_0000015>	"process"@en	
<http://purl.obolibrary.org/obo/BFO_0000016>	"disposition"@en	
<http://purl.obolibrary.org/obo/BFO_0000017>	"realizable entity"@en	
<http://purl.obolibrary.org/obo/BFO_0000018>	"zero-dimensional spatial region"@en	
<http://purl.obolibrary.org/obo/BFO_0000019>	"quality"@en	
<http://purl.obolibrary.org/obo/BFO_0000020>	"specifically dependent continuant"@en	
<http://purl.obolibrary.org/obo/BFO_0000023>	"role"@en	
<http://purl.obolibrary.org/obo/BFO_0000024>	"fiat object part"@en	
<http://purl.obolibrary.org/obo/BFO_0000026>	"one-dimensional spatial region"@en	
<http://purl.obolibrary.org/obo/BFO_0000027>	"object aggregate"@en	
<http://purl.obolibrary.org/obo/BFO_0000028>	"three-dimensional spatial region"@en	
<http://purl.obolibrary.org/obo/BFO_0000029>	"site"@en	
<http://purl.obolibrary.org/obo/BFO_0000030>	"object"@en	
<http://purl.obolibrary.org/obo/BFO_0000031>	"generically dependent continuant"@en	
<http://purl.obolibrary.org/obo/BFO_0000034>	"function"@en	
<http://purl.obolibrary.org/obo/BFO_0000035>	"process boundary"@en	
<http://purl.obolibrary.org/obo/BFO_0000038>	"one-dimensional temporal region"@en	
<http://purl.obolibrary.org/obo/BFO_0000040>	"material entity"@en	
<http://purl.obolibrary.org/obo/BFO_0000140>	"continuant fiat boundary"@en	
<http://purl.obolibrary.org/obo/BFO_0000141>	"immaterial entity"@en	
<http://purl.obolibrary.org/obo/BFO_0000142>	"one-dimensional continuant fiat boundary"@en	
<http://purl.obolibrary.org/obo/BFO_0000144>	"process profile"@en	
<http://purl.obolibrary.org/obo/BFO_0000145>	"relational quality"@en	
<http://purl.obolibrary.org/obo/BFO_0000146>	"two-dimensional continuant fiat boundary"@en	
<http://purl.obolibrary.org/obo/BFO_0000147>	"zero-dimensional continuant fiat boundary"@en	
<http://purl.obolibrary.org/obo/BFO_0000148>	"zero-dimensional temporal region"@en	
<http://purl.obolibrary.org/obo/BFO_0000182>	"history"@en	
<http://purl.obolibrary.org/obo/DDO.owl#0000362>	"overweight in childhood"	
<http://purl.obolibrary.org/obo/DDO.owl#DDDO_0003735>	"chronic exudative glomerulonephritis"	
<http://purl.obolibrary.org/obo/DDO.owl#DDOO_0001511>	"adenoviral bronchopneumonia"	
<http://purl.obolibrary.org/obo/DDO.owl#DDO_0000004>	"diabetes diagnosis"	
<http://purl.obolibrary.org/obo/DDO.owl#DDO_0000111>	"patient"	
<http://purl.obolibrary.org/obo/DDO.owl#DDO_0000112>	"diabetes complication"	
<http://purl.obolibrary.org/obo/DDO.owl#DDO_0000119>	"medication affect glucose  level"@en	
<http://purl.obolibrary.org/obo/DDO.owl#DDO_0000200>	"Acute disease"	
<http://purl.obolibrary.org/obo/DDO.owl#DDO_0000201>	"chronic disease"	
<http://purl.obolibrary.org/obo/DDO.owl#DDO_0000202>	"microvascular"	
<http://purl.obolibrary.org/obo/DDO.owl#DDO_0000203>	"macrovascular"	
<http://purl.obolibrary.org/obo/DDO.owl#DDO_0000204>	"vascular"	
<http://purl.obolibrary.org/obo/DDO.owl#DDO_0000205>	"nonvascular"	
<http://purl.obolibrary.org/obo/DDO.owl#DDO_0000206>	"retinopathy"	
<http://purl.obolibrary.org/obo/DDO.owl#DDO_0000207>	"neuropathy"	
<http://purl.obolibrary.org/obo/DDO.owl#DDO_0000208>	"nephropathy"	
<http://purl.obolibrary.org/obo/DDO.owl#DDO_0000209>	"congenital heart disease"	
<http://purl.obolibrary.org/obo/DDO.owl#DDO_0000210>	"peripheral arterial disease (PAD)"	
<http://purl.obolibrary.org/obo/DDO.owl#DDO_0000211>	"myocardial infarction"	
<http://purl.obolibrary.org/obo/DDO.owl#DDO_0000212>	"ischemic heart disease"	
<http://purl.obolibrary.org/obo/DDO.owl#DDO_0000213>	"Stroke"	
<http://purl.obolibrary.org/obo/DDO.owl#DDO_0000216>	"dyslipidemia"	
<http://purl.obolibrary.org/obo/DDO.owl#DDO_0000219>	"diabetic erectile dysfunction"	
<http://purl.obolibrary.org/obo/DDO.owl#DDO_0000220>	"macro-micro"	
<http://purl.obolibrary.org/obo/DDO.owl#DDO_0000222>	"diabetic ketoacidosis"	
<http://purl.obolibrary.org/obo/DDO.owl#DDO_0000225>	"lactic acidosis"	
<http://purl.obolibrary.org/obo/DDO.owl#DDO_0000226>	"hypoglycemic disorder"	
<http://purl.obolibrary.org/obo/DDO.owl#DDO_0000227>	"hypoglycemic coma"	
<http://purl.obolibrary.org/obo/DDO.owl#DDO_0000228>	"hypoglycemia"	
<http://purl.obolibrary.org/obo/DDO.owl#DDO_0000229>	"infection"	
<http://purl.obolibrary.org/obo/DDO.owl#DDO_0000243>	"HbA1c"	
<http://purl.obolibrary.org/obo/DDO.owl#DDO_0000244>	"FPG"	
<http://purl.obolibrary.org/obo/DDO.owl#DDO_0000245>	"RPG"	
<http://purl.obolibrary.org/obo/DDO.owl#DDO_0000246>	"OGTT"	
<http://purl.obolibrary.org/obo/DDO.owl#DDO_0000247>	"hematological profile"	
<http://purl.obolibrary.org/obo/DDO.owl#DDO_0000251>	"RBC - Red blood cell count"	
<http://purl.obolibrary.org/obo/DDO.owl#DDO_0000252>	"Glycated haemoglobin - Hbg"	
<http://purl.obolibrary.org/obo/DDO.owl#DDO_0000253>	"Hct - Hematocrit"	
<http://purl.obolibrary.org/obo/DDO.owl#DDO_0000254>	"MCV - Mean cell volume"	
<http://purl.obolibrary.org/obo/DDO.owl#DDO_0000255>	"MCH - Mean corpuscular hemoglobin"	
<http://purl.obolibrary.org/obo/DDO.owl#DDO_0000256>	"MCHC - Mean cell hemoglobin concentration"	
<http://purl.obolibrary.org/obo/DDO.owl#DDO_0000257>	"platelet count"	
<http://purl.obolibrary.org/obo/DDO.owl#DDO_0000258>	"WCC - White blood cell count"	
<http://purl.obolibrary.org/obo/DDO.owl#DDO_0000259>	"lymphocytes count"	
<http://purl.obolibrary.org/obo/DDO.owl#DDO_0000260>	"monocytes count"	
<http://purl.obolibrary.org/obo/DDO.owl#DDO_0000261>	"eosinophils count"	
<http://purl.obolibrary.org/obo/DDO.owl#DDO_0000262>	"basophils count"	
<http://purl.obolibrary.org/obo/DDO.owl#DDO_0000263>	"PT - Prothrombin time"	
<http://purl.obolibrary.org/obo/DDO.owl#DDO_0000264>	"PTT - Partial thromboplastin time - activated"	
<http://purl.obolibrary.org/obo/DDO.owl#DDO_0000265>	"TT - Thrombin time"	
<http://purl.obolibrary.org/obo/DDO.owl#DDO_0000266>	"fibrinogen level"	
<http://purl.obolibrary.org/obo/DDO.owl#DDO_0000267>	"kidney function test"	
<http://purl.obolibrary.org/obo/DDO.owl#DDO_0000268>	"serum urea"	
<http://purl.obolibrary.org/obo/DDO.owl#DDO_0000269>	"serum uric acid"	
<http://purl.obolibrary.org/obo/DDO.owl#DDO_0000270>	"serum creatinine"	
<http://purl.obolibrary.org/obo/DDO.owl#DDO_0000271>	"serum sodium"	
<http://purl.obolibrary.org/obo/DDO.owl#DDO_0000272>	"serum potassium"	
<http://purl.obolibrary.org/obo/DDO.owl#DDO_0000273>	"lipid profile"	
<http://purl.obolibrary.org/obo/DDO.owl#DDO_0000274>	"total cholesterol"	
<http://purl.obolibrary.org/obo/DDO.owl#DDO_0000275>	"TG - triglyceride level"	
<http://purl.obolibrary.org/obo/DDO.owl#DDO_0000276>	"HDL - high density lipoprotein cholesterol"	
<http://purl.obolibrary.org/obo/DDO.owl#DDO_0000277>	"LDLC - low density lipoprotein cholesterol"	
<http://purl.obolibrary.org/obo/DDO.owl#DDO_0000278>	"tumor marker"	
<http://purl.obolibrary.org/obo/DDO.owl#DDO_0000279>	"CA-125"	
<http://purl.obolibrary.org/obo/DDO.owl#DDO_0000280>	"serum alpha-fetoprotein"	
<http://purl.obolibrary.org/obo/DDO.owl#DDO_0000281>	"ferritin"	
<http://purl.obolibrary.org/obo/DDO.owl#DDO_0000282>	"HCG - human chorionic gonadotropin"	
<http://purl.obolibrary.org/obo/DDO.owl#DDO_0000283>	"CEN - carcinoembryonic antigen"	
<http://purl.obolibrary.org/obo/DDO.owl#DDO_0000284>	"PSA - Prostate-specific antigen"	
<http://purl.obolibrary.org/obo/DDO.owl#DDO_0000285>	"CA 19-9"	
<http://purl.obolibrary.org/obo/DDO.owl#DDO_0000286>	"CA 15-3"	
<http://purl.obolibrary.org/obo/DDO.owl#DDO_0000287>	"CA 27-29"	
<http://purl.obolibrary.org/obo/DDO.owl#DDO_0000288>	"LDH - lactate dehydrogenase"	
<http://purl.obolibrary.org/obo/DDO.owl#DDO_0000289>	"urine analysis"	
<http://purl.obolibrary.org/obo/DDO.owl#DDO_0000290>	"chemical examination"	
<http://purl.obolibrary.org/obo/DDO.owl#DDO_0000291>	"microscopic examination"	
<http://purl.obolibrary.org/obo/DDO.owl#DDO_0000292>	"pus cells"	
<http://purl.obolibrary.org/obo/DDO.owl#DDO_0000293>	"red blood cells"	
<http://purl.obolibrary.org/obo/DDO.owl#DDO_0000294>	"crystals"	
<http://purl.obolibrary.org/obo/DDO.owl#DDO_0000295>	"urine protein"	
<http://purl.obolibrary.org/obo/DDO.owl#DDO_0000296>	"urine blood"	
<http://purl.obolibrary.org/obo/DDO.owl#DDO_0000297>	"urine bilirubin"	
<http://purl.obolibrary.org/obo/DDO.owl#DDO_0000298>	"urine glucose"	
<http://purl.obolibrary.org/obo/DDO.owl#DDO_0000299>	"urine ketones"	
<http://purl.obolibrary.org/obo/DDO.owl#DDO_0000300>	"urine urobilinogen"	
<http://purl.obolibrary.org/obo/DDO.owl#DDO_0000301>	"liver  function test"	
<http://purl.obolibrary.org/obo/DDO.owl#DDO_0000302>	"total bilirubin"	
<http://purl.obolibrary.org/obo/DDO.owl#DDO_0000303>	"direct bilirubin"	
<http://purl.obolibrary.org/obo/DDO.owl#DDO_0000304>	"SGOT(AST)"	
<http://purl.obolibrary.org/obo/DDO.owl#DDO_0000305>	"SGPT"	
<http://purl.obolibrary.org/obo/DDO.owl#DDO_0000306>	"alkaline phosphatase"	
<http://purl.obolibrary.org/obo/DDO.owl#DDO_0000307>	"gamma GT"	
<http://purl.obolibrary.org/obo/DDO.owl#DDO_0000308>	"total protein"	
<http://purl.obolibrary.org/obo/DDO.owl#DDO_0000309>	"serum albumin"	
<http://purl.obolibrary.org/obo/DDO.owl#DDO_0000322>	"insulin measurement"	
<http://purl.obolibrary.org/obo/DDO.owl#DDO_0000323>	"C-peptide"	
<http://purl.obolibrary.org/obo/DDO.owl#DDO_0000324>	"autoantibody"	
<http://purl.obolibrary.org/obo/DDO.owl#DDO_0000325>	"glutamic acid decarboxylase antibody"	
<http://purl.obolibrary.org/obo/DDO.owl#DDO_0000326>	"serum osmolality"	
<http://purl.obolibrary.org/obo/DDO.owl#DDO_0000327>	"islet cell cytoplasma antibody"	
<http://purl.obolibrary.org/obo/DDO.owl#DDO_0000328>	"glutamic acid decarboxylase antibody"	
<http://purl.obolibrary.org/obo/DDO.owl#DDO_0000329>	"insulin antibodies"	
<http://purl.obolibrary.org/obo/DDO.owl#DDO_0000330>	"plasma bicarbonate"	
<http://purl.obolibrary.org/obo/DDO.owl#DDO_0000331>	"thyroid autoantibodies"	
<http://purl.obolibrary.org/obo/DDO.owl#DDO_0000332>	"dry mouth"	
<http://purl.obolibrary.org/obo/DDO.owl#DDO_0000333>	"nausea"	
<http://purl.obolibrary.org/obo/DDO.owl#DDO_0000334>	"frequent vaginal infections"	
<http://purl.obolibrary.org/obo/DDO.owl#DDO_0000335>	"slow wound healing"	
<http://purl.obolibrary.org/obo/DDO.owl#DDO_0000336>	"numbness"	
<http://purl.obolibrary.org/obo/DDO.owl#DDO_0000337>	"tingling of skin"	
<http://purl.obolibrary.org/obo/DDO.owl#DDO_0000338>	"polyuria"	
<http://purl.obolibrary.org/obo/DDO.owl#DDO_0000339>	"polydipsia"	
<http://purl.obolibrary.org/obo/DDO.owl#DDO_0000340>	"Polyphagia"	
<http://purl.obolibrary.org/obo/DDO.owl#DDO_0000341>	"nocturia"	
<http://purl.obolibrary.org/obo/DDO.owl#DDO_0000342>	"bladder dysfunction"	
<http://purl.obolibrary.org/obo/DDO.owl#DDO_0000343>	"blurred vision"	
<http://purl.obolibrary.org/obo/DDO.owl#DDO_0000344>	"diarrhea"	
<http://purl.obolibrary.org/obo/DDO.owl#DDO_0000345>	"clostridium difficile diarrhea"	
<http://purl.obolibrary.org/obo/DDO.owl#DDO_0000346>	"passage of rice water stools"	
<http://purl.obolibrary.org/obo/DDO.owl#DDO_0000347>	"postprandial diarrhea"	
<http://purl.obolibrary.org/obo/DDO.owl#DDO_0000348>	"protracted diarrhea"	
<http://purl.obolibrary.org/obo/DDO.owl#DDO_0000350>	"severe diarrhea"	
<http://purl.obolibrary.org/obo/DDO.owl#DDO_0000351>	"blood ketone"	
<http://purl.obolibrary.org/obo/DDO.owl#DDO_0000352>	"serum ketone"	
<http://purl.obolibrary.org/obo/DDO.owl#DDO_0000353>	"hyperosmolarity"	
<http://purl.obolibrary.org/obo/DDO.owl#DDO_0000354>	"urine microalbumin"	
<http://purl.obolibrary.org/obo/DDO.owl#DDO_0000355>	"plasma creatinine"	
<http://purl.obolibrary.org/obo/DDO.owl#DDO_0000357>	"decreased testosterone level"	
<http://purl.obolibrary.org/obo/DDO.owl#DDO_0000360>	"overweight"	
<http://purl.obolibrary.org/obo/DDO.owl#DDO_0000361>	"body mass index 25-29 - overweight"	
<http://purl.obolibrary.org/obo/DDO.owl#DDO_0000365>	"hunger"	
<http://purl.obolibrary.org/obo/DDO.owl#DDO_0000366>	"always hungry"	
<http://purl.obolibrary.org/obo/DDO.owl#DDO_0000367>	"morbid hunger"	
<http://purl.obolibrary.org/obo/DDO.owl#DDO_0000368>	"serum adiponectin"	
<http://purl.obolibrary.org/obo/DDO.owl#DDO_0000370>	"serum fetuin-A"	
<http://purl.obolibrary.org/obo/DDO.owl#DDO_0000372>	"glucose regulation"	
<http://purl.obolibrary.org/obo/DDO.owl#DDO_0000373>	"dysglycemia"	
<http://purl.obolibrary.org/obo/DDO.owl#DDO_0000374>	"glucagon resistance"	
<http://purl.obolibrary.org/obo/DDO.owl#DDO_0000375>	"hyperglycemic disorder"	
<http://purl.obolibrary.org/obo/DDO.owl#DDO_0000376>	"hyperglycemic disorder in pregnancy"	
<http://purl.obolibrary.org/obo/DDO.owl#DDO_0000392>	"impaired glucose tolerance in pregnancy"	
<http://purl.obolibrary.org/obo/DDO.owl#DDO_0000393>	"impaired fasting glycaemia"	
<http://purl.obolibrary.org/obo/DDO.owl#DDO_0000394>	"metabolic stress hyperglycemia"	
<http://purl.obolibrary.org/obo/DDO.owl#DDO_0000395>	"postpancreatectomy hyperglycemia"	
<http://purl.obolibrary.org/obo/DDO.owl#DDO_0000396>	"hyperinsulinism"	
<http://purl.obolibrary.org/obo/DDO.owl#DDO_0000397>	"alimentary hyperinsulinemia"	
<http://purl.obolibrary.org/obo/DDO.owl#DDO_0000398>	"congenital hyperinsulinism"	
<http://purl.obolibrary.org/obo/DDO.owl#DDO_0000399>	"drug-induced hyperinsulinemia"	
<http://purl.obolibrary.org/obo/DDO.owl#DDO_0000400>	"ectopic hyperinsulinism"	
<http://purl.obolibrary.org/obo/DDO.owl#DDO_0000401>	"functional hyperinsulinism"	
<http://purl.obolibrary.org/obo/DDO.owl#DDO_00004011>	"neonatal hypoglycemia"	
<http://purl.obolibrary.org/obo/DDO.owl#DDO_00004012>	"iatrogenic neonatal hypoglycemia"	
<http://purl.obolibrary.org/obo/DDO.owl#DDO_00004013>	"transitory neonatal hypoglycemia"	
<http://purl.obolibrary.org/obo/DDO.owl#DDO_00004014>	"alimentary hypoglycemia"	
<http://purl.obolibrary.org/obo/DDO.owl#DDO_0000402>	"hyperinsulinemia due to insulinoma"	
<http://purl.obolibrary.org/obo/DDO.owl#DDO_0000403>	"iatrogenic hyperinsulinism"	
<http://purl.obolibrary.org/obo/DDO.owl#DDO_0000404>	"idiopathic transient neonatal hyperinsulinemia"	
<http://purl.obolibrary.org/obo/DDO.owl#DDO_0000405>	"impaired glucose tolerance with hyperinsulism"	
<http://purl.obolibrary.org/obo/DDO.owl#DDO_0000406>	"self-induced hyperinsulinemia"	
<http://purl.obolibrary.org/obo/DDO.owl#DDO_0000407>	"hypoglycemic disorder"	
<http://purl.obolibrary.org/obo/DDO.owl#DDO_0000408>	"autoimmune hypoglycemia"	
<http://purl.obolibrary.org/obo/DDO.owl#DDO_0000409>	"factitious hypoglycemia"	
<http://purl.obolibrary.org/obo/DDO.owl#DDO_0000410>	"hypoglycemia"	
<http://purl.obolibrary.org/obo/DDO.owl#DDO_0000413>	"post gastrointestinal tract surgery hypoglycemia"	
<http://purl.obolibrary.org/obo/DDO.owl#DDO_0000415>	"late dumping syndrome"	
<http://purl.obolibrary.org/obo/DDO.owl#DDO_0000416>	"hypoglycemia of childhood"	
<http://purl.obolibrary.org/obo/DDO.owl#DDO_0000417>	"hypoglycemic coma"	
<http://purl.obolibrary.org/obo/DDO.owl#DDO_0000418>	"hypoglycemic coma in diabetes mellitus"	
<http://purl.obolibrary.org/obo/DDO.owl#DDO_0000419>	"hypoglycemic coma in type 1 diabetes mellitus"	
<http://purl.obolibrary.org/obo/DDO.owl#DDO_0000420>	"hypoglycemic coma in type 2 diabetes mellitus"	
<http://purl.obolibrary.org/obo/DDO.owl#DDO_0000421>	"insulin coma"	
<http://purl.obolibrary.org/obo/DDO.owl#DDO_0000422>	"hypoglycemic shock"	
<http://purl.obolibrary.org/obo/DDO.owl#DDO_0000423>	"ketotic hypoglycemia"	
<http://purl.obolibrary.org/obo/DDO.owl#DDO_0000424>	"leucine-induced hypoglycemia"	
<http://purl.obolibrary.org/obo/DDO.owl#DDO_0000425>	"mixed hypoglycemia"	
<http://purl.obolibrary.org/obo/DDO.owl#DDO_0000426>	"neuroglycopenia"	
<http://purl.obolibrary.org/obo/DDO.owl#DDO_0000428>	"impaired glucose tolerance"	
<http://purl.obolibrary.org/obo/DDO.owl#DDO_0000429>	"impaired glucose tolerance associated with drugs"	
<http://purl.obolibrary.org/obo/DDO.owl#DDO_0000430>	"impaired glucose tolerance associated with insulin receptor abnormality"	
<http://purl.obolibrary.org/obo/DDO.owl#DDO_0000431>	"impaired glucose tolerance associated with pancreatic disease"	
<http://purl.obolibrary.org/obo/DDO.owl#DDO_0000432>	"impaired glucose tolerance in MODY"	
<http://purl.obolibrary.org/obo/DDO.owl#DDO_0000433>	"impaired glucose tolerance in nonobese"	
<http://purl.obolibrary.org/obo/DDO.owl#DDO_0000434>	"impaired glucose tolerance in obese"	
<http://purl.obolibrary.org/obo/DDO.owl#DDO_0000435>	"impaired glucose tolerance in pregnancy"	
<http://purl.obolibrary.org/obo/DDO.owl#DDO_0000436>	"impaired glucose tolerance with hyperinsulism"	
<http://purl.obolibrary.org/obo/DDO.owl#DDO_0000437>	"potential abnormality of glucose tolerance"	
<http://purl.obolibrary.org/obo/DDO.owl#DDO_0000438>	"previous abnormality of glucose tolerance"	
<http://purl.obolibrary.org/obo/DDO.owl#DDO_0000439>	"foot symptom"	
<http://purl.obolibrary.org/obo/DDO.owl#DDO_0000440>	"discoloration of skin"	
<http://purl.obolibrary.org/obo/DDO.owl#DDO_0000441>	"foot ulcer"	
<http://purl.obolibrary.org/obo/DDO.owl#DDO_0000442>	"foot fissures"	
<http://purl.obolibrary.org/obo/DDO.owl#DDO_0000443>	"pain in walk and rest"	
<http://purl.obolibrary.org/obo/DDO.owl#DDO_0000444>	"diabetic myonecrosis"	
<http://purl.obolibrary.org/obo/DDO.owl#DDO_0000445>	"cerebrovascular disease"	
<http://purl.obolibrary.org/obo/DDO.owl#DDO_0000446>	"transient ischemic attack"	
<http://purl.obolibrary.org/obo/DDO.owl#DDO_0000447>	"angina"	
<http://purl.obolibrary.org/obo/DDO.owl#DDO_0000448>	"foot disease"	
<http://purl.obolibrary.org/obo/DDO.owl#DDO_0000449>	"foot ulcer"	
<http://purl.obolibrary.org/obo/DDO.owl#DDO_0000450>	"amputation"	
<http://purl.obolibrary.org/obo/DDO.owl#DDO_0000454>	"skin disease"	
<http://purl.obolibrary.org/obo/DDO.owl#DDO_0000455>	"hearing disease"	
<http://purl.obolibrary.org/obo/DDO.owl#DDO_0000457>	"gangrene"	
<http://purl.obolibrary.org/obo/DDO.owl#DDO_0000458>	"arteriosclerotic gangrene"	
<http://purl.obolibrary.org/obo/DDO.owl#DDO_0000459>	"gangrene due to atherosclerosis of native artery of limb"	
<http://purl.obolibrary.org/obo/DDO.owl#DDO_0000460>	"gangrene associated with diabetes mellitus"	
<http://purl.obolibrary.org/obo/DDO.owl#DDO_0000461>	"diabetic gangrene"	
<http://purl.obolibrary.org/obo/DDO.owl#DDO_0000462>	"gangrene associated with type 1 diabetes mellitus"	
<http://purl.obolibrary.org/obo/DDO.owl#DDO_0000463>	"gangrene associated with type 2 diabetes mellitus"	
<http://purl.obolibrary.org/obo/DDO.owl#DDO_0000464>	"gangrene due to arterial insufficiency"	
<http://purl.obolibrary.org/obo/DDO.owl#DDO_0000465>	"gangrene due to peripheral vascular disease"	
<http://purl.obolibrary.org/obo/DDO.owl#DDO_0000466>	"gangrene due to Raynaud disease"	
<http://purl.obolibrary.org/obo/DDO.owl#DDO_0000467>	"peripheral gangrene"	
<http://purl.obolibrary.org/obo/DDO.owl#DDO_0000468>	"acral gangrene"	
<http://purl.obolibrary.org/obo/DDO.owl#DDO_0000469>	"gangrene of foot"	
<http://purl.obolibrary.org/obo/DDO.owl#DDO_0000470>	"gangrene of toe"	
<http://purl.obolibrary.org/obo/DDO.owl#DDO_0000471>	"gangrene of hand"	
<http://purl.obolibrary.org/obo/DDO.owl#DDO_0000472>	"gangrene of finger"	
<http://purl.obolibrary.org/obo/DDO.owl#DDO_0000473>	"gangrene of thumb"	
<http://purl.obolibrary.org/obo/DDO.owl#DDO_0000474>	"coma"	
<http://purl.obolibrary.org/obo/DDO.owl#DDO_0000475>	"fungal and bacterial infections"	
<http://purl.obolibrary.org/obo/DDO.owl#DDO_0000476>	"vomiting"	
<http://purl.obolibrary.org/obo/DDO.owl#DDO_0000477>	"stomach pain"	
<http://purl.obolibrary.org/obo/DDO.owl#DDO_0000478>	"dehydration"	
<http://purl.obolibrary.org/obo/DDO.owl#DDO_0000479>	"headache"	
<http://purl.obolibrary.org/obo/DDO.owl#DDO_0000480>	"vegetative"	
<http://purl.obolibrary.org/obo/DDO.owl#DDO_0000481>	"sweating"	
<http://purl.obolibrary.org/obo/DDO.owl#DDO_0000482>	"palpitation"	
<http://purl.obolibrary.org/obo/DDO.owl#DDO_0000483>	"anxiety"	
<http://purl.obolibrary.org/obo/DDO.owl#DDO_0000484>	"shakiness"	
<http://purl.obolibrary.org/obo/DDO.owl#DDO_0000485>	"pallor"	
<http://purl.obolibrary.org/obo/DDO.owl#DDO_0000486>	"neuroglycopenic"	
<http://purl.obolibrary.org/obo/DDO.owl#DDO_0000487>	"confusion"	
<http://purl.obolibrary.org/obo/DDO.owl#DDO_0000488>	"acute confusion"	
<http://purl.obolibrary.org/obo/DDO.owl#DDO_0000489>	"chronic confusion"	
<http://purl.obolibrary.org/obo/DDO.owl#DDO_0000490>	"intermittent confusion"	
<http://purl.obolibrary.org/obo/DDO.owl#DDO_0000491>	"muzzy headed"	
<http://purl.obolibrary.org/obo/DDO.owl#DDO_0000492>	"atypical behaviour"	
<http://purl.obolibrary.org/obo/DDO.owl#DDO_0000493>	"sleepiness"	
<http://purl.obolibrary.org/obo/DDO.owl#DDO_0000494>	"difficulty speaking"	
<http://purl.obolibrary.org/obo/DDO.owl#DDO_0000495>	"hyperglycemia"	
<http://purl.obolibrary.org/obo/DDO.owl#DDO_0000496>	"foots decreased sensation"	
<http://purl.obolibrary.org/obo/DDO.owl#DDO_0000497>	"foot burning"	
<http://purl.obolibrary.org/obo/DDO.owl#DDO_0000498>	"thinned skin"	
<http://purl.obolibrary.org/obo/DDO.owl#DDO_0000499>	"foot hair loss"	
<http://purl.obolibrary.org/obo/DDO.owl#DDO_0000500>	"claudication"	
<http://purl.obolibrary.org/obo/DDO.owl#DDO_0000501>	"foot swelling"	
<http://purl.obolibrary.org/obo/DDO.owl#DDO_0000502>	"foot joint swelling"	
<http://purl.obolibrary.org/obo/DDO.owl#DDO_0000503>	"bony swelling of the foot joint"	
<http://purl.obolibrary.org/obo/DDO.owl#DDO_0000504>	"foot joint - soft tissue swelling"	
<http://purl.obolibrary.org/obo/DDO.owl#DDO_0000505>	"foot joints synovial swelling"	
<http://purl.obolibrary.org/obo/DDO.owl#DDO_0000506>	"swollen feet"	
<http://purl.obolibrary.org/obo/DDO.owl#DDO_0000507>	"toe swelling"	
<http://purl.obolibrary.org/obo/DDO.owl#DDO_0000508>	"sausage toe"	
<http://purl.obolibrary.org/obo/DDO.owl#DDO_0000509>	"swelling of toe joint"	
<http://purl.obolibrary.org/obo/DDO.owl#DDO_0000510>	"bony swelling of toe joint"	
<http://purl.obolibrary.org/obo/DDO.owl#DDO_0000511>	"toe joint - soft tissue swelling"	
<http://purl.obolibrary.org/obo/DDO.owl#DDO_0000512>	"toe joint - synovial swelling"	
<http://purl.obolibrary.org/obo/DDO.owl#DDO_0000513>	"foot dry Skin"	
<http://purl.obolibrary.org/obo/DDO.owl#DDO_0000514>	"tachycardia"	
<http://purl.obolibrary.org/obo/DDO.owl#DDO_0000515>	"baseline tachycardia"	
<http://purl.obolibrary.org/obo/DDO.owl#DDO_0000516>	"fetal tachycardia"	
<http://purl.obolibrary.org/obo/DDO.owl#DDO_0000517>	"reflex tachycardia"	
<http://purl.obolibrary.org/obo/DDO.owl#DDO_0000518>	"sinus tachycardia"	
<http://purl.obolibrary.org/obo/DDO.owl#DDO_0000519>	"drowsiness"	
<http://purl.obolibrary.org/obo/DDO.owl#DDO_0000520>	"chronic renal insufficiency"	
<http://purl.obolibrary.org/obo/DDO.owl#DDO_0000521>	"acute-on-chronic renal failure"	
<http://purl.obolibrary.org/obo/DDO.owl#DDO_0000522>	"chronic progressive renal failure"	
<http://purl.obolibrary.org/obo/DDO.owl#DDO_0000523>	"chronic milk alkali syndrome"	
<http://purl.obolibrary.org/obo/DDO.owl#DDO_0000524>	"chronic kidney disease"	
<http://purl.obolibrary.org/obo/DDO.owl#DDO_0000525>	"chronic kidney disease stage 1"	
<http://purl.obolibrary.org/obo/DDO.owl#DDO_0000526>	"chronic kidney disease stage 2"	
<http://purl.obolibrary.org/obo/DDO.owl#DDO_0000527>	"chronic kidney disease stage 3"	
<http://purl.obolibrary.org/obo/DDO.owl#DDO_0000528>	"chronic kidney disease stage 4"	
<http://purl.obolibrary.org/obo/DDO.owl#DDO_0000529>	"chronic kidney disease stage 5"	
<http://purl.obolibrary.org/obo/DDO.owl#DDO_0000530>	"hypertension in chronic kidney disease"	
<http://purl.obolibrary.org/obo/DDO.owl#DDO_0000531>	"chronic kidney disease stage 3A"	
<http://purl.obolibrary.org/obo/DDO.owl#DDO_0000532>	"chronic kidney disease stage 3B"	
<http://purl.obolibrary.org/obo/DDO.owl#DDO_0000533>	"hyperuricemia"	
<http://purl.obolibrary.org/obo/DDO.owl#DDO_0000534>	"Lesch-Nyhan syndrome"	
<http://purl.obolibrary.org/obo/DDO.owl#DDO_0000535>	"primary gout"	
<http://purl.obolibrary.org/obo/DDO.owl#DDO_0000536>	"primary chronic gout without tophus"	
<http://purl.obolibrary.org/obo/DDO.owl#DDO_0000538>	"hypothyroidism"	
<http://purl.obolibrary.org/obo/DDO.owl#DDO_0000539>	"secondary gout"	
<http://purl.obolibrary.org/obo/DDO.owl#DDO_0000540>	"gout"	
<http://purl.obolibrary.org/obo/DDO.owl#DDO_0000541>	"articular gout"	
<http://purl.obolibrary.org/obo/DDO.owl#DDO_0000542>	"chronic gouty arthritis"	
<http://purl.obolibrary.org/obo/DDO.owl#DDO_0000543>	"chronic tophaceous gout"	
<http://purl.obolibrary.org/obo/DDO.owl#DDO_0000544>	"gouty arthritis of multiple sites"	
<http://purl.obolibrary.org/obo/DDO.owl#DDO_0000545>	"chronic gout without tophus"	
<http://purl.obolibrary.org/obo/DDO.owl#DDO_0000546>	"familial juvenile gout"	
<http://purl.obolibrary.org/obo/DDO.owl#DDO_0000547>	"gouty iritis"	
<http://purl.obolibrary.org/obo/DDO.owl#DDO_0000548>	"gouty neuritis"	
<http://purl.obolibrary.org/obo/DDO.owl#DDO_0000549>	"gouty tophus"	
<http://purl.obolibrary.org/obo/DDO.owl#DDO_0000550>	"primary gout"	
<http://purl.obolibrary.org/obo/DDO.owl#DDO_0000551>	"secondary gout"	
<http://purl.obolibrary.org/obo/DDO.owl#DDO_0000552>	"visceral gout"	
<http://purl.obolibrary.org/obo/DDO.owl#DDO_0000553>	"urinary tract infectious"	
<http://purl.obolibrary.org/obo/DDO.owl#DDO_0000554>	"acute urinary tract infection"	
<http://purl.obolibrary.org/obo/DDO.owl#DDO_0000555>	"acute lower urinary tract infection"	
<http://purl.obolibrary.org/obo/DDO.owl#DDO_0000556>	"acute gonococcal cystitis"	
<http://purl.obolibrary.org/obo/DDO.owl#DDO_0000557>	"acute gonococcal urethritis"	
<http://purl.obolibrary.org/obo/DDO.owl#DDO_0000558>	"acute upper urinary tract infection"	
<http://purl.obolibrary.org/obo/DDO.owl#DDO_0000559>	"acute infectious tubulointerstitial nephritis"	
<http://purl.obolibrary.org/obo/DDO.owl#DDO_0000560>	"acute bacterial tubulointerstitial nephritis"	
<http://purl.obolibrary.org/obo/DDO.owl#DDO_0000561>	"acute fungal tubulointerstitial nephritis"	
<http://purl.obolibrary.org/obo/DDO.owl#DDO_0000562>	"acute tubulointerstitial nephritis associated with systemic infection"	
<http://purl.obolibrary.org/obo/DDO.owl#DDO_0000563>	"acute viral tubulointerstitial nephritis"	
<http://purl.obolibrary.org/obo/DDO.owl#DDO_0000564>	"acute pyelonephritis"	
<http://purl.obolibrary.org/obo/DDO.owl#DDO_0000565>	"acute pyelonephritis with medullary necrosis"	
<http://purl.obolibrary.org/obo/DDO.owl#DDO_0000566>	"acute pyelonephritis without medullary necrosis"	
<http://purl.obolibrary.org/obo/DDO.owl#DDO_0000567>	"emphysematous pyelonephritis"	
<http://purl.obolibrary.org/obo/DDO.owl#DDO_0000568>	"focal pyelonephritis"	
<http://purl.obolibrary.org/obo/DDO.owl#DDO_0000569>	"acute pyonephrosis"	
<http://purl.obolibrary.org/obo/DDO.owl#DDO_0000570>	"acute pyonephrosis with renal medullary necrosis"	
<http://purl.obolibrary.org/obo/DDO.owl#DDO_0000571>	"acute pyonephrosis without renal medullary necrosis"	
<http://purl.obolibrary.org/obo/DDO.owl#DDO_0000572>	"asymptomatic bacteriuria"	
<http://purl.obolibrary.org/obo/DDO.owl#DDO_0000573>	"asymptomatic bacteriuria in pregnancy"	
<http://purl.obolibrary.org/obo/DDO.owl#DDO_0000574>	"bacterial urinary infection"	
<http://purl.obolibrary.org/obo/DDO.owl#DDO_0000575>	"acute bacterial tubulointerstitial nephritis"	
<http://purl.obolibrary.org/obo/DDO.owl#DDO_0000576>	"bacterial cystitis"	
<http://purl.obolibrary.org/obo/DDO.owl#DDO_0000577>	"cystitis with actinomycosis"	
<http://purl.obolibrary.org/obo/DDO.owl#DDO_0000578>	"gonococcal cystitis"	
<http://purl.obolibrary.org/obo/DDO.owl#DDO_0000579>	"acute gonococcal cystitis"	
<http://purl.obolibrary.org/obo/DDO.owl#DDO_0000580>	"chronic gonococcal cystitis"	
<http://purl.obolibrary.org/obo/DDO.owl#DDO_0000581>	"recurrent bacterial cystitis"	
<http://purl.obolibrary.org/obo/DDO.owl#DDO_0000582>	"bacterial urethritis"	
<http://purl.obolibrary.org/obo/DDO.owl#DDO_0000583>	"acute gonococcal urethritis"	
<http://purl.obolibrary.org/obo/DDO.owl#DDO_0000584>	"chlamydial urethritis"	
<http://purl.obolibrary.org/obo/DDO.owl#DDO_0000585>	"urethritis due to Chlamydia trachomatis"	
<http://purl.obolibrary.org/obo/DDO.owl#DDO_0000586>	"chronic gonococcal urethritis"	
<http://purl.obolibrary.org/obo/DDO.owl#DDO_0000587>	"Coliform urinary tract infection"	
<http://purl.obolibrary.org/obo/DDO.owl#DDO_0000588>	"gonococcal urethral abscess"	
<http://purl.obolibrary.org/obo/DDO.owl#DDO_0000589>	"abscess of urethral gland due to Neisseria gonorrhoeae"	
<http://purl.obolibrary.org/obo/DDO.owl#DDO_0000590>	"gonococcal Littré gland abscess"	
<http://purl.obolibrary.org/obo/DDO.owl#DDO_0000591>	"chronic urinary tract infection"	
<http://purl.obolibrary.org/obo/DDO.owl#DDO_0000592>	"chronic infective interstitial nephritis"	
<http://purl.obolibrary.org/obo/DDO.owl#DDO_0000593>	"chronic lower urinary tract infection"	
<http://purl.obolibrary.org/obo/DDO.owl#DDO_0000594>	"chronic gonococcal cystitis"	
<http://purl.obolibrary.org/obo/DDO.owl#DDO_0000595>	"chronic gonococcal urethritis"	
<http://purl.obolibrary.org/obo/DDO.owl#DDO_0000596>	"chronic pyonephrosis"	
<http://purl.obolibrary.org/obo/DDO.owl#DDO_0000597>	"recurrent urinary tract infection"	
<http://purl.obolibrary.org/obo/DDO.owl#DDO_0000598>	"recurrent obstructive pyelonephritis"	
<http://purl.obolibrary.org/obo/DDO.owl#DDO_0000599>	"Escherichia coli urinary tract infection"	
<http://purl.obolibrary.org/obo/DDO.owl#DDO_0000600>	"lower urinary tract infectious disease"	
<http://purl.obolibrary.org/obo/DDO.owl#DDO_0000601>	"acute lower urinary tract infection"	
<http://purl.obolibrary.org/obo/DDO.owl#DDO_0000602>	"acute gonococcal cystitis"	
<http://purl.obolibrary.org/obo/DDO.owl#DDO_0000603>	"acute gonococcal urethritis"	
<http://purl.obolibrary.org/obo/DDO.owl#DDO_0000604>	"emphysematous cystitis"	
<http://purl.obolibrary.org/obo/DDO.owl#DDO_0000605>	"infections of bladder in pregnancy"	
<http://purl.obolibrary.org/obo/DDO.owl#DDO_0000606>	"infective urethritis"	
<http://purl.obolibrary.org/obo/DDO.owl#DDO_0000607>	"bacterial urethritis"	
<http://purl.obolibrary.org/obo/DDO.owl#DDO_0000608>	"acute gonococcal urethritis"	
<http://purl.obolibrary.org/obo/DDO.owl#DDO_0000609>	"candidal urethritis"	
<http://purl.obolibrary.org/obo/DDO.owl#DDO_0000610>	"gonococcal urethritis"	
<http://purl.obolibrary.org/obo/DDO.owl#DDO_0000611>	"acute gonococcal urethritis"	
<http://purl.obolibrary.org/obo/DDO.owl#DDO_0000612>	"chronic gonococcal urethritis"	
<http://purl.obolibrary.org/obo/DDO.owl#DDO_0000613>	"infections of urethra in pregnancy"	
<http://purl.obolibrary.org/obo/DDO.owl#DDO_0000614>	"trichomonal urethritis"	
<http://purl.obolibrary.org/obo/DDO.owl#DDO_0000615>	"Reiter's urethritis"	
<http://purl.obolibrary.org/obo/DDO.owl#DDO_0000616>	"trichomonal urethritis"	
<http://purl.obolibrary.org/obo/DDO.owl#DDO_0000617>	"nongonococcal urethritis due to Ureaplasma urealyticum"	
<http://purl.obolibrary.org/obo/DDO.owl#DDO_0000618>	"schistosomiasis of the urethra"	
<http://purl.obolibrary.org/obo/DDO.owl#DDO_0000619>	"trichomonal cystitis"	
<http://purl.obolibrary.org/obo/DDO.owl#DDO_0000620>	"urinary tract infection due to urinary catheter"	
<http://purl.obolibrary.org/obo/DDO.owl#DDO_0000621>	"neonatal urinary tract infection"	
<http://purl.obolibrary.org/obo/DDO.owl#DDO_0000622>	"postoperative urinary tract infection"	
<http://purl.obolibrary.org/obo/DDO.owl#DDO_0000623>	"Pseudomonas urinary tract infection"	
<http://purl.obolibrary.org/obo/DDO.owl#DDO_0000624>	"renal tract candidiasis"	
<http://purl.obolibrary.org/obo/DDO.owl#DDO_0000625>	"candidal urethritis"	
<http://purl.obolibrary.org/obo/DDO.owl#DDO_0000626>	"candiduria"	
<http://purl.obolibrary.org/obo/DDO.owl#DDO_0000627>	"upper urinary tract infection"	
<http://purl.obolibrary.org/obo/DDO.owl#DDO_0000628>	"acute upper urinary tract infection"	
<http://purl.obolibrary.org/obo/DDO.owl#DDO_0000629>	"acute infectious tubulointerstitial nephritis"	
<http://purl.obolibrary.org/obo/DDO.owl#DDO_0000630>	"acute bacterial tubulointerstitial nephritis"	
<http://purl.obolibrary.org/obo/DDO.owl#DDO_0000631>	"acute fungal tubulointerstitial nephritis"	
<http://purl.obolibrary.org/obo/DDO.owl#DDO_0000632>	"acute tubulointerstitial nephritis associated with systemic infection"	
<http://purl.obolibrary.org/obo/DDO.owl#DDO_0000633>	"acute viral tubulointerstitial nephritis"	
<http://purl.obolibrary.org/obo/DDO.owl#DDO_0000634>	"acute pyelonephritis"	
<http://purl.obolibrary.org/obo/DDO.owl#DDO_0000635>	"acute pyelonephritis with medullary necrosis"	
<http://purl.obolibrary.org/obo/DDO.owl#DDO_0000636>	"acute pyelonephritis without medullary necrosis"	
<http://purl.obolibrary.org/obo/DDO.owl#DDO_0000637>	"emphysematous pyelonephritis"	
<http://purl.obolibrary.org/obo/DDO.owl#DDO_0000638>	"focal pyelonephritis"	
<http://purl.obolibrary.org/obo/DDO.owl#DDO_0000639>	"acute pyonephrosis"	
<http://purl.obolibrary.org/obo/DDO.owl#DDO_0000640>	"acute pyonephrosis with renal medullary necrosis"	
<http://purl.obolibrary.org/obo/DDO.owl#DDO_0000641>	"acute pyonephrosis without renal medullary necrosis"	
<http://purl.obolibrary.org/obo/DDO.owl#DDO_0000642>	"infectious disorder of kidney"	
<http://purl.obolibrary.org/obo/DDO.owl#DDO_0000643>	"acute infectious tubulointerstitial nephritis"	
<http://purl.obolibrary.org/obo/DDO.owl#DDO_0000644>	"acute bacterial tubulointerstitial nephritis"	
<http://purl.obolibrary.org/obo/DDO.owl#DDO_0000645>	"acute fungal tubulointerstitial nephritis"	
<http://purl.obolibrary.org/obo/DDO.owl#DDO_0000646>	"acute tubulointerstitial nephritis associated with systemic infection"	
<http://purl.obolibrary.org/obo/DDO.owl#DDO_0000647>	"acute viral tubulointerstitial nephritis"	
<http://purl.obolibrary.org/obo/DDO.owl#DDO_0000648>	"calculous pyelonephritis"	
<http://purl.obolibrary.org/obo/DDO.owl#DDO_0000649>	"diffuse pyelonephritis"	
<http://purl.obolibrary.org/obo/DDO.owl#DDO_0000650>	"fungal infection of kidney"	
<http://purl.obolibrary.org/obo/DDO.owl#DDO_0000651>	"acute fungal tubulointerstitial nephritis"	
<http://purl.obolibrary.org/obo/DDO.owl#DDO_0000652>	"renal candidiasis"	
<http://purl.obolibrary.org/obo/DDO.owl#DDO_0000653>	"Candida pyelonephritis"	
<http://purl.obolibrary.org/obo/DDO.owl#DDO_0000654>	"hydatid cyst of kidney"	
<http://purl.obolibrary.org/obo/DDO.owl#DDO_0000655>	"infected renal cyst"	
<http://purl.obolibrary.org/obo/DDO.owl#DDO_0000656>	"pyonephrosis"	
<http://purl.obolibrary.org/obo/DDO.owl#DDO_0000657>	"acute pyonephrosis"	
<http://purl.obolibrary.org/obo/DDO.owl#DDO_0000658>	"chronic pyonephrosis"	
<http://purl.obolibrary.org/obo/DDO.owl#DDO_0000659>	"subacute pyelonephritis"	
<http://purl.obolibrary.org/obo/DDO.owl#DDO_0000660>	"syphilis of kidney"	
<http://purl.obolibrary.org/obo/DDO.owl#DDO_0000661>	"late syphilis of kidney"	
<http://purl.obolibrary.org/obo/DDO.owl#DDO_0000662>	"tuberculous pyelitis"	
<http://purl.obolibrary.org/obo/DDO.owl#DDO_0000663>	"tuberculous pyelonephritis"	
<http://purl.obolibrary.org/obo/DDO.owl#DDO_0000664>	"pyoureter"	
<http://purl.obolibrary.org/obo/DDO.owl#DDO_0000665>	"schistosomiasis of ureter"	
<http://purl.obolibrary.org/obo/DDO.owl#DDO_0000666>	"urinary schistosomiasis"	
<http://purl.obolibrary.org/obo/DDO.owl#DDO_0000667>	"urinary tract infection in pregnancy"	
<http://purl.obolibrary.org/obo/DDO.owl#DDO_0000668>	"failed attempted termination of pregnancy with urinary tract infection"	
<http://purl.obolibrary.org/obo/DDO.owl#DDO_0000669>	"induced termination of pregnancy complicated by urinary tract infection"	
<http://purl.obolibrary.org/obo/DDO.owl#DDO_0000670>	"miscarriage with urinary tract infection"	
<http://purl.obolibrary.org/obo/DDO.owl#DDO_0000671>	"diabetic nephropathy"	
<http://purl.obolibrary.org/obo/DDO.owl#DDO_0000672>	"Armanni-Ebstein kidney"	
<http://purl.obolibrary.org/obo/DDO.owl#DDO_0000673>	"diabetes-nephrosis syndrome"	
<http://purl.obolibrary.org/obo/DDO.owl#DDO_0000674>	"diabetic glomerulopathy"	
<http://purl.obolibrary.org/obo/DDO.owl#DDO_0000675>	"diabetic glomerulonephritis"	
<http://purl.obolibrary.org/obo/DDO.owl#DDO_0000676>	"diabetic glomerulosclerosis"	
<http://purl.obolibrary.org/obo/DDO.owl#DDO_0000677>	"diabetic intracapillary glomerulosclerosis"	
<http://purl.obolibrary.org/obo/DDO.owl#DDO_0000678>	"diffuse type diabetic glomerulosclerosis"	
<http://purl.obolibrary.org/obo/DDO.owl#DDO_0000679>	"nodular type diabetic glomerulosclerosis"	
<http://purl.obolibrary.org/obo/DDO.owl#DDO_0000680>	"Kimmelstiel-Wilson syndrome"	
<http://purl.obolibrary.org/obo/DDO.owl#DDO_0000681>	"macroalbuminuric diabetic nephropathy"	
<http://purl.obolibrary.org/obo/DDO.owl#DDO_0000682>	"microalbuminuric diabetic nephropathy"	
<http://purl.obolibrary.org/obo/DDO.owl#DDO_0000683>	"persistent microalbuminuria"	
<http://purl.obolibrary.org/obo/DDO.owl#DDO_0000684>	"nephrotic syndrome due to diabetes mellitus"	
<http://purl.obolibrary.org/obo/DDO.owl#DDO_0000685>	"proteinuric diabetic nephropathy"	
<http://purl.obolibrary.org/obo/DDO.owl#DDO_0000686>	"persistent proteinuria"	
<http://purl.obolibrary.org/obo/DDO.owl#DDO_0000687>	"diabetic retinopathy"	
<http://purl.obolibrary.org/obo/DDO.owl#DDO_0000688>	"advanced retinal disease"	
<http://purl.obolibrary.org/obo/DDO.owl#DDO_0000689>	"intraretinal microvascular anomaly"	
<http://purl.obolibrary.org/obo/DDO.owl#DDO_0000690>	"maculopathy"	
<http://purl.obolibrary.org/obo/DDO.owl#DDO_0000691>	"advanced maculopathy"	
<http://purl.obolibrary.org/obo/DDO.owl#DDO_0000692>	"macular edema"	
<http://purl.obolibrary.org/obo/DDO.owl#DDO_0000693>	"diffuse maculopathy"	
<http://purl.obolibrary.org/obo/DDO.owl#DDO_0000694>	"exudative maculopathy"	
<http://purl.obolibrary.org/obo/DDO.owl#DDO_0000695>	"focal maculopathy"	
<http://purl.obolibrary.org/obo/DDO.owl#DDO_0000696>	"ischemic maculopathy"	
<http://purl.obolibrary.org/obo/DDO.owl#DDO_0000697>	"mixed maculopathy"	
<http://purl.obolibrary.org/obo/DDO.owl#DDO_0000698>	"left eye diabetic maculopathy"	
<http://purl.obolibrary.org/obo/DDO.owl#DDO_0000699>	"right eye diabetic maculopathy"	
<http://purl.obolibrary.org/obo/DDO.owl#DDO_0000700>	"retinal microaneurysm"	
<http://purl.obolibrary.org/obo/DDO.owl#DDO_0000701>	"retinal venous beading"	
<http://purl.obolibrary.org/obo/DDO.owl#DDO_0000702>	"diabetic retinopathy associated with type 1 diabetes mellitus"	
<http://purl.obolibrary.org/obo/DDO.owl#DDO_0000703>	"exudative maculopathy associated with type 1 diabetes mellitus"	
<http://purl.obolibrary.org/obo/DDO.owl#DDO_0000704>	"nonproliferative diabetic retinopathy due to type 1 diabetes mellitus"	
<http://purl.obolibrary.org/obo/DDO.owl#DDO_0000705>	"proliferative retinopathy due to type 1 diabetes mellitus"	
<http://purl.obolibrary.org/obo/DDO.owl#DDO_0000706>	"traction retinal detachment due to type 1 diabetes mellitus"	
<http://purl.obolibrary.org/obo/DDO.owl#DDO_0000707>	"diabetic retinopathy associated with type 2 diabetes mellitus"	
<http://purl.obolibrary.org/obo/DDO.owl#DDO_0000708>	"exudative maculopathy associated with type 2 diabetes mellitus"	
<http://purl.obolibrary.org/obo/DDO.owl#DDO_0000709>	"macular edema and retinopathy due to type 2 diabetes mellitus"	
<http://purl.obolibrary.org/obo/DDO.owl#DDO_0000710>	"nonproliferative diabetic retinopathy due to type 2 diabetes mellitus"	
<http://purl.obolibrary.org/obo/DDO.owl#DDO_0000711>	"mild nonproliferative retinopathy due to type 2 diabetes mellitus"	
<http://purl.obolibrary.org/obo/DDO.owl#DDO_0000712>	"moderate nonproliferative retinopathy due to type 2 diabetes mellitus"	
<http://purl.obolibrary.org/obo/DDO.owl#DDO_0000713>	"proliferative diabetic retinopathy due to type 2 diabetes mellitus"	
<http://purl.obolibrary.org/obo/DDO.owl#DDO_0000714>	"proliferative retinopathy with retinal edema due to type 2 diabetes mellitus"	
<http://purl.obolibrary.org/obo/DDO.owl#DDO_0000715>	"traction retinal detachment due to type 2 diabetes mellitus"	
<http://purl.obolibrary.org/obo/DDO.owl#DDO_0000716>	"traction retinal detachment"	
<http://purl.obolibrary.org/obo/DDO.owl#DDO_0000717>	"nonproliferative retinopathy"	
<http://purl.obolibrary.org/obo/DDO.owl#DDO_0000718>	"mild non-proliferative retinopathy"	
<http://purl.obolibrary.org/obo/DDO.owl#DDO_0000719>	"moderate nonproliferative retinopathy"	
<http://purl.obolibrary.org/obo/DDO.owl#DDO_0000720>	"Preproliferative retinopathy"	
<http://purl.obolibrary.org/obo/DDO.owl#DDO_0000721>	"severe nonproliferative retinopathy"	
<http://purl.obolibrary.org/obo/DDO.owl#DDO_0000722>	"left eye preproliferative retinopathy"	
<http://purl.obolibrary.org/obo/DDO.owl#DDO_0000723>	"right eye preproliferative retinopathy"	
<http://purl.obolibrary.org/obo/DDO.owl#DDO_0000724>	"very severe nonproliferative retinopathy"	
<http://purl.obolibrary.org/obo/DDO.owl#DDO_0000725>	"left eye background retinopathy"	
<http://purl.obolibrary.org/obo/DDO.owl#DDO_0000726>	"right eye background retinopathy"	
<http://purl.obolibrary.org/obo/DDO.owl#DDO_0000727>	"proliferative retinopathy"	
<http://purl.obolibrary.org/obo/DDO.owl#DDO_0000728>	"left eye proliferative retinopathy"	
<http://purl.obolibrary.org/obo/DDO.owl#DDO_0000729>	"right eye proliferative retinopathy"	
<http://purl.obolibrary.org/obo/DDO.owl#DDO_0000730>	"proliferative retinopathy - high risk"	
<http://purl.obolibrary.org/obo/DDO.owl#DDO_0000731>	"very severe proliferative retinopathy"	
<http://purl.obolibrary.org/obo/DDO.owl#DDO_0000732>	"proliferative retinopathy - iris neovascularization"	
<http://purl.obolibrary.org/obo/DDO.owl#DDO_0000733>	"proliferative retinopathy with new vessels elsewhere than on disc"	
<http://purl.obolibrary.org/obo/DDO.owl#DDO_0000734>	"proliferative retinopathy with new vessels on disc"	
<http://purl.obolibrary.org/obo/DDO.owl#DDO_0000735>	"sight threatening retinopathy"	
<http://purl.obolibrary.org/obo/DDO.owl#DDO_0000736>	"visually threatening retinopathy"	
<http://purl.obolibrary.org/obo/DDO.owl#DDO_0000737>	"cataract"	
<http://purl.obolibrary.org/obo/DDO.owl#DDO_0000738>	"adherent cataract"	
<http://purl.obolibrary.org/obo/DDO.owl#DDO_0000739>	"age-related cataract"	
<http://purl.obolibrary.org/obo/DDO.owl#DDO_0000740>	"anterior subcapsular polar senile cataract"	
<http://purl.obolibrary.org/obo/DDO.owl#DDO_0000741>	"cataracta brunescens"	
<http://purl.obolibrary.org/obo/DDO.owl#DDO_0000742>	"combined form of senile cataract"	
<http://purl.obolibrary.org/obo/DDO.owl#DDO_0000743>	"cortical senile cataract"	
<http://purl.obolibrary.org/obo/DDO.owl#DDO_0000744>	"hypermature senile cataract"	
<http://purl.obolibrary.org/obo/DDO.owl#DDO_0000745>	"incipient senile cataract"	
<http://purl.obolibrary.org/obo/DDO.owl#DDO_0000746>	"nuclear senile cataract"	
<http://purl.obolibrary.org/obo/DDO.owl#DDO_0000747>	"posterior subcapsular polar senile cataract"	
<http://purl.obolibrary.org/obo/DDO.owl#DDO_0000748>	"atopic cataract"	
<http://purl.obolibrary.org/obo/DDO.owl#DDO_0000749>	"axial cataract"	
<http://purl.obolibrary.org/obo/DDO.owl#DDO_0000750>	"bilateral cataracts"	
<http://purl.obolibrary.org/obo/DDO.owl#DDO_0000751>	"calcified cataract"	
<http://purl.obolibrary.org/obo/DDO.owl#DDO_0000752>	"capsular cataract"	
<http://purl.obolibrary.org/obo/DDO.owl#DDO_0000753>	"congenital capsular cataract"	
<http://purl.obolibrary.org/obo/DDO.owl#DDO_0000754>	"congenital capsular cataract"	
<http://purl.obolibrary.org/obo/DDO.owl#DDO_0000755>	"congenital subcapsular cataract"	
<http://purl.obolibrary.org/obo/DDO.owl#DDO_0000756>	"subcapsular cataract"	
<http://purl.obolibrary.org/obo/DDO.owl#DDO_0000757>	"anterior subcapsular cataract"	
<http://purl.obolibrary.org/obo/DDO.owl#DDO_0000758>	"anterior subcapsular polar cataract"	
<http://purl.obolibrary.org/obo/DDO.owl#DDO_0000759>	"anterior subcapsular polar senile cataract"	
<http://purl.obolibrary.org/obo/DDO.owl#DDO_0000760>	"congenital anterior subcapsular polar cataract"	
<http://purl.obolibrary.org/obo/DDO.owl#DDO_0000761>	"congenital subcapsular cataract"	
<http://purl.obolibrary.org/obo/DDO.owl#DDO_0000762>	"posterior subcapsular cataract"	
<http://purl.obolibrary.org/obo/DDO.owl#DDO_0000763>	"corticosteroid induced cataract"	
<http://purl.obolibrary.org/obo/DDO.owl#DDO_0000764>	"posterior subcapsular polar cataract"	
<http://purl.obolibrary.org/obo/DDO.owl#DDO_0000765>	"congenital posterior subcapsular polar cataract"	
<http://purl.obolibrary.org/obo/DDO.owl#DDO_0000766>	"posterior subcapsular polar senile cataract"	
<http://purl.obolibrary.org/obo/DDO.owl#DDO_0000767>	"capsular fibrosis"	
<http://purl.obolibrary.org/obo/DDO.owl#DDO_0000768>	"after-cataract not obscuring vision"	
<http://purl.obolibrary.org/obo/DDO.owl#DDO_0000769>	"after-cataract with vision obscured"	
<http://purl.obolibrary.org/obo/DDO.owl#DDO_0000770>	"anterior capsule opacification"	
<http://purl.obolibrary.org/obo/DDO.owl#DDO_0000771>	"Elschnig's pearls"	
<http://purl.obolibrary.org/obo/DDO.owl#DDO_0000772>	"posterior capsule opacification"	
<http://purl.obolibrary.org/obo/DDO.owl#DDO_0000773>	"Soemmerring's ring"	
<http://purl.obolibrary.org/obo/DDO.owl#DDO_0000774>	"cataract in systemic disorders"	
<http://purl.obolibrary.org/obo/DDO.owl#DDO_0000775>	"diabetic cataract"	
<http://purl.obolibrary.org/obo/DDO.owl#DDO_0000776>	"malnutrition-dehydration cataract"	
<http://purl.obolibrary.org/obo/DDO.owl#DDO_0000777>	"myotonic cataract"	
<http://purl.obolibrary.org/obo/DDO.owl#DDO_0000778>	"tetanic cataract"	
<http://purl.obolibrary.org/obo/DDO.owl#DDO_0000779>	"congenital cataract"	
<http://purl.obolibrary.org/obo/DDO.owl#DDO_0000780>	"congenital blue dot cataract"	
<http://purl.obolibrary.org/obo/DDO.owl#DDO_0000781>	"congenital capsular cataract"	
<http://purl.obolibrary.org/obo/DDO.owl#DDO_0000782>	"cortical and zonular cataract"	
<http://purl.obolibrary.org/obo/DDO.owl#DDO_0000783>	"congenital combined form cataract"	
<http://purl.obolibrary.org/obo/DDO.owl#DDO_0000784>	"congenital cortical cataract"	
<http://purl.obolibrary.org/obo/DDO.owl#DDO_0000785>	"congenital zonular cataract"	
<http://purl.obolibrary.org/obo/DDO.owl#DDO_0000786>	"congenital lamellar cataract"	
<http://purl.obolibrary.org/obo/DDO.owl#DDO_0000787>	"congenital membranous cataract"	
<http://purl.obolibrary.org/obo/DDO.owl#DDO_0000788>	"congenital polar cataract"	
<http://purl.obolibrary.org/obo/DDO.owl#DDO_0000789>	"congenital subtotal cataract"	
<http://purl.obolibrary.org/obo/DDO.owl#DDO_0000790>	"congenital sutural cataract"	
<http://purl.obolibrary.org/obo/DDO.owl#DDO_0000791>	"congenital total cataract"	
<http://purl.obolibrary.org/obo/DDO.owl#DDO_0000792>	"embryonal nuclear cataract"	
<http://purl.obolibrary.org/obo/DDO.owl#DDO_0000793>	"Nance-Horan syndrome"	
<http://purl.obolibrary.org/obo/DDO.owl#DDO_0000794>	"osteogenesis imperfecta, recessive perinatal lethal, with microcephaly AND cataracts"	
<http://purl.obolibrary.org/obo/DDO.owl#DDO_0000795>	"rubella cataract"	
<http://purl.obolibrary.org/obo/DDO.owl#DDO_0000796>	"coronary cataract"	
<http://purl.obolibrary.org/obo/DDO.owl#DDO_0000797>	"cortical cataract"	
<http://purl.obolibrary.org/obo/DDO.owl#DDO_0000799>	"congenital cortical cataract"	
<http://purl.obolibrary.org/obo/DDO.owl#DDO_0000800>	"congenital zonular cataract"	
<http://purl.obolibrary.org/obo/DDO.owl#DDO_0000801>	"cortical nonsenile cataract"	
<http://purl.obolibrary.org/obo/DDO.owl#DDO_0000802>	"immature cortical cataract"	
<http://purl.obolibrary.org/obo/DDO.owl#DDO_0000803>	"hyperferritinemia cataract syndrome"	
<http://purl.obolibrary.org/obo/DDO.owl#DDO_0000804>	"hypermature cataract"	
<http://purl.obolibrary.org/obo/DDO.owl#DDO_0000805>	"Morgagnian cataract"	
<http://purl.obolibrary.org/obo/DDO.owl#DDO_0000806>	"immature cataract"	
<http://purl.obolibrary.org/obo/DDO.owl#DDO_0000807>	"incipient cataract"	
<http://purl.obolibrary.org/obo/DDO.owl#DDO_0000808>	"infantile cataract"	
<http://purl.obolibrary.org/obo/DDO.owl#DDO_0000809>	"juvenile cataract"	
<http://purl.obolibrary.org/obo/DDO.owl#DDO_0000810>	"combined nonsenile cataract"	
<http://purl.obolibrary.org/obo/DDO.owl#DDO_0000811>	"zonular nonsenile cataract"	
<http://purl.obolibrary.org/obo/DDO.owl#DDO_0000812>	"lamellar zonular cataract"	
<http://purl.obolibrary.org/obo/DDO.owl#DDO_0000813>	"localized traumatic opacity"	
<http://purl.obolibrary.org/obo/DDO.owl#DDO_0000814>	"mature cataract"	
<http://purl.obolibrary.org/obo/DDO.owl#DDO_0000815>	"Intumescent cataract"	
<http://purl.obolibrary.org/obo/DDO.owl#DDO_0000816>	"total traumatic cataract"	
<http://purl.obolibrary.org/obo/DDO.owl#DDO_0000817>	"total, mature senile cataract"	
<http://purl.obolibrary.org/obo/DDO.owl#DDO_0000818>	"nonsenile cataract"	
<http://purl.obolibrary.org/obo/DDO.owl#DDO_0000819>	"combined form of nonsenile cataract"	
<http://purl.obolibrary.org/obo/DDO.owl#DDO_0000820>	"nuclear cataract"	
<http://purl.obolibrary.org/obo/DDO.owl#DDO_0000821>	"nuclear sclerotic cataract"	
<http://purl.obolibrary.org/obo/DDO.owl#DDO_0000822>	"partial cataract"	
<http://purl.obolibrary.org/obo/DDO.owl#DDO_0000823>	"postoperative cataract syndrome"	
<http://purl.obolibrary.org/obo/DDO.owl#DDO_0000824>	"presenile cataract"	
<http://purl.obolibrary.org/obo/DDO.owl#DDO_0000825>	"punctate cataract"	
<http://purl.obolibrary.org/obo/DDO.owl#DDO_0000826>	"stationary cataract"	
<http://purl.obolibrary.org/obo/DDO.owl#DDO_0000827>	"suture tip cataract"	
<http://purl.obolibrary.org/obo/DDO.owl#DDO_0000828>	"toxic cataract"	
<http://purl.obolibrary.org/obo/DDO.owl#DDO_0000829>	"traumatic cataract"	
<http://purl.obolibrary.org/obo/DDO.owl#DDO_0000830>	"concussion cataract"	
<http://purl.obolibrary.org/obo/DDO.owl#DDO_0000831>	"conjunctivitis"	
<http://purl.obolibrary.org/obo/DDO.owl#DDO_0000832>	"acute conjunctivitis"	
<http://purl.obolibrary.org/obo/DDO.owl#DDO_0000833>	"acute atopic conjunctivitis"	
<http://purl.obolibrary.org/obo/DDO.owl#DDO_0000834>	"acute contagious conjunctivitis"	
<http://purl.obolibrary.org/obo/DDO.owl#DDO_0000835>	"acute follicular conjunctivitis"	
<http://purl.obolibrary.org/obo/DDO.owl#DDO_0000836>	"acute hemorrhagic conjunctivitis"	
<http://purl.obolibrary.org/obo/DDO.owl#DDO_0000837>	"acute rosacea conjunctivitis"	
<http://purl.obolibrary.org/obo/DDO.owl#DDO_0000838>	"acute epidemic conjunctivitis"	
<http://purl.obolibrary.org/obo/DDO.owl#DDO_0000839>	"blepharoconjunctivitis"	
<http://purl.obolibrary.org/obo/DDO.owl#DDO_0000840>	"angular blepharoconjunctivitis"	
<http://purl.obolibrary.org/obo/DDO.owl#DDO_0000841>	"conjunctival papillary hypertrophy"	
<http://purl.obolibrary.org/obo/DDO.owl#DDO_0000842>	"contact blepharoconjunctivitis"	
<http://purl.obolibrary.org/obo/DDO.owl#DDO_0000843>	"contact lens related conjunctivitis"	
<http://purl.obolibrary.org/obo/DDO.owl#DDO_0000844>	"contact lens related papillary conjunctivitis"	
<http://purl.obolibrary.org/obo/DDO.owl#DDO_0000845>	"giant papillary conjunctivitis"	
<http://purl.obolibrary.org/obo/DDO.owl#DDO_0000846>	"contact lens related giant papillary conjunctivitis"	
<http://purl.obolibrary.org/obo/DDO.owl#DDO_0000847>	"Molluscum contagiosum blepharoconjunctivitis"	
<http://purl.obolibrary.org/obo/DDO.owl#DDO_0000848>	"papillary conjunctivitis"	
<http://purl.obolibrary.org/obo/DDO.owl#DDO_0000849>	"rosacea blepharoconjunctivitis"	
<http://purl.obolibrary.org/obo/DDO.owl#DDO_0000850>	"chronic conjunctivitis"	
<http://purl.obolibrary.org/obo/DDO.owl#DDO_0000851>	"chronic allergic conjunctivitis"	
<http://purl.obolibrary.org/obo/DDO.owl#DDO_0000852>	"chronic follicular conjunctivitis"	
<http://purl.obolibrary.org/obo/DDO.owl#DDO_0000853>	"simple chronic conjunctivitis"	
<http://purl.obolibrary.org/obo/DDO.owl#DDO_0000854>	"cicatrizing conjunctivitis"	
<http://purl.obolibrary.org/obo/DDO.owl#DDO_0000855>	"linear IgA cicatrizing conjunctivitis"	
<http://purl.obolibrary.org/obo/DDO.owl#DDO_0000856>	"ocular cicatricial pemphigoid"	
<http://purl.obolibrary.org/obo/DDO.owl#DDO_0000857>	"post-infectious cicatrizing conjunctivitis"	
<http://purl.obolibrary.org/obo/DDO.owl#DDO_0000859>	"follicular conjunctivitis"	
<http://purl.obolibrary.org/obo/DDO.owl#DDO_0000860>	"acute follicular conjunctivitis"	
<http://purl.obolibrary.org/obo/DDO.owl#DDO_0000861>	"chronic follicular conjunctivitis"	
<http://purl.obolibrary.org/obo/DDO.owl#DDO_0000862>	"trachomatous follicular conjunctivitis"	
<http://purl.obolibrary.org/obo/DDO.owl#DDO_0000863>	"granulomatous conjunctivitis"	
<http://purl.obolibrary.org/obo/DDO.owl#DDO_0000864>	"granuloma of conjunctiva"	
<http://purl.obolibrary.org/obo/DDO.owl#DDO_0000865>	"tuberculosis of conjunctiva"	
<http://purl.obolibrary.org/obo/DDO.owl#DDO_0000866>	"tuberculous keratoconjunctivitis"	
<http://purl.obolibrary.org/obo/DDO.owl#DDO_0000868>	"tuberculous phlyctenular keratoconjunctivitis"	
<http://purl.obolibrary.org/obo/DDO.owl#DDO_0000869>	"immune-mediated conjunctivitis"	
<http://purl.obolibrary.org/obo/DDO.owl#DDO_0000870>	"allergic conjunctivitis"	
<http://purl.obolibrary.org/obo/DDO.owl#DDO_0000871>	"atopic conjunctivitis"	
<http://purl.obolibrary.org/obo/DDO.owl#DDO_0000872>	"acute atopic conjunctivitis"	
<http://purl.obolibrary.org/obo/DDO.owl#DDO_0000873>	"atopic keratoconjunctivitis"	
<http://purl.obolibrary.org/obo/DDO.owl#DDO_0000874>	"chronic allergic conjunctivitis"	
<http://purl.obolibrary.org/obo/DDO.owl#DDO_0000875>	"giant papillary conjunctivitis"	
<http://purl.obolibrary.org/obo/DDO.owl#DDO_0000876>	"perennial allergic conjunctivitis"	
<http://purl.obolibrary.org/obo/DDO.owl#DDO_0000877>	"seasonal allergic conjunctivitis"	
<http://purl.obolibrary.org/obo/DDO.owl#DDO_0000878>	318316003	
<http://purl.obolibrary.org/obo/DDO.owl#DDO_0000878>	"vernal conjunctivitis"	
<http://purl.obolibrary.org/obo/DDO.owl#DDO_0000879>	"vernal keratoconjunctivitis"	
<http://purl.obolibrary.org/obo/DDO.owl#DDO_0000880>	"infective conjunctivitis"	
<http://purl.obolibrary.org/obo/DDO.owl#DDO_0000881>	"bacterial conjunctivitis"	
<http://purl.obolibrary.org/obo/DDO.owl#DDO_0000882>	"conjunctival diphtheria"	
<http://purl.obolibrary.org/obo/DDO.owl#DDO_0000883>	"gonococcal conjunctivitis"	
<http://purl.obolibrary.org/obo/DDO.owl#DDO_0000884>	"Listeria conjunctivitis"	
<http://purl.obolibrary.org/obo/DDO.owl#DDO_0000885>	"meningococcal conjunctivitis"	
<http://purl.obolibrary.org/obo/DDO.owl#DDO_0000886>	"Morax lacunata angular conjunctivitis"	
<http://purl.obolibrary.org/obo/DDO.owl#DDO_0000887>	"neonatal bacterial conjunctivitis"	
<http://purl.obolibrary.org/obo/DDO.owl#DDO_0000888>	"Coliform ophthalmia neonatorum"	
<http://purl.obolibrary.org/obo/DDO.owl#DDO_0000889>	"gonococcal conjunctivitis neonatorum"	
<http://purl.obolibrary.org/obo/DDO.owl#DDO_0000900>	"neonatal chlamydial conjunctivitis"	
<http://purl.obolibrary.org/obo/DDO.owl#DDO_0000901>	"Pseudomonas ophthalmia neonatorum"	
<http://purl.obolibrary.org/obo/DDO.owl#DDO_0000902>	"staphylococcal ophthalmia neonatorum"	
<http://purl.obolibrary.org/obo/DDO.owl#DDO_0000903>	"oculoglandular tularemia"	
<http://purl.obolibrary.org/obo/DDO.owl#DDO_0000904>	"chlamydial conjunctivitis"	
<http://purl.obolibrary.org/obo/DDO.owl#DDO_0000905>	"trachoma"	
<http://purl.obolibrary.org/obo/DDO.owl#DDO_0000906>	"inclusion conjunctivitis"	
<http://purl.obolibrary.org/obo/DDO.owl#DDO_0000907>	"neonatal inclusion body conjunctivitis"	
<http://purl.obolibrary.org/obo/DDO.owl#DDO_0000908>	"trachoma, active stage"	
<http://purl.obolibrary.org/obo/DDO.owl#DDO_0000909>	"trachoma, initial stage"	
<http://purl.obolibrary.org/obo/DDO.owl#DDO_0000910>	"trachomatous granular conjunctivitis"	
<http://purl.obolibrary.org/obo/DDO.owl#DDO_0000911>	"trachomatous pannus"	
<http://purl.obolibrary.org/obo/DDO.owl#DDO_0000912>	"fungal conjunctivitis"	
<http://purl.obolibrary.org/obo/DDO.owl#DDO_0000913>	"Herpes simplex keratoconjunctivitis"	
<http://purl.obolibrary.org/obo/DDO.owl#DDO_0000914>	"Herpes zoster keratoconjunctivitis"	
<http://purl.obolibrary.org/obo/DDO.owl#DDO_0000915>	"lyme conjunctivitis"	
<http://purl.obolibrary.org/obo/DDO.owl#DDO_0000916>	"mucopurulent conjunctivitis"	
<http://purl.obolibrary.org/obo/DDO.owl#DDO_0000917>	"acute mucopurulent conjunctivitis"	
<http://purl.obolibrary.org/obo/DDO.owl#DDO_0000918>	"Brazilian purpuric fever"	
<http://purl.obolibrary.org/obo/DDO.owl#DDO_0000919>	"catarrhal conjunctivitis"	
<http://purl.obolibrary.org/obo/DDO.owl#DDO_0000920>	"parasitic conjunctivitis"	
<http://purl.obolibrary.org/obo/DDO.owl#DDO_0000921>	"filarial infection of conjunctiva"	
<http://purl.obolibrary.org/obo/DDO.owl#DDO_0000922>	"purulent conjunctivitis"	
<http://purl.obolibrary.org/obo/DDO.owl#DDO_0000923>	"viral conjunctivitis"	
<http://purl.obolibrary.org/obo/DDO.owl#DDO_0000924>	"conjunctivitis due to enterovirus type 70"	
<http://purl.obolibrary.org/obo/DDO.owl#DDO_0000925>	"Herpes simplex conjunctivitis"	
<http://purl.obolibrary.org/obo/DDO.owl#DDO_0000926>	"Herpes zoster conjunctivitis"	
<http://purl.obolibrary.org/obo/DDO.owl#DDO_0000927>	"measles keratoconjunctivitis"	
<http://purl.obolibrary.org/obo/DDO.owl#DDO_0000928>	"Molluscum contagiosum blepharoconjunctivitis"	
<http://purl.obolibrary.org/obo/DDO.owl#DDO_0000929>	"neonatal viral conjunctivitis"	
<http://purl.obolibrary.org/obo/DDO.owl#DDO_0000930>	"Newcastle conjunctivitis"	
<http://purl.obolibrary.org/obo/DDO.owl#DDO_0000931>	"viral pharyngoconjunctivitis"	
<http://purl.obolibrary.org/obo/DDO.owl#DDO_0000932>	"adenoviral pharyngoconjunctivitis"	
<http://purl.obolibrary.org/obo/DDO.owl#DDO_0000933>	"keratoconjunctivitis"	
<http://purl.obolibrary.org/obo/DDO.owl#DDO_0000934>	"Dendriform epithelial keratoconjunctivitis"	
<http://purl.obolibrary.org/obo/DDO.owl#DDO_0000935>	"diffuse stromal keratoconjunctivitis"	
<http://purl.obolibrary.org/obo/DDO.owl#DDO_0000936>	"epidemic keratoconjunctivitis"	
<http://purl.obolibrary.org/obo/DDO.owl#DDO_0000937>	"exposure keratoconjunctivitis"	
<http://purl.obolibrary.org/obo/DDO.owl#DDO_0000938>	"keratoconjunctivitis nodosa"	
<http://purl.obolibrary.org/obo/DDO.owl#DDO_0000939>	"keratoconjunctivitis sicca"	
<http://purl.obolibrary.org/obo/DDO.owl#DDO_0000940>	"limbal vernal conjunctivitis"	
<http://purl.obolibrary.org/obo/DDO.owl#DDO_0000941>	"Microsporidia keratoconjunctivitis"	
<http://purl.obolibrary.org/obo/DDO.owl#DDO_0000942>	"neurotrophic keratoconjunctivitis"	
<http://purl.obolibrary.org/obo/DDO.owl#DDO_0000943>	"phlyctenular keratoconjunctivitis"	
<http://purl.obolibrary.org/obo/DDO.owl#DDO_0000944>	"tuberculous phlyctenular keratoconjunctivitis"	
<http://purl.obolibrary.org/obo/DDO.owl#DDO_0000945>	"punctate keratitis"	
<http://purl.obolibrary.org/obo/DDO.owl#DDO_0000946>	"superior limbic keratoconjunctivitis"	
<http://purl.obolibrary.org/obo/DDO.owl#DDO_0000947>	"toxic keratoconjunctivitis"	
<http://purl.obolibrary.org/obo/DDO.owl#DDO_0000948>	"ligneous conjunctivitis"	
<http://purl.obolibrary.org/obo/DDO.owl#DDO_0000949>	"membranous conjunctivitis"	
<http://purl.obolibrary.org/obo/DDO.owl#DDO_0000950>	"necrotizing conjunctivitis"	
<http://purl.obolibrary.org/obo/DDO.owl#DDO_0000951>	"neonatal conjunctivitis"	
<http://purl.obolibrary.org/obo/DDO.owl#DDO_0000952>	"phlyctenular conjunctivitis"	
<http://purl.obolibrary.org/obo/DDO.owl#DDO_0000953>	"pingueculitis"	
<http://purl.obolibrary.org/obo/DDO.owl#DDO_0000954>	"pink eye disease"	
<http://purl.obolibrary.org/obo/DDO.owl#DDO_0000955>	"pseudomembranous conjunctivitis"	
<http://purl.obolibrary.org/obo/DDO.owl#DDO_0000956>	"pyogranulomatous conjunctivitis"	
<http://purl.obolibrary.org/obo/DDO.owl#DDO_0000957>	"rosacea conjunctivitis"	
<http://purl.obolibrary.org/obo/DDO.owl#DDO_0000958>	"acute rosacea conjunctivitis"	
<http://purl.obolibrary.org/obo/DDO.owl#DDO_0000959>	"rosacea blepharoconjunctivitis"	
<http://purl.obolibrary.org/obo/DDO.owl#DDO_0000960>	"serous conjunctivitis"	
<http://purl.obolibrary.org/obo/DDO.owl#DDO_0000961>	"toxic conjunctivitis"	
<http://purl.obolibrary.org/obo/DDO.owl#DDO_0000962>	"hyperlipidemia"	
<http://purl.obolibrary.org/obo/DDO.owl#DDO_0000963>	"endogenous hyperlipidemia"	
<http://purl.obolibrary.org/obo/DDO.owl#DDO_0000965>	"primary genetic hyperlipidemia"	
<http://purl.obolibrary.org/obo/DDO.owl#DDO_0000966>	"chylomicronemia syndrome"	
<http://purl.obolibrary.org/obo/DDO.owl#DDO_0000967>	"primary genetic mixed hyperlipidemia"	
<http://purl.obolibrary.org/obo/DDO.owl#DDO_0000968>	"exogenous hyperlipidemia"	
<http://purl.obolibrary.org/obo/DDO.owl#DDO_0000969>	"familial multiple lipoprotein-type hyperlipidemia"	
<http://purl.obolibrary.org/obo/DDO.owl#DDO_0000970>	"hypercholesterolemia"	
<http://purl.obolibrary.org/obo/DDO.owl#DDO_0000971>	"hyperlipidemia, group A"	
<http://purl.obolibrary.org/obo/DDO.owl#DDO_0000972>	"primary hypercholesterolemia"	
<http://purl.obolibrary.org/obo/DDO.owl#DDO_0000973>	"cholesterol ester storage disease"	
<http://purl.obolibrary.org/obo/DDO.owl#DDO_0000974>	"familial defective apolipoprotein B-100"	
<http://purl.obolibrary.org/obo/DDO.owl#DDO_0000975>	"familial hypercholesterolemia"	
<http://purl.obolibrary.org/obo/DDO.owl#DDO_0000976>	"Fredrickson type IIa hyperlipoproteinemia"	
<http://purl.obolibrary.org/obo/DDO.owl#DDO_0000977>	"hyperalphalipoproteinemia"	
<http://purl.obolibrary.org/obo/DDO.owl#DDO_0000978>	"familial hyperalphalipoproteinemia"	
<http://purl.obolibrary.org/obo/DDO.owl#DDO_0000979>	"polygenic hypercholesterolemia"	
<http://purl.obolibrary.org/obo/DDO.owl#DDO_0000980>	"pure hypercholesterolemia"	
<http://purl.obolibrary.org/obo/DDO.owl#DDO_0000981>	"secondary hypercholesterolemia"	
<http://purl.obolibrary.org/obo/DDO.owl#DDO_0000982>	"hypertriglyceridemia"	
<http://purl.obolibrary.org/obo/DDO.owl#DDO_0000983>	"primary hypertriglyceridemia"	
<http://purl.obolibrary.org/obo/DDO.owl#DDO_0000984>	"familial hypertriglyceridemia"	
<http://purl.obolibrary.org/obo/DDO.owl#DDO_0000985>	"familial hyperchylomicronemia"	
<http://purl.obolibrary.org/obo/DDO.owl#DDO_0000986>	"familial apolipoprotein C-II deficiency"	
<http://purl.obolibrary.org/obo/DDO.owl#DDO_0000987>	"familial lipoprotein lipase deficiency"	
<http://purl.obolibrary.org/obo/DDO.owl#DDO_0000988>	"familial lipoprotein lipase deficiency with type I phenotype"	
<http://purl.obolibrary.org/obo/DDO.owl#DDO_0000989>	"familial lipoprotein lipase deficiency with type V phenotype"	
<http://purl.obolibrary.org/obo/DDO.owl#DDO_0000990>	"familial type 5 hyperlipoproteinemia"	
<http://purl.obolibrary.org/obo/DDO.owl#DDO_0000991>	"Fredrickson type IV hyperlipoproteinemia"	
<http://purl.obolibrary.org/obo/DDO.owl#DDO_0000992>	"very low density lipoprotinemia"	
<http://purl.obolibrary.org/obo/DDO.owl#DDO_0000993>	"sporadic primary hypertriglyceridemia"	
<http://purl.obolibrary.org/obo/DDO.owl#DDO_0000994>	"pure hyperglyceridemia"	
<http://purl.obolibrary.org/obo/DDO.owl#DDO_0000995>	"secondary hypertriglyceridemia"	
<http://purl.obolibrary.org/obo/DDO.owl#DDO_0000996>	"mixed hyperlipidemia"	
<http://purl.obolibrary.org/obo/DDO.owl#DDO_0000997>	"primary combined hyperlipidemia"	
<http://purl.obolibrary.org/obo/DDO.owl#DDO_0000998>	"familial combined hyperlipidemia"	
<http://purl.obolibrary.org/obo/DDO.owl#DDO_0000999>	"primary \"polygenic\" combined hyperlipidemia"	
<http://purl.obolibrary.org/obo/DDO.owl#DDO_0001000>	"primary genetic mixed hyperlipidemia"	
<http://purl.obolibrary.org/obo/DDO.owl#DDO_0001001>	"secondary combined hyperlipidemia"	
<http://purl.obolibrary.org/obo/DDO.owl#DDO_0001002>	"posttransplant hyperlipidemia"	
<http://purl.obolibrary.org/obo/DDO.owl#DDO_0001003>	"secondary hyperlipidemia"	
<http://purl.obolibrary.org/obo/DDO.owl#DDO_0001004>	"atherosclerosis"	
<http://purl.obolibrary.org/obo/DDO.owl#DDO_0001005>	"arteriosclerosis"	
<http://purl.obolibrary.org/obo/DDO.owl#DDO_0001006>	"coronary arteriosclerosis"	
<http://purl.obolibrary.org/obo/DDO.owl#DDO_0001007>	"calcific coronary arteriosclerosis"	
<http://purl.obolibrary.org/obo/DDO.owl#DDO_0001008>	"congenital coronary artery sclerosis"	
<http://purl.obolibrary.org/obo/DDO.owl#DDO_0001009>	"coronary atherosclerosis"	
<http://purl.obolibrary.org/obo/DDO.owl#DDO_0001010>	"double coronary vessel disease"	
<http://purl.obolibrary.org/obo/DDO.owl#DDO_0001011>	"triple vessel disease of the heart"	
<http://purl.obolibrary.org/obo/DDO.owl#DDO_0001012>	"coronary arteriosclerosis in native artery"	
<http://purl.obolibrary.org/obo/DDO.owl#DDO_0001013>	"cardiac arrhythmia"	
<http://purl.obolibrary.org/obo/DDO.owl#DDO_0001014>	"aberrant premature complexes"	
<http://purl.obolibrary.org/obo/DDO.owl#DDO_0001015>	"atrial premature complex"	
<http://purl.obolibrary.org/obo/DDO.owl#DDO_0001016>	"atrial bigeminy"	
<http://purl.obolibrary.org/obo/DDO.owl#DDO_0001017>	"atrial trigeminy"	
<http://purl.obolibrary.org/obo/DDO.owl#DDO_0001018>	"premature atrial contraction"	
<http://purl.obolibrary.org/obo/DDO.owl#DDO_0001019>	"blocked premature atrial contraction"	
<http://purl.obolibrary.org/obo/DDO.owl#DDO_0001020>	"multifocal atrial tachycardia"	
<http://purl.obolibrary.org/obo/DDO.owl#DDO_0001021>	"multiple atrial premature complexes"	
<http://purl.obolibrary.org/obo/DDO.owl#DDO_0001023>	"run of atrial premature complexes"	
<http://purl.obolibrary.org/obo/DDO.owl#DDO_0001024>	"junctional premature complex"	
<http://purl.obolibrary.org/obo/DDO.owl#DDO_0001025>	"supraventricular bigeminy"	
<http://purl.obolibrary.org/obo/DDO.owl#DDO_0001026>	"ventricular premature complex"	
<http://purl.obolibrary.org/obo/DDO.owl#DDO_0001027>	"multifocal PVCs"	
<http://purl.obolibrary.org/obo/DDO.owl#DDO_0001028>	"interpolated PVCs"	
<http://purl.obolibrary.org/obo/DDO.owl#DDO_0001029>	"multiple premature ventricular complexes"	
<http://purl.obolibrary.org/obo/DDO.owl#DDO_0001030>	"multiple ventricular interpolated complexes"	
<http://purl.obolibrary.org/obo/DDO.owl#DDO_0001031>	"paired ventricular premature complexes"	
<http://purl.obolibrary.org/obo/DDO.owl#DDO_0001032>	"run of ventricular premature complexes"	
<http://purl.obolibrary.org/obo/DDO.owl#DDO_0001033>	"unifocal PVCs"	
<http://purl.obolibrary.org/obo/DDO.owl#DDO_0001034>	"ventricular bigeminy"	
<http://purl.obolibrary.org/obo/DDO.owl#DDO_0001035>	"ventricular interpolated complexes"	
<http://purl.obolibrary.org/obo/DDO.owl#DDO_0001036>	"ventricular quadrigeminy"	
<http://purl.obolibrary.org/obo/DDO.owl#DDO_0001037>	"ventricular trigeminy"	
<http://purl.obolibrary.org/obo/DDO.owl#DDO_0001038>	"aberrantly conducted complex"	
<http://purl.obolibrary.org/obo/DDO.owl#DDO_0001039>	"accelerated atrioventricular conduction"	
<http://purl.obolibrary.org/obo/DDO.owl#DDO_0001040>	"concealed accessory pathway"	
<http://purl.obolibrary.org/obo/DDO.owl#DDO_0001041>	"unidirectional retrograde accessory pathway"	
<http://purl.obolibrary.org/obo/DDO.owl#DDO_0001042>	"Lown-Ganong-Levine syndrome"	
<http://purl.obolibrary.org/obo/DDO.owl#DDO_0001043>	"Mahaim fiber tachycardia"	
<http://purl.obolibrary.org/obo/DDO.owl#DDO_0001044>	"ventricular pre-excitation"	
<http://purl.obolibrary.org/obo/DDO.owl#DDO_0001045>	"Wolff-Parkinson-White pattern"	
<http://purl.obolibrary.org/obo/DDO.owl#DDO_0001046>	"anomalous atrioventricular excitation"	
<http://purl.obolibrary.org/obo/DDO.owl#DDO_0001047>	"atrial escape complex"	
<http://purl.obolibrary.org/obo/DDO.owl#DDO_0001048>	"atrioventricular dissociation"	
<http://purl.obolibrary.org/obo/DDO.owl#DDO_0001049>	"bradyarrhythmia"	
<http://purl.obolibrary.org/obo/DDO.owl#DDO_0001050>	"AV-junctional (nodal) bradycardia"	
<http://purl.obolibrary.org/obo/DDO.owl#DDO_0001051>	"fetal bradycardia"	
<http://purl.obolibrary.org/obo/DDO.owl#DDO_0001052>	"neonatal bradycardia"	
<http://purl.obolibrary.org/obo/DDO.owl#DDO_0001053>	"sinus bradycardia"	
<http://purl.obolibrary.org/obo/DDO.owl#DDO_0001054>	"persistent sinus bradycardia"	
<http://purl.obolibrary.org/obo/DDO.owl#DDO_0001055>	"severe sinus bradycardia"	
<http://purl.obolibrary.org/obo/DDO.owl#DDO_0001056>	"symptomatic sinus bradycardia"	
<http://purl.obolibrary.org/obo/DDO.owl#DDO_0001057>	"tachycardia-bradycardia"	
<http://purl.obolibrary.org/obo/DDO.owl#DDO_0001058>	"vagal autonomic bradycardia"	
<http://purl.obolibrary.org/obo/DDO.owl#DDO_0001059>	"cardiac arrest"	
<http://purl.obolibrary.org/obo/DDO.owl#DDO_0001060>	"asystole"	
<http://purl.obolibrary.org/obo/DDO.owl#DDO_0001061>	"bradycardic cardiac arrest"	
<http://purl.obolibrary.org/obo/DDO.owl#DDO_0001062>	"cardiorespiratory arrest"	
<http://purl.obolibrary.org/obo/DDO.owl#DDO_0001063>	"cardiorespiratory arrest with successful resuscitation"	
<http://purl.obolibrary.org/obo/DDO.owl#DDO_0001064>	"postoperative cardiopulmonary failure"	
<http://purl.obolibrary.org/obo/DDO.owl#DDO_0001065>	"circulatory arrest"	
<http://purl.obolibrary.org/obo/DDO.owl#DDO_0001066>	"electromechanical dissociation"	
<http://purl.obolibrary.org/obo/DDO.owl#DDO_0001067>	"ventricular fibrillation"	
<http://purl.obolibrary.org/obo/DDO.owl#DDO_0001068>	233915000	
<http://purl.obolibrary.org/obo/DDO.owl#DDO_0001068>	"paroxysmal familial ventricular fibrillation"	
<http://purl.obolibrary.org/obo/DDO.owl#DDO_0001069>	"sustained ventricular fibrillation"	
<http://purl.obolibrary.org/obo/DDO.owl#DDO_0001070>	"ventricular fibrillation and flutter"	
<http://purl.obolibrary.org/obo/DDO.owl#DDO_0001071>	"cardiac channelopathy"	
<http://purl.obolibrary.org/obo/DDO.owl#DDO_0001072>	"arrhythmogenic right ventricular cardiomyopathy"	
<http://purl.obolibrary.org/obo/DDO.owl#DDO_0001073>	"Brugada syndrome"	
<http://purl.obolibrary.org/obo/DDO.owl#DDO_0001074>	"catecholaminergic polymorphic ventricular tachycardia"	
<http://purl.obolibrary.org/obo/DDO.owl#DDO_0001075>	"long QT syndrome"	
<http://purl.obolibrary.org/obo/DDO.owl#DDO_0001076>	"short QT syndrome"	
<http://purl.obolibrary.org/obo/DDO.owl#DDO_0001077>	"conduction disorder of the heart"	
<http://purl.obolibrary.org/obo/DDO.owl#DDO_0001078>	"atrioventricular conduction disorder"	
<http://purl.obolibrary.org/obo/DDO.owl#DDO_0001079>	"atrioventricular block"	
<http://purl.obolibrary.org/obo/DDO.owl#DDO_0001080>	"complete atrioventricular block"	
<http://purl.obolibrary.org/obo/DDO.owl#DDO_0001081>	"Lenegre's disease"	
<http://purl.obolibrary.org/obo/DDO.owl#DDO_0001082>	"postoperative complete heart block"	
<http://purl.obolibrary.org/obo/DDO.owl#DDO_0001083>	"partial atrioventricular block"	
<http://purl.obolibrary.org/obo/DDO.owl#DDO_0001084>	"first degree atrioventricular block"	
<http://purl.obolibrary.org/obo/DDO.owl#DDO_0001085>	"second degree atrioventricular block"	
<http://purl.obolibrary.org/obo/DDO.owl#DDO_0001086>	"Mobitz type I incomplete atrioventricular block"	
<http://purl.obolibrary.org/obo/DDO.owl#DDO_0001087>	"Mobitz type II atrioventricular block"	
<http://purl.obolibrary.org/obo/DDO.owl#DDO_0001088>	"postoperative atrioventricular block"	
<http://purl.obolibrary.org/obo/DDO.owl#DDO_0001089>	"congenital conduction defect"	
<http://purl.obolibrary.org/obo/DDO.owl#DDO_0001090>	"congenital heart block"	
<http://purl.obolibrary.org/obo/DDO.owl#DDO_0001091>	"Jervell and Lange-Nielsen syndrome"	
<http://purl.obolibrary.org/obo/DDO.owl#DDO_0001092>	"heart block"	
<http://purl.obolibrary.org/obo/DDO.owl#DDO_0001093>	"atrioventricular block"	
<http://purl.obolibrary.org/obo/DDO.owl#DDO_0001094>	"intraventricular conduction defect"	
<http://purl.obolibrary.org/obo/DDO.owl#DDO_0001095>	"bundle branch block"	
<http://purl.obolibrary.org/obo/DDO.owl#DDO_0001096>	"Bifascicular block"	
<http://purl.obolibrary.org/obo/DDO.owl#DDO_0001097>	"Lev's syndrome"	
<http://purl.obolibrary.org/obo/DDO.owl#DDO_0001098>	"Monofascicular block"	
<http://purl.obolibrary.org/obo/DDO.owl#DDO_0001099>	"left anterior fascicular block"	
<http://purl.obolibrary.org/obo/DDO.owl#DDO_0001100>	"left posterior fascicular block"	
<http://purl.obolibrary.org/obo/DDO.owl#DDO_0001101>	"right bundle branch block"	
<http://purl.obolibrary.org/obo/DDO.owl#DDO_0001102>	"complete right bundle branch block"	
<http://purl.obolibrary.org/obo/DDO.owl#DDO_0001103>	"familial isolated complete right bundle branch block"	
<http://purl.obolibrary.org/obo/DDO.owl#DDO_0001104>	"incomplete right bundle branch block"	
<http://purl.obolibrary.org/obo/DDO.owl#DDO_0001105>	"diffuse intraventricular block"	
<http://purl.obolibrary.org/obo/DDO.owl#DDO_0001106>	"minor intraventricular conduction defect"	
<http://purl.obolibrary.org/obo/DDO.owl#DDO_0001107>	"progressive familial heart block"	
<http://purl.obolibrary.org/obo/DDO.owl#DDO_0001108>	"progressive familial heart block, type IB"	
<http://purl.obolibrary.org/obo/DDO.owl#DDO_0001109>	"progressive familial heart block, type II"	
<http://purl.obolibrary.org/obo/DDO.owl#DDO_0001110>	"sinoatrial block"	
<http://purl.obolibrary.org/obo/DDO.owl#DDO_0001111>	"Stokes-Adams syndrome"	
<http://purl.obolibrary.org/obo/DDO.owl#DDO_0001112>	"ectopic beats"	
<http://purl.obolibrary.org/obo/DDO.owl#DDO_0001113>	"chronic ectopic atrial tachycardia"	
<http://purl.obolibrary.org/obo/DDO.owl#DDO_0001114>	"ectopic atrial beats"	
<http://purl.obolibrary.org/obo/DDO.owl#DDO_0001115>	"ectopic atrioventricular node tachycardia"	
<http://purl.obolibrary.org/obo/DDO.owl#DDO_0001116>	"multifocal premature beats"	
<http://purl.obolibrary.org/obo/DDO.owl#DDO_0001117>	"parasystole"	
<http://purl.obolibrary.org/obo/DDO.owl#DDO_0001118>	"atrial parasystole"	
<http://purl.obolibrary.org/obo/DDO.owl#DDO_0001119>	"ventricular parasystole"	
<http://purl.obolibrary.org/obo/DDO.owl#DDO_0001120>	"supraventricular premature beats"	
<http://purl.obolibrary.org/obo/DDO.owl#DDO_0001121>	"junctional premature beats"	
<http://purl.obolibrary.org/obo/DDO.owl#DDO_0001122>	"ventricular premature beats"	
<http://purl.obolibrary.org/obo/DDO.owl#DDO_0001123>	"ventricular quadrigeminy"	
<http://purl.obolibrary.org/obo/DDO.owl#DDO_0001124>	"ventricular trigeminy"	
<http://purl.obolibrary.org/obo/DDO.owl#DDO_0001125>	"ectopic rhythm"	
<http://purl.obolibrary.org/obo/DDO.owl#DDO_0001126>	"AV junctional rhythm"	
<http://purl.obolibrary.org/obo/DDO.owl#DDO_0001127>	"AV junctional (nodal) arrest"	
<http://purl.obolibrary.org/obo/DDO.owl#DDO_0001129>	"AV junctional (nodal) tachycardia"	
<http://purl.obolibrary.org/obo/DDO.owl#DDO_0001130>	"AV nodal re-entry tachycardia"	
<http://purl.obolibrary.org/obo/DDO.owl#DDO_0001131>	"nonparoxysmal AV nodal tachycardia"	
<http://purl.obolibrary.org/obo/DDO.owl#DDO_0001132>	"paroxysmal junctional tachycardia"	
<http://purl.obolibrary.org/obo/DDO.owl#DDO_0001133>	"paroxysmal nodal tachycardia"	
<http://purl.obolibrary.org/obo/DDO.owl#DDO_0001134>	"AV node arrhythmia"	
<http://purl.obolibrary.org/obo/DDO.owl#DDO_0001135>	"nonparoxysmal AV nodal tachycardia"	
<http://purl.obolibrary.org/obo/DDO.owl#DDO_0001136>	"AV-junctional (nodal) bradycardia"	
<http://purl.obolibrary.org/obo/DDO.owl#DDO_0001137>	"idiojunctional tachycardia"	
<http://purl.obolibrary.org/obo/DDO.owl#DDO_0001138>	"junctional escape beats"	
<http://purl.obolibrary.org/obo/DDO.owl#DDO_0001139>	"junctional premature beats"	
<http://purl.obolibrary.org/obo/DDO.owl#DDO_0001140>	"permanent junctional reciprocating tachycardia"	
<http://purl.obolibrary.org/obo/DDO.owl#DDO_0001141>	"fetal dysrhythmia"	
<http://purl.obolibrary.org/obo/DDO.owl#DDO_0001142>	"fetal bradycardia"	
<http://purl.obolibrary.org/obo/DDO.owl#DDO_0001143>	"fetal tachycardia"	
<http://purl.obolibrary.org/obo/DDO.owl#DDO_0001144>	"fetal supraventricular tachycardia with long ventriculoatrial interval"	
<http://purl.obolibrary.org/obo/DDO.owl#DDO_0001145>	"fetal supraventricular tachycardia with short ventriculoatrial interval"	
<http://purl.obolibrary.org/obo/DDO.owl#DDO_0001146>	"neonatal dysrhythmia"	
<http://purl.obolibrary.org/obo/DDO.owl#DDO_0001147>	"neonatal bradycardia"	
<http://purl.obolibrary.org/obo/DDO.owl#DDO_0001148>	"neonatal cardiac arrest"	
<http://purl.obolibrary.org/obo/DDO.owl#DDO_0001149>	"neonatal cardiorespiratory arrest"	
<http://purl.obolibrary.org/obo/DDO.owl#DDO_0001150>	"neonatal tachycardia"	
<http://purl.obolibrary.org/obo/DDO.owl#DDO_0001151>	"nodal rhythm disorder"	
<http://purl.obolibrary.org/obo/DDO.owl#DDO_0001152>	"marked sinus arrhythmia"	
<http://purl.obolibrary.org/obo/DDO.owl#DDO_0001153>	"pacemaker twiddler's syndrome"	
<http://purl.obolibrary.org/obo/DDO.owl#DDO_0001154>	"postoperative sinoatrial disease"	
<http://purl.obolibrary.org/obo/DDO.owl#DDO_0001155>	"premature beats"	
<http://purl.obolibrary.org/obo/DDO.owl#DDO_0001156>	"junctional premature complex"	
<http://purl.obolibrary.org/obo/DDO.owl#DDO_0001157>	"multifocal premature beats"	
<http://purl.obolibrary.org/obo/DDO.owl#DDO_0001158>	"supraventricular premature beats"	
<http://purl.obolibrary.org/obo/DDO.owl#DDO_0001159>	"supraventricular arrhythmia"	
<http://purl.obolibrary.org/obo/DDO.owl#DDO_0001160>	"atrial arrhythmia"	
<http://purl.obolibrary.org/obo/DDO.owl#DDO_0001161>	"atrial fibrillation"	
<http://purl.obolibrary.org/obo/DDO.owl#DDO_0001162>	"atrial flutter"	
<http://purl.obolibrary.org/obo/DDO.owl#DDO_0001163>	"atrial tachycardia"	
<http://purl.obolibrary.org/obo/DDO.owl#DDO_0001164>	"atrial paroxysmal tachycardia"	
<http://purl.obolibrary.org/obo/DDO.owl#DDO_0001165>	"re-entrant atrial tachycardia"	
<http://purl.obolibrary.org/obo/DDO.owl#DDO_0001166>	"sinoatrial nodal reentrant tachycardia"	
<http://purl.obolibrary.org/obo/DDO.owl#DDO_0001167>	"ectopic atrial tachycardia"	
<http://purl.obolibrary.org/obo/DDO.owl#DDO_0001168>	"incessant atrial tachycardia"	
<http://purl.obolibrary.org/obo/DDO.owl#DDO_0001169>	"multifocal atrial tachycardia"	
<http://purl.obolibrary.org/obo/DDO.owl#DDO_0001170>	"sinoatrial node tachycardia"	
<http://purl.obolibrary.org/obo/DDO.owl#DDO_0001171>	"sinus node dysfunction"	
<http://purl.obolibrary.org/obo/DDO.owl#DDO_0001172>	"sinus arrest"	
<http://purl.obolibrary.org/obo/DDO.owl#DDO_0001173>	"atrial standstill"	
<http://purl.obolibrary.org/obo/DDO.owl#DDO_0001174>	"supraventricular tachycardia"	
<http://purl.obolibrary.org/obo/DDO.owl#DDO_0001175>	"inappropriate sinus tachycardia"	
<http://purl.obolibrary.org/obo/DDO.owl#DDO_0001176>	"paroxysmal supraventricular tachycardia"	
<http://purl.obolibrary.org/obo/DDO.owl#DDO_0001177>	"atrial paroxysmal tachycardia"	
<http://purl.obolibrary.org/obo/DDO.owl#DDO_0001178>	"nonsustained paroxysmal supraventricular tachycardia"	
<http://purl.obolibrary.org/obo/DDO.owl#DDO_0001179>	"tachyarrhythmia"	
<http://purl.obolibrary.org/obo/DDO.owl#DDO_0001180>	"atrioventricular tachycardia"	
<http://purl.obolibrary.org/obo/DDO.owl#DDO_0001181>	"ectopic atrioventricular node tachycardia"	
<http://purl.obolibrary.org/obo/DDO.owl#DDO_0001182>	"paroxysmal atrioventricular tachycardia"	
<http://purl.obolibrary.org/obo/DDO.owl#DDO_0001183>	"re-entrant atrioventricular node tachycardia"	
<http://purl.obolibrary.org/obo/DDO.owl#DDO_0001184>	"re-entrant atrioventricular tachycardia"	
<http://purl.obolibrary.org/obo/DDO.owl#DDO_0001185>	"His bundle tachycardia"	
<http://purl.obolibrary.org/obo/DDO.owl#DDO_0001186>	"incisional tachycardia"	
<http://purl.obolibrary.org/obo/DDO.owl#DDO_0001187>	"left atrial incisional tachycardia"	
<http://purl.obolibrary.org/obo/DDO.owl#DDO_0001188>	"right atrial incisional tachycardia"	
<http://purl.obolibrary.org/obo/DDO.owl#DDO_0001189>	"irregular tachycardia"	
<http://purl.obolibrary.org/obo/DDO.owl#DDO_0001190>	"junctional ectopic tachycardia"	
<http://purl.obolibrary.org/obo/DDO.owl#DDO_0001191>	"Mahaim fiber tachycardia"	
<http://purl.obolibrary.org/obo/DDO.owl#DDO_0001192>	"paroxysmal tachycardia"	
<http://purl.obolibrary.org/obo/DDO.owl#DDO_0001193>	"paroxysmal supraventricular tachycardia"	
<http://purl.obolibrary.org/obo/DDO.owl#DDO_0001194>	"paroxysmal ventricular tachycardia"	
<http://purl.obolibrary.org/obo/DDO.owl#DDO_0001195>	"ventricular tachycardia"	
<http://purl.obolibrary.org/obo/DDO.owl#DDO_0001196>	"withdrawal arrhythmia"	
<http://purl.obolibrary.org/obo/DDO.owl#DDO_0001197>	"ventricular arrhythmia"	
<http://purl.obolibrary.org/obo/DDO.owl#DDO_0001198>	"idioventricular rhythm"	
<http://purl.obolibrary.org/obo/DDO.owl#DDO_0001199>	"accelerated idioventricular rhythm"	
<http://purl.obolibrary.org/obo/DDO.owl#DDO_0001200>	"fusion beats"	
<http://purl.obolibrary.org/obo/DDO.owl#DDO_0001201>	"ventricular bigeminy"	
<http://purl.obolibrary.org/obo/DDO.owl#DDO_0001202>	"ventricular escape beat"	
<http://purl.obolibrary.org/obo/DDO.owl#DDO_0001203>	"ventricular escape rhythm"	
<http://purl.obolibrary.org/obo/DDO.owl#DDO_0001204>	"ventricular parasystole"	
<http://purl.obolibrary.org/obo/DDO.owl#DDO_0001205>	"ventricular fibrillation"	
<http://purl.obolibrary.org/obo/DDO.owl#DDO_0001206>	"gout"	
<http://purl.obolibrary.org/obo/DDO.owl#DDO_0001207>	"articular gout"	
<http://purl.obolibrary.org/obo/DDO.owl#DDO_0001208>	"chronic gouty arthritis"	
<http://purl.obolibrary.org/obo/DDO.owl#DDO_0001209>	"chronic tophaceous gout"	
<http://purl.obolibrary.org/obo/DDO.owl#DDO_0001210>	"gouty bursitis"	
<http://purl.obolibrary.org/obo/DDO.owl#DDO_0001211>	"interval gout"	
<http://purl.obolibrary.org/obo/DDO.owl#DDO_0001212>	"intercritical gout"	
<http://purl.obolibrary.org/obo/DDO.owl#DDO_0001213>	"chronic gout without tophus"	
<http://purl.obolibrary.org/obo/DDO.owl#DDO_0001214>	"familial juvenile gout"	
<http://purl.obolibrary.org/obo/DDO.owl#DDO_0001215>	"gouty iritis"	
<http://purl.obolibrary.org/obo/DDO.owl#DDO_0001216>	"gouty neuritis"	
<http://purl.obolibrary.org/obo/DDO.owl#DDO_0001217>	"gouty tophus"	
<http://purl.obolibrary.org/obo/DDO.owl#DDO_0001218>	"primary gout"	
<http://purl.obolibrary.org/obo/DDO.owl#DDO_0001219>	"primary chronic gout without tophus"	
<http://purl.obolibrary.org/obo/DDO.owl#DDO_0001220>	"secondary gout"	
<http://purl.obolibrary.org/obo/DDO.owl#DDO_0001221>	"visceral gout"	
<http://purl.obolibrary.org/obo/DDO.owl#DDO_0001222>	"focal and multifocal neuropathy"	
<http://purl.obolibrary.org/obo/DDO.owl#DDO_0001223>	"symmetrical neuropathy"	
<http://purl.obolibrary.org/obo/DDO.owl#DDO_0001224>	"mononeuropathy"	
<http://purl.obolibrary.org/obo/DDO.owl#DDO_0001225>	"amyotrophy"	
<http://purl.obolibrary.org/obo/DDO.owl#DDO_0001226>	"radiculopathy"	
<http://purl.obolibrary.org/obo/DDO.owl#DDO_0001227>	"entrapment neuropathy"	
<http://purl.obolibrary.org/obo/DDO.owl#DDO_0001228>	"mononeuritis multiplex"	
<http://purl.obolibrary.org/obo/DDO.owl#DDO_0001229>	"sensory neuropathy"	
<http://purl.obolibrary.org/obo/DDO.owl#DDO_0001230>	"peripheral neuropathy"	
<http://purl.obolibrary.org/obo/DDO.owl#DDO_0001231>	"disorder of digestive system"	
<http://purl.obolibrary.org/obo/DDO.owl#DDO_0001232>	"cranial nerve palsy"	
<http://purl.obolibrary.org/obo/DDO.owl#DDO_0001233>	"diabetic neuropathy"	
<http://purl.obolibrary.org/obo/DDO.owl#DDO_0001234>	"acute painful diabetic neuropathy"	
<http://purl.obolibrary.org/obo/DDO.owl#DDO_0001235>	"diabetic acute painful polyneuropathy"	
<http://purl.obolibrary.org/obo/DDO.owl#DDO_0001236>	"asymptomatic diabetic neuropathy"	
<http://purl.obolibrary.org/obo/DDO.owl#DDO_0001237>	"chronic painful diabetic neuropathy"	
<http://purl.obolibrary.org/obo/DDO.owl#DDO_0001238>	"diabetic amyotrophy"	
<http://purl.obolibrary.org/obo/DDO.owl#DDO_0001239>	"diabetic mononeuropathy multiplex"	
<http://purl.obolibrary.org/obo/DDO.owl#DDO_0001240>	"diabetic ophthalmoplegia"	
<http://purl.obolibrary.org/obo/DDO.owl#DDO_0001241>	"diabetic peripheral neuropathy"	
<http://purl.obolibrary.org/obo/DDO.owl#DDO_0001242>	"asymmetric diabetic proximal motor neuropathy"	
<http://purl.obolibrary.org/obo/DDO.owl#DDO_0001243>	"diabetic autonomic neuropathy"	
<http://purl.obolibrary.org/obo/DDO.owl#DDO_0001244>	"diabetic mononeuritis multiplex"	
<http://purl.obolibrary.org/obo/DDO.owl#DDO_0001245>	"diabetic mononeuropathy"	
<http://purl.obolibrary.org/obo/DDO.owl#DDO_0001246>	"diabetic femoral mononeuropathy"	
<http://purl.obolibrary.org/obo/DDO.owl#DDO_0001247>	"diabetic mononeuropathy simplex"	
<http://purl.obolibrary.org/obo/DDO.owl#DDO_0001248>	"diabetic pseudotabes"	
<http://purl.obolibrary.org/obo/DDO.owl#DDO_0001249>	"diabetic radiculopathy"	
<http://purl.obolibrary.org/obo/DDO.owl#DDO_0001250>	"diabetic thoracic radiculopathy"	
<http://purl.obolibrary.org/obo/DDO.owl#DDO_0001251>	"diabetic truncal radiculopathy"	
<http://purl.obolibrary.org/obo/DDO.owl#DDO_0001252>	"symmetric diabetic proximal motor neuropathy"	
<http://purl.obolibrary.org/obo/DDO.owl#DDO_0001253>	"diabetic polyneuropathy"	
<http://purl.obolibrary.org/obo/DDO.owl#DDO_0001254>	"diabetic acute painful polyneuropathy"	
<http://purl.obolibrary.org/obo/DDO.owl#DDO_0001255>	"diabetic asymmetric polyneuropathy"	
<http://purl.obolibrary.org/obo/DDO.owl#DDO_0001256>	"diabetic distal sensorimotor polyneuropathy"	
<http://purl.obolibrary.org/obo/DDO.owl#DDO_0001257>	"diabetic motor polyneuropathy"	
<http://purl.obolibrary.org/obo/DDO.owl#DDO_0001258>	"diabetic mixed sensory-motor polyneuropathy"	
<http://purl.obolibrary.org/obo/DDO.owl#DDO_0001259>	"diabetic sensory polyneuropathy"	
<http://purl.obolibrary.org/obo/DDO.owl#DDO_0001260>	"diabetic mixed sensory-motor polyneuropathy"	
<http://purl.obolibrary.org/obo/DDO.owl#DDO_0001261>	"abdominal polyradiculopathy"	
<http://purl.obolibrary.org/obo/DDO.owl#DDO_0001262>	"autonomic neuropathy"	
<http://purl.obolibrary.org/obo/DDO.owl#DDO_0001263>	"autonomic nerve injury"	
<http://purl.obolibrary.org/obo/DDO.owl#DDO_0001264>	"parasympathetic nerve injury"	
<http://purl.obolibrary.org/obo/DDO.owl#DDO_0001265>	"parasympathetic ganglion injury"	
<http://purl.obolibrary.org/obo/DDO.owl#DDO_0001266>	"sacral parasympathetic nerve injury"	
<http://purl.obolibrary.org/obo/DDO.owl#DDO_0001267>	"sympathetic nervous structure injury"	
<http://purl.obolibrary.org/obo/DDO.owl#DDO_0001268>	"sympathetic nerve injury"	
<http://purl.obolibrary.org/obo/DDO.owl#DDO_0001269>	"cervical sympathetic nerve injury"	
<http://purl.obolibrary.org/obo/DDO.owl#DDO_0001270>	"injury of stellate ganglion"	
<http://purl.obolibrary.org/obo/DDO.owl#DDO_0001271>	"injury of abdominal sympathetic plexus"	
<http://purl.obolibrary.org/obo/DDO.owl#DDO_0001272>	"injury of celiac plexus"	
<http://purl.obolibrary.org/obo/DDO.owl#DDO_0001273>	"injury of inferior mesenteric plexus"	
<http://purl.obolibrary.org/obo/DDO.owl#DDO_0001274>	"injury of splanchnic nerve"	
<http://purl.obolibrary.org/obo/DDO.owl#DDO_0001275>	"sympathetic ganglion injury"	
<http://purl.obolibrary.org/obo/DDO.owl#DDO_0001276>	"injury of celiac ganglion"	
<http://purl.obolibrary.org/obo/DDO.owl#DDO_0001277>	"injury of stellate ganglion"	
<http://purl.obolibrary.org/obo/DDO.owl#DDO_0001278>	"sympathetic trunk injury"	
<http://purl.obolibrary.org/obo/DDO.owl#DDO_0001279>	"injury of thoracic sympathetic nerves"	
<http://purl.obolibrary.org/obo/DDO.owl#DDO_0001280>	"sympathetic plexus injury"	
<http://purl.obolibrary.org/obo/DDO.owl#DDO_0001281>	"injury of abdominal sympathetic plexus"	
<http://purl.obolibrary.org/obo/DDO.owl#DDO_0001282>	"injury of celiac plexus"	
<http://purl.obolibrary.org/obo/DDO.owl#DDO_0001283>	"injury of inferior mesenteric plexus"	
<http://purl.obolibrary.org/obo/DDO.owl#DDO_0001284>	"injury of celiac ganglion AND/OR plexus"	
<http://purl.obolibrary.org/obo/DDO.owl#DDO_0001285>	"sympathetic ganglion injury"	
<http://purl.obolibrary.org/obo/DDO.owl#DDO_0001286>	"benign neoplasm of autonomic nerve"	
<http://purl.obolibrary.org/obo/DDO.owl#DDO_0001287>	"cauda equina syndrome with neurogenic bladder"	
<http://purl.obolibrary.org/obo/DDO.owl#DDO_0001288>	"chronic idiopathic anhidrosis"	
<http://purl.obolibrary.org/obo/DDO.owl#DDO_0001289>	"diabetic autonomic neuropathy"	
<http://purl.obolibrary.org/obo/DDO.owl#DDO_0001290>	"disorder of peripheral autonomic nervous system"	
<http://purl.obolibrary.org/obo/DDO.owl#DDO_0001291>	"aganglionosis of parasympathetic nerve ganglia"	
<http://purl.obolibrary.org/obo/DDO.owl#DDO_0001292>	"celiac plexus syndrome"	
<http://purl.obolibrary.org/obo/DDO.owl#DDO_0001293>	"complex regional pain syndrome, type I"	
<http://purl.obolibrary.org/obo/DDO.owl#DDO_0001294>	"complex regional pain syndrome, Type I, of head and/or trunk"	
<http://purl.obolibrary.org/obo/DDO.owl#DDO_0001295>	"posttraumatic osteoporosis"	
<http://purl.obolibrary.org/obo/DDO.owl#DDO_0001296>	"reflex sympathetic dystrophy of lower extremity"	
<http://purl.obolibrary.org/obo/DDO.owl#DDO_0001298>	"algodystrophy of foot"	
<http://purl.obolibrary.org/obo/DDO.owl#DDO_0001299>	"algodystrophy of knee"	
<http://purl.obolibrary.org/obo/DDO.owl#DDO_0001300>	"shoulder-hand syndrome"	
<http://purl.obolibrary.org/obo/DDO.owl#DDO_0001301>	"algodystrophy of hand"	
<http://purl.obolibrary.org/obo/DDO.owl#DDO_0001302>	"familial visceral neuropathy"	
<http://purl.obolibrary.org/obo/DDO.owl#DDO_0001303>	"idiopathic peripheral autonomic neuropathy"	
<http://purl.obolibrary.org/obo/DDO.owl#DDO_0001304>	"cervical sympathetic paralysis"	
<http://purl.obolibrary.org/obo/DDO.owl#DDO_0001305>	"intestinal autonomic neuropathy"	
<http://purl.obolibrary.org/obo/DDO.owl#DDO_0001306>	"Hirschsprung's disease"	
<http://purl.obolibrary.org/obo/DDO.owl#DDO_0001307>	"aganglionosis of Auerbach's plexus"	
<http://purl.obolibrary.org/obo/DDO.owl#DDO_0001308>	"long segment Hirschsprung's disease"	
<http://purl.obolibrary.org/obo/DDO.owl#DDO_0001309>	"Mowat-Wilson syndrome"	
<http://purl.obolibrary.org/obo/DDO.owl#DDO_0001310>	"short segment Hirschsprung's disease"	
<http://purl.obolibrary.org/obo/DDO.owl#DDO_0001311>	"total intestinal aganglionosis"	
<http://purl.obolibrary.org/obo/DDO.owl#DDO_0001312>	"macrocolon"	
<http://purl.obolibrary.org/obo/DDO.owl#DDO_0001313>	"neoplasm of autonomic nerve"	
<http://purl.obolibrary.org/obo/DDO.owl#DDO_0001314>	"idiopathic diffuse hyperhidrosis"	
<http://purl.obolibrary.org/obo/DDO.owl#DDO_0001315>	"paraneoplastic autonomic dysfunction"	
<http://purl.obolibrary.org/obo/DDO.owl#DDO_0001316>	"paroxysmal extreme pain disorder"	
<http://purl.obolibrary.org/obo/DDO.owl#DDO_0001317>	"pure autonomic failure"	
<http://purl.obolibrary.org/obo/DDO.owl#DDO_0001318>	"segmental autonomic dysfunction"	
<http://purl.obolibrary.org/obo/DDO.owl#DDO_0001319>	"auriculotemporal syndrome"	
<http://purl.obolibrary.org/obo/DDO.owl#DDO_0001320>	"autonomic facial cephalgia"	
<http://purl.obolibrary.org/obo/DDO.owl#DDO_0001321>	"celiac plexus syndrome"	
<http://purl.obolibrary.org/obo/DDO.owl#DDO_0001322>	"cervical sympathetic dystrophy"	
<http://purl.obolibrary.org/obo/DDO.owl#DDO_0001323>	"Horner's syndrome pupil"	
<http://purl.obolibrary.org/obo/DDO.owl#DDO_0001324>	"paratrigeminal syndrome"	
<http://purl.obolibrary.org/obo/DDO.owl#DDO_0001325>	"Type I paratrigeminal syndrome"	
<http://purl.obolibrary.org/obo/DDO.owl#DDO_0001326>	"Type II paratrigeminal syndrome"	
<http://purl.obolibrary.org/obo/DDO.owl#DDO_0001327>	"segmental hyperhidrosis"	
<http://purl.obolibrary.org/obo/DDO.owl#DDO_0001328>	"harlequin syndrome"	
<http://purl.obolibrary.org/obo/DDO.owl#DDO_0001329>	"segmental hypohidrosis"	
<http://purl.obolibrary.org/obo/DDO.owl#DDO_0001330>	"superior laryngeal neuralgia"	
<http://purl.obolibrary.org/obo/DDO.owl#DDO_0001331>	"vagus nerve laryngeal paralysis"	
<http://purl.obolibrary.org/obo/DDO.owl#DDO_0001332>	"chemotherapy-induced peripheral neuropathy"	
<http://purl.obolibrary.org/obo/DDO.owl#DDO_0001333>	"compression neuropathy of trunk"	
<http://purl.obolibrary.org/obo/DDO.owl#DDO_0001334>	"abdominal neuropathy"	
<http://purl.obolibrary.org/obo/DDO.owl#DDO_0001335>	"abdominal cutaneous nerve entrapment syndrome"	
<http://purl.obolibrary.org/obo/DDO.owl#DDO_0001336>	"notalgia paresthetica"	
<http://purl.obolibrary.org/obo/DDO.owl#DDO_0001337>	"congenital anomaly of peripheral nerve"	
<http://purl.obolibrary.org/obo/DDO.owl#DDO_0001338>	"aganglionosis of Auerbach's plexus"	
<http://purl.obolibrary.org/obo/DDO.owl#DDO_0001339>	"defective development of the cauda equina"	
<http://purl.obolibrary.org/obo/DDO.owl#DDO_0001340>	"disorder of peripheral nerve graft"	
<http://purl.obolibrary.org/obo/DDO.owl#DDO_0001341>	"mechanical complication of peripheral nerve graft"	
<http://purl.obolibrary.org/obo/DDO.owl#DDO_0001342>	"ependymal cyst of spinal nerve"	
<http://purl.obolibrary.org/obo/DDO.owl#DDO_0001343>	"hereditary and idiopathic peripheral neuropathy"	
<http://purl.obolibrary.org/obo/DDO.owl#DDO_0001344>	"intercostal neuropathy"	
<http://purl.obolibrary.org/obo/DDO.owl#DDO_0001345>	"intercostal nerve injury"	
<http://purl.obolibrary.org/obo/DDO.owl#DDO_0001346>	"intercostal neuralgia"	
<http://purl.obolibrary.org/obo/DDO.owl#DDO_0001347>	"intercostal post-herpetic neuralgia"	
<http://purl.obolibrary.org/obo/DDO.owl#DDO_0001348>	"ischemic neuropathy"	
<http://purl.obolibrary.org/obo/DDO.owl#DDO_0001349>	"embolic infarction of nerve trunk"	
<http://purl.obolibrary.org/obo/DDO.owl#DDO_0001350>	"ischemic neuropathy due to arterial steal"	
<http://purl.obolibrary.org/obo/DDO.owl#DDO_0001351>	"neuropathy in arteriosclerotic occlusive disease"	
<http://purl.obolibrary.org/obo/DDO.owl#DDO_0001352>	"neuropathy in thromboangiitis obliterans"	
<http://purl.obolibrary.org/obo/DDO.owl#DDO_0001353>	"tourniquet palsy"	
<http://purl.obolibrary.org/obo/DDO.owl#DDO_0001354>	"vasculitic neuropathy"	
<http://purl.obolibrary.org/obo/DDO.owl#DDO_0001355>	"leprosy neuropathy"	
<http://purl.obolibrary.org/obo/DDO.owl#DDO_0001356>	"long thoracic nerve lesion"	
<http://purl.obolibrary.org/obo/DDO.owl#DDO_0001357>	"long thoracic nerve injury"	
<http://purl.obolibrary.org/obo/DDO.owl#DDO_0001358>	"intercostal post-herpetic neuritis"	
<http://purl.obolibrary.org/obo/DDO.owl#DDO_0001359>	"mononeuritis"	
<http://purl.obolibrary.org/obo/DDO.owl#DDO_0001360>	"Morton's metatarsalgia"	
<http://purl.obolibrary.org/obo/DDO.owl#DDO_0001361>	"mononeuropathy of lower limb"	
<http://purl.obolibrary.org/obo/DDO.owl#DDO_0001362>	"compression neuropathy of lower limb"	
<http://purl.obolibrary.org/obo/DDO.owl#DDO_0001363>	"common peroneal nerve compression"	
<http://purl.obolibrary.org/obo/DDO.owl#DDO_0001364>	"entrapment of common peroneal nerve"	
<http://purl.obolibrary.org/obo/DDO.owl#DDO_0001365>	"compression neuropathy of genitofemoral nerve"	
<http://purl.obolibrary.org/obo/DDO.owl#DDO_0001366>	"entrapment of genitofemoral nerve"	
<http://purl.obolibrary.org/obo/DDO.owl#DDO_0001367>	"compression neuropathy of ilioinguinal nerve"	
<http://purl.obolibrary.org/obo/DDO.owl#DDO_0001368>	"ilio-inguinal nerve entrapment"	
<http://purl.obolibrary.org/obo/DDO.owl#DDO_0001369>	"entrapment neuropathy of lower limb"	
<http://purl.obolibrary.org/obo/DDO.owl#DDO_0001370>	"entrapment of plantar nerve"	
<http://purl.obolibrary.org/obo/DDO.owl#DDO_0001371>	"tarsal tunnel syndrome"	
<http://purl.obolibrary.org/obo/DDO.owl#DDO_0001372>	"femoral nerve compression"	
<http://purl.obolibrary.org/obo/DDO.owl#DDO_0001373>	"medial plantar nerve compression"	
<http://purl.obolibrary.org/obo/DDO.owl#DDO_0001374>	"meralgia paresthetica"	
<http://purl.obolibrary.org/obo/DDO.owl#DDO_0001375>	"Morton's metatarsalgia"	
<http://purl.obolibrary.org/obo/DDO.owl#DDO_0001376>	"obturator nerve compression"	
<http://purl.obolibrary.org/obo/DDO.owl#DDO_0001377>	"sciatic nerve compression"	
<http://purl.obolibrary.org/obo/DDO.owl#DDO_0001378>	"tibial nerve compression"	
<http://purl.obolibrary.org/obo/DDO.owl#DDO_0001379>	"tarsal tunnel syndrome"	
<http://purl.obolibrary.org/obo/DDO.owl#DDO_0001380>	"diabetic femoral mononeuropathy"	
<http://purl.obolibrary.org/obo/DDO.owl#DDO_0001381>	"mononeuropathy of upper limb"	
<http://purl.obolibrary.org/obo/DDO.owl#DDO_0001382>	"compression neuropathy of upper limb"	
<http://purl.obolibrary.org/obo/DDO.owl#DDO_0001383>	"axillary nerve compression"	
<http://purl.obolibrary.org/obo/DDO.owl#DDO_0001384>	"entrapment neuropathy of upper limb"	
<http://purl.obolibrary.org/obo/DDO.owl#DDO_0001385>	"anterior interosseous nerve entrapment"	
<http://purl.obolibrary.org/obo/DDO.owl#DDO_0001386>	"entrapment of deep palmar branch of ulnar nerve"	
<http://purl.obolibrary.org/obo/DDO.owl#DDO_0001387>	"median nerve entrapment"	
<http://purl.obolibrary.org/obo/DDO.owl#DDO_0001388>	"carpal tunnel syndrome"	
<http://purl.obolibrary.org/obo/DDO.owl#DDO_0001389>	"proximal median neuropathy"	
<http://purl.obolibrary.org/obo/DDO.owl#DDO_0001390>	"pronator syndrome"	
<http://purl.obolibrary.org/obo/DDO.owl#DDO_0001391>	"Struther ligament entrapment"	
<http://purl.obolibrary.org/obo/DDO.owl#DDO_0001392>	"supracondylar process entrapment"	
<http://purl.obolibrary.org/obo/DDO.owl#DDO_0001393>	"radial nerve entrapment"	
<http://purl.obolibrary.org/obo/DDO.owl#DDO_0001394>	"ulnar nerve entrapment"	
<http://purl.obolibrary.org/obo/DDO.owl#DDO_0001395>	"ulnar nerve entrapment at elbow"	
<http://purl.obolibrary.org/obo/DDO.owl#DDO_0001396>	"cubital tunnel syndrome"	
<http://purl.obolibrary.org/obo/DDO.owl#DDO_0001397>	"ulnar nerve entrapment at wrist"	
<http://purl.obolibrary.org/obo/DDO.owl#DDO_0001398>	"median nerve compression in forearm"	
<http://purl.obolibrary.org/obo/DDO.owl#DDO_0001399>	"posterior interosseous nerve compression"	
<http://purl.obolibrary.org/obo/DDO.owl#DDO_00014>	"acute suppurative alveolar periostitis"	
<http://purl.obolibrary.org/obo/DDO.owl#DDO_0001400>	"radial nerve compression"	
<http://purl.obolibrary.org/obo/DDO.owl#DDO_0001401>	"acute radial nerve palsy"	
<http://purl.obolibrary.org/obo/DDO.owl#DDO_0001402>	"radial nerve entrapment"	
<http://purl.obolibrary.org/obo/DDO.owl#DDO_0001403>	"radial tunnel syndrome"	
<http://purl.obolibrary.org/obo/DDO.owl#DDO_0001404>	"Saturday night paralysis"	
<http://purl.obolibrary.org/obo/DDO.owl#DDO_0001405>	"suprascapular nerve compression"	
<http://purl.obolibrary.org/obo/DDO.owl#DDO_0001406>	"peripheral nerve entrapment syndrome"	
<http://purl.obolibrary.org/obo/DDO.owl#DDO_0001407>	"entrapment syndrome due to amyloid"	
<http://purl.obolibrary.org/obo/DDO.owl#DDO_0001408>	"multiple entrapment syndrome"	
<http://purl.obolibrary.org/obo/DDO.owl#DDO_0001409>	"nerve entrapment due to scar"	
<http://purl.obolibrary.org/obo/DDO.owl#DDO_0001410>	"polyneuropathy and mononeuropathy"	
<http://purl.obolibrary.org/obo/DDO.owl#DDO_0001411>	"mumps polyneuropathy"	
<http://purl.obolibrary.org/obo/DDO.owl#DDO_0001412>	"neoplasm of peripheral nerve"	
<http://purl.obolibrary.org/obo/DDO.owl#DDO_0001413>	"nerve root disorder"	
<http://purl.obolibrary.org/obo/DDO.owl#DDO_0001414>	"cauda equina syndrome"	
<http://purl.obolibrary.org/obo/DDO.owl#DDO_0001415>	"injury of cauda equina"	
<http://purl.obolibrary.org/obo/DDO.owl#DDO_0001416>	"neoplasm of cauda equina"	
<http://purl.obolibrary.org/obo/DDO.owl#DDO_0001417>	"benign neoplasm of cauda equina"	
<http://purl.obolibrary.org/obo/DDO.owl#DDO_0001418>	"malignant neoplasm of cauda equina"	
<http://purl.obolibrary.org/obo/DDO.owl#DDO_0001419>	"primary malignant neoplasm of cauda equina"	
<http://purl.obolibrary.org/obo/DDO.owl#DDO_0001420>	"secondary malignant neoplasm of cauda equina"	
<http://purl.obolibrary.org/obo/DDO.owl#DDO_0001421>	"open spinal dislocation with cauda equina lesion"	
<http://purl.obolibrary.org/obo/DDO.owl#DDO_0001422>	"cervical radiculopathy"	
<http://purl.obolibrary.org/obo/DDO.owl#DDO_0001423>	"cervical radiculitis"	
<http://purl.obolibrary.org/obo/DDO.owl#DDO_0001424>	"Erb-Duchenne paralysis"	
<http://purl.obolibrary.org/obo/DDO.owl#DDO_0001425>	"injury of cervical nerve roots"	
<http://purl.obolibrary.org/obo/DDO.owl#DDO_0001426>	"compression of spinal nerve root"	
<http://purl.obolibrary.org/obo/DDO.owl#DDO_0001427>	"cervical nerve root compression"	
<http://purl.obolibrary.org/obo/DDO.owl#DDO_0001428>	"compression of lumbar nerve root"	
<http://purl.obolibrary.org/obo/DDO.owl#DDO_0001429>	"compression of sacral nerve root"	
<http://purl.obolibrary.org/obo/DDO.owl#DDO_0001430>	"compression of thoracic nerve root"	
<http://purl.obolibrary.org/obo/DDO.owl#DDO_0001431>	"defective development of the cauda equina"	
<http://purl.obolibrary.org/obo/DDO.owl#DDO_0001432>	"diphtheria radiculomyelitis"	
<http://purl.obolibrary.org/obo/DDO.owl#DDO_0001433>	"fibrolipoma of filum terminale"	
<http://purl.obolibrary.org/obo/DDO.owl#DDO_0001434>	"intermittent cauda equina claudication"	
<http://purl.obolibrary.org/obo/DDO.owl#DDO_0001435>	"lumbosacral radiculopathy"	
<http://purl.obolibrary.org/obo/DDO.owl#DDO_0001436>	"closed spinal dislocation with cauda equina lesion"	
<http://purl.obolibrary.org/obo/DDO.owl#DDO_0001437>	"compression of sacral nerve root"	
<http://purl.obolibrary.org/obo/DDO.owl#DDO_0001438>	"injury of sacral nerve roots"	
<http://purl.obolibrary.org/obo/DDO.owl#DDO_0001439>	"avulsion of sacral nerve root"	
<http://purl.obolibrary.org/obo/DDO.owl#DDO_0001440>	"contusion of sacral nerve root"	
<http://purl.obolibrary.org/obo/DDO.owl#DDO_0001441>	"lumbar radiculopathy"	
<http://purl.obolibrary.org/obo/DDO.owl#DDO_0001442>	"injury of lumbar nerve roots"	
<http://purl.obolibrary.org/obo/DDO.owl#DDO_0001443>	"avulsion of lumbar nerve root"	
<http://purl.obolibrary.org/obo/DDO.owl#DDO_0001444>	"contusion of lumbar nerve root"	
<http://purl.obolibrary.org/obo/DDO.owl#DDO_0001445>	"partial division of lumbar nerve root"	
<http://purl.obolibrary.org/obo/DDO.owl#DDO_0001446>	"traction injury of lumbar nerve root"	
<http://purl.obolibrary.org/obo/DDO.owl#DDO_0001447>	"transection of lumbar nerve root"	
<http://purl.obolibrary.org/obo/DDO.owl#DDO_0001448>	"lumbosacral radiculitis"	
<http://purl.obolibrary.org/obo/DDO.owl#DDO_0001449>	"pseudoclaudication syndrome"	
<http://purl.obolibrary.org/obo/DDO.owl#DDO_0001450>	"sacral radiculopathy"	
<http://purl.obolibrary.org/obo/DDO.owl#DDO_0001451>	"nerve root compression syndrome"	
<http://purl.obolibrary.org/obo/DDO.owl#DDO_0001452>	"nerve root injury"	
<http://purl.obolibrary.org/obo/DDO.owl#DDO_0001453>	"injury of spinal nerve root"	
<http://purl.obolibrary.org/obo/DDO.owl#DDO_0001454>	"Nervus intermedius neuralgia"	
<http://purl.obolibrary.org/obo/DDO.owl#DDO_0001455>	"painful arms and moving fingers"	
<http://purl.obolibrary.org/obo/DDO.owl#DDO_0001456>	"painful legs and moving toes"	
<http://purl.obolibrary.org/obo/DDO.owl#DDO_0001457>	"radicular syndrome of lower limbs"	
<http://purl.obolibrary.org/obo/DDO.owl#DDO_0001458>	"radiculitis"	
<http://purl.obolibrary.org/obo/DDO.owl#DDO_0001459>	"brachial radiculitis"	
<http://purl.obolibrary.org/obo/DDO.owl#DDO_0001460>	"cervical radiculitis"	
<http://purl.obolibrary.org/obo/DDO.owl#DDO_0001461>	"Herpes zoster radiculitis"	
<http://purl.obolibrary.org/obo/DDO.owl#DDO_0001462>	"lumbar disc prolapse with radiculopathy"	
<http://purl.obolibrary.org/obo/DDO.owl#DDO_0001463>	"lumbosacral radiculitis"	
<http://purl.obolibrary.org/obo/DDO.owl#DDO_0001464>	"thoracic radiculitis"	
<http://purl.obolibrary.org/obo/DDO.owl#DDO_0001465>	"segmental peripheral neuralgia"	
<http://purl.obolibrary.org/obo/DDO.owl#DDO_0001466>	"thoracic radiculopathy"	
<http://purl.obolibrary.org/obo/DDO.owl#DDO_0001467>	"neuromyotonia"	
<http://purl.obolibrary.org/obo/DDO.owl#DDO_0001468>	"autosomal recessive axonal neuropathy with neuromyotonia"	
<http://purl.obolibrary.org/obo/DDO.owl#DDO_0001469>	"neuropathy of lower limb"	
<http://purl.obolibrary.org/obo/DDO.owl#DDO_0001470>	"burning feet syndrome"	
<http://purl.obolibrary.org/obo/DDO.owl#DDO_0001471>	"common peroneal neuropathy"	
<http://purl.obolibrary.org/obo/DDO.owl#DDO_0001472>	"common peroneal nerve lesion"	
<http://purl.obolibrary.org/obo/DDO.owl#DDO_0001473>	"common peroneal nerve paralysis"	
<http://purl.obolibrary.org/obo/DDO.owl#DDO_0001474>	"cruralgia"	
<http://purl.obolibrary.org/obo/DDO.owl#DDO_0001475>	"deep peroneal neuropathy"	
<http://purl.obolibrary.org/obo/DDO.owl#DDO_0001476>	"deep peroneal nerve lesion"	
<http://purl.obolibrary.org/obo/DDO.owl#DDO_0001477>	"traumatic injury of deep peroneal nerve"	
<http://purl.obolibrary.org/obo/DDO.owl#DDO_0001478>	"closed injury deep peroneal nerve"	
<http://purl.obolibrary.org/obo/DDO.owl#DDO_0001479>	"opened injury deep peroneal nerve"	
<http://purl.obolibrary.org/obo/DDO.owl#DDO_0001480>	"femoral neuropathy"	
<http://purl.obolibrary.org/obo/DDO.owl#DDO_0001481>	"diabetic femoral mononeuropathy"	
<http://purl.obolibrary.org/obo/DDO.owl#DDO_0001482>	"femoral nerve compression"	
<http://purl.obolibrary.org/obo/DDO.owl#DDO_0001483>	"femoral nerve paralysis"	
<http://purl.obolibrary.org/obo/DDO.owl#DDO_0001484>	"femoral neuralgia"	
<http://purl.obolibrary.org/obo/DDO.owl#DDO_0001485>	"inflammation of femoral nerve"	
<http://purl.obolibrary.org/obo/DDO.owl#DDO_0001486>	"injury of femoral nerve"	
<http://purl.obolibrary.org/obo/DDO.owl#DDO_0001487>	"closed injury femoral nerve"	
<http://purl.obolibrary.org/obo/DDO.owl#DDO_0001488>	"open injury femoral nerve"	
<http://purl.obolibrary.org/obo/DDO.owl#DDO_0001489>	"genitofemoral neuropathy"	
<http://purl.obolibrary.org/obo/DDO.owl#DDO_0001490>	"genitofemoral nerve neuralgia"	
<http://purl.obolibrary.org/obo/DDO.owl#DDO_0001491>	"testicular neuralgia"	
<http://purl.obolibrary.org/obo/DDO.owl#DDO_0001492>	"iliohypogastric nerve neuralgia"	
<http://purl.obolibrary.org/obo/DDO.owl#DDO_0001493>	"iliohypogastric nerve neuritis"	
<http://purl.obolibrary.org/obo/DDO.owl#DDO_0001494>	"ilioinguinal neuropathy"	
<http://purl.obolibrary.org/obo/DDO.owl#DDO_0001495>	"ilioinguinal nerve neuralgia"	
<http://purl.obolibrary.org/obo/DDO.owl#DDO_0001496>	"ilioinguinal nerve neuritis"	
<http://purl.obolibrary.org/obo/DDO.owl#DDO_0001497>	"iliolumbar nerve injury"	
<http://purl.obolibrary.org/obo/DDO.owl#DDO_0001498>	"inflammation of obturator nerve"	
<http://purl.obolibrary.org/obo/DDO.owl#DDO_0001499>	"lateral femoral cutaneous neuralgia"	
<http://purl.obolibrary.org/obo/DDO.owl#DDO_0001500>	"lower limb nerve lesion"	
<http://purl.obolibrary.org/obo/DDO.owl#DDO_0001501>	"injury of nerve of lower extremity"	
<http://purl.obolibrary.org/obo/DDO.owl#DDO_0001502>	"lateral cutaneous nerve of thigh lesion"	
<http://purl.obolibrary.org/obo/DDO.owl#DDO_0001503>	"injury of lateral cutaneous nerve of thigh"	
<http://purl.obolibrary.org/obo/DDO.owl#DDO_0001504>	"closed injury lateral cutaneous nerve thigh"	
<http://purl.obolibrary.org/obo/DDO.owl#DDO_0001505>	"opened injury lateral cutaneous nerve thigh"	
<http://purl.obolibrary.org/obo/DDO.owl#DDO_0001506>	"meralgia paresthetica"	
<http://purl.obolibrary.org/obo/DDO.owl#DDO_0001507>	"lateral plantar neuropathy"	
<http://purl.obolibrary.org/obo/DDO.owl#DDO_0001508>	"medial plantar nerve lesion"	
<http://purl.obolibrary.org/obo/DDO.owl#DDO_0001509>	"injury of medial plantar nerve"	
<http://purl.obolibrary.org/obo/DDO.owl#DDO_0001510>	"medial plantar nerve compression"	
<http://purl.obolibrary.org/obo/DDO.owl#DDO_0001511>	"neoplasm of peripheral nerves of lower limb"	
<http://purl.obolibrary.org/obo/DDO.owl#DDO_0001512>	"obturator neuropathy"	
<http://purl.obolibrary.org/obo/DDO.owl#DDO_0001513>	"obturator nerve injury"	
<http://purl.obolibrary.org/obo/DDO.owl#DDO_0001514>	"obturator nerve paralysis"	
<http://purl.obolibrary.org/obo/DDO.owl#DDO_0001515>	"plantar nerve lesion"	
<http://purl.obolibrary.org/obo/DDO.owl#DDO_0001516>	"Morton's metatarsalgia"	
<http://purl.obolibrary.org/obo/DDO.owl#DDO_0001517>	"sciatic nerve lesion"	
<http://purl.obolibrary.org/obo/DDO.owl#DDO_0001518>	"injury of sciatic nerve"	
<http://purl.obolibrary.org/obo/DDO.owl#DDO_0001519>	"tibial nerve lesion"	
<http://purl.obolibrary.org/obo/DDO.owl#DDO_0001520>	"injury of tibial nerve"	
<http://purl.obolibrary.org/obo/DDO.owl#DDO_0001521>	"tibial nerve compression"	
<http://purl.obolibrary.org/obo/DDO.owl#DDO_0001522>	"sciatic neuropathy"	
<http://purl.obolibrary.org/obo/DDO.owl#DDO_0001523>	"Bertolotti's syndrome"	
<http://purl.obolibrary.org/obo/DDO.owl#DDO_0001524>	"sciatica"	
<http://purl.obolibrary.org/obo/DDO.owl#DDO_0001525>	"acute sciatica"	
<http://purl.obolibrary.org/obo/DDO.owl#DDO_0001526>	"chronic sciatica"	
<http://purl.obolibrary.org/obo/DDO.owl#DDO_0001527>	"piriformis syndrome"	
<http://purl.obolibrary.org/obo/DDO.owl#DDO_0001528>	"Putti-Chavany syndrome"	
<http://purl.obolibrary.org/obo/DDO.owl#DDO_0001529>	"superficial peroneal neuropathy"	
<http://purl.obolibrary.org/obo/DDO.owl#DDO_0001530>	"sural neuropathy"	
<http://purl.obolibrary.org/obo/DDO.owl#DDO_0001531>	"sural neuropathy in calf"	
<http://purl.obolibrary.org/obo/DDO.owl#DDO_0001532>	"tibial neuropathy"	
<http://purl.obolibrary.org/obo/DDO.owl#DDO_0001533>	"paraneoplastic peripheral neuropathy"	
<http://purl.obolibrary.org/obo/DDO.owl#DDO_0001534>	"paraneoplastic autonomic dysfunction"	
<http://purl.obolibrary.org/obo/DDO.owl#DDO_0001535>	"perineurial cyst"	
<http://purl.obolibrary.org/obo/DDO.owl#DDO_0001536>	"peripheral demyelinating neuropathy"	
<http://purl.obolibrary.org/obo/DDO.owl#DDO_0001537>	"acute inflammatory demyelinating polyneuropathy"	
<http://purl.obolibrary.org/obo/DDO.owl#DDO_0001538>	"chronic inflammatory demyelinating polyneuritis"	
<http://purl.obolibrary.org/obo/DDO.owl#DDO_0001539>	"chronic inflammatory demyelinating polyradiculoneuropathy"	
<http://purl.obolibrary.org/obo/DDO.owl#DDO_0001540>	"demyelinating sensorimotor neuropathy"	
<http://purl.obolibrary.org/obo/DDO.owl#DDO_0001541>	"Guillain-Barré syndrome"	
<http://purl.obolibrary.org/obo/DDO.owl#DDO_0001542>	"subacute inflammatory demyelinating polyradiculoneuropathy"	
<http://purl.obolibrary.org/obo/DDO.owl#DDO_0001543>	"peripheral nerve injury"	
<http://purl.obolibrary.org/obo/DDO.owl#DDO_0001544>	"peripheral neuritis"	
<http://purl.obolibrary.org/obo/DDO.owl#DDO_0001545>	"brachial neuritis"	
<http://purl.obolibrary.org/obo/DDO.owl#DDO_0001546>	"brachial radiculitis"	
<http://purl.obolibrary.org/obo/DDO.owl#DDO_0001547>	"anterior interosseous neuritis"	
<http://purl.obolibrary.org/obo/DDO.owl#DDO_0001548>	"diphtheritic peripheral neuritis"	
<http://purl.obolibrary.org/obo/DDO.owl#DDO_0001549>	"Korsakov's alcoholic psychosis with peripheral neuritis"	
<http://purl.obolibrary.org/obo/DDO.owl#DDO_0001550>	"post-herpetic polyneuropathy"	
<http://purl.obolibrary.org/obo/DDO.owl#DDO_0001551>	"thoracic neuritis"	
<http://purl.obolibrary.org/obo/DDO.owl#DDO_0001552>	"ulnar neuritis"	
<http://purl.obolibrary.org/obo/DDO.owl#DDO_0001553>	"phrenic nerve disorder"	
<http://purl.obolibrary.org/obo/DDO.owl#DDO_0001554>	"phrenic nerve lesion"	
<http://purl.obolibrary.org/obo/DDO.owl#DDO_0001555>	"birth injury to phrenic nerve"	
<http://purl.obolibrary.org/obo/DDO.owl#DDO_0001556>	"crush injury of phrenic nerve"	
<http://purl.obolibrary.org/obo/DDO.owl#DDO_0001557>	"pudendal nerve neuropathy"	
<http://purl.obolibrary.org/obo/DDO.owl#DDO_0001558>	"pudendal nerve injury"	
<http://purl.obolibrary.org/obo/DDO.owl#DDO_0001559>	"pudendal neuralgia"	
<http://purl.obolibrary.org/obo/DDO.owl#DDO_0001560>	"thoracoabdominal neuropathy"	
<http://purl.obolibrary.org/obo/DDO.owl#DDO_0001561>	"influenza"	
<http://purl.obolibrary.org/obo/DDO.owl#DDO_0001562>	"upper respiratory tract infection due to Influenza"	
<http://purl.obolibrary.org/obo/DDO.owl#DDO_0001563>	"influenza with laryngitis"	
<http://purl.obolibrary.org/obo/DDO.owl#DDO_0001564>	"influenza with pharyngitis"	
<http://purl.obolibrary.org/obo/DDO.owl#DDO_0001565>	"upper respiratory tract infection due to Influenza A"	
<http://purl.obolibrary.org/obo/DDO.owl#DDO_0001566>	"upper respiratory tract infection due to avian influenza"	
<http://purl.obolibrary.org/obo/DDO.owl#DDO_0001567>	"upper respiratory tract infection due to H1N1 influenza"	
<http://purl.obolibrary.org/obo/DDO.owl#DDO_0001568>	"cold"	
<http://purl.obolibrary.org/obo/DDO.owl#DDO_0001569>	"inflammation"	
<http://purl.obolibrary.org/obo/DDO.owl#DDO_0001570>	"bronchitis"	
<http://purl.obolibrary.org/obo/DDO.owl#DDO_0001571>	"acute bronchitis"	
<http://purl.obolibrary.org/obo/DDO.owl#DDO_0001572>	"acute bronchiolitis"	
<http://purl.obolibrary.org/obo/DDO.owl#DDO_0001573>	"acute fibrinous bronchitis"	
<http://purl.obolibrary.org/obo/DDO.owl#DDO_0001574>	"acute infective bronchitis"	
<http://purl.obolibrary.org/obo/DDO.owl#DDO_0001575>	"acute bacterial bronchitis"	
<http://purl.obolibrary.org/obo/DDO.owl#DDO_0001576>	"acute chlamydial bronchitis"	
<http://purl.obolibrary.org/obo/DDO.owl#DDO_0001577>	"acute haemophilus influenzae bronchitis"	
<http://purl.obolibrary.org/obo/DDO.owl#DDO_0001578>	"acute Moraxella catarrhalis bronchitis"	
<http://purl.obolibrary.org/obo/DDO.owl#DDO_0001579>	"acute streptococcal bronchitis"	
<http://purl.obolibrary.org/obo/DDO.owl#DDO_0001580>	"acute pneumococcal bronchitis"	
<http://purl.obolibrary.org/obo/DDO.owl#DDO_0001581>	"pertussis"	
<http://purl.obolibrary.org/obo/DDO.owl#DDO_0001582>	"acute mycoplasmal bronchitis"	
<http://purl.obolibrary.org/obo/DDO.owl#DDO_0001583>	"acute purulent bronchitis"	
<http://purl.obolibrary.org/obo/DDO.owl#DDO_0001584>	"acute viral bronchitis"	
<http://purl.obolibrary.org/obo/DDO.owl#DDO_0001585>	"acute wheezy bronchitis"	
<http://purl.obolibrary.org/obo/DDO.owl#DDO_0001586>	"croup"	
<http://purl.obolibrary.org/obo/DDO.owl#DDO_0001587>	"acute fibrinous laryngotracheobronchitis"	
<http://purl.obolibrary.org/obo/DDO.owl#DDO_0001588>	"recurrent allergic croup"	
<http://purl.obolibrary.org/obo/DDO.owl#DDO_0001589>	"spasmodic croup"	
<http://purl.obolibrary.org/obo/DDO.owl#DDO_0001590>	"acute toxic tracheobronchitis"	
<http://purl.obolibrary.org/obo/DDO.owl#DDO_0001591>	"adenoviral bronchitis"	
<http://purl.obolibrary.org/obo/DDO.owl#DDO_0001592>	"adenoviral bronchiolitis"	
<http://purl.obolibrary.org/obo/DDO.owl#DDO_0001593>	"adenoviral bronchopneumonia"	
<http://purl.obolibrary.org/obo/DDO.owl#DDO_0001594>	"adenoviral laryngotracheobronchitis"	
<http://purl.obolibrary.org/obo/DDO.owl#DDO_0001595>	"allergic bronchitis"	
<http://purl.obolibrary.org/obo/DDO.owl#DDO_0001596>	"Aspergillus bronchitis"	
<http://purl.obolibrary.org/obo/DDO.owl#DDO_0001597>	"asthmatic bronchitis"	
<http://purl.obolibrary.org/obo/DDO.owl#DDO_0001598>	"bronchiolitis"	
<http://purl.obolibrary.org/obo/DDO.owl#DDO_0001599>	"acute obliterating bronchiolitis"	
<http://purl.obolibrary.org/obo/DDO.owl#DDO_0001600>	"adenoviral bronchiolitis"	
<http://purl.obolibrary.org/obo/DDO.owl#DDO_0001601>	"bronchiolitis caused by influenza virus"	
<http://purl.obolibrary.org/obo/DDO.owl#DDO_0001602>	"bronchiolitis exudativa"	
<http://purl.obolibrary.org/obo/DDO.owl#DDO_0001603>	"diffuse panbronchiolitis"	
<http://purl.obolibrary.org/obo/DDO.owl#DDO_0001604>	"follicular bronchiolitis"	
<http://purl.obolibrary.org/obo/DDO.owl#DDO_0001605>	"necrotizing bronchiolitis"	
<http://purl.obolibrary.org/obo/DDO.owl#DDO_0001606>	"obliterating fibrous bronchiolitis"	
<http://purl.obolibrary.org/obo/DDO.owl#DDO_0001607>	"obliterative bronchiolitis"	
<http://purl.obolibrary.org/obo/DDO.owl#DDO_0001608>	"respiratory syncytial virus bronchiolitis"	
<http://purl.obolibrary.org/obo/DDO.owl#DDO_0001609>	"bronchopneumonia"	
<http://purl.obolibrary.org/obo/DDO.owl#DDO_0001610>	"acute bronchopneumonia"	
<http://purl.obolibrary.org/obo/DDO.owl#DDO_0001612>	"bilateral bronchopneumonia"	
<http://purl.obolibrary.org/obo/DDO.owl#DDO_0001613>	"hemorrhagic bronchopneumonia"	
<http://purl.obolibrary.org/obo/DDO.owl#DDO_0001614>	"hypostatic bronchopneumonia"	
<http://purl.obolibrary.org/obo/DDO.owl#DDO_0001615>	"Influenzal bronchopneumonia"	
<http://purl.obolibrary.org/obo/DDO.owl#DDO_0001616>	"necrotizing bronchopneumonia"	
<http://purl.obolibrary.org/obo/DDO.owl#DDO_0001617>	"pleurobronchopneumonia"	
<http://purl.obolibrary.org/obo/DDO.owl#DDO_0001618>	"terminal bronchopneumonia"	
<http://purl.obolibrary.org/obo/DDO.owl#DDO_0001619>	"catarrhal bronchitis"	
<http://purl.obolibrary.org/obo/DDO.owl#DDO_0001620>	"mucopurulent chronic bronchitis"	
<http://purl.obolibrary.org/obo/DDO.owl#DDO_0001622>	"chronic bronchitis"	
<http://purl.obolibrary.org/obo/DDO.owl#DDO_0001623>	"croupous bronchitis"	
<http://purl.obolibrary.org/obo/DDO.owl#DDO_0001624>	"laryngotracheobronchitis"	
<http://purl.obolibrary.org/obo/DDO.owl#DDO_0001625>	"adenoviral laryngotracheobronchitis"	
<http://purl.obolibrary.org/obo/DDO.owl#DDO_0001626>	"Haemophilus influenzae laryngotracheobronchitis"	
<http://purl.obolibrary.org/obo/DDO.owl#DDO_0001627>	"parainfluenza virus laryngotracheobronchitis"	
<http://purl.obolibrary.org/obo/DDO.owl#DDO_0001628>	"respiratory syncytial virus laryngotracheobronchitis"	
<http://purl.obolibrary.org/obo/DDO.owl#DDO_0001629>	"parainfluenza virus bronchitis"	
<http://purl.obolibrary.org/obo/DDO.owl#DDO_0001630>	"peribronchial pneumonia"	
<http://purl.obolibrary.org/obo/DDO.owl#DDO_0001631>	"pneumococcal bronchitis"	
<http://purl.obolibrary.org/obo/DDO.owl#DDO_0001632>	"purulent bronchitis"	
<http://purl.obolibrary.org/obo/DDO.owl#DDO_0001633>	"respiratory syncytial virus bronchitis"	
<http://purl.obolibrary.org/obo/DDO.owl#DDO_0001634>	"septic bronchitis"	
<http://purl.obolibrary.org/obo/DDO.owl#DDO_0001635>	"subacute bronchitis"	
<http://purl.obolibrary.org/obo/DDO.owl#DDO_0001636>	"tuberculosis of bronchus"	
<http://purl.obolibrary.org/obo/DDO.owl#DDO_0001637>	"viral bronchitis"	
<http://purl.obolibrary.org/obo/DDO.owl#DDO_0001638>	"tracheitis"	
<http://purl.obolibrary.org/obo/DDO.owl#DDO_0001639>	"acute tracheitis"	
<http://purl.obolibrary.org/obo/DDO.owl#DDO_0001640>	"catarrhal tracheitis"	
<http://purl.obolibrary.org/obo/DDO.owl#DDO_0001641>	"chronic tracheitis"	
<http://purl.obolibrary.org/obo/DDO.owl#DDO_0001642>	"isolated tracheal tuberculosis"	
<http://purl.obolibrary.org/obo/DDO.owl#DDO_0001643>	"laryngotracheitis"	
<http://purl.obolibrary.org/obo/DDO.owl#DDO_0001644>	"tracheopharyngitis"	
<http://purl.obolibrary.org/obo/DDO.owl#DDO_0001645>	"viral tracheitis"	
<http://purl.obolibrary.org/obo/DDO.owl#DDO_0001646>	"acute laryngotracheitis"	
<http://purl.obolibrary.org/obo/DDO.owl#DDO_0001647>	"chronic laryngotracheitis"	
<http://purl.obolibrary.org/obo/DDO.owl#DDO_0001648>	"parainfluenza virus laryngotracheitis"	
<http://purl.obolibrary.org/obo/DDO.owl#DDO_0001649>	"acute viral laryngotracheitis"	
<http://purl.obolibrary.org/obo/DDO.owl#DDO_0001650>	"adenoviral laryngotracheobronchitis"	
<http://purl.obolibrary.org/obo/DDO.owl#DDO_0001651>	"respiratory syncytial virus laryngotracheobronchitis"	
<http://purl.obolibrary.org/obo/DDO.owl#DDO_0001652>	"streptococcal pneumonia"	
<http://purl.obolibrary.org/obo/DDO.owl#DDO_0001653>	"bronchopneumonia due to Streptococcus"	
<http://purl.obolibrary.org/obo/DDO.owl#DDO_0001654>	"congenital group A hemolytic streptococcal pneumonia"	
<http://purl.obolibrary.org/obo/DDO.owl#DDO_0001655>	"congenital group B hemolytic streptococcal pneumonia"	
<http://purl.obolibrary.org/obo/DDO.owl#DDO_0001656>	"Group B streptococcal pneumonia"	
<http://purl.obolibrary.org/obo/DDO.owl#DDO_0001657>	"pneumococcal pneumonia"	
<http://purl.obolibrary.org/obo/DDO.owl#DDO_0001658>	"pneumococcal lobar pneumonia"	
<http://purl.obolibrary.org/obo/DDO.owl#DDO_0001659>	"pneumococcal pneumonia associated with AIDS"	
<http://purl.obolibrary.org/obo/DDO.owl#DDO_0001660>	"tuberculosis"	
<http://purl.obolibrary.org/obo/DDO.owl#DDO_0001661>	"active tuberculosis"	
<http://purl.obolibrary.org/obo/DDO.owl#DDO_0001662>	"acute tuberculous ulcer"	
<http://purl.obolibrary.org/obo/DDO.owl#DDO_0001663>	"Caseating tuberculoid granuloma"	
<http://purl.obolibrary.org/obo/DDO.owl#DDO_0001664>	"chronic tuberculosis"	
<http://purl.obolibrary.org/obo/DDO.owl#DDO_0001665>	"chronic granulomatous tuberculosis"	
<http://purl.obolibrary.org/obo/DDO.owl#DDO_0001666>	"chronic miliary tuberculosis"	
<http://purl.obolibrary.org/obo/DDO.owl#DDO_0001667>	"tuberculosis of bladder"	
<http://purl.obolibrary.org/obo/DDO.owl#DDO_0001668>	"congenital tuberculosis"	
<http://purl.obolibrary.org/obo/DDO.owl#DDO_0001669>	"inactive tuberculosis"	
<http://purl.obolibrary.org/obo/DDO.owl#DDO_0001670>	"mycobacterial lymphadenitis"	
<http://purl.obolibrary.org/obo/DDO.owl#DDO_0001671>	"tuberculous adenitis"	
<http://purl.obolibrary.org/obo/DDO.owl#DDO_0001672>	"orificial tuberculosis"	
<http://purl.obolibrary.org/obo/DDO.owl#DDO_0001673>	"primary tuberculosis"	
<http://purl.obolibrary.org/obo/DDO.owl#DDO_0001674>	"respiratory tuberculosis"	
<http://purl.obolibrary.org/obo/DDO.owl#DDO_0001675>	"isolated tracheobronchial tuberculosis"	
<http://purl.obolibrary.org/obo/DDO.owl#DDO_0001676>	"pulmonary tuberculosis"	
<http://purl.obolibrary.org/obo/DDO.owl#DDO_0001677>	"tuberculoma"	
<http://purl.obolibrary.org/obo/DDO.owl#DDO_0001678>	"tuberculous abscess"	
<http://purl.obolibrary.org/obo/DDO.owl#DDO_0001679>	"gastrointestinal infection"	
<http://purl.obolibrary.org/obo/DDO.owl#DDO_0001680>	"Helicobacter pylori gastrointestinal tract infection"	
<http://purl.obolibrary.org/obo/DDO.owl#DDO_0001681>	"oral candidiasis"	
<http://purl.obolibrary.org/obo/DDO.owl#DDO_0001682>	"atrophic thrush"	
<http://purl.obolibrary.org/obo/DDO.owl#DDO_0001683>	"pseudomembranous thrush"	
<http://purl.obolibrary.org/obo/DDO.owl#DDO_0001684>	"liver infection"	
<http://purl.obolibrary.org/obo/DDO.owl#DDO_0001685>	"viral hepatitis"	
<http://purl.obolibrary.org/obo/DDO.owl#DDO_0001687>	"viral hepatitis C"	
<http://purl.obolibrary.org/obo/DDO.owl#DDO_0001688>	"acute hepatitis C"	
<http://purl.obolibrary.org/obo/DDO.owl#DDO_0001689>	"chronic hepatitis C"	
<http://purl.obolibrary.org/obo/DDO.owl#DDO_0001690>	"chronic active hepatitis C"	
<http://purl.obolibrary.org/obo/DDO.owl#DDO_0001691>	"chronic hepatitis C with stage 2 fibrosis"	
<http://purl.obolibrary.org/obo/DDO.owl#DDO_0001693>	"chronic hepatitis C with stage 3 fibrosis"	
<http://purl.obolibrary.org/obo/DDO.owl#DDO_0001694>	"cirrhosis of liver due to chronic hepatitis C"	
<http://purl.obolibrary.org/obo/DDO.owl#DDO_0001695>	"congenital hepatitis C infection"	
<http://purl.obolibrary.org/obo/DDO.owl#DDO_0001696>	"hepatitis B and hepatitis C"	
<http://purl.obolibrary.org/obo/DDO.owl#DDO_0001697>	"reactivation of hepatitis C viral hepatitis"	
<http://purl.obolibrary.org/obo/DDO.owl#DDO_0001698>	"viral hepatitis C with coma"	
<http://purl.obolibrary.org/obo/DDO.owl#DDO_0001700>	"viral hepatitis B"	
<http://purl.obolibrary.org/obo/DDO.owl#DDO_0001701>	"acute type B viral hepatitis"	
<http://purl.obolibrary.org/obo/DDO.owl#DDO_0001702>	"acute fulminating type B viral hepatitis"	
<http://purl.obolibrary.org/obo/DDO.owl#DDO_0001703>	"acute hepatitis B with hepatitis D"^^<http://www.w3.org/2001/XMLSchema#integer>	
<http://purl.obolibrary.org/obo/DDO.owl#DDO_0001704>	"anicteric type B viral hepatitis"	
<http://purl.obolibrary.org/obo/DDO.owl#DDO_0001705>	"chronic type B viral hepatitis"	
<http://purl.obolibrary.org/obo/DDO.owl#DDO_0001706>	"chronic active type B viral hepatitis"	
<http://purl.obolibrary.org/obo/DDO.owl#DDO_0001707>	"chronic aggressive type B viral hepatitis"	
<http://purl.obolibrary.org/obo/DDO.owl#DDO_0001708>	"chronic persistent type B viral hepatitis"	
<http://purl.obolibrary.org/obo/DDO.owl#DDO_0001709>	"chronic viral hepatitis B with hepatitis D"	
<http://purl.obolibrary.org/obo/DDO.owl#DDO_0001710>	"chronic viral hepatitis B without delta-agent"	
<http://purl.obolibrary.org/obo/DDO.owl#DDO_0001711>	"congenital viral hepatitis B infection"	
<http://purl.obolibrary.org/obo/DDO.owl#DDO_0001712>	"relapsing type B viral hepatitis"	
<http://purl.obolibrary.org/obo/DDO.owl#DDO_0001713>	"viral hepatitis B without hepatic coma"	
<http://purl.obolibrary.org/obo/DDO.owl#DDO_0001714>	"enterovirus"	
<http://purl.obolibrary.org/obo/DDO.owl#DDO_0001715>	"avian enterovirus"	
<http://purl.obolibrary.org/obo/DDO.owl#DDO_0001716>	"bovine enterovirus"	
<http://purl.obolibrary.org/obo/DDO.owl#DDO_0001717>	"human coxsackievirus B"	
<http://purl.obolibrary.org/obo/DDO.owl#DDO_0001718>	"human echovirus"	
<http://purl.obolibrary.org/obo/DDO.owl#DDO_0001719>	"human enterovirus"	
<http://purl.obolibrary.org/obo/DDO.owl#DDO_0001720>	"human coxsackievirus"	
<http://purl.obolibrary.org/obo/DDO.owl#DDO_0001721>	"human poliovirus"	
<http://purl.obolibrary.org/obo/DDO.owl#DDO_0001722>	"Human rhinovirus"	
<http://purl.obolibrary.org/obo/DDO.owl#DDO_0001723>	"porcine enterovirus"	
<http://purl.obolibrary.org/obo/DDO.owl#DDO_0001724>	"Simian enterovirus"	
<http://purl.obolibrary.org/obo/DDO.owl#DDO_0001725>	"skin and soft tissue infection"	
<http://purl.obolibrary.org/obo/DDO.owl#DDO_0001726>	"foot infection"	
<http://purl.obolibrary.org/obo/DDO.owl#DDO_0001728>	"acute osteomyelitis of foot"	
<http://purl.obolibrary.org/obo/DDO.owl#DDO_0001729>	"acute osteomyelitis-calcaneum"	
<http://purl.obolibrary.org/obo/DDO.owl#DDO_0001730>	"acute osteomyelitis-metatarsal"	
<http://purl.obolibrary.org/obo/DDO.owl#DDO_0001731>	"acute osteomyelitis-phalanx of toe"	
<http://purl.obolibrary.org/obo/DDO.owl#DDO_0001732>	"acute osteomyelitis-talus"	
<http://purl.obolibrary.org/obo/DDO.owl#DDO_0001733>	"blister of foot with infection"	
<http://purl.obolibrary.org/obo/DDO.owl#DDO_0001734>	"traumatic blister of foot, infected"	
<http://purl.obolibrary.org/obo/DDO.owl#DDO_0001735>	"traumatic blister of heel, infected"	
<http://purl.obolibrary.org/obo/DDO.owl#DDO_0001736>	"traumatic blister of toe, infected"	
<http://purl.obolibrary.org/obo/DDO.owl#DDO_0001737>	"carbuncle of foot"	
<http://purl.obolibrary.org/obo/DDO.owl#DDO_0001738>	"carbuncle of heel"	
<http://purl.obolibrary.org/obo/DDO.owl#DDO_0001739>	"carbuncle of toe"	
<http://purl.obolibrary.org/obo/DDO.owl#DDO_0001740>	"chronic osteomyelitis of foot"	
<http://purl.obolibrary.org/obo/DDO.owl#DDO_0001741>	"chronic osteomyelitis of foot with draining sinus"	
<http://purl.obolibrary.org/obo/DDO.owl#DDO_0001742>	"enteroviral vesicular stomatitis with exanthem"	
<http://purl.obolibrary.org/obo/DDO.owl#DDO_0001743>	"furuncle of foot"	
<http://purl.obolibrary.org/obo/DDO.owl#DDO_0001744>	"furuncle of heel"	
<http://purl.obolibrary.org/obo/DDO.owl#DDO_0001745>	"furuncle of toe"	
<http://purl.obolibrary.org/obo/DDO.owl#DDO_0001746>	"gas gangrene of foot"	
<http://purl.obolibrary.org/obo/DDO.owl#DDO_0001747>	"Gram-negative infection of toe web"	
<http://purl.obolibrary.org/obo/DDO.owl#DDO_0001748>	"infected heel"	
<http://purl.obolibrary.org/obo/DDO.owl#DDO_0001749>	"infected insect bite of dorsum of foot"	
<http://purl.obolibrary.org/obo/DDO.owl#DDO_0001750>	"infection of calcaneum"	
<http://purl.obolibrary.org/obo/DDO.owl#DDO_0001751>	"acute osteomyelitis-calcaneum"	
<http://purl.obolibrary.org/obo/DDO.owl#DDO_0001752>	"infection of foot associated with diabetes"	
<http://purl.obolibrary.org/obo/DDO.owl#DDO_0001753>	"cellulitis in diabetic foot"	
<http://purl.obolibrary.org/obo/DDO.owl#DDO_0001754>	"infection of metatarsal"	
<http://purl.obolibrary.org/obo/DDO.owl#DDO_0001755>	"acute osteomyelitis-metatarsal"	
<http://purl.obolibrary.org/obo/DDO.owl#DDO_0001756>	"infection of talus"	
<http://purl.obolibrary.org/obo/DDO.owl#DDO_0001757>	"acute osteomyelitis-talus"	
<http://purl.obolibrary.org/obo/DDO.owl#DDO_0001758>	"infection of toe"	
<http://purl.obolibrary.org/obo/DDO.owl#DDO_0001759>	"blister of toe with infection"	
<http://purl.obolibrary.org/obo/DDO.owl#DDO_0001760>	"infection of big toe"	
<http://purl.obolibrary.org/obo/DDO.owl#DDO_0001762>	"infective arthritis of first metatarsophalangeal joint"	
<http://purl.obolibrary.org/obo/DDO.owl#DDO_0001763>	"infection of phalanx of toe"	
<http://purl.obolibrary.org/obo/DDO.owl#DDO_0001764>	"acute osteomyelitis-phalanx of toe"	
<http://purl.obolibrary.org/obo/DDO.owl#DDO_0001765>	"infection of toenail"	
<http://purl.obolibrary.org/obo/DDO.owl#DDO_0001766>	"onychomycosis of toenails"	
<http://purl.obolibrary.org/obo/DDO.owl#DDO_0001767>	"infective arthritis of interphalangeal joint of toe"	
<http://purl.obolibrary.org/obo/DDO.owl#DDO_0001768>	"infective arthritis of metatarsophalangeal joint of lesser toe"	
<http://purl.obolibrary.org/obo/DDO.owl#DDO_0001769>	"paronychia of toe"	
<http://purl.obolibrary.org/obo/DDO.owl#DDO_0001770>	"pulp space infection of toe"	
<http://purl.obolibrary.org/obo/DDO.owl#DDO_0001771>	"splinter of toe, without major open wound, infected"	
<http://purl.obolibrary.org/obo/DDO.owl#DDO_0001772>	"superficial injury of toe with infection"	
<http://purl.obolibrary.org/obo/DDO.owl#DDO_0001773>	"nonvenomous insect bite of toe with infection"	
<http://purl.obolibrary.org/obo/DDO.owl#DDO_0001774>	"viral wart on toe"	
<http://purl.obolibrary.org/obo/DDO.owl#DDO_0001775>	"infection of toe web"	
<http://purl.obolibrary.org/obo/DDO.owl#DDO_0001776>	"mycetoma of foot"	
<http://purl.obolibrary.org/obo/DDO.owl#DDO_0001778>	"infective myositis of foot"	
<http://purl.obolibrary.org/obo/DDO.owl#DDO_0001779>	"actinomycotic madura foot"	
<http://purl.obolibrary.org/obo/DDO.owl#DDO_0001780>	"Madura foot due to Actinomadura pelletieri"	
<http://purl.obolibrary.org/obo/DDO.owl#DDO_0001781>	"Madura foot due to Streptomyces"	
<http://purl.obolibrary.org/obo/DDO.owl#DDO_0001782>	"eumycotic mycetoma of foot"	
<http://purl.obolibrary.org/obo/DDO.owl#DDO_0001783>	"non-union of joint of foot with infection"	
<http://purl.obolibrary.org/obo/DDO.owl#DDO_0001784>	"nonvenomous insect bite of foot with infection"	
<http://purl.obolibrary.org/obo/DDO.owl#DDO_0001785>	"osteomyelitis of forefoot"	
<http://purl.obolibrary.org/obo/DDO.owl#DDO_0001786>	"acute osteomyelitis-metatarsal"	
<http://purl.obolibrary.org/obo/DDO.owl#DDO_0001787>	"acute osteomyelitis-phalanx of toe"	
<http://purl.obolibrary.org/obo/DDO.owl#DDO_0001788>	"osteomyelitis of hindfoot"	
<http://purl.obolibrary.org/obo/DDO.owl#DDO_0001789>	"osteomyelitis of midfoot"	
<http://purl.obolibrary.org/obo/DDO.owl#DDO_0001790>	"plantar hyperkeratosis of yaws"	
<http://purl.obolibrary.org/obo/DDO.owl#DDO_0001791>	"plantar papilloma of yaws"	
<http://purl.obolibrary.org/obo/DDO.owl#DDO_0001792>	"pyogenic arthritis of foot"	
<http://purl.obolibrary.org/obo/DDO.owl#DDO_0001793>	"tinea pedis"	
<http://purl.obolibrary.org/obo/DDO.owl#DDO_0001794>	"verruca plantaris"	
<http://purl.obolibrary.org/obo/DDO.owl#DDO_0001795>	"mosaic plantar wart"	
<http://purl.obolibrary.org/obo/DDO.owl#DDO_0001796>	"myrmecia plantar wart"	
<http://purl.obolibrary.org/obo/DDO.owl#DDO_0001797>	"necrotizing fasciitis"	
<http://purl.obolibrary.org/obo/DDO.owl#DDO_0001798>	"necrotizing fasciitis of scrotum and perineum"	
<http://purl.obolibrary.org/obo/DDO.owl#DDO_0001799>	"Fournier's gangrene of scrotum"	
<http://purl.obolibrary.org/obo/DDO.owl#DDO_0001800>	"neonatal necrotizing fasciitis"	
<http://purl.obolibrary.org/obo/DDO.owl#DDO_0001801>	"streptococcal necrotizing fasciitis"	
<http://purl.obolibrary.org/obo/DDO.owl#DDO_0001802>	"Fournier's gangrene"	
<http://purl.obolibrary.org/obo/DDO.owl#DDO_0001803>	"Fournier's gangrene of penis"	
<http://purl.obolibrary.org/obo/DDO.owl#DDO_0001804>	"Fournier's gangrene of scrotum"	
<http://purl.obolibrary.org/obo/DDO.owl#DDO_0001805>	"head and neck infection"	
<http://purl.obolibrary.org/obo/DDO.owl#DDO_0001806>	"rhinocerebral mucormycosis"	
<http://purl.obolibrary.org/obo/DDO.owl#DDO_0001807>	"invasive otitis externa"	
<http://purl.obolibrary.org/obo/DDO.owl#DDO_0001808>	"other infection"	
<http://purl.obolibrary.org/obo/DDO.owl#DDO_0001809>	"human immunodeficiency virus"	
<http://purl.obolibrary.org/obo/DDO.owl#DDO_0001810>	"periodontitis"	
<http://purl.obolibrary.org/obo/DDO.owl#DDO_0001811>	"acute pericoronitis"	
<http://purl.obolibrary.org/obo/DDO.owl#DDO_0001812>	"acute periodontitis"	
<http://purl.obolibrary.org/obo/DDO.owl#DDO_0001813>	"acute apical periodontitis of pulpal origin"	
<http://purl.obolibrary.org/obo/DDO.owl#DDO_0001814>	"acute necrotizing ulcerative periodontitis"	
<http://purl.obolibrary.org/obo/DDO.owl#DDO_0001815>	"adult periodontitis"	
<http://purl.obolibrary.org/obo/DDO.owl#DDO_0001816>	"generalized adult periodontitis"	
<http://purl.obolibrary.org/obo/DDO.owl#DDO_0001817>	"localized adult periodontitis"	
<http://purl.obolibrary.org/obo/DDO.owl#DDO_0001819>	"aggressive periodontitis"	
<http://purl.obolibrary.org/obo/DDO.owl#DDO_0001820>	"apical periodontitis"	
<http://purl.obolibrary.org/obo/DDO.owl#DDO_0001821>	"acute apical periodontitis of pulpal origin"	
<http://purl.obolibrary.org/obo/DDO.owl#DDO_0001822>	"chronic apical periodontitis"	
<http://purl.obolibrary.org/obo/DDO.owl#DDO_0001823>	"radicular cyst"	
<http://purl.obolibrary.org/obo/DDO.owl#DDO_0001824>	"lateral radicular cyst"	
<http://purl.obolibrary.org/obo/DDO.owl#DDO_0001825>	"residual cyst"	
<http://purl.obolibrary.org/obo/DDO.owl#DDO_0001826>	"chronic periodontitis"	
<http://purl.obolibrary.org/obo/DDO.owl#DDO_0001827>	"alveolar pyorrhea"	
<http://purl.obolibrary.org/obo/DDO.owl#DDO_0001828>	"chronic apical periodontitis"	
<http://purl.obolibrary.org/obo/DDO.owl#DDO_0001829>	"chronic periodontitis complex"	
<http://purl.obolibrary.org/obo/DDO.owl#DDO_0001830>	"chronic periodontitis simplex"	
<http://purl.obolibrary.org/obo/DDO.owl#DDO_0001831>	"chronic periodontitis with drifting of teeth"	
<http://purl.obolibrary.org/obo/DDO.owl#DDO_0001832>	"generalized chronic periodontitis"	
<http://purl.obolibrary.org/obo/DDO.owl#DDO_0001833>	"localized chronic periodontitis"	
<http://purl.obolibrary.org/obo/DDO.owl#DDO_0001834>	"human immunodeficiency virus-associated periodontitis"	
<http://purl.obolibrary.org/obo/DDO.owl#DDO_0001835>	"juvenile periodontitis"	
<http://purl.obolibrary.org/obo/DDO.owl#DDO_0001836>	"marginal periodontitis"	
<http://purl.obolibrary.org/obo/DDO.owl#DDO_0001837>	"alveolar pyorrhea"	
<http://purl.obolibrary.org/obo/DDO.owl#DDO_0001838>	"necrotizing periodontal disease"	
<http://purl.obolibrary.org/obo/DDO.owl#DDO_0001839>	"necrotizing ulcerative periodontitis"	
<http://purl.obolibrary.org/obo/DDO.owl#DDO_0001840>	"necrotizing ulcerative gingivoperiodontitis"	
<http://purl.obolibrary.org/obo/DDO.owl#DDO_0001841>	"prepubertal periodontitis"	
<http://purl.obolibrary.org/obo/DDO.owl#DDO_0001842>	"early onset periodontitis"	
<http://purl.obolibrary.org/obo/DDO.owl#DDO_0001843>	"rapidly progressive periodontitis"	
<http://purl.obolibrary.org/obo/DDO.owl#DDO_0001844>	"refractory periodontitis"	
<http://purl.obolibrary.org/obo/DDO.owl#DDO_0001845>	"maternal obesity syndrome"	
<http://purl.obolibrary.org/obo/DDO.owl#DDO_0001855>	"obesity"	
<http://purl.obolibrary.org/obo/DDO.owl#DDO_0001856>	"maternal obesity complicating pregnancy, childbirth and the puerperium, antepartum"	
<http://purl.obolibrary.org/obo/DDO.owl#DDO_0001857>	"Mauriac's syndrome"	
<http://purl.obolibrary.org/obo/DDO.owl#DDO_0001858>	"morbid obesity"	
<http://purl.obolibrary.org/obo/DDO.owl#DDO_0001859>	"extreme obesity with alveolar hypoventilation"	
<http://purl.obolibrary.org/obo/DDO.owl#DDO_0001860>	"proopiomelanocortin deficiency syndrome"	
<http://purl.obolibrary.org/obo/DDO.owl#DDO_0001861>	"obesity by adipocyte growth pattern"	
<http://purl.obolibrary.org/obo/DDO.owl#DDO_0001862>	"hyperplastic obesity"	
<http://purl.obolibrary.org/obo/DDO.owl#DDO_0001863>	"hyperplastic-hypertrophic obesity"	
<http://purl.obolibrary.org/obo/DDO.owl#DDO_0001864>	"hypertrophic obesity"	
<http://purl.obolibrary.org/obo/DDO.owl#DDO_0001865>	"obesity by age of onset"	
<http://purl.obolibrary.org/obo/DDO.owl#DDO_0001866>	"adult-onset obesity"	
<http://purl.obolibrary.org/obo/DDO.owl#DDO_0001867>	"childhood obesity"	
<http://purl.obolibrary.org/obo/DDO.owl#DDO_0001868>	"lifelong obesity"	
<http://purl.obolibrary.org/obo/DDO.owl#DDO_0001870>	"obesity by contributing factors"	
<http://purl.obolibrary.org/obo/DDO.owl#DDO_0001871>	"constitutional obesity"	
<http://purl.obolibrary.org/obo/DDO.owl#DDO_0001872>	"endogenous obesity"	
<http://purl.obolibrary.org/obo/DDO.owl#DDO_0001873>	"obesity of endocrine origin"	
<http://purl.obolibrary.org/obo/DDO.owl#DDO_0001874>	"Buffalo obesity"	
<http://purl.obolibrary.org/obo/DDO.owl#DDO_0001875>	"hyperinsulinar obesity"	
<http://purl.obolibrary.org/obo/DDO.owl#DDO_0001876>	"hypogonadal obesity"	
<http://purl.obolibrary.org/obo/DDO.owl#DDO_0001877>	"hypothalamic obesity"	
<http://purl.obolibrary.org/obo/DDO.owl#DDO_0001878>	"adiposogenital dystrophy"	
<http://purl.obolibrary.org/obo/DDO.owl#DDO_0001879>	"hypothyroid obesity"	
<http://purl.obolibrary.org/obo/DDO.owl#DDO_0001880>	"familial obesity"	
<http://purl.obolibrary.org/obo/DDO.owl#DDO_0001881>	"obesity by fat distribution pattern"	
<http://purl.obolibrary.org/obo/DDO.owl#DDO_0001882>	"Buffalo obesity"	
<http://purl.obolibrary.org/obo/DDO.owl#DDO_0001883>	"central obesity"	
<http://purl.obolibrary.org/obo/DDO.owl#DDO_0001884>	"android obesity"	
<http://purl.obolibrary.org/obo/DDO.owl#DDO_0001885>	"generalized obesity"	
<http://purl.obolibrary.org/obo/DDO.owl#DDO_0001886>	"localized adiposity"	
<http://purl.obolibrary.org/obo/DDO.owl#DDO_0001887>	"fat pad syndrome"	
<http://purl.obolibrary.org/obo/DDO.owl#DDO_0001888>	"hypertrophy of fat pad of knee"	
<http://purl.obolibrary.org/obo/DDO.owl#DDO_0001889>	"steatopygia"	
<http://purl.obolibrary.org/obo/DDO.owl#DDO_0001890>	"peripheral obesity"	
<http://purl.obolibrary.org/obo/DDO.owl#DDO_0001891>	"gynecoid obesity"	
<http://purl.obolibrary.org/obo/DDO.owl#DDO_0001892>	"obesity in mother complicating childbirth"	
<http://purl.obolibrary.org/obo/DDO.owl#DDO_0001893>	"simple obesity"	
<http://purl.obolibrary.org/obo/DDO.owl#DDO_0001894>	"single coronary vessel disease"	
<http://purl.obolibrary.org/obo/DDO.owl#DDO_0001895>	"multi vessel coronary artery disease"	
<http://purl.obolibrary.org/obo/DDO.owl#DDO_0001896>	"obliterative coronary artery disease"	
<http://purl.obolibrary.org/obo/DDO.owl#DDO_0001897>	"abnormal atrial arrangement"	
<http://purl.obolibrary.org/obo/DDO.owl#DDO_0001898>	"abnormal connection of hepatic vein to atrium"	
<http://purl.obolibrary.org/obo/DDO.owl#DDO_0001899>	"abnormal left ventricular muscle band"	
<http://purl.obolibrary.org/obo/DDO.owl#DDO_0001900>	"acyanotic congenital heart disease"	
<http://purl.obolibrary.org/obo/DDO.owl#DDO_00019007>	"traumatic acute pancreatitis"	
<http://purl.obolibrary.org/obo/DDO.owl#DDO_00019008>	"postoperative acute pancreatitis"	
<http://purl.obolibrary.org/obo/DDO.owl#DDO_00019009>	"post-ERCP acute pancreatitis"	
<http://purl.obolibrary.org/obo/DDO.owl#DDO_0001901>	"Andersen Tawil syndrome"	
<http://purl.obolibrary.org/obo/DDO.owl#DDO_00019010>	"idiopathic acute pancreatitis"	
<http://purl.obolibrary.org/obo/DDO.owl#DDO_00019011>	"gallstone acute pancreatitis"	
<http://purl.obolibrary.org/obo/DDO.owl#DDO_00019012>	"familial acute pancreatitis"	
<http://purl.obolibrary.org/obo/DDO.owl#DDO_00019013>	"alcohol-induced acute pancreatitis"	
<http://purl.obolibrary.org/obo/DDO.owl#DDO_00019014>	"drug-induced acute pancreatitis"	
<http://purl.obolibrary.org/obo/DDO.owl#DDO_00019015>	"acute recurrent pancreatitis"	
<http://purl.obolibrary.org/obo/DDO.owl#DDO_00019016>	"cytomegaloviral pancreatitis"	
<http://purl.obolibrary.org/obo/DDO.owl#DDO_00019017>	"viral acute pancreatitis"	
<http://purl.obolibrary.org/obo/DDO.owl#DDO_00019018>	"acute suppurative pancreatitis"	
<http://purl.obolibrary.org/obo/DDO.owl#DDO_00019019>	"acute pancreatitis due to infection"	
<http://purl.obolibrary.org/obo/DDO.owl#DDO_0001902>	"anterior deviation of infundibular septum of Fallot type"	
<http://purl.obolibrary.org/obo/DDO.owl#DDO_00019020>	"acute pancreatitis due to common bile duct calculus"	
<http://purl.obolibrary.org/obo/DDO.owl#DDO_00019021>	"acute necrotizing pancreatitis"	
<http://purl.obolibrary.org/obo/DDO.owl#DDO_00019022>	"acute hemorrhagic pancreatitis"	
<http://purl.obolibrary.org/obo/DDO.owl#DDO_0001903>	"aorta to right ventricle tunnel"	
<http://purl.obolibrary.org/obo/DDO.owl#DDO_0001904>	"aortic left ventricular tunnel"	
<http://purl.obolibrary.org/obo/DDO.owl#DDO_0001905>	"arrhythmogenic right ventricular dysplasia"	
<http://purl.obolibrary.org/obo/DDO.owl#DDO_0001906>	"atresia of pulmonary artery with septal defect"	
<http://purl.obolibrary.org/obo/DDO.owl#DDO_0001907>	"bifid apex of heart"	
<http://purl.obolibrary.org/obo/DDO.owl#DDO_0001908>	"bilateral atria"	
<http://purl.obolibrary.org/obo/DDO.owl#DDO_0001909>	"bilateral isomeric atria"	
<http://purl.obolibrary.org/obo/DDO.owl#DDO_0001910>	"bipartite right ventricle"	
<http://purl.obolibrary.org/obo/DDO.owl#DDO_0001911>	"Bulbus cordis and cardiac septal closure anomalies"	
<http://purl.obolibrary.org/obo/DDO.owl#DDO_0001912>	"congenital abnormality of atria and atrial septum"	
<http://purl.obolibrary.org/obo/DDO.owl#DDO_0001913>	"cor triatriatum"	
<http://purl.obolibrary.org/obo/DDO.owl#DDO_0001914>	"congenital abnormality of atrial septum"	
<http://purl.obolibrary.org/obo/DDO.owl#DDO_0001915>	"atrial septal defect through coronary sinus orifice"	
<http://purl.obolibrary.org/obo/DDO.owl#DDO_0001916>	"common atrium"	
<http://purl.obolibrary.org/obo/DDO.owl#DDO_0001917>	"common atrioventricular canal"	
<http://purl.obolibrary.org/obo/DDO.owl#DDO_0001918>	"atrioventricular septal defect - isolated atrial component"	
<http://purl.obolibrary.org/obo/DDO.owl#DDO_0001919>	"Ebstein's anomaly with atrial septal defect"	
<http://purl.obolibrary.org/obo/DDO.owl#DDO_0001920>	"malattachment of atrial septum"	
<http://purl.obolibrary.org/obo/DDO.owl#DDO_0001921>	"premature closure of foramen ovale"	
<http://purl.obolibrary.org/obo/DDO.owl#DDO_0001922>	"congenital abnormality of cardiac connection"	
<http://purl.obolibrary.org/obo/DDO.owl#DDO_0001923>	"premature restriction of foramen ovale"	
<http://purl.obolibrary.org/obo/DDO.owl#DDO_0001924>	"abnormal atrioventricular connection"	
<http://purl.obolibrary.org/obo/DDO.owl#DDO_0001925>	"ambiguous atrioventricular connection"	
<http://purl.obolibrary.org/obo/DDO.owl#DDO_0001926>	"discordant atrioventricular connection"	
<http://purl.obolibrary.org/obo/DDO.owl#DDO_0001927>	"abnormal atrioventricular connection - univentricular"	
<http://purl.obolibrary.org/obo/DDO.owl#DDO_0001928>	"absent left sided atrioventricular connection"	
<http://purl.obolibrary.org/obo/DDO.owl#DDO_0001929>	"left ventricular-right atrial communication"	
<http://purl.obolibrary.org/obo/DDO.owl#DDO_0001930>	"right sided atrium connecting to both ventricles"	
<http://purl.obolibrary.org/obo/DDO.owl#DDO_0001931>	"right sided atrium connecting to right ventricle"	
<http://purl.obolibrary.org/obo/DDO.owl#DDO_0001932>	"right sided atrium connecting to ventricle of indeterminate morphology"	
<http://purl.obolibrary.org/obo/DDO.owl#DDO_0001933>	"univentricular atrioventricular connection with absent left sided atrioventricular connection"	
<http://purl.obolibrary.org/obo/DDO.owl#DDO_0001934>	"absent right sided atrioventricular connection"	
<http://purl.obolibrary.org/obo/DDO.owl#DDO_0001935>	"left sided atrium connecting to both ventricles"	
<http://purl.obolibrary.org/obo/DDO.owl#DDO_0001936>	"left sided atrium connecting to left ventricle"	
<http://purl.obolibrary.org/obo/DDO.owl#DDO_0001937>	"left sided atrium connecting to right ventricle"	
<http://purl.obolibrary.org/obo/DDO.owl#DDO_0001938>	"left sided atrium connecting to ventricle of indeterminate morphology"	
<http://purl.obolibrary.org/obo/DDO.owl#DDO_0001940>	"univentricular atrioventricular connection with absent right sided atrioventricular connection"	
<http://purl.obolibrary.org/obo/DDO.owl#DDO_0001941>	"double inlet ventricle"	
<http://purl.obolibrary.org/obo/DDO.owl#DDO_0001942>	"double inlet left ventricle"	
<http://purl.obolibrary.org/obo/DDO.owl#DDO_0001943>	"double inlet right ventricle"	
<http://purl.obolibrary.org/obo/DDO.owl#DDO_0001944>	"double inlet to ventricle of indeterminate morphology"	
<http://purl.obolibrary.org/obo/DDO.owl#DDO_0001945>	"functional single ventricle"	
<http://purl.obolibrary.org/obo/DDO.owl#DDO_0001946>	"right atrioventricular valve leaflets absent in double inlet ventricle (unguarded orifice)"	
<http://purl.obolibrary.org/obo/DDO.owl#DDO_0001947>	"two atrioventricular valves in double inlet ventricle"	
<http://purl.obolibrary.org/obo/DDO.owl#DDO_0001948>	"absent atrioventricular connection with straddling valve"	
<http://purl.obolibrary.org/obo/DDO.owl#DDO_0001949>	"uniatrial biventricular connection with absent left sided atrioventricular connection with straddling valve"	
<http://purl.obolibrary.org/obo/DDO.owl#DDO_0001950>	"uniatrial biventricular connection with absent right sided atrioventricular connection with straddling valve"	
<http://purl.obolibrary.org/obo/DDO.owl#DDO_0001951>	"single inlet ventricle with absent atrioventricular connection"	
<http://purl.obolibrary.org/obo/DDO.owl#DDO_0001952>	"abnormal atrioventricular connection - biventricular"	
<http://purl.obolibrary.org/obo/DDO.owl#DDO_0001953>	"abnormal ventriculoarterial connection"	
<http://purl.obolibrary.org/obo/DDO.owl#DDO_0001954>	"anomalous origin of coronary artery from aortic sinus to left of nonfacing aortic sinus"	
<http://purl.obolibrary.org/obo/DDO.owl#DDO_0001955>	"anomalous origin of coronary artery from aortic sinus to right of nonfacing aortic sinus"	
<http://purl.obolibrary.org/obo/DDO.owl#DDO_0001956>	"anomalous origin of single coronary artery from nonfacing aortic sinus"	
<http://purl.obolibrary.org/obo/DDO.owl#DDO_0001957>	"discordant ventriculoarterial connection"	
<http://purl.obolibrary.org/obo/DDO.owl#DDO_0001958>	"corrected transposition of great vessels"	
<http://purl.obolibrary.org/obo/DDO.owl#DDO_0001959>	"incomplete great vessel transposition"	
<http://purl.obolibrary.org/obo/DDO.owl#DDO_0001960>	"total great vessel transposition"	
<http://purl.obolibrary.org/obo/DDO.owl#DDO_0001961>	"transposition of aorta"	
<http://purl.obolibrary.org/obo/DDO.owl#DDO_0001962>	"double outlet from ventricle of indeterminate morphology"	
<http://purl.obolibrary.org/obo/DDO.owl#DDO_0001963>	"double outlet left ventricle"	
<http://purl.obolibrary.org/obo/DDO.owl#DDO_0001964>	"double outlet right ventricle"	
<http://purl.obolibrary.org/obo/DDO.owl#DDO_0001965>	"double outlet ventriculoarterial connections"	
<http://purl.obolibrary.org/obo/DDO.owl#DDO_0001966>	"single outlet ventriculoarterial connection"	
<http://purl.obolibrary.org/obo/DDO.owl#DDO_0001967>	"solitary arterial trunk"	
<http://purl.obolibrary.org/obo/DDO.owl#DDO_0001968>	"solitary pulmonary trunk with aortic atresia"	
<http://purl.obolibrary.org/obo/DDO.owl#DDO_0001969>	"common arterial trunk (truncus arteriosus)"	
<http://purl.obolibrary.org/obo/DDO.owl#DDO_0001970>	"cardiac septal defects"	
<http://purl.obolibrary.org/obo/DDO.owl#DDO_0001971>	"cor triloculare"	
<http://purl.obolibrary.org/obo/DDO.owl#DDO_0001972>	"brainstem stroke syndrome"	
<http://purl.obolibrary.org/obo/DDO.owl#DDO_0001973>	"cor biloculare"	
<http://purl.obolibrary.org/obo/DDO.owl#DDO_0001974>	"Benedikt's syndrome"	
<http://purl.obolibrary.org/obo/DDO.owl#DDO_0001975>	"Claude's syndrome"	
<http://purl.obolibrary.org/obo/DDO.owl#DDO_0001976>	"Foville syndrome"	
<http://purl.obolibrary.org/obo/DDO.owl#DDO_0001977>	"Foville's syndrome II"	
<http://purl.obolibrary.org/obo/DDO.owl#DDO_0001978>	"Millard-Gubler syndrome"	
<http://purl.obolibrary.org/obo/DDO.owl#DDO_0001979>	"posterior inferior cerebellar artery syndrome"	
<http://purl.obolibrary.org/obo/DDO.owl#DDO_0001980>	"Weber-Gubler syndrome"	
<http://purl.obolibrary.org/obo/DDO.owl#DDO_0001981>	"completed stroke"	
<http://purl.obolibrary.org/obo/DDO.owl#DDO_0001982>	"embolic stroke"	
<http://purl.obolibrary.org/obo/DDO.owl#DDO_0001983>	"cardioembolic stroke"	
<http://purl.obolibrary.org/obo/DDO.owl#DDO_0001984>	"extension of cerebrovascular accident"	
<http://purl.obolibrary.org/obo/DDO.owl#DDO_0001985>	"infarction of basal ganglia"	
<http://purl.obolibrary.org/obo/DDO.owl#DDO_0001986>	"intracranial sinus thrombosis, embolism AND/OR inflammation"	
<http://purl.obolibrary.org/obo/DDO.owl#DDO_0001987>	"phlebitis of intracranial venous sinus"	
<http://purl.obolibrary.org/obo/DDO.owl#DDO_0001988>	"ischemic stroke"	
<http://purl.obolibrary.org/obo/DDO.owl#DDO_0001989>	"ischemic stroke with coma"	
<http://purl.obolibrary.org/obo/DDO.owl#DDO_0001990>	"ischemic stroke without coma"	
<http://purl.obolibrary.org/obo/DDO.owl#DDO_0001991>	"neonatal stroke"	
<http://purl.obolibrary.org/obo/DDO.owl#DDO_0001992>	"nonparalytic stroke"	
<http://purl.obolibrary.org/obo/DDO.owl#DDO_0001993>	"occlusive stroke"	
<http://purl.obolibrary.org/obo/DDO.owl#DDO_0001994>	"occlusion of cerebral artery with stroke"	
<http://purl.obolibrary.org/obo/DDO.owl#DDO_0001995>	"paralytic stroke"	
<http://purl.obolibrary.org/obo/DDO.owl#DDO_0001996>	"progressing stroke"	
<http://purl.obolibrary.org/obo/DDO.owl#DDO_0001997>	"ruptured cerebral aneurysm"	
<http://purl.obolibrary.org/obo/DDO.owl#DDO_0001998>	"stroke in the puerperium"	
<http://purl.obolibrary.org/obo/DDO.owl#DDO_0001999>	"thrombotic stroke"	
<http://purl.obolibrary.org/obo/DDO.owl#DDO_0002000>	"cerebellar stroke syndrome"	
<http://purl.obolibrary.org/obo/DDO.owl#DDO_0002001>	"superior cerebellar artery syndrome"	
<http://purl.obolibrary.org/obo/DDO.owl#DDO_0002003>	"hypertrophic cardiomyopathy"	
<http://purl.obolibrary.org/obo/DDO.owl#DDO_0002004>	"fetal hypertrophic cardiomyopathy"	
<http://purl.obolibrary.org/obo/DDO.owl#DDO_0002005>	"fetal hypertrophic cardiomyopathy associated with renal disease"	
<http://purl.obolibrary.org/obo/DDO.owl#DDO_0002006>	"fetal hypertrophic cardiomyopathy due to maternal diabetes mellitus"	
<http://purl.obolibrary.org/obo/DDO.owl#DDO_0002007>	"fetal hypertrophic cardiomyopathy due to twin to twin transfusion syndrome"	
<http://purl.obolibrary.org/obo/DDO.owl#DDO_0002008>	"hypertrophic cardiomyopathy associated with another disorder"	
<http://purl.obolibrary.org/obo/DDO.owl#DDO_0002009>	"hypertrophic cardiomyopathy secondary to Friedreich's ataxia"	
<http://purl.obolibrary.org/obo/DDO.owl#DDO_0002010>	"hypertrophic cardiomyopathy secondary to hyperthyroidism"	
<http://purl.obolibrary.org/obo/DDO.owl#DDO_0002011>	"hypertrophic cardiomyopathy secondary to neuromuscular disorder"	
<http://purl.obolibrary.org/obo/DDO.owl#DDO_0002012>	"hypertrophic cardiomyopathy with genetic marker"	
<http://purl.obolibrary.org/obo/DDO.owl#DDO_0002013>	"hypertrophic cardiomyopathy without obstruction"	
<http://purl.obolibrary.org/obo/DDO.owl#DDO_0002014>	"hypertrophic mitochondrial cardiomyopathy"	
<http://purl.obolibrary.org/obo/DDO.owl#DDO_0002015>	"hypertrophic obstructive cardiomyopathy"	
<http://purl.obolibrary.org/obo/DDO.owl#DDO_0002016>	"primary idiopathic hypertrophic cardiomyopathy"	
<http://purl.obolibrary.org/obo/DDO.owl#DDO_0002017>	"primary hypertrophic cardiomyopathy"	
<http://purl.obolibrary.org/obo/DDO.owl#DDO_0002018>	"primary familial hypertrophic cardiomyopathy"	
<http://purl.obolibrary.org/obo/DDO.owl#DDO_0002019>	"primary idiopathic hypertrophic cardiomyopathy"	
<http://purl.obolibrary.org/obo/DDO.owl#DDO_0002020>	"acute myocardial infarction"	
<http://purl.obolibrary.org/obo/DDO.owl#DDO_0002021>	"acute anteroapical myocardial infarction"	
<http://purl.obolibrary.org/obo/DDO.owl#DDO_0002022>	"acute anteroseptal myocardial infarction"	
<http://purl.obolibrary.org/obo/DDO.owl#DDO_0002023>	"acute non-Q wave infarction - anteroseptal"	
<http://purl.obolibrary.org/obo/DDO.owl#DDO_0002024>	"acute Q wave infarction - anteroseptal"	
<http://purl.obolibrary.org/obo/DDO.owl#DDO_0002025>	"acute ST segment elevation myocardial infarction of anteroseptal wall"	
<http://purl.obolibrary.org/obo/DDO.owl#DDO_0002026>	"acute infarction of papillary muscle"	
<http://purl.obolibrary.org/obo/DDO.owl#DDO_0002027>	"acute myocardial infarction during procedure"	
<http://purl.obolibrary.org/obo/DDO.owl#DDO_0002028>	"acute myocardial infarction of anterior wall"	
<http://purl.obolibrary.org/obo/DDO.owl#DDO_0002029>	"acute anterior ST segment elevation myocardial infarction"	
<http://purl.obolibrary.org/obo/DDO.owl#DDO_0002030>	"acute myocardial infarction of anterior wall involving right ventricle"	
<http://purl.obolibrary.org/obo/DDO.owl#DDO_0002031>	"acute myocardial infarction of anterolateral wall"	
<http://purl.obolibrary.org/obo/DDO.owl#DDO_0002032>	"acute non-Q wave infarction - anterolateral"	
<http://purl.obolibrary.org/obo/DDO.owl#DDO_0002033>	"acute Q wave infarction - anterolateral"	
<http://purl.obolibrary.org/obo/DDO.owl#DDO_0002034>	"acute ST segment elevation myocardial infarction of anterolateral wall"	
<http://purl.obolibrary.org/obo/DDO.owl#DDO_0002035>	"acute myocardial infarction of atrium"	
<http://purl.obolibrary.org/obo/DDO.owl#DDO_0002036>	"acute myocardial infarction of inferior wall"	
<http://purl.obolibrary.org/obo/DDO.owl#DDO_0002037>	"acute myocardial infarction of inferoposterior wall"	
<http://purl.obolibrary.org/obo/DDO.owl#DDO_0002038>	"acute myocardial infarction of inferior wall involving right ventricle"	
<http://purl.obolibrary.org/obo/DDO.owl#DDO_0002039>	"acute non-Q wave infarction - inferior"	
<http://purl.obolibrary.org/obo/DDO.owl#DDO_0002040>	"acute Q wave infarction - inferior"	
<http://purl.obolibrary.org/obo/DDO.owl#DDO_0002042>	"acute myocardial infarction of inferolateral wall"	
<http://purl.obolibrary.org/obo/DDO.owl#DDO_0002043>	"acute non-Q wave infarction - inferolateral"	
<http://purl.obolibrary.org/obo/DDO.owl#DDO_0002044>	"acute Q wave infarction - inferolateral"	
<http://purl.obolibrary.org/obo/DDO.owl#DDO_0002045>	"acute myocardial infarction of lateral wall"	
<http://purl.obolibrary.org/obo/DDO.owl#DDO_0002046>	"acute myocardial infarction of posterolateral wall"	
<http://purl.obolibrary.org/obo/DDO.owl#DDO_0002047>	"acute myocardial infarction of septum"	
<http://purl.obolibrary.org/obo/DDO.owl#DDO_0002048>	"acute myocardial infarction with rupture of ventricle"	
<http://purl.obolibrary.org/obo/DDO.owl#DDO_0002049>	"acute non-Q wave infarction"	
<http://purl.obolibrary.org/obo/DDO.owl#DDO_0002050>	"acute non-ST segment elevation myocardial infarction"	
<http://purl.obolibrary.org/obo/DDO.owl#DDO_0002051>	"acute posterior myocardial infarction"	
<http://purl.obolibrary.org/obo/DDO.owl#DDO_0002052>	"acute myocardial infarction of posterobasal wall"	
<http://purl.obolibrary.org/obo/DDO.owl#DDO_0002053>	"acute Q wave myocardial infarction"	
<http://purl.obolibrary.org/obo/DDO.owl#DDO_0002054>	"acute ST segment elevation myocardial infarction"	
<http://purl.obolibrary.org/obo/DDO.owl#DDO_0002055>	"acute subendocardial infarction"	
<http://purl.obolibrary.org/obo/DDO.owl#DDO_0002056>	"acute widespread myocardial infarction"	
<http://purl.obolibrary.org/obo/DDO.owl#DDO_0002057>	"first myocardial infarction"	
<http://purl.obolibrary.org/obo/DDO.owl#DDO_0002058>	"microinfarct of heart"	
<http://purl.obolibrary.org/obo/DDO.owl#DDO_0002059>	"mixed myocardial ischemia and infarction"	
<http://purl.obolibrary.org/obo/DDO.owl#DDO_0002060>	"myocardial infarction in recovery phase"	
<http://purl.obolibrary.org/obo/DDO.owl#DDO_0002061>	"myocardial infarction with complication"	
<http://purl.obolibrary.org/obo/DDO.owl#DDO_0002062>	"non-Q wave myocardial infarction"	
<http://purl.obolibrary.org/obo/DDO.owl#DDO_0002063>	"old myocardial infarction"	
<http://purl.obolibrary.org/obo/DDO.owl#DDO_0002064>	"postoperative myocardial infarction"	
<http://purl.obolibrary.org/obo/DDO.owl#DDO_0002065>	"postoperative subendocardial myocardial infarction"	
<http://purl.obolibrary.org/obo/DDO.owl#DDO_0002066>	"postoperative transmural myocardial infarction of anterior wall"	
<http://purl.obolibrary.org/obo/DDO.owl#DDO_0002067>	"postoperative transmural myocardial infarction of inferior wall"	
<http://purl.obolibrary.org/obo/DDO.owl#DDO_0002068>	"silent myocardial infarction"	
<http://purl.obolibrary.org/obo/DDO.owl#DDO_0002069>	"subsequent myocardial infarction"	
<http://purl.obolibrary.org/obo/DDO.owl#DDO_0002070>	"true posterior myocardial infarction"	
<http://purl.obolibrary.org/obo/DDO.owl#DDO_0002071>	"angina associated with type 2 diabetes mellitus"	
<http://purl.obolibrary.org/obo/DDO.owl#DDO_0002072>	"angina decubitus"	
<http://purl.obolibrary.org/obo/DDO.owl#DDO_0002073>	"angina, class I"	
<http://purl.obolibrary.org/obo/DDO.owl#DDO_0002074>	"angina, class II"	
<http://purl.obolibrary.org/obo/DDO.owl#DDO_0002075>	"angina, class III"	
<http://purl.obolibrary.org/obo/DDO.owl#DDO_0002076>	"angina, class IV"	
<http://purl.obolibrary.org/obo/DDO.owl#DDO_0002077>	"atypical angina"	
<http://purl.obolibrary.org/obo/DDO.owl#DDO_0002078>	"nocturnal angina"	
<http://purl.obolibrary.org/obo/DDO.owl#DDO_0002079>	"post infarct angina"	
<http://purl.obolibrary.org/obo/DDO.owl#DDO_0002080>	"preinfarction syndrome"	
<http://purl.obolibrary.org/obo/DDO.owl#DDO_0002081>	"acute coronary insufficiency"	
<http://purl.obolibrary.org/obo/DDO.owl#DDO_0002082>	"Prinzmetal angina"	
<http://purl.obolibrary.org/obo/DDO.owl#DDO_0002083>	"progressive Angina"	
<http://purl.obolibrary.org/obo/DDO.owl#DDO_0002084>	"refractory angina"	
<http://purl.obolibrary.org/obo/DDO.owl#DDO_0002085>	"syncope anginosa"	
<http://purl.obolibrary.org/obo/DDO.owl#DDO_0002086>	"basilar artery syndrome"	
<http://purl.obolibrary.org/obo/DDO.owl#DDO_0002088>	"Vertebrobasilar territory transient ischemic attack"	
<http://purl.obolibrary.org/obo/DDO.owl#DDO_0002089>	"transient ischemic attack due to embolism"	
<http://purl.obolibrary.org/obo/DDO.owl#DDO_0002090>	"transient cerebral ischemia due to atrial fibrillation"	
<http://purl.obolibrary.org/obo/DDO.owl#DDO_0002091>	"recurrent transient cerebral ischemic attack"	
<http://purl.obolibrary.org/obo/DDO.owl#DDO_0002092>	"posterior cerebral artery syndrome"	
<http://purl.obolibrary.org/obo/DDO.owl#DDO_0002093>	"multiple and bilateral precerebral artery syndromes"	
<http://purl.obolibrary.org/obo/DDO.owl#DDO_0002094>	"middle cerebral artery syndrome"	
<http://purl.obolibrary.org/obo/DDO.owl#DDO_0002095>	"carotid artery syndrome hemispheric"	
<http://purl.obolibrary.org/obo/DDO.owl#DDO_0002096>	"amaurosis fugax"	
<http://purl.obolibrary.org/obo/DDO.owl#DDO_0002097>	"carotid territory transient ischemic attack"	
<http://purl.obolibrary.org/obo/DDO.owl#DDO_0002098>	"anterior cerebral artery syndrome"	
<http://purl.obolibrary.org/obo/DDO.owl#DDO_0002099>	"hypertension"	
<http://purl.obolibrary.org/obo/DDO.owl#DDO_0002100>	"benign hypertension"	
<http://purl.obolibrary.org/obo/DDO.owl#DDO_0002101>	"benign essential hypertension"	
<http://purl.obolibrary.org/obo/DDO.owl#DDO_0002102>	"benign secondary hypertension"	
<http://purl.obolibrary.org/obo/DDO.owl#DDO_0002104>	"benign secondary renovascular hypertension"	
<http://purl.obolibrary.org/obo/DDO.owl#DDO_0002105>	"diastolic hypertension"	
<http://purl.obolibrary.org/obo/DDO.owl#DDO_0002106>	"labile diastolic hypertension"	
<http://purl.obolibrary.org/obo/DDO.owl#DDO_0002107>	"secondary diastolic hypertension"	
<http://purl.obolibrary.org/obo/DDO.owl#DDO_0002108>	"sustained diastolic hypertension"	
<http://purl.obolibrary.org/obo/DDO.owl#DDO_0002109>	"eclampsia added to pre-existing hypertension"	
<http://purl.obolibrary.org/obo/DDO.owl#DDO_0002110>	"essential hypertension"	
<http://purl.obolibrary.org/obo/DDO.owl#DDO_0002111>	"benign essential hypertension"	
<http://purl.obolibrary.org/obo/DDO.owl#DDO_0002112>	"benign essential hypertension in obstetric context"	
<http://purl.obolibrary.org/obo/DDO.owl#DDO_0002113>	"essential hypertension in obstetric context"	
<http://purl.obolibrary.org/obo/DDO.owl#DDO_0002114>	"benign essential hypertension in obstetric context"	
<http://purl.obolibrary.org/obo/DDO.owl#DDO_0002115>	"high-renin essential hypertension"	
<http://purl.obolibrary.org/obo/DDO.owl#DDO_0002117>	"labile essential hypertension"	
<http://purl.obolibrary.org/obo/DDO.owl#DDO_0002118>	"low-renin essential hypertension"	
<http://purl.obolibrary.org/obo/DDO.owl#DDO_0002119>	"malignant essential hypertension"	
<http://purl.obolibrary.org/obo/DDO.owl#DDO_0002120>	"postpartum pre-existing essential hypertension"	
<http://purl.obolibrary.org/obo/DDO.owl#DDO_0002121>	"systolic essential hypertension"	
<http://purl.obolibrary.org/obo/DDO.owl#DDO_0002122>	"exertional hypertension"	
<http://purl.obolibrary.org/obo/DDO.owl#DDO_0002123>	"hypertension in chronic kidney disease due to type 1 diabetes mellitus"	
<http://purl.obolibrary.org/obo/DDO.owl#DDO_0002124>	"hypertension in chronic kidney disease due to type 2 diabetes mellitus"	
<http://purl.obolibrary.org/obo/DDO.owl#DDO_0002125>	"hypertension in the obstetric context"	
<http://purl.obolibrary.org/obo/DDO.owl#DDO_0002126>	"chronic hypertension in obstetric context"	
<http://purl.obolibrary.org/obo/DDO.owl#DDO_0002127>	"essential hypertension in obstetric context"	
<http://purl.obolibrary.org/obo/DDO.owl#DDO_0002128>	"hypertension secondary to renal disease in obstetric context"	
<http://purl.obolibrary.org/obo/DDO.owl#DDO_0002129>	"malignant hypertension in obstetric context"	
<http://purl.obolibrary.org/obo/DDO.owl#DDO_0002130>	"pre-existing hypertension in obstetric context"	
<http://purl.obolibrary.org/obo/DDO.owl#DDO_0002131>	"hypertension with albuminuria"	
<http://purl.obolibrary.org/obo/DDO.owl#DDO_0002132>	"intermittent hypertension"	
<http://purl.obolibrary.org/obo/DDO.owl#DDO_0002133>	"labile essential hypertension"	
<http://purl.obolibrary.org/obo/DDO.owl#DDO_0002134>	"transient hypertension"	
<http://purl.obolibrary.org/obo/DDO.owl#DDO_0002135>	"neonatal hypertension"	
<http://purl.obolibrary.org/obo/DDO.owl#DDO_0002136>	"paroxysmal hypertension"	
<http://purl.obolibrary.org/obo/DDO.owl#DDO_0002137>	"postoperative hypertension"	
<http://purl.obolibrary.org/obo/DDO.owl#DDO_0002138>	"pregnancy-induced hypertension"	
<http://purl.obolibrary.org/obo/DDO.owl#DDO_0002139>	"impending eclampsia"	
<http://purl.obolibrary.org/obo/DDO.owl#DDO_0002140>	"maternal hypertension"	
<http://purl.obolibrary.org/obo/DDO.owl#DDO_0002141>	"pre-eclampsia"	
<http://purl.obolibrary.org/obo/DDO.owl#DDO_0002142>	"mild pre-eclampsia"	
<http://purl.obolibrary.org/obo/DDO.owl#DDO_0002143>	"severe pre-eclampsia"	
<http://purl.obolibrary.org/obo/DDO.owl#DDO_0002144>	"toxemia of pregnancy"	
<http://purl.obolibrary.org/obo/DDO.owl#DDO_0002145>	"rebound hypertension"	
<http://purl.obolibrary.org/obo/DDO.owl#DDO_0002146>	"secondary hypertension"	
<http://purl.obolibrary.org/obo/DDO.owl#DDO_0002147>	"benign secondary hypertension"	
<http://purl.obolibrary.org/obo/DDO.owl#DDO_0002148>	"endocrine hypertension"	
<http://purl.obolibrary.org/obo/DDO.owl#DDO_0002149>	"hypertension associated with transplantation"	
<http://purl.obolibrary.org/obo/DDO.owl#DDO_0002150>	"hypertension secondary to kidney transplant"	
<http://purl.obolibrary.org/obo/DDO.owl#DDO_0002151>	"renal hypertension"	
<http://purl.obolibrary.org/obo/DDO.owl#DDO_0002152>	"parenchymal renal hypertension"	
<http://purl.obolibrary.org/obo/DDO.owl#DDO_0002153>	"renal sclerosis with hypertension"	
<http://purl.obolibrary.org/obo/DDO.owl#DDO_0002154>	"renovascular hypertension"	
<http://purl.obolibrary.org/obo/DDO.owl#DDO_0002155>	"benign secondary renovascular hypertension"	
<http://purl.obolibrary.org/obo/DDO.owl#DDO_0002156>	"Goldblatt hypertension"	
<http://purl.obolibrary.org/obo/DDO.owl#DDO_0002157>	"malignant secondary renovascular hypertension"	
<http://purl.obolibrary.org/obo/DDO.owl#DDO_0002158>	"renal arterial hypertension"	
<http://purl.obolibrary.org/obo/DDO.owl#DDO_0002159>	"secondary diastolic hypertension"	
<http://purl.obolibrary.org/obo/DDO.owl#DDO_0002160>	"systolic hypertension"	
<http://purl.obolibrary.org/obo/DDO.owl#DDO_0002161>	"acanthosis nigricans"	
<http://purl.obolibrary.org/obo/DDO.owl#DDO_0002162>	"acanthosis nigricans of oral mucous membranes"	
<http://purl.obolibrary.org/obo/DDO.owl#DDO_0002163>	"Crouzon syndrome with acanthosis nigricans"	
<http://purl.obolibrary.org/obo/DDO.owl#DDO_0002164>	"soft tissue complication of diabetes mellitus"	
<http://purl.obolibrary.org/obo/DDO.owl#DDO_0002165>	"bullosis diabeticorum"	
<http://purl.obolibrary.org/obo/DDO.owl#DDO_0002166>	"diabetic dermopathy"	
<http://purl.obolibrary.org/obo/DDO.owl#DDO_0002167>	"diabetic rubeosis"	
<http://purl.obolibrary.org/obo/DDO.owl#DDO_0002168>	"diabetic thick skin syndrome"	
<http://purl.obolibrary.org/obo/DDO.owl#DDO_0002169>	"pretibial pigmental patches in diabetes"	
<http://purl.obolibrary.org/obo/DDO.owl#DDO_0002170>	"Fungal infection"	
<http://purl.obolibrary.org/obo/DDO.owl#DDO_0002172>	"distal and lateral subungual onychomycosis"	
<http://purl.obolibrary.org/obo/DDO.owl#DDO_0002173>	"onychomycosis due to dermatophyte"	
<http://purl.obolibrary.org/obo/DDO.owl#DDO_0002174>	"endonyx onychomycosis"	
<http://purl.obolibrary.org/obo/DDO.owl#DDO_0002175>	"onychomycosis of fingernails"	
<http://purl.obolibrary.org/obo/DDO.owl#DDO_0002176>	"onychomycosis of toenails"	
<http://purl.obolibrary.org/obo/DDO.owl#DDO_0002177>	"proximal subungual onychomycosis"	
<http://purl.obolibrary.org/obo/DDO.owl#DDO_0002178>	"superficial white onychomycosis"	
<http://purl.obolibrary.org/obo/DDO.owl#DDO_0002179>	"total dystrophic onychomycosis"	
<http://purl.obolibrary.org/obo/DDO.owl#DDO_0002180>	"broken skin"	
<http://purl.obolibrary.org/obo/DDO.owl#DDO_0002181>	"skin lesion"	
<http://purl.obolibrary.org/obo/DDO.owl#DDO_0002182>	"lesion of degenerative abnormality"	
<http://purl.obolibrary.org/obo/DDO.owl#DDO_0002183>	"xanthelasma"	
<http://purl.obolibrary.org/obo/DDO.owl#DDO_0002184>	"lesion of eyelid"	
<http://purl.obolibrary.org/obo/DDO.owl#DDO_0002185>	"xanthoma of eyelid"	
<http://purl.obolibrary.org/obo/DDO.owl#DDO_0002188>	"xanthoma of lower eyelid"	
<http://purl.obolibrary.org/obo/DDO.owl#DDO_0002189>	"xanthoma of upper eyelid"	
<http://purl.obolibrary.org/obo/DDO.owl#DDO_0002190>	"xanthoma planum of eyelid"	
<http://purl.obolibrary.org/obo/DDO.owl#DDO_0002191>	"peripheral motor neuropathy"	
<http://purl.obolibrary.org/obo/DDO.owl#DDO_0002192>	"asymmetric diabetic proximal motor neuropathy"	
<http://purl.obolibrary.org/obo/DDO.owl#DDO_0002193>	"symmetric diabetic proximal motor neuropathy"	
<http://purl.obolibrary.org/obo/DDO.owl#DDO_0002194>	"hereditary sensory neuropathy"	
<http://purl.obolibrary.org/obo/DDO.owl#DDO_0002195>	"X-linked recessive sensory neuropathy"	
<http://purl.obolibrary.org/obo/DDO.owl#DDO_0002196>	"peripheral sensory neuropathy due to type 2 diabetes mellitus"	
<http://purl.obolibrary.org/obo/DDO.owl#DDO_0002197>	"sensory neuropathy due to type 1 diabetes mellitus"	
<http://purl.obolibrary.org/obo/DDO.owl#DDO_0002198>	"symmetrical sensory neuropathy"	
<http://purl.obolibrary.org/obo/DDO.owl#DDO_0002199>	"altered sensation of skin"	
<http://purl.obolibrary.org/obo/DDO.owl#DDO_0002200>	"dysesthesia"	
<http://purl.obolibrary.org/obo/DDO.owl#DDO_0002201>	"cutaneous allodynia"	
<http://purl.obolibrary.org/obo/DDO.owl#DDO_0002202>	"cutaneous hyperalgesia"	
<http://purl.obolibrary.org/obo/DDO.owl#DDO_0002203>	"dysesthesia of face"	
<http://purl.obolibrary.org/obo/DDO.owl#DDO_0002204>	"skin-ache syndrome"	
<http://purl.obolibrary.org/obo/DDO.owl#DDO_0002205>	"itching of skin"	
<http://purl.obolibrary.org/obo/DDO.owl#DDO_0002206>	"generalized pruritus"	
<http://purl.obolibrary.org/obo/DDO.owl#DDO_0002207>	"itching of lesion of skin"	
<http://purl.obolibrary.org/obo/DDO.owl#DDO_0002208>	"scalp itchy"	
<http://purl.obolibrary.org/obo/DDO.owl#DDO_0002209>	"loss of protective sensation of skin"	
<http://purl.obolibrary.org/obo/DDO.owl#DDO_0002210>	"pins and needles"	
<http://purl.obolibrary.org/obo/DDO.owl#DDO_0002211>	"reduced sensation of skin"	
<http://purl.obolibrary.org/obo/DDO.owl#DDO_0002212>	"graphesthesia impaired"	
<http://purl.obolibrary.org/obo/DDO.owl#DDO_0002213>	"hypoalgesia"	
<http://purl.obolibrary.org/obo/DDO.owl#DDO_0002214>	"hemihypalgesia"	
<http://purl.obolibrary.org/obo/DDO.owl#DDO_0002216>	"impaired pin prick discrimination"	
<http://purl.obolibrary.org/obo/DDO.owl#DDO_0002217>	"impaired vibration sensation"	
<http://purl.obolibrary.org/obo/DDO.owl#DDO_0002218>	"impaired vibration sensation of foot"	
<http://purl.obolibrary.org/obo/DDO.owl#DDO_0002219>	"tactile hypesthesia"	
<http://purl.obolibrary.org/obo/DDO.owl#DDO_0002220>	"impaired firm touch sensation"	
<http://purl.obolibrary.org/obo/DDO.owl#DDO_0002222>	"impaired light touch sensation"	
<http://purl.obolibrary.org/obo/DDO.owl#DDO_0002223>	"impaired touch discrimination"	
<http://purl.obolibrary.org/obo/DDO.owl#DDO_0002224>	"thermal hypesthesia"	
<http://purl.obolibrary.org/obo/DDO.owl#DDO_0002225>	"cold sensation reduced"	
<http://purl.obolibrary.org/obo/DDO.owl#DDO_0002226>	"heat sensation reduced"	
<http://purl.obolibrary.org/obo/DDO.owl#DDO_0002227>	"ischemia"	
<http://purl.obolibrary.org/obo/DDO.owl#DDO_0002228>	"anterior segment ischemia"	
<http://purl.obolibrary.org/obo/DDO.owl#DDO_0002229>	"arterial ischemia"	
<http://purl.obolibrary.org/obo/DDO.owl#DDO_0002230>	"brain stem ischemia"	
<http://purl.obolibrary.org/obo/DDO.owl#DDO_0002231>	"cerebral ischemia"	
<http://purl.obolibrary.org/obo/DDO.owl#DDO_0002232>	"carotid territory transient ischemic attack"	
<http://purl.obolibrary.org/obo/DDO.owl#DDO_0002233>	"amaurosis fugax"	
<http://purl.obolibrary.org/obo/DDO.owl#DDO_0002234>	"carotid artery syndrome hemispheric"	
<http://purl.obolibrary.org/obo/DDO.owl#DDO_0002235>	"chronic cerebral ischemia"	
<http://purl.obolibrary.org/obo/DDO.owl#DDO_0002236>	"intermittent cerebral ischemia"	
<http://purl.obolibrary.org/obo/DDO.owl#DDO_0002237>	"neonatal cerebral ischemia"	
<http://purl.obolibrary.org/obo/DDO.owl#DDO_0002238>	"perinatal cerebral ischemia"	
<http://purl.obolibrary.org/obo/DDO.owl#DDO_0002239>	"Vertebrobasilar territory transient ischemic attack"	
<http://purl.obolibrary.org/obo/DDO.owl#DDO_0002240>	"basilar artery syndrome"	
<http://purl.obolibrary.org/obo/DDO.owl#DDO_0002241>	"choroidal ischemia"	
<http://purl.obolibrary.org/obo/DDO.owl#DDO_0002242>	"ischemia of stoma"	
<http://purl.obolibrary.org/obo/DDO.owl#DDO_0002243>	"ischemic disorder of spinal cord"	
<http://purl.obolibrary.org/obo/DDO.owl#DDO_0002245>	"infarction of spinal cord"	
<http://purl.obolibrary.org/obo/DDO.owl#DDO_0002246>	"orbital ischemic syndrome"	
<http://purl.obolibrary.org/obo/DDO.owl#DDO_0002247>	"peripheral ischemia"	
<http://purl.obolibrary.org/obo/DDO.owl#DDO_0002248>	"ischemic gangrene"	
<http://purl.obolibrary.org/obo/DDO.owl#DDO_0002249>	"limb ischemia"	
<http://purl.obolibrary.org/obo/DDO.owl#DDO_0002250>	"lower limb ischemia"	
<http://purl.obolibrary.org/obo/DDO.owl#DDO_0002251>	"critical lower limb ischemia"	
<http://purl.obolibrary.org/obo/DDO.owl#DDO_0002252>	"ischemic foot"	
<http://purl.obolibrary.org/obo/DDO.owl#DDO_0002253>	"critical ischemia of foot"	
<http://purl.obolibrary.org/obo/DDO.owl#DDO_0002254>	"ischemia of feet"	
<http://purl.obolibrary.org/obo/DDO.owl#DDO_0002255>	"trash foot"	
<http://purl.obolibrary.org/obo/DDO.owl#DDO_0002256>	"critical ischemia of foot"	
<http://purl.obolibrary.org/obo/DDO.owl#DDO_0002257>	"ischemic toe"	
<http://purl.obolibrary.org/obo/DDO.owl#DDO_0002258>	"upper limb ischemia"	
<http://purl.obolibrary.org/obo/DDO.owl#DDO_0002259>	"critical upper limb ischemia"	
<http://purl.obolibrary.org/obo/DDO.owl#DDO_0002260>	"ischemic hand"	
<http://purl.obolibrary.org/obo/DDO.owl#DDO_0002261>	"ischemic finger"	
<http://purl.obolibrary.org/obo/DDO.owl#DDO_0002262>	"strangulated hemorrhoids"	
<http://purl.obolibrary.org/obo/DDO.owl#DDO_0002263>	"gangrenous pile"	
<http://purl.obolibrary.org/obo/DDO.owl#DDO_0002264>	"strangulated external hemorrhoids"	
<http://purl.obolibrary.org/obo/DDO.owl#DDO_0002265>	"strangulated internal hemorrhoids"	
<http://purl.obolibrary.org/obo/DDO.owl#DDO_0002266>	"transient ischemia"	
<http://purl.obolibrary.org/obo/DDO.owl#DDO_0002267>	"visceral ischemia"	
<http://purl.obolibrary.org/obo/DDO.owl#DDO_0002268>	"dry skin"	
<http://purl.obolibrary.org/obo/DDO.owl#DDO_0002269>	"severe dry skin"	
<http://purl.obolibrary.org/obo/DDO.owl#DDO_0002270>	"xeroderma"	
<http://purl.obolibrary.org/obo/DDO.owl#DDO_0002271>	"dry skin dermatitis"	
<http://purl.obolibrary.org/obo/DDO.owl#DDO_0002272>	"drug-induced ichthyosiform reaction"	
<http://purl.obolibrary.org/obo/DDO.owl#DDO_0002273>	"senile xeroderma"	
<http://purl.obolibrary.org/obo/DDO.owl#DDO_0002274>	"vitamin A deficiency with xeroderma"	
<http://purl.obolibrary.org/obo/DDO.owl#DDO_0002275>	"xeroderma in genetic syndrome"	
<http://purl.obolibrary.org/obo/DDO.owl#DDO_0002276>	"xeroderma of eyelid"	
<http://purl.obolibrary.org/obo/DDO.owl#DDO_0002277>	"xeroderma of lower eyelid"	
<http://purl.obolibrary.org/obo/DDO.owl#DDO_0002278>	"xeroderma of upper eyelid"	
<http://purl.obolibrary.org/obo/DDO.owl#DDO_0002279>	"xeroderma pigmentosum"	
<http://purl.obolibrary.org/obo/DDO.owl#DDO_0002280>	"pigmented xerodermoid"	
<http://purl.obolibrary.org/obo/DDO.owl#DDO_0002281>	"non-neurologic xeroderma pigmentosum"	
<http://purl.obolibrary.org/obo/DDO.owl#DDO_0002282>	"infection of nail"	
<http://purl.obolibrary.org/obo/DDO.owl#DDO_0002283>	"foot callus"	
<http://purl.obolibrary.org/obo/DDO.owl#DDO_0002284>	"callus of heel"	
<http://purl.obolibrary.org/obo/DDO.owl#DDO_0002285>	"callosity under metatarsal head"	
<http://purl.obolibrary.org/obo/DDO.owl#DDO_0002286>	"callosity on toe"	
<http://purl.obolibrary.org/obo/DDO.owl#DDO_0002287>	"callosity"	
<http://purl.obolibrary.org/obo/DDO.owl#DDO_0002288>	"callosity between toes"	
<http://purl.obolibrary.org/obo/DDO.owl#DDO_0002289>	"apical callus"	
<http://purl.obolibrary.org/obo/DDO.owl#DDO_0002290>	"foot ulcer"	
<http://purl.obolibrary.org/obo/DDO.owl#DDO_0002291>	"diabetic foot ulcer"	
<http://purl.obolibrary.org/obo/DDO.owl#DDO_0002292>	"foot ulcer due to type 1 diabetes mellitus"	
<http://purl.obolibrary.org/obo/DDO.owl#DDO_0002293>	"aortoiliac atherosclerosis"	
<http://purl.obolibrary.org/obo/DDO.owl#DDO_0002294>	"ischemic ulcer diabetic foot"	
<http://purl.obolibrary.org/obo/DDO.owl#DDO_0002295>	"neuropathic diabetic ulcer - foot"	
<http://purl.obolibrary.org/obo/DDO.owl#DDO_0002296>	"diabetic peripheral angiopathy"	
<http://purl.obolibrary.org/obo/DDO.owl#DDO_0002297>	"intermittent claudication"	
<http://purl.obolibrary.org/obo/DDO.owl#DDO_0002298>	"intermittent cauda equina claudication"	
<http://purl.obolibrary.org/obo/DDO.owl#DDO_0002299>	"intermittent claudication due to atherosclerosis of native artery of limb"	
<http://purl.obolibrary.org/obo/DDO.owl#DDO_0002301>	"intermittent spinal claudication"	
<http://purl.obolibrary.org/obo/DDO.owl#DDO_0002302>	"occlusion of artery of upper extremity"	
<http://purl.obolibrary.org/obo/DDO.owl#DDO_0002303>	"peripheral vascular disease"	
<http://purl.obolibrary.org/obo/DDO.owl#DDO_0002304>	"poor peripheral circulation"	
<http://purl.obolibrary.org/obo/DDO.owl#DDO_0002308>	"arthropathy"	
<http://purl.obolibrary.org/obo/DDO.owl#DDO_0002309>	"neuropathic arthropathy"	
<http://purl.obolibrary.org/obo/DDO.owl#DDO_0002310>	"Charcot's arthropathy"	
<http://purl.obolibrary.org/obo/DDO.owl#DDO_0002311>	"Charcot's joint of foot"	
<http://purl.obolibrary.org/obo/DDO.owl#DDO_0002312>	"Charcot arthropathy of forefoot"	
<http://purl.obolibrary.org/obo/DDO.owl#DDO_0002313>	"Charcot arthropathy of hindfoot"	
<http://purl.obolibrary.org/obo/DDO.owl#DDO_0002314>	"Charcot arthropathy of midfoot"	
<http://purl.obolibrary.org/obo/DDO.owl#DDO_0002315>	"diabetic neuropathic arthropathy"	
<http://purl.obolibrary.org/obo/DDO.owl#DDO_0002316>	"ulcer of toe"	
<http://purl.obolibrary.org/obo/DDO.owl#DDO_0002317>	"ulcer of big toe"	
<http://purl.obolibrary.org/obo/DDO.owl#DDO_0002318>	"ischemic foot ulcer"	
<http://purl.obolibrary.org/obo/DDO.owl#DDO_0002319>	"ischemic ulcer diabetic foot"	
<http://purl.obolibrary.org/obo/DDO.owl#DDO_0002320>	"ischemic ulcer of toe"	
<http://purl.obolibrary.org/obo/DDO.owl#DDO_0002321>	"ulcer of midfoot"	
<http://purl.obolibrary.org/obo/DDO.owl#DDO_0002322>	"chronic ulcer of midfoot"	
<http://purl.obolibrary.org/obo/DDO.owl#DDO_0002323>	"trauma"	
<http://purl.obolibrary.org/obo/DDO.owl#DDO_0002324>	"arthropathy due to endocrine disorder"	
<http://purl.obolibrary.org/obo/DDO.owl#DDO_0002325>	"diabetic cheiroarthropathy"	
<http://purl.obolibrary.org/obo/DDO.owl#DDO_0002326>	"anemia"	
<http://purl.obolibrary.org/obo/DDO.owl#DDO_0002327>	"nutritional anemia"	
<http://purl.obolibrary.org/obo/DDO.owl#DDO_0002328>	"iron deficiency anemia"	
<http://purl.obolibrary.org/obo/DDO.owl#DDO_0002329>	"Plummer-Vinson syndrome"	
<http://purl.obolibrary.org/obo/DDO.owl#DDO_0002330>	"sideropenic anemia with reticuloendothelial siderosis"	
<http://purl.obolibrary.org/obo/DDO.owl#DDO_0002331>	"megaloblastic anemia due to folate deficiency"	
<http://purl.obolibrary.org/obo/DDO.owl#DDO_0002332>	"megaloblastic anemia due to vitamin B>12< deficiency"	
<http://purl.obolibrary.org/obo/DDO.owl#DDO_0002333>	"megaloblastic anemia of premature infant"	
<http://purl.obolibrary.org/obo/DDO.owl#DDO_0002334>	"non megaloblastic anemia associated with nutritional deficiency"	
<http://purl.obolibrary.org/obo/DDO.owl#DDO_0002335>	"structural foot deformity"	
<http://purl.obolibrary.org/obo/DDO.owl#DDO_0002336>	"acute hyperglycemia"	
<http://purl.obolibrary.org/obo/DDO.owl#DDO_0002337>	"chronic hyperglycemia"	
<http://purl.obolibrary.org/obo/DDO.owl#DDO_0002338>	"dawn phenomenon"	
<http://purl.obolibrary.org/obo/DDO.owl#DDO_0002339>	"diabetic severe hyperglycemia"	
<http://purl.obolibrary.org/obo/DDO.owl#DDO_0002340>	"drug-induced hyperglycemia"	
<http://purl.obolibrary.org/obo/DDO.owl#DDO_0002341>	"steroid-induced hyperglycemia"	
<http://purl.obolibrary.org/obo/DDO.owl#DDO_0002342>	"neonatal hyperglycemia"	
<http://purl.obolibrary.org/obo/DDO.owl#DDO_0002343>	"iatrogenic neonatal hyperglycemia"	
<http://purl.obolibrary.org/obo/DDO.owl#DDO_0002344>	"transient neonatal hyperglycemia"	
<http://purl.obolibrary.org/obo/DDO.owl#DDO_0002345>	"fungal ear infection"	
<http://purl.obolibrary.org/obo/DDO.owl#DDO_0002346>	"otomycosis"	
<http://purl.obolibrary.org/obo/DDO.owl#DDO_0002347>	"otomycosis externa due to Fusarium"	
<http://purl.obolibrary.org/obo/DDO.owl#DDO_0002348>	"chronic mycotic otitis externa"	
<http://purl.obolibrary.org/obo/DDO.owl#DDO_0002349>	"chronic otitis externa due to moniliasis"	
<http://purl.obolibrary.org/obo/DDO.owl#DDO_0002350>	"candidal otitis externa"	
<http://purl.obolibrary.org/obo/DDO.owl#DDO_0002351>	"aspergillus otomycosis"	
<http://purl.obolibrary.org/obo/DDO.owl#DDO_0002352>	"acute fungal otitis externa"	
<http://purl.obolibrary.org/obo/DDO.owl#DDO_0002353>	"eumycotic mycetoma"	
<http://purl.obolibrary.org/obo/DDO.owl#DDO_0002354>	"fungal granuloma"	
<http://purl.obolibrary.org/obo/DDO.owl#DDO_0002355>	"Coccidioidal granuloma"	
<http://purl.obolibrary.org/obo/DDO.owl#DDO_0002356>	"hyalohyphomycosis"	
<http://purl.obolibrary.org/obo/DDO.owl#DDO_0002357>	"cutaneous hyalohyphomycosis"	
<http://purl.obolibrary.org/obo/DDO.owl#DDO_0002358>	"mossy foot disease"	
<http://purl.obolibrary.org/obo/DDO.owl#DDO_0002359>	"mycotic endocarditis"	
<http://purl.obolibrary.org/obo/DDO.owl#DDO_0002360>	"candidal endocarditis"	
<http://purl.obolibrary.org/obo/DDO.owl#DDO_0002361>	"endocarditis - blastomycosis"	
<http://purl.obolibrary.org/obo/DDO.owl#DDO_0002362>	"histoplasma capsulatum with endocarditis"	
<http://purl.obolibrary.org/obo/DDO.owl#DDO_0002363>	"histoplasma duboisii with endocarditis"	
<http://purl.obolibrary.org/obo/DDO.owl#DDO_0002364>	"opportunistic mycosis"	
<http://purl.obolibrary.org/obo/DDO.owl#DDO_0002365>	"systemic mycosis"	
<http://purl.obolibrary.org/obo/DDO.owl#DDO_0002366>	"disseminated paracoccidioidomycosis"	
<http://purl.obolibrary.org/obo/DDO.owl#DDO_0002367>	"mucocutaneous-lymphangitic paracoccidioidomycosis"	
<http://purl.obolibrary.org/obo/DDO.owl#DDO_0002368>	"pneumonia in systemic mycosis"	
<http://purl.obolibrary.org/obo/DDO.owl#DDO_0002369>	"systemic aspergillosis"	
<http://purl.obolibrary.org/obo/DDO.owl#DDO_0002370>	"systemic cryptococcosis"	
<http://purl.obolibrary.org/obo/DDO.owl#DDO_0002371>	"cutaneous cryptococcosis"	
<http://purl.obolibrary.org/obo/DDO.owl#DDO_0002372>	"systemic mycosis affecting skin"	
<http://purl.obolibrary.org/obo/DDO.owl#DDO_0002373>	"cutaneous coccidioidomycosis"	
<http://purl.obolibrary.org/obo/DDO.owl#DDO_0002374>	"Coccidioidal granuloma"	
<http://purl.obolibrary.org/obo/DDO.owl#DDO_0002375>	"disseminated cutaneous coccidioidomycosis"	
<http://purl.obolibrary.org/obo/DDO.owl#DDO_0002376>	"primary cutaneous coccidioidomycosis"	
<http://purl.obolibrary.org/obo/DDO.owl#DDO_0002377>	"subcutaneous coccidioidomycosis"	
<http://purl.obolibrary.org/obo/DDO.owl#DDO_0002378>	"cutaneous cryptococcosis"	
<http://purl.obolibrary.org/obo/DDO.owl#DDO_0002379>	"cutaneous histoplasmosis"	
<http://purl.obolibrary.org/obo/DDO.owl#DDO_0002380>	"cutaneous African histoplasmosis"	
<http://purl.obolibrary.org/obo/DDO.owl#DDO_0002381>	"disseminated cutaneous histoplasmosis"	
<http://purl.obolibrary.org/obo/DDO.owl#DDO_0002382>	"primary cutaneous histoplasmosis"	
<http://purl.obolibrary.org/obo/DDO.owl#DDO_0002383>	"cutaneous trichosporonosis"	
<http://purl.obolibrary.org/obo/DDO.owl#DDO_0002384>	"mucocutaneous-lymphangitic paracoccidioidomycosis"	
<http://purl.obolibrary.org/obo/DDO.owl#DDO_0002385>	"systemic fungal infection affecting skin"	
<http://purl.obolibrary.org/obo/DDO.owl#DDO_0002386>	"disseminated cutaneous mycosis"	
<http://purl.obolibrary.org/obo/DDO.owl#DDO_0002387>	"trichosporonosis"	
<http://purl.obolibrary.org/obo/DDO.owl#DDO_0002388>	"cutaneous trichosporonosis"	
<http://purl.obolibrary.org/obo/DDO.owl#DDO_0002389>	"disseminated trichosporonosis"	
<http://purl.obolibrary.org/obo/DDO.owl#DDO_0002390>	"white piedra"	
<http://purl.obolibrary.org/obo/DDO.owl#DDO_0002391>	"zygomycosis"	
<http://purl.obolibrary.org/obo/DDO.owl#DDO_0002392>	"subcutaneous phycomycosis due to Basidiobolus"	
<http://purl.obolibrary.org/obo/DDO.owl#DDO_0002393>	"subcutaneous zygomycosis"	
<http://purl.obolibrary.org/obo/DDO.owl#DDO_0002394>	"rhinophycomycosis due to Entomophthora coronata"	
<http://purl.obolibrary.org/obo/DDO.owl#DDO_0002395>	"rhinocerebral mucormycosis"	
<http://purl.obolibrary.org/obo/DDO.owl#DDO_0002396>	"pulmonary mucormycosis"	
<http://purl.obolibrary.org/obo/DDO.owl#DDO_0002397>	"orbital mucormycosis"	
<http://purl.obolibrary.org/obo/DDO.owl#DDO_0002398>	"mucormycotic gangrenous cellulitis"	
<http://purl.obolibrary.org/obo/DDO.owl#DDO_0002399>	"infection by Mortierella wolfii"	
<http://purl.obolibrary.org/obo/DDO.owl#DDO_0002400>	"mortierellosis"	
<http://purl.obolibrary.org/obo/DDO.owl#DDO_0002401>	"infection by Saksenaea"	
<http://purl.obolibrary.org/obo/DDO.owl#DDO_0002402>	"infection by Rhizopus"	
<http://purl.obolibrary.org/obo/DDO.owl#DDO_0002403>	"infection by Mucor"	
<http://purl.obolibrary.org/obo/DDO.owl#DDO_0002404>	"infection by Cunninghamella"	
<http://purl.obolibrary.org/obo/DDO.owl#DDO_0002405>	"infection by Absidia"	
<http://purl.obolibrary.org/obo/DDO.owl#DDO_0002406>	"gastrointestinal mucormycosis"	
<http://purl.obolibrary.org/obo/DDO.owl#DDO_0002407>	"disseminated mucormycosis"	
<http://purl.obolibrary.org/obo/DDO.owl#DDO_0002408>	"necrotizing cutaneous mucormycosis"	
<http://purl.obolibrary.org/obo/DDO.owl#DDO_0002409>	"cutaneous mucormycosis"	
<http://purl.obolibrary.org/obo/DDO.owl#DDO_0002410>	"mucormycosis"	
<http://purl.obolibrary.org/obo/DDO.owl#DDO_0002411>	"subcutaneous phycomycosis due to Basidiobolus"	
<http://purl.obolibrary.org/obo/DDO.owl#DDO_0002412>	"disseminated basidiobolomycosis"	
<http://purl.obolibrary.org/obo/DDO.owl#DDO_0002413>	"cutaneous basidiobolomycosis"	
<http://purl.obolibrary.org/obo/DDO.owl#DDO_0002414>	"infection by Basidiobolus"	
<http://purl.obolibrary.org/obo/DDO.owl#DDO_0002415>	"rhinofacial conidiobolomycosis"	
<http://purl.obolibrary.org/obo/DDO.owl#DDO_0002416>	"disseminated conidiobolomycosis"	
<http://purl.obolibrary.org/obo/DDO.owl#DDO_0002417>	"infection by Conidiobolus"	
<http://purl.obolibrary.org/obo/DDO.owl#DDO_0002418>	"entomophthoramycosis"	
<http://purl.obolibrary.org/obo/DDO.owl#DDO_0002419>	"necrobiosis lipoidica"	
<http://purl.obolibrary.org/obo/DDO.owl#DDO_0002420>	"granulomatosis disciformis et progressiva"	
<http://purl.obolibrary.org/obo/DDO.owl#DDO_0002422>	"necrobiosis lipoidica diabeticorum"	
<http://purl.obolibrary.org/obo/DDO.owl#DDO_0002423>	"necrobiosis lipoidica, granulomatous type"	
<http://purl.obolibrary.org/obo/DDO.owl#DDO_0002424>	"necrobiosis lipoidica, necrobiotic type"	
<http://purl.obolibrary.org/obo/DDO.owl#DDO_0002425>	"severe achondrolasia with developmental delay and acanthosis nigricans"	
<http://purl.obolibrary.org/obo/DDO.owl#DDO_0002426>	"keratosis"	
<http://purl.obolibrary.org/obo/DDO.owl#DDO_0002427>	"acquired acanthosis nigricans"	
<http://purl.obolibrary.org/obo/DDO.owl#DDO_0002428>	"benign acanthosis nigricans"	
<http://purl.obolibrary.org/obo/DDO.owl#DDO_0002429>	"hereditary benign acanthosis nigricans"	
<http://purl.obolibrary.org/obo/DDO.owl#DDO_0002430>	"hereditary benign acanthosis nigricans with insulin resistance"	
<http://purl.obolibrary.org/obo/DDO.owl#DDO_0002431>	"acanthosis palmaris"	
<http://purl.obolibrary.org/obo/DDO.owl#DDO_0002432>	"malignant acanthosis nigricans"	
<http://purl.obolibrary.org/obo/DDO.owl#DDO_0002434>	"acquired ichthyosis"	
<http://purl.obolibrary.org/obo/DDO.owl#DDO_0002435>	"senile ichthyosis"	
<http://purl.obolibrary.org/obo/DDO.owl#DDO_0002436>	"acral keratosis"	
<http://purl.obolibrary.org/obo/DDO.owl#DDO_0002437>	"acrokeratosis"	
<http://purl.obolibrary.org/obo/DDO.owl#DDO_0002438>	"acrokeratosis verruciformis of Hopf"	
<http://purl.obolibrary.org/obo/DDO.owl#DDO_0002439>	"actinic keratosis"	
<http://purl.obolibrary.org/obo/DDO.owl#DDO_0002440>	"acantholytic actinic keratosis"	
<http://purl.obolibrary.org/obo/DDO.owl#DDO_0002441>	"actinic keratosis of eyelid"	
<http://purl.obolibrary.org/obo/DDO.owl#DDO_0002442>	"atrophic actinic keratosis"	
<http://purl.obolibrary.org/obo/DDO.owl#DDO_0002443>	"diffuse actinic hyperkeratosis"	
<http://purl.obolibrary.org/obo/DDO.owl#DDO_0002444>	"hyperkeratotic actinic keratosis"	
<http://purl.obolibrary.org/obo/DDO.owl#DDO_0002445>	"hypertrophic solar keratosis"	
<http://purl.obolibrary.org/obo/DDO.owl#DDO_0002446>	"lichenoid actinic keratosis"	
<http://purl.obolibrary.org/obo/DDO.owl#DDO_0002447>	"multiple actinic keratoses"	
<http://purl.obolibrary.org/obo/DDO.owl#DDO_0002448>	"pigmented actinic keratosis"	
<http://purl.obolibrary.org/obo/DDO.owl#DDO_0002449>	"proliferative actinic keratosis"	
<http://purl.obolibrary.org/obo/DDO.owl#DDO_0002450>	"arsenical keratosis"	
<http://purl.obolibrary.org/obo/DDO.owl#DDO_0002451>	"bowenoid actinic keratosis"	
<http://purl.obolibrary.org/obo/DDO.owl#DDO_0002452>	"hyperkeratosis"	
<http://purl.obolibrary.org/obo/DDO.owl#DDO_0002453>	"confluent AND reticulate papillomatosis"	
<http://purl.obolibrary.org/obo/DDO.owl#DDO_0002454>	"keratoderma blennorrhagicum"	
<http://purl.obolibrary.org/obo/DDO.owl#DDO_0002455>	"keratoderma climactericum"	
<http://purl.obolibrary.org/obo/DDO.owl#DDO_0002457>	"lymphedematous keratoderma"	
<http://purl.obolibrary.org/obo/DDO.owl#DDO_0002458>	"multiple minute digitate hyperkeratosis of Goldstein"	
<http://purl.obolibrary.org/obo/DDO.owl#DDO_0002459>	"pityriasis rotunda"	
<http://purl.obolibrary.org/obo/DDO.owl#DDO_0002460>	"retention hyperkeratosis"	
<http://purl.obolibrary.org/obo/DDO.owl#DDO_0002461>	"symmetrical keratoderma"	
<http://purl.obolibrary.org/obo/DDO.owl#DDO_0002462>	"orthokeratosis"	
<http://purl.obolibrary.org/obo/DDO.owl#DDO_0002464>	"bacterial respiratory infection"	
<http://purl.obolibrary.org/obo/DDO.owl#DDO_0002465>	"bacterial lower respiratory infection"	
<http://purl.obolibrary.org/obo/DDO.owl#DDO_0002466>	"acute bacterial bronchitis"	
<http://purl.obolibrary.org/obo/DDO.owl#DDO_0002467>	"acute chlamydial bronchitis"	
<http://purl.obolibrary.org/obo/DDO.owl#DDO_0002468>	"acute haemophilus influenzae bronchitis"	
<http://purl.obolibrary.org/obo/DDO.owl#DDO_0002469>	"acute Moraxella catarrhalis bronchitis"	
<http://purl.obolibrary.org/obo/DDO.owl#DDO_0002470>	"acute streptococcal bronchitis"	
<http://purl.obolibrary.org/obo/DDO.owl#DDO_0002471>	"acute pneumococcal bronchitis"	
<http://purl.obolibrary.org/obo/DDO.owl#DDO_0002472>	"pertussis"	
<http://purl.obolibrary.org/obo/DDO.owl#DDO_0002473>	"pneumonia in pertussis"	
<http://purl.obolibrary.org/obo/DDO.owl#DDO_0002474>	"atypical mycobacterial infection of lung"	
<http://purl.obolibrary.org/obo/DDO.owl#DDO_0002475>	"bacterial pneumonia"	
<http://purl.obolibrary.org/obo/DDO.owl#DDO_0002476>	"pneumococcal bronchitis"	
<http://purl.obolibrary.org/obo/DDO.owl#DDO_0002477>	"acute pneumococcal bronchitis"	
<http://purl.obolibrary.org/obo/DDO.owl#DDO_0002478>	"bacterial pneumonia associated with AIDS"	
<http://purl.obolibrary.org/obo/DDO.owl#DDO_0002479>	"bronchopneumonia due to bacteria"	
<http://purl.obolibrary.org/obo/DDO.owl#DDO_0002480>	"congenital bacterial pneumonia"	
<http://purl.obolibrary.org/obo/DDO.owl#DDO_0002481>	"congenital chlamydial pneumonia"	
<http://purl.obolibrary.org/obo/DDO.owl#DDO_0002482>	"congenital Escherichia coli pneumonia"	
<http://purl.obolibrary.org/obo/DDO.owl#DDO_0002483>	"congenital group A hemolytic streptococcal pneumonia"	
<http://purl.obolibrary.org/obo/DDO.owl#DDO_0002484>	"congenital group B hemolytic streptococcal pneumonia"	
<http://purl.obolibrary.org/obo/DDO.owl#DDO_0002485>	"congenital pseudomonal pneumonia"	
<http://purl.obolibrary.org/obo/DDO.owl#DDO_0002486>	"congenital staphylococcal pneumonia"	
<http://purl.obolibrary.org/obo/DDO.owl#DDO_0002487>	"Haemophilus influenzae pneumonia"	
<http://purl.obolibrary.org/obo/DDO.owl#DDO_0002488>	"ornithosis with pneumonia"	
<http://purl.obolibrary.org/obo/DDO.owl#DDO_0002489>	"pneumonia due to aerobic bacteria"	
<http://purl.obolibrary.org/obo/DDO.owl#DDO_0002490>	"anthrax pneumonia"	
<http://purl.obolibrary.org/obo/DDO.owl#DDO_0002491>	"Legionella pneumonia"	
<http://purl.obolibrary.org/obo/DDO.owl#DDO_0002492>	"Pittsburgh pneumonia"	
<http://purl.obolibrary.org/obo/DDO.owl#DDO_0002493>	"mycobacterial pneumonia"	
<http://purl.obolibrary.org/obo/DDO.owl#DDO_0002494>	"non-tuberculous mycobacterial pneumonia"	
<http://purl.obolibrary.org/obo/DDO.owl#DDO_0002495>	"pulmonary Mycobacterium avium complex infection"	
<http://purl.obolibrary.org/obo/DDO.owl#DDO_0002496>	"Battey disease"	
<http://purl.obolibrary.org/obo/DDO.owl#DDO_0002497>	"tuberculous pneumonia"	
<http://purl.obolibrary.org/obo/DDO.owl#DDO_0002498>	"nocardial pneumonia"	
<http://purl.obolibrary.org/obo/DDO.owl#DDO_0002499>	"pneumonia due to Pseudomonas"	
<http://purl.obolibrary.org/obo/DDO.owl#DDO_0002500>	"bronchopneumonia due to Pseudomonas"	
<http://purl.obolibrary.org/obo/DDO.owl#DDO_0002501>	"congenital pseudomonal pneumonia"	
<http://purl.obolibrary.org/obo/DDO.owl#DDO_0002502>	"pulmonary tularemia"	
<http://purl.obolibrary.org/obo/DDO.owl#DDO_0002503>	"pneumonia due to Gram negative bacteria"	
<http://purl.obolibrary.org/obo/DDO.owl#DDO_0002504>	"Achromobacter pneumonia"	
<http://purl.obolibrary.org/obo/DDO.owl#DDO_0002505>	"chlamydial pneumonia"	
<http://purl.obolibrary.org/obo/DDO.owl#DDO_0002506>	"congenital chlamydial pneumonia"	
<http://purl.obolibrary.org/obo/DDO.owl#DDO_0002507>	"neonatal chlamydial pneumonia"	
<http://purl.obolibrary.org/obo/DDO.owl#DDO_0002508>	"gonococcal pneumonia"	
<http://purl.obolibrary.org/obo/DDO.owl#DDO_0002509>	"meningococcal pneumonia"	
<http://purl.obolibrary.org/obo/DDO.owl#DDO_0002510>	"pneumonia due to Escherichia coli"	
<http://purl.obolibrary.org/obo/DDO.owl#DDO_0002511>	"bronchopneumonia due to Escherichia coli"	
<http://purl.obolibrary.org/obo/DDO.owl#DDO_0002512>	"congenital Escherichia coli pneumonia"	
<http://purl.obolibrary.org/obo/DDO.owl#DDO_0002513>	"pulmonary actinobacillosis"	
<http://purl.obolibrary.org/obo/DDO.owl#DDO_0002514>	"pneumonia due to Klebsiella pneumoniae"	
<http://purl.obolibrary.org/obo/DDO.owl#DDO_0002515>	"pneumonia due to pleuropneumonia-like organism"	
<http://purl.obolibrary.org/obo/DDO.owl#DDO_0002516>	"mycoplasma pneumonia"	
<http://purl.obolibrary.org/obo/DDO.owl#DDO_0002517>	"pneumonia due to Streptococcus"	
<http://purl.obolibrary.org/obo/DDO.owl#DDO_0002518>	"Proteus pneumonia"	
<http://purl.obolibrary.org/obo/DDO.owl#DDO_0002519>	"pulmonary glanders"	
<http://purl.obolibrary.org/obo/DDO.owl#DDO_0002520>	"pulmonary melioidosis"	
<http://purl.obolibrary.org/obo/DDO.owl#DDO_0002521>	"Salmonella pneumonia"	
<http://purl.obolibrary.org/obo/DDO.owl#DDO_0002522>	"pneumonia in typhoid fever"	
<http://purl.obolibrary.org/obo/DDO.owl#DDO_0002523>	"secondary bacterial pneumonia"	
<http://purl.obolibrary.org/obo/DDO.owl#DDO_0002524>	"staphylococcal pneumonia"	
<http://purl.obolibrary.org/obo/DDO.owl#DDO_0002525>	"bacterial pleurisy"	
<http://purl.obolibrary.org/obo/DDO.owl#DDO_0002526>	"staphylococcal pleurisy"	
<http://purl.obolibrary.org/obo/DDO.owl#DDO_0002527>	"streptococcal pleurisy"	
<http://purl.obolibrary.org/obo/DDO.owl#DDO_0002528>	"pneumococcal pleurisy"	
<http://purl.obolibrary.org/obo/DDO.owl#DDO_0002529>	"bacterial upper respiratory infection"	
<http://purl.obolibrary.org/obo/DDO.owl#DDO_0002530>	"acute bacterial epiglottitis"	
<http://purl.obolibrary.org/obo/DDO.owl#DDO_0002531>	"acute bacterial pharyngitis"	
<http://purl.obolibrary.org/obo/DDO.owl#DDO_0002532>	"acute bacterial tonsillitis"	
<http://purl.obolibrary.org/obo/DDO.owl#DDO_0002533>	"acute pneumococcal tonsillitis"	
<http://purl.obolibrary.org/obo/DDO.owl#DDO_0002534>	"acute staphylococcal tonsillitis"	
<http://purl.obolibrary.org/obo/DDO.owl#DDO_0002535>	"acute pneumococcal pharyngitis"	
<http://purl.obolibrary.org/obo/DDO.owl#DDO_0002536>	"acute staphylococcal pharyngitis"	
<http://purl.obolibrary.org/obo/DDO.owl#DDO_0002537>	"acute bacterial sinusitis"	
<http://purl.obolibrary.org/obo/DDO.owl#DDO_0002538>	"acute haemophilus influenzae laryngitis"	
<http://purl.obolibrary.org/obo/DDO.owl#DDO_0002539>	"anterior nasal diphtheria"	
<http://purl.obolibrary.org/obo/DDO.owl#DDO_0002540>	"carbuncle of nasal septum"	
<http://purl.obolibrary.org/obo/DDO.owl#DDO_0002541>	"congenital syphilitic chronic coryza"	
<http://purl.obolibrary.org/obo/DDO.owl#DDO_0002542>	"congenital syphilitic rhinitis"	
<http://purl.obolibrary.org/obo/DDO.owl#DDO_0002543>	"pharyngeal diphtheria"	
<http://purl.obolibrary.org/obo/DDO.owl#DDO_0002545>	"acute pneumococcal laryngitis"	
<http://purl.obolibrary.org/obo/DDO.owl#DDO_0002546>	"pneumococcal pharyngitis"	
<http://purl.obolibrary.org/obo/DDO.owl#DDO_0002547>	"pneumococcal tonsillitis"	
<http://purl.obolibrary.org/obo/DDO.owl#DDO_0002548>	"staphylococcal pharyngitis"	
<http://purl.obolibrary.org/obo/DDO.owl#DDO_0002549>	"bacterial infection of skin"	
<http://purl.obolibrary.org/obo/DDO.owl#DDO_0002550>	"achromic skin lesions of pinta"	
<http://purl.obolibrary.org/obo/DDO.owl#DDO_0002551>	"arcanobacterium pyogenes infection of skin"	
<http://purl.obolibrary.org/obo/DDO.owl#DDO_0002552>	"bacterial dermatitis of eyelid"	
<http://purl.obolibrary.org/obo/DDO.owl#DDO_0002553>	"impetigo of eyelid"	
<http://purl.obolibrary.org/obo/DDO.owl#DDO_0002554>	"carbuncle of head"	
<http://purl.obolibrary.org/obo/DDO.owl#DDO_0002555>	"furuncle"	
<http://purl.obolibrary.org/obo/DDO.owl#DDO_0002556>	"Propionibacterium acnes folliculitis"	
<http://purl.obolibrary.org/obo/DDO.owl#DDO_0002557>	"pustular folliculitis"	
<http://purl.obolibrary.org/obo/DDO.owl#DDO_0002558>	"bacterial paronychia"	
<http://purl.obolibrary.org/obo/DDO.owl#DDO_0002559>	"acute bacterial paronychia"	
<http://purl.obolibrary.org/obo/DDO.owl#DDO_0002560>	"neonatal bacterial paronychia"	
<http://purl.obolibrary.org/obo/DDO.owl#DDO_0002561>	"pseudomonas aeruginosa paronychia"	
<http://purl.obolibrary.org/obo/DDO.owl#DDO_0002562>	"carbuncle of ear"	
<http://purl.obolibrary.org/obo/DDO.owl#DDO_0002563>	"ecthyma gangrenosum"	
<http://purl.obolibrary.org/obo/DDO.owl#DDO_0002564>	"neonatal ecthyma gangrenosum"	
<http://purl.obolibrary.org/obo/DDO.owl#DDO_0002565>	"hidradenitis suppurativa"	
<http://purl.obolibrary.org/obo/DDO.owl#DDO_0002566>	"anogenital hidradenitis suppurativa"	
<http://purl.obolibrary.org/obo/DDO.owl#DDO_0002567>	"axillary hidradenitis suppurativa"	
<http://purl.obolibrary.org/obo/DDO.owl#DDO_0002568>	"hidradenitis suppurativa of anus"	
<http://purl.obolibrary.org/obo/DDO.owl#DDO_0002569>	"vulval hidradenitis suppurativa"	
<http://purl.obolibrary.org/obo/DDO.owl#DDO_0002570>	"hyperchromic lesions of pinta"	
<http://purl.obolibrary.org/obo/DDO.owl#DDO_0002571>	"impetigo"	
<http://purl.obolibrary.org/obo/DDO.owl#DDO_0002572>	"Bockhart impetigo"	
<http://purl.obolibrary.org/obo/DDO.owl#DDO_0002573>	"bullous staphylococcal impetigo"	
<http://purl.obolibrary.org/obo/DDO.owl#DDO_0002574>	"chronic symmetrical impetigo"	
<http://purl.obolibrary.org/obo/DDO.owl#DDO_0002575>	"circinate impetigo"	
<http://purl.obolibrary.org/obo/DDO.owl#DDO_0002576>	"impetiginized atopic dermatitis"	
<http://purl.obolibrary.org/obo/DDO.owl#DDO_0002577>	"impetigo bullosa"	
<http://purl.obolibrary.org/obo/DDO.owl#DDO_0002578>	"impetigo neonatorum"	
<http://purl.obolibrary.org/obo/DDO.owl#DDO_0002579>	"impetigo circinata"	
<http://purl.obolibrary.org/obo/DDO.owl#DDO_0002580>	"impetigo contagiosa gyrata"	
<http://purl.obolibrary.org/obo/DDO.owl#DDO_0002581>	"impetigo follicularis"	
<http://purl.obolibrary.org/obo/DDO.owl#DDO_0002582>	"impetigo of eyelid"	
<http://purl.obolibrary.org/obo/DDO.owl#DDO_0002583>	"impetigo simplex"	
<http://purl.obolibrary.org/obo/DDO.owl#DDO_0002584>	"non-bullous impetigo"	
<http://purl.obolibrary.org/obo/DDO.owl#DDO_0002585>	"staphylococcal non-bullous impetigo"	
<http://purl.obolibrary.org/obo/DDO.owl#DDO_0002587>	"Streptococcal impetigo"	
<http://purl.obolibrary.org/obo/DDO.owl#DDO_0002588>	"ulcerative impetigo"	
<http://purl.obolibrary.org/obo/DDO.owl#DDO_0002589>	"non-pyogenic bacterial infection of skin"	
<http://purl.obolibrary.org/obo/DDO.owl#DDO_0002590>	"acrodermatitis atrophicans chronica"	
<http://purl.obolibrary.org/obo/DDO.owl#DDO_0002591>	"bacillary angiomatosis"	
<http://purl.obolibrary.org/obo/DDO.owl#DDO_0002592>	"cellulocutaneous plague"	
<http://purl.obolibrary.org/obo/DDO.owl#DDO_0002593>	"cutaneous gonorrhea"	
<http://purl.obolibrary.org/obo/DDO.owl#DDO_0002594>	"cutaneous mycobacterium marinum infection"	
<http://purl.obolibrary.org/obo/DDO.owl#DDO_0002596>	"fish tank granuloma"	
<http://purl.obolibrary.org/obo/DDO.owl#DDO_0002597>	"swimming pool granuloma disease"	
<http://purl.obolibrary.org/obo/DDO.owl#DDO_0002598>	"erythema chronica migrans"	
<http://purl.obolibrary.org/obo/DDO.owl#DDO_0002599>	"erythrasma"	
<http://purl.obolibrary.org/obo/DDO.owl#DDO_0002600>	"leptospiral rash"	
<http://purl.obolibrary.org/obo/DDO.owl#DDO_0002601>	"moraxella infection of skin"	
<http://purl.obolibrary.org/obo/DDO.owl#DDO_0002602>	"pitted keratolysis"	
<http://purl.obolibrary.org/obo/DDO.owl#DDO_0002603>	"trichomycosis axillaris"	
<http://purl.obolibrary.org/obo/DDO.owl#DDO_0002604>	"periporitis"	
<http://purl.obolibrary.org/obo/DDO.owl#DDO_0002605>	"disorder of digestive organ"	
<http://purl.obolibrary.org/obo/DDO.owl#DDO_0002606>	"disorder of intestine"	
<http://purl.obolibrary.org/obo/DDO.owl#DDO_0002607>	"hollow visceral neuropathy"	
<http://purl.obolibrary.org/obo/DDO.owl#DDO_0002608>	"vascular sclerosis"	
<http://purl.obolibrary.org/obo/DDO.owl#DDO_0002609>	"arteriosclerosis"	
<http://purl.obolibrary.org/obo/DDO.owl#DDO_0002610>	"allergic reaction disease"	
<http://purl.obolibrary.org/obo/DDO.owl#DDO_0002611>	"anaphylaxis"	
<http://purl.obolibrary.org/obo/DDO.owl#DDO_0002612>	"acute allergic reaction"	
<http://purl.obolibrary.org/obo/DDO.owl#DDO_0002613>	"anaphylaxis due to substance"	
<http://purl.obolibrary.org/obo/DDO.owl#DDO_0002614>	"anaphylactic shock due to serum"	
<http://purl.obolibrary.org/obo/DDO.owl#DDO_0002615>	"aeroallergen-induced anaphylaxis"	
<http://purl.obolibrary.org/obo/DDO.owl#DDO_0002616>	"anaphylaxis due to latex"	
<http://purl.obolibrary.org/obo/DDO.owl#DDO_0002617>	"anaphylactic transfusion reaction"	
<http://purl.obolibrary.org/obo/DDO.owl#DDO_0002618>	"food anaphylaxis"	
<http://purl.obolibrary.org/obo/DDO.owl#DDO_0002619>	"exercise anaphylaxis"	
<http://purl.obolibrary.org/obo/DDO.owl#DDO_0002620>	"idiopathic anaphylaxis"	
<http://purl.obolibrary.org/obo/DDO.owl#DDO_0002621>	"localized anaphylaxis"	
<http://purl.obolibrary.org/obo/DDO.owl#DDO_0002623>	"allergic reaction to substance"	
<http://purl.obolibrary.org/obo/DDO.owl#DDO_0002624>	"allergic transfusion reaction"	
<http://purl.obolibrary.org/obo/DDO.owl#DDO_0002625>	"atopic reaction"	
<http://purl.obolibrary.org/obo/DDO.owl#DDO_0002626>	"jarisch Herxheimer reaction"	
<http://purl.obolibrary.org/obo/DDO.owl#DDO_0002627>	"phacoanaphylaxis"	
<http://purl.obolibrary.org/obo/DDO.owl#DDO_0002628>	"tuberculid"	
<http://purl.obolibrary.org/obo/DDO.owl#DDO_0002629>	"nodular tuberculide"	
<http://purl.obolibrary.org/obo/DDO.owl#DDO_0002630>	"tuberculosis cutis indurativa"	
<http://purl.obolibrary.org/obo/DDO.owl#DDO_0002631>	"papular tuberculide"	
<http://purl.obolibrary.org/obo/DDO.owl#DDO_0002632>	"tuberculosis cutis lichenoides"	
<http://purl.obolibrary.org/obo/DDO.owl#DDO_0002633>	"tuberculosis papulonecrotica"	
<http://purl.obolibrary.org/obo/DDO.owl#DDO_0002634>	"Type 1 hypersensitivity response"	
<http://purl.obolibrary.org/obo/DDO.owl#DDO_0002635>	"upper respiratory tract hypersensitivity reaction"	
<http://purl.obolibrary.org/obo/DDO.owl#DDO_0002636>	"coma associated with diabetes mellitus"	
<http://purl.obolibrary.org/obo/DDO.owl#DDO_0002637>	"coma associated with malnutrition-related diabetes mellitus"	
<http://purl.obolibrary.org/obo/DDO.owl#DDO_0002638>	"diabetic coma with ketoacidosis"	
<http://purl.obolibrary.org/obo/DDO.owl#DDO_0002639>	"diabetes mellitus with hyperosmolar coma"	
<http://purl.obolibrary.org/obo/DDO.owl#DDO_0002640>	"hyperosmolar coma associated with diabetes mellitus"	
<http://purl.obolibrary.org/obo/DDO.owl#DDO_0002641>	"hypoglycemic coma in diabetes mellitus"	
<http://purl.obolibrary.org/obo/DDO.owl#DDO_0002642>	"non-ketotic non-hyperosmolar coma associated with diabetes mellitus"	
<http://purl.obolibrary.org/obo/DDO.owl#DDO_0002643>	"drug-induced coma"	
<http://purl.obolibrary.org/obo/DDO.owl#DDO_0002644>	"alcoholic coma"	
<http://purl.obolibrary.org/obo/DDO.owl#DDO_0002645>	"insulin coma"	
<http://purl.obolibrary.org/obo/DDO.owl#DDO_0002646>	"hypoglycemic coma"	
<http://purl.obolibrary.org/obo/DDO.owl#DDO_0002647>	"ketoacidosis"	
<http://purl.obolibrary.org/obo/DDO.owl#DDO_0002648>	"dihydrolipoamide dehydrogenase deficiency"	
<http://purl.obolibrary.org/obo/DDO.owl#DDO_0002649>	"d-lactic acidosis"	
<http://purl.obolibrary.org/obo/DDO.owl#DDO_0002650>	"infantile encephalopathy AND lactic acidosis"	
<http://purl.obolibrary.org/obo/DDO.owl#DDO_0002651>	"metabolic acidosis due to grain overload"	
<http://purl.obolibrary.org/obo/DDO.owl#DDO_0002652>	"pyruvate dehydrogenase complex deficiency"	
<http://purl.obolibrary.org/obo/DDO.owl#DDO_0002653>	"blister"	
<http://purl.obolibrary.org/obo/DDO.owl#DDO_0002654>	"blood blister"	
<http://purl.obolibrary.org/obo/DDO.owl#DDO_0002655>	"oral blood blister"	
<http://purl.obolibrary.org/obo/DDO.owl#DDO_0002656>	"bullous dermatosis"	
<http://purl.obolibrary.org/obo/DDO.owl#DDO_0002657>	"acantholytic vesicular dermatitis"	
<http://purl.obolibrary.org/obo/DDO.owl#DDO_0002658>	"blister of foot"	
<http://purl.obolibrary.org/obo/DDO.owl#DDO_0002659>	"blister of foot with infection"	
<http://purl.obolibrary.org/obo/DDO.owl#DDO_0002660>	"traumatic blister of foot, infected"	
<http://purl.obolibrary.org/obo/DDO.owl#DDO_0002661>	"traumatic blister of heel, infected"	
<http://purl.obolibrary.org/obo/DDO.owl#DDO_0002662>	"traumatic blister of toe, infected"	
<http://purl.obolibrary.org/obo/DDO.owl#DDO_0002663>	"blister of foot without infection"	
<http://purl.obolibrary.org/obo/DDO.owl#DDO_0002664>	"blister of sole of foot"	
<http://purl.obolibrary.org/obo/DDO.owl#DDO_0002665>	"traumatic blister of sole of foot"	
<http://purl.obolibrary.org/obo/DDO.owl#DDO_0002666>	"friction blisters of the soles"	
<http://purl.obolibrary.org/obo/DDO.owl#DDO_0002667>	"traumatic blister of heel"	
<http://purl.obolibrary.org/obo/DDO.owl#DDO_0002668>	"traumatic blister of foot"	
<http://purl.obolibrary.org/obo/DDO.owl#DDO_0002669>	"neuropathic foot blister"	
<http://purl.obolibrary.org/obo/DDO.owl#DDO_0002670>	"hydroa estivale"	
<http://purl.obolibrary.org/obo/DDO.owl#DDO_0002671>	"familial actinic prurigo"	
<http://purl.obolibrary.org/obo/DDO.owl#DDO_0002672>	"familial actinic prurigo of lip"	
<http://purl.obolibrary.org/obo/DDO.owl#DDO_0002673>	"immunobullous disease"	
<http://purl.obolibrary.org/obo/DDO.owl#DDO_0002674>	"intraepidermal bullous dermatosis"	
<http://purl.obolibrary.org/obo/DDO.owl#DDO_0002675>	"pemphigoid"	
<http://purl.obolibrary.org/obo/DDO.owl#DDO_0002676>	"benign mucous membrane pemphigoid"	
<http://purl.obolibrary.org/obo/DDO.owl#DDO_0002677>	"eosinophilic spongiosis (prebullous pemphigoid)"	
<http://purl.obolibrary.org/obo/DDO.owl#DDO_0002678>	"bullous pemphigoid"	
<http://purl.obolibrary.org/obo/DDO.owl#DDO_0002679>	"juvenile pemphigoid"	
<http://purl.obolibrary.org/obo/DDO.owl#DDO_0002680>	"localized pemphigoid"	
<http://purl.obolibrary.org/obo/DDO.owl#DDO_0002681>	"localized bullous pemphigoid of vulva"	
<http://purl.obolibrary.org/obo/DDO.owl#DDO_0002682>	"pemphigoid nodularis"	
<http://purl.obolibrary.org/obo/DDO.owl#DDO_0002683>	"pemphigoid vegetans"	
<http://purl.obolibrary.org/obo/DDO.owl#DDO_0002684>	"prebullous pemphigoid"	
<http://purl.obolibrary.org/obo/DDO.owl#DDO_0002685>	"chronic localized pemphigoid"	
<http://purl.obolibrary.org/obo/DDO.owl#DDO_0002686>	"pemphigus"	
<http://purl.obolibrary.org/obo/DDO.owl#DDO_0002687>	"benign pemphigus"	
<http://purl.obolibrary.org/obo/DDO.owl#DDO_0002688>	"familial benign pemphigus"	
<http://purl.obolibrary.org/obo/DDO.owl#DDO_0002689>	"igA pemphigus"	
<http://purl.obolibrary.org/obo/DDO.owl#DDO_0002690>	"malignant pemphigus"	
<http://purl.obolibrary.org/obo/DDO.owl#DDO_0002691>	"pemphigus erythematosus"	
<http://purl.obolibrary.org/obo/DDO.owl#DDO_0002692>	"pemphigus vulgaris"	
<http://purl.obolibrary.org/obo/DDO.owl#DDO_0002693>	"eosinophilic spongiosis (prebullous pemphigus)"	
<http://purl.obolibrary.org/obo/DDO.owl#DDO_0002694>	"oral pemphigus vulgaris"	
<http://purl.obolibrary.org/obo/DDO.owl#DDO_0002695>	"pemphigus minor"	
<http://purl.obolibrary.org/obo/DDO.owl#DDO_0002696>	"pemphigus neonatorum"	
<http://purl.obolibrary.org/obo/DDO.owl#DDO_0002697>	"pemphigus vegetans of Neumann type"	
<http://purl.obolibrary.org/obo/DDO.owl#DDO_0002698>	"pemphigus foliaceus"	
<http://purl.obolibrary.org/obo/DDO.owl#DDO_0002699>	"Brazilian pemphigus foliaceus"	
<http://purl.obolibrary.org/obo/DDO.owl#DDO_0002700>	"pemphigus paraneoplastica"	
<http://purl.obolibrary.org/obo/DDO.owl#DDO_0002701>	"pemphigus vegetans"	
<http://purl.obolibrary.org/obo/DDO.owl#DDO_0002702>	"subcorneal pustular dermatosis"	
<http://purl.obolibrary.org/obo/DDO.owl#DDO_0002703>	"traumatic blister of vagina"	
<http://purl.obolibrary.org/obo/DDO.owl#DDO_0002705>	"glomerular disease"	
<http://purl.obolibrary.org/obo/DDO.owl#DDO_0002706>	"glomerulosclerosis"	
<http://purl.obolibrary.org/obo/DDO.owl#DDO_0002707>	"diabetic glomerulosclerosis"	
<http://purl.obolibrary.org/obo/DDO.owl#DDO_0002708>	"diabetic intracapillary glomerulosclerosis"	
<http://purl.obolibrary.org/obo/DDO.owl#DDO_0002709>	"diffuse type diabetic glomerulosclerosis"	
<http://purl.obolibrary.org/obo/DDO.owl#DDO_0002710>	"nodular type diabetic glomerulosclerosis"	
<http://purl.obolibrary.org/obo/DDO.owl#DDO_0002711>	"diffuse mesangial sclerosis"	
<http://purl.obolibrary.org/obo/DDO.owl#DDO_0002712>	"focal glomerular sclerosis"	
<http://purl.obolibrary.org/obo/DDO.owl#DDO_0002713>	"focal segmental glomerulosclerosis"	
<http://purl.obolibrary.org/obo/DDO.owl#DDO_0002714>	"autosomal dominant focal segmental glomerulosclerosis"	
<http://purl.obolibrary.org/obo/DDO.owl#DDO_0002715>	"autosomal recessive focal segmental glomerulosclerosis"	
<http://purl.obolibrary.org/obo/DDO.owl#DDO_0002716>	"classical focal segmental glomerulosclerosis"	
<http://purl.obolibrary.org/obo/DDO.owl#DDO_0002717>	"hyperfiltration focal segmental glomerulosclerosis"	
<http://purl.obolibrary.org/obo/DDO.owl#DDO_0002718>	"ischemic glomerulopathy"	
<http://purl.obolibrary.org/obo/DDO.owl#DDO_0002719>	"renal fibrosis"	
<http://purl.obolibrary.org/obo/DDO.owl#DDO_0002720>	"sclerosing glomerulonephritis"	
<http://purl.obolibrary.org/obo/DDO.owl#DDO_0002721>	"SLE glomerulonephritis syndrome, WHO class VI"	
<http://purl.obolibrary.org/obo/DDO.owl#DDO_0002722>	"glomerulonephritis"	
<http://purl.obolibrary.org/obo/DDO.owl#DDO_0002723>	"acute glomerulonephritis"	
<http://purl.obolibrary.org/obo/DDO.owl#DDO_0002724>	"acute glomerulonephritis associated with another disorder"	
<http://purl.obolibrary.org/obo/DDO.owl#DDO_0002725>	"acute post-streptococcal glomerulonephritis"	
<http://purl.obolibrary.org/obo/DDO.owl#DDO_0002726>	"acute nephritis with lesions of necrotizing glomerulitis"	
<http://purl.obolibrary.org/obo/DDO.owl#DDO_0002727>	"acute proliferative glomerulonephritis"	
<http://purl.obolibrary.org/obo/DDO.owl#DDO_0002728>	"endocapillary glomerulonephritis"	
<http://purl.obolibrary.org/obo/DDO.owl#DDO_0002729>	"diffuse endocapillary proliferative glomerulonephritis"	
<http://purl.obolibrary.org/obo/DDO.owl#DDO_0002730>	"hereditary diffuse endocapillary proliferative glomerulonephritis"	
<http://purl.obolibrary.org/obo/DDO.owl#DDO_0002731>	"idiopathic endocapillary glomerulonephritis"	
<http://purl.obolibrary.org/obo/DDO.owl#DDO_0002732>	"idiopathic crescentic glomerulonephritis"	
<http://purl.obolibrary.org/obo/DDO.owl#DDO_0002733>	"diffuse crescentic glomerulonephritis"	
<http://purl.obolibrary.org/obo/DDO.owl#DDO_0002734>	"acute nephritic syndrome, diffuse crescentic glomerulonephritis"	
<http://purl.obolibrary.org/obo/DDO.owl#DDO_0002735>	"hereditary diffuse crescentic glomerulonephritis"	
<http://purl.obolibrary.org/obo/DDO.owl#DDO_0002736>	"idiopathic crescentic glomerulonephritis, type I"	
<http://purl.obolibrary.org/obo/DDO.owl#DDO_0002737>	"idiopathic crescentic glomerulonephritis, type II"	
<http://purl.obolibrary.org/obo/DDO.owl#DDO_0002739>	"idiopathic crescentic glomerulonephritis, type III"	
<http://purl.obolibrary.org/obo/DDO.owl#DDO_0002740>	"focal embolic nephritis syndrome"	
<http://purl.obolibrary.org/obo/DDO.owl#DDO_0002741>	"primary pauci-immune necrotizing and crescentic glomerulonephritis"	
<http://purl.obolibrary.org/obo/DDO.owl#DDO_0002742>	"anaphylactoid glomerulonephritis"	
<http://purl.obolibrary.org/obo/DDO.owl#DDO_0002743>	"chronic glomerulonephritis"	
<http://purl.obolibrary.org/obo/DDO.owl#DDO_0002744>	"chronic diffuse glomerulonephritis"	
<http://purl.obolibrary.org/obo/DDO.owl#DDO_0002745>	"chronic exudative glomerulonephritis"	
<http://purl.obolibrary.org/obo/DDO.owl#DDO_0002746>	"chronic focal glomerulonephritis"	
<http://purl.obolibrary.org/obo/DDO.owl#DDO_0002747>	"chronic proliferative glomerulonephritis"	
<http://purl.obolibrary.org/obo/DDO.owl#DDO_0002748>	"chronic mesangial proliferative glomerulonephritis"	
<http://purl.obolibrary.org/obo/DDO.owl#DDO_0002749>	"C1q nephropathy"	
<http://purl.obolibrary.org/obo/DDO.owl#DDO_0002750>	"IgA nephropathy"	
<http://purl.obolibrary.org/obo/DDO.owl#DDO_0002751>	"primary IgA nephropathy"	
<http://purl.obolibrary.org/obo/DDO.owl#DDO_0002752>	"Berger's IgA or IgG nephropathy"	
<http://purl.obolibrary.org/obo/DDO.owl#DDO_0002753>	"familial immunoglobulin A nephropathy"	
<http://purl.obolibrary.org/obo/DDO.owl#DDO_0002754>	"IgM nephropathy"	
<http://purl.obolibrary.org/obo/DDO.owl#DDO_0002755>	"mesangiocapillary glomerulonephritis"	
<http://purl.obolibrary.org/obo/DDO.owl#DDO_0002756>	"focal membranoproliferative glomerulonephritis"	
<http://purl.obolibrary.org/obo/DDO.owl#DDO_0002757>	"mesangiocapillary glomerulonephritis type I"	
<http://purl.obolibrary.org/obo/DDO.owl#DDO_0002758>	"mesangiocapillary glomerulonephritis type II"	
<http://purl.obolibrary.org/obo/DDO.owl#DDO_0002759>	"mesangiocapillary glomerulonephritis type III"	
<http://purl.obolibrary.org/obo/DDO.owl#DDO_0002760>	"mesangiocapillary glomerulonephritis type IV"	
<http://purl.obolibrary.org/obo/DDO.owl#DDO_0002761>	"hereditary diffuse mesangial proliferative glomerulonephritis"	
<http://purl.obolibrary.org/obo/DDO.owl#DDO_0002762>	"chronic rapidly progressive glomerulonephritis"	
<http://purl.obolibrary.org/obo/DDO.owl#DDO_0002763>	"Epstein syndrome"	
<http://purl.obolibrary.org/obo/DDO.owl#DDO_0002764>	"membranous glomerulonephritis"	
<http://purl.obolibrary.org/obo/DDO.owl#DDO_0002765>	"cryoglobulinemic glomerulonephritis"	
<http://purl.obolibrary.org/obo/DDO.owl#DDO_0002766>	"cytomegalovirus-induced glomerulonephritis"	
<http://purl.obolibrary.org/obo/DDO.owl#DDO_0002767>	"De novo glomerulonephritis"	
<http://purl.obolibrary.org/obo/DDO.owl#DDO_0002768>	"diabetic glomerulonephritis"	
<http://purl.obolibrary.org/obo/DDO.owl#DDO_0002769>	"fibrillary glomerulonephritis"	
<http://purl.obolibrary.org/obo/DDO.owl#DDO_0002770>	"glomerulitis"	
<http://purl.obolibrary.org/obo/DDO.owl#DDO_0002771>	"Goodpasture's disease"	
<http://purl.obolibrary.org/obo/DDO.owl#DDO_0002772>	"hereditary nephritis"	
<http://purl.obolibrary.org/obo/DDO.owl#DDO_0002773>	"idiopathic glomerulonephritis"	
<http://purl.obolibrary.org/obo/DDO.owl#DDO_0002774>	"immune-complex glomerulonephritis"	
<http://purl.obolibrary.org/obo/DDO.owl#DDO_0002777>	"mesangial proliferative glomerulonephritis"	
<http://purl.obolibrary.org/obo/DDO.owl#DDO_0002778>	"focal mesangial proliferative glomerulonephritis"	
<http://purl.obolibrary.org/obo/DDO.owl#DDO_0002779>	"SLE glomerulonephritis syndrome, WHO class II"	
<http://purl.obolibrary.org/obo/DDO.owl#DDO_0002780>	"necrotizing glomerulonephritis"	
<http://purl.obolibrary.org/obo/DDO.owl#DDO_0002781>	"non-progressive hereditary glomerulonephritis"	
<http://purl.obolibrary.org/obo/DDO.owl#DDO_0002782>	"post-infectious glomerulonephritis"	
<http://purl.obolibrary.org/obo/DDO.owl#DDO_0002783>	"shunt nephritis"	
<http://purl.obolibrary.org/obo/DDO.owl#DDO_0002784>	"proliferative glomerulonephritis"	
<http://purl.obolibrary.org/obo/DDO.owl#DDO_0002785>	"recurrent proliferative glomerulonephritis"	
<http://purl.obolibrary.org/obo/DDO.owl#DDO_0002786>	"sclerosing glomerulonephritis"	
<http://purl.obolibrary.org/obo/DDO.owl#DDO_0002787>	"granuloma annulare"	
<http://purl.obolibrary.org/obo/DDO.owl#DDO_0002788>	"subcutaneous granuloma annulare"	
<http://purl.obolibrary.org/obo/DDO.owl#DDO_0002789>	"perforating granuloma annulare"	
<http://purl.obolibrary.org/obo/DDO.owl#DDO_0002790>	"localized granuloma annulare"	
<http://purl.obolibrary.org/obo/DDO.owl#DDO_0002791>	"linear granuloma annulare"	
<http://purl.obolibrary.org/obo/DDO.owl#DDO_0002792>	"generalized granuloma annulare"	
<http://purl.obolibrary.org/obo/DDO.owl#DDO_0002793>	"deformity of limb"	
<http://purl.obolibrary.org/obo/DDO.owl#DDO_0002794>	"nail deformity"	
<http://purl.obolibrary.org/obo/DDO.owl#DDO_0002795>	"acquired nail deformity"	
<http://purl.obolibrary.org/obo/DDO.owl#DDO_0002796>	"acquired deformity of nail of finger"	
<http://purl.obolibrary.org/obo/DDO.owl#DDO_0002797>	"acquired koilonychia"	
<http://purl.obolibrary.org/obo/DDO.owl#DDO_0002798>	"acquired malalignment of the toenails"	
<http://purl.obolibrary.org/obo/DDO.owl#DDO_0002799>	"acquired pterygium of nail"	
<http://purl.obolibrary.org/obo/DDO.owl#DDO_0002800>	"inherited deformity of nail"	
<http://purl.obolibrary.org/obo/DDO.owl#DDO_0002801>	"hereditary racquet nails"	
<http://purl.obolibrary.org/obo/DDO.owl#DDO_0002802>	"nailbed deformity"	
<http://purl.obolibrary.org/obo/DDO.owl#DDO_0002803>	"infection by Deuteromycetes"	
<http://purl.obolibrary.org/obo/DDO.owl#DDO_0002804>	"dermatophytosis"	
<http://purl.obolibrary.org/obo/DDO.owl#DDO_0002805>	"deep seated dermatophytosis"	
<http://purl.obolibrary.org/obo/DDO.owl#DDO_0002806>	"dermatophytosis of scalp or beard"	
<http://purl.obolibrary.org/obo/DDO.owl#DDO_0002807>	"tinea kerion"	
<http://purl.obolibrary.org/obo/DDO.owl#DDO_0002808>	"dermatophytosis of the body"	
<http://purl.obolibrary.org/obo/DDO.owl#DDO_0002809>	"dermatophytosis of the perianal area"	
<http://purl.obolibrary.org/obo/DDO.owl#DDO_0002810>	"tinea corporis"	
<http://purl.obolibrary.org/obo/DDO.owl#DDO_0002811>	"tinea cruris"	
<http://purl.obolibrary.org/obo/DDO.owl#DDO_0002812>	"disseminated dermatophytosis"	
<http://purl.obolibrary.org/obo/DDO.owl#DDO_0002813>	"fungal infection of hair"	
<http://purl.obolibrary.org/obo/DDO.owl#DDO_0002814>	"black piedra"	
<http://purl.obolibrary.org/obo/DDO.owl#DDO_0002815>	"piedra"	
<http://purl.obolibrary.org/obo/DDO.owl#DDO_0002816>	"Trichosporon beigelii infection (piedra)"	
<http://purl.obolibrary.org/obo/DDO.owl#DDO_0002817>	"tinea barbae"	
<http://purl.obolibrary.org/obo/DDO.owl#DDO_0002818>	"tinea kerion of beard"	
<http://purl.obolibrary.org/obo/DDO.owl#DDO_0002819>	"white piedra"	
<http://purl.obolibrary.org/obo/DDO.owl#DDO_0002820>	"granulomatous dermatophytosis"	
<http://purl.obolibrary.org/obo/DDO.owl#DDO_0002821>	"tinea capitis"	
<http://purl.obolibrary.org/obo/DDO.owl#DDO_0002822>	"tinea faciei"	
<http://purl.obolibrary.org/obo/DDO.owl#DDO_0002823>	"tinea manus"	
<http://purl.obolibrary.org/obo/DDO.owl#DDO_0002824>	"tinea nigra"	
<http://purl.obolibrary.org/obo/DDO.owl#DDO_0002825>	"microsporosis nigra"	
<http://purl.obolibrary.org/obo/DDO.owl#DDO_0002826>	"tinea pedis"	
<http://purl.obolibrary.org/obo/DDO.owl#DDO_0002827>	"bunion"	
<http://purl.obolibrary.org/obo/DDO.owl#DDO_0002828>	"hallux valgus AND bunion"	
<http://purl.obolibrary.org/obo/DDO.owl#DDO_0002829>	"necrosis"	
<http://purl.obolibrary.org/obo/DDO.owl#DDO_0002830>	"fat necrosis"	
<http://purl.obolibrary.org/obo/DDO.owl#DDO_0002831>	"extensive lipodermatosclerosis"	
<http://purl.obolibrary.org/obo/DDO.owl#DDO_0002832>	"fat necrosis of peritoneum"	
<http://purl.obolibrary.org/obo/DDO.owl#DDO_0002833>	"mesenteric fat necrosis"	
<http://purl.obolibrary.org/obo/DDO.owl#DDO_0002834>	"mesenteric fat saponification"	
<http://purl.obolibrary.org/obo/DDO.owl#DDO_0002835>	"mesenteric saponification"	
<http://purl.obolibrary.org/obo/DDO.owl#DDO_0002839>	"omental fat necrosis"	
<http://purl.obolibrary.org/obo/DDO.owl#DDO_0002840>	"fat necrosis of subcutaneous tissue"	
<http://purl.obolibrary.org/obo/DDO.owl#DDO_0002841>	"nodular fat necrosis"	
<http://purl.obolibrary.org/obo/DDO.owl#DDO_0002842>	"subcutaneous nodular fat necrosis in pancreatitis"	
<http://purl.obolibrary.org/obo/DDO.owl#DDO_0002843>	"subcutaneous fat necrosis of newborn"	
<http://purl.obolibrary.org/obo/DDO.owl#DDO_0002844>	"subcutaneous fat necrosis due to birth injury"	
<http://purl.obolibrary.org/obo/DDO.owl#DDO_0002845>	"localized lipodermatosclerosis"	
<http://purl.obolibrary.org/obo/DDO.owl#DDO_0002846>	"retroperitoneal fat necrosis"	
<http://purl.obolibrary.org/obo/DDO.owl#DDO_0002847>	"traumatic fat necrosis"	
<http://purl.obolibrary.org/obo/DDO.owl#DDO_0002848>	"renal tubular disorder"	
<http://purl.obolibrary.org/obo/DDO.owl#DDO_0002849>	"acute tubular necrosis"	
<http://purl.obolibrary.org/obo/DDO.owl#DDO_0002850>	"postoperative acute tubular necrosis"	
<http://purl.obolibrary.org/obo/DDO.owl#DDO_0002851>	"post-traumatic acute tubular necrosis"	
<http://purl.obolibrary.org/obo/DDO.owl#DDO_0002852>	"bladder necrosis"	
<http://purl.obolibrary.org/obo/DDO.owl#DDO_0002853>	"skin necrosis"	
<http://purl.obolibrary.org/obo/DDO.owl#DDO_0002854>	"acute necrotizing cutaneous leishmaniasis"	
<http://purl.obolibrary.org/obo/DDO.owl#DDO_0002855>	"coumarin necrosis"	
<http://purl.obolibrary.org/obo/DDO.owl#DDO_0002856>	"ecthyma gangrenosum"	
<http://purl.obolibrary.org/obo/DDO.owl#DDO_0002857>	"neonatal ecthyma gangrenosum"	
<http://purl.obolibrary.org/obo/DDO.owl#DDO_0002858>	"gas gangrene of skin"	
<http://purl.obolibrary.org/obo/DDO.owl#DDO_0002859>	"granulomatosis disciformis et progressiva"	
<http://purl.obolibrary.org/obo/DDO.owl#DDO_0002860>	"Lyell's toxic epidermal necrolysis, subepidermal type"	
<http://purl.obolibrary.org/obo/DDO.owl#DDO_0002861>	"Meleney's gangrene"	
<http://purl.obolibrary.org/obo/DDO.owl#DDO_0002862>	"purpura fulminans"	
<http://purl.obolibrary.org/obo/DDO.owl#DDO_0002863>	"neonatal purpura fulminans (homozygous protein C deficiency)"	
<http://purl.obolibrary.org/obo/DDO.owl#DDO_0002864>	"skin graft necrosis"	
<http://purl.obolibrary.org/obo/DDO.owl#DDO_0002865>	"atrophic condition of skin"	
<http://purl.obolibrary.org/obo/DDO.owl#DDO_0002866>	"disorder of thinning of skin"	
<http://purl.obolibrary.org/obo/DDO.owl#DDO_0002867>	"perifollicular macular atrophy"	
<http://purl.obolibrary.org/obo/DDO.owl#DDO_0002868>	"perifollicular elastolysis"	
<http://purl.obolibrary.org/obo/DDO.owl#DDO_0002869>	"noninflammatory dermal elastolysis"	
<http://purl.obolibrary.org/obo/DDO.owl#DDO_0002870>	"idiopathic mid-dermal elastolysis"	
<http://purl.obolibrary.org/obo/DDO.owl#DDO_0002871>	"granulomatous slack skin disease"	
<http://purl.obolibrary.org/obo/DDO.owl#DDO_0002872>	"metabolic disease"	
<http://purl.obolibrary.org/obo/DDO.owl#DDO_0002874>	"disorder of fluid AND/OR electrolyte"	
<http://purl.obolibrary.org/obo/DDO.owl#DDO_0002875>	"disorder of electrolytes"	
<http://purl.obolibrary.org/obo/DDO.owl#DDO_0002876>	"electrolyte depletion"	
<http://purl.obolibrary.org/obo/DDO.owl#DDO_0002877>	"isolated hyperchlorhidrosis"	
<http://purl.obolibrary.org/obo/DDO.owl#DDO_0002878>	"renal medullary washout"	
<http://purl.obolibrary.org/obo/DDO.owl#DDO_0002879>	"electrolyte imbalance"	
<http://purl.obolibrary.org/obo/DDO.owl#DDO_0002880>	"chloride disorder"	
<http://purl.obolibrary.org/obo/DDO.owl#DDO_0002881>	"hyperchloremia"	
<http://purl.obolibrary.org/obo/DDO.owl#DDO_0002882>	"hypochloremia"	
<http://purl.obolibrary.org/obo/DDO.owl#DDO_0002883>	"hyperosmolality"	
<http://purl.obolibrary.org/obo/DDO.owl#DDO_0002884>	"hypouricemia"	
<http://purl.obolibrary.org/obo/DDO.owl#DDO_0002885>	"increased anion gap"	
<http://purl.obolibrary.org/obo/DDO.owl#DDO_0002886>	"magnesium disorder"	
<http://purl.obolibrary.org/obo/DDO.owl#DDO_0002887>	"disorder of magnesium metabolism"	
<http://purl.obolibrary.org/obo/DDO.owl#DDO_0002888>	"hypermagnesemia"	
<http://purl.obolibrary.org/obo/DDO.owl#DDO_0002889>	"hypomagnesemia"	
<http://purl.obolibrary.org/obo/DDO.owl#DDO_0002890>	"hypomagnesemic tetany"	
<http://purl.obolibrary.org/obo/DDO.owl#DDO_0002891>	"neonatal hypomagnesemia"	
<http://purl.obolibrary.org/obo/DDO.owl#DDO_0002892>	"primary hypomagnesemia"	
<http://purl.obolibrary.org/obo/DDO.owl#DDO_0002893>	"secondary hypomagnesemia"	
<http://purl.obolibrary.org/obo/DDO.owl#DDO_0002894>	"McKittrick-Wheelock syndrome"	
<http://purl.obolibrary.org/obo/DDO.owl#DDO_0002895>	"perinatal disorder of electrolytes"	
<http://purl.obolibrary.org/obo/DDO.owl#DDO_0002896>	"potassium disorder"	
<http://purl.obolibrary.org/obo/DDO.owl#DDO_0002897>	"hyperkalemia"	
<http://purl.obolibrary.org/obo/DDO.owl#DDO_0002898>	"acute hyperkalemia"	
<http://purl.obolibrary.org/obo/DDO.owl#DDO_0002899>	"chronic hyperkalemia"	
<http://purl.obolibrary.org/obo/DDO.owl#DDO_0002900>	"Gordon's syndrome"	
<http://purl.obolibrary.org/obo/DDO.owl#DDO_0002901>	"hyperkalemia, diminished renal excretion"	
<http://purl.obolibrary.org/obo/DDO.owl#DDO_0002902>	"hyperkalemia, transcellular shifts"	
<http://purl.obolibrary.org/obo/DDO.owl#DDO_0002903>	"hyperkalemic acidosis"	
<http://purl.obolibrary.org/obo/DDO.owl#DDO_0002904>	"hyperkalemic alkalosis"	
<http://purl.obolibrary.org/obo/DDO.owl#DDO_0002905>	"transitory neonatal hyperkalemia"	
<http://purl.obolibrary.org/obo/DDO.owl#DDO_0002906>	"hypokalemia"	
<http://purl.obolibrary.org/obo/DDO.owl#DDO_0002907>	"acute hypokalemia"	
<http://purl.obolibrary.org/obo/DDO.owl#DDO_0002908>	"transitory neonatal hypokalemia"	
<http://purl.obolibrary.org/obo/DDO.owl#DDO_0002909>	"chronic hypokalemia"	
<http://purl.obolibrary.org/obo/DDO.owl#DDO_0002910>	"hypokalemia, excessive renal losses"	
<http://purl.obolibrary.org/obo/DDO.owl#DDO_0002911>	"hypokalemia, gastrointestinal losses"	
<http://purl.obolibrary.org/obo/DDO.owl#DDO_0002912>	"hypokalemia, inadequate intake"	
<http://purl.obolibrary.org/obo/DDO.owl#DDO_0002913>	"hypokalemic acidosis"	
<http://purl.obolibrary.org/obo/DDO.owl#DDO_0002914>	"hypokalemic alkalosis"	
<http://purl.obolibrary.org/obo/DDO.owl#DDO_0002922>	"paraneoplastic hypokalemia"	
<http://purl.obolibrary.org/obo/DDO.owl#DDO_0002923>	"sodium disorder"	
<http://purl.obolibrary.org/obo/DDO.owl#DDO_0002924>	"disturbances of sodium balance of newborn"	
<http://purl.obolibrary.org/obo/DDO.owl#DDO_0002925>	"transitory neonatal hypernatremia"	
<http://purl.obolibrary.org/obo/DDO.owl#DDO_0002926>	"transitory neonatal hyponatremia"	
<http://purl.obolibrary.org/obo/DDO.owl#DDO_0002927>	"hypernatremia"	
<http://purl.obolibrary.org/obo/DDO.owl#DDO_0002928>	"acute hypernatremia"	
<http://purl.obolibrary.org/obo/DDO.owl#DDO_0002929>	"cerebral hypernatremia"	
<http://purl.obolibrary.org/obo/DDO.owl#DDO_0002930>	"chronic hypernatremia"	
<http://purl.obolibrary.org/obo/DDO.owl#DDO_0002931>	"essential hypernatremia"	
<http://purl.obolibrary.org/obo/DDO.owl#DDO_0002932>	"transitory neonatal hypernatremia"	
<http://purl.obolibrary.org/obo/DDO.owl#DDO_0002933>	"hyponatremia"	
<http://purl.obolibrary.org/obo/DDO.owl#DDO_0002934>	"acute hyponatremia"	
<http://purl.obolibrary.org/obo/DDO.owl#DDO_0002935>	"cerebral hyponatremia"	
<http://purl.obolibrary.org/obo/DDO.owl#DDO_0002936>	"chronic hyponatremia"	
<http://purl.obolibrary.org/obo/DDO.owl#DDO_0002937>	"dilutional hyponatremia"	
<http://purl.obolibrary.org/obo/DDO.owl#DDO_0002938>	"paraneoplastic hyponatremia"	
<http://purl.obolibrary.org/obo/DDO.owl#DDO_0002939>	"pseudohyponatremia"	
<http://purl.obolibrary.org/obo/DDO.owl#DDO_0002940>	"transitory neonatal hyponatremia"	
<http://purl.obolibrary.org/obo/DDO.owl#DDO_0002941>	"water intoxication syndrome"	
<http://purl.obolibrary.org/obo/DDO.owl#DDO_0002942>	"sodium overload"	
<http://purl.obolibrary.org/obo/DDO.owl#DDO_0002943>	"transitory neonatal electrolyte disturbance"	
<http://purl.obolibrary.org/obo/DDO.owl#DDO_0002944>	"infantile hypercalcemia"	
<http://purl.obolibrary.org/obo/DDO.owl#DDO_0002945>	"transitory neonatal hyperkalemia"	
<http://purl.obolibrary.org/obo/DDO.owl#DDO_0002946>	"TUR syndrome"	
<http://purl.obolibrary.org/obo/DDO.owl#DDO_0002947>	"sexual disorder"	
<http://purl.obolibrary.org/obo/DDO.owl#DDO_0002948>	"sexual arousal disorder"	
<http://purl.obolibrary.org/obo/DDO.owl#DDO_0002949>	"sexual impotence"	
<http://purl.obolibrary.org/obo/DDO.owl#DDO_0002950>	"absolute impotence"	
<http://purl.obolibrary.org/obo/DDO.owl#DDO_0002951>	"impotence of organic origin"	
<http://purl.obolibrary.org/obo/DDO.owl#DDO_0002952>	"arteriopathic impotence"	
<http://purl.obolibrary.org/obo/DDO.owl#DDO_0002953>	"endocrine impotence"	
<http://purl.obolibrary.org/obo/DDO.owl#DDO_0002954>	"neuropathic impotence"	
<http://purl.obolibrary.org/obo/DDO.owl#DDO_0002955>	"primary erectile dysfunction"	
<http://purl.obolibrary.org/obo/DDO.owl#DDO_0002956>	"psychogenic impotence"	
<http://purl.obolibrary.org/obo/DDO.owl#DDO_0002957>	"vasculopathic erectile dysfunction"	
<http://purl.obolibrary.org/obo/DDO.owl#DDO_0002958>	"ovarian disease"	
<http://purl.obolibrary.org/obo/DDO.owl#DDO_0002959>	"ovarian cyst"	
<http://purl.obolibrary.org/obo/DDO.owl#DDO_0002960>	"polycystic ovaries"	
<http://purl.obolibrary.org/obo/DDO.owl#DDO_0002969>	"anemia of chronic renal failure"	
<http://purl.obolibrary.org/obo/DDO.owl#DDO_0002972>	"retinal disorder"	
<http://purl.obolibrary.org/obo/DDO.owl#DDO_0002973>	"blindness"	
<http://purl.obolibrary.org/obo/DDO.owl#DDO_0002974>	"mental disease"	
<http://purl.obolibrary.org/obo/DDO.owl#DDO_0002975>	"depression"	
<http://purl.obolibrary.org/obo/DDO.owl#DDO_0002976>	"schizophrenia"	
<http://purl.obolibrary.org/obo/DDO.owl#DDO_0002977>	"bipolar disorder"	
<http://purl.obolibrary.org/obo/DDO.owl#DDO_0002978>	"bipolar I disorder"	
<http://purl.obolibrary.org/obo/DDO.owl#DDO_0002979>	"bipolar II disorder"	
<http://purl.obolibrary.org/obo/DDO.owl#DDO_0002980>	"mild bipolar disorder"	
<http://purl.obolibrary.org/obo/DDO.owl#DDO_0002981>	"mild depressed bipolar I disorder"	
<http://purl.obolibrary.org/obo/DDO.owl#DDO_0002982>	"mild manic bipolar I disorder"	
<http://purl.obolibrary.org/obo/DDO.owl#DDO_0002983>	"mild mixed bipolar I disorder"	
<http://purl.obolibrary.org/obo/DDO.owl#DDO_0002984>	"moderate bipolar disorder"	
<http://purl.obolibrary.org/obo/DDO.owl#DDO_0002985>	"schizoaffective disorder, bipolar type"	
<http://purl.obolibrary.org/obo/DDO.owl#DDO_0002986>	"severe bipolar disorder"	
<http://purl.obolibrary.org/obo/DDO.owl#DDO_0002987>	"severe bipolar I disorder"	
<http://purl.obolibrary.org/obo/DDO.owl#DDO_0002988>	"severe bipolar II disorder"	
<http://purl.obolibrary.org/obo/DDO.owl#DDO_0002989>	"paranoid schizophrenia"	
<http://purl.obolibrary.org/obo/DDO.owl#DDO_0002990>	"chronic paranoid schizophrenia"	
<http://purl.obolibrary.org/obo/DDO.owl#DDO_0002991>	"acute exacerbation of chronic paranoid schizophrenia"	
<http://purl.obolibrary.org/obo/DDO.owl#DDO_0002992>	"paranoid schizophrenia in remission"	
<http://purl.obolibrary.org/obo/DDO.owl#DDO_0002993>	"subchronic paranoid schizophrenia"	
<http://purl.obolibrary.org/obo/DDO.owl#DDO_0002994>	"acute exacerbation of subchronic paranoid schizophrenia"	
<http://purl.obolibrary.org/obo/DDO.owl#DDO_0002995>	"major depressive disorder"	
<http://purl.obolibrary.org/obo/DDO.owl#DDO_0002996>	"major depression in remission"	
<http://purl.obolibrary.org/obo/DDO.owl#DDO_0002997>	"major depression in complete remission"	
<http://purl.obolibrary.org/obo/DDO.owl#DDO_0002998>	"major depression in partial remission"	
<http://purl.obolibrary.org/obo/DDO.owl#DDO_0002999>	"recurrent major depression in remission"	
<http://purl.obolibrary.org/obo/DDO.owl#DDO_0003000>	"major depression, melancholic type"	
<http://purl.obolibrary.org/obo/DDO.owl#DDO_0003001>	"major depression, single episode"	
<http://purl.obolibrary.org/obo/DDO.owl#DDO_0003002>	"mild major depression"	
<http://purl.obolibrary.org/obo/DDO.owl#DDO_0003003>	"moderate major depression"	
<http://purl.obolibrary.org/obo/DDO.owl#DDO_0003004>	"recurrent major depression"	
<http://purl.obolibrary.org/obo/DDO.owl#DDO_0003005>	"severe major depression"	
<http://purl.obolibrary.org/obo/DDO.owl#DDO_0003006>	"severe depression"	
<http://purl.obolibrary.org/obo/DDO.owl#DDO_0003007>	"insomnia"	
<http://purl.obolibrary.org/obo/DDO.owl#DDO_0003008>	"dysthymia"	
<http://purl.obolibrary.org/obo/DDO.owl#DDO_0003009>	"early onset dysthymia"	
<http://purl.obolibrary.org/obo/DDO.owl#DDO_0003010>	"primary dysthymia early onset"	
<http://purl.obolibrary.org/obo/DDO.owl#DDO_0003011>	"secondary dysthymia early onset"	
<http://purl.obolibrary.org/obo/DDO.owl#DDO_0003012>	"generalized neuromuscular exhaustion syndrome"	
<http://purl.obolibrary.org/obo/DDO.owl#DDO_0003013>	"late onset dysthymia"	
<http://purl.obolibrary.org/obo/DDO.owl#DDO_0003014>	"primary dysthymia late onset"	
<http://purl.obolibrary.org/obo/DDO.owl#DDO_0003015>	"secondary dysthymia late onset"	
<http://purl.obolibrary.org/obo/DDO.owl#DDO_0003016>	"neurosis"	
<http://purl.obolibrary.org/obo/DDO.owl#DDO_0003017>	"iron overload"	
<http://purl.obolibrary.org/obo/DDO.owl#DDO_0003018>	"hemochromatosis"	
<http://purl.obolibrary.org/obo/DDO.owl#DDO_0003019>	"erythropoietic hemochromatosis"	
<http://purl.obolibrary.org/obo/DDO.owl#DDO_0003020>	"african nutritional hemochromatosis"	
<http://purl.obolibrary.org/obo/DDO.owl#DDO_0003021>	"secondary hemochromatosis"	
<http://purl.obolibrary.org/obo/DDO.owl#DDO_0003022>	"primary hemochromatosis"	
<http://purl.obolibrary.org/obo/DDO.owl#DDO_0003023>	"neonatal hemochromatosis"	
<http://purl.obolibrary.org/obo/DDO.owl#DDO_0003024>	"juvenile hemochromatosis"	
<http://purl.obolibrary.org/obo/DDO.owl#DDO_0003025>	"idiopathic hemochromatosis"	
<http://purl.obolibrary.org/obo/DDO.owl#DDO_0003026>	"hereditary hemochromatosis"	
<http://purl.obolibrary.org/obo/DDO.owl#DDO_0003027>	"bronze diabetes"	
<http://purl.obolibrary.org/obo/DDO.owl#DDO_0003028>	"bronze cirrhosis"	
<http://purl.obolibrary.org/obo/DDO.owl#DDO_0003029>	"sleep apnea"	
<http://purl.obolibrary.org/obo/DDO.owl#DDO_0003030>	"obstructive sleep apnea"	
<http://purl.obolibrary.org/obo/DDO.owl#DDO_0003031>	"mixed sleep apnea"	
<http://purl.obolibrary.org/obo/DDO.owl#DDO_0003032>	"obstructive sleep apnea of adult"	
<http://purl.obolibrary.org/obo/DDO.owl#DDO_0003033>	"obstructive sleep apnea of child"	
<http://purl.obolibrary.org/obo/DDO.owl#DDO_0003034>	"dental disease"	
<http://purl.obolibrary.org/obo/DDO.owl#DDO_0003035>	"periodontal disease"	
<http://purl.obolibrary.org/obo/DDO.owl#DDO_0003036>	"periodontitis"	
<http://purl.obolibrary.org/obo/DDO.owl#DDO_0003037>	"acute pericoronitis"	
<http://purl.obolibrary.org/obo/DDO.owl#DDO_0003038>	"acute periodontitis"	
<http://purl.obolibrary.org/obo/DDO.owl#DDO_0003039>	"acute apical periodontitis of pulpal origin"	
<http://purl.obolibrary.org/obo/DDO.owl#DDO_0003040>	"acute necrotizing ulcerative periodontitis"	
<http://purl.obolibrary.org/obo/DDO.owl#DDO_0003041>	"acute suppurative alveolar periostitis"	
<http://purl.obolibrary.org/obo/DDO.owl#DDO_0003042>	"adult periodontitis"	
<http://purl.obolibrary.org/obo/DDO.owl#DDO_0003043>	"generalized adult periodontitis"	
<http://purl.obolibrary.org/obo/DDO.owl#DDO_0003044>	"localized adult periodontitis"	
<http://purl.obolibrary.org/obo/DDO.owl#DDO_0003045>	"aggressive periodontitis"	
<http://purl.obolibrary.org/obo/DDO.owl#DDO_0003047>	"apical periodontitis"	
<http://purl.obolibrary.org/obo/DDO.owl#DDO_0003048>	"acute apical periodontitis of pulpal origin"	
<http://purl.obolibrary.org/obo/DDO.owl#DDO_0003049>	"chronic apical periodontitis"	
<http://purl.obolibrary.org/obo/DDO.owl#DDO_0003050>	"radicular cyst"	
<http://purl.obolibrary.org/obo/DDO.owl#DDO_0003051>	"lateral radicular cyst"	
<http://purl.obolibrary.org/obo/DDO.owl#DDO_0003052>	"residual cyst"	
<http://purl.obolibrary.org/obo/DDO.owl#DDO_0003053>	"chronic periodontitis"	
<http://purl.obolibrary.org/obo/DDO.owl#DDO_0003054>	"alveolar pyorrhea"	
<http://purl.obolibrary.org/obo/DDO.owl#DDO_0003055>	"chronic apical periodontitis"	
<http://purl.obolibrary.org/obo/DDO.owl#DDO_0003056>	"chronic periodontitis complex"	
<http://purl.obolibrary.org/obo/DDO.owl#DDO_0003057>	"chronic periodontitis simplex"	
<http://purl.obolibrary.org/obo/DDO.owl#DDO_0003058>	"chronic periodontitis with drifting of teeth"	
<http://purl.obolibrary.org/obo/DDO.owl#DDO_0003059>	"generalized chronic periodontitis"	
<http://purl.obolibrary.org/obo/DDO.owl#DDO_0003060>	"localized chronic periodontitis"	
<http://purl.obolibrary.org/obo/DDO.owl#DDO_0003061>	"juvenile periodontitis"	
<http://purl.obolibrary.org/obo/DDO.owl#DDO_0003062>	"marginal periodontitis"	
<http://purl.obolibrary.org/obo/DDO.owl#DDO_0003063>	"alveolar pyorrhea"	
<http://purl.obolibrary.org/obo/DDO.owl#DDO_0003064>	"necrotizing periodontal disease"	
<http://purl.obolibrary.org/obo/DDO.owl#DDO_0003065>	"necrotizing ulcerative periodontitis"	
<http://purl.obolibrary.org/obo/DDO.owl#DDO_0003066>	"acute necrotizing ulcerative periodontitis"	
<http://purl.obolibrary.org/obo/DDO.owl#DDO_0003067>	"necrotizing ulcerative gingivoperiodontitis"	
<http://purl.obolibrary.org/obo/DDO.owl#DDO_0003068>	"prepubertal periodontitis"	
<http://purl.obolibrary.org/obo/DDO.owl#DDO_0003070>	"early onset periodontitis"	
<http://purl.obolibrary.org/obo/DDO.owl#DDO_0003071>	"rapidly progressive periodontitis"	
<http://purl.obolibrary.org/obo/DDO.owl#DDO_0003072>	"refractory periodontitis"	
<http://purl.obolibrary.org/obo/DDO.owl#DDO_0003073>	"gastropathy"	
<http://purl.obolibrary.org/obo/DDO.owl#DDO_0003074>	"gastroparesis syndrome"	
<http://purl.obolibrary.org/obo/DDO.owl#DDO_0003075>	"diabetic gastroparesis"	
<http://purl.obolibrary.org/obo/DDO.owl#DDO_0003076>	"postprocedural delayed gastric emptying"	
<http://purl.obolibrary.org/obo/DDO.owl#DDO_0003077>	"clostridial infection"	
<http://purl.obolibrary.org/obo/DDO.owl#DDO_0003078>	"infection due to Clostridium tetani"	
<http://purl.obolibrary.org/obo/DDO.owl#DDO_0003079>	"tetanus"	
<http://purl.obolibrary.org/obo/DDO.owl#DDO_0003080>	"tetanus with trismus"	
<http://purl.obolibrary.org/obo/DDO.owl#DDO_0003081>	"tetanus omphalitis"	
<http://purl.obolibrary.org/obo/DDO.owl#DDO_0003082>	"tetanus neonatorum"	
<http://purl.obolibrary.org/obo/DDO.owl#DDO_0003083>	"tetanus complicating ectopic AND/OR molar pregnancy"	
<http://purl.obolibrary.org/obo/DDO.owl#DDO_0003084>	"puerperal tetanus"	
<http://purl.obolibrary.org/obo/DDO.owl#DDO_0003085>	"tetanic opisthotonus"	
<http://purl.obolibrary.org/obo/DDO.owl#DDO_0003086>	"obstetrical tetanus"	
<http://purl.obolibrary.org/obo/DDO.owl#DDO_0003087>	"localized tetanus"	
<http://purl.obolibrary.org/obo/DDO.owl#DDO_0003088>	"induced termination of pregnancy complicated by tetanus"	
<http://purl.obolibrary.org/obo/DDO.owl#DDO_0003089>	"generalized tetanus"	
<http://purl.obolibrary.org/obo/DDO.owl#DDO_0003090>	"cephalic tetanus"	
<http://purl.obolibrary.org/obo/DDO.owl#DDO_0003091>	"eye disease"	
<http://purl.obolibrary.org/obo/DDO.owl#DDO_0003092>	"glaucoma"	
<http://purl.obolibrary.org/obo/DDO.owl#DDO_0003093>	"absolute glaucoma"	
<http://purl.obolibrary.org/obo/DDO.owl#DDO_0003094>	"borderline glaucoma"	
<http://purl.obolibrary.org/obo/DDO.owl#DDO_0003095>	"chronic angle-closure glaucoma"	
<http://purl.obolibrary.org/obo/DDO.owl#DDO_0003096>	"rubeosis iridis"	
<http://purl.obolibrary.org/obo/DDO.owl#DDO_0003098>	"neovascular glaucoma"	
<http://purl.obolibrary.org/obo/DDO.owl#DDO_0003099>	"neovascular glaucoma due to hyphema"	
<http://purl.obolibrary.org/obo/DDO.owl#DDO_0003100>	"diabetic oculopathy"	
<http://purl.obolibrary.org/obo/DDO.owl#DDO_0003101>	"diabetic iritis"	
<http://purl.obolibrary.org/obo/DDO.owl#DDO_0003102>	"diabetic oculopathy associated with type 1 diabetes mellitus"	
<http://purl.obolibrary.org/obo/DDO.owl#DDO_0003103>	"diabetic vitreous hemorrhage due to type 1 diabetes mellitus"	
<http://purl.obolibrary.org/obo/DDO.owl#DDO_0003104>	"retinal edema due to type 1 diabetes mellitus"	
<http://purl.obolibrary.org/obo/DDO.owl#DDO_0003105>	"retinal ischemia due to type 1 diabetes mellitus"	
<http://purl.obolibrary.org/obo/DDO.owl#DDO_0003106>	"rubeosis iridis due to type 1 diabetes mellitus"	
<http://purl.obolibrary.org/obo/DDO.owl#DDO_0003107>	"diabetic oculopathy associated with type 2 diabetes mellitus"	
<http://purl.obolibrary.org/obo/DDO.owl#DDO_0003108>	"glaucoma due to type 2 diabetes mellitus"	
<http://purl.obolibrary.org/obo/DDO.owl#DDO_0003109>	"retinal edema due to type 2 diabetes mellitus"	
<http://purl.obolibrary.org/obo/DDO.owl#DDO_0003110>	"macular edema and retinopathy due to type 2 diabetes mellitus"	
<http://purl.obolibrary.org/obo/DDO.owl#DDO_0003111>	"retinal ischemia due to type 2 diabetes mellitus"	
<http://purl.obolibrary.org/obo/DDO.owl#DDO_0003112>	"rubeosis iridis due to type 2 diabetes mellitus"	
<http://purl.obolibrary.org/obo/DDO.owl#DDO_0003113>	"traction retinal detachment due to type 2 diabetes mellitus"	
<http://purl.obolibrary.org/obo/DDO.owl#DDO_0003114>	"diabetic maculopathy"	
<http://purl.obolibrary.org/obo/DDO.owl#DDO_0003116>	"advanced diabetic maculopathy"	
<http://purl.obolibrary.org/obo/DDO.owl#DDO_0003117>	"diabetic macular edema"	
<http://purl.obolibrary.org/obo/DDO.owl#DDO_0003118>	"diffuse diabetic maculopathy"	
<http://purl.obolibrary.org/obo/DDO.owl#DDO_0003119>	"exudative maculopathy associated with type 1 diabetes mellitus"	
<http://purl.obolibrary.org/obo/DDO.owl#DDO_0003120>	"exudative maculopathy associated with type 2 diabetes mellitus"	
<http://purl.obolibrary.org/obo/DDO.owl#DDO_0003121>	"focal diabetic maculopathy"	
<http://purl.obolibrary.org/obo/DDO.owl#DDO_0003122>	"ischemic diabetic maculopathy"	
<http://purl.obolibrary.org/obo/DDO.owl#DDO_0003123>	"mixed diabetic maculopathy"	
<http://purl.obolibrary.org/obo/DDO.owl#DDO_0003124>	"hereditary macular dystrophy"	
<http://purl.obolibrary.org/obo/DDO.owl#DDO_0003125>	"bull's eye macular dystrophy"	
<http://purl.obolibrary.org/obo/DDO.owl#DDO_0003126>	"dominant drusen"	
<http://purl.obolibrary.org/obo/DDO.owl#DDO_0003127>	"fundus flavimaculatus"	
<http://purl.obolibrary.org/obo/DDO.owl#DDO_0003128>	"Sorsby's fundus dystrophy"	
<http://purl.obolibrary.org/obo/DDO.owl#DDO_0003129>	"Stargardt's disease"	
<http://purl.obolibrary.org/obo/DDO.owl#DDO_0003130>	"vitelliform dystrophy"	
<http://purl.obolibrary.org/obo/DDO.owl#DDO_0003131>	"ischemic maculopathy"	
<http://purl.obolibrary.org/obo/DDO.owl#DDO_0003132>	"macular infarction"	
<http://purl.obolibrary.org/obo/DDO.owl#DDO_0003133>	"macular exudate"	
<http://purl.obolibrary.org/obo/DDO.owl#DDO_0003134>	"macular focal choroiditis"	
<http://purl.obolibrary.org/obo/DDO.owl#DDO_0003135>	"macular hole"	
<http://purl.obolibrary.org/obo/DDO.owl#DDO_0003136>	"full thickness macular hole stage IV"	
<http://purl.obolibrary.org/obo/DDO.owl#DDO_0003139>	"full thickness macular hole stage III"	
<http://purl.obolibrary.org/obo/DDO.owl#DDO_0003140>	"full thickness macular hole stage II"	
<http://purl.obolibrary.org/obo/DDO.owl#DDO_0003141>	"full thickness hole of macula lutea"	
<http://purl.obolibrary.org/obo/DDO.owl#DDO_0003142>	"impending macular hole"	
<http://purl.obolibrary.org/obo/DDO.owl#DDO_0003143>	"macular retinal edema"	
<http://purl.obolibrary.org/obo/DDO.owl#DDO_0003144>	"cystoid macular edema"	
<http://purl.obolibrary.org/obo/DDO.owl#DDO_0003145>	"autosomal dominant cystoid macular edema"	
<http://purl.obolibrary.org/obo/DDO.owl#DDO_0003146>	"postoperative cystoid macular edema"	
<http://purl.obolibrary.org/obo/DDO.owl#DDO_0003147>	"uveitis related cystoid macular edema"	
<http://purl.obolibrary.org/obo/DDO.owl#DDO_0003148>	"macular traction syndrome"	
<http://purl.obolibrary.org/obo/DDO.owl#DDO_0003149>	"Vitreomacular traction syndrome"	
<http://purl.obolibrary.org/obo/DDO.owl#DDO_0003150>	"scarred macula"	
<http://purl.obolibrary.org/obo/DDO.owl#DDO_0003151>	"Fibrovascular macular scar"	
<http://purl.obolibrary.org/obo/DDO.owl#DDO_0003152>	"post-traumatic macular scar"	
<http://purl.obolibrary.org/obo/DDO.owl#DDO_0003153>	"ophthalmoplegia"	
<http://purl.obolibrary.org/obo/DDO.owl#DDO_0003154>	"progressive supranuclear ophthalmoplegia"	
<http://purl.obolibrary.org/obo/DDO.owl#DDO_0003155>	"tolosa-Hunt syndrome"	
<http://purl.obolibrary.org/obo/DDO.owl#DDO_0003156>	"painful ophthalmoplegia"	
<http://purl.obolibrary.org/obo/DDO.owl#DDO_0003157>	"ophthalmoplegic migraine"	
<http://purl.obolibrary.org/obo/DDO.owl#DDO_0003158>	"ophthalmoplegia plus syndrome"	
<http://purl.obolibrary.org/obo/DDO.owl#DDO_0003159>	"ophthalmoplegia due to Graves disease"	
<http://purl.obolibrary.org/obo/DDO.owl#DDO_0003160>	"internuclear ophthalmoplegia"	
<http://purl.obolibrary.org/obo/DDO.owl#DDO_0003161>	"total ophthalmoplegia"	
<http://purl.obolibrary.org/obo/DDO.owl#DDO_0003162>	"progressive external ophthalmoplegia"	
<http://purl.obolibrary.org/obo/DDO.owl#DDO_0003163>	"external ophthalmoplegia"	
<http://purl.obolibrary.org/obo/DDO.owl#DDO_0003164>	"exophthalmic ophthalmoplegia"	
<http://purl.obolibrary.org/obo/DDO.owl#DDO_0003165>	"diabetic ophthalmoplegia"	
<http://purl.obolibrary.org/obo/DDO.owl#DDO_0003166>	"congenital nuclear ophthalmoplegia"	
<http://purl.obolibrary.org/obo/DDO.owl#DDO_0003167>	"aspiration pneumonia"	
<http://purl.obolibrary.org/obo/DDO.owl#DDO_0003168>	"acute aspiration pneumonia"	
<http://purl.obolibrary.org/obo/DDO.owl#DDO_0003169>	"neonatal aspiration pneumonia"	
<http://purl.obolibrary.org/obo/DDO.owl#DDO_0003170>	"postoperative aspiration pneumonia"	
<http://purl.obolibrary.org/obo/DDO.owl#DDO_0003171>	"recurrent aspiration pneumonia"	
<http://purl.obolibrary.org/obo/DDO.owl#DDO_0003172>	"community acquired pneumonia"	
<http://purl.obolibrary.org/obo/DDO.owl#DDO_0003173>	"perirenal abscess"	
<http://purl.obolibrary.org/obo/DDO.owl#DDO_0003174>	"inflammatory disorder of digestive system"	
<http://purl.obolibrary.org/obo/DDO.owl#DDO_0003175>	"cholangitis"	
<http://purl.obolibrary.org/obo/DDO.owl#DDO_0003176>	"infective cholangitis"	
<http://purl.obolibrary.org/obo/DDO.owl#DDO_0003177>	"pneumocholecystitis"	
<http://purl.obolibrary.org/obo/DDO.owl#DDO_0003178>	"acute emphysematous cholecystitis"	
<http://purl.obolibrary.org/obo/DDO.owl#DDO_0003179>	"hepatic cirrhosis"	
<http://purl.obolibrary.org/obo/DDO.owl#DDO_0003180>	"biliary cirrhosis"	
<http://purl.obolibrary.org/obo/DDO.owl#DDO_0003181>	"diffuse nodular cirrhosis"	
<http://purl.obolibrary.org/obo/DDO.owl#DDO_0003182>	"cryptogenic cirrhosis"	
<http://purl.obolibrary.org/obo/DDO.owl#DDO_0003183>	"cruveilhier-Baumgarten syndrome"	
<http://purl.obolibrary.org/obo/DDO.owl#DDO_0003184>	"cirrhosis secondary to cholestasis"	
<http://purl.obolibrary.org/obo/DDO.owl#DDO_0003185>	"cirrhosis and chronic liver disease"	
<http://purl.obolibrary.org/obo/DDO.owl#DDO_0003186>	"cirrhosis - non-alcoholic"	
<http://purl.obolibrary.org/obo/DDO.owl#DDO_0003187>	"cholangiolitic cirrhosis"	
<http://purl.obolibrary.org/obo/DDO.owl#DDO_0003188>	"capsular portal cirrhosis"	
<http://purl.obolibrary.org/obo/DDO.owl#DDO_0003189>	"primary biliary cirrhosis"	
<http://purl.obolibrary.org/obo/DDO.owl#DDO_0003190>	"secondary biliary cirrhosis"	
<http://purl.obolibrary.org/obo/DDO.owl#DDO_0003191>	"obstructive biliary cirrhosis"	
<http://purl.obolibrary.org/obo/DDO.owl#DDO_0003192>	"clonorchiasis with biliary cirrhosis"	
<http://purl.obolibrary.org/obo/DDO.owl#DDO_0003193>	"biliary cirrhosis of children"	
<http://purl.obolibrary.org/obo/DDO.owl#DDO_0003194>	"toxic cirrhosis"	
<http://purl.obolibrary.org/obo/DDO.owl#DDO_0003195>	"postnecrotic cirrhosis"	
<http://purl.obolibrary.org/obo/DDO.owl#DDO_0003196>	"posthepatitic cirrhosis"	
<http://purl.obolibrary.org/obo/DDO.owl#DDO_0003197>	"unilobular portal cirrhosis"	
<http://purl.obolibrary.org/obo/DDO.owl#DDO_0003198>	"toxic portal cirrhosis"	
<http://purl.obolibrary.org/obo/DDO.owl#DDO_0003199>	"pigmentary portal cirrhosis"	
<http://purl.obolibrary.org/obo/DDO.owl#DDO_0003200>	"multilobular portal cirrhosis"	
<http://purl.obolibrary.org/obo/DDO.owl#DDO_0003201>	"laennec's cirrhosis, non-alcoholic"	
<http://purl.obolibrary.org/obo/DDO.owl#DDO_0003202>	"juvenile portal cirrhosis"	
<http://purl.obolibrary.org/obo/DDO.owl#DDO_0003203>	"fatty portal cirrhosis"	
<http://purl.obolibrary.org/obo/DDO.owl#DDO_0003205>	"cardiac portal cirrhosis"	
<http://purl.obolibrary.org/obo/DDO.owl#DDO_0003206>	"syphilitic portal cirrhosis"	
<http://purl.obolibrary.org/obo/DDO.owl#DDO_0003207>	"bacterial portal cirrhosis"	
<http://purl.obolibrary.org/obo/DDO.owl#DDO_0003208>	"portal cirrhosis"	
<http://purl.obolibrary.org/obo/DDO.owl#DDO_0003209>	"pigment cirrhosis"	
<http://purl.obolibrary.org/obo/DDO.owl#DDO_0003210>	"nutritional cirrhosis"	
<http://purl.obolibrary.org/obo/DDO.owl#DDO_0003211>	"mixed micro AND macronodular cirrhosis"	
<http://purl.obolibrary.org/obo/DDO.owl#DDO_0003212>	"micronodular cirrhosis"	
<http://purl.obolibrary.org/obo/DDO.owl#DDO_0003213>	"mixed micro AND macronodular cirrhosis"	
<http://purl.obolibrary.org/obo/DDO.owl#DDO_0003214>	"macronodular cirrhosis"	
<http://purl.obolibrary.org/obo/DDO.owl#DDO_0003215>	"bacterial portal cirrhosis"	
<http://purl.obolibrary.org/obo/DDO.owl#DDO_0003216>	"infectious cirrhosis"	
<http://purl.obolibrary.org/obo/DDO.owl#DDO_0003217>	"indian childhood cirrhosis"	
<http://purl.obolibrary.org/obo/DDO.owl#DDO_0003218>	"latent cirrhosis"	
<http://purl.obolibrary.org/obo/DDO.owl#DDO_0003219>	"syphilitic portal cirrhosis"	
<http://purl.obolibrary.org/obo/DDO.owl#DDO_0003220>	"syphilitic cirrhosis"	
<http://purl.obolibrary.org/obo/DDO.owl#DDO_0003221>	"clonorchiasis with biliary cirrhosis"	
<http://purl.obolibrary.org/obo/DDO.owl#DDO_0003222>	"parasitic cirrhosis"	
<http://purl.obolibrary.org/obo/DDO.owl#DDO_0003223>	"syphilitic portal cirrhosis"	
<http://purl.obolibrary.org/obo/DDO.owl#DDO_0003224>	"cardiac portal cirrhosis"	
<http://purl.obolibrary.org/obo/DDO.owl#DDO_0003226>	"cardiac cirrhosis"	
<http://purl.obolibrary.org/obo/DDO.owl#DDO_0003227>	"hypoxia-associated cirrhosis"	
<http://purl.obolibrary.org/obo/DDO.owl#DDO_0003228>	"portal and splenic vein sclerosis"	
<http://purl.obolibrary.org/obo/DDO.owl#DDO_0003229>	"hepatic sclerosis"	
<http://purl.obolibrary.org/obo/DDO.owl#DDO_0003230>	"intrahepatic phlebosclerosis and fibrosis"	
<http://purl.obolibrary.org/obo/DDO.owl#DDO_0003231>	"hepatic fibrosis with hepatic sclerosis"	
<http://purl.obolibrary.org/obo/DDO.owl#DDO_0003232>	"glissonian cirrhosis"	
<http://purl.obolibrary.org/obo/DDO.owl#DDO_0003233>	"florid cirrhosis"	
<http://purl.obolibrary.org/obo/DDO.owl#DDO_0003234>	"early cirrhosis"	
<http://purl.obolibrary.org/obo/DDO.owl#DDO_0003235>	"alcoholic liver damage"	
<http://purl.obolibrary.org/obo/DDO.owl#DDO_0003236>	"zieve's syndrome"	
<http://purl.obolibrary.org/obo/DDO.owl#DDO_0003237>	"chronic alcoholic hepatitis"	
<http://purl.obolibrary.org/obo/DDO.owl#DDO_0003238>	"acute alcoholic liver disease"	
<http://purl.obolibrary.org/obo/DDO.owl#DDO_0003239>	"alcoholic hepatitis"	
<http://purl.obolibrary.org/obo/DDO.owl#DDO_0003240>	"alcoholic hepatic failure"	
<http://purl.obolibrary.org/obo/DDO.owl#DDO_0003241>	"alcoholic fatty liver"	
<http://purl.obolibrary.org/obo/DDO.owl#DDO_0003242>	"alcoholic cirrhosis"	
<http://purl.obolibrary.org/obo/DDO.owl#DDO_0003243>	"hepatic failure"	
<http://purl.obolibrary.org/obo/DDO.owl#DDO_0003244>	"acute hepatic failure"^^<http://www.w3.org/2001/XMLSchema#integer>	
<http://purl.obolibrary.org/obo/DDO.owl#DDO_0003245>	"acute hepatic failure due to drugs"	
<http://purl.obolibrary.org/obo/DDO.owl#DDO_0003246>	"hepatopathy"	
<http://purl.obolibrary.org/obo/DDO.owl#DDO_0003247>	"steatosis of liver"	
<http://purl.obolibrary.org/obo/DDO.owl#DDO_0003248>	"NAFLD - Nonalcoholic fatty liver disease"	
<http://purl.obolibrary.org/obo/DDO.owl#DDO_0003249>	"alcoholic fatty liver"	
<http://purl.obolibrary.org/obo/DDO.owl#DDO_0003250>	"steatohepatitis"	
<http://purl.obolibrary.org/obo/DDO.owl#DDO_0003251>	"nonalcoholic steatohepatitis"	
<http://purl.obolibrary.org/obo/DDO.owl#DDO_0003252>	"hyperthyroidism"	
<http://purl.obolibrary.org/obo/DDO.owl#DDO_0003253>	"thyrotoxicosis"	
<http://purl.obolibrary.org/obo/DDO.owl#DDO_0003254>	"apathetic thyrotoxicosis"	
<http://purl.obolibrary.org/obo/DDO.owl#DDO_0003255>	"renal impairment"	
<http://purl.obolibrary.org/obo/DDO.owl#DDO_0003256>	"acute renal impairment"	
<http://purl.obolibrary.org/obo/DDO.owl#DDO_0003257>	"acute renal failure syndrome"	
<http://purl.obolibrary.org/obo/DDO.owl#DDO_0003258>	"acute nontraumatic kidney injury"	
<http://purl.obolibrary.org/obo/DDO.owl#DDO_0003259>	"crush syndrome"	
<http://purl.obolibrary.org/obo/DDO.owl#DDO_0003260>	"traumatic anuria - crush syndrome"	
<http://purl.obolibrary.org/obo/DDO.owl#DDO_0003261>	"pulmonary renal syndrome"	
<http://purl.obolibrary.org/obo/DDO.owl#DDO_0003262>	"transient acute renal failure"	
<http://purl.obolibrary.org/obo/DDO.owl#DDO_0003263>	"cardiorenal syndrome"	
<http://purl.obolibrary.org/obo/DDO.owl#DDO_0003264>	"malignant neoplastic disease"	
<http://purl.obolibrary.org/obo/DDO.owl#DDO_0003265>	"malignant neoplasm of liver"	
<http://purl.obolibrary.org/obo/DDO.owl#DDO_0003266>	"adenocarcinoma of liver"	
<http://purl.obolibrary.org/obo/DDO.owl#DDO_0003267>	"liver cell carcinoma"	
<http://purl.obolibrary.org/obo/DDO.owl#DDO_0003268>	"combined hepatocellular carcinoma and cholangiocarcinoma"	
<http://purl.obolibrary.org/obo/DDO.owl#DDO_0003269>	"fibrolamellar hepatocellular carcinoma"	
<http://purl.obolibrary.org/obo/DDO.owl#DDO_0003270>	"metastasis to liver from adenocarcinoma"	
<http://purl.obolibrary.org/obo/DDO.owl#DDO_0003271>	"local recurrence of malignant tumor of liver"	
<http://purl.obolibrary.org/obo/DDO.owl#DDO_0003272>	"malignant neoplasm of intrahepatic gall duct"	
<http://purl.obolibrary.org/obo/DDO.owl#DDO_0003273>	"malignant neoplasm of interlobular bile ducts"	
<http://purl.obolibrary.org/obo/DDO.owl#DDO_0003274>	"malignant neoplasm of intrahepatic canaliculi"	
<http://purl.obolibrary.org/obo/DDO.owl#DDO_0003275>	"primary malignant neoplasm of intrahepatic bile duct"	
<http://purl.obolibrary.org/obo/DDO.owl#DDO_0003276>	"intrahepatic bile duct carcinoma"	
<http://purl.obolibrary.org/obo/DDO.owl#DDO_0003277>	"Klatskin's tumor"	
<http://purl.obolibrary.org/obo/DDO.owl#DDO_0003278>	"secondary malignant neoplasm of intrahepatic bile ducts"	
<http://purl.obolibrary.org/obo/DDO.owl#DDO_0003279>	"malignant neoplasm of liver and intrahepatic bile ducts"	
<http://purl.obolibrary.org/obo/DDO.owl#DDO_0003280>	"primary malignant neoplasm of liver"	
<http://purl.obolibrary.org/obo/DDO.owl#DDO_0003281>	"angiosarcoma of liver"	
<http://purl.obolibrary.org/obo/DDO.owl#DDO_0003282>	"hepatoblastoma (clinical)"	
<http://purl.obolibrary.org/obo/DDO.owl#DDO_0003283>	"primary carcinoma of liver"	
<http://purl.obolibrary.org/obo/DDO.owl#DDO_0003284>	"sarcoma of liver"	
<http://purl.obolibrary.org/obo/DDO.owl#DDO_0003285>	"angiosarcoma of liver"	
<http://purl.obolibrary.org/obo/DDO.owl#DDO_0003286>	"secondary malignant neoplasm of liver"	
<http://purl.obolibrary.org/obo/DDO.owl#DDO_0003287>	"metastasis to liver from adenocarcinoma"	
<http://purl.obolibrary.org/obo/DDO.owl#DDO_0003288>	"metastasis to liver of unknown primary"	
<http://purl.obolibrary.org/obo/DDO.owl#DDO_0003289>	"malignant tumor of pancreas"	
<http://purl.obolibrary.org/obo/DDO.owl#DDO_0003290>	"adenocarcinoma of pancreas"	
<http://purl.obolibrary.org/obo/DDO.owl#DDO_0003291>	"intraductal papillary mucinous carcinoma in situ of pancreas"	
<http://purl.obolibrary.org/obo/DDO.owl#DDO_0003292>	"primary adenocarcinoma of pancreas"	
<http://purl.obolibrary.org/obo/DDO.owl#DDO_0003293>	"cystadenocarcinoma of pancreas"	
<http://purl.obolibrary.org/obo/DDO.owl#DDO_0003294>	"local recurrence of malignant tumor of pancreas"	
<http://purl.obolibrary.org/obo/DDO.owl#DDO_0003295>	"malignant neoplasm of ectopic pancreatic tissue"	
<http://purl.obolibrary.org/obo/DDO.owl#DDO_0003296>	"malignant tumor of body of pancreas"	
<http://purl.obolibrary.org/obo/DDO.owl#DDO_0003297>	"primary malignant neoplasm of body of pancreas"	
<http://purl.obolibrary.org/obo/DDO.owl#DDO_0003298>	"carcinoma of body of pancreas"	
<http://purl.obolibrary.org/obo/DDO.owl#DDO_0003299>	"secondary malignant neoplasm of body of pancreas"	
<http://purl.obolibrary.org/obo/DDO.owl#DDO_0003300>	"malignant tumor of endocrine pancreas"	
<http://purl.obolibrary.org/obo/DDO.owl#DDO_0003301>	"carcinoma of endocrine pancreas"	
<http://purl.obolibrary.org/obo/DDO.owl#DDO_0003302>	"malignant tumor of Islets of Langerhans"	
<http://purl.obolibrary.org/obo/DDO.owl#DDO_0003303>	"primary malignant neoplasm of islets of Langerhans"	
<http://purl.obolibrary.org/obo/DDO.owl#DDO_0003304>	"secondary malignant neoplasm of islets of Langerhans"	
<http://purl.obolibrary.org/obo/DDO.owl#DDO_0003305>	"malignant tumor of exocrine pancreas"	
<http://purl.obolibrary.org/obo/DDO.owl#DDO_0003306>	"malignant cystic tumor of exocrine pancreas"	
<http://purl.obolibrary.org/obo/DDO.owl#DDO_0003307>	"cystadenocarcinoma of pancreas"	
<http://purl.obolibrary.org/obo/DDO.owl#DDO_0003308>	"malignant tumor of pancreatic duct"	
<http://purl.obolibrary.org/obo/DDO.owl#DDO_0003309>	"malignant tumor of ampulla of Vater"	
<http://purl.obolibrary.org/obo/DDO.owl#DDO_0003310>	"malignant neoplasm of sphincter of Oddi"	
<http://purl.obolibrary.org/obo/DDO.owl#DDO_0003311>	"primary malignant neoplasm of ampulla of Vater"	
<http://purl.obolibrary.org/obo/DDO.owl#DDO_0003312>	"carcinoma of ampulla of Vater"	
<http://purl.obolibrary.org/obo/DDO.owl#DDO_0003313>	"secondary malignant neoplasm of ampulla of Vater"	
<http://purl.obolibrary.org/obo/DDO.owl#DDO_0003314>	"primary malignant neoplasm of pancreatic duct"	
<http://purl.obolibrary.org/obo/DDO.owl#DDO_0003315>	"secondary malignant neoplasm of pancreatic duct"	
<http://purl.obolibrary.org/obo/DDO.owl#DDO_0003316>	"malignant tumor of head of pancreas"	
<http://purl.obolibrary.org/obo/DDO.owl#DDO_0003317>	"primary malignant neoplasm of head of pancreas"	
<http://purl.obolibrary.org/obo/DDO.owl#DDO_0003318>	"carcinoma of head of pancreas"	
<http://purl.obolibrary.org/obo/DDO.owl#DDO_0003319>	"secondary malignant neoplasm of head of pancreas"	
<http://purl.obolibrary.org/obo/DDO.owl#DDO_0003320>	"malignant tumor of tail of pancreas"	
<http://purl.obolibrary.org/obo/DDO.owl#DDO_0003321>	"primary malignant neoplasm of tail of pancreas"	
<http://purl.obolibrary.org/obo/DDO.owl#DDO_0003322>	"carcinoma of tail of pancreas"	
<http://purl.obolibrary.org/obo/DDO.owl#DDO_0003323>	"secondary malignant neoplasm of tail of pancreas"	
<http://purl.obolibrary.org/obo/DDO.owl#DDO_0003324>	"primary malignant neoplasm of pancreas"	
<http://purl.obolibrary.org/obo/DDO.owl#DDO_0003325>	"carcinoma of pancreas"	
<http://purl.obolibrary.org/obo/DDO.owl#DDO_0003326>	"overlapping malignant neoplasm of pancreas"	
<http://purl.obolibrary.org/obo/DDO.owl#DDO_0003327>	"secondary malignant neoplasm of pancreas"	
<http://purl.obolibrary.org/obo/DDO.owl#DDO_0003328>	"metastasis to pancreas of unknown primary"	
<http://purl.obolibrary.org/obo/DDO.owl#DDO_0003329>	"primary malignant neoplasm of endometrium"	
<http://purl.obolibrary.org/obo/DDO.owl#DDO_0003330>	"endometrial stromal sarcoma"	
<http://purl.obolibrary.org/obo/DDO.owl#DDO_0003331>	"high grade endometrial stromal sarcoma"	
<http://purl.obolibrary.org/obo/DDO.owl#DDO_0003332>	"low grade endometrial stromal sarcoma"	
<http://purl.obolibrary.org/obo/DDO.owl#DDO_0003333>	"malignant tumor of colon"	
<http://purl.obolibrary.org/obo/DDO.owl#DDO_0003334>	"local recurrence of malignant tumor of colon"	
<http://purl.obolibrary.org/obo/DDO.owl#DDO_0003335>	"malignant tumor of ascending colon"	
<http://purl.obolibrary.org/obo/DDO.owl#DDO_0003336>	"malignant tumor of hepatic flexure"	
<http://purl.obolibrary.org/obo/DDO.owl#DDO_0003337>	"primary malignant neoplasm of hepatic flexure of colon"	
<http://purl.obolibrary.org/obo/DDO.owl#DDO_0003338>	"carcinoma of hepatic flexure"	
<http://purl.obolibrary.org/obo/DDO.owl#DDO_0003339>	"secondary malignant neoplasm of hepatic flexure of colon"	
<http://purl.obolibrary.org/obo/DDO.owl#DDO_0003340>	"primary malignant neoplasm of ascending colon"	
<http://purl.obolibrary.org/obo/DDO.owl#DDO_0003341>	"carcinoma of ascending colon"	
<http://purl.obolibrary.org/obo/DDO.owl#DDO_0003342>	"secondary malignant neoplasm of ascending colon"	
<http://purl.obolibrary.org/obo/DDO.owl#DDO_0003343>	"malignant tumor of descending colon"	
<http://purl.obolibrary.org/obo/DDO.owl#DDO_0003344>	"malignant tumor of splenic flexure"	
<http://purl.obolibrary.org/obo/DDO.owl#DDO_0003345>	"primary malignant neoplasm of splenic flexure of colon"	
<http://purl.obolibrary.org/obo/DDO.owl#DDO_0003346>	"carcinoma of splenic flexure"	
<http://purl.obolibrary.org/obo/DDO.owl#DDO_0003347>	"secondary malignant neoplasm of splenic flexure of colon"	
<http://purl.obolibrary.org/obo/DDO.owl#DDO_0003348>	"primary malignant neoplasm of descending colon"	
<http://purl.obolibrary.org/obo/DDO.owl#DDO_0003349>	"carcinoma of descending colon"	
<http://purl.obolibrary.org/obo/DDO.owl#DDO_0003350>	"secondary malignant neoplasm of descending colon"	
<http://purl.obolibrary.org/obo/DDO.owl#DDO_0003351>	"malignant tumor of sigmoid colon"	
<http://purl.obolibrary.org/obo/DDO.owl#DDO_0003352>	"adenocarcinoma of sigmoid colon"	
<http://purl.obolibrary.org/obo/DDO.owl#DDO_0003353>	"adenocarcinoma of rectosigmoid junction"	
<http://purl.obolibrary.org/obo/DDO.owl#DDO_0003354>	"lymphoma of sigmoid colon"	
<http://purl.obolibrary.org/obo/DDO.owl#DDO_0003355>	"malignant tumor of rectosigmoid junction"	
<http://purl.obolibrary.org/obo/DDO.owl#DDO_0003356>	"primary malignant neoplasm of rectosigmoid junction"	
<http://purl.obolibrary.org/obo/DDO.owl#DDO_0003357>	"carcinoma of the rectosigmoid junction"	
<http://purl.obolibrary.org/obo/DDO.owl#DDO_0003358>	"secondary malignant neoplasm of rectosigmoid junction"	
<http://purl.obolibrary.org/obo/DDO.owl#DDO_0003359>	"primary malignant neoplasm of sigmoid colon"	
<http://purl.obolibrary.org/obo/DDO.owl#DDO_0003360>	"carcinoma of sigmoid colon"	
<http://purl.obolibrary.org/obo/DDO.owl#DDO_0003361>	"secondary malignant neoplasm of sigmoid colon"	
<http://purl.obolibrary.org/obo/DDO.owl#DDO_0003362>	"malignant tumor of transverse colon"	
<http://purl.obolibrary.org/obo/DDO.owl#DDO_0003363>	"primary malignant neoplasm of transverse colon"	
<http://purl.obolibrary.org/obo/DDO.owl#DDO_0003364>	"carcinoma of transverse colon"	
<http://purl.obolibrary.org/obo/DDO.owl#DDO_0003365>	"carcinoma of hepatic flexure"	
<http://purl.obolibrary.org/obo/DDO.owl#DDO_0003366>	"carcinoma of splenic flexure"	
<http://purl.obolibrary.org/obo/DDO.owl#DDO_0003367>	"secondary malignant neoplasm of transverse colon"	
<http://purl.obolibrary.org/obo/DDO.owl#DDO_0003368>	"primary malignant neoplasm of colon"	
<http://purl.obolibrary.org/obo/DDO.owl#DDO_0003369>	"carcinoma of colon"	
<http://purl.obolibrary.org/obo/DDO.owl#DDO_0003370>	"lynch syndrome"	
<http://purl.obolibrary.org/obo/DDO.owl#DDO_0003371>	"malignant neoplasm, overlapping lesion of colon"	
<http://purl.obolibrary.org/obo/DDO.owl#DDO_0003372>	"overlapping malignant neoplasm of colon"	
<http://purl.obolibrary.org/obo/DDO.owl#DDO_0003373>	"primary adenocarcinoma of colon"	
<http://purl.obolibrary.org/obo/DDO.owl#DDO_0003374>	"secondary malignant neoplasm of colon"	
<http://purl.obolibrary.org/obo/DDO.owl#DDO_0003375>	"metastasis to colon of unknown primary"	
<http://purl.obolibrary.org/obo/DDO.owl#DDO_0003376>	"malignant tumor of breast"	
<http://purl.obolibrary.org/obo/DDO.owl#DDO_0003377>	"carcinoma of breast"	
<http://purl.obolibrary.org/obo/DDO.owl#DDO_0003378>	"cancer en cuirasse"	
<http://purl.obolibrary.org/obo/DDO.owl#DDO_0003379>	"carcinoma of female breast"	
<http://purl.obolibrary.org/obo/DDO.owl#DDO_0003380>	"infiltrating duct carcinoma of female breast"	
<http://purl.obolibrary.org/obo/DDO.owl#DDO_0003381>	"carcinoma of male breast"	
<http://purl.obolibrary.org/obo/DDO.owl#DDO_0003382>	"familial cancer of breast"	
<http://purl.obolibrary.org/obo/DDO.owl#DDO_0003383>	"hormone receptor positive malignant neoplasm of breast"	
<http://purl.obolibrary.org/obo/DDO.owl#DDO_0003384>	"HER2-positive carcinoma of breast"	
<http://purl.obolibrary.org/obo/DDO.owl#DDO_0003385>	"malignant lymphoma of breast"	
<http://purl.obolibrary.org/obo/DDO.owl#DDO_0003386>	"malignant melanoma of breast"	
<http://purl.obolibrary.org/obo/DDO.owl#DDO_0003387>	"malignant melanoma of skin of breast"	
<http://purl.obolibrary.org/obo/DDO.owl#DDO_0003388>	"sarcoma of breast"	
<http://purl.obolibrary.org/obo/DDO.owl#DDO_0003389>	"malignant tumor of urinary bladder"	
<http://purl.obolibrary.org/obo/DDO.owl#DDO_0003390>	"carcinoma of urinary bladder, invasive"	
<http://purl.obolibrary.org/obo/DDO.owl#DDO_0003391>	"carcinoma of urinary bladder, superficial"	
<http://purl.obolibrary.org/obo/DDO.owl#DDO_0003392>	"local recurrence of malignant tumor of urinary bladder"	
<http://purl.obolibrary.org/obo/DDO.owl#DDO_0003393>	"malignant neoplasm of anterior wall of urinary bladder"	
<http://purl.obolibrary.org/obo/DDO.owl#DDO_0003394>	"secondary malignant neoplasm of anterior wall of urinary bladder"	
<http://purl.obolibrary.org/obo/DDO.owl#DDO_0003395>	"malignant neoplasm of augmented bladder"	
<http://purl.obolibrary.org/obo/DDO.owl#DDO_0003396>	"malignant neoplasm of lateral wall of urinary bladder"	
<http://purl.obolibrary.org/obo/DDO.owl#DDO_0003397>	"malignant neoplasm of posterior wall of urinary bladder"	
<http://purl.obolibrary.org/obo/DDO.owl#DDO_0003398>	"secondary malignant neoplasm of posterior wall of urinary bladder"	
<http://purl.obolibrary.org/obo/DDO.owl#DDO_0003399>	"malignant tumor of bladder neck"	
<http://purl.obolibrary.org/obo/DDO.owl#DDO_0003400>	"malignant tumor of trigone of urinary bladder"	
<http://purl.obolibrary.org/obo/DDO.owl#DDO_0003401>	"malignant tumor of urachus"	
<http://purl.obolibrary.org/obo/DDO.owl#DDO_0003402>	"malignant tumor of ureteric orifice"	
<http://purl.obolibrary.org/obo/DDO.owl#DDO_0003403>	"malignant tumor of vault of bladder"	
<http://purl.obolibrary.org/obo/DDO.owl#DDO_0003404>	"primary malignant neoplasm of bladder"	
<http://purl.obolibrary.org/obo/DDO.owl#DDO_0003405>	"sarcoma of bladder"	
<http://purl.obolibrary.org/obo/DDO.owl#DDO_0003406>	"secondary malignant neoplasm of bladder"	
<http://purl.obolibrary.org/obo/DDO.owl#DDO_0003407>	"squamous cell carcinoma of bladder"	
<http://purl.obolibrary.org/obo/DDO.owl#DDO_0003408>	"osteoporosis"	
<http://purl.obolibrary.org/obo/DDO.owl#DDO_0003409>	"disuse osteoporosis"	
<http://purl.obolibrary.org/obo/DDO.owl#DDO_0003410>	"osteoporosis of disuse with pathological fracture"	
<http://purl.obolibrary.org/obo/DDO.owl#DDO_0003411>	"idiopathic osteoporosis"	
<http://purl.obolibrary.org/obo/DDO.owl#DDO_0003412>	"Gorham's disease"	
<http://purl.obolibrary.org/obo/DDO.owl#DDO_0003413>	"osteoporotic vertebral collapse"	
<http://purl.obolibrary.org/obo/DDO.owl#DDO_0003414>	"postoophorectomy osteoporosis"	
<http://purl.obolibrary.org/obo/DDO.owl#DDO_0003415>	"post-surgical malabsorption osteoporosis"	
<http://purl.obolibrary.org/obo/DDO.owl#DDO_0003416>	"posttraumatic osteoporosis"	
<http://purl.obolibrary.org/obo/DDO.owl#DDO_0003417>	"primary osteoporosis"	
<http://purl.obolibrary.org/obo/DDO.owl#DDO_0003418>	"idiopathic generalized osteoporosis"	
<http://purl.obolibrary.org/obo/DDO.owl#DDO_0003419>	"adult idiopathic generalized osteoporosis"	
<http://purl.obolibrary.org/obo/DDO.owl#DDO_0003420>	"idiopathic osteoporosis in pregnancy"	
<http://purl.obolibrary.org/obo/DDO.owl#DDO_0003421>	"juvenile idiopathic generalized osteoporosis"	
<http://purl.obolibrary.org/obo/DDO.owl#DDO_0003422>	"menopausal osteoporosis"	
<http://purl.obolibrary.org/obo/DDO.owl#DDO_0003423>	"senile osteoporosis"	
<http://purl.obolibrary.org/obo/DDO.owl#DDO_0003424>	"leukopenia"	
<http://purl.obolibrary.org/obo/DDO.owl#DDO_0003425>	"postmenopausal osteoporosis"	
<http://purl.obolibrary.org/obo/DDO.owl#DDO_0003426>	"regional osteoporosis"	
<http://purl.obolibrary.org/obo/DDO.owl#DDO_0003427>	"disappearing bone disease"	
<http://purl.obolibrary.org/obo/DDO.owl#DDO_0003428>	"regional migrating osteoporosis"	
<http://purl.obolibrary.org/obo/DDO.owl#DDO_0003429>	"transient osteoporosis of hip"	
<http://purl.obolibrary.org/obo/DDO.owl#DDO_0003430>	"transient osteoporosis of hip in pregnancy"	
<http://purl.obolibrary.org/obo/DDO.owl#DDO_0003431>	"transient osteoporosis"	
<http://purl.obolibrary.org/obo/DDO.owl#DDO_0003432>	"blood cell disease"	
<http://purl.obolibrary.org/obo/DDO.owl#DDO_0003434>	"autoimmune leukopenia"	
<http://purl.obolibrary.org/obo/DDO.owl#DDO_0003435>	"febrile leukopenia"	
<http://purl.obolibrary.org/obo/DDO.owl#DDO_0003436>	"febrile granulocytopenia"	
<http://purl.obolibrary.org/obo/DDO.owl#DDO_0003437>	"granulocytopenic disorder"	
<http://purl.obolibrary.org/obo/DDO.owl#DDO_0003438>	"benign granulocytopenia in childhood"	
<http://purl.obolibrary.org/obo/DDO.owl#DDO_0003439>	"chronic benign granulocytopenia"	
<http://purl.obolibrary.org/obo/DDO.owl#DDO_0003440>	"febrile granulocytopenia"	
<http://purl.obolibrary.org/obo/DDO.owl#DDO_0003450>	"pancytopenia"	
<http://purl.obolibrary.org/obo/DDO.owl#DDO_0003451>	"pancytopenia-dysmelia"	
<http://purl.obolibrary.org/obo/DDO.owl#DDO_0003452>	"pancytopenia with pancreatitis"	
<http://purl.obolibrary.org/obo/DDO.owl#DDO_0003453>	"estren-Dameshek anemia"	
<http://purl.obolibrary.org/obo/DDO.owl#DDO_0003454>	"fanconi's anemia"	
<http://purl.obolibrary.org/obo/DDO.owl#DDO_0003455>	"autoimmune pancytopenia"	
<http://purl.obolibrary.org/obo/DDO.owl#DDO_0003456>	"doan-Wright syndrome"	
<http://purl.obolibrary.org/obo/DDO.owl#DDO_0003457>	"acquired pancytopenia"	
<http://purl.obolibrary.org/obo/DDO.owl#DDO_0003458>	"mononuclear interstitial pneumonia"	
<http://purl.obolibrary.org/obo/DDO.owl#DDO_0003459>	"infectious mononucleosis pneumonia"	
<http://purl.obolibrary.org/obo/DDO.owl#DDO_0003460>	"infectious mononucleosis"	
<http://purl.obolibrary.org/obo/DDO.owl#DDO_0003461>	"infectious mononucleosis encephalitis"	
<http://purl.obolibrary.org/obo/DDO.owl#DDO_0003462>	"glandular fever pharyngitis"	
<http://purl.obolibrary.org/obo/DDO.owl#DDO_0003463>	"fatal infectious mononucleosis associated with X-linked lymphoproliferative syndrome"	
<http://purl.obolibrary.org/obo/DDO.owl#DDO_0003464>	"fatal infectious mononucleosis"	
<http://purl.obolibrary.org/obo/DDO.owl#DDO_0003465>	"epstein-Barr virus hepatitis"	
<http://purl.obolibrary.org/obo/DDO.owl#DDO_0003466>	"central hypothyroidism"	
<http://purl.obolibrary.org/obo/DDO.owl#DDO_0003467>	"hypothalamic hypothyroidism"	
<http://purl.obolibrary.org/obo/DDO.owl#DDO_0003468>	"congenital hypothyroidism"	
<http://purl.obolibrary.org/obo/DDO.owl#DDO_0003469>	"myxedema"	
<http://purl.obolibrary.org/obo/DDO.owl#DDO_0003470>	"adult myxedema"	
<http://purl.obolibrary.org/obo/DDO.owl#DDO_0003471>	"juvenile myxedema"	
<http://purl.obolibrary.org/obo/DDO.owl#DDO_0003472>	"myxedema heart disease"	
<http://purl.obolibrary.org/obo/DDO.owl#DDO_0003473>	"myxedematous form of cretinism"	
<http://purl.obolibrary.org/obo/DDO.owl#DDO_0003474>	"secondary hypothyroidism"	
<http://purl.obolibrary.org/obo/DDO.owl#DDO_0003475>	"idiopathic TSH deficiency"	
<http://purl.obolibrary.org/obo/DDO.owl#DDO_0003476>	"transient hypothyrotropinemia"	
<http://purl.obolibrary.org/obo/DDO.owl#DDO_0003477>	"transient hypothyroidism"	
<http://purl.obolibrary.org/obo/DDO.owl#DDO_0003478>	"transient hypothyrotropinemia"	
<http://purl.obolibrary.org/obo/DDO.owl#DDO_0003479>	"transient neonatal hypothyroidism"	
<http://purl.obolibrary.org/obo/DDO.owl#DDO_0003480>	"thyroid disease"	
<http://purl.obolibrary.org/obo/DDO.owl#DDO_0003481>	"subclinical hypothyroidism"	
<http://purl.obolibrary.org/obo/DDO.owl#DDO_0003482>	"subclinical iodine deficiency hypothyroidism"	
<http://purl.obolibrary.org/obo/DDO.owl#DDO_0003483>	"postpartum thyroiditis"	
<http://purl.obolibrary.org/obo/DDO.owl#DDO_0003484>	"autoimmune thyroiditis"	
<http://purl.obolibrary.org/obo/DDO.owl#DDO_0003485>	"fibrous autoimmune thyroiditis"	
<http://purl.obolibrary.org/obo/DDO.owl#DDO_0003486>	"hashimoto thyroiditis"	
<http://purl.obolibrary.org/obo/DDO.owl#DDO_0003487>	"hyperthyroidism with Hashimoto disease"	
<http://purl.obolibrary.org/obo/DDO.owl#DDO_0003488>	"hashitoxicosis - transient"	
<http://purl.obolibrary.org/obo/DDO.owl#DDO_0003489>	"lymphadenoid goiter"	
<http://purl.obolibrary.org/obo/DDO.owl#DDO_0003490>	"lymphocytic thyroiditis - autoimmune"	
<http://purl.obolibrary.org/obo/DDO.owl#DDO_0003491>	"subacute autoimmune thyroiditis"	
<http://purl.obolibrary.org/obo/DDO.owl#DDO_0003492>	"ischemia"	
<http://purl.obolibrary.org/obo/DDO.owl#DDO_0003493>	"transient ischemia"	
<http://purl.obolibrary.org/obo/DDO.owl#DDO_0003494>	"pancreatitis"	
<http://purl.obolibrary.org/obo/DDO.owl#DDO_0003495>	"chronic pancreatitis"	
<http://purl.obolibrary.org/obo/DDO.owl#DDO_0003496>	"relapsing pancreatitis"	
<http://purl.obolibrary.org/obo/DDO.owl#DDO_0003497>	"obstructive chronic pancreatitis"	
<http://purl.obolibrary.org/obo/DDO.owl#DDO_0003498>	"idiopathic chronic pancreatitis"	
<http://purl.obolibrary.org/obo/DDO.owl#DDO_0003499>	"gallstone chronic pancreatitis"	
<http://purl.obolibrary.org/obo/DDO.owl#DDO_0003500>	"familial chronic pancreatitis"	
<http://purl.obolibrary.org/obo/DDO.owl#DDO_0003501>	"chronic fibrosing pancreatitis"	
<http://purl.obolibrary.org/obo/DDO.owl#DDO_0003502>	"calcific chronic pancreatitis"	
<http://purl.obolibrary.org/obo/DDO.owl#DDO_0003503>	"mitochondrial cytopathy"	
<http://purl.obolibrary.org/obo/DDO.owl#DDO_0003504>	"epileptic seizures - myoclonic"	
<http://purl.obolibrary.org/obo/DDO.owl#DDO_0003505>	"myoclonic epilepsy - ragged red fibers"	
<http://purl.obolibrary.org/obo/DDO.owl#DDO_0003506>	"mitochondrial-lipid-glycogen storage myopathy"	
<http://purl.obolibrary.org/obo/DDO.owl#DDO_0003507>	"mitochondrial encephalomyopathy"	
<http://purl.obolibrary.org/obo/DDO.owl#DDO_0003508>	"maternally inherited mitochondrial cardiomyopathy and myopathy"	
<http://purl.obolibrary.org/obo/DDO.owl#DDO_0003509>	"juvenile myopathy, encephalopathy, lactic acidosis AND stroke"	
<http://purl.obolibrary.org/obo/DDO.owl#DDO_0003510>	"juvenile myopathy AND lactate acidosis"	
<http://purl.obolibrary.org/obo/DDO.owl#DDO_0003511>	"fukuhara syndrome"	
<http://purl.obolibrary.org/obo/DDO.owl#DDO_0003512>	"mitochondrial myopathy"	
<http://purl.obolibrary.org/obo/DDO.owl#DDO_0003513>	"mitochondrial metabolism defect"	
<http://purl.obolibrary.org/obo/DDO.owl#DDO_0003514>	"leber's optic atrophy"	
<http://purl.obolibrary.org/obo/DDO.owl#DDO_0003515>	"kearns-Sayre syndrome"	
<http://purl.obolibrary.org/obo/DDO.owl#DDO_0003516>	"deficiency of mitochondrial complex III"	
<http://purl.obolibrary.org/obo/DDO.owl#DDO_0003517>	"cytochrome-c oxidase deficiency"	
<http://purl.obolibrary.org/obo/DDO.owl#DDO_0003518>	"congenital hyperammonemia, type I"	
<http://purl.obolibrary.org/obo/DDO.owl#DDO_0003519>	"childhood myocerebrohepatopathy spectrum"	
<http://purl.obolibrary.org/obo/DDO.owl#DDO_0003520>	"digestive system disease"	
<http://purl.obolibrary.org/obo/DDO.owl#DDO_0003521>	"disorder of digestive organ"	
<http://purl.obolibrary.org/obo/DDO.owl#DDO_0003522>	"disorder of intestine"	
<http://purl.obolibrary.org/obo/DDO.owl#DDO_0003523>	"celiac disease"	
<http://purl.obolibrary.org/obo/DDO.owl#DDO_0003524>	"congenital celiac disease"	
<http://purl.obolibrary.org/obo/DDO.owl#DDO_0003525>	"celiac infantilism"	
<http://purl.obolibrary.org/obo/DDO.owl#DDO_0003526>	"celiac disease with diffuse intestinal ulceration"	
<http://purl.obolibrary.org/obo/DDO.owl#DDO_0003527>	"celiac crisis"	
<http://purl.obolibrary.org/obo/DDO.owl#DDO_0003528>	"adult form of celiac disease"	
<http://purl.obolibrary.org/obo/DDO.owl#DDO_0003529>	"acquired celiac disease"	
<http://purl.obolibrary.org/obo/DDO.owl#DDO_0003530>	"dementia"	
<http://purl.obolibrary.org/obo/DDO.owl#DDO_0003531>	"Alzheimer's disease"	
<http://purl.obolibrary.org/obo/DDO.owl#DDO_0003532>	"dementia arising in the senium AND/OR presenium"	
<http://purl.obolibrary.org/obo/DDO.owl#DDO_0003533>	"presenile dementia"	
<http://purl.obolibrary.org/obo/DDO.owl#DDO_0003534>	"senile dementia"	
<http://purl.obolibrary.org/obo/DDO.owl#DDO_0003535>	"dementia in remission"	
<http://purl.obolibrary.org/obo/DDO.owl#DDO_0003536>	"dialysis dementia"	
<http://purl.obolibrary.org/obo/DDO.owl#DDO_0003537>	"general paresis - neurosyphilis"	
<http://purl.obolibrary.org/obo/DDO.owl#DDO_0003538>	"dementia paralytica juvenilis"	
<http://purl.obolibrary.org/obo/DDO.owl#DDO_0003539>	"mixed dementia"	
<http://purl.obolibrary.org/obo/DDO.owl#DDO_0003541>	"patchy dementia"	
<http://purl.obolibrary.org/obo/DDO.owl#DDO_0003542>	"primary degenerative dementia"	
<http://purl.obolibrary.org/obo/DDO.owl#DDO_0003543>	"semantic dementia"	
<http://purl.obolibrary.org/obo/DDO.owl#DDO_0003544>	"subcortical leukoencephalopathy"	
<http://purl.obolibrary.org/obo/DDO.owl#DDO_0003545>	"disorder of uterus"	
<http://purl.obolibrary.org/obo/DDO.owl#DDO_0003546>	"dysmenorrhea"	
<http://purl.obolibrary.org/obo/DDO.owl#DDO_0003547>	"dysmenorrhea - non-psychogenic"	
<http://purl.obolibrary.org/obo/DDO.owl#DDO_0003548>	"mechanical dysmenorrhea"	
<http://purl.obolibrary.org/obo/DDO.owl#DDO_0003549>	"primary dysmenorrhea"	
<http://purl.obolibrary.org/obo/DDO.owl#DDO_0003550>	"secondary dysmenorrhea"	
<http://purl.obolibrary.org/obo/DDO.owl#DDO_0003551>	"chronic ischemic heart disease"	
<http://purl.obolibrary.org/obo/DDO.owl#DDO_0003552>	"chronic myocardial ischemia"	
<http://purl.obolibrary.org/obo/DDO.owl#DDO_0003553>	"myocardial ischemia"	
<http://purl.obolibrary.org/obo/DDO.owl#DDO_0003554>	"acute myocardial ischemia"	
<http://purl.obolibrary.org/obo/DDO.owl#DDO_0003555>	"transient myocardial ischemia of newborn"	
<http://purl.obolibrary.org/obo/DDO.owl#DDO_0003556>	"chronic myocardial ischemia"	
<http://purl.obolibrary.org/obo/DDO.owl#DDO_0003557>	"microvascular ischemia of myocardium"	
<http://purl.obolibrary.org/obo/DDO.owl#DDO_0003558>	"mixed myocardial ischemia and infarction"	
<http://purl.obolibrary.org/obo/DDO.owl#DDO_0003559>	"myocardial ischemia of newborn"	
<http://purl.obolibrary.org/obo/DDO.owl#DDO_0003560>	"transient myocardial ischemia of newborn"	
<http://purl.obolibrary.org/obo/DDO.owl#DDO_0003562>	"silent myocardial ischemia"	
<http://purl.obolibrary.org/obo/DDO.owl#DDO_0003563>	"subendocardial ischemia"	
<http://purl.obolibrary.org/obo/DDO.owl#DDO_0003564>	"acute subendocardial infarction"	
<http://purl.obolibrary.org/obo/DDO.owl#DDO_0003565>	"postoperative subendocardial myocardial infarction"	
<http://purl.obolibrary.org/obo/DDO.owl#DDO_0003566>	"neoplastic disease"	
<http://purl.obolibrary.org/obo/DDO.owl#DDO_0003567>	"neuroendocrine tumor"	
<http://purl.obolibrary.org/obo/DDO.owl#DDO_0003568>	"insulinoma"	
<http://purl.obolibrary.org/obo/DDO.owl#DDO_0003569>	"microangiopathy"	
<http://purl.obolibrary.org/obo/DDO.owl#DDO_0003570>	"senile angioma"	
<http://purl.obolibrary.org/obo/DDO.owl#DDO_0003571>	"familial pulmonary capillary hemangiomatosis"	
<http://purl.obolibrary.org/obo/DDO.owl#DDO_0003572>	"dietetic microangiopathy"	
<http://purl.obolibrary.org/obo/DDO.owl#DDO_0003573>	"upshaw-Schulman syndrome"	
<http://purl.obolibrary.org/obo/DDO.owl#DDO_0003574>	"autoimmune thrombotic thrombocytopenic purpura"	
<http://purl.obolibrary.org/obo/DDO.owl#DDO_0003575>	"drug induced thrombotic thrombocytopenic purpura"	
<http://purl.obolibrary.org/obo/DDO.owl#DDO_0003576>	"acquired thrombotic thrombocytopenic purpura"	
<http://purl.obolibrary.org/obo/DDO.owl#DDO_0003577>	"thrombotic thrombocytopenic purpura"	
<http://purl.obolibrary.org/obo/DDO.owl#DDO_0003578>	"thrombotic microangiopathy"	
<http://purl.obolibrary.org/obo/DDO.owl#DDO_0003579>	"neonatal purpura fulminans (homozygous protein C deficiency)"	
<http://purl.obolibrary.org/obo/DDO.owl#DDO_0003580>	"purpura fulminans"	
<http://purl.obolibrary.org/obo/DDO.owl#DDO_0003581>	"capillary thrombosis"	
<http://purl.obolibrary.org/obo/DDO.owl#DDO_0003582>	"salmon patch nevus"	
<http://purl.obolibrary.org/obo/DDO.owl#DDO_0003583>	"port-wine stain with associated anomalies"	
<http://purl.obolibrary.org/obo/DDO.owl#DDO_0003584>	"port-wine stain in Rubinstein-Taybi syndrome"	
<http://purl.obolibrary.org/obo/DDO.owl#DDO_0003585>	"port-wine stain in proteus syndrome"	
<http://purl.obolibrary.org/obo/DDO.owl#DDO_0003586>	"port-wine stain associated with spinal dysraphism"	
<http://purl.obolibrary.org/obo/DDO.owl#DDO_0003587>	"nevus anemicus"	
<http://purl.obolibrary.org/obo/DDO.owl#DDO_0003588>	"microcephaly-capillary malformation syndrome"	
<http://purl.obolibrary.org/obo/DDO.owl#DDO_0003589>	"megalencephaly-capillary malformation syndrome"	
<http://purl.obolibrary.org/obo/DDO.owl#DDO_0003590>	"hereditary vascular fragility"	
<http://purl.obolibrary.org/obo/DDO.owl#DDO_0003591>	"port-wine stain of skin"	
<http://purl.obolibrary.org/obo/DDO.owl#DDO_0003592>	"capillary malformation-arteriovenous malformation syndrome"	
<http://purl.obolibrary.org/obo/DDO.owl#DDO_0003593>	"cutaneous capillary malformation"	
<http://purl.obolibrary.org/obo/DDO.owl#DDO_0003594>	"congenital capillary hemangioma"	
<http://purl.obolibrary.org/obo/DDO.owl#DDO_0003595>	"capillary-venous-lymphatic malformation"	
<http://purl.obolibrary.org/obo/DDO.owl#DDO_0003596>	"capillary-venous malformation"	
<http://purl.obolibrary.org/obo/DDO.owl#DDO_0003597>	"capillary fragility abnormality"	
<http://purl.obolibrary.org/obo/DDO.owl#DDO_0003598>	"capillary malformation"	
<http://purl.obolibrary.org/obo/DDO.owl#DDO_0003599>	"capillary leak syndrome"	
<http://purl.obolibrary.org/obo/DDO.owl#DDO_0003600>	"capillary hyperpermeability"	
<http://purl.obolibrary.org/obo/DDO.owl#DDO_0003601>	"eczematid-like purpura of Doucas and Kapetanakis"	
<http://purl.obolibrary.org/obo/DDO.owl#DDO_0003602>	"capillary fragility abnormality"	
<http://purl.obolibrary.org/obo/DDO.owl#DDO_0003603>	"capillary hemorrhage"	
<http://purl.obolibrary.org/obo/DDO.owl#DDO_0003604>	"purpura annularis telangiectodes of Majocchi"	
<http://purl.obolibrary.org/obo/DDO.owl#DDO_0003605>	"pulmonary capillaritis"	
<http://purl.obolibrary.org/obo/DDO.owl#DDO_0003606>	"lichen aureus"	
<http://purl.obolibrary.org/obo/DDO.owl#DDO_0003607>	"isolated pulmonary capillaritis"	
<http://purl.obolibrary.org/obo/DDO.owl#DDO_0003608>	"progressive pigmentary dermatosis of Schamberg"	
<http://purl.obolibrary.org/obo/DDO.owl#DDO_0003609>	"pigmented purpuric lichenoid dermatitis of Gougerot and Blum"	
<http://purl.obolibrary.org/obo/DDO.owl#DDO_0003610>	"itching purpura"	
<http://purl.obolibrary.org/obo/DDO.owl#DDO_0003611>	"eczematid-like purpura of Doucas and Kapetanakis"	
<http://purl.obolibrary.org/obo/DDO.owl#DDO_0003612>	"idiopathic capillaritis"	
<http://purl.obolibrary.org/obo/DDO.owl#DDO_0003613>	"familial pigmented purpuric eruption"	
<http://purl.obolibrary.org/obo/DDO.owl#DDO_0003614>	"chronic nephritic syndrome, diffuse endocapillary proliferative glomerulonephritis"	
<http://purl.obolibrary.org/obo/DDO.owl#DDO_0003615>	"capillaritis due to drug"	
<http://purl.obolibrary.org/obo/DDO.owl#DDO_0003616>	"capillaritis"	
<http://purl.obolibrary.org/obo/DDO.owl#DDO_0003617>	"arteriosclerotic vascular disease"	
<http://purl.obolibrary.org/obo/DDO.owl#DDO_0003618>	"atherosclerosis of artery"	
<http://purl.obolibrary.org/obo/DDO.owl#DDO_0003619>	"generalized atherosclerosis"	
<http://purl.obolibrary.org/obo/DDO.owl#DDO_0003620>	"tear film insufficiency"	
<http://purl.obolibrary.org/obo/DDO.owl#DDO_0003621>	"mucin tear deficiency"	
<http://purl.obolibrary.org/obo/DDO.owl#DDO_0003622>	"lipid tear deficiency"	
<http://purl.obolibrary.org/obo/DDO.owl#DDO_0003623>	"dry eye after laser in situ keratomileusis"	
<http://purl.obolibrary.org/obo/DDO.owl#DDO_0003624>	"aqueous tear deficiency"	
<http://purl.obolibrary.org/obo/DDO.owl#DDO_0003625>	"qualitative abnormality of granulocyte"	
<http://purl.obolibrary.org/obo/DDO.owl#DDO_0003626>	"granulocyte anomaly"	
<http://purl.obolibrary.org/obo/DDO.owl#DDO_0003627>	"disorder of endocrine gonad"	
<http://purl.obolibrary.org/obo/DDO.owl#DDO_0003628>	"hypogonadism"	
<http://purl.obolibrary.org/obo/DDO.owl#DDO_0003629>	"primary testicular failure"	
<http://purl.obolibrary.org/obo/DDO.owl#DDO_0003630>	"resistant ovary syndrome"	
<http://purl.obolibrary.org/obo/DDO.owl#DDO_0003631>	"premature ovarian failure"	
<http://purl.obolibrary.org/obo/DDO.owl#DDO_0003632>	"pure gonadal dysgenesis 46,XX"	
<http://purl.obolibrary.org/obo/DDO.owl#DDO_0003633>	"ovarian dysgenesis"	
<http://purl.obolibrary.org/obo/DDO.owl#DDO_0003634>	"menopause ovarian failure"	
<http://purl.obolibrary.org/obo/DDO.owl#DDO_0003635>	"autoimmune primary ovarian failure"	
<http://purl.obolibrary.org/obo/DDO.owl#DDO_0003636>	"primary ovarian failure"	
<http://purl.obolibrary.org/obo/DDO.owl#DDO_0003637>	"primary hypogonadism"	
<http://purl.obolibrary.org/obo/DDO.owl#DDO_0003638>	"testicular hypofunction due to defect in adrenocortical hormone synthesis"	
<http://purl.obolibrary.org/obo/DDO.owl#DDO_0003639>	"primary testicular failure"	
<http://purl.obolibrary.org/obo/DDO.owl#DDO_0003640>	"postirradiation testicular hypofunction"	
<http://purl.obolibrary.org/obo/DDO.owl#DDO_0003641>	"post-chemotherapy testicular hypofunction"	
<http://purl.obolibrary.org/obo/DDO.owl#DDO_0003642>	"postablative testicular hypofunction"	
<http://purl.obolibrary.org/obo/DDO.owl#DDO_0003643>	"postirradiation testicular hypofunction"	
<http://purl.obolibrary.org/obo/DDO.owl#DDO_0003644>	"post-chemotherapy testicular hypofunction"	
<http://purl.obolibrary.org/obo/DDO.owl#DDO_0003645>	"cytotoxic drug-induced hypospermatogenesis"	
<http://purl.obolibrary.org/obo/DDO.owl#DDO_0003646>	"iatrogenic testicular hypofunction"	
<http://purl.obolibrary.org/obo/DDO.owl#DDO_0003647>	"leydig cell failure in adult"	
<http://purl.obolibrary.org/obo/DDO.owl#DDO_0003648>	"deficiency of testosterone biosynthesis"	
<http://purl.obolibrary.org/obo/DDO.owl#DDO_0003649>	"testicular hypofunction"	
<http://purl.obolibrary.org/obo/DDO.owl#DDO_0003650>	"induced male hypogonadism syndrome"	
<http://purl.obolibrary.org/obo/DDO.owl#DDO_0003651>	"hypogonadism with prune belly syndrome"	
<http://purl.obolibrary.org/obo/DDO.owl#DDO_0003652>	"eunuchoid gigantism"	
<http://purl.obolibrary.org/obo/DDO.owl#DDO_0003653>	"acquired testicular failure"	
<http://purl.obolibrary.org/obo/DDO.owl#DDO_0003654>	"male hypogonadism"	
<http://purl.obolibrary.org/obo/DDO.owl#DDO_0003655>	"infantilism"	
<http://purl.obolibrary.org/obo/DDO.owl#DDO_0003656>	"celiac infantilism"	
<http://purl.obolibrary.org/obo/DDO.owl#DDO_0003658>	"congenital celiac disease"	
<http://purl.obolibrary.org/obo/DDO.owl#DDO_0003659>	"hypogonadotropic hypogonadism"	
<http://purl.obolibrary.org/obo/DDO.owl#DDO_0003660>	"adiposogenital dystrophy"	
<http://purl.obolibrary.org/obo/DDO.owl#DDO_0003661>	"hypogonadal obesity"	
<http://purl.obolibrary.org/obo/DDO.owl#DDO_0003662>	"gonad postablative failure"	
<http://purl.obolibrary.org/obo/DDO.owl#DDO_0003663>	"paronychia of toe"	
<http://purl.obolibrary.org/obo/DDO.owl#DDO_0003664>	"paronychia of thumb"	
<http://purl.obolibrary.org/obo/DDO.owl#DDO_0003665>	"paronychia of finger"	
<http://purl.obolibrary.org/obo/DDO.owl#DDO_0003666>	"chronic paronychia"	
<http://purl.obolibrary.org/obo/DDO.owl#DDO_0003667>	"candidal paronychia"	
<http://purl.obolibrary.org/obo/DDO.owl#DDO_0003668>	"pseudomonas aeruginosa paronychia"	
<http://purl.obolibrary.org/obo/DDO.owl#DDO_0003669>	"neonatal bacterial paronychia"	
<http://purl.obolibrary.org/obo/DDO.owl#DDO_0003670>	"acute bacterial paronychia"	
<http://purl.obolibrary.org/obo/DDO.owl#DDO_0003671>	"bacterial paronychia"	
<http://purl.obolibrary.org/obo/DDO.owl#DDO_0003672>	"paronychia"	
<http://purl.obolibrary.org/obo/DDO.owl#DDO_0003673>	"papillary necrosis"	
<http://purl.obolibrary.org/obo/DDO.owl#DDO_0003674>	"calcific papillary necrosis"	
<http://purl.obolibrary.org/obo/DDO.owl#DDO_0003675>	"acute pyelitis with renal medullary necrosis"	
<http://purl.obolibrary.org/obo/DDO.owl#DDO_0003676>	"acute renal papillary necrosis with renal failure"	
<http://purl.obolibrary.org/obo/DDO.owl#DDO_0003677>	"acute papillary necrosis"	
<http://purl.obolibrary.org/obo/DDO.owl#DDO_0003678>	"disorder of colon"	
<http://purl.obolibrary.org/obo/DDO.owl#DDO_0003679>	"constipation"	
<http://purl.obolibrary.org/obo/DDO.owl#DDO_0003680>	"acute constipation"	
<http://purl.obolibrary.org/obo/DDO.owl#DDO_0003681>	"atonic constipation"	
<http://purl.obolibrary.org/obo/DDO.owl#DDO_0003682>	"chronic constipation"	
<http://purl.obolibrary.org/obo/DDO.owl#DDO_0003683>	"chronic idiopathic constipation"	
<http://purl.obolibrary.org/obo/DDO.owl#DDO_0003684>	"constipation - functional"	
<http://purl.obolibrary.org/obo/DDO.owl#DDO_0003685>	"constipation alternates with diarrhea"	
<http://purl.obolibrary.org/obo/DDO.owl#DDO_0003686>	"obstipation"	
<http://purl.obolibrary.org/obo/DDO.owl#DDO_0003687>	"perceived constipation"	
<http://purl.obolibrary.org/obo/DDO.owl#DDO_0003688>	"simple constipation"	
<http://purl.obolibrary.org/obo/DDO.owl#DDO_0003689>	"slow transit constipation"	
<http://purl.obolibrary.org/obo/DDO.owl#DDO_0003690>	"gastric ulcer"	
<http://purl.obolibrary.org/obo/DDO.owl#DDO_0003691>	"acute gastric ulcer"	
<http://purl.obolibrary.org/obo/DDO.owl#DDO_0003692>	"stress ulcer of stomach"	
<http://purl.obolibrary.org/obo/DDO.owl#DDO_0003693>	"bleeding stress ulcer of stomach"	
<http://purl.obolibrary.org/obo/DDO.owl#DDO_0003694>	"antral ulcer"	
<http://purl.obolibrary.org/obo/DDO.owl#DDO_0003695>	"chronic gastric ulcer"	
<http://purl.obolibrary.org/obo/DDO.owl#DDO_0003696>	"chronic gastrojejunal ulcer"	
<http://purl.obolibrary.org/obo/DDO.owl#DDO_0003697>	"erosive gastritis"	
<http://purl.obolibrary.org/obo/DDO.owl#DDO_0003698>	"acute erosive gastritis"	
<http://purl.obolibrary.org/obo/DDO.owl#DDO_0003699>	"acute ulcerative gastroenteritis complicating pneumonia"	
<http://purl.obolibrary.org/obo/DDO.owl#DDO_0003700>	"chronic erosive gastritis"	
<http://purl.obolibrary.org/obo/DDO.owl#DDO_0003701>	"esophagogastric ulcer"	
<http://purl.obolibrary.org/obo/DDO.owl#DDO_0003702>	"gastric erosion"	
<http://purl.obolibrary.org/obo/DDO.owl#DDO_0003703>	"acute gastric mucosal erosion"	
<http://purl.obolibrary.org/obo/DDO.owl#DDO_0003704>	"bleeding gastric erosion"	
<http://purl.obolibrary.org/obo/DDO.owl#DDO_0003705>	"gastroesophageal erosion"	
<http://purl.obolibrary.org/obo/DDO.owl#DDO_0003706>	"multiple gastric erosions"	
<http://purl.obolibrary.org/obo/DDO.owl#DDO_0003707>	"gastrocolic ulcer"	
<http://purl.obolibrary.org/obo/DDO.owl#DDO_0003708>	"gastrojejunal ulcer"	
<http://purl.obolibrary.org/obo/DDO.owl#DDO_0003709>	"healed gastric ulcer"	
<http://purl.obolibrary.org/obo/DDO.owl#DDO_0003710>	"healed gastric ulcer leaving a scar"	
<http://purl.obolibrary.org/obo/DDO.owl#DDO_0003711>	"prepyloric ulcer"	
<http://purl.obolibrary.org/obo/DDO.owl#DDO_0003712>	"pyloric ulcer"	
<http://purl.obolibrary.org/obo/DDO.owl#DDO_0003713>	"helicobacter-associated pyloric ulcer"	
<http://purl.obolibrary.org/obo/DDO.owl#DDO_0003714>	"Zollinger-Ellison syndrome"	
<http://purl.obolibrary.org/obo/DDO.owl#DDO_0003715>	"peptic ulcer"	
<http://purl.obolibrary.org/obo/DDO.owl#DDO_0003716>	"acute peptic ulcer"	
<http://purl.obolibrary.org/obo/DDO.owl#DDO_0003717>	"chronic peptic ulcer"	
<http://purl.obolibrary.org/obo/DDO.owl#DDO_0003718>	"Cushing's ulcers"	
<http://purl.obolibrary.org/obo/DDO.owl#DDO_0003719>	"osteitis"	
<http://purl.obolibrary.org/obo/DDO.owl#DDO_0003720>	"malignant otitis externa"	
<http://purl.obolibrary.org/obo/DDO.owl#DDO_0003721>	"granulomatous otitis externa"	
<http://purl.obolibrary.org/obo/DDO.owl#DDO_0003722>	"invasive otitis externa"	
<http://purl.obolibrary.org/obo/DDO.owl#DDO_0003723>	"malignant otitis externa due to Pseudomonas aeruginosa"	
<http://purl.obolibrary.org/obo/DDO.owl#DDO_0003724>	"nephritis"	
<http://purl.obolibrary.org/obo/DDO.owl#DDO_0003725>	"acute nephritis"	
<http://purl.obolibrary.org/obo/DDO.owl#DDO_0003726>	"acute diffuse nephritis"	
<http://purl.obolibrary.org/obo/DDO.owl#DDO_0003727>	"acute focal nephritis"	
<http://purl.obolibrary.org/obo/DDO.owl#DDO_0003728>	"acute glomerulonephritis"	
<http://purl.obolibrary.org/obo/DDO.owl#DDO_0003729>	"acute glomerulonephritis associated with another disorder"	
<http://purl.obolibrary.org/obo/DDO.owl#DDO_0003730>	"acute post-streptococcal glomerulonephritis"	
<http://purl.obolibrary.org/obo/DDO.owl#DDO_0003731>	"acute nephritis with lesions of necrotizing glomerulitis"	
<http://purl.obolibrary.org/obo/DDO.owl#DDO_0003732>	"congenital nephritis"	
<http://purl.obolibrary.org/obo/DDO.owl#DDO_0003733>	"exudative nephritis"	
<http://purl.obolibrary.org/obo/DDO.owl#DDO_0003734>	"acute exudative nephritis"	
<http://purl.obolibrary.org/obo/DDO.owl#DDO_0003736>	"interstitial nephritis"	
<http://purl.obolibrary.org/obo/DDO.owl#DDO_0003737>	"acute interstitial nephritis"	
<http://purl.obolibrary.org/obo/DDO.owl#DDO_0003738>	"chronic interstitial nephritis"	
<http://purl.obolibrary.org/obo/DDO.owl#DDO_0003739>	"acute on chronic interstitial nephritis"	
<http://purl.obolibrary.org/obo/DDO.owl#DDO_0003740>	"Balkan nephropathy"	
<http://purl.obolibrary.org/obo/DDO.owl#DDO_0003741>	"acute drug-induced tubulointerstitial nephritis"	
<http://purl.obolibrary.org/obo/DDO.owl#DDO_0003742>	"acute infectious tubulointerstitial nephritis"	
<http://purl.obolibrary.org/obo/DDO.owl#DDO_0003743>	"acute bacterial tubulointerstitial nephritis"	
<http://purl.obolibrary.org/obo/DDO.owl#DDO_0003744>	"acute fungal tubulointerstitial nephritis"	
<http://purl.obolibrary.org/obo/DDO.owl#DDO_0003745>	"acute tubulointerstitial nephritis associated with systemic infection"	
<http://purl.obolibrary.org/obo/DDO.owl#DDO_0003746>	"acute viral tubulointerstitial nephritis"	
<http://purl.obolibrary.org/obo/DDO.owl#DDO_0003747>	"acute on chronic interstitial nephritis"	
<http://purl.obolibrary.org/obo/DDO.owl#DDO_0003748>	"idiopathic acute interstitial nephritis"	
<http://purl.obolibrary.org/obo/DDO.owl#DDO_0003749>	"renal ocular syndrome"	
<http://purl.obolibrary.org/obo/DDO.owl#DDO_0003750>	"tubulointerstitial nephritis with uveitis syndrome"	
<http://purl.obolibrary.org/obo/DDO.owl#DDO_0003751>	"chronic drug-induced tubulointerstitial nephritis"	
<http://purl.obolibrary.org/obo/DDO.owl#DDO_0003752>	"analgesic nephropathy"	
<http://purl.obolibrary.org/obo/DDO.owl#DDO_0003753>	"chronic infective interstitial nephritis"	
<http://purl.obolibrary.org/obo/DDO.owl#DDO_0003754>	"chronic interstitial nephritis due to heavy metals"	
<http://purl.obolibrary.org/obo/DDO.owl#DDO_0003755>	"chronic cadmium nephropathy"	
<http://purl.obolibrary.org/obo/DDO.owl#DDO_0003756>	"chronic lead nephropathy"	
<http://purl.obolibrary.org/obo/DDO.owl#DDO_0003757>	"saturnine nephropathy"	
<http://purl.obolibrary.org/obo/DDO.owl#DDO_0003758>	"chronic mercury nephropathy"	
<http://purl.obolibrary.org/obo/DDO.owl#DDO_0003759>	"granulomatous interstitial nephritis"	
<http://purl.obolibrary.org/obo/DDO.owl#DDO_0003760>	"granulomatous sarcoid nephropathy"	
<http://purl.obolibrary.org/obo/DDO.owl#DDO_0003761>	"idiopathic granulomatous interstitial nephropathy"	
<http://purl.obolibrary.org/obo/DDO.owl#DDO_0003762>	"idiopathic chronic interstitial nephritis"	
<http://purl.obolibrary.org/obo/DDO.owl#DDO_0003763>	"malakoplakia of kidney"	
<http://purl.obolibrary.org/obo/DDO.owl#DDO_0003764>	"xanthogranulomatous pyelonephritis"	
<http://purl.obolibrary.org/obo/DDO.owl#DDO_0003765>	"cis-platinum nephropathy"	
<http://purl.obolibrary.org/obo/DDO.owl#DDO_0003766>	"diphtheria tubulointerstitial nephropathy"	
<http://purl.obolibrary.org/obo/DDO.owl#DDO_0003768>	"familial interstitial nephritis"	
<http://purl.obolibrary.org/obo/DDO.owl#DDO_0003769>	"heavy metal nephropathy"	
<http://purl.obolibrary.org/obo/DDO.owl#DDO_0003770>	"hereditary tubulointerstitial disorder"	
<http://purl.obolibrary.org/obo/DDO.owl#DDO_0003771>	"hypercalcemic nephropathy"	
<http://purl.obolibrary.org/obo/DDO.owl#DDO_0003772>	"hypokalemic nephropathy"	
<http://purl.obolibrary.org/obo/DDO.owl#DDO_0003773>	"familial hypokalemic and hypomagnesemic tubulopathy"	
<http://purl.obolibrary.org/obo/DDO.owl#DDO_0003774>	"EAST (Epilepsy, ataxia, sensorineural deafness, and tubulopathy) syndrome"	
<http://purl.obolibrary.org/obo/DDO.owl#DDO_0003775>	"Gitelman syndrome"	
<http://purl.obolibrary.org/obo/DDO.owl#DDO_0003776>	"tubulointerstitial nephritis"	
<http://purl.obolibrary.org/obo/DDO.owl#DDO_0003777>	"dyspepsia"	
<http://purl.obolibrary.org/obo/DDO.owl#DDO_0003778>	"flatulent dyspepsia"	
<http://purl.obolibrary.org/obo/DDO.owl#DDO_0003779>	"prostate disease"	
<http://purl.obolibrary.org/obo/DDO.owl#DDO_0003780>	"hyperplasia of prostate"	
<http://purl.obolibrary.org/obo/DDO.owl#DDO_0003781>	"benign prostatic hyperplasia"	
<http://purl.obolibrary.org/obo/DDO.owl#DDO_0003782>	"benign localized hyperplasia of prostate"	
<http://purl.obolibrary.org/obo/DDO.owl#DDO_0003783>	"benign prostatic hypertrophy with outflow obstruction"	
<http://purl.obolibrary.org/obo/DDO.owl#DDO_0003784>	"benign prostatic hypertrophy without outflow obstruction"	
<http://purl.obolibrary.org/obo/DDO.owl#DDO_0003785>	"osteoarthritis"	
<http://purl.obolibrary.org/obo/DDO.owl#DDO_0003786>	"chronic osteoarthritis"	
<http://purl.obolibrary.org/obo/DDO.owl#DDO_0003787>	"degeneration of intervertebral disc"	
<http://purl.obolibrary.org/obo/DDO.owl#DDO_0003788>	"degenerative arthritis of temporomandibular joint"	
<http://purl.obolibrary.org/obo/DDO.owl#DDO_0003789>	"calcification of thoracic disc"	
<http://purl.obolibrary.org/obo/DDO.owl#DDO_0003790>	"calcification of lumbar disc"	
<http://purl.obolibrary.org/obo/DDO.owl#DDO_0003791>	"calcification of cervical disc"	
<http://purl.obolibrary.org/obo/DDO.owl#DDO_0003792>	"intervertebral disk calcification"	
<http://purl.obolibrary.org/obo/DDO.owl#DDO_0003793>	"degeneration of thoracolumbar intervertebral disc"	
<http://purl.obolibrary.org/obo/DDO.owl#DDO_0003794>	"degeneration of cervicothoracic intervertebral disc"	
<http://purl.obolibrary.org/obo/DDO.owl#DDO_0003795>	"degeneration of thoracic intervertebral disc"	
<http://purl.obolibrary.org/obo/DDO.owl#DDO_0003796>	"degeneration of lumbosacral intervertebral disc"	
<http://purl.obolibrary.org/obo/DDO.owl#DDO_0003797>	"degeneration of thoracolumbar intervertebral disc"	
<http://purl.obolibrary.org/obo/DDO.owl#DDO_0003798>	"degeneration of lumbar intervertebral disc"	
<http://purl.obolibrary.org/obo/DDO.owl#DDO_0003799>	"degeneration of cervicothoracic intervertebral disc"	
<http://purl.obolibrary.org/obo/DDO.owl#DDO_0003800>	"degeneration of cervical intervertebral disc"	
<http://purl.obolibrary.org/obo/DDO.owl#DDO_0003801>	"degenerative joint disease involving multiple joints"	
<http://purl.obolibrary.org/obo/DDO.owl#DDO_0003802>	"disorder of joint of ankle and/or foot"	
<http://purl.obolibrary.org/obo/DDO.owl#DDO_0003803>	"talonavicular osteoarthritis secondary to inflammatory arthritis"	
<http://purl.obolibrary.org/obo/DDO.owl#DDO_0003804>	"secondary talonavicular osteoarthritis"	
<http://purl.obolibrary.org/obo/DDO.owl#DDO_0003805>	"primary talonavicular osteoarthritis"	
<http://purl.obolibrary.org/obo/DDO.owl#DDO_0003806>	"osteoarthritis of talonavicular joint"	
<http://purl.obolibrary.org/obo/DDO.owl#DDO_0003807>	"subtalar osteoarthritis secondary to inflammatory arthritis"	
<http://purl.obolibrary.org/obo/DDO.owl#DDO_0003808>	"osteoarthritis of subtalar joint secondary to trauma"	
<http://purl.obolibrary.org/obo/DDO.owl#DDO_0003809>	"secondary osteoarthritis of subtalar joint"	
<http://purl.obolibrary.org/obo/DDO.owl#DDO_0003810>	"primary subtalar osteoarthritis"	
<http://purl.obolibrary.org/obo/DDO.owl#DDO_0003811>	"osteoarthritis of subtalar joint"	
<http://purl.obolibrary.org/obo/DDO.owl#DDO_0003812>	"osteoarthritis of midfoot secondary to trauma"	
<http://purl.obolibrary.org/obo/DDO.owl#DDO_0003813>	"osteoarthritis of midfoot secondary to inflammatory arthritis"	
<http://purl.obolibrary.org/obo/DDO.owl#DDO_0003814>	"secondary osteoarthritis of midfoot"	
<http://purl.obolibrary.org/obo/DDO.owl#DDO_0003815>	"primary osteoarthritis of midfoot"	
<http://purl.obolibrary.org/obo/DDO.owl#DDO_0003816>	"osteoarthritis of midfoot"	
<http://purl.obolibrary.org/obo/DDO.owl#DDO_0003817>	"calcaneocuboid osteoarthritis secondary to trauma"	
<http://purl.obolibrary.org/obo/DDO.owl#DDO_0003818>	"calcaneocuboid osteoarthritis secondary to inflammatory arthritis"	
<http://purl.obolibrary.org/obo/DDO.owl#DDO_0003819>	"secondary calcaneocuboid osteoarthritis"	
<http://purl.obolibrary.org/obo/DDO.owl#DDO_0003820>	"primary calcaneocuboid osteoarthritis"	
<http://purl.obolibrary.org/obo/DDO.owl#DDO_0003821>	"osteoarthritis of calcaneocuboid joint"	
<http://purl.obolibrary.org/obo/DDO.owl#DDO_0003822>	"osteoarthritis of foot joint"	
<http://purl.obolibrary.org/obo/DDO.owl#DDO_0003823>	"osteoarthritis of ankle secondary to trauma"	
<http://purl.obolibrary.org/obo/DDO.owl#DDO_0003824>	"osteoarthritis of ankle secondary to inflammatory arthritis"	
<http://purl.obolibrary.org/obo/DDO.owl#DDO_0003825>	"secondary osteoarthritis of ankle"	
<http://purl.obolibrary.org/obo/DDO.owl#DDO_0003826>	"primary osteoarthritis of ankle"	
<http://purl.obolibrary.org/obo/DDO.owl#DDO_0003827>	"osteoarthritis of ankle"	
<http://purl.obolibrary.org/obo/DDO.owl#DDO_0003828>	"localized, primary osteoarthritis of toe"	
<http://purl.obolibrary.org/obo/DDO.owl#DDO_0003829>	"localized, primary osteoarthritis of the ankle and/or foot"	
<http://purl.obolibrary.org/obo/DDO.owl#DDO_0003830>	"degenerative joint disease of ankle AND/OR foot"	
<http://purl.obolibrary.org/obo/DDO.owl#DDO_0003831>	"talonavicular osteoarthritis secondary to trauma"	
<http://purl.obolibrary.org/obo/DDO.owl#DDO_0003832>	"osteoarthritis of first metatarsophalangeal joint secondary to trauma"	
<http://purl.obolibrary.org/obo/DDO.owl#DDO_0003833>	"osteoarthritis of first metatarsophalangeal joint secondary to inflammatory arthritis"	
<http://purl.obolibrary.org/obo/DDO.owl#DDO_0003834>	"secondary osteoarthritis of first metatarsophalangeal joint"	
<http://purl.obolibrary.org/obo/DDO.owl#DDO_0003835>	"primary osteoarthritis of first metatarsophalangeal joint"	
<http://purl.obolibrary.org/obo/DDO.owl#DDO_0003836>	"osteoarthritis of first metatarsophalangeal joint"	
<http://purl.obolibrary.org/obo/DDO.owl#DDO_0003837>	"localized, primary osteoarthritis of toe"	
<http://purl.obolibrary.org/obo/DDO.owl#DDO_0003838>	"osteoarthritis of toe joint"	
<http://purl.obolibrary.org/obo/DDO.owl#DDO_0003839>	"degenerative polyarthritis"	
<http://purl.obolibrary.org/obo/DDO.owl#DDO_0003840>	"degenerative tear of triangular fibrocartilage complex of wrist"	
<http://purl.obolibrary.org/obo/DDO.owl#DDO_0003841>	"endemic osteoarthritis"	
<http://purl.obolibrary.org/obo/DDO.owl#DDO_0003842>	"Kashin-Bek disease"	
<http://purl.obolibrary.org/obo/DDO.owl#DDO_0003843>	"Malemud disease"	
<http://purl.obolibrary.org/obo/DDO.owl#DDO_0003844>	"erosive osteoarthrosis"	
<http://purl.obolibrary.org/obo/DDO.owl#DDO_0003845>	"exacerbation of osteoarthritis"	
<http://purl.obolibrary.org/obo/DDO.owl#DDO_0003846>	"idiopathic osteoarthritis"	
<http://purl.obolibrary.org/obo/DDO.owl#DDO_0003847>	"osteoarthritis of knee"	
<http://purl.obolibrary.org/obo/DDO.owl#DDO_0003848>	"patellofemoral osteoarthritis"	
<http://purl.obolibrary.org/obo/DDO.owl#DDO_0003849>	"osteoarthritis of wrist"	
<http://purl.obolibrary.org/obo/DDO.owl#DDO_0003850>	"thoracic spondylosis"	
<http://purl.obolibrary.org/obo/DDO.owl#DDO_0003851>	"degenerative joint disease of hand"	
<http://purl.obolibrary.org/obo/DDO.owl#DDO_0003852>	"residual schizophrenia"	
<http://purl.obolibrary.org/obo/DDO.owl#DDO_0003853>	"chronic residual schizophrenia"	
<http://purl.obolibrary.org/obo/DDO.owl#DDO_0003854>	"subchronic residual schizophrenia"	
<http://purl.obolibrary.org/obo/DDO.owl#DDO_0003855>	"irritable bowel syndrome"	
<http://purl.obolibrary.org/obo/DDO.owl#DDO_0003856>	"bronchiectasis"	
<http://purl.obolibrary.org/obo/DDO.owl#DDO_0003857>	"residual schizophrenia in remission"	
<http://purl.obolibrary.org/obo/DDO.owl#DDO_0003858>	"acquired bronchiectasis"	
<http://purl.obolibrary.org/obo/DDO.owl#DDO_0003859>	"tuberculous bronchiectasis"	
<http://purl.obolibrary.org/obo/DDO.owl#DDO_0003860>	"traction bronchiectasis"	
<http://purl.obolibrary.org/obo/DDO.owl#DDO_0003861>	"saccular bronchiectasis"	
<http://purl.obolibrary.org/obo/DDO.owl#DDO_0003862>	"recurrent bronchiectasis"	
<http://purl.obolibrary.org/obo/DDO.owl#DDO_0003863>	"post-infective bronchiectasis"	
<http://purl.obolibrary.org/obo/DDO.owl#DDO_0003864>	"obstructive bronchiectasis"	
<http://purl.obolibrary.org/obo/DDO.owl#DDO_0003866>	"fusiform bronchiectasis"	
<http://purl.obolibrary.org/obo/DDO.owl#DDO_0003867>	"cylindrical bronchiectasis"	
<http://purl.obolibrary.org/obo/DDO.owl#DDO_0003868>	"congenital cystic bronchiectasis"	
<http://purl.obolibrary.org/obo/DDO.owl#DDO_0003869>	"congenital bronchiectasis"	
<http://purl.obolibrary.org/obo/DDO.owl#DDO_0003870>	"childhood bronchiectasis"	
<http://purl.obolibrary.org/obo/DDO.owl#DDO_0003871>	"adult bronchiectasis"	
<http://purl.obolibrary.org/obo/DDO.owl#DDO_0003872>	"acute exacerbation of bronchiectasis"	
<http://purl.obolibrary.org/obo/DDO.owl#DDO_0003873>	"bronchiectasis due to toxic inhalation"	
<http://purl.obolibrary.org/obo/DDO.owl#DDO_0003874>	"bronchiectasis due to toxic aspiration"	
<http://purl.obolibrary.org/obo/DDO.owl#DDO_0003875>	"toxin-induced bronchiectasis"	
<http://purl.obolibrary.org/obo/DDO.owl#DDO_0003876>	"post-lung transplantation bronchiectasis"	
<http://purl.obolibrary.org/obo/DDO.owl#DDO_0003877>	"idiopathic bronchiectasis"	
<http://purl.obolibrary.org/obo/DDO.owl#DDO_0003878>	"epilepsy"	
<http://purl.obolibrary.org/obo/DDO.owl#DDO_0003879>	"atonic epilepsy"	
<http://purl.obolibrary.org/obo/DDO.owl#DDO_0003880>	"atypical absence epilepsy"	
<http://purl.obolibrary.org/obo/DDO.owl#DDO_0003881>	"benign neonatal convulsions"	
<http://purl.obolibrary.org/obo/DDO.owl#DDO_0003882>	"benign neonatal familial convulsions"	
<http://purl.obolibrary.org/obo/DDO.owl#DDO_0003883>	"benign non-familial neonatal convulsions"	
<http://purl.obolibrary.org/obo/DDO.owl#DDO_0003884>	"centrencephalic epilepsy"	
<http://purl.obolibrary.org/obo/DDO.owl#DDO_0003885>	"cursive seizure"	
<http://purl.obolibrary.org/obo/DDO.owl#DDO_0003886>	"epilepsy, not refractory"	
<http://purl.obolibrary.org/obo/DDO.owl#DDO_0003887>	"generalized epilepsy"	
<http://purl.obolibrary.org/obo/DDO.owl#DDO_0003888>	"inflammatory disorder of head"	
<http://purl.obolibrary.org/obo/DDO.owl#DDO_0003889>	"sinusitis"	
<http://purl.obolibrary.org/obo/DDO.owl#DDO_0003890>	"chronic sinusitis"	
<http://purl.obolibrary.org/obo/DDO.owl#DDO_0003891>	"chronic sphenoidal sinusitis"	
<http://purl.obolibrary.org/obo/DDO.owl#DDO_0003892>	"chronic recurrent sinusitis"	
<http://purl.obolibrary.org/obo/DDO.owl#DDO_0003893>	"chronic pansinusitis"	
<http://purl.obolibrary.org/obo/DDO.owl#DDO_0003894>	"chronic maxillary sinusitis"	
<http://purl.obolibrary.org/obo/DDO.owl#DDO_0003895>	"chronic frontoethmoidal sinusitis"	
<http://purl.obolibrary.org/obo/DDO.owl#DDO_0003896>	"chronic ethmoidal sinusitis"	
<http://purl.obolibrary.org/obo/DDO.owl#DDO_0003897>	"woakes' ethmoiditis"	
<http://purl.obolibrary.org/obo/DDO.owl#DDO_0003898>	"chronic posterior ethmoidal sinusitis"	
<http://purl.obolibrary.org/obo/DDO.owl#DDO_0003899>	"chronic panethmoidal sinusitis"	
<http://purl.obolibrary.org/obo/DDO.owl#DDO_0003900>	"chronic osteomeatal disease"	
<http://purl.obolibrary.org/obo/DDO.owl#DDO_0003901>	"chronic anterior ethmoidal sinusitis"	
<http://purl.obolibrary.org/obo/DDO.owl#DDO_0003902>	"chronic frontal sinusitis"	
<http://purl.obolibrary.org/obo/DDO.owl#DDO_0003903>	"disorder of endocrine system"	
<http://purl.obolibrary.org/obo/DDO.owl#DDO_0003906>	"diabetes mellitus during pregnancy, childbirth and the puerperium"	
<http://purl.obolibrary.org/obo/DDO.owl#DDO_0003909>	"diabetes disease course"	
<http://purl.obolibrary.org/obo/DDO.owl#DDO_0003910>	"weight loss"	
<http://purl.obolibrary.org/obo/DDO.owl#DDO_0003911>	"mycosis"	
<http://purl.obolibrary.org/obo/DDO.owl#DDO_0003912>	"weight gain"	
<http://purl.obolibrary.org/obo/DDO.owl#DDO_0003913>	"infection by Ascomycetes"	
<http://purl.obolibrary.org/obo/DDO.owl#DDO_0003914>	"candidiasis"	
<http://purl.obolibrary.org/obo/DDO.owl#DDO_0003915>	"anogenital candidiasis"	
<http://purl.obolibrary.org/obo/DDO.owl#DDO_0003916>	"perianal candidiasis"	
<http://purl.obolibrary.org/obo/DDO.owl#DDO_0003917>	"Candida retinitis"	
<http://purl.obolibrary.org/obo/DDO.owl#DDO_0003918>	"candidal endocarditis"	
<http://purl.obolibrary.org/obo/DDO.owl#DDO_0003919>	"candidal perionyxis"	
<http://purl.obolibrary.org/obo/DDO.owl#DDO_0003920>	"candidal proctitis"	
<http://purl.obolibrary.org/obo/DDO.owl#DDO_0003921>	"candidemia"	
<http://purl.obolibrary.org/obo/DDO.owl#DDO_0003922>	"candidemia associated with intravascular line"	
<http://purl.obolibrary.org/obo/DDO.owl#DDO_0003924>	"gastrointestinal candidiasis"	
<http://purl.obolibrary.org/obo/DDO.owl#DDO_0003925>	"candidiasis of skin"	
<http://purl.obolibrary.org/obo/DDO.owl#DDO_0003926>	"Candidal intertrigo"	
<http://purl.obolibrary.org/obo/DDO.owl#DDO_0003927>	"candidiasis of finger web"	
<http://purl.obolibrary.org/obo/DDO.owl#DDO_0003928>	"candidiasis of skin and nails"	
<http://purl.obolibrary.org/obo/DDO.owl#DDO_0003929>	"candidal paronychia"	
<http://purl.obolibrary.org/obo/DDO.owl#DDO_0003930>	"diaper candidiasis"	
<http://purl.obolibrary.org/obo/DDO.owl#DDO_0003931>	"disseminated cutaneous candidiasis"	
<http://purl.obolibrary.org/obo/DDO.owl#DDO_0003932>	"granuloma gluteale infantum"	
<http://purl.obolibrary.org/obo/DDO.owl#DDO_0003933>	"mucocutaneous candidiasis"	
<http://purl.obolibrary.org/obo/DDO.owl#DDO_0003934>	"chronic mucocutaneous candidiasis"	
<http://purl.obolibrary.org/obo/DDO.owl#DDO_0003935>	"glucose level"	
<http://purl.obolibrary.org/obo/DDO.owl#DDO_0003936>	"neonatal candidiasis of perineum"	
<http://purl.obolibrary.org/obo/DDO.owl#DDO_0003937>	"penile candidiasis"	
<http://purl.obolibrary.org/obo/DDO.owl#DDO_0003938>	"perianal candidiasis"	
<http://purl.obolibrary.org/obo/DDO.owl#DDO_0003939>	"perineal candidiasis"	
<http://purl.obolibrary.org/obo/DDO.owl#DDO_0003940>	"submammary monilia"	
<http://purl.obolibrary.org/obo/DDO.owl#DDO_0003941>	"abnormal blood glucose level"	
<http://purl.obolibrary.org/obo/DDO.owl#DDO_0003943>	"abnormal blood glucose"	
<http://purl.obolibrary.org/obo/DDO.owl#DDO_0003944>	"decreased glucose level in blood"	
<http://purl.obolibrary.org/obo/DDO.owl#DDO_0003945>	"high glucose level in blood"	
<http://purl.obolibrary.org/obo/DDO.owl#DDO_0003946>	"abnormal random glucose level"	
<http://purl.obolibrary.org/obo/DDO.owl#DDO_0003947>	"random blood sugar low"	
<http://purl.obolibrary.org/obo/DDO.owl#DDO_0003948>	"glycosuria"	
<http://purl.obolibrary.org/obo/DDO.owl#DDO_0003949>	"glucoglycinuria"	
<http://purl.obolibrary.org/obo/DDO.owl#DDO_0003950>	"protein level"	
<http://purl.obolibrary.org/obo/DDO.owl#DDO_0003951>	"abnormal presence of albumin"	
<http://purl.obolibrary.org/obo/DDO.owl#DDO_0003952>	"bisalbuminemia"	
<http://purl.obolibrary.org/obo/DDO.owl#DDO_0003953>	"abnormal presence of alpha-fetoprotein"	
<http://purl.obolibrary.org/obo/DDO.owl#DDO_0003954>	"abnormal presence of myoglobin"	
<http://purl.obolibrary.org/obo/DDO.owl#DDO_0003955>	"abnormal presence of protein"	
<http://purl.obolibrary.org/obo/DDO.owl#DDO_0003956>	"albumin level"	
<http://purl.obolibrary.org/obo/DDO.owl#DDO_0003957>	"albuminuria"	
<http://purl.obolibrary.org/obo/DDO.owl#DDO_0003958>	"random blood sugar raised"	
<http://purl.obolibrary.org/obo/DDO.owl#DDO_0003959>	"decreased albumin"	
<http://purl.obolibrary.org/obo/DDO.owl#DDO_0003960>	"decreased methemalbumin"	
<http://purl.obolibrary.org/obo/DDO.owl#DDO_0003961>	"increased albumin"	
<http://purl.obolibrary.org/obo/DDO.owl#DDO_0003962>	"increased methemalbumin"	
<http://purl.obolibrary.org/obo/DDO.owl#DDO_0003963>	"pleural fluid albumin raised"	
<http://purl.obolibrary.org/obo/DDO.owl#DDO_0003964>	"hormone disorder"	
<http://purl.obolibrary.org/obo/DDO.owl#DDO_0003966>	"increased insulin level"	
<http://purl.obolibrary.org/obo/DDO.owl#DDO_0003967>	"decreased insulin level"	
<http://purl.obolibrary.org/obo/DDO.owl#DDO_0003968>	"foot disorder"	
<http://purl.obolibrary.org/obo/DDO.owl#DDO_0003969>	"renal disorder"	
<http://purl.obolibrary.org/obo/DDO.owl#DDO_0003970>	"eye disorder"	
<http://purl.obolibrary.org/obo/DDO.owl#DDO_0003971>	"skin disorder"	
<http://purl.obolibrary.org/obo/DDO.owl#DDO_0003972>	"pancreas disorder"	
<http://purl.obolibrary.org/obo/DDO.owl#DDO_0003973>	"blood pressure"	
<http://purl.obolibrary.org/obo/DDO.owl#DDO_0003974>	"abnormal blood pressure"	
<http://purl.obolibrary.org/obo/DDO.owl#DDO_0003975>	"abnormal arterial pulse pressure"	
<http://purl.obolibrary.org/obo/DDO.owl#DDO_0003976>	"abnormal central venous pressure"	
<http://purl.obolibrary.org/obo/DDO.owl#DDO_0003977>	"abnormal jugular venous pressure"	
<http://purl.obolibrary.org/obo/DDO.owl#DDO_0003978>	"abnormal diastolic arterial pressure"	
<http://purl.obolibrary.org/obo/DDO.owl#DDO_0003979>	"abnormal systolic arterial pressure"	
<http://purl.obolibrary.org/obo/DDO.owl#DDO_0003980>	"post exercise systolic blood pressure response abnormal"	
<http://purl.obolibrary.org/obo/DDO.owl#DDO_0003981>	"increased  venous pressure"	
<http://purl.obolibrary.org/obo/DDO.owl#DDO_0003982>	"decreased venous pressure"	
<http://purl.obolibrary.org/obo/DDO.owl#DDO_0003983>	"elevated blood pressure"	
<http://purl.obolibrary.org/obo/DDO.owl#DDO_0003984>	"increased central venous pressure"	
<http://purl.obolibrary.org/obo/DDO.owl#DDO_0003985>	"increased diastolic arterial pressure"	
<http://purl.obolibrary.org/obo/DDO.owl#DDO_0003986>	"increased mean arterial pressure"	
<http://purl.obolibrary.org/obo/DDO.owl#DDO_0003987>	"increased systolic arterial pressure"	
<http://purl.obolibrary.org/obo/DDO.owl#DDO_0003988>	"disorder of endocrine pancreas"	
<http://purl.obolibrary.org/obo/DDO.owl#DDO_0003989>	"insulin resistance"	
<http://purl.obolibrary.org/obo/DDO.owl#DDO_0003991>	"complex dyslipidemia"	
<http://purl.obolibrary.org/obo/DDO.owl#DDO_0003995>	"psychotherapeutic agent"	
<http://purl.obolibrary.org/obo/DDO.owl#DDO_0003996>	"antidepressant"	
<http://purl.obolibrary.org/obo/DDO.owl#DDO_0004000>	"Bupropion"	
<http://purl.obolibrary.org/obo/DDO.owl#DDO_0004001>	"agomelatine"	
<http://purl.obolibrary.org/obo/DDO.owl#DDO_0004017>	"bupropion hydrobromide 174mg extended release tablet"	
<http://purl.obolibrary.org/obo/DDO.owl#DDO_0004018>	"bupropion hydrobromide 348mg extended release tablet"	
<http://purl.obolibrary.org/obo/DDO.owl#DDO_0004019>	"bupropion hydrobromide 522mg extended release tablet"	
<http://purl.obolibrary.org/obo/DDO.owl#DDO_0004020>	"bupropion hydrochloride"	
<http://purl.obolibrary.org/obo/DDO.owl#DDO_0004021>	"bupropion hydrochloride 100mg m/r tablet"	
<http://purl.obolibrary.org/obo/DDO.owl#DDO_0004022>	"bupropion hydrochloride 100mg tablet"	
<http://purl.obolibrary.org/obo/DDO.owl#DDO_0004023>	"bupropion hydrochloride 150mg m/r tablet"	
<http://purl.obolibrary.org/obo/DDO.owl#DDO_0004024>	"bupropion hydrochloride 200mg m/r tablet"	
<http://purl.obolibrary.org/obo/DDO.owl#DDO_0004025>	"bupropion hydrochloride 300mg m/r tablet"	
<http://purl.obolibrary.org/obo/DDO.owl#DDO_0004026>	"bupropion hydrochloride 50mg m/r tablet"	
<http://purl.obolibrary.org/obo/DDO.owl#DDO_0004027>	"bupropion hydrochloride 75mg tablet"	
<http://purl.obolibrary.org/obo/DDO.owl#DDO_0004028>	"bupropion m/r tablet"	
<http://purl.obolibrary.org/obo/DDO.owl#DDO_0004029>	"compound antidepressants"	
<http://purl.obolibrary.org/obo/DDO.owl#DDO_0004030>	"bupropion hydrochloride 50mg m/r tablet"	
<http://purl.obolibrary.org/obo/DDO.owl#DDO_0004031>	"bupropion hydrochloride 300mg m/r tablet"	
<http://purl.obolibrary.org/obo/DDO.owl#DDO_0004032>	"bupropion hydrochloride 200mg m/r tablet"	
<http://purl.obolibrary.org/obo/DDO.owl#DDO_0004033>	"bupropion hydrochloride 150mg m/r tablet"	
<http://purl.obolibrary.org/obo/DDO.owl#DDO_0004034>	"bupropion hydrochloride 100mg m/r tablet"	
<http://purl.obolibrary.org/obo/DDO.owl#DDO_0004035>	"lithium"	
<http://purl.obolibrary.org/obo/DDO.owl#DDO_0004036>	"lithium carbonate 150mg capsule"	
<http://purl.obolibrary.org/obo/DDO.owl#DDO_0004037>	"lithium carbonate 250mg tablet"	
<http://purl.obolibrary.org/obo/DDO.owl#DDO_0004038>	"lithium carbonate 300mg capsule"	
<http://purl.obolibrary.org/obo/DDO.owl#DDO_0004039>	"lithium carbonate 300mg tablet"	
<http://purl.obolibrary.org/obo/DDO.owl#DDO_0004040>	"lithium carbonate 600mg capsule"	
<http://purl.obolibrary.org/obo/DDO.owl#DDO_0004041>	"lithium carbonate m/r tablet"	
<http://purl.obolibrary.org/obo/DDO.owl#DDO_0004042>	"lithium carbonate 200mg m/r tablet"	
<http://purl.obolibrary.org/obo/DDO.owl#DDO_0004043>	"lithium carbonate 300mg m/r tablet"	
<http://purl.obolibrary.org/obo/DDO.owl#DDO_0004044>	"lithium carbonate 400mg m/r tablet"	
<http://purl.obolibrary.org/obo/DDO.owl#DDO_0004045>	"lithium carbonate 450mg m/r tablet"	
<http://purl.obolibrary.org/obo/DDO.owl#DDO_0004046>	"lithium citrate"	
<http://purl.obolibrary.org/obo/DDO.owl#DDO_0004047>	"lithium citrate 10.8mmol/5mL oral solution"	
<http://purl.obolibrary.org/obo/DDO.owl#DDO_0004048>	"lithium citrate 5.4mmol/5mL oral solution"	
<http://purl.obolibrary.org/obo/DDO.owl#DDO_0004049>	"lithium citrate 520mg/5mL s/f oral liquid"	
<http://purl.obolibrary.org/obo/DDO.owl#DDO_0004050>	"lithium carbonate"	
<http://purl.obolibrary.org/obo/DDO.owl#DDO_0004051>	"L-methylfolate"	
<http://purl.obolibrary.org/obo/DDO.owl#DDO_0004052>	"L-methylfolate 7.5mg tablet"	
<http://purl.obolibrary.org/obo/DDO.owl#DDO_0004053>	"L-Tryptophan"	
<http://purl.obolibrary.org/obo/DDO.owl#DDO_0004054>	"viloxazine"	
<http://purl.obolibrary.org/obo/DDO.owl#DDO_0004055>	"monoamine oxidase inhibitor"	
<http://purl.obolibrary.org/obo/DDO.owl#DDO_0004056>	"selegiline hydrochloride 5mg tablet"	
<http://purl.obolibrary.org/obo/DDO.owl#DDO_0004057>	"selegiline hydrochloride 5mg capsule"	
<http://purl.obolibrary.org/obo/DDO.owl#DDO_0004058>	"selegiline hydrochloride 10mg/5mL syrup"	
<http://purl.obolibrary.org/obo/DDO.owl#DDO_0004059>	"selegiline hydrochloride 10mg tablet"	
<http://purl.obolibrary.org/obo/DDO.owl#DDO_0004060>	"selegiline hydrochloride 1.25mg tablet"	
<http://purl.obolibrary.org/obo/DDO.owl#DDO_0004061>	"selegiline 9mg/24hours transdermal patch"	
<http://purl.obolibrary.org/obo/DDO.owl#DDO_0004062>	"selegiline 6mg/24hours transdermal patch"	
<http://purl.obolibrary.org/obo/DDO.owl#DDO_0004063>	"selegiline 12mg/24hours transdermal patch"	
<http://purl.obolibrary.org/obo/DDO.owl#DDO_0004064>	"selegiline 1.25mg orally disintegrating tablet"	
<http://purl.obolibrary.org/obo/DDO.owl#DDO_0004065>	"selegiline"	
<http://purl.obolibrary.org/obo/DDO.owl#DDO_0004066>	"rasagiline 1mg tablet"	
<http://purl.obolibrary.org/obo/DDO.owl#DDO_0004067>	"rasagiline 0.5mg tablet"	
<http://purl.obolibrary.org/obo/DDO.owl#DDO_0004068>	"rasagiline"	
<http://purl.obolibrary.org/obo/DDO.owl#DDO_0004069>	"pargyline"	
<http://purl.obolibrary.org/obo/DDO.owl#DDO_0004070>	"monoamine oxidase B inhibitor"	
<http://purl.obolibrary.org/obo/DDO.owl#DDO_0004071>	"tranylcypromine 10mg tablet"	
<http://purl.obolibrary.org/obo/DDO.owl#DDO_0004072>	"tranylcypromine + Trifluoperazine"	
<http://purl.obolibrary.org/obo/DDO.owl#DDO_0004073>	"tranylcypromine"	
<http://purl.obolibrary.org/obo/DDO.owl#DDO_0004074>	"phenelzine 15mg tablet"	
<http://purl.obolibrary.org/obo/DDO.owl#DDO_0004075>	"phenelzine"	
<http://purl.obolibrary.org/obo/DDO.owl#DDO_0004076>	"moclobemide 300mg tablet"	
<http://purl.obolibrary.org/obo/DDO.owl#DDO_0004077>	"moclobemide 150mg tablet"	
<http://purl.obolibrary.org/obo/DDO.owl#DDO_0004078>	"moclobemide"	
<http://purl.obolibrary.org/obo/DDO.owl#DDO_0004079>	"isocarboxazid 10mg tablet"	
<http://purl.obolibrary.org/obo/DDO.owl#DDO_0004080>	"isocarboxazid"	
<http://purl.obolibrary.org/obo/DDO.owl#DDO_0004081>	"iproniazid"	
<http://purl.obolibrary.org/obo/DDO.owl#DDO_0004082>	"monoamine oxidase A inhibitor"	
<http://purl.obolibrary.org/obo/DDO.owl#DDO_0004083>	"nefazodone"	
<http://purl.obolibrary.org/obo/DDO.owl#DDO_0004084>	"reboxetine"	
<http://purl.obolibrary.org/obo/DDO.owl#DDO_0004085>	"nefazodone hydrochloride 50mg+100mg+200mg initiation tablet pack"	
<http://purl.obolibrary.org/obo/DDO.owl#DDO_0004086>	"nefazodone hydrochloride 50mg tablet"	
<http://purl.obolibrary.org/obo/DDO.owl#DDO_0004087>	"nefazodone hydrochloride 300mg tablet"	
<http://purl.obolibrary.org/obo/DDO.owl#DDO_0004088>	"nefazodone hydrochloride 250mg tablet"	
<http://purl.obolibrary.org/obo/DDO.owl#DDO_0004089>	"nefazodone hydrochloride 200mg tablet"	
<http://purl.obolibrary.org/obo/DDO.owl#DDO_0004090>	"nefazodone hydrochloride 150mg tablet"	
<http://purl.obolibrary.org/obo/DDO.owl#DDO_0004091>	"nefazodone hydrochloride 100mg tablet"	
<http://purl.obolibrary.org/obo/DDO.owl#DDO_0004092>	"nefazodone hydrochloride"	
<http://purl.obolibrary.org/obo/DDO.owl#DDO_0004093>	"reboxetine 4mg tablet"	
<http://purl.obolibrary.org/obo/DDO.owl#DDO_0004094>	"selective serotonin re-uptake inhibitor"	
<http://purl.obolibrary.org/obo/DDO.owl#DDO_0004095>	"venlafaxine hydrochloride 25mg tablet"	
<http://purl.obolibrary.org/obo/DDO.owl#DDO_0004096>	"venlafaxine hydrochloride 100mg tablet"	
<http://purl.obolibrary.org/obo/DDO.owl#DDO_0004097>	"venlafaxine 75mg tablet"	
<http://purl.obolibrary.org/obo/DDO.owl#DDO_0004098>	"venlafaxine 50mg tablet"	
<http://purl.obolibrary.org/obo/DDO.owl#DDO_0004099>	"venlafaxine 37.5mg tablet"	
<http://purl.obolibrary.org/obo/DDO.owl#DDO_0004100>	"venlafaxine tablet"	
<http://purl.obolibrary.org/obo/DDO.owl#DDO_0004101>	"venlafaxine hydrochloride 37.5mg m/r capsule"	
<http://purl.obolibrary.org/obo/DDO.owl#DDO_0004102>	"venlafaxine 75mg m/r capsule"	
<http://purl.obolibrary.org/obo/DDO.owl#DDO_0004103>	"venlafaxine 150mg m/r capsule"	
<http://purl.obolibrary.org/obo/DDO.owl#DDO_0004104>	"venlafaxine m/r capsule"	
<http://purl.obolibrary.org/obo/DDO.owl#DDO_0004105>	"venlafaxine hydrochloride 37.5mg m/r capsule"	
<http://purl.obolibrary.org/obo/DDO.owl#DDO_0004106>	"venlafaxine hydrochloride 25mg tablet"	
<http://purl.obolibrary.org/obo/DDO.owl#DDO_0004107>	"venlafaxine hydrochloride 100mg tablet"	
<http://purl.obolibrary.org/obo/DDO.owl#DDO_0004108>	"venlafaxine hydrochloride"	
<http://purl.obolibrary.org/obo/DDO.owl#DDO_0004109>	"venlafaxine"	
<http://purl.obolibrary.org/obo/DDO.owl#DDO_0004110>	"sertraline hydrochloride"	
<http://purl.obolibrary.org/obo/DDO.owl#DDO_0004111>	"sertraline 50mg tablet"	
<http://purl.obolibrary.org/obo/DDO.owl#DDO_0004112>	"sertraline 25mg tablet"	
<http://purl.obolibrary.org/obo/DDO.owl#DDO_0004113>	"sertraline 20mg/mL oral solution"	
<http://purl.obolibrary.org/obo/DDO.owl#DDO_0004114>	"sertraline 100mg tablet"	
<http://purl.obolibrary.org/obo/DDO.owl#DDO_0004115>	"sertraline"	
<http://purl.obolibrary.org/obo/DDO.owl#DDO_0004116>	"paroxetine 40mg tablet"	
<http://purl.obolibrary.org/obo/DDO.owl#DDO_0004117>	"paroxetine 37.5mg tablet controlled-release"	
<http://purl.obolibrary.org/obo/DDO.owl#DDO_0004118>	"paroxetine 30mg tablet"	
<http://purl.obolibrary.org/obo/DDO.owl#DDO_0004119>	"paroxetine 25mg tablet controlled-release"	
<http://purl.obolibrary.org/obo/DDO.owl#DDO_0004120>	"paroxetine 20mg tablet"	
<http://purl.obolibrary.org/obo/DDO.owl#DDO_0004121>	"paroxetine 12.5mg tablet controlled-release"	
<http://purl.obolibrary.org/obo/DDO.owl#DDO_0004122>	"paroxetine 10mg/5mL s/f liquid"	
<http://purl.obolibrary.org/obo/DDO.owl#DDO_0004123>	"paroxetine 10mg tablet"	
<http://purl.obolibrary.org/obo/DDO.owl#DDO_0004124>	"oral form paroxetine"	
<http://purl.obolibrary.org/obo/DDO.owl#DDO_0004125>	"paroxetine"	
<http://purl.obolibrary.org/obo/DDO.owl#DDO_0004126>	"milnacipran hydrochloride 50mg tablet"	
<http://purl.obolibrary.org/obo/DDO.owl#DDO_0004127>	"milnacipran hydrochloride 25mg tablet"	
<http://purl.obolibrary.org/obo/DDO.owl#DDO_0004128>	"milnacipran hydrochloride 12.5mg tablet"	
<http://purl.obolibrary.org/obo/DDO.owl#DDO_0004129>	"milnacipran hydrochloride 100mg tablet"	
<http://purl.obolibrary.org/obo/DDO.owl#DDO_0004130>	"milnacipran hydrochloride"	
<http://purl.obolibrary.org/obo/DDO.owl#DDO_0004131>	"milnacipran"	
<http://purl.obolibrary.org/obo/DDO.owl#DDO_0004132>	"fluvoxamine maleate 50mg tablet"	
<http://purl.obolibrary.org/obo/DDO.owl#DDO_0004133>	"fluvoxamine maleate 25mg tablet"	
<http://purl.obolibrary.org/obo/DDO.owl#DDO_0004134>	"fluvoxamine maleate 100mg tablet"	
<http://purl.obolibrary.org/obo/DDO.owl#DDO_0004135>	"fluvoxamine 150mg extended release capsule"	
<http://purl.obolibrary.org/obo/DDO.owl#DDO_0004136>	"fluvoxamine 100mg extended release capsule"	
<http://purl.obolibrary.org/obo/DDO.owl#DDO_0004137>	"fluvoxamine"	
<http://purl.obolibrary.org/obo/DDO.owl#DDO_0004138>	"fluoxetine 90mg m/r capsule"	
<http://purl.obolibrary.org/obo/DDO.owl#DDO_0004139>	"oral form fluoxetine m/r capsule"	
<http://purl.obolibrary.org/obo/DDO.owl#DDO_0004140>	"olanzapine 6mg/fluoxetine 50mg capsule"	
<http://purl.obolibrary.org/obo/DDO.owl#DDO_0004141>	"olanzapine 6mg/fluoxetine 25mg capsule"	
<http://purl.obolibrary.org/obo/DDO.owl#DDO_0004142>	"olanzapine 3mg/fluoxetine 25mg capsule"	
<http://purl.obolibrary.org/obo/DDO.owl#DDO_0004143>	"olanzapine 12mg/fluoxetine 50mg capsule"	
<http://purl.obolibrary.org/obo/DDO.owl#DDO_0004144>	"olanzapine 12mg/fluoxetine 25mg capsule"	
<http://purl.obolibrary.org/obo/DDO.owl#DDO_0004145>	"fluoxetine hydrochloride 40mg capsule"	
<http://purl.obolibrary.org/obo/DDO.owl#DDO_0004146>	"fluoxetine hydrochloride 20mg tablet"	
<http://purl.obolibrary.org/obo/DDO.owl#DDO_0004147>	"fluoxetine hydrochloride 10mg tablet"	
<http://purl.obolibrary.org/obo/DDO.owl#DDO_0004148>	"fluoxetine 60mg capsule"	
<http://purl.obolibrary.org/obo/DDO.owl#DDO_0004149>	"fluoxetine 20mg/5mL oral liquid"	
<http://purl.obolibrary.org/obo/DDO.owl#DDO_0004150>	"fluoxetine 20mg capsule"	
<http://purl.obolibrary.org/obo/DDO.owl#DDO_0004151>	"fluoxetine 10mg capsule"	
<http://purl.obolibrary.org/obo/DDO.owl#DDO_0004152>	"oral form fluoxetine"	
<http://purl.obolibrary.org/obo/DDO.owl#DDO_0004153>	"olanzapine 6mg/fluoxetine 50mg capsule"	
<http://purl.obolibrary.org/obo/DDO.owl#DDO_0004154>	"olanzapine 6mg/fluoxetine 25mg capsule"	
<http://purl.obolibrary.org/obo/DDO.owl#DDO_0004155>	"olanzapine 3mg/fluoxetine 25mg capsule"	
<http://purl.obolibrary.org/obo/DDO.owl#DDO_0004156>	"olanzapine 12mg/fluoxetine 50mg capsule"	
<http://purl.obolibrary.org/obo/DDO.owl#DDO_0004157>	"olanzapine 12mg/fluoxetine 25mg capsule"	
<http://purl.obolibrary.org/obo/DDO.owl#DDO_0004158>	"olanzapine + fluoxetine"	
<http://purl.obolibrary.org/obo/DDO.owl#DDO_0004159>	"fluoxetine"	
<http://purl.obolibrary.org/obo/DDO.owl#DDO_0004160>	"escitalopram 5mg/5mL oral solution"	
<http://purl.obolibrary.org/obo/DDO.owl#DDO_0004161>	"escitalopram 5mg tablet"	
<http://purl.obolibrary.org/obo/DDO.owl#DDO_0004162>	"escitalopram 20mg tablet"	
<http://purl.obolibrary.org/obo/DDO.owl#DDO_0004163>	"escitalopram 10mg tablet"	
<http://purl.obolibrary.org/obo/DDO.owl#DDO_0004164>	"escitalopram"	
<http://purl.obolibrary.org/obo/DDO.owl#DDO_0004165>	"duloxetine 60mg gastro-resistant capsule"	
<http://purl.obolibrary.org/obo/DDO.owl#DDO_0004166>	"citalopram 10mg orally disintegrating tablet"	
<http://purl.obolibrary.org/obo/DDO.owl#DDO_0004167>	"citalopram 10mg tablet"	
<http://purl.obolibrary.org/obo/DDO.owl#DDO_0004168>	"citalopram 20mg orally disintegrating tablet"	
<http://purl.obolibrary.org/obo/DDO.owl#DDO_0004169>	"citalopram 20mg tablet"	
<http://purl.obolibrary.org/obo/DDO.owl#DDO_0004170>	"citalopram 40mg orally disintegrating tablet"	
<http://purl.obolibrary.org/obo/DDO.owl#DDO_0004171>	"citalopram 40mg tablet"	
<http://purl.obolibrary.org/obo/DDO.owl#DDO_0004172>	"citalopram 40mg/mL oral drops"	
<http://purl.obolibrary.org/obo/DDO.owl#DDO_0004173>	"citalopram hydrobromide 10mg/5mL solution"	
<http://purl.obolibrary.org/obo/DDO.owl#DDO_0004174>	"desvenlafaxine"	
<http://purl.obolibrary.org/obo/DDO.owl#DDO_0004175>	"desvenlafaxine 100mg tablet"	
<http://purl.obolibrary.org/obo/DDO.owl#DDO_0004176>	"desvenlafaxine 50mg tablet"	
<http://purl.obolibrary.org/obo/DDO.owl#DDO_0004177>	"duloxetine"	
<http://purl.obolibrary.org/obo/DDO.owl#DDO_0004178>	"duloxetine 20mg m/r capsule"	
<http://purl.obolibrary.org/obo/DDO.owl#DDO_0004179>	"duloxetine 30mg gastro-resistant capsule"	
<http://purl.obolibrary.org/obo/DDO.owl#DDO_0004180>	"duloxetine 40mg m/r capsule"	
<http://purl.obolibrary.org/obo/DDO.owl#DDO_0004181>	"citalopram"	
<http://purl.obolibrary.org/obo/DDO.owl#DDO_0004182>	"tetracyclic antidepressant"	
<http://purl.obolibrary.org/obo/DDO.owl#DDO_0004183>	"maprotiline"	
<http://purl.obolibrary.org/obo/DDO.owl#DDO_0004184>	"maprotiline hydrochloride 75mg tablet"	
<http://purl.obolibrary.org/obo/DDO.owl#DDO_0004185>	"maprotiline hydrochloride 50mg tablet"	
<http://purl.obolibrary.org/obo/DDO.owl#DDO_0004186>	"maprotiline hydrochloride 25mg tablet"	
<http://purl.obolibrary.org/obo/DDO.owl#DDO_0004187>	"maprotiline hydrochloride 10mg tablet"	
<http://purl.obolibrary.org/obo/DDO.owl#DDO_0004188>	"mianserin"	
<http://purl.obolibrary.org/obo/DDO.owl#DDO_0004189>	"mianserin hydrochloride"	
<http://purl.obolibrary.org/obo/DDO.owl#DDO_0004190>	"mianserin hydrochloride 30mg tablet"	
<http://purl.obolibrary.org/obo/DDO.owl#DDO_0004191>	"mianserin hydrochloride 20mg tablet"	
<http://purl.obolibrary.org/obo/DDO.owl#DDO_0004192>	"mianserin hydrochloride 10mg tablet"	
<http://purl.obolibrary.org/obo/DDO.owl#DDO_0004193>	"mirtazapine"	
<http://purl.obolibrary.org/obo/DDO.owl#DDO_0004194>	"mirtazapine 7.5mg tablet"	
<http://purl.obolibrary.org/obo/DDO.owl#DDO_0004195>	"mirtazapine 45mg tablet"	
<http://purl.obolibrary.org/obo/DDO.owl#DDO_0004196>	"mirtazapine 45mg orodispersible tablet"	
<http://purl.obolibrary.org/obo/DDO.owl#DDO_0004197>	"mirtazapine 30mg tablet"	
<http://purl.obolibrary.org/obo/DDO.owl#DDO_0004198>	"mirtazapine 30mg orodispersible tablet"	
<http://purl.obolibrary.org/obo/DDO.owl#DDO_0004199>	"mirtazapine 15mg tablet"	
<http://purl.obolibrary.org/obo/DDO.owl#DDO_0004200>	"mirtazapine 15mg orodispersible tablet"	
<http://purl.obolibrary.org/obo/DDO.owl#DDO_0004201>	"triazolopyridine"	
<http://purl.obolibrary.org/obo/DDO.owl#DDO_0004202>	"trazodone"	
<http://purl.obolibrary.org/obo/DDO.owl#DDO_0004203>	"tricyclic antidepressant"	
<http://purl.obolibrary.org/obo/DDO.owl#DDO_0004204>	"trazodone hydrochloride 50mg/5mL liquid"	
<http://purl.obolibrary.org/obo/DDO.owl#DDO_0004205>	"trazodone hydrochloride 50mg tablet"	
<http://purl.obolibrary.org/obo/DDO.owl#DDO_0004206>	"trazodone hydrochloride 50mg capsule"	
<http://purl.obolibrary.org/obo/DDO.owl#DDO_0004207>	"trazodone hydrochloride 300mg tablet"	
<http://purl.obolibrary.org/obo/DDO.owl#DDO_0004208>	"trazodone hydrochloride 300mg extended release tablet"	
<http://purl.obolibrary.org/obo/DDO.owl#DDO_0004209>	"trazodone hydrochloride 150mg tablet"	
<http://purl.obolibrary.org/obo/DDO.owl#DDO_0004210>	"trazodone hydrochloride 150mg extended release tablet"	
<http://purl.obolibrary.org/obo/DDO.owl#DDO_0004211>	"trazodone hydrochloride 100mg tablet"	
<http://purl.obolibrary.org/obo/DDO.owl#DDO_0004212>	"trazodone hydrochloride 100mg capsule"	
<http://purl.obolibrary.org/obo/DDO.owl#DDO_0004213>	"amitriptyline"	
<http://purl.obolibrary.org/obo/DDO.owl#DDO_0004214>	"amitriptyline + perphenazine"	
<http://purl.obolibrary.org/obo/DDO.owl#DDO_0004215>	"amitriptyline hydrochloride+perphenazine 50mg/4mg tablet"	
<http://purl.obolibrary.org/obo/DDO.owl#DDO_0004216>	"amitriptyline hydrochloride+perphenazine 25mg/4mg tablet"	
<http://purl.obolibrary.org/obo/DDO.owl#DDO_0004217>	"amitriptyline hydrochloride+perphenazine 25mg/2mg tablet"	
<http://purl.obolibrary.org/obo/DDO.owl#DDO_0004218>	"amitriptyline hydrochloride+perphenazine 10mg/2mg tablet"	
<http://purl.obolibrary.org/obo/DDO.owl#DDO_0004219>	"amitriptyline hydrochloride + perphenazine 10mg/4mg tablet"	
<http://purl.obolibrary.org/obo/DDO.owl#DDO_0004220>	"amitriptyline hydrochloride + chlordiazepoxide"	
<http://purl.obolibrary.org/obo/DDO.owl#DDO_0004221>	"amitriptyline 12.5mg/chlordiazepoxide 10mg tablet"	
<http://purl.obolibrary.org/obo/DDO.owl#DDO_0004222>	"amitriptyline hydrochloride+chlordiazepoxide 12.5mg/5mg tablet"	
<http://purl.obolibrary.org/obo/DDO.owl#DDO_0004223>	"oral form amitriptyline"	
<http://purl.obolibrary.org/obo/DDO.owl#DDO_0004224>	"amitriptyline hydrochloride 10mg solution"	
<http://purl.obolibrary.org/obo/DDO.owl#DDO_0004225>	"parenteral form amitriptyline"	
<http://purl.obolibrary.org/obo/DDO.owl#DDO_0004226>	"amitriptyline hydrochloride+perphenazine 50mg/4mg tablet"	
<http://purl.obolibrary.org/obo/DDO.owl#DDO_0004227>	"amitriptyline hydrochloride+perphenazine 25mg/4mg tablet"	
<http://purl.obolibrary.org/obo/DDO.owl#DDO_0004228>	"amitriptyline hydrochloride+perphenazine 25mg/2mg tablet"	
<http://purl.obolibrary.org/obo/DDO.owl#DDO_0004229>	"amitriptyline hydrochloride+perphenazine 10mg/2mg tablet"	
<http://purl.obolibrary.org/obo/DDO.owl#DDO_0004230>	"amitriptyline hydrochloride+chlordiazepoxide 12.5mg/5mg tablet"	
<http://purl.obolibrary.org/obo/DDO.owl#DDO_0004231>	"amitriptyline hydrochloride 75mg tablet"	
<http://purl.obolibrary.org/obo/DDO.owl#DDO_0004232>	"amitriptyline hydrochloride 50mg tablet"	
<http://purl.obolibrary.org/obo/DDO.owl#DDO_0004233>	"amitriptyline hydrochloride 50mg m/r capsule"	
<http://purl.obolibrary.org/obo/DDO.owl#DDO_0004234>	"amitriptyline hydrochloride 25mg tablet"	
<http://purl.obolibrary.org/obo/DDO.owl#DDO_0004235>	"amitriptyline hydrochloride 25mg m/r capsule"	
<http://purl.obolibrary.org/obo/DDO.owl#DDO_0004236>	"amitriptyline hydrochloride 150mg tablet"	
<http://purl.obolibrary.org/obo/DDO.owl#DDO_0004237>	"amitriptyline hydrochloride 10mg tablet"	
<http://purl.obolibrary.org/obo/DDO.owl#DDO_0004238>	"amitriptyline hydrochloride 100mg tablet"	
<http://purl.obolibrary.org/obo/DDO.owl#DDO_0004239>	"amitriptyline hydrochloride + perphenazine 10mg/4mg tablet"	
<http://purl.obolibrary.org/obo/DDO.owl#DDO_0004240>	"amitriptyline 50mg/5mL s/f oral solution"	
<http://purl.obolibrary.org/obo/DDO.owl#DDO_0004241>	"amitriptyline 25mg/5mL s/f oral solution"	
<http://purl.obolibrary.org/obo/DDO.owl#DDO_0004242>	"amitriptyline 12.5mg/chlordiazepoxide 10mg tablet"	
<http://purl.obolibrary.org/obo/DDO.owl#DDO_0004243>	"amoxapine"	
<http://purl.obolibrary.org/obo/DDO.owl#DDO_0004244>	"amoxapine 50mg tablet"	
<http://purl.obolibrary.org/obo/DDO.owl#DDO_0004245>	"amoxapine 25mg tablet"	
<http://purl.obolibrary.org/obo/DDO.owl#DDO_0004246>	"amoxapine 150mg tablet"	
<http://purl.obolibrary.org/obo/DDO.owl#DDO_0004247>	"amoxapine 100mg tablet"	
<http://purl.obolibrary.org/obo/DDO.owl#DDO_0004248>	"butriptyline"	
<http://purl.obolibrary.org/obo/DDO.owl#DDO_0004249>	"clomipramine"	
<http://purl.obolibrary.org/obo/DDO.owl#DDO_0004250>	"clomipramine hydrochloride"	
<http://purl.obolibrary.org/obo/DDO.owl#DDO_0004251>	"clomipramine hydrochloride 75mg m/r tablet"	
<http://purl.obolibrary.org/obo/DDO.owl#DDO_0004252>	"clomipramine hydrochloride 75mg capsule"	
<http://purl.obolibrary.org/obo/DDO.owl#DDO_0004253>	"clomipramine hydrochloride 50mg capsule"	
<http://purl.obolibrary.org/obo/DDO.owl#DDO_0004254>	"clomipramine hydrochloride 25mg capsule"	
<http://purl.obolibrary.org/obo/DDO.owl#DDO_0004255>	"clomipramine hydrochloride 12.5mg/mL injection solution 2mL ampule"	
<http://purl.obolibrary.org/obo/DDO.owl#DDO_0004256>	"clomipramine hydrochloride 10mg capsule"	
<http://purl.obolibrary.org/obo/DDO.owl#DDO_0004257>	"desipramine"	
<http://purl.obolibrary.org/obo/DDO.owl#DDO_0004258>	"desipramine hydrochloride 75mg tablet"	
<http://purl.obolibrary.org/obo/DDO.owl#DDO_0004259>	"desipramine hydrochloride 50mg tablet"	
<http://purl.obolibrary.org/obo/DDO.owl#DDO_0004260>	"desipramine hydrochloride 25mg tablet"	
<http://purl.obolibrary.org/obo/DDO.owl#DDO_0004261>	"desipramine hydrochloride 150mg tablet"	
<http://purl.obolibrary.org/obo/DDO.owl#DDO_0004262>	"desipramine hydrochloride 10mg tablet"	
<http://purl.obolibrary.org/obo/DDO.owl#DDO_0004263>	"desipramine hydrochloride 100mg tablet"	
<http://purl.obolibrary.org/obo/DDO.owl#DDO_0004264>	"dothiepin"	
<http://purl.obolibrary.org/obo/DDO.owl#DDO_0004265>	"dothiepin hydrochloride"	
<http://purl.obolibrary.org/obo/DDO.owl#DDO_0004266>	"dothiepin hydrochloride 75mg/5mL s/f elixir"	
<http://purl.obolibrary.org/obo/DDO.owl#DDO_0004267>	"dothiepin hydrochloride 75mg tablet"	
<http://purl.obolibrary.org/obo/DDO.owl#DDO_0004268>	"dothiepin hydrochloride 25mg/5mL s/f elixir"	
<http://purl.obolibrary.org/obo/DDO.owl#DDO_0004269>	"dothiepin hydrochloride 25mg capsule"	
<http://purl.obolibrary.org/obo/DDO.owl#DDO_0004270>	"doxepin"	
<http://purl.obolibrary.org/obo/DDO.owl#DDO_0004271>	"oral form doxepin"	
<http://purl.obolibrary.org/obo/DDO.owl#DDO_0004272>	"doxepin hydrochloride 150mg capsule"	
<http://purl.obolibrary.org/obo/DDO.owl#DDO_0004273>	"doxepin hydrochloride 10mg/mL oral solution"	
<http://purl.obolibrary.org/obo/DDO.owl#DDO_0004274>	"doxepin hydrochloride 100mg capsule"	
<http://purl.obolibrary.org/obo/DDO.owl#DDO_0004275>	"doxepin 75mg capsule"	
<http://purl.obolibrary.org/obo/DDO.owl#DDO_0004276>	"doxepin 6mg tablet"	
<http://purl.obolibrary.org/obo/DDO.owl#DDO_0004277>	"doxepin 50mg capsule"	
<http://purl.obolibrary.org/obo/DDO.owl#DDO_0004278>	"doxepin 3mg tablet"	
<http://purl.obolibrary.org/obo/DDO.owl#DDO_0004279>	"doxepin 25mg capsule"	
<http://purl.obolibrary.org/obo/DDO.owl#DDO_0004280>	"doxepin 10mg capsule"	
<http://purl.obolibrary.org/obo/DDO.owl#DDO_0004281>	"topical form doxepin"	
<http://purl.obolibrary.org/obo/DDO.owl#DDO_0004282>	"doxepin hydrochloride 5% cream"	
<http://purl.obolibrary.org/obo/DDO.owl#DDO_0004283>	"imipramine"	
<http://purl.obolibrary.org/obo/DDO.owl#DDO_0004284>	"nortriptyline"	
<http://purl.obolibrary.org/obo/DDO.owl#DDO_0004285>	"lofepramine 70mg tablet"	
<http://purl.obolibrary.org/obo/DDO.owl#DDO_0004286>	"lofepramine 70mg/5mL s/f suspension"	
<http://purl.obolibrary.org/obo/DDO.owl#DDO_0004287>	"lofepramine"	
<http://purl.obolibrary.org/obo/DDO.owl#DDO_0004288>	"iprindole"	
<http://purl.obolibrary.org/obo/DDO.owl#DDO_0004289>	"imipramine hydrochloride 25mg/amp"	
<http://purl.obolibrary.org/obo/DDO.owl#DDO_0004290>	"parenteral form imipramine"	
<http://purl.obolibrary.org/obo/DDO.owl#DDO_0004291>	"imipramine pamoate 75mg capsule"	
<http://purl.obolibrary.org/obo/DDO.owl#DDO_0004292>	"imipramine pamoate 150mg capsule"	
<http://purl.obolibrary.org/obo/DDO.owl#DDO_0004293>	"imipramine pamoate 125mg capsule"	
<http://purl.obolibrary.org/obo/DDO.owl#DDO_0004294>	"imipramine pamoate 100mg capsule"	
<http://purl.obolibrary.org/obo/DDO.owl#DDO_0004295>	"imipramine hydrochloride 50mg tablet"	
<http://purl.obolibrary.org/obo/DDO.owl#DDO_0004296>	"imipramine hydrochloride 25mg/5mL syrup"	
<http://purl.obolibrary.org/obo/DDO.owl#DDO_0004297>	"imipramine hydrochloride 25mg tablet"	
<http://purl.obolibrary.org/obo/DDO.owl#DDO_0004298>	"imipramine hydrochloride 10mg tablet"	
<http://purl.obolibrary.org/obo/DDO.owl#DDO_0004299>	"oral form imipramine"	
<http://purl.obolibrary.org/obo/DDO.owl#DDO_0004300>	"fluphenazine + nortriptyline"	
<http://purl.obolibrary.org/obo/DDO.owl#DDO_0004301>	"fluphenazine hydrochloride+nortriptyline 1.5mg/30mg tablet"	
<http://purl.obolibrary.org/obo/DDO.owl#DDO_0004302>	"fluphenazine hydrochloride+nortriptyline 500micrograms/10mg tablet"	
<http://purl.obolibrary.org/obo/DDO.owl#DDO_0004303>	"nortriptyline 10mg tablet"	
<http://purl.obolibrary.org/obo/DDO.owl#DDO_0004304>	"nortriptyline 25mg tablet"	
<http://purl.obolibrary.org/obo/DDO.owl#DDO_0004305>	"nortriptyline hydrochloride"	
<http://purl.obolibrary.org/obo/DDO.owl#DDO_0004306>	"nortriptyline hydrochloride 75mg capsule"	
<http://purl.obolibrary.org/obo/DDO.owl#DDO_0004307>	"nortriptyline hydrochloride 50mg capsule"	
<http://purl.obolibrary.org/obo/DDO.owl#DDO_0004308>	"nortriptyline hydrochloride 25mg capsule"	
<http://purl.obolibrary.org/obo/DDO.owl#DDO_0004309>	"nortriptyline hydrochloride 10mg/5mL liquid"	
<http://purl.obolibrary.org/obo/DDO.owl#DDO_0004310>	"nortriptyline hydrochloride 10mg capsule"	
<http://purl.obolibrary.org/obo/DDO.owl#DDO_0004311>	"protriptyline"	
<http://purl.obolibrary.org/obo/DDO.owl#DDO_0004312>	"protriptyline hydrochloride 10mg tablet"	
<http://purl.obolibrary.org/obo/DDO.owl#DDO_0004313>	"protriptyline hydrochloride 5mg tablet"	
<http://purl.obolibrary.org/obo/DDO.owl#DDO_0004314>	"trimipramine"	
<http://purl.obolibrary.org/obo/DDO.owl#DDO_0004315>	"trimipramine maleate 100mg capsule"	
<http://purl.obolibrary.org/obo/DDO.owl#DDO_0004316>	"trimipramine maleate 25mg capsule"	
<http://purl.obolibrary.org/obo/DDO.owl#DDO_0004317>	"trimipramine 50mg capsule"	
<http://purl.obolibrary.org/obo/DDO.owl#DDO_0004318>	"trimipramine 25mg tablet"	
<http://purl.obolibrary.org/obo/DDO.owl#DDO_0004319>	"trimipramine 10mg tablet"	
<http://purl.obolibrary.org/obo/DDO.owl#DDO_0004320>	"anti-psychotic agent"	
<http://purl.obolibrary.org/obo/DDO.owl#DDO_0004321>	"atypical antipsychotic"	
<http://purl.obolibrary.org/obo/DDO.owl#DDO_0004322>	"aripiprazole"	
<http://purl.obolibrary.org/obo/DDO.owl#DDO_0004323>	"oral form aripiprazole"	
<http://purl.obolibrary.org/obo/DDO.owl#DDO_0004324>	"parenteral form aripiprazole"	
<http://purl.obolibrary.org/obo/DDO.owl#DDO_0004325>	"asenapine"	
<http://purl.obolibrary.org/obo/DDO.owl#DDO_0004326>	"clozapine"	
<http://purl.obolibrary.org/obo/DDO.owl#DDO_0004327>	"olanzapine"	
<http://purl.obolibrary.org/obo/DDO.owl#DDO_0004328>	"oral form olanzapine"	
<http://purl.obolibrary.org/obo/DDO.owl#DDO_0004329>	"parenteral form olanzapine"	
<http://purl.obolibrary.org/obo/DDO.owl#DDO_0004331>	"Sertindole"	
<http://purl.obolibrary.org/obo/DDO.owl#DDO_0004332>	"zotepine"	
<http://purl.obolibrary.org/obo/DDO.owl#DDO_0004333>	"benzamide derivative antipsychotic agent"	
<http://purl.obolibrary.org/obo/DDO.owl#DDO_0004334>	"amisulpride"	
<http://purl.obolibrary.org/obo/DDO.owl#DDO_0004335>	"remoxipride"	
<http://purl.obolibrary.org/obo/DDO.owl#DDO_0004336>	"sulpiride"	
<http://purl.obolibrary.org/obo/DDO.owl#DDO_0004338>	"benzimidazolinone derivative antipsychotic preparation"	
<http://purl.obolibrary.org/obo/DDO.owl#DDO_0004339>	"benperidol"	
<http://purl.obolibrary.org/obo/DDO.owl#DDO_0004340>	"droperidol"	
<http://purl.obolibrary.org/obo/DDO.owl#DDO_0004341>	"fentanyl+droperidol"	
<http://purl.obolibrary.org/obo/DDO.owl#DDO_0004342>	"oral form droperidol"	
<http://purl.obolibrary.org/obo/DDO.owl#DDO_0004343>	"parenteral form droperidol"	
<http://purl.obolibrary.org/obo/DDO.owl#DDO_0004344>	"benzisoxazole derivative antipsychotic agent"	
<http://purl.obolibrary.org/obo/DDO.owl#DDO_0004345>	"iloperidone"	
<http://purl.obolibrary.org/obo/DDO.owl#DDO_0004346>	"paliperidone"	
<http://purl.obolibrary.org/obo/DDO.owl#DDO_0004347>	"risperidone"	
<http://purl.obolibrary.org/obo/DDO.owl#DDO_0004349>	"oral form risperidone"	
<http://purl.obolibrary.org/obo/DDO.owl#DDO_0004350>	"parenteral form risperidone"	
<http://purl.obolibrary.org/obo/DDO.owl#DDO_0004351>	"ziprasidone"	
<http://purl.obolibrary.org/obo/DDO.owl#DDO_0004352>	"oral form ziprasidone"	
<http://purl.obolibrary.org/obo/DDO.owl#DDO_0004353>	"parenteral form ziprasidone"	
<http://purl.obolibrary.org/obo/DDO.owl#DDO_0004354>	"butyrophenone derivative antipsychotic agent"	
<http://purl.obolibrary.org/obo/DDO.owl#DDO_0004355>	"haloperidol"	
<http://purl.obolibrary.org/obo/DDO.owl#DDO_0004356>	"oral form haloperidol"	
<http://purl.obolibrary.org/obo/DDO.owl#DDO_0004357>	"parenteral form haloperidol"	
<http://purl.obolibrary.org/obo/DDO.owl#DDO_0004358>	"melperone"	
<http://purl.obolibrary.org/obo/DDO.owl#DDO_0004359>	"pipamperone"	
<http://purl.obolibrary.org/obo/DDO.owl#DDO_0004360>	"trifluperidol"	
<http://purl.obolibrary.org/obo/DDO.owl#DDO_0004361>	"dibenzoxazepine derivative antipsychotic agent"	
<http://purl.obolibrary.org/obo/DDO.owl#DDO_0004362>	"loxapine"	
<http://purl.obolibrary.org/obo/DDO.owl#DDO_0004363>	"dihydrocarbostyril derivative antipsychotic"	
<http://purl.obolibrary.org/obo/DDO.owl#DDO_0004364>	"quetiapine"	
<http://purl.obolibrary.org/obo/DDO.owl#DDO_0004365>	"dihydroindolone derivative antipsychotic agent"	
<http://purl.obolibrary.org/obo/DDO.owl#DDO_0004366>	"Molindone"	
<http://purl.obolibrary.org/obo/DDO.owl#DDO_0004367>	"diphenylbutylpiperidine derivative antipsychotic agent"	
<http://purl.obolibrary.org/obo/DDO.owl#DDO_0004368>	"diphenylbutylpiperidine"	
<http://purl.obolibrary.org/obo/DDO.owl#DDO_0004369>	"fluspirilene"	
<http://purl.obolibrary.org/obo/DDO.owl#DDO_0004370>	"pimozide"	
<http://purl.obolibrary.org/obo/DDO.owl#DDO_0004371>	"oxypertine"	
<http://purl.obolibrary.org/obo/DDO.owl#DDO_0004372>	"phenothiazine derivative antipsychotic"	
<http://purl.obolibrary.org/obo/DDO.owl#DDO_0004373>	"chlorpromazine"	
<http://purl.obolibrary.org/obo/DDO.owl#DDO_0004374>	"oral form chlorpromazine"	
<http://purl.obolibrary.org/obo/DDO.owl#DDO_0004375>	"parenteral form chlorpromazine"	
<http://purl.obolibrary.org/obo/DDO.owl#DDO_0004376>	"rectal chlorpromazine"	
<http://purl.obolibrary.org/obo/DDO.owl#DDO_0004377>	"mesoridazine"	
<http://purl.obolibrary.org/obo/DDO.owl#DDO_0004378>	"oral form mesoridazine"	
<http://purl.obolibrary.org/obo/DDO.owl#DDO_0004379>	"parenteral form mesoridazine"	
<http://purl.obolibrary.org/obo/DDO.owl#DDO_0004380>	"methdilazine"	
<http://purl.obolibrary.org/obo/DDO.owl#DDO_0004381>	"pericyazine"	
<http://purl.obolibrary.org/obo/DDO.owl#DDO_0004382>	"pipothiazine"	
<http://purl.obolibrary.org/obo/DDO.owl#DDO_0004383>	"propylamino derivative of phenothiazine"	
<http://purl.obolibrary.org/obo/DDO.owl#DDO_0004384>	"methotrimeprazine"	
<http://purl.obolibrary.org/obo/DDO.owl#DDO_0004385>	"promazine"	
<http://purl.obolibrary.org/obo/DDO.owl#DDO_0004386>	"oral form promazine"	
<http://purl.obolibrary.org/obo/DDO.owl#DDO_0004387>	"parenteral form promazine"	
<http://purl.obolibrary.org/obo/DDO.owl#DDO_0004388>	"trimeprazine"	
<http://purl.obolibrary.org/obo/DDO.owl#DDO_0004389>	"thioridazine"	
<http://purl.obolibrary.org/obo/DDO.owl#DDO_0004390>	"oral form thioridazine"	
<http://purl.obolibrary.org/obo/DDO.owl#DDO_0004391>	"triflupromazine"	
<http://purl.obolibrary.org/obo/DDO.owl#DDO_0004392>	"phenylbutylpiperadine derivative antipsychotic agent"	
<http://purl.obolibrary.org/obo/DDO.owl#DDO_0004393>	"thioxanthene derivative antipsychotic agent"	
<http://purl.obolibrary.org/obo/DDO.owl#DDO_0004394>	"chlorprothixene"	
<http://purl.obolibrary.org/obo/DDO.owl#DDO_0004395>	"clopenthixol"	
<http://purl.obolibrary.org/obo/DDO.owl#DDO_0004396>	"Flupentixol"	
<http://purl.obolibrary.org/obo/DDO.owl#DDO_0004397>	"oral form flupentixol"	
<http://purl.obolibrary.org/obo/DDO.owl#DDO_0004398>	"parenteral form flupentixol"	
<http://purl.obolibrary.org/obo/DDO.owl#DDO_0004399>	"thiothixene"	
<http://purl.obolibrary.org/obo/DDO.owl#DDO_0004400>	"oral form thiothixene"	
<http://purl.obolibrary.org/obo/DDO.owl#DDO_0004401>	"parenteral form thiothixene"	
<http://purl.obolibrary.org/obo/DDO.owl#DDO_0004402>	"zuclopenthixol"	
<http://purl.obolibrary.org/obo/DDO.owl#DDO_0004403>	"oral form zuclopenthixol"	
<http://purl.obolibrary.org/obo/DDO.owl#DDO_0004404>	"zuclopenthixol acetate"	
<http://purl.obolibrary.org/obo/DDO.owl#DDO_0004405>	"zuclopenthixol decanoate"	
<http://purl.obolibrary.org/obo/DDO.owl#DDO_0004406>	"zuclopenthixol dihydrochloride"	
<http://purl.obolibrary.org/obo/DDO.owl#DDO_0004464>	"anti-infectives"	
<http://purl.obolibrary.org/obo/DDO.owl#DDO_0004465>	"antiviral agent"	
<http://purl.obolibrary.org/obo/DDO.owl#DDO_0004466>	"retroviral protease inhibitor"	
<http://purl.obolibrary.org/obo/DDO.owl#DDO_0004467>	116084008	
<http://purl.obolibrary.org/obo/DDO.owl#DDO_0004467>	"abacavir"	
<http://purl.obolibrary.org/obo/DDO.owl#DDO_0004468>	"abacavir sulfate"	
<http://purl.obolibrary.org/obo/DDO.owl#DDO_0004469>	"retroviral protease inhibitor"	
<http://purl.obolibrary.org/obo/DDO.owl#DDO_0004470>	"lamivudine"	
<http://purl.obolibrary.org/obo/DDO.owl#DDO_0004471>	"zidovudine"	
<http://purl.obolibrary.org/obo/DDO.owl#DDO_0004472>	"oral form zidovudine"	
<http://purl.obolibrary.org/obo/DDO.owl#DDO_0004473>	"parenteral form zidovudine"	
<http://purl.obolibrary.org/obo/DDO.owl#DDO_0004474>	"didanosine"	
<http://purl.obolibrary.org/obo/DDO.owl#DDO_0004475>	"emtricitabine"	
<http://purl.obolibrary.org/obo/DDO.owl#DDO_0004476>	"tenofovir"	
<http://purl.obolibrary.org/obo/DDO.owl#DDO_0004477>	"Efavirenz"	
<http://purl.obolibrary.org/obo/DDO.owl#DDO_0004478>	"nevirapine"	
<http://purl.obolibrary.org/obo/DDO.owl#DDO_0004479>	"atazanavir"	
<http://purl.obolibrary.org/obo/DDO.owl#DDO_0004480>	"darunavir"	
<http://purl.obolibrary.org/obo/DDO.owl#DDO_0004481>	"Amprenavir"	
<http://purl.obolibrary.org/obo/DDO.owl#DDO_0004482>	"boceprevir"	
<http://purl.obolibrary.org/obo/DDO.owl#DDO_0004483>	"fosamprenavir"	
<http://purl.obolibrary.org/obo/DDO.owl#DDO_0004484>	"Indinavir"	
<http://purl.obolibrary.org/obo/DDO.owl#DDO_0004485>	"lopinavir"	
<http://purl.obolibrary.org/obo/DDO.owl#DDO_0004486>	"Nelfinavir"	
<http://purl.obolibrary.org/obo/DDO.owl#DDO_0004487>	"Ritonavir"	
<http://purl.obolibrary.org/obo/DDO.owl#DDO_0004488>	"Saquinavir"	
<http://purl.obolibrary.org/obo/DDO.owl#DDO_0004489>	"telaprevir"	
<http://purl.obolibrary.org/obo/DDO.owl#DDO_0004490>	"tipranavir"	
<http://purl.obolibrary.org/obo/DDO.owl#DDO_0004877>	"hypotensive agent"	
<http://purl.obolibrary.org/obo/DDO.owl#DDO_0004878>	"beta-Blocking agent"	
<http://purl.obolibrary.org/obo/DDO.owl#DDO_0004879>	"Beta 1 blocking agent"	
<http://purl.obolibrary.org/obo/DDO.owl#DDO_0004880>	"acebutolol"	
<http://purl.obolibrary.org/obo/DDO.owl#DDO_0004891>	"atenolol"	
<http://purl.obolibrary.org/obo/DDO.owl#DDO_0004892>	"oral form atenolol"	
<http://purl.obolibrary.org/obo/DDO.owl#DDO_0004893>	"parenteral form atenolol"	
<http://purl.obolibrary.org/obo/DDO.owl#DDO_0004894>	"Betaxolol"	
<http://purl.obolibrary.org/obo/DDO.owl#DDO_0004895>	"oral form betaxolol"	
<http://purl.obolibrary.org/obo/DDO.owl#DDO_0004896>	"ophthalmic betaxolol hydrochloride"	
<http://purl.obolibrary.org/obo/DDO.owl#DDO_0004897>	"levobetaxolol"	
<http://purl.obolibrary.org/obo/DDO.owl#DDO_0004898>	"Bisoprolol"	
<http://purl.obolibrary.org/obo/DDO.owl#DDO_0004899>	"Bisoprolol fumarate"	
<http://purl.obolibrary.org/obo/DDO.owl#DDO_0004900>	"Celiprolol"	
<http://purl.obolibrary.org/obo/DDO.owl#DDO_0004901>	"Celiprolol hydrochloride"	
<http://purl.obolibrary.org/obo/DDO.owl#DDO_0004902>	"Esmolol"	
<http://purl.obolibrary.org/obo/DDO.owl#DDO_0004903>	"Esmolol hydrochloride product"	
<http://purl.obolibrary.org/obo/DDO.owl#DDO_0004904>	"metoprolol"	
<http://purl.obolibrary.org/obo/DDO.owl#DDO_0004905>	"Nebivolol"	
<http://purl.obolibrary.org/obo/DDO.owl#DDO_0004906>	"non-selective beta-blocking agent"	
<http://purl.obolibrary.org/obo/DDO.owl#DDO_0004907>	"Carteolol"	
<http://purl.obolibrary.org/obo/DDO.owl#DDO_0004908>	"ophthalmic carteolol hydrochloride"	
<http://purl.obolibrary.org/obo/DDO.owl#DDO_0004909>	"Carvedilol"	
<http://purl.obolibrary.org/obo/DDO.owl#DDO_0004910>	"labetalol"	
<http://purl.obolibrary.org/obo/DDO.owl#DDO_0004911>	"Metipranolol"	
<http://purl.obolibrary.org/obo/DDO.owl#DDO_0004912>	"nadolol"	
<http://purl.obolibrary.org/obo/DDO.owl#DDO_0004913>	"oxprenolol"	
<http://purl.obolibrary.org/obo/DDO.owl#DDO_0004914>	"modified release oxprenolol"	
<http://purl.obolibrary.org/obo/DDO.owl#DDO_0004915>	"oxprenolol hydrochloride"	
<http://purl.obolibrary.org/obo/DDO.owl#DDO_0004916>	"Penbutolol"	
<http://purl.obolibrary.org/obo/DDO.owl#DDO_0004917>	"Pindolol"	
<http://purl.obolibrary.org/obo/DDO.owl#DDO_0004918>	"practolol"	
<http://purl.obolibrary.org/obo/DDO.owl#DDO_0004919>	"propranolol"	
<http://purl.obolibrary.org/obo/DDO.owl#DDO_0004920>	"sotalol"	
<http://purl.obolibrary.org/obo/DDO.owl#DDO_0004921>	"timolol"	
<http://purl.obolibrary.org/obo/DDO.owl#DDO_0004925>	"CNS drug"	
<http://purl.obolibrary.org/obo/DDO.owl#DDO_0004926>	"immunotherapeutic agent"	
<http://purl.obolibrary.org/obo/DDO.owl#DDO_0004927>	"immunosuppressant"	
<http://purl.obolibrary.org/obo/DDO.owl#DDO_0004928>	"Abciximab"	
<http://purl.obolibrary.org/obo/DDO.owl#DDO_0004929>	"monoclonal antibody preparation"	
<http://purl.obolibrary.org/obo/DDO.owl#DDO_0004930>	"lymphocyte immune globulin"	
<http://purl.obolibrary.org/obo/DDO.owl#DDO_0004931>	"human monoclonal IgM antibody"	
<http://purl.obolibrary.org/obo/DDO.owl#DDO_0004932>	"glatiramer"	
<http://purl.obolibrary.org/obo/DDO.owl#DDO_0004933>	"everolimus"	
<http://purl.obolibrary.org/obo/DDO.owl#DDO_0004934>	"tacrolimus"	
<http://purl.obolibrary.org/obo/DDO.owl#DDO_0004935>	"pimecrolimus"	
<http://purl.obolibrary.org/obo/DDO.owl#DDO_0004936>	"cyclosporine"	
<http://purl.obolibrary.org/obo/DDO.owl#DDO_0004937>	"calcineurin inhibitor"	
<http://purl.obolibrary.org/obo/DDO.owl#DDO_0004938>	"parenteral form azathioprine"	
<http://purl.obolibrary.org/obo/DDO.owl#DDO_0004939>	"oral form azathioprine"	
<http://purl.obolibrary.org/obo/DDO.owl#DDO_0004940>	"azathioprine"	
<http://purl.obolibrary.org/obo/DDO.owl#DDO_0004941>	"antilymphocyte immunoglobulin"	
<http://purl.obolibrary.org/obo/DDO.owl#DDO_0004942>	"alefacept"	
<http://purl.obolibrary.org/obo/DDO.owl#DDO_0004943>	"ophthalmic form ciclosporin"	
<http://purl.obolibrary.org/obo/DDO.owl#DDO_0004944>	"cyclosporine ophthalmic emulsion 0.05%"	
<http://purl.obolibrary.org/obo/DDO.owl#DDO_0004945>	"oral form ciclosporin"	
<http://purl.obolibrary.org/obo/DDO.owl#DDO_0004946>	"parenteral form ciclosporin"	
<http://purl.obolibrary.org/obo/DDO.owl#DDO_0004948>	"oral form tacrolimus"	
<http://purl.obolibrary.org/obo/DDO.owl#DDO_0004949>	"parenteral form tacrolimus"	
<http://purl.obolibrary.org/obo/DDO.owl#DDO_0004950>	"topical form tacrolimus"	
<http://purl.obolibrary.org/obo/DDO.owl#DDO_0004951>	"HA-1A"	
<http://purl.obolibrary.org/obo/DDO.owl#DDO_0004952>	"adalimumab"	
<http://purl.obolibrary.org/obo/DDO.owl#DDO_0004953>	"Basiliximab"	
<http://purl.obolibrary.org/obo/DDO.owl#DDO_0004954>	"bevacizumab"	
<http://purl.obolibrary.org/obo/DDO.owl#DDO_0004955>	"canakinumab"	
<http://purl.obolibrary.org/obo/DDO.owl#DDO_0004956>	"certolizumab pegol"	
<http://purl.obolibrary.org/obo/DDO.owl#DDO_0004957>	"Daclizumab"	
<http://purl.obolibrary.org/obo/DDO.owl#DDO_0004958>	"denosumab"	
<http://purl.obolibrary.org/obo/DDO.owl#DDO_0004959>	"eculizumab"	
<http://purl.obolibrary.org/obo/DDO.owl#DDO_0004960>	"efalizumab"	
<http://purl.obolibrary.org/obo/DDO.owl#DDO_0004961>	"escherichia coli monoclonal antibody"	
<http://purl.obolibrary.org/obo/DDO.owl#DDO_0004962>	"gemtuzumab ozogamicin"	
<http://purl.obolibrary.org/obo/DDO.owl#DDO_0004963>	"golimumab"	
<http://purl.obolibrary.org/obo/DDO.owl#DDO_0004964>	"ibritumomab"	
<http://purl.obolibrary.org/obo/DDO.owl#DDO_0004965>	"ipilimumab"	
<http://purl.obolibrary.org/obo/DDO.owl#DDO_0004966>	"murine-human monoclonal IgG antibody"	
<http://purl.obolibrary.org/obo/DDO.owl#DDO_0004967>	"alemtuzumab"	
<http://purl.obolibrary.org/obo/DDO.owl#DDO_0004968>	"cetuximab"	
<http://purl.obolibrary.org/obo/DDO.owl#DDO_0004969>	"infliximab"	
<http://purl.obolibrary.org/obo/DDO.owl#DDO_0004970>	"ofatumumab"	
<http://purl.obolibrary.org/obo/DDO.owl#DDO_0004971>	"trastuzumab"	
<http://purl.obolibrary.org/obo/DDO.owl#DDO_0004972>	"naptumomab"	
<http://purl.obolibrary.org/obo/DDO.owl#DDO_0004973>	"natalizumab"	
<http://purl.obolibrary.org/obo/DDO.owl#DDO_0004974>	"nivolumab"	
<http://purl.obolibrary.org/obo/DDO.owl#DDO_0004975>	"omalizumab"	
<http://purl.obolibrary.org/obo/DDO.owl#DDO_0004976>	"oregovomab"	
<http://purl.obolibrary.org/obo/DDO.owl#DDO_0004977>	"Palivizumab"	
<http://purl.obolibrary.org/obo/DDO.owl#DDO_0004978>	"panitumumab"	
<http://purl.obolibrary.org/obo/DDO.owl#DDO_0004979>	"pertuzumab"	
<http://purl.obolibrary.org/obo/DDO.owl#DDO_0004980>	"ramucirumab"	
<http://purl.obolibrary.org/obo/DDO.owl#DDO_0004981>	"ranibizumab"	
<http://purl.obolibrary.org/obo/DDO.owl#DDO_0004982>	"rituximab"	
<http://purl.obolibrary.org/obo/DDO.owl#DDO_0004983>	"siltuximab"	
<http://purl.obolibrary.org/obo/DDO.owl#DDO_0004984>	"tocilizumab"	
<http://purl.obolibrary.org/obo/DDO.owl#DDO_0004985>	"tositumomab"	
<http://purl.obolibrary.org/obo/DDO.owl#DDO_0004986>	"ustekinumab"	
<http://purl.obolibrary.org/obo/DDO.owl#DDO_0004987>	"vedolizumab"	
<http://purl.obolibrary.org/obo/DDO.owl#DDO_0004988>	"zanolimumab"	
<http://purl.obolibrary.org/obo/DDO.owl#DDO_0004989>	"mycophenolate mofetil"	
<http://purl.obolibrary.org/obo/DDO.owl#DDO_0004990>	"oral form mycophenolate mofetil"	
<http://purl.obolibrary.org/obo/DDO.owl#DDO_0004991>	"parenteral form mycophenolate mofetil"	
<http://purl.obolibrary.org/obo/DDO.owl#DDO_0004992>	"mycophenolic acid"	
<http://purl.obolibrary.org/obo/DDO.owl#DDO_0004993>	"selective adhesion molecule inhibitor"	
<http://purl.obolibrary.org/obo/DDO.owl#DDO_0004994>	"alpha 4 integrin antagonist"	
<http://purl.obolibrary.org/obo/DDO.owl#DDO_0004995>	"Sirolimus"	
<http://purl.obolibrary.org/obo/DDO.owl#DDO_0004996>	"temsirolimus"	
<http://purl.obolibrary.org/obo/DDO.owl#DDO_0004997>	"tofacitinib"	
<http://purl.obolibrary.org/obo/DDO.owl#DDO_0004998>	"zotarolimus"	
<http://purl.obolibrary.org/obo/DDO.owl#DDO_0005002>	"acetazolamide"	
<http://purl.obolibrary.org/obo/DDO.owl#DDO_0005003>	"oral form acetazolamide"	
<http://purl.obolibrary.org/obo/DDO.owl#DDO_0005004>	"parenteral form acetazolamide"	
<http://purl.obolibrary.org/obo/DDO.owl#DDO_0005014>	"autonomic drug"	
<http://purl.obolibrary.org/obo/DDO.owl#DDO_0005015>	"sympathomimetic agent"	
<http://purl.obolibrary.org/obo/DDO.owl#DDO_0005016>	"respiratory sympathomimetic agent"	
<http://purl.obolibrary.org/obo/DDO.owl#DDO_0005017>	"albuterol"	
<http://purl.obolibrary.org/obo/DDO.owl#DDO_0005018>	"inhaled albuterol preparation"	
<http://purl.obolibrary.org/obo/DDO.owl#DDO_0005019>	"oral form albuterol"	
<http://purl.obolibrary.org/obo/DDO.owl#DDO_0005020>	"parenteral form albuterol preparation"	
<http://purl.obolibrary.org/obo/DDO.owl#DDO_0005025>	"anticholinergic agent"	
<http://purl.obolibrary.org/obo/DDO.owl#DDO_0005026>	"antimuscarinic"	
<http://purl.obolibrary.org/obo/DDO.owl#DDO_0005027>	"ipratropium"	
<http://purl.obolibrary.org/obo/DDO.owl#DDO_0005028>	"nasal form ipratropium"	
<http://purl.obolibrary.org/obo/DDO.owl#DDO_0005029>	"respiratory form ipratropium"	
<http://purl.obolibrary.org/obo/DDO.owl#DDO_0005031>	"renal drug"	
<http://purl.obolibrary.org/obo/DDO.owl#DDO_0005032>	"acidifying preparation"	
<http://purl.obolibrary.org/obo/DDO.owl#DDO_0005033>	"urinary acidifier"	
<http://purl.obolibrary.org/obo/DDO.owl#DDO_0005034>	"ammonium chloride"	
<http://purl.obolibrary.org/obo/DDO.owl#DDO_0005035>	"ammonium chloride mixture"	
<http://purl.obolibrary.org/obo/DDO.owl#DDO_0005043>	"antifungal drugs"	
<http://purl.obolibrary.org/obo/DDO.owl#DDO_0005044>	"amphotericin"	
<http://purl.obolibrary.org/obo/DDO.owl#DDO_0005045>	"amphotericin B liposome"	
<http://purl.obolibrary.org/obo/DDO.owl#DDO_0005046>	"oral form amphotericin"	
<http://purl.obolibrary.org/obo/DDO.owl#DDO_0005047>	"parenteral form amphotericin"	
<http://purl.obolibrary.org/obo/DDO.owl#DDO_0005048>	"topical form amphotericin"	
<http://purl.obolibrary.org/obo/DDO.owl#DDO_0005053>	"echinocandin"	
<http://purl.obolibrary.org/obo/DDO.owl#DDO_0005054>	"anidulafungin"	
<http://purl.obolibrary.org/obo/DDO.owl#DDO_0005061>	"antineoplastic agent"	
<http://purl.obolibrary.org/obo/DDO.owl#DDO_0005062>	"arsenic product"	
<http://purl.obolibrary.org/obo/DDO.owl#DDO_0005063>	"arsenic trioxide"	
<http://purl.obolibrary.org/obo/DDO.owl#DDO_0005183>	"parasiticidal preparations"	
<http://purl.obolibrary.org/obo/DDO.owl#DDO_0005184>	"antiprotozoal drug"	
<http://purl.obolibrary.org/obo/DDO.owl#DDO_0005185>	"Atovaquone"	
<http://purl.obolibrary.org/obo/DDO.owl#DDO_0005187>	"drug groups primarily affecting the musculoskeletal system"	
<http://purl.obolibrary.org/obo/DDO.owl#DDO_0005188>	"centrally acting muscle relaxant"	
<http://purl.obolibrary.org/obo/DDO.owl#DDO_0005189>	"baclofen"	
<http://purl.obolibrary.org/obo/DDO.owl#DDO_0005190>	"oral form baclofen"	
<http://purl.obolibrary.org/obo/DDO.owl#DDO_0005191>	"parenteral form baclofen"	
<http://purl.obolibrary.org/obo/DDO.owl#DDO_0005192>	"hormones, synthetic substitutes and antagonists"	
<http://purl.obolibrary.org/obo/DDO.owl#DDO_0005193>	"corticoid preparation"	
<http://purl.obolibrary.org/obo/DDO.owl#DDO_0005194>	"glucocorticoid"	
<http://purl.obolibrary.org/obo/DDO.owl#DDO_0005195>	"betamethasone"	
<http://purl.obolibrary.org/obo/DDO.owl#DDO_0005196>	"betamethasone + calcipotriol"	
<http://purl.obolibrary.org/obo/DDO.owl#DDO_0005197>	"betamethasone + clioquinol"	
<http://purl.obolibrary.org/obo/DDO.owl#DDO_0005198>	"betamethasone + clotrimazole"	
<http://purl.obolibrary.org/obo/DDO.owl#DDO_0005199>	"betamethasone + fusidic acid"	
<http://purl.obolibrary.org/obo/DDO.owl#DDO_0005200>	"betamethasone + neomycin"	
<http://purl.obolibrary.org/obo/DDO.owl#DDO_0005201>	"betamethasone + salicylic acid"	
<http://purl.obolibrary.org/obo/DDO.owl#DDO_0005202>	"betamethasone sodium phosphate 0.1% eye/ear/nose drops"	
<http://purl.obolibrary.org/obo/DDO.owl#DDO_0005203>	"betamethasone valerate"	
<http://purl.obolibrary.org/obo/DDO.owl#DDO_0005204>	"ophthalmic form betamethasone"	
<http://purl.obolibrary.org/obo/DDO.owl#DDO_0005205>	"oral form betamethasone"	
<http://purl.obolibrary.org/obo/DDO.owl#DDO_0005206>	"parenteral form betamethasone"	
<http://purl.obolibrary.org/obo/DDO.owl#DDO_0005207>	"topical form betamethasone"	
<http://purl.obolibrary.org/obo/DDO.owl#DDO_0005210>	"azole antifungal"	
<http://purl.obolibrary.org/obo/DDO.owl#DDO_0005211>	"imidazole antifungal"	
<http://purl.obolibrary.org/obo/DDO.owl#DDO_0005212>	"clotrimazole"	
<http://purl.obolibrary.org/obo/DDO.owl#DDO_0005213>	"betamethasone + clotrimazole"	
<http://purl.obolibrary.org/obo/DDO.owl#DDO_0005214>	"fluconazole+clotrimazole"	
<http://purl.obolibrary.org/obo/DDO.owl#DDO_0005215>	"hydrocortisone+clotrimazole"	
<http://purl.obolibrary.org/obo/DDO.owl#DDO_0005216>	"ophthalmic form clotrimazole"	
<http://purl.obolibrary.org/obo/DDO.owl#DDO_0005217>	"oropharyngeal form clotrimazole"	
<http://purl.obolibrary.org/obo/DDO.owl#DDO_0005218>	"topical form clotrimazole"	
<http://purl.obolibrary.org/obo/DDO.owl#DDO_0005219>	"vaginal form clotrimazole"	
<http://purl.obolibrary.org/obo/DDO.owl#DDO_0005220>	"cardiovascular drug"	
<http://purl.obolibrary.org/obo/DDO.owl#DDO_0005223>	"beta-Blocking agent"	
<http://purl.obolibrary.org/obo/DDO.owl#DDO_0005224>	"beta 1 blocking agent"	
<http://purl.obolibrary.org/obo/DDO.owl#DDO_0005225>	"acebutolol"	
<http://purl.obolibrary.org/obo/DDO.owl#DDO_0005226>	"acebutolol hydrochloride"	
<http://purl.obolibrary.org/obo/DDO.owl#DDO_0005228>	"betaxolol"	
<http://purl.obolibrary.org/obo/DDO.owl#DDO_0005229>	"betaxolol hydrochloride"	
<http://purl.obolibrary.org/obo/DDO.owl#DDO_0005230>	"levobetaxolol"	
<http://purl.obolibrary.org/obo/DDO.owl#DDO_0005231>	"bisoprolol"	
<http://purl.obolibrary.org/obo/DDO.owl#DDO_0005232>	"bisoprolol fumarate"	
<http://purl.obolibrary.org/obo/DDO.owl#DDO_0005233>	"celiprolol"	
<http://purl.obolibrary.org/obo/DDO.owl#DDO_0005234>	"celiprolol hydrochloride"	
<http://purl.obolibrary.org/obo/DDO.owl#DDO_0005235>	"esmolol"	
<http://purl.obolibrary.org/obo/DDO.owl#DDO_0005236>	"Esmolol hydrochloride"	
<http://purl.obolibrary.org/obo/DDO.owl#DDO_0005237>	"metoprolol"	
<http://purl.obolibrary.org/obo/DDO.owl#DDO_0005238>	"metoprolol succinate"	
<http://purl.obolibrary.org/obo/DDO.owl#DDO_0005239>	"metoprolol tartrate"	
<http://purl.obolibrary.org/obo/DDO.owl#DDO_0005240>	"nebivolol"	
<http://purl.obolibrary.org/obo/DDO.owl#DDO_0005241>	"Beta 2 blocking agent"	
<http://purl.obolibrary.org/obo/DDO.owl#DDO_0005242>	"non-selective beta-blocking agent"	
<http://purl.obolibrary.org/obo/DDO.owl#DDO_0005243>	"carteolol"	
<http://purl.obolibrary.org/obo/DDO.owl#DDO_0005244>	"carteolol hydrochloride"	
<http://purl.obolibrary.org/obo/DDO.owl#DDO_0005246>	"carvedilol"	
<http://purl.obolibrary.org/obo/DDO.owl#DDO_0005247>	"carvedilol phosphate"	
<http://purl.obolibrary.org/obo/DDO.owl#DDO_0005248>	"labetalol"	
<http://purl.obolibrary.org/obo/DDO.owl#DDO_0005249>	"labetalol hydrochloride"	
<http://purl.obolibrary.org/obo/DDO.owl#DDO_0005250>	"levobunolol"	
<http://purl.obolibrary.org/obo/DDO.owl#DDO_0005251>	"levobunolol hydrochloride"	
<http://purl.obolibrary.org/obo/DDO.owl#DDO_0005252>	"metipranolol"	
<http://purl.obolibrary.org/obo/DDO.owl#DDO_0005253>	"Metipranolol hydrochloride"	
<http://purl.obolibrary.org/obo/DDO.owl#DDO_0005254>	"nadolol"	
<http://purl.obolibrary.org/obo/DDO.owl#DDO_0005255>	"oxprenolol"	
<http://purl.obolibrary.org/obo/DDO.owl#DDO_0005256>	"oxprenolol hydrochloride"	
<http://purl.obolibrary.org/obo/DDO.owl#DDO_0005257>	"penbutolol"	
<http://purl.obolibrary.org/obo/DDO.owl#DDO_0005258>	"penbutolol sulfate"	
<http://purl.obolibrary.org/obo/DDO.owl#DDO_0005259>	"pindolol"	
<http://purl.obolibrary.org/obo/DDO.owl#DDO_0005260>	"practolol"	
<http://purl.obolibrary.org/obo/DDO.owl#DDO_0005261>	"propranolol"	
<http://purl.obolibrary.org/obo/DDO.owl#DDO_0005262>	"Alprenolol"	
<http://purl.obolibrary.org/obo/DDO.owl#DDO_0005263>	"propranolol hydrochloride"	
<http://purl.obolibrary.org/obo/DDO.owl#DDO_0005264>	"sotalol"	
<http://purl.obolibrary.org/obo/DDO.owl#DDO_0005265>	"sotalol hydrochloride"	
<http://purl.obolibrary.org/obo/DDO.owl#DDO_0005266>	"timolol"	
<http://purl.obolibrary.org/obo/DDO.owl#DDO_0005267>	"timolol maleate"	
<http://purl.obolibrary.org/obo/DDO.owl#DDO_0005274>	"synthetic antihormone"	
<http://purl.obolibrary.org/obo/DDO.owl#DDO_0005280>	"angiotensin-converting enzyme inhibitor agent"	
<http://purl.obolibrary.org/obo/DDO.owl#DDO_0005281>	"Benazepril"	
<http://purl.obolibrary.org/obo/DDO.owl#DDO_0005282>	"benazepril hydrochloride"	
<http://purl.obolibrary.org/obo/DDO.owl#DDO_0005286>	"saluretic drug"	
<http://purl.obolibrary.org/obo/DDO.owl#DDO_0005287>	"bumetanide"	
<http://purl.obolibrary.org/obo/DDO.owl#DDO_0005288>	"oral form bumetanide"	
<http://purl.obolibrary.org/obo/DDO.owl#DDO_0005289>	"parenteral form bumetanide"	
<http://purl.obolibrary.org/obo/DDO.owl#DDO_0005297>	"enzyme inhibitor"	
<http://purl.obolibrary.org/obo/DDO.owl#DDO_0005298>	"phosphodiesterase inhibitor"	
<http://purl.obolibrary.org/obo/DDO.owl#DDO_0005299>	"xanthine product"	
<http://purl.obolibrary.org/obo/DDO.owl#DDO_0005300>	"caffeine"	
<http://purl.obolibrary.org/obo/DDO.owl#DDO_0005301>	"angiotensin II receptor antagonist"	
<http://purl.obolibrary.org/obo/DDO.owl#DDO_0005302>	"Candesartan"	
<http://purl.obolibrary.org/obo/DDO.owl#DDO_0005303>	"Candesartan cilexetil"	
<http://purl.obolibrary.org/obo/DDO.owl#DDO_0005304>	"angiotensin II receptor antagonist"	
<http://purl.obolibrary.org/obo/DDO.owl#DDO_0005305>	"candesartan"	
<http://purl.obolibrary.org/obo/DDO.owl#DDO_0005306>	"candesartan cilexetil"	
<http://purl.obolibrary.org/obo/DDO.owl#DDO_0005312>	"captopril"	
<http://purl.obolibrary.org/obo/DDO.owl#DDO_0005313>	"captopril+diuretic"	
<http://purl.obolibrary.org/obo/DDO.owl#DDO_0005314>	"captopril + hydrochlorothiazide"	
<http://purl.obolibrary.org/obo/DDO.owl#DDO_0005315>	"bendroflumethiazide"	
<http://purl.obolibrary.org/obo/DDO.owl#DDO_0005317>	"atenolol+bendrofluazide"	
<http://purl.obolibrary.org/obo/DDO.owl#DDO_0005318>	"bendrofluazide+potassium"	
<http://purl.obolibrary.org/obo/DDO.owl#DDO_0005319>	"diuretic"	
<http://purl.obolibrary.org/obo/DDO.owl#DDO_0005320>	"thiazide diuretic"	
<http://purl.obolibrary.org/obo/DDO.owl#DDO_0005321>	"cyclopenthiazide"	
<http://purl.obolibrary.org/obo/DDO.owl#DDO_0005322>	"amiloride + cyclopenthiazide"	
<http://purl.obolibrary.org/obo/DDO.owl#DDO_0005323>	"oxprenolol+cyclopenthiazide"	
<http://purl.obolibrary.org/obo/DDO.owl#DDO_0005326>	"antilipemic agent"	
<http://purl.obolibrary.org/obo/DDO.owl#DDO_0005327>	"HMG-CoA reductase inhibitor"	
<http://purl.obolibrary.org/obo/DDO.owl#DDO_0005328>	"Atorvastatin"	
<http://purl.obolibrary.org/obo/DDO.owl#DDO_0005329>	"amlodipine+atorvastatin"	
<http://purl.obolibrary.org/obo/DDO.owl#DDO_0005330>	"Cerivastatin"	
<http://purl.obolibrary.org/obo/DDO.owl#DDO_0005331>	"fluvastatin"	
<http://purl.obolibrary.org/obo/DDO.owl#DDO_0005332>	"fluvastatin sodium"	
<http://purl.obolibrary.org/obo/DDO.owl#DDO_0005333>	"lovastatin"	
<http://purl.obolibrary.org/obo/DDO.owl#DDO_0005334>	"niacin+lovastatin"	
<http://purl.obolibrary.org/obo/DDO.owl#DDO_0005335>	"pitavastatin"^^<http://www.w3.org/2001/XMLSchema#integer>	
<http://purl.obolibrary.org/obo/DDO.owl#DDO_0005336>	"pravastatin"	
<http://purl.obolibrary.org/obo/DDO.owl#DDO_0005337>	"aspirin+pravastatin"	
<http://purl.obolibrary.org/obo/DDO.owl#DDO_0005338>	"rosuvastatin"	
<http://purl.obolibrary.org/obo/DDO.owl#DDO_0005341>	"bendroflumethiazide + propranolol"	
<http://purl.obolibrary.org/obo/DDO.owl#DDO_0005342>	"bendroflumethiazide + timolol"	
<http://purl.obolibrary.org/obo/DDO.owl#DDO_0005343>	"nadolol+bendroflumethiazide"	
<http://purl.obolibrary.org/obo/DDO.owl#DDO_0005344>	"benzthiazide"	
<http://purl.obolibrary.org/obo/DDO.owl#DDO_0005345>	"triamterene+benzthiazide"	
<http://purl.obolibrary.org/obo/DDO.owl#DDO_0005346>	"chlorothiazide"	
<http://purl.obolibrary.org/obo/DDO.owl#DDO_0005347>	"parenteral form chlorothiazide"	
<http://purl.obolibrary.org/obo/DDO.owl#DDO_0005348>	"oral form chlorothiazide"	
<http://purl.obolibrary.org/obo/DDO.owl#DDO_0005349>	"chlorothiazide + spironolactone"	
<http://purl.obolibrary.org/obo/DDO.owl#DDO_0005350>	"chlorothiazide + reserpine"	
<http://purl.obolibrary.org/obo/DDO.owl#DDO_0005351>	"chlorothiazide + methyldopa"	
<http://purl.obolibrary.org/obo/DDO.owl#DDO_0005353>	"chlorthalidone"	
<http://purl.obolibrary.org/obo/DDO.owl#DDO_0005354>	"atenolol + chlorthalidone"	
<http://purl.obolibrary.org/obo/DDO.owl#DDO_0005355>	"chlorthalidone + clonidine hydrochloride"	
<http://purl.obolibrary.org/obo/DDO.owl#DDO_0005356>	"triamterene+chlorthalidone"	
<http://purl.obolibrary.org/obo/DDO.owl#DDO_0005357>	"diazoxide"	
<http://purl.obolibrary.org/obo/DDO.owl#DDO_0005358>	"diltiazem hydrochloride+thiazide diuretic"	
<http://purl.obolibrary.org/obo/DDO.owl#DDO_0005359>	"diltiazem hydrochloride+hydrochlorothiazide"	
<http://purl.obolibrary.org/obo/DDO.owl#DDO_0005360>	"hydrochlorothiazide"	
<http://purl.obolibrary.org/obo/DDO.owl#DDO_0005361>	"mefruside"	
<http://purl.obolibrary.org/obo/DDO.owl#DDO_0005362>	"perindopril+indapamide"	
<http://purl.obolibrary.org/obo/DDO.owl#DDO_0005363>	"indapamide"	
<http://purl.obolibrary.org/obo/DDO.owl#DDO_0005364>	"hydroflumethiazide + spironolactone"	
<http://purl.obolibrary.org/obo/DDO.owl#DDO_0005365>	"hydroflumethiazide"	
<http://purl.obolibrary.org/obo/DDO.owl#DDO_0005366>	"timolol maleate+hydrochlorothiazide"	
<http://purl.obolibrary.org/obo/DDO.owl#DDO_0005367>	"timolol maleate + amiloride + hydrochlorothiazide"	
<http://purl.obolibrary.org/obo/DDO.owl#DDO_0005368>	"sotalol hydrochloride + hydrochlorothiazide"	
<http://purl.obolibrary.org/obo/DDO.owl#DDO_0005369>	"moexipril hydrochloride+hydrochlorothiazide"	
<http://purl.obolibrary.org/obo/DDO.owl#DDO_0005370>	"metoprolol + hydrochlorothiazide"	
<http://purl.obolibrary.org/obo/DDO.owl#DDO_0005371>	"losartan potassium + hydrochlorothiazide"	
<http://purl.obolibrary.org/obo/DDO.owl#DDO_0005372>	"labetalol hydrochloride+hydrochlorothiazide"	
<http://purl.obolibrary.org/obo/DDO.owl#DDO_0005373>	"irbesartan + hydrochlorothiazide"	
<http://purl.obolibrary.org/obo/DDO.owl#DDO_0005374>	"hydrochlorothiazide + valsartan"	
<http://purl.obolibrary.org/obo/DDO.owl#DDO_0005375>	"hydrochlorothiazide + triamterene"	
<http://purl.obolibrary.org/obo/DDO.owl#DDO_0005376>	"hydrochlorothiazide + telmisartan"	
<http://purl.obolibrary.org/obo/DDO.owl#DDO_0005377>	"hydrochlorothiazide + spironolactone"	
<http://purl.obolibrary.org/obo/DDO.owl#DDO_0005378>	"hydrochlorothiazide + reserpine"	
<http://purl.obolibrary.org/obo/DDO.owl#DDO_0005379>	"hydrochlorothiazide + quinapril"	
<http://purl.obolibrary.org/obo/DDO.owl#DDO_0005380>	"hydrochlorothiazide + propranolol hydrochloride"	
<http://purl.obolibrary.org/obo/DDO.owl#DDO_0005381>	"hydrochlorothiazide + olmesartan"	
<http://purl.obolibrary.org/obo/DDO.owl#DDO_0005382>	"hydrochlorothiazide + methyldopa"	
<http://purl.obolibrary.org/obo/DDO.owl#DDO_0005383>	"hydrochlorothiazide + lisinopril"	
<http://purl.obolibrary.org/obo/DDO.owl#DDO_0005384>	"hydralazine hydrochloride + hydrochlorothiazide"	
<http://purl.obolibrary.org/obo/DDO.owl#DDO_0005385>	"guanethidine monosulfate + hydrochlorothiazide"	
<http://purl.obolibrary.org/obo/DDO.owl#DDO_0005386>	"fosinopril+hydrochlorothiazide"	
<http://purl.obolibrary.org/obo/DDO.owl#DDO_0005387>	"eprosartan+hydrochlorothiazide"	
<http://purl.obolibrary.org/obo/DDO.owl#DDO_0005388>	"enalapril+hydrochlorothiazide"	
<http://purl.obolibrary.org/obo/DDO.owl#DDO_0005389>	"diltiazem hydrochloride+hydrochlorothiazide"	
<http://purl.obolibrary.org/obo/DDO.owl#DDO_0005390>	"captopril + hydrochlorothiazide"	
<http://purl.obolibrary.org/obo/DDO.owl#DDO_0005391>	"candesartan cilexetil + hydrochlorothiazide"	
<http://purl.obolibrary.org/obo/DDO.owl#DDO_0005392>	"bisoprolol+hydrochlorothiazide"	
<http://purl.obolibrary.org/obo/DDO.owl#DDO_0005393>	"benazepril hydrochloride + hydrochlorothiazide"	
<http://purl.obolibrary.org/obo/DDO.owl#DDO_0005394>	"atenolol + amiloride + hydrochlorothiazide"	
<http://purl.obolibrary.org/obo/DDO.owl#DDO_0005395>	"amlodipine + hydrochlorothiazide + valsartan"	
<http://purl.obolibrary.org/obo/DDO.owl#DDO_0005396>	"amlodipine + hydrochlorothiazide + olmesartan medoxomil"	
<http://purl.obolibrary.org/obo/DDO.owl#DDO_0005397>	"amiloride hydrochloride + hydrochlorothiazide"	
<http://purl.obolibrary.org/obo/DDO.owl#DDO_0005398>	"aliskiren + Hydrochlorothiazide"	
<http://purl.obolibrary.org/obo/DDO.owl#DDO_0005399>	"aliskiren + amlodipine + hydrochlorothiazide"	
<http://purl.obolibrary.org/obo/DDO.owl#DDO_0005400>	"acebutolol + hydrochlorothiazide"	
<http://purl.obolibrary.org/obo/DDO.owl#DDO_0005401>	"methyclothiazide"	
<http://purl.obolibrary.org/obo/DDO.owl#DDO_0005402>	"deserpidine + methyclothiazide"	
<http://purl.obolibrary.org/obo/DDO.owl#DDO_0005403>	"methyclothiazide + reserpine"	
<http://purl.obolibrary.org/obo/DDO.owl#DDO_0005404>	"polythiazide"	
<http://purl.obolibrary.org/obo/DDO.owl#DDO_0005405>	"polythiazide + prazosin hydrochloride"	
<http://purl.obolibrary.org/obo/DDO.owl#DDO_0005406>	"quinethazone"	
<http://purl.obolibrary.org/obo/DDO.owl#DDO_0005407>	"triamterene+thiazide diuretic"	
<http://purl.obolibrary.org/obo/DDO.owl#DDO_0005408>	"triamterene+benzthiazide"	
<http://purl.obolibrary.org/obo/DDO.owl#DDO_0005409>	"triamterene+chlorthalidone"	
<http://purl.obolibrary.org/obo/DDO.owl#DDO_0005410>	"trichlormethiazide"	
<http://purl.obolibrary.org/obo/DDO.owl#DDO_0005411>	"xipamide"	
<http://purl.obolibrary.org/obo/DDO.owl#DDO_0005536>	"diamidine antiprotozoal"	
<http://purl.obolibrary.org/obo/DDO.owl#DDO_0005537>	"pentamidine"	
<http://purl.obolibrary.org/obo/DDO.owl#DDO_0005538>	"parenteral form pentamidine"	
<http://purl.obolibrary.org/obo/DDO.owl#DDO_0005539>	"respiratory form pentamidine"	
<http://purl.obolibrary.org/obo/DDO.owl#DDO_0005547>	"catecholamine-mediated"	
<http://purl.obolibrary.org/obo/DDO.owl#DDO_0005548>	"acetylcholine-mediated"	
<http://purl.obolibrary.org/obo/DDO.owl#DDO_0005549>	"itchy skin"	
<http://purl.obolibrary.org/obo/DDO.owl#DDO_0005550>	"pruritus of skin"	
<http://purl.obolibrary.org/obo/DDO.owl#DDO_0005551>	"pruritic rash"	
<http://purl.obolibrary.org/obo/DDO.owl#DDO_0005554>	"subacute prurigo"	
<http://purl.obolibrary.org/obo/DDO.owl#DDO_0005555>	"winter itch"	
<http://purl.obolibrary.org/obo/DDO.owl#DDO_0005556>	"senile asteatotic eczema"	
<http://purl.obolibrary.org/obo/DDO.owl#DDO_0005557>	"pruritus senilis"	
<http://purl.obolibrary.org/obo/DDO.owl#DDO_0005558>	"prurigo simplex"	
<http://purl.obolibrary.org/obo/DDO.owl#DDO_0005559>	"prurigo pigmentosa"	
<http://purl.obolibrary.org/obo/DDO.owl#DDO_0005560>	"pruriginous atopic dermatitis"	
<http://purl.obolibrary.org/obo/DDO.owl#DDO_0005561>	"prurigo papule"	
<http://purl.obolibrary.org/obo/DDO.owl#DDO_0005562>	"prurigo of pregnancy"	
<http://purl.obolibrary.org/obo/DDO.owl#DDO_0005563>	"prurigo nodularis"	
<http://purl.obolibrary.org/obo/DDO.owl#DDO_0005564>	"prurigo mitis"	
<http://purl.obolibrary.org/obo/DDO.owl#DDO_0005565>	"Hebra's prurigo"	
<http://purl.obolibrary.org/obo/DDO.owl#DDO_0005566>	"dermographic prurigo"	
<http://purl.obolibrary.org/obo/DDO.owl#DDO_0005567>	"chronic prurigo"	
<http://purl.obolibrary.org/obo/DDO.owl#DDO_0005568>	"antibacterial drugs"	
<http://purl.obolibrary.org/obo/DDO.owl#DDO_0005569>	"quinolone -class of antibiotic-"	
<http://purl.obolibrary.org/obo/DDO.owl#DDO_0005570>	"gatifloxacin"	
<http://purl.obolibrary.org/obo/DDO.owl#DDO_0005571>	"ophthalmic form gatifloxacin"	
<http://purl.obolibrary.org/obo/DDO.owl#DDO_0005572>	"oral form gatifloxacin"	
<http://purl.obolibrary.org/obo/DDO.owl#DDO_0005573>	"parenteral form gatifloxacin"	
<http://purl.obolibrary.org/obo/DDO.owl#DDO_0005578>	"levofloxacin"	
<http://purl.obolibrary.org/obo/DDO.owl#DDO_0005579>	"ophthalmic form levofloxacin"	
<http://purl.obolibrary.org/obo/DDO.owl#DDO_0005580>	"oral form levofloxacin"	
<http://purl.obolibrary.org/obo/DDO.owl#DDO_0005581>	"parenteral form levofloxacin"	
<http://purl.obolibrary.org/obo/DDO.owl#DDO_0005601>	"lopinavir+ritonavir"	
<http://purl.obolibrary.org/obo/DDO.owl#DDO_0005620>	"anticonvulsant"	
<http://purl.obolibrary.org/obo/DDO.owl#DDO_0005621>	"hydantoin derivative anticonvulsant"	
<http://purl.obolibrary.org/obo/DDO.owl#DDO_0005622>	"phenytoin"	
<http://purl.obolibrary.org/obo/DDO.owl#DDO_0005623>	"oral form phenytoin"	
<http://purl.obolibrary.org/obo/DDO.owl#DDO_0005624>	"parenteral form phenytoin"	
<http://purl.obolibrary.org/obo/DDO.owl#DDO_0005625>	"phenytoin sodium"	
<http://purl.obolibrary.org/obo/DDO.owl#DDO_0005646>	"choline salicylate product"	
<http://purl.obolibrary.org/obo/DDO.owl#DDO_0005647>	"choline salicylate+glycerol"	
<http://purl.obolibrary.org/obo/DDO.owl#DDO_0005648>	"oral form choline salicylate"	
<http://purl.obolibrary.org/obo/DDO.owl#DDO_0005649>	"otic form choline salicylate"	
<http://purl.obolibrary.org/obo/DDO.owl#DDO_0005656>	"analgesic"	
<http://purl.obolibrary.org/obo/DDO.owl#DDO_0005657>	"anti-inflammatory preparations"	
<http://purl.obolibrary.org/obo/DDO.owl#DDO_0005658>	"non-steroidal anti-inflammatory agent"	
<http://purl.obolibrary.org/obo/DDO.owl#DDO_0005659>	"salicylate product"	
<http://purl.obolibrary.org/obo/DDO.owl#DDO_0005660>	"magnesium salicylate product"	
<http://purl.obolibrary.org/obo/DDO.owl#DDO_0005661>	"phenyltoloxamine + magnesium salicylate"	
<http://purl.obolibrary.org/obo/DDO.owl#DDO_0005662>	"non-opioid analgesics"	
<http://purl.obolibrary.org/obo/DDO.owl#DDO_0005663>	"analgesic AND antipyretic product"	
<http://purl.obolibrary.org/obo/DDO.owl#DDO_0005667>	"Clobetasol"	
<http://purl.obolibrary.org/obo/DDO.owl#DDO_0005668>	"Clobetasol propionate topical preparation"	
<http://purl.obolibrary.org/obo/DDO.owl#DDO_0005669>	"Clobetasol propionate+neomycin sulfate+Nystatin"	
<http://purl.obolibrary.org/obo/DDO.owl#DDO_0005670>	"hormone preparation"	
<http://purl.obolibrary.org/obo/DDO.owl#DDO_0005671>	"sex hormone product"	
<http://purl.obolibrary.org/obo/DDO.owl#DDO_0005672>	"estrogenic preparation"	
<http://purl.obolibrary.org/obo/DDO.owl#DDO_0005673>	"conjugated estrogen preparation"	
<http://purl.obolibrary.org/obo/DDO.owl#DDO_0005674>	"conjugated estrogen + medroxyprogesterone"	
<http://purl.obolibrary.org/obo/DDO.owl#DDO_0005675>	"conjugated estrogens+norgestrel"	
<http://purl.obolibrary.org/obo/DDO.owl#DDO_0005676>	"Progestin preparation"	
<http://purl.obolibrary.org/obo/DDO.owl#DDO_0005677>	"medroxyprogesterone preparation"	
<http://purl.obolibrary.org/obo/DDO.owl#DDO_0005678>	"conjugated estrogen + medroxyprogesterone"	
<http://purl.obolibrary.org/obo/DDO.owl#DDO_0005679>	"estradiol+medroxyprogesterone"	
<http://purl.obolibrary.org/obo/DDO.owl#DDO_0005680>	"medroxyprogesterone acetate preparation"	
<http://purl.obolibrary.org/obo/DDO.owl#DDO_0005681>	"estrogens, conjugated+estrogens, esterified+medroxyprogesterone acetate 0.625mg/0.625mg/5mg tablet"	
<http://purl.obolibrary.org/obo/DDO.owl#DDO_0005682>	"medroxyprogesterone acetate + estradiol cyprionate"	
<http://purl.obolibrary.org/obo/DDO.owl#DDO_0005683>	"estradiol cypionate+medroxyprogesterone acetate 5mg/25mg injection"	
<http://purl.obolibrary.org/obo/DDO.owl#DDO_0005684>	"oral form medroxyprogesterone"	
<http://purl.obolibrary.org/obo/DDO.owl#DDO_0005685>	"parenteral form medroxyprogesterone"	
<http://purl.obolibrary.org/obo/DDO.owl#DDO_0005686>	"estradiol cypionate+medroxyprogesterone acetate 5mg/25mg injection"	
<http://purl.obolibrary.org/obo/DDO.owl#DDO_0005705>	"cortisone"	
<http://purl.obolibrary.org/obo/DDO.owl#DDO_0005706>	"cortisone acetate preparation"	
<http://purl.obolibrary.org/obo/DDO.owl#DDO_0005707>	"antimetabolite"	
<http://purl.obolibrary.org/obo/DDO.owl#DDO_0005708>	"pyrimidine analog"	
<http://purl.obolibrary.org/obo/DDO.owl#DDO_0005709>	"decitabine"	
<http://purl.obolibrary.org/obo/DDO.owl#DDO_0005725>	"desonide"	
<http://purl.obolibrary.org/obo/DDO.owl#DDO_0005726>	"desonide topical preparation"	
<http://purl.obolibrary.org/obo/DDO.owl#DDO_0005727>	"otic form desonide"	
<http://purl.obolibrary.org/obo/DDO.owl#DDO_0005728>	"dexamethasone preparation"	
<http://purl.obolibrary.org/obo/DDO.owl#DDO_0005729>	"desoximetasone"	
<http://purl.obolibrary.org/obo/DDO.owl#DDO_0005730>	"desoximetasone + salicylic acid"	
<http://purl.obolibrary.org/obo/DDO.owl#DDO_0005731>	"desoximetasone topical preparation"	
<http://purl.obolibrary.org/obo/DDO.owl#DDO_0005732>	"opiate"	
<http://purl.obolibrary.org/obo/DDO.owl#DDO_0005733>	"Morphinan opioid"	
<http://purl.obolibrary.org/obo/DDO.owl#DDO_0005734>	"Morphinan cough suppressant"	
<http://purl.obolibrary.org/obo/DDO.owl#DDO_0005735>	"dextromethorphan"	
<http://purl.obolibrary.org/obo/DDO.owl#DDO_0005736>	"dextromethorphan hydrobromide"	
<http://purl.obolibrary.org/obo/DDO.owl#DDO_0005737>	"respiratory drugs"	
<http://purl.obolibrary.org/obo/DDO.owl#DDO_0005738>	"cough/decongestant preparation"	
<http://purl.obolibrary.org/obo/DDO.owl#DDO_0005739>	"antitussive agent"	
<http://purl.obolibrary.org/obo/DDO.owl#DDO_0005751>	"antiallergenic drugs"	
<http://purl.obolibrary.org/obo/DDO.owl#DDO_0005752>	"Antihistamine"	
<http://purl.obolibrary.org/obo/DDO.owl#DDO_0005753>	"sedating antihistamine"	
<http://purl.obolibrary.org/obo/DDO.owl#DDO_0005754>	"promethazine"	
<http://purl.obolibrary.org/obo/DDO.owl#DDO_0005755>	"oral form promethazine"	
<http://purl.obolibrary.org/obo/DDO.owl#DDO_0005756>	"parenteral form promethazine"	
<http://purl.obolibrary.org/obo/DDO.owl#DDO_0005757>	"rectal promethazine"	
<http://purl.obolibrary.org/obo/DDO.owl#DDO_0005758>	"enalapril"	
<http://purl.obolibrary.org/obo/DDO.owl#DDO_0005759>	"enalapril maleate"	
<http://purl.obolibrary.org/obo/DDO.owl#DDO_0005765>	"antiarrhythmic drug"	
<http://purl.obolibrary.org/obo/DDO.owl#DDO_0005766>	"Class I antiarrhythmic drug"	
<http://purl.obolibrary.org/obo/DDO.owl#DDO_0005767>	"Class Ic antiarrhythmic drug"	
<http://purl.obolibrary.org/obo/DDO.owl#DDO_0005768>	"encainide"	
<http://purl.obolibrary.org/obo/DDO.owl#DDO_0005774>	"estropipate preparation"	
<http://purl.obolibrary.org/obo/DDO.owl#DDO_0005775>	"oral form estropipate"	
<http://purl.obolibrary.org/obo/DDO.owl#DDO_0005776>	"vaginal form estropipate"	
<http://purl.obolibrary.org/obo/DDO.owl#DDO_0005777>	"anabolic steroid preparation"	
<http://purl.obolibrary.org/obo/DDO.owl#DDO_0005778>	"testosterone preparation"	
<http://purl.obolibrary.org/obo/DDO.owl#DDO_0005779>	"methyltestosterone preparation"	
<http://purl.obolibrary.org/obo/DDO.owl#DDO_0005780>	"estrogens, esterified + methyltestosterone"	
<http://purl.obolibrary.org/obo/DDO.owl#DDO_0005781>	"yohimbine/pemoline/methyltestosterone"	
<http://purl.obolibrary.org/obo/DDO.owl#DDO_0005782>	"alkylating agent"	
<http://purl.obolibrary.org/obo/DDO.owl#DDO_0005783>	"nitrogen mustard derivative"	
<http://purl.obolibrary.org/obo/DDO.owl#DDO_0005784>	"estramustine"	
<http://purl.obolibrary.org/obo/DDO.owl#DDO_0005789>	"ethacrynic acid"	
<http://purl.obolibrary.org/obo/DDO.owl#DDO_0005793>	"loop diuretic"	
<http://purl.obolibrary.org/obo/DDO.owl#DDO_0005794>	"ethacrynic acid"	
<http://purl.obolibrary.org/obo/DDO.owl#DDO_0005799>	"xanthine oxidase inhibitor"	
<http://purl.obolibrary.org/obo/DDO.owl#DDO_0005800>	"febuxostat"	
<http://purl.obolibrary.org/obo/DDO.owl#DDO_0005807>	"formoterol"	
<http://purl.obolibrary.org/obo/DDO.owl#DDO_0005808>	"antiasthmatic agent"	
<http://purl.obolibrary.org/obo/DDO.owl#DDO_0005809>	"bronchodilator preparations"	
<http://purl.obolibrary.org/obo/DDO.owl#DDO_0005810>	"beta-adrenoceptor agonist"	
<http://purl.obolibrary.org/obo/DDO.owl#DDO_0005811>	"selective beta-2 adrenoceptor stimulants"	
<http://purl.obolibrary.org/obo/DDO.owl#DDO_0005817>	"fosinopril"	
<http://purl.obolibrary.org/obo/DDO.owl#DDO_0005821>	"furosemide"	
<http://purl.obolibrary.org/obo/DDO.owl#DDO_0005822>	"furosemide+potassium"	
<http://purl.obolibrary.org/obo/DDO.owl#DDO_0005823>	"oral form furosemide"	
<http://purl.obolibrary.org/obo/DDO.owl#DDO_0005824>	"parenteral form furosemide"	
<http://purl.obolibrary.org/obo/DDO.owl#DDO_0005826>	"Irbesartan"	
<http://purl.obolibrary.org/obo/DDO.owl#DDO_0005827>	"irbesartan"	
<http://purl.obolibrary.org/obo/DDO.owl#DDO_0005829>	"lisinopril"	
<http://purl.obolibrary.org/obo/DDO.owl#DDO_0005830>	"losartan"	
<http://purl.obolibrary.org/obo/DDO.owl#DDO_0005831>	"Losartan potassium"	
<http://purl.obolibrary.org/obo/DDO.owl#DDO_0005832>	"Losartan"	
<http://purl.obolibrary.org/obo/DDO.owl#DDO_0005833>	"Moexipril"	
<http://purl.obolibrary.org/obo/DDO.owl#DDO_0005834>	"moexipril hydrochloride"	
<http://purl.obolibrary.org/obo/DDO.owl#DDO_0005839>	"Quinapril"	
<http://purl.obolibrary.org/obo/DDO.owl#DDO_0005840>	"telmisartan"	
<http://purl.obolibrary.org/obo/DDO.owl#DDO_0005841>	"telmisartan"	
<http://purl.obolibrary.org/obo/DDO.owl#DDO_0005842>	"hydrochlorothiazide + telmisartan"	
<http://purl.obolibrary.org/obo/DDO.owl#DDO_0005843>	"telmisartan + amlodipine"	
<http://purl.obolibrary.org/obo/DDO.owl#DDO_0005844>	"valsartan"	
<http://purl.obolibrary.org/obo/DDO.owl#DDO_0005845>	"Valsartan"	
<http://purl.obolibrary.org/obo/DDO.owl#DDO_0005846>	"hydrocortisone preparation"	
<http://purl.obolibrary.org/obo/DDO.owl#DDO_0005847>	"hydrocortisone nasal preparation"	
<http://purl.obolibrary.org/obo/DDO.owl#DDO_0005848>	"hydrocortisone ophthalmic preparation"	
<http://purl.obolibrary.org/obo/DDO.owl#DDO_0005849>	"hydrocortisone eye ointment"	
<http://purl.obolibrary.org/obo/DDO.owl#DDO_0005850>	"hydrocortisone acetate eye ointment"	
<http://purl.obolibrary.org/obo/DDO.owl#DDO_0005851>	"hydrocortisone otic preparation"	
<http://purl.obolibrary.org/obo/DDO.owl#DDO_0005852>	"hydrocortisone topical preparation"	
<http://purl.obolibrary.org/obo/DDO.owl#DDO_0005853>	"hydrocortisone creams"	
<http://purl.obolibrary.org/obo/DDO.owl#DDO_0005854>	"hydrocortisone ointments"	
<http://purl.obolibrary.org/obo/DDO.owl#DDO_0005855>	"topical form compound hydrocortisone preparation"	
<http://purl.obolibrary.org/obo/DDO.owl#DDO_0005856>	"oral form hydrocortisone"	
<http://purl.obolibrary.org/obo/DDO.owl#DDO_0005857>	"parenteral form hydrocortisone"	
<http://purl.obolibrary.org/obo/DDO.owl#DDO_0005858>	"rectal hydrocortisone preparations"	
<http://purl.obolibrary.org/obo/DDO.owl#DDO_0005863>	"immunomodulator"	
<http://purl.obolibrary.org/obo/DDO.owl#DDO_0005864>	"interferon alfa"	
<http://purl.obolibrary.org/obo/DDO.owl#DDO_0005865>	"interferon alpha-2a preparation"	
<http://purl.obolibrary.org/obo/DDO.owl#DDO_0005866>	"cytokine preparation"	
<http://purl.obolibrary.org/obo/DDO.owl#DDO_0005869>	"interferon alpha-2b preparation"	
<http://purl.obolibrary.org/obo/DDO.owl#DDO_0005870>	"ribavirin"	
<http://purl.obolibrary.org/obo/DDO.owl#DDO_0005871>	"oral form ribavirin"	
<http://purl.obolibrary.org/obo/DDO.owl#DDO_0005872>	"respiratory form ribavirin"	
<http://purl.obolibrary.org/obo/DDO.owl#DDO_0005875>	"topoisomerase inhibitor"	
<http://purl.obolibrary.org/obo/DDO.owl#DDO_0005876>	"irinotecan"	
<http://purl.obolibrary.org/obo/DDO.owl#DDO_0005883>	"retinoid"	
<http://purl.obolibrary.org/obo/DDO.owl#DDO_0005884>	"isotretinoin"	
<http://purl.obolibrary.org/obo/DDO.owl#DDO_0005885>	"isotretinoin+erythromycin"	
<http://purl.obolibrary.org/obo/DDO.owl#DDO_0005886>	"oral form isotretinoin"	
<http://purl.obolibrary.org/obo/DDO.owl#DDO_0005887>	"topical form isotretinoin"	
<http://purl.obolibrary.org/obo/DDO.owl#DDO_0005890>	"levalbuterol"	
<http://purl.obolibrary.org/obo/DDO.owl#DDO_0005894>	"prednisolone preparation"	
<http://purl.obolibrary.org/obo/DDO.owl#DDO_0005895>	"oral form prednisolone"	
<http://purl.obolibrary.org/obo/DDO.owl#DDO_0005896>	"parenteral form prednisolone"	
<http://purl.obolibrary.org/obo/DDO.owl#DDO_0005897>	"prednisolone ophthalmic preparation"	
<http://purl.obolibrary.org/obo/DDO.owl#DDO_0005898>	"prednisolone drops"	
<http://purl.obolibrary.org/obo/DDO.owl#DDO_0005899>	"prednisolone sodium phosphate"	
<http://purl.obolibrary.org/obo/DDO.owl#DDO_0005900>	"rectal prednisolone preparations"	
<http://purl.obolibrary.org/obo/DDO.owl#DDO_0005901>	"topical form prednisolone"	
<http://purl.obolibrary.org/obo/DDO.owl#DDO_0005902>	"prednisone preparation"	
<http://purl.obolibrary.org/obo/DDO.owl#DDO_0005908>	"antiplatelet agent"	
<http://purl.obolibrary.org/obo/DDO.owl#DDO_0005909>	"aspirin"	
<http://purl.obolibrary.org/obo/DDO.owl#DDO_0005910>	"dipyridamole"	
<http://purl.obolibrary.org/obo/DDO.owl#DDO_0005912>	"chloramphenicol derivative"	
<http://purl.obolibrary.org/obo/DDO.owl#DDO_0005913>	"chloramphenicol"	
<http://purl.obolibrary.org/obo/DDO.owl#DDO_0005914>	"chloramphenicol ophthalmic preparation"	
<http://purl.obolibrary.org/obo/DDO.owl#DDO_0005916>	"chloramphenicol otic preparation"	
<http://purl.obolibrary.org/obo/DDO.owl#DDO_0005917>	"oral form chloramphenicol"	
<http://purl.obolibrary.org/obo/DDO.owl#DDO_0005918>	"parenteral form chloramphenicol"	
<http://purl.obolibrary.org/obo/DDO.owl#DDO_0005919>	"topical form chloramphenicol"	
<http://purl.obolibrary.org/obo/DDO.owl#DDO_0005923>	"antidiabetic preparation"	
<http://purl.obolibrary.org/obo/DDO.owl#DDO_0005924>	"hypoglycemic agent"	
<http://purl.obolibrary.org/obo/DDO.owl#DDO_0005925>	"oral hypoglycemic"	
<http://purl.obolibrary.org/obo/DDO.owl#DDO_0005942>	"Fosphenytoin"	
<http://purl.obolibrary.org/obo/DDO.owl#DDO_0005948>	"methylprednisolone preparation"	
<http://purl.obolibrary.org/obo/DDO.owl#DDO_0005949>	"oral form methylprednisolone"	
<http://purl.obolibrary.org/obo/DDO.owl#DDO_0005950>	"parenteral form methylprednisolone"	
<http://purl.obolibrary.org/obo/DDO.owl#DDO_0005951>	"topical form methylprednisolone"	
<http://purl.obolibrary.org/obo/DDO.owl#DDO_0005952>	"Metolazone"	
<http://purl.obolibrary.org/obo/DDO.owl#DDO_0005953>	"stimulant"	
<http://purl.obolibrary.org/obo/DDO.owl#DDO_0005954>	"analeptic agent"	
<http://purl.obolibrary.org/obo/DDO.owl#DDO_0005955>	"Modafinil"	
<http://purl.obolibrary.org/obo/DDO.owl#DDO_0005961>	"moxifloxacin product"	
<http://purl.obolibrary.org/obo/DDO.owl#DDO_0005962>	"ophthalmic form moxifloxacin"	
<http://purl.obolibrary.org/obo/DDO.owl#DDO_0005963>	"oral form moxifloxacin"	
<http://purl.obolibrary.org/obo/DDO.owl#DDO_0005964>	"parenteral form moxifloxacin"	
<http://purl.obolibrary.org/obo/DDO.owl#DDO_0005970>	"nitric oxide"	
<http://purl.obolibrary.org/obo/DDO.owl#DDO_0005973>	"Norgestrel preparation"	
<http://purl.obolibrary.org/obo/DDO.owl#DDO_0005974>	"nystatin"	
<http://purl.obolibrary.org/obo/DDO.owl#DDO_0005975>	"vaginal form nystatin"	
<http://purl.obolibrary.org/obo/DDO.owl#DDO_0005977>	"synthetic hormone"	
<http://purl.obolibrary.org/obo/DDO.owl#DDO_0005978>	"somatostatin"	
<http://purl.obolibrary.org/obo/DDO.owl#DDO_0005979>	"somatostatin analog"	
<http://purl.obolibrary.org/obo/DDO.owl#DDO_0005980>	"octreotide"	
<http://purl.obolibrary.org/obo/DDO.owl#DDO_0005983>	"L-asparaginase preparation"	
<http://purl.obolibrary.org/obo/DDO.owl#DDO_0005984>	"pegaspargase"	
<http://purl.obolibrary.org/obo/DDO.owl#DDO_0005988>	"Alpha-adrenoceptor agonist"	
<http://purl.obolibrary.org/obo/DDO.owl#DDO_0005989>	"Phenylephrine"	
<http://purl.obolibrary.org/obo/DDO.owl#DDO_0005990>	"nasal form phenylephrine"	
<http://purl.obolibrary.org/obo/DDO.owl#DDO_0005991>	"ophthalmic phenylephrine"	
<http://purl.obolibrary.org/obo/DDO.owl#DDO_0005992>	"Phenylephrine eye drops"	
<http://purl.obolibrary.org/obo/DDO.owl#DDO_0005993>	"oral form phenylephrine"	
<http://purl.obolibrary.org/obo/DDO.owl#DDO_0005994>	"otic form phenylephrine"	
<http://purl.obolibrary.org/obo/DDO.owl#DDO_0005995>	"parenteral form phenylephrine"	
<http://purl.obolibrary.org/obo/DDO.owl#DDO_0005996>	"rectal form phenylephrine"	
<http://purl.obolibrary.org/obo/DDO.owl#DDO_0005997>	"topical form phenylephrine"	
<http://purl.obolibrary.org/obo/DDO.owl#DDO_0006001>	"pseudoephedrine"	
<http://purl.obolibrary.org/obo/DDO.owl#DDO_0006002>	"pseudoephedrine compound product"	
<http://purl.obolibrary.org/obo/DDO.owl#DDO_0006003>	"antifolate"	
<http://purl.obolibrary.org/obo/DDO.owl#DDO_0006004>	"pralatrexate"	
<http://purl.obolibrary.org/obo/DDO.owl#DDO_0006012>	"mood stabilizing drug"	
<http://purl.obolibrary.org/obo/DDO.owl#DDO_0006013>	"hydrolase inhibitor"	
<http://purl.obolibrary.org/obo/DDO.owl#DDO_0006014>	"histone deacetylase inhibitor"	
<http://purl.obolibrary.org/obo/DDO.owl#DDO_0006015>	"romidepsin"	
<http://purl.obolibrary.org/obo/DDO.owl#DDO_0006019>	"salmeterol"	
<http://purl.obolibrary.org/obo/DDO.owl#DDO_0006022>	"sodium oxybate"	
<http://purl.obolibrary.org/obo/DDO.owl#DDO_0006024>	"hypothalamic/pituitary hormone"	
<http://purl.obolibrary.org/obo/DDO.owl#DDO_0006025>	"pituitary hormone preparation"	
<http://purl.obolibrary.org/obo/DDO.owl#DDO_0006026>	"anterior pituitary hormone"	
<http://purl.obolibrary.org/obo/DDO.owl#DDO_0006027>	"somatotropin preparation"	
<http://purl.obolibrary.org/obo/DDO.owl#DDO_0006028>	"human growth hormone recombinant preparation"	
<http://purl.obolibrary.org/obo/DDO.owl#DDO_0006029>	"somatropin"	
<http://purl.obolibrary.org/obo/DDO.owl#DDO_0006031>	"aquaretic"	
<http://purl.obolibrary.org/obo/DDO.owl#DDO_0006032>	"tolvaptan"	
<http://purl.obolibrary.org/obo/DDO.owl#DDO_0006036>	"hematologic drug"	
<http://purl.obolibrary.org/obo/DDO.owl#DDO_0006037>	"anticoagulant"	
<http://purl.obolibrary.org/obo/DDO.owl#DDO_0006038>	"indirect acting anticoagulant"	
<http://purl.obolibrary.org/obo/DDO.owl#DDO_0006039>	"coumarin anticoagulant"	
<http://purl.obolibrary.org/obo/DDO.owl#DDO_0006040>	"dicumarol"	
<http://purl.obolibrary.org/obo/DDO.owl#DDO_0006049>	"calcium channel blocking agent"	
<http://purl.obolibrary.org/obo/DDO.owl#DDO_0006050>	"diltiazem"	
<http://purl.obolibrary.org/obo/DDO.owl#DDO_0006051>	"oral form diltiazem"	
<http://purl.obolibrary.org/obo/DDO.owl#DDO_0006052>	"diltiazem m/r capsule"	
<http://purl.obolibrary.org/obo/DDO.owl#DDO_0006053>	"parenteral form diltiazem"	
<http://purl.obolibrary.org/obo/DDO.owl#DDO_0006054>	"Class Ia antiarrhythmic drug"	
<http://purl.obolibrary.org/obo/DDO.owl#DDO_0006055>	"disopyramide"	
<http://purl.obolibrary.org/obo/DDO.owl#DDO_0006056>	"oral form disopyramide"	
<http://purl.obolibrary.org/obo/DDO.owl#DDO_0006057>	"parenteral form disopyramide"	
<http://purl.obolibrary.org/obo/DDO.owl#DDO_0006061>	"carbonic anhydrase inhibitor"	
<http://purl.obolibrary.org/obo/DDO.owl#DDO_0006062>	"dorzolamide"	
<http://purl.obolibrary.org/obo/DDO.owl#DDO_0006068>	"morphine"	
<http://purl.obolibrary.org/obo/DDO.owl#DDO_0006069>	"morphine sulfate powder"	
<http://purl.obolibrary.org/obo/DDO.owl#DDO_0006070>	"oral form morphine"	
<http://purl.obolibrary.org/obo/DDO.owl#DDO_0006071>	"parenteral form morphine"	
<http://purl.obolibrary.org/obo/DDO.owl#DDO_0006072>	"morphine analgesic elixirs"	
<http://purl.obolibrary.org/obo/DDO.owl#DDO_0006073>	"morphine capsule"	
<http://purl.obolibrary.org/obo/DDO.owl#DDO_0006074>	"morphine hydrochloride powder"	
<http://purl.obolibrary.org/obo/DDO.owl#DDO_0006075>	"morphine oral granules"	
<http://purl.obolibrary.org/obo/DDO.owl#DDO_0006076>	"morphine tablets"	
<http://purl.obolibrary.org/obo/DDO.owl#DDO_0006077>	"rectal form morphine"	
<http://purl.obolibrary.org/obo/DDO.owl#DDO_0006093>	"nifedipine"	
<http://purl.obolibrary.org/obo/DDO.owl#DDO_0006094>	"oral form nifedipine"	
<http://purl.obolibrary.org/obo/DDO.owl#DDO_0006095>	"parenteral form nifedipine"	
<http://purl.obolibrary.org/obo/DDO.owl#DDO_0006104>	"drugs for the treatment of gout"	
<http://purl.obolibrary.org/obo/DDO.owl#DDO_0006105>	"uricosuric agent"	
<http://purl.obolibrary.org/obo/DDO.owl#DDO_0006106>	"probenecid"	
<http://purl.obolibrary.org/obo/DDO.owl#DDO_0006107>	"antimalarial agent"	
<http://purl.obolibrary.org/obo/DDO.owl#DDO_0006108>	"Cinchona antimalarial"	
<http://purl.obolibrary.org/obo/DDO.owl#DDO_0006109>	"quinine"	
<http://purl.obolibrary.org/obo/DDO.owl#DDO_0006120>	"streptogramin"	
<http://purl.obolibrary.org/obo/DDO.owl#DDO_0006121>	"Quinupristin"	
<http://purl.obolibrary.org/obo/DDO.owl#DDO_0006124>	"Dalfopristin"	
<http://purl.obolibrary.org/obo/DDO.owl#DDO_0006126>	"ritodrine"	
<http://purl.obolibrary.org/obo/DDO.owl#DDO_0006127>	"oral form ritodrine"	
<http://purl.obolibrary.org/obo/DDO.owl#DDO_0006128>	"parenteral form ritodrine"	
<http://purl.obolibrary.org/obo/DDO.owl#DDO_0006132>	"antiparkinsonian agent"	
<http://purl.obolibrary.org/obo/DDO.owl#DDO_0006133>	"dopamine agonist product"	
<http://purl.obolibrary.org/obo/DDO.owl#DDO_0006134>	"rotigotine"	
<http://purl.obolibrary.org/obo/DDO.owl#DDO_0006141>	"salsalate"	
<http://purl.obolibrary.org/obo/DDO.owl#DDO_0006143>	"saxagliptin"	
<http://purl.obolibrary.org/obo/DDO.owl#DDO_0006148>	"streptozocin"	
<http://purl.obolibrary.org/obo/DDO.owl#DDO_0006157>	"anesthetic"	
<http://purl.obolibrary.org/obo/DDO.owl#DDO_0006158>	"local anesthetic"	
<http://purl.obolibrary.org/obo/DDO.owl#DDO_0006159>	"ester type local anesthetic"	
<http://purl.obolibrary.org/obo/DDO.owl#DDO_0006160>	"tetracaine"	
<http://purl.obolibrary.org/obo/DDO.owl#DDO_0006161>	"topical form tetracaine"	
<http://purl.obolibrary.org/obo/DDO.owl#DDO_0006162>	"parenteral form tetracaine"	
<http://purl.obolibrary.org/obo/DDO.owl#DDO_0006163>	"oropharyngeal form tetracaine"	
<http://purl.obolibrary.org/obo/DDO.owl#DDO_0006164>	"ophthalmic form tetracaine"	
<http://purl.obolibrary.org/obo/DDO.owl#DDO_0006165>	"xanthine bronchodilators"	
<http://purl.obolibrary.org/obo/DDO.owl#DDO_0006166>	"theophylline"	
<http://purl.obolibrary.org/obo/DDO.owl#DDO_0006167>	"oral form theophylline"	
<http://purl.obolibrary.org/obo/DDO.owl#DDO_0006168>	"theophylline m/r"	
<http://purl.obolibrary.org/obo/DDO.owl#DDO_0006169>	"oxtriphylline"	
<http://purl.obolibrary.org/obo/DDO.owl#DDO_0006170>	"parenteral form theophylline"	
<http://purl.obolibrary.org/obo/DDO.owl#DDO_0006171>	"theophylline sodium glycinate"	
<http://purl.obolibrary.org/obo/DDO.owl#DDO_0006172>	"respiratory smooth muscle relaxant"	
<http://purl.obolibrary.org/obo/DDO.owl#DDO_0006181>	"verapamil"	
<http://purl.obolibrary.org/obo/DDO.owl#DDO_0006182>	"oral form verapamil"	
<http://purl.obolibrary.org/obo/DDO.owl#DDO_0006183>	"modified release verapamil"	
<http://purl.obolibrary.org/obo/DDO.owl#DDO_0006184>	"parenteral form verapamil"	
<http://purl.obolibrary.org/obo/DDO.owl#DDO_0006185>	"Class IV antiarrhythmic drug"	
<http://purl.obolibrary.org/obo/DDO.owl#DDO_0006192>	"central alpha-adrenoceptor agonist"	
<http://purl.obolibrary.org/obo/DDO.owl#DDO_0006193>	"clonidine"	
<http://purl.obolibrary.org/obo/DDO.owl#DDO_0006194>	"oral form clonidine"	
<http://purl.obolibrary.org/obo/DDO.owl#DDO_0006195>	"parenteral form clonidine"	
<http://purl.obolibrary.org/obo/DDO.owl#DDO_0006196>	"transdermal clonidine"	
<http://purl.obolibrary.org/obo/DDO.owl#DDO_0006199>	"antimycobacterial agent"	
<http://purl.obolibrary.org/obo/DDO.owl#DDO_0006200>	"antituberculous drugs"	
<http://purl.obolibrary.org/obo/DDO.owl#DDO_0006201>	"rifampin"	
<http://purl.obolibrary.org/obo/DDO.owl#DDO_0006202>	"oral form rifampicin"	
<http://purl.obolibrary.org/obo/DDO.owl#DDO_0006203>	"parenteral form rifampicin"	
<http://purl.obolibrary.org/obo/DDO.owl#DDO_0006204>	"transferase inhibitor"	
<http://purl.obolibrary.org/obo/DDO.owl#DDO_0006205>	"phosphotransferase inhibitor"	
<http://purl.obolibrary.org/obo/DDO.owl#DDO_0006206>	"protein kinase inhibitor"	
<http://purl.obolibrary.org/obo/DDO.owl#DDO_0006207>	"protein-tyrosine kinase inhibitor"	
<http://purl.obolibrary.org/obo/DDO.owl#DDO_0006208>	"sunitinib"	
<http://purl.obolibrary.org/obo/DDO.owl#DDO_0006209>	"epidermal growth factor receptor inhibitor"	
<http://purl.obolibrary.org/obo/DDO.owl#DDO_0006213>	"torsemide"	
<http://purl.obolibrary.org/obo/DDO.owl#DDO_0006214>	"oral form torsemide"	
<http://purl.obolibrary.org/obo/DDO.owl#DDO_0006215>	"parenteral form torsemide"	
<http://purl.obolibrary.org/obo/DDO.owl#DDO_0006222>	"triamcinolone preparation"	
<http://purl.obolibrary.org/obo/DDO.owl#DDO_0006223>	"triamcinolone hexacetonide"	
<http://purl.obolibrary.org/obo/DDO.owl#DDO_0006224>	"triamcinolone acetonide topical preparation"	
<http://purl.obolibrary.org/obo/DDO.owl#DDO_0006225>	"topical form triamcinolone"	
<http://purl.obolibrary.org/obo/DDO.owl#DDO_0006226>	"respiratory form triamcinolone"	
<http://purl.obolibrary.org/obo/DDO.owl#DDO_0006227>	"parenteral form triamcinolone"	
<http://purl.obolibrary.org/obo/DDO.owl#DDO_0006228>	"otic form triamcinolone"	
<http://purl.obolibrary.org/obo/DDO.owl#DDO_0006229>	"triamcinolone dental paste"	
<http://purl.obolibrary.org/obo/DDO.owl#DDO_0006230>	"oropharyngeal form triamcinolone"	
<http://purl.obolibrary.org/obo/DDO.owl#DDO_0006231>	"oral form triamcinolone"	
<http://purl.obolibrary.org/obo/DDO.owl#DDO_0006232>	"nasal triamcinolone"	
<http://purl.obolibrary.org/obo/DDO.owl#DDO_0006237>	"valproic acid"	
<http://purl.obolibrary.org/obo/DDO.owl#DDO_0006238>	"valproate"	
<http://purl.obolibrary.org/obo/DDO.owl#DDO_0006239>	"oral form sodium valproate"	
<http://purl.obolibrary.org/obo/DDO.owl#DDO_0006240>	"parenteral form sodium valproate"	
<http://purl.obolibrary.org/obo/DDO.owl#DDO_0006272>	"hammer toe"	
<http://purl.obolibrary.org/obo/DDO.owl#DDO_0006273>	"acquired hallux malleus"	
<http://purl.obolibrary.org/obo/DDO.owl#DDO_0006274>	"congenital hammer toe"	
<http://purl.obolibrary.org/obo/DDO.owl#DDO_0006275>	"Bartter syndrome"	
<http://purl.obolibrary.org/obo/DDO.owl#DDO_0006276>	"Bartter syndrome type 3"	
<http://purl.obolibrary.org/obo/DDO.owl#DDO_0006277>	"Bartter's syndrome with hypercalciuria and nephrocalcinosis"	
<http://purl.obolibrary.org/obo/DDO.owl#DDO_0006278>	"Bartter syndrome antenatal type 1"	
<http://purl.obolibrary.org/obo/DDO.owl#DDO_0006279>	"Bartter syndrome antenatal type 2"	
<http://purl.obolibrary.org/obo/DDO.owl#DDO_0006280>	"Bartter syndrome type 4"	
<http://purl.obolibrary.org/obo/DDO.owl#DDO_0006281>	"onychomycosis"	
<http://purl.obolibrary.org/obo/DDO.owl#DDO_0006282>	"distal and lateral subungual onychomycosis"	
<http://purl.obolibrary.org/obo/DDO.owl#DDO_0006283>	"infected bunion"	
<http://purl.obolibrary.org/obo/DDO.owl#DDO_0006284>	"kartagener syndrome"	
<http://purl.obolibrary.org/obo/DDO.owl#DDO_0006285>	"metabolic syndrome X"	
<http://purl.obolibrary.org/obo/DDO.owl#DDO_0006915>	"chloramphenicol eye drops"	
<http://purl.obolibrary.org/obo/DDO.owl#DDO_0008990>	"decreased insulin response to glucose"	
<http://purl.obolibrary.org/obo/DDO.owl#DDO_0009000>	"disorder of lipoprotein AND/OR lipid metabolism"	
<http://purl.obolibrary.org/obo/DDO.owl#DDO_0009001>	"lipoprotein deficiency disorder"	
<http://purl.obolibrary.org/obo/DDO.owl#DDO_0009002>	"hypoalphalipoproteinemia"	
<http://purl.obolibrary.org/obo/DDO.owl#DDO_0009003>	"lecithin cholesterol acyltransferase deficiency"	
<http://purl.obolibrary.org/obo/DDO.owl#DDO_0009004>	"fish-eye disease"	
<http://purl.obolibrary.org/obo/DDO.owl#DDO_0009023>	"metabolic pancreatitis"	
<http://purl.obolibrary.org/obo/DDO.owl#DDO_0009024>	"infectious pancreatitis"	
<http://purl.obolibrary.org/obo/DDO.owl#DDO_0009025>	"acute suppurative pancreatitis"	
<http://purl.obolibrary.org/obo/DDO.owl#DDO_0009026>	"suppurative pancreatitis"	
<http://purl.obolibrary.org/obo/DDO.owl#DDO_0009027>	"mumps pancreatitis"	
<http://purl.obolibrary.org/obo/DDO.owl#DDO_0009028>	"cytomegaloviral pancreatitis"	
<http://purl.obolibrary.org/obo/DDO.owl#DDO_0009029>	"viral acute pancreatitis"	
<http://purl.obolibrary.org/obo/DDO.owl#DDO_0009030>	"acute suppurative pancreatitis"	
<http://purl.obolibrary.org/obo/DDO.owl#DDO_0009031>	"acute pancreatitis due to infection"	
<http://purl.obolibrary.org/obo/DDO.owl#DDO_0009032>	"hemolytic uremic syndrome"	
<http://purl.obolibrary.org/obo/DDO.owl#DDO_0009035>	"hemolytic uremic syndrome, adult type"	
<http://purl.obolibrary.org/obo/DDO.owl#DDO_0009036>	"hemolytic uremic syndrome of childhood"	
<http://purl.obolibrary.org/obo/DDO.owl#DDO_0009037>	"diarrhea-negative hemolytic uremic syndrome"	
<http://purl.obolibrary.org/obo/DDO.owl#DDO_0009038>	"diarrhea-associated hemolytic uremic syndrome"	
<http://purl.obolibrary.org/obo/DDO.owl#DDO_0009039>	"congenital hemolytic uremic syndrome"	
<http://purl.obolibrary.org/obo/DDO.owl#DDO_0009040>	"hepatorenal syndrome"	
<http://purl.obolibrary.org/obo/DDO.owl#DDO_0009041>	"hepatorenal syndrome following delivery"	
<http://purl.obolibrary.org/obo/DDO.owl#DDO_0009042>	"hepatorenal syndrome due to a procedure"	
<http://purl.obolibrary.org/obo/DDO.owl#DDO_0009043>	"hepatorenal syndrome as a complication of care"	
<http://purl.obolibrary.org/obo/DDO.owl#DDO_0009044>	"familial arthrogryposis-cholestatic hepatorenal syndrome"	
<http://purl.obolibrary.org/obo/DDO.owl#DDO_0009045>	"acute nephropathy"	
<http://purl.obolibrary.org/obo/DDO.owl#DDO_0009046>	"caliectasis"	
<http://purl.obolibrary.org/obo/DDO.owl#DDO_0009047>	"acquired caliectasis"	
<http://purl.obolibrary.org/obo/DDO.owl#DDO_0009048>	"megacalycosis"	
<http://purl.obolibrary.org/obo/DDO.owl#DDO_0009049>	"pyelectasia"	
<http://purl.obolibrary.org/obo/DDO.owl#DDO_0009050>	"fetal pyelectasis"	
<http://purl.obolibrary.org/obo/DDO.owl#DDO_0009051>	"pyelonephritis"	
<http://purl.obolibrary.org/obo/DDO.owl#DDO_0009052>	"acute pyelonephritis"	
<http://purl.obolibrary.org/obo/DDO.owl#DDO_0009053>	"emphysematous pyelonephritis"	
<http://purl.obolibrary.org/obo/DDO.owl#DDO_0009054>	"focal pyelonephritis"	
<http://purl.obolibrary.org/obo/DDO.owl#DDO_0009055>	"calculous pyelonephritis"	
<http://purl.obolibrary.org/obo/DDO.owl#DDO_0009056>	"Candida pyelonephritis"	
<http://purl.obolibrary.org/obo/DDO.owl#DDO_0009057>	"chronic pyelonephritis"	
<http://purl.obolibrary.org/obo/DDO.owl#DDO_0009058>	"chronic obstructive pyelonephritis"	
<http://purl.obolibrary.org/obo/DDO.owl#DDO_0009059>	"xanthogranulomatous pyelonephritis"	
<http://purl.obolibrary.org/obo/DDO.owl#DDO_0009060>	"obstructive pyelonephritis"	
<http://purl.obolibrary.org/obo/DDO.owl#DDO_0009061>	"mycoplasmal pyelonephritis"	
<http://purl.obolibrary.org/obo/DDO.owl#DDO_0009062>	"diffuse pyelonephritis"	
<http://purl.obolibrary.org/obo/DDO.owl#DDO_0009063>	"renal abscess"	
<http://purl.obolibrary.org/obo/DDO.owl#DDO_0009064>	"uremia"	
<http://purl.obolibrary.org/obo/DDO.owl#DDO_0009065>	"chronic hypertensive uremia"	
<http://purl.obolibrary.org/obo/DDO.owl#DDO_0009066>	"extrarenal uremia"	
<http://purl.obolibrary.org/obo/DDO.owl#DDO_0009067>	"uremic acidosis"	
<http://purl.obolibrary.org/obo/DDO.owl#DDO_0009068>	"uremic neuropathy"	
<http://purl.obolibrary.org/obo/DDO.owl#DDO_0009069>	"malignant adenomatous neoplasm"	
<http://purl.obolibrary.org/obo/DDO.owl#DDO_0009070>	"amyloidosis"	
<http://purl.obolibrary.org/obo/DDO.owl#DDO_0009071>	"anhidrosis"	
<http://purl.obolibrary.org/obo/DDO.owl#DDO_0009072>	"chronic idiopathic anhidrosis"	
<http://purl.obolibrary.org/obo/DDO.owl#DDO_0009073>	"tropical anhidrotic asthenia"	
<http://purl.obolibrary.org/obo/DDO.owl#DDO_0009074>	"azotemia"	
<http://purl.obolibrary.org/obo/DDO.owl#DDO_0009075>	"postrenal azotemia"	
<http://purl.obolibrary.org/obo/DDO.owl#DDO_0009076>	"prerenal azotemia"	
<http://purl.obolibrary.org/obo/DDO.owl#DDO_0009077>	"backache"	
<http://purl.obolibrary.org/obo/DDO.owl#DDO_0009078>	"cerebral amyloid angiopathy"	
<http://purl.obolibrary.org/obo/DDO.owl#DDO_0009079>	"hereditary cystatin C amyloid angiopathy"	
<http://purl.obolibrary.org/obo/DDO.owl#DDO_0009080>	"sporadic cerebral amyloid angiopathy"	
<http://purl.obolibrary.org/obo/DDO.owl#DDO_0009082>	"disorder of the central nervous system"	
<http://purl.obolibrary.org/obo/DDO.owl#DDO_0009083>	"disorder of brain"	
<http://purl.obolibrary.org/obo/DDO.owl#DDO_0009084>	"cerebral atrophy"	
<http://purl.obolibrary.org/obo/DDO.owl#DDO_0009085>	"arteriopathic granular atrophy of cerebral cortex"	
<http://purl.obolibrary.org/obo/DDO.owl#DDO_0009086>	"circumscribed atrophy of brain"	
<http://purl.obolibrary.org/obo/DDO.owl#DDO_0009087>	"chest pain"	
<http://purl.obolibrary.org/obo/DDO.owl#DDO_0009088>	"cardiac chest pain"	
<http://purl.obolibrary.org/obo/DDO.owl#DDO_0009089>	"atypical chest pain"	
<http://purl.obolibrary.org/obo/DDO.owl#DDO_0009090>	"acute chest pain"	
<http://purl.obolibrary.org/obo/DDO.owl#DDO_0009091>	"cardiac syndrome X"	
<http://purl.obolibrary.org/obo/DDO.owl#DDO_0009092>	"cholecystitis"	
<http://purl.obolibrary.org/obo/DDO.owl#DDO_0009093>	"acute and chronic cholecystitis"	
<http://purl.obolibrary.org/obo/DDO.owl#DDO_0009094>	"acute angiocholecystitis"	
<http://purl.obolibrary.org/obo/DDO.owl#DDO_0009095>	"acute cholecystitis"	
<http://purl.obolibrary.org/obo/DDO.owl#DDO_0009096>	"acute gangrenous cholecystitis"	
<http://purl.obolibrary.org/obo/DDO.owl#DDO_0009097>	"acute hemorrhagic cholecystitis"	
<http://purl.obolibrary.org/obo/DDO.owl#DDO_0009098>	"acute suppurative cholecystitis"	
<http://purl.obolibrary.org/obo/DDO.owl#DDO_0009099>	"angiocholecystitis"	
<http://purl.obolibrary.org/obo/DDO.owl#DDO_0009100>	"calculus of bile duct with cholecystitis"	
<http://purl.obolibrary.org/obo/DDO.owl#DDO_0009101>	"calculus of gallbladder with cholecystitis"	
<http://purl.obolibrary.org/obo/DDO.owl#DDO_0009102>	"cholecystitis glandularis proliferans"	
<http://purl.obolibrary.org/obo/DDO.owl#DDO_0009103>	"chronic cholecystitis"	
<http://purl.obolibrary.org/obo/DDO.owl#DDO_0009104>	"hyperplastic cholecystitis"	
<http://purl.obolibrary.org/obo/DDO.owl#DDO_0009105>	"pneumocholecystitis"	
<http://purl.obolibrary.org/obo/DDO.owl#DDO_0009106>	"acute emphysematous cholecystitis"	
<http://purl.obolibrary.org/obo/DDO.owl#DDO_0009107>	"xanthogranulomatous cholecystitis"	
<http://purl.obolibrary.org/obo/DDO.owl#DDO_0009108>	"cholestasis"	
<http://purl.obolibrary.org/obo/DDO.owl#DDO_0009109>	"intrahepatic cholestasis"	
<http://purl.obolibrary.org/obo/DDO.owl#DDO_0009110>	"chronic allergic bronchitis"	
<http://purl.obolibrary.org/obo/DDO.owl#DDO_0009111>	"chronic mucus hypersecretion"	
<http://purl.obolibrary.org/obo/DDO.owl#DDO_0009112>	"chronic obliterative bronchiolitis"	
<http://purl.obolibrary.org/obo/DDO.owl#DDO_0009113>	"emphysematous bronchitis"	
<http://purl.obolibrary.org/obo/DDO.owl#DDO_0009114>	"fetid chronic bronchitis"	
<http://purl.obolibrary.org/obo/DDO.owl#DDO_0009115>	"mucopurulent chronic bronchitis"	
<http://purl.obolibrary.org/obo/DDO.owl#DDO_0009116>	"occupational bronchitis"	
<http://purl.obolibrary.org/obo/DDO.owl#DDO_0009117>	"disorder of digestive tract"	
<http://purl.obolibrary.org/obo/DDO.owl#DDO_0009118>	"disorder of gastrointestinal tract"	
<http://purl.obolibrary.org/obo/DDO.owl#DDO_0009119>	"diarrheal disorder"	
<http://purl.obolibrary.org/obo/DDO.owl#DDO_0009120>	"chronic diarrhea"	
<http://purl.obolibrary.org/obo/DDO.owl#DDO_0009122>	"stupor"	
<http://purl.obolibrary.org/obo/DDO.owl#DDO_0009123>	"wooziness"	
<http://purl.obolibrary.org/obo/DDO.owl#DDO_0009124>	"heart failure"	
<http://purl.obolibrary.org/obo/DDO.owl#DDO_0009125>	"congestive heart failure"	
<http://purl.obolibrary.org/obo/DDO.owl#DDO_0009126>	"acute congestive heart failure"	
<http://purl.obolibrary.org/obo/DDO.owl#DDO_0009127>	"biventricular congestive heart failure"	
<http://purl.obolibrary.org/obo/DDO.owl#DDO_0009128>	"chronic congestive heart failure"	
<http://purl.obolibrary.org/obo/DDO.owl#DDO_0009129>	"congestive heart failure stage C"	
<http://purl.obolibrary.org/obo/DDO.owl#DDO_0009130>	"congestive heart failure stage D"	
<http://purl.obolibrary.org/obo/DDO.owl#DDO_0009131>	"congestive rheumatic heart failure"	
<http://purl.obolibrary.org/obo/DDO.owl#DDO_0009132>	"disorder of cardiac function"	
<http://purl.obolibrary.org/obo/DDO.owl#DDO_0009133>	"heart disease"	
<http://purl.obolibrary.org/obo/DDO.owl#DDO_0009134>	"disorder of coronary artery"	
<http://purl.obolibrary.org/obo/DDO.owl#DDO_0009135>	"calcification of coronary artery"	
<http://purl.obolibrary.org/obo/DDO.owl#DDO_0009136>	"congenital coronary artery calcification"	
<http://purl.obolibrary.org/obo/DDO.owl#DDO_0009137>	"structural disorder of heart"	
<http://purl.obolibrary.org/obo/DDO.owl#DDO_0009138>	"coronary occlusion"	
<http://purl.obolibrary.org/obo/DDO.owl#DDO_0009139>	"coronary artery stenosis"	
<http://purl.obolibrary.org/obo/DDO.owl#DDO_0009140>	"congenital stenosis of distal coronary artery"	
<http://purl.obolibrary.org/obo/DDO.owl#DDO_0009141>	"coronary graft stenosis"	
<http://purl.obolibrary.org/obo/DDO.owl#DDO_0009142>	"coronary ostium stenosis"	
<http://purl.obolibrary.org/obo/DDO.owl#DDO_0009143>	"coronary stricture"	
<http://purl.obolibrary.org/obo/DDO.owl#DDO_0009162>	"decreased bone mineral content"	
<http://purl.obolibrary.org/obo/DDO.owl#DDO_0009163>	"decreased bone mineral density"	
<http://purl.obolibrary.org/obo/DDO.owl#DDO_0009164>	"decreased circulating insulin level"	
<http://purl.obolibrary.org/obo/DDO.owl#DDO_0009165>	"decreased creatinine clearance"	
<http://purl.obolibrary.org/obo/DDO.owl#DDO_0009166>	"decreased glucokinase activity"	
<http://purl.obolibrary.org/obo/DDO.owl#DDO_0009167>	"decreased heart rate"	
<http://purl.obolibrary.org/obo/DDO.owl#DDO_0009168>	"decreased insulin secretion"	
<http://purl.obolibrary.org/obo/DDO.owl#DDO_0009169>	"decreased lean body mass"	
<http://purl.obolibrary.org/obo/DDO.owl#DDO_0009170>	"Decreased liver function"	
<http://purl.obolibrary.org/obo/DDO.owl#DDO_0009171>	"decreased liver weight"	
<http://purl.obolibrary.org/obo/DDO.owl#DDO_0009172>	"Decreased nerve conduction velocity"	
<http://purl.obolibrary.org/obo/DDO.owl#DDO_0009173>	"decreased pancreatic beta cell mass"	
<http://purl.obolibrary.org/obo/DDO.owl#DDO_0009174>	"decreased renal glomerular filtration rate"	
<http://purl.obolibrary.org/obo/DDO.owl#DDO_0009175>	"decreased survivor rate"	
<http://purl.obolibrary.org/obo/DDO.owl#DDO_0009176>	"fluid volume disorder"	
<http://purl.obolibrary.org/obo/DDO.owl#DDO_0009177>	"dehydration"	
<http://purl.obolibrary.org/obo/DDO.owl#DDO_0009178>	"hypernatremic dehydration"	
<http://purl.obolibrary.org/obo/DDO.owl#DDO_0009179>	"isonatremic dehydration"	
<http://purl.obolibrary.org/obo/DDO.owl#DDO_0009180>	"mild dehydration"	
<http://purl.obolibrary.org/obo/DDO.owl#DDO_0009181>	"moderate dehydration"	
<http://purl.obolibrary.org/obo/DDO.owl#DDO_0009182>	"neonatal dehydration"	
<http://purl.obolibrary.org/obo/DDO.owl#DDO_0009183>	"delayed wound healing"	
<http://purl.obolibrary.org/obo/DDO.owl#DDO_0009184>	"disorder of autonomic nervous system"	
<http://purl.obolibrary.org/obo/DDO.owl#DDO_0009185>	"acute pandysautonomia"	
<http://purl.obolibrary.org/obo/DDO.owl#DDO_0009187>	"autonomic dysreflexia"	
<http://purl.obolibrary.org/obo/DDO.owl#DDO_0009188>	"autonomic hyperreflexia of bladder"	
<http://purl.obolibrary.org/obo/DDO.owl#DDO_00091883>	"severe dehydration"	
<http://purl.obolibrary.org/obo/DDO.owl#DDO_0009189>	"difficulty breathing"	
<http://purl.obolibrary.org/obo/DDO.owl#DDO_0009190>	"dyspnea"	
<http://purl.obolibrary.org/obo/DDO.owl#DDO_0009191>	"dyspnea, class IV"	
<http://purl.obolibrary.org/obo/DDO.owl#DDO_0009192>	"dyspnea, class III"	
<http://purl.obolibrary.org/obo/DDO.owl#DDO_0009193>	"dyspnea, class II"	
<http://purl.obolibrary.org/obo/DDO.owl#DDO_0009194>	"dyspnea, class I"	
<http://purl.obolibrary.org/obo/DDO.owl#DDO_0009195>	"orthopnea"	
<http://purl.obolibrary.org/obo/DDO.owl#DDO_0009196>	"paroxysmal dyspnea"	
<http://purl.obolibrary.org/obo/DDO.owl#DDO_0009197>	"platypnea"	
<http://purl.obolibrary.org/obo/DDO.owl#DDO_0009198>	"trepopnea"	
<http://purl.obolibrary.org/obo/DDO.owl#DDO_0009199>	"genitourinary pain"	
<http://purl.obolibrary.org/obo/DDO.owl#DDO_0009200>	"dysuria"	
<http://purl.obolibrary.org/obo/DDO.owl#DDO_0009201>	"psychic dysuria"	
<http://purl.obolibrary.org/obo/DDO.owl#DDO_0009202>	"scalding pain on urination"	
<http://purl.obolibrary.org/obo/DDO.owl#DDO_0009203>	"edema"	
<http://purl.obolibrary.org/obo/DDO.owl#DDO_0009204>	"anasarca"	
<http://purl.obolibrary.org/obo/DDO.owl#DDO_0009205>	"renal anasarca"	
<http://purl.obolibrary.org/obo/DDO.owl#DDO_0009206>	"brawny edema"	
<http://purl.obolibrary.org/obo/DDO.owl#DDO_0009207>	"pitting edema"	
<http://purl.obolibrary.org/obo/DDO.owl#DDO_0009208>	"non-pitting edema"	
<http://purl.obolibrary.org/obo/DDO.owl#DDO_0009209>	"Elevated hepatic transaminases"	
<http://purl.obolibrary.org/obo/DDO.owl#DDO_0009210>	"emphysema"	
<http://purl.obolibrary.org/obo/DDO.owl#DDO_0009211>	"interstitial emphysema"	
<http://purl.obolibrary.org/obo/DDO.owl#DDO_0009212>	"chronic emphysema"	
<http://purl.obolibrary.org/obo/DDO.owl#DDO_0009213>	"acute emphysema"	
<http://purl.obolibrary.org/obo/DDO.owl#DDO_0009214>	"glucose level"	
<http://purl.obolibrary.org/obo/DDO.owl#DDO_0009216>	"hypoacusis"	
<http://purl.obolibrary.org/obo/DDO.owl#DDO_0009217>	"hemiplegia"	
<http://purl.obolibrary.org/obo/DDO.owl#DDO_0009218>	"hepatic fibrosis"	
<http://purl.obolibrary.org/obo/DDO.owl#DDO_0009219>	"hepatic necrosis"	
<http://purl.obolibrary.org/obo/DDO.owl#DDO_0009220>	"acute necrosis of liver"	
<http://purl.obolibrary.org/obo/DDO.owl#DDO_0009221>	"acute multi-acinar necrosis of liver"	
<http://purl.obolibrary.org/obo/DDO.owl#DDO_0009222>	"central hemorrhagic necrosis of liver"	
<http://purl.obolibrary.org/obo/DDO.owl#DDO_0009223>	"diffuse hepatic necrosis"	
<http://purl.obolibrary.org/obo/DDO.owl#DDO_0009224>	"focal hepatic necrosis"	
<http://purl.obolibrary.org/obo/DDO.owl#DDO_0009225>	"Centrilobular hepatic necrosis"	
<http://purl.obolibrary.org/obo/DDO.owl#DDO_0009226>	"solitary necrotic nodule of liver"	
<http://purl.obolibrary.org/obo/DDO.owl#DDO_0009227>	"hepatic infarction"	
<http://purl.obolibrary.org/obo/DDO.owl#DDO_0009228>	"hepatomegaly"	
<http://purl.obolibrary.org/obo/DDO.owl#DDO_0009230>	"congenital hepatomegaly"	
<http://purl.obolibrary.org/obo/DDO.owl#DDO_0009231>	"congenital syphilitic hepatomegaly"	
<http://purl.obolibrary.org/obo/DDO.owl#DDO_0009232>	"hepatosplenomegaly"	
<http://purl.obolibrary.org/obo/DDO.owl#DDO_0009233>	"neonatal hepatosplenomegaly"	
<http://purl.obolibrary.org/obo/DDO.owl#DDO_0009234>	"Mauriac's syndrome"	
<http://purl.obolibrary.org/obo/DDO.owl#DDO_0009235>	"disorder of hair growth"	
<http://purl.obolibrary.org/obo/DDO.owl#DDO_0009237>	"hirsutism"	
<http://purl.obolibrary.org/obo/DDO.owl#DDO_0009238>	"familial hirsutism"	
<http://purl.obolibrary.org/obo/DDO.owl#DDO_0009239>	"female hirsutism"	
<http://purl.obolibrary.org/obo/DDO.owl#DDO_000924>	"epidemic hemorrhagic conjunctivitis"	
<http://purl.obolibrary.org/obo/DDO.owl#DDO_0009240>	"idiopathic hirsutism"	
<http://purl.obolibrary.org/obo/DDO.owl#DDO_0009241>	"disorder of blood gas"	
<http://purl.obolibrary.org/obo/DDO.owl#DDO_0009242>	"hypercapnia"	
<http://purl.obolibrary.org/obo/DDO.owl#DDO_0009243>	"chronic hypercapnia"	
<http://purl.obolibrary.org/obo/DDO.owl#DDO_0009245>	"disorder of adrenal gland"	
<http://purl.obolibrary.org/obo/DDO.owl#DDO_0009246>	"hypercortisolism"	
<http://purl.obolibrary.org/obo/DDO.owl#DDO_0009247>	"iatrogenic Cushing's disease"	
<http://purl.obolibrary.org/obo/DDO.owl#DDO_0009248>	"idiopathic Cushing's syndrome"	
<http://purl.obolibrary.org/obo/DDO.owl#DDO_0009249>	"hyperesthesia"	
<http://purl.obolibrary.org/obo/DDO.owl#DDO_0009250>	"abdominal hyperesthesia"	
<http://purl.obolibrary.org/obo/DDO.owl#DDO_0009251>	"allodynia"	
<http://purl.obolibrary.org/obo/DDO.owl#DDO_0009252>	"cutaneous allodynia"	
<http://purl.obolibrary.org/obo/DDO.owl#DDO_0009253>	"hyperalgesia"	
<http://purl.obolibrary.org/obo/DDO.owl#DDO_0009254>	"cutaneous hyperalgesia"	
<http://purl.obolibrary.org/obo/DDO.owl#DDO_0009255>	"hyperesthesia dolorosa"	
<http://purl.obolibrary.org/obo/DDO.owl#DDO_0009256>	"finding of respiration"	
<http://purl.obolibrary.org/obo/DDO.owl#DDO_0009257>	"ease of respiration - finding"	
<http://purl.obolibrary.org/obo/DDO.owl#DDO_0009258>	"respiratory pattern - finding"	
<http://purl.obolibrary.org/obo/DDO.owl#DDO_0009259>	"depth of respiration - finding"	
<http://purl.obolibrary.org/obo/DDO.owl#DDO_000926>	"sawdust liver"	
<http://purl.obolibrary.org/obo/DDO.owl#DDO_0009260>	"shallow breathing"	
<http://purl.obolibrary.org/obo/DDO.owl#DDO_0009261>	"slow shallow breathing"	
<http://purl.obolibrary.org/obo/DDO.owl#DDO_0009262>	"respiratory system disease"	
<http://purl.obolibrary.org/obo/DDO.owl#DDO_0009263>	"hypoxia"	
<http://purl.obolibrary.org/obo/DDO.owl#DDO_0009265>	"perinatal hypoxia"	
<http://purl.obolibrary.org/obo/DDO.owl#DDO_0009266>	"post-cardiorespiratory arrest coma"	
<http://purl.obolibrary.org/obo/DDO.owl#DDO_0009267>	"hypoxic-ischemic coma"	
<http://purl.obolibrary.org/obo/DDO.owl#DDO_0009268>	"anoxia of brain"	
<http://purl.obolibrary.org/obo/DDO.owl#DDO_0009269>	"hypoxia of brain"	
<http://purl.obolibrary.org/obo/DDO.owl#DDO_0009270>	"dialysis-associated hypoxia"	
<http://purl.obolibrary.org/obo/DDO.owl#DDO_0009271>	"corneal hypoxia"	
<http://purl.obolibrary.org/obo/DDO.owl#DDO_0009272>	"degenerative disease"	
<http://purl.obolibrary.org/obo/DDO.owl#DDO_0009273>	"lipoatrophy and lipodystrophy"	
<http://purl.obolibrary.org/obo/DDO.owl#DDO_0009274>	"lipodystrophy"	
<http://purl.obolibrary.org/obo/DDO.owl#DDO_0009275>	"acquired generalized lipodystrophy"	
<http://purl.obolibrary.org/obo/DDO.owl#DDO_0009276>	"acquired partial lipodystrophy"	
<http://purl.obolibrary.org/obo/DDO.owl#DDO_0009277>	"congenital generalized lipodystrophy"	
<http://purl.obolibrary.org/obo/DDO.owl#DDO_0009278>	"membranous lipodystrophy"	
<http://purl.obolibrary.org/obo/DDO.owl#DDO_0009279>	"cardiovascular disease"	
<http://purl.obolibrary.org/obo/DDO.owl#DDO_0009280>	"sympathotonic orthostatic hypotension"	
<http://purl.obolibrary.org/obo/DDO.owl#DDO_0009281>	"postural orthostatic tachycardia syndrome"	
<http://purl.obolibrary.org/obo/DDO.owl#DDO_0009282>	"hypoadrenergic postural hypotension"	
<http://purl.obolibrary.org/obo/DDO.owl#DDO_0009283>	"hyperadrenergic postural hypotension"	
<http://purl.obolibrary.org/obo/DDO.owl#DDO_0009284>	"pure autonomic failure"	
<http://purl.obolibrary.org/obo/DDO.owl#DDO_0009285>	"chronic orthostatic hypotension"	
<http://purl.obolibrary.org/obo/DDO.owl#DDO_0009286>	"orthostatic hypotension"	
<http://purl.obolibrary.org/obo/DDO.owl#DDO_0009287>	"hypotension"	
<http://purl.obolibrary.org/obo/DDO.owl#DDO_0009288>	"osteolysis"	
<http://purl.obolibrary.org/obo/DDO.owl#DDO_0009289>	"periprosthetic osteolysis"	
<http://purl.obolibrary.org/obo/DDO.owl#DDO_0009290>	"migratory osteolysis"	
<http://purl.obolibrary.org/obo/DDO.owl#DDO_0009291>	"Gorham's disease"	
<http://purl.obolibrary.org/obo/DDO.owl#DDO_0009292>	"osteopenia"	
<http://purl.obolibrary.org/obo/DDO.owl#DDO_0009293>	"steroid-induced osteopenia"	
<http://purl.obolibrary.org/obo/DDO.owl#DDO_0009294>	"senile osteopenia"	
<http://purl.obolibrary.org/obo/DDO.owl#DDO_0009295>	"osteopenia of prematurity"	
<http://purl.obolibrary.org/obo/DDO.owl#DDO_0009296>	"extrapyramidal disease"	
<http://purl.obolibrary.org/obo/DDO.owl#DDO_0009297>	"parkinsonism"	
<http://purl.obolibrary.org/obo/DDO.owl#DDO_0009298>	"Parkinson disease"	
<http://purl.obolibrary.org/obo/DDO.owl#DDO_0009299>	"juvenile Parkinson's disease"	
<http://purl.obolibrary.org/obo/DDO.owl#DDO_0009300>	"symptomatic parkinsonism"	
<http://purl.obolibrary.org/obo/DDO.owl#DDO_0009301>	"pneumonitis"	
<http://purl.obolibrary.org/obo/DDO.owl#DDO_0009302>	"pneumonia"	
<http://purl.obolibrary.org/obo/DDO.owl#DDO_0009303>	"polyneuropathy"	
<http://purl.obolibrary.org/obo/DDO.owl#DDO_0009304>	"congenital polyneuropathy"	
<http://purl.obolibrary.org/obo/DDO.owl#DDO_0009305>	"familial amyloid polyneuropathy"	
<http://purl.obolibrary.org/obo/DDO.owl#DDO_0009306>	"idiopathic progressive polyneuropathy"	
<http://purl.obolibrary.org/obo/DDO.owl#DDO_0009307>	"motor polyneuropathy"	
<http://purl.obolibrary.org/obo/DDO.owl#DDO_0009308>	"mixed sensory-motor polyneuropathy"	
<http://purl.obolibrary.org/obo/DDO.owl#DDO_0009309>	"diabetic mixed sensory-motor polyneuropathy"	
<http://purl.obolibrary.org/obo/DDO.owl#DDO_0009310>	"polyneuritis"	
<http://purl.obolibrary.org/obo/DDO.owl#DDO_0009311>	"polyradiculoneuropathy"	
<http://purl.obolibrary.org/obo/DDO.owl#DDO_0009312>	"polyradiculopathy"	
<http://purl.obolibrary.org/obo/DDO.owl#DDO_0009313>	"post-infectious polyneuritis"	
<http://purl.obolibrary.org/obo/DDO.owl#DDO_0009314>	"Fisher's syndrome"	
<http://purl.obolibrary.org/obo/DDO.owl#DDO_0009315>	"polyneuritis cranialis"	
<http://purl.obolibrary.org/obo/DDO.owl#DDO_0009316>	"Guillain-Barré syndrome"	
<http://purl.obolibrary.org/obo/DDO.owl#DDO_0009317>	"acute infective polyneuritis"	
<http://purl.obolibrary.org/obo/DDO.owl#DDO_0009318>	"chronic inflammatory demyelinating polyneuritis"	
<http://purl.obolibrary.org/obo/DDO.owl#DDO_0009319>	"sensory polyneuropathy"	
<http://purl.obolibrary.org/obo/DDO.owl#DDO_0009320>	"toxic polyneuropathy"	
<http://purl.obolibrary.org/obo/DDO.owl#DDO_0009321>	"vitamin disease"	
<http://purl.obolibrary.org/obo/DDO.owl#DDO_0009322>	"vitamin deficiency"	
<http://purl.obolibrary.org/obo/DDO.owl#DDO_0009323>	"vitamin D deficiency"	
<http://purl.obolibrary.org/obo/DDO.owl#DDO_0009400>	"alcohol-induced acute pancreatitis"	
<http://purl.obolibrary.org/obo/DDO.owl#DDO_0009401>	"alcohol-induced chronic pancreatitis"	
<http://purl.obolibrary.org/obo/DDO.owl#DDO_0009402>	"anemia of chronic disease"	
<http://purl.obolibrary.org/obo/DDO.owl#DDO_0009403>	"anemia in chronic kidney disease"	
<http://purl.obolibrary.org/obo/DDO.owl#DDO_0009404>	"anemia of chronic renal failure"	
<http://purl.obolibrary.org/obo/DDO.owl#DDO_0009405>	"anemia of endocrine disorder"	
<http://purl.obolibrary.org/obo/DDO.owl#DDO_0009406>	"anemia of diabetes"	
<http://purl.obolibrary.org/obo/DDO.owl#DDO_0009407>	"chronic anemia"	
<http://purl.obolibrary.org/obo/DDO.owl#DDO_0009408>	"simple chronic anemia"	
<http://purl.obolibrary.org/obo/DDO.owl#DDO_0009430>	"nervous system disease"	
<http://purl.obolibrary.org/obo/DDO.owl#DDO_0009433>	"paraplegia"	
<http://purl.obolibrary.org/obo/DDO.owl#DDO_0009434>	"acute paraplegia"	
<http://purl.obolibrary.org/obo/DDO.owl#DDO_0009435>	"cerebral paraplegia"	
<http://purl.obolibrary.org/obo/DDO.owl#DDO_0009436>	"chronic paraplegia"	
<http://purl.obolibrary.org/obo/DDO.owl#DDO_0009448>	"complete paraplegia"	
<http://purl.obolibrary.org/obo/DDO.owl#DDO_002041>	"acute ST segment elevation myocardial infarction of inferior wall"	
<http://purl.obolibrary.org/obo/DDO.owl#DDO_002544>	"pneumococcal laryngitis"	
<http://purl.obolibrary.org/obo/DDO.owl#DDO_002553>	"bacterial folliculitis"	
<http://purl.obolibrary.org/obo/DDO.owl#DDO_003405>	"rhabdomyosarcoma of bladder"	
<http://purl.obolibrary.org/obo/DDO.owl#DDO_003475>	"isolated thyrotropin deficiency"	
<http://purl.obolibrary.org/obo/DDO.owl#DDO_003540>	"Parkinson-dementia complex of Guam"	
<http://purl.obolibrary.org/obo/DDO.owl#DDO_1238>	"diabetic chronic painful polyneuropathy"	
<http://purl.obolibrary.org/obo/DDO.owl#DD_0002293>	"foot ulcer due to type 2 diabetes mellitus"	
<http://purl.obolibrary.org/obo/DDO.owl#DOID_0050700>	"cardiomyopathy"	
<http://purl.obolibrary.org/obo/DDO.owl#DOID_104>	"bacterial infection disease"	
<http://purl.obolibrary.org/obo/DDO.owl#DOID_26>	"pancreas disease"	
<http://purl.obolibrary.org/obo/DDO.owl#DOID_2913>	"acute pancreatitis"	
<http://purl.obolibrary.org/obo/DDO.owl#DOID_2914>	"immune system disease"	
<http://purl.obolibrary.org/obo/DDO.owl#DOID_4988>	"alcoholic pancreatitis"	
<http://purl.obolibrary.org/obo/DDO.owl#DOID_4989>	"pancreatitis"	
<http://purl.obolibrary.org/obo/DDO.owl#DOID_74>	"hematopoietic system disease"	
<http://purl.obolibrary.org/obo/DDO.owl#OGMS_0000020>	"symptom"	
<http://purl.obolibrary.org/obo/DDO.owl#OGMS_0000056>	"laboratory test"	
<http://purl.obolibrary.org/obo/DDO.owl#OGMS_0000057>	"physical examination"	
<http://purl.obolibrary.org/obo/DDO_0006288>	"diabetes symptom"	
<http://purl.obolibrary.org/obo/DDO_0009410>	"amyotrophic neuralgia"	
<http://purl.obolibrary.org/obo/DDO_0009411>	"brachial plexus neuritis"	
<http://purl.obolibrary.org/obo/DDO_0009412>	"brachial plexus lesion"	
<http://purl.obolibrary.org/obo/DDO_0009413>	"brachial plexus neuropathy"	
<http://purl.obolibrary.org/obo/DDO_0009414>	"plexopathy"	
<http://purl.obolibrary.org/obo/DDO_0009415>	"neurodegenerative disease"	
<http://purl.obolibrary.org/obo/DDO_0009416>	"meningitis"	
<http://purl.obolibrary.org/obo/DDO_0009417>	"arachnoiditis"	
<http://purl.obolibrary.org/obo/DDO_0009418>	"bacterial meningitis"	
<http://purl.obolibrary.org/obo/DDO_0009419>	"anaerobic meningitis"	
<http://purl.obolibrary.org/obo/DDO_0009420>	"Listeria meningitis"	
<http://purl.obolibrary.org/obo/DDO_0009421>	"streptococcal meningitis"	
<http://purl.obolibrary.org/obo/DDO_0009422>	"syphilitic meningitis"	
<http://purl.obolibrary.org/obo/DDO_0009423>	"chronic meningitis"	
<http://purl.obolibrary.org/obo/DDO_0009424>	"eosinophilic meningitis"	
<http://purl.obolibrary.org/obo/DDO_0009425>	"fungal meningitis"	
<http://purl.obolibrary.org/obo/DDO_0009426>	"histoplasmosis meningitis"	
<http://purl.obolibrary.org/obo/DDO_0009427>	"viral meningitis"	
<http://purl.obolibrary.org/obo/DDO_0009428>	"aseptic meningitis"	
<http://purl.obolibrary.org/obo/DDO_0009429>	"central nervous system disease"	
<http://purl.obolibrary.org/obo/DOID_10969>	"hemiplegia"	
<http://purl.obolibrary.org/obo/DOID_10992>	"acute hemorrhagic leukoencephalitis"	
<http://purl.obolibrary.org/obo/DOID_12055>	"sarcoid meningitis"	
<http://purl.obolibrary.org/obo/DOID_4977>	"lymphedema"	
<http://purl.obolibrary.org/obo/DOID_639>	"acute disseminated encephalomyelitis"	
<http://purl.obolibrary.org/obo/DOID_640>	"encephalomyelitis"	
<http://purl.obolibrary.org/obo/IAO_0000027>	"data item"@en	
<http://purl.obolibrary.org/obo/IAO_0000030>	"information content entity"@en	
<http://purl.obolibrary.org/obo/IAO_0000033>	"directive information content entity"@en	
<http://purl.obolibrary.org/obo/IAO_0000078>	"curation status specification"@en	
<http://purl.obolibrary.org/obo/IAO_0000102>	"data about an ontology part"@en	
<http://purl.obolibrary.org/obo/IAO_0000225>	"obsolescence reason specification"@en	
<http://purl.obolibrary.org/obo/IAO_0000409>	"denotator type"	
<http://purl.obolibrary.org/obo/OAE_0000001>	"adverse event"	
<http://purl.obolibrary.org/obo/OAE_0000001>	"adverseEffect"@en	
<http://purl.obolibrary.org/obo/OAE_0000003>	"causal adverse event"	
<http://purl.obolibrary.org/obo/OAE_0000004>	"vaccine adverse event"	
<http://purl.obolibrary.org/obo/OAE_0000005>	"adverse drug event"	
<http://purl.obolibrary.org/obo/OAE_0000006>	"medical device adverse event"	
<http://purl.obolibrary.org/obo/OAE_0000007>	"medical food adverse event"	
<http://purl.obolibrary.org/obo/OAE_0000008>	"nutritional product adverse event"	
<http://purl.obolibrary.org/obo/OAE_0000009>	"dietary supplement adverse event"	
<http://purl.obolibrary.org/obo/OAE_0000010>	"infant formula adverse event"	
<http://purl.obolibrary.org/obo/OAE_0000017>	"X-ray result abnormal AE"	
<http://purl.obolibrary.org/obo/OAE_0000018>	"chest X-ray abnormal AE"	
<http://purl.obolibrary.org/obo/OAE_0000019>	"contusion AE"	
<http://purl.obolibrary.org/obo/OAE_0000020>	"dry throat AE"	
<http://purl.obolibrary.org/obo/OAE_0000021>	"flushing AE"	
<http://purl.obolibrary.org/obo/OAE_0000022>	"pain in extremity AE"	
<http://purl.obolibrary.org/obo/OAE_0000023>	"postnasal drip AE"	
<http://purl.obolibrary.org/obo/OAE_0000024>	"cardiorenal syndrome AE"@en	
<http://purl.obolibrary.org/obo/OAE_0000026>	"bursitis AE"	
<http://purl.obolibrary.org/obo/OAE_0000027>	"musculoskeletal and connective tissue AE"	
<http://purl.obolibrary.org/obo/OAE_0000029>	"bursal disorder AE"	
<http://purl.obolibrary.org/obo/OAE_0000030>	"influenza vaccine-induced adverse event"	
<http://purl.obolibrary.org/obo/OAE_0000031>	"KIV-induced adverse event"	
<http://purl.obolibrary.org/obo/OAE_0000032>	"KIV-induced GBS averse event in 1976-1977"	
<http://purl.obolibrary.org/obo/OAE_0000033>	"Afluria-induced muscle ache AE"	
<http://purl.obolibrary.org/obo/OAE_0000034>	"fatigue AE"	
<http://purl.obolibrary.org/obo/OAE_0000035>	"CSF culture negative AE"	
<http://purl.obolibrary.org/obo/OAE_0000036>	"blood cell lab test abnormal AE"	
<http://purl.obolibrary.org/obo/OAE_0000037>	"eosinophil percentage increased AE"	
<http://purl.obolibrary.org/obo/OAE_0000038>	"myocardial infarction AE"	
<http://purl.obolibrary.org/obo/OAE_0000039>	"neutrophil count increased AE"	
<http://purl.obolibrary.org/obo/OAE_0000040>	"injury and procedural complication AE"	
<http://purl.obolibrary.org/obo/OAE_0000041>	"injury AE"	
<http://purl.obolibrary.org/obo/OAE_0000042>	"head injury AE"	
<http://purl.obolibrary.org/obo/OAE_0000043>	"social behavior AE"	
<http://purl.obolibrary.org/obo/OAE_0000044>	"impaired work ability AE"	
<http://purl.obolibrary.org/obo/OAE_0000045>	"injection-site allergic reaction AE"	
<http://purl.obolibrary.org/obo/OAE_0000046>	"myelitis transverse AE"	
<http://purl.obolibrary.org/obo/OAE_0000047>	"skin warm AE"	
<http://purl.obolibrary.org/obo/OAE_0000048>	"nystagmus AE"	
<http://purl.obolibrary.org/obo/OAE_0000049>	"dermatitis bullous AE"	
<http://purl.obolibrary.org/obo/OAE_0000050>	"hot flush"	
<http://purl.obolibrary.org/obo/OAE_0000051>	"Afluria-induced adverse event"	
<http://purl.obolibrary.org/obo/OAE_0000052>	"tumor AE"	
<http://purl.obolibrary.org/obo/OAE_0000053>	"wheezing AE"	
<http://purl.obolibrary.org/obo/OAE_0000054>	"weight bearing difficulty AE"	
<http://purl.obolibrary.org/obo/OAE_0000057>	"Afluria-induced fever AE in child"	
<http://purl.obolibrary.org/obo/OAE_0000058>	"Afluria-induced cough AE in child"	
<http://purl.obolibrary.org/obo/OAE_0000059>	"Afluria-induced injection site pain AE"	
<http://purl.obolibrary.org/obo/OAE_0000060>	"Afluria-induced injection site redness AE"	
<http://purl.obolibrary.org/obo/OAE_0000061>	"Afluria-induced inject site swelling AE"	
<http://purl.obolibrary.org/obo/OAE_0000062>	"Afluria-induced headache AE"	
<http://purl.obolibrary.org/obo/OAE_0000063>	"systematic adverse event"	
<http://purl.obolibrary.org/obo/OAE_0000064>	"pregnancy AE"	
<http://purl.obolibrary.org/obo/OAE_0000066>	"surgery adverse event"	
<http://purl.obolibrary.org/obo/OAE_0000068>	"surgery-induced pressure ulcer AE"	
<http://purl.obolibrary.org/obo/OAE_0000069>	"metabolism, endocrine, and exocrine system AE"@en	
<http://purl.obolibrary.org/obo/OAE_0000070>	"clinical trial adverse event"	
<http://purl.obolibrary.org/obo/OAE_0000073>	"LAIV-induced adverse event"	
<http://purl.obolibrary.org/obo/OAE_0000074>	"FluMist-induced adverse event"	
<http://purl.obolibrary.org/obo/OAE_0000075>	"FluMist-induced runny nose AE"	
<http://purl.obolibrary.org/obo/OAE_0000076>	"FluMist-induced nasal congestion AE"	
<http://purl.obolibrary.org/obo/OAE_0000078>	"FluMist-induced sore throat AE in adult"	
<http://purl.obolibrary.org/obo/OAE_0000079>	"benign tumor AE"	
<http://purl.obolibrary.org/obo/OAE_0000080>	"malignant tumor AE"	
<http://purl.obolibrary.org/obo/OAE_0000081>	"discomfort AE"	
<http://purl.obolibrary.org/obo/OAE_0000082>	"female reproductive system AE"	
<http://purl.obolibrary.org/obo/OAE_0000083>	"male reproductive system AE"	
<http://purl.obolibrary.org/obo/OAE_0000084>	"cardiac disorder AE"	
<http://purl.obolibrary.org/obo/OAE_0000085>	"vascular disorder AE"	
<http://purl.obolibrary.org/obo/OAE_0000086>	"dermatitis AE"	
<http://purl.obolibrary.org/obo/OAE_0000087>	"aspirin-induced adverse event"	
<http://purl.obolibrary.org/obo/OAE_0000088>	"Aspidrox-induced adverse event"	
<http://purl.obolibrary.org/obo/OAE_0000089>	"aspirin-induced nausea AE"	
<http://purl.obolibrary.org/obo/OAE_0000090>	"aspirin-induced vomiting AE"	
<http://purl.obolibrary.org/obo/OAE_0000091>	"aspirin-induced stomach pain AE"	
<http://purl.obolibrary.org/obo/OAE_0000092>	"aspirin-induced heartburn AE"	
<http://purl.obolibrary.org/obo/OAE_0000093>	"aspirin-induced rash AE"	
<http://purl.obolibrary.org/obo/OAE_0000095>	"causal adverse drug event"	
<http://purl.obolibrary.org/obo/OAE_0000096>	"adverse event induced by medical device"	
<http://purl.obolibrary.org/obo/OAE_0000097>	"vaccine-induced adverse event"	
<http://purl.obolibrary.org/obo/OAE_0000098>	"surgery-induced adverse event"	
<http://purl.obolibrary.org/obo/OAE_0000099>	"nutritional product-induced adverse event"	
<http://purl.obolibrary.org/obo/OAE_0000100>	"influenza like illness AE"	
<http://purl.obolibrary.org/obo/OAE_0000103>	"fungal infection AE"	
<http://purl.obolibrary.org/obo/OAE_0000162>	"sensory neuropathy AE"	
<http://purl.obolibrary.org/obo/OAE_0000163>	"distal sensory neuropathy AE"	
<http://purl.obolibrary.org/obo/OAE_0000164>	"chronic distal sensory neuropathy AE"	
<http://purl.obolibrary.org/obo/OAE_0000165>	"drug-induced neuropathy AE"	
<http://purl.obolibrary.org/obo/OAE_0000166>	"tremor AE"	
<http://purl.obolibrary.org/obo/OAE_0000167>	"autonomic neuropathy AE"	
<http://purl.obolibrary.org/obo/OAE_0000168>	"motor neuropathy AE"	
<http://purl.obolibrary.org/obo/OAE_0000169>	"polyneuropathy AE"	
<http://purl.obolibrary.org/obo/OAE_0000170>	"mononeuropathy AE"	
<http://purl.obolibrary.org/obo/OAE_0000171>	"distal neuropathy AE"	
<http://purl.obolibrary.org/obo/OAE_0000172>	"neuronopathy AE"	
<http://purl.obolibrary.org/obo/OAE_0000173>	"mononeuritis AE"	
<http://purl.obolibrary.org/obo/OAE_0000174>	"polyneuritis AE"	
<http://purl.obolibrary.org/obo/OAE_0000175>	"mononeuritis multiplex AE"	
<http://purl.obolibrary.org/obo/OAE_0000176>	"acute sensory neuropathy AE"	
<http://purl.obolibrary.org/obo/OAE_0000179>	"causal adverse drug event due to drug-drug interaction"	
<http://purl.obolibrary.org/obo/OAE_0000180>	"causal adverse drug event due to food-drug interaction"	
<http://purl.obolibrary.org/obo/OAE_0000181>	"causal adverse drug event due to genetic predisposition"	
<http://purl.obolibrary.org/obo/OAE_0000182>	"causal adverse drug event due to SNP"	
<http://purl.obolibrary.org/obo/OAE_0000183>	"circulatory shock AE"	
<http://purl.obolibrary.org/obo/OAE_0000184>	"dementia AE"	
<http://purl.obolibrary.org/obo/OAE_0000185>	"thrombosis AE"	
<http://purl.obolibrary.org/obo/OAE_0000187>	"cell death AE"@en	
<http://purl.obolibrary.org/obo/OAE_0000188>	"respiratory tract neoplasm AE"@en	
<http://purl.obolibrary.org/obo/OAE_0000194>	"phlebitis AE"	
<http://purl.obolibrary.org/obo/OAE_0000195>	"pancreatitis AE"	
<http://purl.obolibrary.org/obo/OAE_0000196>	"apoptosis AE"	
<http://purl.obolibrary.org/obo/OAE_0000197>	"necrosis AE"	
<http://purl.obolibrary.org/obo/OAE_0000198>	"ischemia AE"	
<http://purl.obolibrary.org/obo/OAE_0000199>	"hair, skin, and nail AE"	
<http://purl.obolibrary.org/obo/OAE_0000200>	"hair AE"	
<http://purl.obolibrary.org/obo/OAE_0000201>	"nail AE"	
<http://purl.obolibrary.org/obo/OAE_0000202>	"endocrine system AE"	
<http://purl.obolibrary.org/obo/OAE_0000203>	"exocrine system AE"	
<http://purl.obolibrary.org/obo/OAE_0000204>	"congenital AE"	
<http://purl.obolibrary.org/obo/OAE_0000205>	"paresis AE"	
<http://purl.obolibrary.org/obo/OAE_0000206>	"cystic fibrosis AE"	
<http://purl.obolibrary.org/obo/OAE_0000207>	"hyperplasia AE"	
<http://purl.obolibrary.org/obo/OAE_0000208>	"abdominal AE"	
<http://purl.obolibrary.org/obo/OAE_0000209>	"genetic AE"	
<http://purl.obolibrary.org/obo/OAE_0000210>	"hepatitis AE"	
<http://purl.obolibrary.org/obo/OAE_0000211>	"ulcer AE"	
<http://purl.obolibrary.org/obo/OAE_0000212>	"fistula AE"	
<http://purl.obolibrary.org/obo/OAE_0000213>	"extravasation AE"	
<http://purl.obolibrary.org/obo/OAE_0000214>	"sclerosis AE"	
<http://purl.obolibrary.org/obo/OAE_0000215>	"inconsolable crying AE"@en	
<http://purl.obolibrary.org/obo/OAE_0000216>	"unusual high-pitched crying AE"@en	
<http://purl.obolibrary.org/obo/OAE_0000217>	"prolonged crying AE"@en	
<http://purl.obolibrary.org/obo/OAE_0000218>	"bradycardia AE"@en	
<http://purl.obolibrary.org/obo/OAE_0000219>	"pregnancy, neonatal and perinatal AE"	
<http://purl.obolibrary.org/obo/OAE_0000222>	"aplenzin-induced adverse event"	
<http://purl.obolibrary.org/obo/OAE_0000226>	"medical intervention site AE"@en	
<http://purl.obolibrary.org/obo/OAE_0000231>	"neonatal AE"@en	
<http://purl.obolibrary.org/obo/OAE_0000232>	"perinatal AE"@en	
<http://purl.obolibrary.org/obo/OAE_0000236>	"arterial disorder AE"	
<http://purl.obolibrary.org/obo/OAE_0000237>	"peripheral arterial disease AE"	
<http://purl.obolibrary.org/obo/OAE_0000238>	"psoriasis AE"	
<http://purl.obolibrary.org/obo/OAE_0000239>	"cumulative distal sensory neuropathy AE"	
<http://purl.obolibrary.org/obo/OAE_0000240>	"stress AE"	
<http://purl.obolibrary.org/obo/OAE_0000241>	"abdominal abscess AE"	
<http://purl.obolibrary.org/obo/OAE_0000242>	"abdominal discomfort AE"	
<http://purl.obolibrary.org/obo/OAE_0000243>	"abdominal distension AE"	
<http://purl.obolibrary.org/obo/OAE_0000244>	"abdominal sepsis AE"	
<http://purl.obolibrary.org/obo/OAE_0000245>	"abdominal wall abscess AE"	
<http://purl.obolibrary.org/obo/OAE_0000246>	"abnormal behavior AE"	
<http://purl.obolibrary.org/obo/OAE_0000247>	"abnormal dreams AE"	
<http://purl.obolibrary.org/obo/OAE_0000248>	"abortion induced AE"	
<http://purl.obolibrary.org/obo/OAE_0000249>	"abortion spontaneous AE"	
<http://purl.obolibrary.org/obo/OAE_0000250>	"acne AE"	
<http://purl.obolibrary.org/obo/OAE_0000251>	"acquired immunodeficiency syndrome AE"	
<http://purl.obolibrary.org/obo/OAE_0000252>	"activated partial thromboplastin time prolonged AE"	
<http://purl.obolibrary.org/obo/OAE_0000253>	"acute graft versus host disease in intestine AE"	
<http://purl.obolibrary.org/obo/OAE_0000254>	"acute graft versus host disease in skin AE"	
<http://purl.obolibrary.org/obo/OAE_0000255>	"acute lymphocytic leukemia AE"	
<http://purl.obolibrary.org/obo/OAE_0000256>	"acute lymphocytic leukemia recurrent AE"	
<http://purl.obolibrary.org/obo/OAE_0000257>	"acute myeloid leukemia AE"	
<http://purl.obolibrary.org/obo/OAE_0000258>	"acute myeloid leukemia recurrent AE"	
<http://purl.obolibrary.org/obo/OAE_0000259>	"acute pulmonary edema AE"	
<http://purl.obolibrary.org/obo/OAE_0000260>	"acute respiratory distress syndrome AE"	
<http://purl.obolibrary.org/obo/OAE_0000261>	"acute respiratory failure AE"	
<http://purl.obolibrary.org/obo/OAE_0000262>	"adams-stokes syndrome AE"	
<http://purl.obolibrary.org/obo/OAE_0000263>	"adenomyosis AE"	
<http://purl.obolibrary.org/obo/OAE_0000264>	"adenovirus infection AE"	
<http://purl.obolibrary.org/obo/OAE_0000265>	"adrenal neoplasm AE"	
<http://purl.obolibrary.org/obo/OAE_0000266>	"adrenal suppression AE"	
<http://purl.obolibrary.org/obo/OAE_0000267>	"aggression AE"	
<http://purl.obolibrary.org/obo/OAE_0000268>	"agranulocytosis AE"	
<http://purl.obolibrary.org/obo/OAE_0000269>	"air embolism AE"	
<http://purl.obolibrary.org/obo/OAE_0000270>	"alanine aminotransferase level abnormal AE"	
<http://purl.obolibrary.org/obo/OAE_0000271>	"alanine aminotransferase level decreased AE"	
<http://purl.obolibrary.org/obo/OAE_0000272>	"alanine aminotransferase level increased AE"	
<http://purl.obolibrary.org/obo/OAE_0000273>	"alcoholic liver disease AE"	
<http://purl.obolibrary.org/obo/OAE_0000274>	"altered state of consciousness AE"	
<http://purl.obolibrary.org/obo/OAE_0000275>	"amenorrhoea AE"	
<http://purl.obolibrary.org/obo/OAE_0000276>	"amniotic fluid volume decreased AE"	
<http://purl.obolibrary.org/obo/OAE_0000277>	"anal fissure AE"	
<http://purl.obolibrary.org/obo/OAE_0000278>	"anal ulcer AE"	
<http://purl.obolibrary.org/obo/OAE_0000279>	"anastomotic leak AE"	
<http://purl.obolibrary.org/obo/OAE_0000280>	"angina pectoris AE"	
<http://purl.obolibrary.org/obo/OAE_0000281>	"angina unstable AE"	
<http://purl.obolibrary.org/obo/OAE_0000282>	"antiphospholipid antibodies positive AE"	
<http://purl.obolibrary.org/obo/OAE_0000283>	"anuria AE"	
<http://purl.obolibrary.org/obo/OAE_0000284>	"aortic disorder AE"	
<http://purl.obolibrary.org/obo/OAE_0000285>	"aortic valve incompetence AE"	
<http://purl.obolibrary.org/obo/OAE_0000286>	"aplasia AE"	
<http://purl.obolibrary.org/obo/OAE_0000287>	"aplastic anaemia AE"	
<http://purl.obolibrary.org/obo/OAE_0000288>	"apparent life threatening event AE"	
<http://purl.obolibrary.org/obo/OAE_0000289>	"application site hypersensitivity AE"	
<http://purl.obolibrary.org/obo/OAE_0000290>	"application site infection AE"	
<http://purl.obolibrary.org/obo/OAE_0000291>	"arterial hemorrhage AE"	
<http://purl.obolibrary.org/obo/OAE_0000292>	"CSF protein increased AE"	
<http://purl.obolibrary.org/obo/OAE_0000293>	"CSF test result abnormal AE"	
<http://purl.obolibrary.org/obo/OAE_0000294>	"Henoch-Schonlein purpura AE"	
<http://purl.obolibrary.org/obo/OAE_0000295>	"abasia AE"	
<http://purl.obolibrary.org/obo/OAE_0000296>	"abdominal pain upper AE"	
<http://purl.obolibrary.org/obo/OAE_0000297>	"ageusia AE"	
<http://purl.obolibrary.org/obo/OAE_0000298>	"chronic sensory neuropathy AE"	
<http://purl.obolibrary.org/obo/OAE_0000299>	"anosmia AE"	
<http://purl.obolibrary.org/obo/OAE_0000300>	"anxiety AE"	
<http://purl.obolibrary.org/obo/OAE_0000301>	"atrial flutter AE"	
<http://purl.obolibrary.org/obo/OAE_0000302>	"balance disorder AE"	
<http://purl.obolibrary.org/obo/OAE_0000303>	"blister AE"	
<http://purl.obolibrary.org/obo/OAE_0000304>	"cellulitis AE"	
<http://purl.obolibrary.org/obo/OAE_0000305>	"cold sweat AE"	
<http://purl.obolibrary.org/obo/OAE_0000306>	"convulsion AE"	
<http://purl.obolibrary.org/obo/OAE_0000307>	"difficulty in walking AE"	
<http://purl.obolibrary.org/obo/OAE_0000308>	"dysgeusia AE"	
<http://purl.obolibrary.org/obo/OAE_0000309>	"dyskinesia AE"	
<http://purl.obolibrary.org/obo/OAE_0000310>	"dyspnea AE"	
<http://purl.obolibrary.org/obo/OAE_0000311>	"electromyogram result abnormal AE"	
<http://purl.obolibrary.org/obo/OAE_0000312>	"eye irritation AE"	
<http://purl.obolibrary.org/obo/OAE_0000313>	"eye pruritus AE"	
<http://purl.obolibrary.org/obo/OAE_0000314>	"glomerulonephritis AE"	
<http://purl.obolibrary.org/obo/OAE_0000315>	"bundle branch block right AE"	
<http://purl.obolibrary.org/obo/OAE_0000316>	"conduction system disorder AE"	
<http://purl.obolibrary.org/obo/OAE_0000317>	"hypoesthesia AE"	
<http://purl.obolibrary.org/obo/OAE_0000318>	"arterial thrombosis AE"	
<http://purl.obolibrary.org/obo/OAE_0000319>	"influenza AE"	
<http://purl.obolibrary.org/obo/OAE_0000320>	"arteriosclerosis coronary artery AE"	
<http://purl.obolibrary.org/obo/OAE_0000321>	"injected limb mobility decreased AE"	
<http://purl.obolibrary.org/obo/OAE_0000322>	"injection-site hematoma AE"	
<http://purl.obolibrary.org/obo/OAE_0000323>	"injection-site induration AE"	
<http://purl.obolibrary.org/obo/OAE_0000324>	"injection-site pruritus AE"	
<http://purl.obolibrary.org/obo/OAE_0000325>	"injection-site rash AE"	
<http://purl.obolibrary.org/obo/OAE_0000326>	"injection-site warmth AE"	
<http://purl.obolibrary.org/obo/OAE_0000327>	"joint swelling AE"	
<http://purl.obolibrary.org/obo/OAE_0000328>	"kidney AE"	
<http://purl.obolibrary.org/obo/OAE_0000329>	"lacrimation increased AE"	
<http://purl.obolibrary.org/obo/OAE_0000330>	"lip swelling AE"	
<http://purl.obolibrary.org/obo/OAE_0000331>	"lymphadenitis AE"	
<http://purl.obolibrary.org/obo/OAE_0000332>	"mobility decreased AE"	
<http://purl.obolibrary.org/obo/OAE_0000333>	"muscular weakness AE"	
<http://purl.obolibrary.org/obo/OAE_0000334>	"musculoskeletal stiffness AE"	
<http://purl.obolibrary.org/obo/OAE_0000335>	"nasal congestion AE"	
<http://purl.obolibrary.org/obo/OAE_0000336>	"nasopharyngitis AE"	
<http://purl.obolibrary.org/obo/OAE_0000337>	"peripheral neuropathy AE"	
<http://purl.obolibrary.org/obo/OAE_0000338>	"ocular hyperemia AE"	
<http://purl.obolibrary.org/obo/OAE_0000339>	"oropharyngeal pain AE"	
<http://purl.obolibrary.org/obo/OAE_0000340>	"otitis media AE"	
<http://purl.obolibrary.org/obo/OAE_0000341>	"pericarditis AE"	
<http://purl.obolibrary.org/obo/OAE_0000342>	"pharyngeal edema AE"	
<http://purl.obolibrary.org/obo/OAE_0000343>	"pharyngitis AE"	
<http://purl.obolibrary.org/obo/OAE_0000344>	"pharyngolaryngeal pain AE"	
<http://purl.obolibrary.org/obo/OAE_0000345>	"rash macular AE"	
<http://purl.obolibrary.org/obo/OAE_0000346>	"rash papular AE"	
<http://purl.obolibrary.org/obo/OAE_0000347>	"respiratory distress AE"	
<http://purl.obolibrary.org/obo/OAE_0000348>	"respiratory tract congestion AE"	
<http://purl.obolibrary.org/obo/OAE_0000349>	"retching AE"	
<http://purl.obolibrary.org/obo/OAE_0000350>	"rhinitis AE"	
<http://purl.obolibrary.org/obo/OAE_0000351>	"rhinorrhea AE"	
<http://purl.obolibrary.org/obo/OAE_0000352>	"shoulder pain AE"	
<http://purl.obolibrary.org/obo/OAE_0000353>	"sinus congestion AE"	
<http://purl.obolibrary.org/obo/OAE_0000354>	"sneezing AE"	
<http://purl.obolibrary.org/obo/OAE_0000355>	"tachycardia AE"	
<http://purl.obolibrary.org/obo/OAE_0000356>	"tendonitis AE"	
<http://purl.obolibrary.org/obo/OAE_0000357>	"throat tightness AE"	
<http://purl.obolibrary.org/obo/OAE_0000358>	"upper respiratory tract infection AE"	
<http://purl.obolibrary.org/obo/OAE_0000359>	"varicella AE"	
<http://purl.obolibrary.org/obo/OAE_0000360>	"paresthesia oral AE"	
<http://purl.obolibrary.org/obo/OAE_0000361>	"fever AE"	
<http://purl.obolibrary.org/obo/OAE_0000362>	"rash AE"	
<http://purl.obolibrary.org/obo/OAE_0000363>	"infection AE"	
<http://purl.obolibrary.org/obo/OAE_0000364>	"syndrome AE"	
<http://purl.obolibrary.org/obo/OAE_0000365>	"agitation AE"	
<http://purl.obolibrary.org/obo/OAE_0000366>	"injection-site adverse event"	
<http://purl.obolibrary.org/obo/OAE_0000367>	"injection-site hypersensitivity AE"	
<http://purl.obolibrary.org/obo/OAE_0000368>	"injection-site edema AE"	
<http://purl.obolibrary.org/obo/OAE_0000369>	"injection-site pain AE"	
<http://purl.obolibrary.org/obo/OAE_0000370>	"injection-site inflammation AE"	
<http://purl.obolibrary.org/obo/OAE_0000371>	"injection-site hemorrhage AE"	
<http://purl.obolibrary.org/obo/OAE_0000372>	"injection-site mass AE"	
<http://purl.obolibrary.org/obo/OAE_0000373>	"pruritus AE"	
<http://purl.obolibrary.org/obo/OAE_0000374>	"pain AE"	
<http://purl.obolibrary.org/obo/OAE_0000375>	"myalgia AE"	
<http://purl.obolibrary.org/obo/OAE_0000376>	"urticaria AE"	
<http://purl.obolibrary.org/obo/OAE_0000377>	"headache AE"	
<http://purl.obolibrary.org/obo/OAE_0000378>	"respiratory system AE"	
<http://purl.obolibrary.org/obo/OAE_0000379>	"leukocyte cell number increased AE"	
<http://purl.obolibrary.org/obo/OAE_0000380>	"leukocyte cell number decreased AE"	
<http://purl.obolibrary.org/obo/OAE_0000381>	"abnormal blood pressure AE"	
<http://purl.obolibrary.org/obo/OAE_0000382>	"asthenia AE"	
<http://purl.obolibrary.org/obo/OAE_0000383>	"muscle ache AE"	
<http://purl.obolibrary.org/obo/OAE_0000384>	"maculopapular rash AE"	
<http://purl.obolibrary.org/obo/OAE_0000385>	"arthralgia AE"	
<http://purl.obolibrary.org/obo/OAE_0000386>	"vesiculobullous rash AE"	
<http://purl.obolibrary.org/obo/OAE_0000387>	"screaming syndrome AE"	
<http://purl.obolibrary.org/obo/OAE_0000388>	"dizziness AE"	
<http://purl.obolibrary.org/obo/OAE_0000389>	"peripheral edema AE"	
<http://purl.obolibrary.org/obo/OAE_0000390>	"malaise AE"	
<http://purl.obolibrary.org/obo/OAE_0000391>	"somnolence AE"	
<http://purl.obolibrary.org/obo/OAE_0000392>	"paresthesia AE"	
<http://purl.obolibrary.org/obo/OAE_0000393>	"crying abnormal AE"	
<http://purl.obolibrary.org/obo/OAE_0000394>	"chills AE"	
<http://purl.obolibrary.org/obo/OAE_0000395>	"stupor AE"	
<http://purl.obolibrary.org/obo/OAE_0000396>	"anorexia AE"	
<http://purl.obolibrary.org/obo/OAE_0000397>	"face edema AE"	
<http://purl.obolibrary.org/obo/OAE_0000398>	"cough increased AE"	
<http://purl.obolibrary.org/obo/OAE_0000399>	"flu syndrome AE"	
<http://purl.obolibrary.org/obo/OAE_0000400>	"syncope AE"	
<http://purl.obolibrary.org/obo/OAE_0000401>	"sweating AE"	
<http://purl.obolibrary.org/obo/OAE_0000402>	"abdominal pain AE"	
<http://purl.obolibrary.org/obo/OAE_0000403>	"hypertension AE"	
<http://purl.obolibrary.org/obo/OAE_0000404>	"aortic valve stenosis AE"	
<http://purl.obolibrary.org/obo/OAE_0000405>	"myasthenia AE"	
<http://purl.obolibrary.org/obo/OAE_0000406>	"chest pain AE"	
<http://purl.obolibrary.org/obo/OAE_0000407>	"sensory axonal AE"	
<http://purl.obolibrary.org/obo/OAE_0000408>	"central serous retinopathy AE"@en	
<http://purl.obolibrary.org/obo/OAE_0000409>	"twitching AE"	
<http://purl.obolibrary.org/obo/OAE_0000410>	"febrile seizure AE"	
<http://purl.obolibrary.org/obo/OAE_0000411>	"asthma AE"	
<http://purl.obolibrary.org/obo/OAE_0000412>	"neck pain AE"	
<http://purl.obolibrary.org/obo/OAE_0000413>	"arthritis infective AE"	
<http://purl.obolibrary.org/obo/OAE_0000414>	"back pain AE"	
<http://purl.obolibrary.org/obo/OAE_0000415>	"alopecia AE"	
<http://purl.obolibrary.org/obo/OAE_0000416>	"gastrointestinal hemorrhage AE"	
<http://purl.obolibrary.org/obo/OAE_0000417>	"eyes gaze upward AE"	
<http://purl.obolibrary.org/obo/OAE_0000418>	"neuropathy AE"	
<http://purl.obolibrary.org/obo/OAE_0000419>	"skin nodule AE"	
<http://purl.obolibrary.org/obo/OAE_0000420>	"arthrosis AE"	
<http://purl.obolibrary.org/obo/OAE_0000421>	"hypokinesia AE"	
<http://purl.obolibrary.org/obo/OAE_0000422>	"muscle twitch AE"	
<http://purl.obolibrary.org/obo/OAE_0000423>	"skin discoloration AE"	
<http://purl.obolibrary.org/obo/OAE_0000424>	"herpes zoster AE"	
<http://purl.obolibrary.org/obo/OAE_0000425>	"laryngismus AE"	
<http://purl.obolibrary.org/obo/OAE_0000426>	"speech disorder AE"	
<http://purl.obolibrary.org/obo/OAE_0000427>	"hemorrhage AE"	
<http://purl.obolibrary.org/obo/OAE_0000428>	"neck rigidity AE"	
<http://purl.obolibrary.org/obo/OAE_0000429>	"Guillain-Barre syndrome AE"	
<http://purl.obolibrary.org/obo/OAE_0000430>	"nausea and vomiting AE"	
<http://purl.obolibrary.org/obo/OAE_0000431>	"sudden infant death AE"	
<http://purl.obolibrary.org/obo/OAE_0000432>	"fever with chills AE"	
<http://purl.obolibrary.org/obo/OAE_0000433>	"personality disorder AE"	
<http://purl.obolibrary.org/obo/OAE_0000434>	"lung AE"	
<http://purl.obolibrary.org/obo/OAE_0000435>	"muscle AE"	
<http://purl.obolibrary.org/obo/OAE_0000436>	"liver, biliary, and pancreatic AE"	
<http://purl.obolibrary.org/obo/OAE_0000437>	"enlarged liver AE"	
<http://purl.obolibrary.org/obo/OAE_0000438>	"meningitis AE"	
<http://purl.obolibrary.org/obo/OAE_0000439>	"digestive system AE"	
<http://purl.obolibrary.org/obo/OAE_0000440>	"facial paralysis AE"	
<http://purl.obolibrary.org/obo/OAE_0000441>	"confusion AE"	
<http://purl.obolibrary.org/obo/OAE_0000442>	"joint disorder AE"	
<http://purl.obolibrary.org/obo/OAE_0000443>	"eye AE"	
<http://purl.obolibrary.org/obo/OAE_0000444>	"autism AE"	
<http://purl.obolibrary.org/obo/OAE_0000445>	"sedimentation rate increased AE"	
<http://purl.obolibrary.org/obo/OAE_0000446>	"arthritis reactive AE"	
<http://purl.obolibrary.org/obo/OAE_0000447>	"amblyopia AE"	
<http://purl.obolibrary.org/obo/OAE_0000448>	"mental retardation AE"	
<http://purl.obolibrary.org/obo/OAE_0000449>	"erythema multiforme AE"	
<http://purl.obolibrary.org/obo/OAE_0000450>	"SGOT increased AE"	
<http://purl.obolibrary.org/obo/OAE_0000451>	"SGPT increased AE"	
<http://purl.obolibrary.org/obo/OAE_0000452>	"thinking abnormality AE"	
<http://purl.obolibrary.org/obo/OAE_0000453>	"dyspepsia AE"	
<http://purl.obolibrary.org/obo/OAE_0000454>	"anaphylactoid reaction AE"	
<http://purl.obolibrary.org/obo/OAE_0000455>	"gastrointestinal disorder AE"	
<http://purl.obolibrary.org/obo/OAE_0000456>	"ascites AE"	
<http://purl.obolibrary.org/obo/OAE_0000457>	"serum sickness AE"	
<http://purl.obolibrary.org/obo/OAE_0000458>	"injection-site abscess AE"	
<http://purl.obolibrary.org/obo/OAE_0000459>	"abnormal electroencephalogram result AE"	
<http://purl.obolibrary.org/obo/OAE_0000460>	"vertigo AE"	
<http://purl.obolibrary.org/obo/OAE_0000461>	"heart arrest AE"	
<http://purl.obolibrary.org/obo/OAE_0000462>	"bronchitis AE"	
<http://purl.obolibrary.org/obo/OAE_0000463>	"grand malconvulsion AE"	
<http://purl.obolibrary.org/obo/OAE_0000464>	"liver function tests abnormal AE"	
<http://purl.obolibrary.org/obo/OAE_0000465>	"ear  AE"	
<http://purl.obolibrary.org/obo/OAE_0000466>	"viral infection AE"	
<http://purl.obolibrary.org/obo/OAE_0000467>	"lacrimation disorder AE"	
<http://purl.obolibrary.org/obo/OAE_0000468>	"jaundice AE"	
<http://purl.obolibrary.org/obo/OAE_0000469>	"abscess AE"	
<http://purl.obolibrary.org/obo/OAE_0000470>	"eye pain AE"	
<http://purl.obolibrary.org/obo/OAE_0000471>	"palpitation AE"	
<http://purl.obolibrary.org/obo/OAE_0000472>	"tongue edema AE"	
<http://purl.obolibrary.org/obo/OAE_0000473>	"ear pain AE"	
<http://purl.obolibrary.org/obo/OAE_0000474>	"angioedema AE"	
<http://purl.obolibrary.org/obo/OAE_0000475>	"rheumatoid arthritis AE"	
<http://purl.obolibrary.org/obo/OAE_0000476>	"immune system AE"	
<http://purl.obolibrary.org/obo/OAE_0000477>	"antinuclear antibody present AE"	
<http://purl.obolibrary.org/obo/OAE_0000478>	"myelitis AE"	
<http://purl.obolibrary.org/obo/OAE_0000479>	"migraine AE"	
<http://purl.obolibrary.org/obo/OAE_0000480>	"thrombocytopenic purpura AE"	
<http://purl.obolibrary.org/obo/OAE_0000481>	"multiple sclerosis AE"	
<http://purl.obolibrary.org/obo/OAE_0000482>	"amnesia AE"	
<http://purl.obolibrary.org/obo/OAE_0000483>	"incoordination AE"	
<http://purl.obolibrary.org/obo/OAE_0000484>	"voice alteration AE"	
<http://purl.obolibrary.org/obo/OAE_0000485>	"abortion AE"	
<http://purl.obolibrary.org/obo/OAE_0000486>	"psychological shock AE"	
<http://purl.obolibrary.org/obo/OAE_0000487>	"purpura AE"	
<http://purl.obolibrary.org/obo/OAE_0000488>	"bacterial infection AE"	
<http://purl.obolibrary.org/obo/OAE_0000489>	"skin striae AE"	
<http://purl.obolibrary.org/obo/OAE_0000490>	"acute brain syndrome AE"	
<http://purl.obolibrary.org/obo/OAE_0000491>	"coma AE"	
<http://purl.obolibrary.org/obo/OAE_0000492>	"hyperkinesia AE"	
<http://purl.obolibrary.org/obo/OAE_0000493>	"cardiovascular AE"	
<http://purl.obolibrary.org/obo/OAE_0000494>	"encephalopathy AE"	
<http://purl.obolibrary.org/obo/OAE_0000495>	"urine abnormality AE"	
<http://purl.obolibrary.org/obo/OAE_0000496>	"gastroenteritis AE"	
<http://purl.obolibrary.org/obo/OAE_0000497>	"peripheral vascular disorder AE"	
<http://purl.obolibrary.org/obo/OAE_0000498>	"urinary tract infection AE"	
<http://purl.obolibrary.org/obo/OAE_0000499>	"increased salivation AE"	
<http://purl.obolibrary.org/obo/OAE_0000500>	"depression AE"	
<http://purl.obolibrary.org/obo/OAE_0000501>	"diabetes mellitus AE"	
<http://purl.obolibrary.org/obo/OAE_0000502>	"laryngitis AE"	
<http://purl.obolibrary.org/obo/OAE_0000503>	"generalized spasm AE"	
<http://purl.obolibrary.org/obo/OAE_0000504>	"reflexes decreased AE"	
<http://purl.obolibrary.org/obo/OAE_0000505>	"dry mouth AE"	
<http://purl.obolibrary.org/obo/OAE_0000506>	"optic neuritis AE"	
<http://purl.obolibrary.org/obo/OAE_0000507>	"thrombocythemia AE"	
<http://purl.obolibrary.org/obo/OAE_0000508>	"epistaxis AE"	
<http://purl.obolibrary.org/obo/OAE_0000509>	"lupus syndrome AE"	
<http://purl.obolibrary.org/obo/OAE_0000510>	"photophobia AE"	
<http://purl.obolibrary.org/obo/OAE_0000511>	"abnormal salivary gland physiology AE"	
<http://purl.obolibrary.org/obo/OAE_0000512>	"hallucination AE"	
<http://purl.obolibrary.org/obo/OAE_0000513>	"tongue disorder"	
<http://purl.obolibrary.org/obo/OAE_0000514>	"neuralgia AE"	
<http://purl.obolibrary.org/obo/OAE_0000515>	"lung edema AE"	
<http://purl.obolibrary.org/obo/OAE_0000516>	"circumoral paresthesia AE"	
<http://purl.obolibrary.org/obo/OAE_0000517>	"thirst AE"	
<http://purl.obolibrary.org/obo/OAE_0000518>	"bone disorder AE"	
<http://purl.obolibrary.org/obo/OAE_0000519>	"fetal disorder AE"	
<http://purl.obolibrary.org/obo/OAE_0000520>	"emotional liability AE"	
<http://purl.obolibrary.org/obo/OAE_0000521>	"muscle spasm AE"	
<http://purl.obolibrary.org/obo/OAE_0000522>	"tendon disorder AE"	
<http://purl.obolibrary.org/obo/OAE_0000523>	"hostility AE"	
<http://purl.obolibrary.org/obo/OAE_0000524>	"visual field defect AE"	
<http://purl.obolibrary.org/obo/OAE_0000525>	"myopathy AE"	
<http://purl.obolibrary.org/obo/OAE_0000526>	"apathy AE"	
<http://purl.obolibrary.org/obo/OAE_0000527>	"hemiplegia AE"	
<http://purl.obolibrary.org/obo/OAE_0000528>	"pustular rash AE"	
<http://purl.obolibrary.org/obo/OAE_0000529>	"blood creatine phosphokinase level increased AE"	
<http://purl.obolibrary.org/obo/OAE_0000530>	"intracranial hypertension AE"	
<http://purl.obolibrary.org/obo/OAE_0000531>	"sensorimotor painful neuropathy AE"	
<http://purl.obolibrary.org/obo/OAE_0000532>	"abnormal stool AE"	
<http://purl.obolibrary.org/obo/OAE_0000533>	"bone pain AE"	
<http://purl.obolibrary.org/obo/OAE_0000534>	"cerebrovascular accident AE"	
<http://purl.obolibrary.org/obo/OAE_0000535>	"parotid gland enlargement AE"	
<http://purl.obolibrary.org/obo/OAE_0000536>	"flatulence AE"	
<http://purl.obolibrary.org/obo/OAE_0000537>	"liver damage AE"	
<http://purl.obolibrary.org/obo/OAE_0000538>	"sore throat AE"	
<http://purl.obolibrary.org/obo/OAE_0000539>	"paralysis AE"	
<http://purl.obolibrary.org/obo/OAE_0000540>	"aseptic necrosis bone AE"	
<http://purl.obolibrary.org/obo/OAE_0000541>	"weight loss AE"	
<http://purl.obolibrary.org/obo/OAE_0000542>	"ataxia AE"	
<http://purl.obolibrary.org/obo/OAE_0000543>	"skin AE"	
<http://purl.obolibrary.org/obo/OAE_0000544>	"abnormal gait AE"	
<http://purl.obolibrary.org/obo/OAE_0000545>	"dehydration AE"	
<http://purl.obolibrary.org/obo/OAE_0000546>	"abnormal fluid regulation AE"	
<http://purl.obolibrary.org/obo/OAE_0000547>	"hyperglycemia AE"	
<http://purl.obolibrary.org/obo/OAE_0000548>	"abnormal circulating bilirubin level AE"	
<http://purl.obolibrary.org/obo/OAE_0000549>	"cyanosis AE"	
<http://purl.obolibrary.org/obo/OAE_0000550>	"anemia AE"	
<http://purl.obolibrary.org/obo/OAE_0000551>	"hypotension AE"	
<http://purl.obolibrary.org/obo/OAE_0000552>	"irregular heartbeat AE"	
<http://purl.obolibrary.org/obo/OAE_0000554>	"abnormal digestion AE"	
<http://purl.obolibrary.org/obo/OAE_0000555>	"homeostasis AE"	
<http://purl.obolibrary.org/obo/OAE_0000556>	"edema AE"	
<http://purl.obolibrary.org/obo/OAE_0000557>	"inflammation AE"	
<http://purl.obolibrary.org/obo/OAE_0000558>	"brain inflammation AE"	
<http://purl.obolibrary.org/obo/OAE_0000559>	"increased susceptibility to otitis media AE"	
<http://purl.obolibrary.org/obo/OAE_0000560>	"eye inflammation AE"	
<http://purl.obolibrary.org/obo/OAE_0000561>	"conjunctivitis AE"	
<http://purl.obolibrary.org/obo/OAE_0000562>	"liver inflammation AE"	
<http://purl.obolibrary.org/obo/OAE_0000563>	"lung inflammation AE"	
<http://purl.obolibrary.org/obo/OAE_0000564>	"respiratory system inflammation AE"	
<http://purl.obolibrary.org/obo/OAE_0000565>	"vasculitis AE"	
<http://purl.obolibrary.org/obo/OAE_0000566>	"salivary gland inflammation AE"	
<http://purl.obolibrary.org/obo/OAE_0000567>	"sinusitis AE"	
<http://purl.obolibrary.org/obo/OAE_0000568>	"allergy AE"	
<http://purl.obolibrary.org/obo/OAE_0000569>	"abnormal cerebrospinal fluid production AE"	
<http://purl.obolibrary.org/obo/OAE_0000570>	"nervous system AE"	
<http://purl.obolibrary.org/obo/OAE_0000571>	"abnormal respiration AE"	
<http://purl.obolibrary.org/obo/OAE_0000572>	"apnea AE"	
<http://purl.obolibrary.org/obo/OAE_0000573>	"deafness AE"	
<http://purl.obolibrary.org/obo/OAE_0000574>	"gustatory system AE"	
<http://purl.obolibrary.org/obo/OAE_0000575>	"taste sensitivity AE"	
<http://purl.obolibrary.org/obo/OAE_0000576>	"polyuria AE"@en	
<http://purl.obolibrary.org/obo/OAE_0000577>	"blindness AE"	
<http://purl.obolibrary.org/obo/OAE_0000578>	"abnormal vision AE"	
<http://purl.obolibrary.org/obo/OAE_0000579>	"seizure AE"	
<http://purl.obolibrary.org/obo/OAE_0000580>	"behavior and neurological AE"	
<http://purl.obolibrary.org/obo/OAE_0000581>	"movement disorder AE"	
<http://purl.obolibrary.org/obo/OAE_0000582>	"sensory capability AE"	
<http://purl.obolibrary.org/obo/OAE_0000583>	"glucose homeostasis AE"	
<http://purl.obolibrary.org/obo/OAE_0000584>	"hypersensitivity AE"	
<http://purl.obolibrary.org/obo/OAE_0000585>	"muscular atrophy AE"	
<http://purl.obolibrary.org/obo/OAE_0000586>	"hyperventilation AE"	
<http://purl.obolibrary.org/obo/OAE_0000587>	"hypoventilation AE"	
<http://purl.obolibrary.org/obo/OAE_0000588>	"hematopoietic system AE"	
<http://purl.obolibrary.org/obo/OAE_0000589>	"mydriasis AE"	
<http://purl.obolibrary.org/obo/OAE_0000590>	"increased heart rate AE"	
<http://purl.obolibrary.org/obo/OAE_0000591>	"hyperresponsive to tactile stimuli AE"	
<http://purl.obolibrary.org/obo/OAE_0000592>	"opisthotonus AE"	
<http://purl.obolibrary.org/obo/OAE_0000593>	"joint inflammation AE"	
<http://purl.obolibrary.org/obo/OAE_0000594>	"increased lactate dehydrogenase level AE"	
<http://purl.obolibrary.org/obo/OAE_0000595>	"increased circulating alkaline phosphatase level AE"	
<http://purl.obolibrary.org/obo/OAE_0000596>	"arthritis AE"	
<http://purl.obolibrary.org/obo/OAE_0000597>	"dysphagia AE"	
<http://purl.obolibrary.org/obo/OAE_0000598>	"decreased lateral semicircular canal size AE"	
<http://purl.obolibrary.org/obo/OAE_0000599>	"platelet count decreased AE"	
<http://purl.obolibrary.org/obo/OAE_0000600>	"nausea AE"	
<http://purl.obolibrary.org/obo/OAE_0000601>	"vomiting AE"	
<http://purl.obolibrary.org/obo/OAE_0000602>	"constipation AE"	
<http://purl.obolibrary.org/obo/OAE_0000603>	"abnormal defecation AE"	
<http://purl.obolibrary.org/obo/OAE_0000604>	"urinary incontinence AE"	
<http://purl.obolibrary.org/obo/OAE_0000605>	"clonus AE"@en	
<http://purl.obolibrary.org/obo/OAE_0000606>	"pallor AE"	
<http://purl.obolibrary.org/obo/OAE_0000607>	"tinnitus AE"	
<http://purl.obolibrary.org/obo/OAE_0000608>	"stomatitis AE"	
<http://purl.obolibrary.org/obo/OAE_0000609>	"mouth mucosal ulceration AE"	
<http://purl.obolibrary.org/obo/OAE_0000610>	"abnormal muscle tone AE"	
<http://purl.obolibrary.org/obo/OAE_0000611>	"hypertonia AE"	
<http://purl.obolibrary.org/obo/OAE_0000612>	"hypotonia AE"	
<http://purl.obolibrary.org/obo/OAE_0000613>	"myositis AE"	
<http://purl.obolibrary.org/obo/OAE_0000614>	"muscle inflammation AE"	
<http://purl.obolibrary.org/obo/OAE_0000615>	"lymphocyte count increased AE"	
<http://purl.obolibrary.org/obo/OAE_0000616>	"diarrhea AE"	
<http://purl.obolibrary.org/obo/OAE_0000617>	"hypoxia AE"	
<http://purl.obolibrary.org/obo/OAE_0000618>	"sepsis AE"	
<http://purl.obolibrary.org/obo/OAE_0000619>	"hematuria AE"	
<http://purl.obolibrary.org/obo/OAE_0000620>	"abnormal enzyme level AE"	
<http://purl.obolibrary.org/obo/OAE_0000621>	"decreased heart rate AE"	
<http://purl.obolibrary.org/obo/OAE_0000622>	"urinary system AE"	
<http://purl.obolibrary.org/obo/OAE_0000623>	"hypothermia AE"	
<http://purl.obolibrary.org/obo/OAE_0000624>	"abnormal body temperature AE"	
<http://purl.obolibrary.org/obo/OAE_0000625>	"neuritis AE"	
<http://purl.obolibrary.org/obo/OAE_0000626>	"double vision AE"	
<http://purl.obolibrary.org/obo/OAE_0000627>	"hypochromic anemia AE"	
<http://purl.obolibrary.org/obo/OAE_0000628>	"investigation result abnormal AE"@en	
<http://purl.obolibrary.org/obo/OAE_0000629>	"nervous AE"	
<http://purl.obolibrary.org/obo/OAE_0000630>	"ecchymosis AE"	
<http://purl.obolibrary.org/obo/OAE_0000631>	"severe adverse event"	
<http://purl.obolibrary.org/obo/OAE_0000632>	"death AE"	
<http://purl.obolibrary.org/obo/OAE_0000633>	"life-threating adverse event"	
<http://purl.obolibrary.org/obo/OAE_0000634>	"adverse event leading to hospitalization"	
<http://purl.obolibrary.org/obo/OAE_0000635>	"adverse event leading to disability"	
<http://purl.obolibrary.org/obo/OAE_0000636>	"adverse event leading to congenital anomaly"	
<http://purl.obolibrary.org/obo/OAE_0000637>	"adverse event that requires intervention to prevent permanent impairment or damage"	
<http://purl.obolibrary.org/obo/OAE_0000638>	"non-serious adverse event"	
<http://purl.obolibrary.org/obo/OAE_0000639>	"low-grade fever AE"	
<http://purl.obolibrary.org/obo/OAE_0000640>	"moderate-grade fever AE"	
<http://purl.obolibrary.org/obo/OAE_0000641>	"high-grade fever AE"	
<http://purl.obolibrary.org/obo/OAE_0000642>	"hyperpyrexia AE"	
<http://purl.obolibrary.org/obo/OAE_0000643>	"musculoskeletal pain AE"	
<http://purl.obolibrary.org/obo/OAE_0000644>	"injection-site erythema AE"	
<http://purl.obolibrary.org/obo/OAE_0000645>	"erythema AE"	
<http://purl.obolibrary.org/obo/OAE_0000646>	"sinus headache AE"	
<http://purl.obolibrary.org/obo/OAE_0000647>	"pneumonia AE"	
<http://purl.obolibrary.org/obo/OAE_0000648>	"lobar pneumonia AE"	
<http://purl.obolibrary.org/obo/OAE_0000649>	"axillary pain AE"	
<http://purl.obolibrary.org/obo/OAE_0000650>	"hematoma AE"	
<http://purl.obolibrary.org/obo/OAE_0000651>	"reproductive system AE"	
<http://purl.obolibrary.org/obo/OAE_0000652>	"antinuclear antibody negative AE"	
<http://purl.obolibrary.org/obo/OAE_0000653>	"CSF white blood cell count negative AE"	
<http://purl.obolibrary.org/obo/OAE_0000654>	"influenza serology positive AE"	
<http://purl.obolibrary.org/obo/OAE_0000655>	"VIIth nerve paralysis AE"@en	
<http://purl.obolibrary.org/obo/OAE_0000656>	"aspartate aminotransferase level increased AE"	
<http://purl.obolibrary.org/obo/OAE_0000658>	"acute disseminated encephalomyelitis AE"	
<http://purl.obolibrary.org/obo/OAE_0000659>	"atrial fibrillation AE"	
<http://purl.obolibrary.org/obo/OAE_0000660>	"arrhythmia AE"	
<http://purl.obolibrary.org/obo/OAE_0000661>	"mitral valve stenosis AE"	
<http://purl.obolibrary.org/obo/OAE_0000662>	"blood creatinine level decreased AE"	
<http://purl.obolibrary.org/obo/OAE_0000663>	"carbon dioxide decreased AE"	
<http://purl.obolibrary.org/obo/OAE_0000665>	"croup infection AE"	
<http://purl.obolibrary.org/obo/OAE_0000666>	"aspiration AE"	
<http://purl.obolibrary.org/obo/OAE_0000667>	"aspiration pleural cavity AE"	
<http://purl.obolibrary.org/obo/OAE_0000668>	"excoriation AE"	
<http://purl.obolibrary.org/obo/OAE_0000669>	"facial pain AE"	
<http://purl.obolibrary.org/obo/OAE_0000670>	"full blood count abnormal AE"	
<http://purl.obolibrary.org/obo/OAE_0000671>	"hyporeflexia AE"	
<http://purl.obolibrary.org/obo/OAE_0000672>	"astrocytoma AE"	
<http://purl.obolibrary.org/obo/OAE_0000674>	"atelectasis AE"	
<http://purl.obolibrary.org/obo/OAE_0000675>	"influenza virus test positive AE"	
<http://purl.obolibrary.org/obo/OAE_0000676>	"joint range of motion decreased AE"	
<http://purl.obolibrary.org/obo/OAE_0000677>	"laryngospasm AE"	
<http://purl.obolibrary.org/obo/OAE_0000678>	"lymphocyte percentage decreased AE"	
<http://purl.obolibrary.org/obo/OAE_0000679>	"monocyte percentage increased AE"	
<http://purl.obolibrary.org/obo/OAE_0000680>	"nuclear magnetic resonance imaging brain abnormal AE"	
<http://purl.obolibrary.org/obo/OAE_0000681>	"periorbital edema AE"	
<http://purl.obolibrary.org/obo/OAE_0000682>	"pregnancy test positive AE"	
<http://purl.obolibrary.org/obo/OAE_0000684>	"sensation of foreign body AE"	
<http://purl.obolibrary.org/obo/OAE_0000685>	"sensation of heaviness AE"	
<http://purl.obolibrary.org/obo/OAE_0000686>	"sensory loss AE"	
<http://purl.obolibrary.org/obo/OAE_0000687>	"skin exfoliation AE"	
<http://purl.obolibrary.org/obo/OAE_0000688>	"stomach discomfort AE"	
<http://purl.obolibrary.org/obo/OAE_0000689>	"autoantibody positive AE"	
<http://purl.obolibrary.org/obo/OAE_0000690>	"stridor AE"@en	
<http://purl.obolibrary.org/obo/OAE_0000691>	"skin ulcer AE"	
<http://purl.obolibrary.org/obo/OAE_0000693>	"upper respiratory tract congestion AE"@en	
<http://purl.obolibrary.org/obo/OAE_0000694>	"urine analysis result abnormal AE"	
<http://purl.obolibrary.org/obo/OAE_0000695>	"urine ketone body present AE"	
<http://purl.obolibrary.org/obo/OAE_0000696>	"autoimmune hepatitis AE"	
<http://purl.obolibrary.org/obo/OAE_0000697>	"vaginal hemorrhage AE"	
<http://purl.obolibrary.org/obo/OAE_0000698>	"vasodilatation AE"	
<http://purl.obolibrary.org/obo/OAE_0000699>	"bacteremia AE"	
<http://purl.obolibrary.org/obo/OAE_0000700>	"bacterial sepsis AE"	
<http://purl.obolibrary.org/obo/OAE_0000701>	"basal cell carcinoma AE"	
<http://purl.obolibrary.org/obo/OAE_0000702>	"basophil count increased AE"	
<http://purl.obolibrary.org/obo/OAE_0000703>	"behcet's syndrome AE"	
<http://purl.obolibrary.org/obo/OAE_0000704>	"benign congenital hypotonia AE"	
<http://purl.obolibrary.org/obo/OAE_0000705>	"benign hydatidiform mole AE"	
<http://purl.obolibrary.org/obo/OAE_0000706>	"benign ovarian tumor AE"	
<http://purl.obolibrary.org/obo/OAE_0000707>	"bile duct obstruction AE"	
<http://purl.obolibrary.org/obo/OAE_0000708>	"biliary dilatation AE"	
<http://purl.obolibrary.org/obo/OAE_0000709>	"binge eating AE"	
<http://purl.obolibrary.org/obo/OAE_0000710>	"binocular eye movement disorder AE"	
<http://purl.obolibrary.org/obo/OAE_0000711>	"bladder cancer AE"	
<http://purl.obolibrary.org/obo/OAE_0000712>	"blast cell count increased AE"	
<http://purl.obolibrary.org/obo/OAE_0000713>	"blast cell crisis AE"	
<http://purl.obolibrary.org/obo/OAE_0000714>	"blast cells present AE"	
<http://purl.obolibrary.org/obo/OAE_0000715>	"blast crisis in myelogenous leukemia AE"	
<http://purl.obolibrary.org/obo/OAE_0000716>	"blepharitis AE"	
<http://purl.obolibrary.org/obo/OAE_0000717>	"blood albumin level decreased AE"	
<http://purl.obolibrary.org/obo/OAE_0000718>	"blood alkaline phosphatase level abnormal AE"	
<http://purl.obolibrary.org/obo/OAE_0000719>	"blood alkaline phosphatase decreased AE"	
<http://purl.obolibrary.org/obo/OAE_0000720>	"blood alkaline phosphatase increased AE"	
<http://purl.obolibrary.org/obo/OAE_0000721>	"chronic inflammatory demyelinating neuropathy AE"	
<http://purl.obolibrary.org/obo/OAE_0000722>	"blood amylase level increased AE"	
<http://purl.obolibrary.org/obo/OAE_0000723>	"blood bilirubin level abnormal AE"	
<http://purl.obolibrary.org/obo/OAE_0000724>	"blood bilirubin level increased AE"	
<http://purl.obolibrary.org/obo/OAE_0000725>	"blood calcium decreased AE"	
<http://purl.obolibrary.org/obo/OAE_0000726>	"blood chloride decreased AE"	
<http://purl.obolibrary.org/obo/OAE_0000727>	"blood cholesterol increased AE"	
<http://purl.obolibrary.org/obo/OAE_0000728>	"blood creatine phosphokinase level abnormal AE"	
<http://purl.obolibrary.org/obo/OAE_0000729>	"blood creatinine level increased AE"	
<http://purl.obolibrary.org/obo/OAE_0000730>	"blood culture positive AE"	
<http://purl.obolibrary.org/obo/OAE_0000731>	"blood disorder AE"	
<http://purl.obolibrary.org/obo/OAE_0000732>	"blood folate level decreased AE"	
<http://purl.obolibrary.org/obo/OAE_0000733>	"blood glucose level decreased AE"	
<http://purl.obolibrary.org/obo/OAE_0000734>	"blood glucose level increased AE"	
<http://purl.obolibrary.org/obo/OAE_0000735>	"blood homocysteine level increased AE"	
<http://purl.obolibrary.org/obo/OAE_0000736>	"blood immunoglobulin a level increased AE "	
<http://purl.obolibrary.org/obo/OAE_0000737>	"blood lactate dehydrogenase level increased AE"	
<http://purl.obolibrary.org/obo/OAE_0000738>	"blood magnesium decreased AE"	
<http://purl.obolibrary.org/obo/OAE_0000739>	"blood parathyroid hormone decreased AE"	
<http://purl.obolibrary.org/obo/OAE_0000740>	"blood phosphorus decreased AE"	
<http://purl.obolibrary.org/obo/OAE_0000741>	"blood potassium decreased AE"	
<http://purl.obolibrary.org/obo/OAE_0000742>	"blood pressure diastolic decreased AE"	
<http://purl.obolibrary.org/obo/OAE_0000743>	"blood pressure immeasurable AE"	
<http://purl.obolibrary.org/obo/OAE_0000744>	"blood sodium decreased AE"	
<http://purl.obolibrary.org/obo/OAE_0000745>	"blood thromboplastin level increased AE"	
<http://purl.obolibrary.org/obo/OAE_0000746>	"blood urea level decreased AE"	
<http://purl.obolibrary.org/obo/OAE_0000747>	"blood urea level increased AE "	
<http://purl.obolibrary.org/obo/OAE_0000748>	"blood uric acid level increased AE"	
<http://purl.obolibrary.org/obo/OAE_0000749>	"bone cyst AE"	
<http://purl.obolibrary.org/obo/OAE_0000750>	"bone debridement AE"	
<http://purl.obolibrary.org/obo/OAE_0000751>	"bone lesion AE"	
<http://purl.obolibrary.org/obo/OAE_0000752>	"bone marrow depression AE"	
<http://purl.obolibrary.org/obo/OAE_0000753>	"bone marrow disorder AE"	
<http://purl.obolibrary.org/obo/OAE_0000754>	"bone marrow failure AE"	
<http://purl.obolibrary.org/obo/OAE_0000755>	"bone marrow reticulin fibrosis AE"	
<http://purl.obolibrary.org/obo/OAE_0000756>	"bone marrow toxicity AE"	
<http://purl.obolibrary.org/obo/OAE_0000757>	"bone marrow transplant AE"	
<http://purl.obolibrary.org/obo/OAE_0000758>	"bone swelling AE"	
<http://purl.obolibrary.org/obo/OAE_0000759>	"bowen's disease AE"	
<http://purl.obolibrary.org/obo/OAE_0000760>	"bradycardia neonatal AE"	
<http://purl.obolibrary.org/obo/OAE_0000761>	"brain edema AE"	
<http://purl.obolibrary.org/obo/OAE_0000762>	"breast cancer AE"	
<http://purl.obolibrary.org/obo/OAE_0000763>	"breast cancer metastatic AE"	
<http://purl.obolibrary.org/obo/OAE_0000764>	"breast cancer stage iii AE"	
<http://purl.obolibrary.org/obo/OAE_0000765>	"breast infection AE"	
<http://purl.obolibrary.org/obo/OAE_0000766>	"breast pain AE"	
<http://purl.obolibrary.org/obo/OAE_0000767>	"breast tenderness AE"	
<http://purl.obolibrary.org/obo/OAE_0000768>	"bronchopneumonia AE"	
<http://purl.obolibrary.org/obo/OAE_0000769>	"bronchopulmonary aspergillosis AE"	
<http://purl.obolibrary.org/obo/OAE_0000770>	"bronchospasm AE"	
<http://purl.obolibrary.org/obo/OAE_0000771>	"burning sensation AE"	
<http://purl.obolibrary.org/obo/OAE_0000772>	"cachexia AE"	
<http://purl.obolibrary.org/obo/OAE_0000773>	"cecitis AE"	
<http://purl.obolibrary.org/obo/OAE_0000774>	"calcium deficiency AE"	
<http://purl.obolibrary.org/obo/OAE_0000775>	"capillary leak syndrome AE"	
<http://purl.obolibrary.org/obo/OAE_0000776>	"carcinoembryonic antigen increased AE"	
<http://purl.obolibrary.org/obo/OAE_0000777>	"carcinoid tumor AE"	
<http://purl.obolibrary.org/obo/OAE_0000779>	"cardiac failure AE"	
<http://purl.obolibrary.org/obo/OAE_0000780>	"cardiac failure congestive AE"	
<http://purl.obolibrary.org/obo/OAE_0000782>	"cardiac valve disease AE"	
<http://purl.obolibrary.org/obo/OAE_0000783>	"cardiac ventricular disorder AE"	
<http://purl.obolibrary.org/obo/OAE_0000784>	"cardiogenic shock AE"	
<http://purl.obolibrary.org/obo/OAE_0000785>	"cardiomyopathy AE"	
<http://purl.obolibrary.org/obo/OAE_0000786>	"cardiotoxicity AE"	
<http://purl.obolibrary.org/obo/OAE_0000787>	"carotid arteriosclerosis AE"	
<http://purl.obolibrary.org/obo/OAE_0000788>	"cataplexy AE"	
<http://purl.obolibrary.org/obo/OAE_0000789>	"cataract AE"	
<http://purl.obolibrary.org/obo/OAE_0000790>	"catheter related complication AE"	
<http://purl.obolibrary.org/obo/OAE_0000791>	"catheter related infection AE"	
<http://purl.obolibrary.org/obo/OAE_0000792>	"catheter site infection AE"	
<http://purl.obolibrary.org/obo/OAE_0000793>	"catheter site related reaction AE"	
<http://purl.obolibrary.org/obo/OAE_0000794>	"catheterization cardiac abnormal AE"	
<http://purl.obolibrary.org/obo/OAE_0000795>	"cauda equina syndrome AE"	
<http://purl.obolibrary.org/obo/OAE_0000796>	"central line infection AE"	
<http://purl.obolibrary.org/obo/OAE_0000797>	"central nervous system infection AE"	
<http://purl.obolibrary.org/obo/OAE_0000798>	"central nervous system lymphoma AE"	
<http://purl.obolibrary.org/obo/OAE_0000799>	"cerebellar ataxia AE"	
<http://purl.obolibrary.org/obo/OAE_0000800>	"cerebellar syndrome AE"	
<http://purl.obolibrary.org/obo/OAE_0000801>	"cerebral hemorrhage AE"	
<http://purl.obolibrary.org/obo/OAE_0000802>	"cerebral ischemia AE"	
<http://purl.obolibrary.org/obo/OAE_0000803>	"cervicobrachial syndrome AE"	
<http://purl.obolibrary.org/obo/OAE_0000804>	"chapped lips AE"	
<http://purl.obolibrary.org/obo/OAE_0000805>	"cheilitis AE"	
<http://purl.obolibrary.org/obo/OAE_0000806>	"chemical burn of skin AE"	
<http://purl.obolibrary.org/obo/OAE_0000807>	"chest discomfort AE"	
<http://purl.obolibrary.org/obo/OAE_0000808>	"alcohol cardiomyopathy AE"	
<http://purl.obolibrary.org/obo/OAE_0000809>	"chloroma AE"	
<http://purl.obolibrary.org/obo/OAE_0000810>	"cholangitis AE"	
<http://purl.obolibrary.org/obo/OAE_0000811>	"cholestasis AE"	
<http://purl.obolibrary.org/obo/OAE_0000812>	"chondrocalcinosis pyrophosphate AE"	
<http://purl.obolibrary.org/obo/OAE_0000813>	"chromosome analysis abnormal AE"	
<http://purl.obolibrary.org/obo/OAE_0000814>	"chemotherapy-induced peripheral neuropathy AE"	
<http://purl.obolibrary.org/obo/OAE_0000815>	"chronic myeloid leukemia AE"	
<http://purl.obolibrary.org/obo/OAE_0000816>	"chronic myeloid leukemia transformation AE"	
<http://purl.obolibrary.org/obo/OAE_0000817>	"chronic obstructive pulmonary disease AE"	
<http://purl.obolibrary.org/obo/OAE_0000818>	"chronic respiratory failure AE"	
<http://purl.obolibrary.org/obo/OAE_0000819>	"chronic sinusitis AE"	
<http://purl.obolibrary.org/obo/OAE_0000820>	"chylothorax AE"	
<http://purl.obolibrary.org/obo/OAE_0000821>	"circulatory collapse AE"	
<http://purl.obolibrary.org/obo/OAE_0000822>	"clostridial infection AE"	
<http://purl.obolibrary.org/obo/OAE_0000823>	"clostridium difficile colitis AE"	
<http://purl.obolibrary.org/obo/OAE_0000824>	"coagulation factor v level decreased AE"	
<http://purl.obolibrary.org/obo/OAE_0000825>	"colitis AE"	
<http://purl.obolibrary.org/obo/OAE_0000826>	"collapse of lung AE"	
<http://purl.obolibrary.org/obo/OAE_0000827>	"colon cancer AE"	
<http://purl.obolibrary.org/obo/OAE_0000828>	"colon cancer metastatic AE"	
<http://purl.obolibrary.org/obo/OAE_0000829>	"colon cancer stage iv AE"	
<http://purl.obolibrary.org/obo/OAE_0000830>	"colorectal cancer AE"	
<http://purl.obolibrary.org/obo/OAE_0000831>	"colorectal cancer metastatic AE"	
<http://purl.obolibrary.org/obo/OAE_0000832>	"computerized tomography result abnormal AE"	
<http://purl.obolibrary.org/obo/OAE_0000833>	"concomitant disease progression AE"	
<http://purl.obolibrary.org/obo/OAE_0000834>	"condition aggravated AE"	
<http://purl.obolibrary.org/obo/OAE_0000835>	"congenital cardiovascular anomaly AE"	
<http://purl.obolibrary.org/obo/OAE_0000836>	"congestive cardiomyopathy AE"	
<http://purl.obolibrary.org/obo/OAE_0000837>	"conjunctival disorder AE"	
<http://purl.obolibrary.org/obo/OAE_0000838>	"conjunctival hemorrhage AE"	
<http://purl.obolibrary.org/obo/OAE_0000839>	"connective tissue disorder AE"	
<http://purl.obolibrary.org/obo/OAE_0000840>	"contact lens intolerance AE"	
<http://purl.obolibrary.org/obo/OAE_0000841>	"coombs' test positive AE"	
<http://purl.obolibrary.org/obo/OAE_0000842>	"coordination abnormal AE"	
<http://purl.obolibrary.org/obo/OAE_0000844>	"coronary artery embolism AE"	
<http://purl.obolibrary.org/obo/OAE_0000845>	"coronary artery insufficiency AE"	
<http://purl.obolibrary.org/obo/OAE_0000846>	"craniopharyngioma AE"	
<http://purl.obolibrary.org/obo/OAE_0000847>	"c-reactive protein level increased AE"	
<http://purl.obolibrary.org/obo/OAE_0000848>	"viral cardiomyopathy AE"	
<http://purl.obolibrary.org/obo/OAE_0000849>	"csf pressure increased AE"	
<http://purl.obolibrary.org/obo/OAE_0000850>	"culture urine positive AE"	
<http://purl.obolibrary.org/obo/OAE_0000851>	"cutaneous vasculitis AE"	
<http://purl.obolibrary.org/obo/OAE_0000852>	"cystitis hemorrhagic AE"	
<http://purl.obolibrary.org/obo/OAE_0000853>	"cytogenetic abnormality AE"	
<http://purl.obolibrary.org/obo/OAE_0000854>	"cytokine release syndrome AE"	
<http://purl.obolibrary.org/obo/OAE_0000855>	"cytolytic hepatitis AE"	
<http://purl.obolibrary.org/obo/OAE_0000856>	"cytomegalovirus colitis AE"	
<http://purl.obolibrary.org/obo/OAE_0000857>	"cytomegalovirus infection AE"	
<http://purl.obolibrary.org/obo/OAE_0000858>	"dandruff AE"	
<http://purl.obolibrary.org/obo/OAE_0000860>	"decubitus ulcer AE"	
<http://purl.obolibrary.org/obo/OAE_0000861>	"deep vein thrombosis AE"	
<http://purl.obolibrary.org/obo/OAE_0000862>	"delirium AE"	
<http://purl.obolibrary.org/obo/OAE_0000863>	"dental caries AE"	
<http://purl.obolibrary.org/obo/OAE_0000864>	"depressed level of consciousness AE"	
<http://purl.obolibrary.org/obo/OAE_0000865>	"dermatitis acneiform AE"	
<http://purl.obolibrary.org/obo/OAE_0000866>	"dermatitis exfoliative AE"	
<http://purl.obolibrary.org/obo/OAE_0000867>	"dermatomyositis AE"	
<http://purl.obolibrary.org/obo/OAE_0000868>	"developmental coordination disorder AE"	
<http://purl.obolibrary.org/obo/OAE_0000869>	"device dislocation AE"	
<http://purl.obolibrary.org/obo/OAE_0000870>	"device expulsion AE"	
<http://purl.obolibrary.org/obo/OAE_0000871>	"device related infection AE"	
<http://purl.obolibrary.org/obo/OAE_0000872>	"diabetic hyperglycemic coma AE"	
<http://purl.obolibrary.org/obo/OAE_0000873>	"diaphragmatic hernia AE"	
<http://purl.obolibrary.org/obo/OAE_0000874>	"diaphragmatic paralysis AE"	
<http://purl.obolibrary.org/obo/OAE_0000875>	"diarrhea hemorrhagic AE"	
<http://purl.obolibrary.org/obo/OAE_0000876>	"diarrhea infectious AE"	
<http://purl.obolibrary.org/obo/OAE_0000877>	"diastolic dysfunction AE"	
<http://purl.obolibrary.org/obo/OAE_0000878>	"dilatation ventricular AE"	
<http://purl.obolibrary.org/obo/OAE_0000879>	"disease progression AE"	
<http://purl.obolibrary.org/obo/OAE_0000880>	"dislocation of vertebra AE"	
<http://purl.obolibrary.org/obo/OAE_0000881>	"disorientation AE"	
<http://purl.obolibrary.org/obo/OAE_0000882>	"disseminated intravascular coagulation AE"	
<http://purl.obolibrary.org/obo/OAE_0000883>	"disturbance in attention AE"	
<http://purl.obolibrary.org/obo/OAE_0000884>	"diverticular perforation AE"	
<http://purl.obolibrary.org/obo/OAE_0000885>	"diverticulitis AE"	
<http://purl.obolibrary.org/obo/OAE_0000886>	"diverticulitis intestinal hemorrhagic AE"	
<http://purl.obolibrary.org/obo/OAE_0000887>	"drug clearance decreased AE"	
<http://purl.obolibrary.org/obo/OAE_0000888>	"drug dependence AE"	
<http://purl.obolibrary.org/obo/OAE_0000889>	"drug eruption AE"	
<http://purl.obolibrary.org/obo/OAE_0000890>	"drug hypersensitivity AE"	
<http://purl.obolibrary.org/obo/OAE_0000891>	"drug intolerance AE"	
<http://purl.obolibrary.org/obo/OAE_0000892>	"drug withdrawal headache  AE"	
<http://purl.obolibrary.org/obo/OAE_0000893>	"drug withdrawal syndrome AE"	
<http://purl.obolibrary.org/obo/OAE_0000894>	"dry skin AE"	
<http://purl.obolibrary.org/obo/OAE_0000895>	"duodenal ulcer AE"	
<http://purl.obolibrary.org/obo/OAE_0000896>	"duodenal ulcer hemorrhage AE"	
<http://purl.obolibrary.org/obo/OAE_0000897>	"duodenal ulcer perforation AE"	
<http://purl.obolibrary.org/obo/OAE_0000898>	"dysarthria AE"	
<http://purl.obolibrary.org/obo/OAE_0000899>	"dyslexia AE"	
<http://purl.obolibrary.org/obo/OAE_0000900>	"dysphonia AE"	
<http://purl.obolibrary.org/obo/OAE_0000901>	"dyspnoea exertional AE"	
<http://purl.obolibrary.org/obo/OAE_0000902>	"dysuria AE"	
<http://purl.obolibrary.org/obo/OAE_0000903>	"eating disorder AE"	
<http://purl.obolibrary.org/obo/OAE_0000904>	"ectopic pregnancy with intrauterine device AE"	
<http://purl.obolibrary.org/obo/OAE_0000905>	"eczema AE"	
<http://purl.obolibrary.org/obo/OAE_0000906>	"effusion AE"	
<http://purl.obolibrary.org/obo/OAE_0000907>	"ejaculation delayed AE"	
<http://purl.obolibrary.org/obo/OAE_0000908>	"ejection fraction decreased AE"	
<http://purl.obolibrary.org/obo/OAE_0000909>	"electrocardiogram result abnormal AE"	
<http://purl.obolibrary.org/obo/OAE_0000910>	"electrocardiogram qrs complex abnormal AE"	
<http://purl.obolibrary.org/obo/OAE_0000911>	"electrocardiogram qt prolonged AE"	
<http://purl.obolibrary.org/obo/OAE_0000912>	"electrocardiogram t wave peaked AE"	
<http://purl.obolibrary.org/obo/OAE_0000913>	"electrolyte imbalance AE"	
<http://purl.obolibrary.org/obo/OAE_0000914>	"emotional disorder AE"	
<http://purl.obolibrary.org/obo/OAE_0000915>	"endocarditis AE"	
<http://purl.obolibrary.org/obo/OAE_0000916>	"enteritis AE"	
<http://purl.obolibrary.org/obo/OAE_0000917>	"enterocolitis AE"	
<http://purl.obolibrary.org/obo/OAE_0000918>	"enterocolitis infectious AE"	
<http://purl.obolibrary.org/obo/OAE_0000919>	"eosinophil count increased AE"	
<http://purl.obolibrary.org/obo/OAE_0000920>	"eosinophilia AE"	
<http://purl.obolibrary.org/obo/OAE_0000921>	"erectile dysfunction AE"	
<http://purl.obolibrary.org/obo/OAE_0000922>	"erysipelas AE"	
<http://purl.obolibrary.org/obo/OAE_0000923>	"erythrodermic psoriasis AE"	
<http://purl.obolibrary.org/obo/OAE_0000924>	"escherichia infection AE"	
<http://purl.obolibrary.org/obo/OAE_0000925>	"escherichia test positive AE"	
<http://purl.obolibrary.org/obo/OAE_0000926>	"escherichia urinary tract infection AE"	
<http://purl.obolibrary.org/obo/OAE_0000927>	"excessive granulation tissue AE"	
<http://purl.obolibrary.org/obo/OAE_0000928>	"exfoliative rash AE"	
<http://purl.obolibrary.org/obo/OAE_0000929>	"exomphalos AE"	
<http://purl.obolibrary.org/obo/OAE_0000930>	"exposure to contaminated device AE"	
<http://purl.obolibrary.org/obo/OAE_0000931>	"exposure to toxic agent AE"	
<http://purl.obolibrary.org/obo/OAE_0000932>	"extradural abscess AE"	
<http://purl.obolibrary.org/obo/OAE_0000933>	"extraocular muscle paresis AE"	
<http://purl.obolibrary.org/obo/OAE_0000934>	"coagulopathy AE"@en	
<http://purl.obolibrary.org/obo/OAE_0000935>	"eye hemorrhage AE"	
<http://purl.obolibrary.org/obo/OAE_0000936>	"eye swelling AE"	
<http://purl.obolibrary.org/obo/OAE_0000937>	"eyelid edema AE"	
<http://purl.obolibrary.org/obo/OAE_0000938>	"failure to thrive AE"	
<http://purl.obolibrary.org/obo/OAE_0000939>	"fall AE"	
<http://purl.obolibrary.org/obo/OAE_0000940>	"fear of needles AE"	
<http://purl.obolibrary.org/obo/OAE_0000941>	"febrile bone marrow aplasia AE"	
<http://purl.obolibrary.org/obo/OAE_0000942>	"febrile infection AE"	
<http://purl.obolibrary.org/obo/OAE_0000943>	"febrile neutropenia AE"	
<http://purl.obolibrary.org/obo/OAE_0000944>	"feeding tube complication AE"	
<http://purl.obolibrary.org/obo/OAE_0000945>	"feeling abnormal AE"	
<http://purl.obolibrary.org/obo/OAE_0000946>	"feeling hot AE"	
<http://purl.obolibrary.org/obo/OAE_0000947>	"hypoesthesia oral AE"	
<http://purl.obolibrary.org/obo/OAE_0000948>	"fistula discharge AE"	
<http://purl.obolibrary.org/obo/OAE_0000949>	"fluid intake reduced AE"	
<http://purl.obolibrary.org/obo/OAE_0000950>	"fluid overload AE"	
<http://purl.obolibrary.org/obo/OAE_0000951>	"focal nodular hyperplasia AE"	
<http://purl.obolibrary.org/obo/OAE_0000952>	"fetal heart rate deceleration AE"	
<http://purl.obolibrary.org/obo/OAE_0000953>	"folliculitis AE"	
<http://purl.obolibrary.org/obo/OAE_0000954>	"forced expiratory volume decreased AE"	
<http://purl.obolibrary.org/obo/OAE_0000955>	"forearm fracture AE"	
<http://purl.obolibrary.org/obo/OAE_0000956>	"fracture AE"	
<http://purl.obolibrary.org/obo/OAE_0000957>	"full blood count decreased AE"	
<http://purl.obolibrary.org/obo/OAE_0000958>	"fungal esophagitis AE"	
<http://purl.obolibrary.org/obo/OAE_0000959>	"gallbladder enlargement AE"	
<http://purl.obolibrary.org/obo/OAE_0000960>	"gallbladder perforation AE"	
<http://purl.obolibrary.org/obo/OAE_0000961>	"gallbladder polyp AE"	
<http://purl.obolibrary.org/obo/OAE_0000962>	"gallop rhythm present AE"	
<http://purl.obolibrary.org/obo/OAE_0000963>	"gamma-glutamyltransferase level abnormal AE"	
<http://purl.obolibrary.org/obo/OAE_0000964>	"gamma-glutamyltransferase level increased AE"	
<http://purl.obolibrary.org/obo/OAE_0000965>	"gastric cancer AE"	
<http://purl.obolibrary.org/obo/OAE_0000966>	"gastric neoplasm AE"	
<http://purl.obolibrary.org/obo/OAE_0000967>	"gastric ulcer AE"	
<http://purl.obolibrary.org/obo/OAE_0000968>	"gastritis AE"	
<http://purl.obolibrary.org/obo/OAE_0000969>	"gastritis atrophic AE"	
<http://purl.obolibrary.org/obo/OAE_0000970>	"gastritis erosive AE"	
<http://purl.obolibrary.org/obo/OAE_0000971>	"ischemic colitis AE"@en	
<http://purl.obolibrary.org/obo/OAE_0000972>	"gastroenteritis norovirus AE"	
<http://purl.obolibrary.org/obo/OAE_0000973>	"gastroenteritis radiation AE"	
<http://purl.obolibrary.org/obo/OAE_0000974>	"gastroesophageal reflux disease AE"	
<http://purl.obolibrary.org/obo/OAE_0000975>	"gastrointestinal infection AE"	
<http://purl.obolibrary.org/obo/OAE_0000976>	"gastrointestinal injury AE"	
<http://purl.obolibrary.org/obo/OAE_0000977>	"gastrointestinal necrosis AE"	
<http://purl.obolibrary.org/obo/OAE_0000978>	"bupropion-induced adverse event"	
<http://purl.obolibrary.org/obo/OAE_0000979>	"gastrointestinal perforation AE"	
<http://purl.obolibrary.org/obo/OAE_0000980>	"gastrointestinal stromal tumor AE"	
<http://purl.obolibrary.org/obo/OAE_0000981>	"gastrointestinal toxicity AE"	
<http://purl.obolibrary.org/obo/OAE_0000982>	"gene mutation identification test positive AE"	
<http://purl.obolibrary.org/obo/OAE_0000983>	"general physical health deterioration AE"	
<http://purl.obolibrary.org/obo/OAE_0000984>	"generalized edema AE"	
<http://purl.obolibrary.org/obo/OAE_0000985>	"genital ulceration AE"	
<http://purl.obolibrary.org/obo/OAE_0000986>	"gingival abscess AE"	
<http://purl.obolibrary.org/obo/OAE_0000987>	"gingival swelling AE"	
<http://purl.obolibrary.org/obo/OAE_0000988>	"glomerular filtration rate decreased AE"	
<http://purl.obolibrary.org/obo/OAE_0000989>	"glossodynia AE"	
<http://purl.obolibrary.org/obo/OAE_0000990>	"glycosylated hemoglobin level decreased AE"	
<http://purl.obolibrary.org/obo/OAE_0000992>	"graft infection AE"	
<http://purl.obolibrary.org/obo/OAE_0000993>	"distal sensorimotor painful neuropathy"	
<http://purl.obolibrary.org/obo/OAE_0000994>	"gram stain positive AE"	
<http://purl.obolibrary.org/obo/OAE_0000995>	"grand mal convulsion AE"	
<http://purl.obolibrary.org/obo/OAE_0000996>	"granulocyte count decreased AE"	
<http://purl.obolibrary.org/obo/OAE_0000998>	"granulocytopenia AE"	
<http://purl.obolibrary.org/obo/OAE_0000999>	"guttate psoriasis AE"	
<http://purl.obolibrary.org/obo/OAE_0001001>	"gynaecomastia AE"	
<http://purl.obolibrary.org/obo/OAE_0001003>	"hematemesis AE"	
<http://purl.obolibrary.org/obo/OAE_0001004>	"hematochezia AE"	
<http://purl.obolibrary.org/obo/OAE_0001005>	"hematocrit decreased AE"	
<http://purl.obolibrary.org/obo/OAE_0001006>	"hematoma infection AE"	
<http://purl.obolibrary.org/obo/OAE_0001007>	"hematotoxicity AE"	
<http://purl.obolibrary.org/obo/OAE_0001008>	"bundle branch block left AE"	
<http://purl.obolibrary.org/obo/OAE_0001009>	"hemoglobin level abnormal AE"	
<http://purl.obolibrary.org/obo/OAE_0001012>	"hemolytic uremic syndrome AE"	
<http://purl.obolibrary.org/obo/OAE_0001013>	"hemoptysis AE"	
<http://purl.obolibrary.org/obo/OAE_0001014>	"hemorrhage intracranial AE"	
<http://purl.obolibrary.org/obo/OAE_0001015>	"hemorrhagic ovarian cyst AE"	
<http://purl.obolibrary.org/obo/OAE_0001018>	"hemorrhoidal hemorrhage AE"	
<http://purl.obolibrary.org/obo/OAE_0001019>	"hemorrhoids AE"	
<http://purl.obolibrary.org/obo/OAE_0001020>	"hemothorax AE"	
<http://purl.obolibrary.org/obo/OAE_0001021>	"hair growth abnormal AE"	
<http://purl.obolibrary.org/obo/OAE_0001023>	"hemoglobin level decreased AE"	
<http://purl.obolibrary.org/obo/OAE_0001024>	"hepatic cirrhosis AE"	
<http://purl.obolibrary.org/obo/OAE_0001025>	"hepatic enzyme increased AE"	
<http://purl.obolibrary.org/obo/OAE_0001026>	"hepatic failure AE"	
<http://purl.obolibrary.org/obo/OAE_0001027>	"hepatic infarction AE"	
<http://purl.obolibrary.org/obo/OAE_0001029>	"hepatic lesion AE"	
<http://purl.obolibrary.org/obo/OAE_0001030>	"hepatic necrosis AE"	
<http://purl.obolibrary.org/obo/OAE_0001031>	"hepatic neoplasm AE"	
<http://purl.obolibrary.org/obo/OAE_0001032>	"acanthosis nigricans AE"	
<http://purl.obolibrary.org/obo/OAE_0001033>	"hepatitis b AE"	
<http://purl.obolibrary.org/obo/OAE_0001034>	"hepatitis viral AE"	
<http://purl.obolibrary.org/obo/OAE_0001035>	"hepatomegaly AE"	
<http://purl.obolibrary.org/obo/OAE_0001036>	"hepatotoxicity AE"	
<http://purl.obolibrary.org/obo/OAE_0001038>	"hidradenitis AE"	
<http://purl.obolibrary.org/obo/OAE_0001039>	"histiocytosis hematophagic AE"	
<http://purl.obolibrary.org/obo/OAE_0001040>	"histoplasmosis disseminated AE"	
<http://purl.obolibrary.org/obo/OAE_0001042>	"hydronephrosis AE"	
<http://purl.obolibrary.org/obo/OAE_0001043>	"hyperbilirubinemia neonatal AE"	
<http://purl.obolibrary.org/obo/OAE_0001044>	"hypercalcemia AE"	
<http://purl.obolibrary.org/obo/OAE_0001045>	"hyperhidrosis AE"	
<http://purl.obolibrary.org/obo/OAE_0001046>	"hyperkalemia AE"	
<http://purl.obolibrary.org/obo/OAE_0001047>	"toxin-induced cardiomyopathy AE"	
<http://purl.obolibrary.org/obo/OAE_0001048>	"cocaine-induced cardiomyopathy AE"	
<http://purl.obolibrary.org/obo/OAE_0001049>	"hyperparathyroidism secondary AE"	
<http://purl.obolibrary.org/obo/OAE_0001050>	"hyperreflexia AE"	
<http://purl.obolibrary.org/obo/OAE_0001051>	"hypertensive crisis AE"	
<http://purl.obolibrary.org/obo/OAE_0001052>	"hypertriglyceridemia AE"	
<http://purl.obolibrary.org/obo/OAE_0001053>	"hyperuricemia AE"	
<http://purl.obolibrary.org/obo/OAE_0001054>	"hypoalbuminemia AE"	
<http://purl.obolibrary.org/obo/OAE_0001055>	"hypocalcemia AE"	
<http://purl.obolibrary.org/obo/OAE_0001056>	"hypocapnia AE"	
<http://purl.obolibrary.org/obo/OAE_0001057>	"hypoglycemia AE"	
<http://purl.obolibrary.org/obo/OAE_0001058>	"Glascow coma scale abnormal AE"@en	
<http://purl.obolibrary.org/obo/OAE_0001059>	"hypomagnesemia AE"	
<http://purl.obolibrary.org/obo/OAE_0001060>	"intraventricular conduction delay AE"	
<http://purl.obolibrary.org/obo/OAE_0001061>	"hypophagia AE"	
<http://purl.obolibrary.org/obo/OAE_0001062>	"hypophosphatemia AE"	
<http://purl.obolibrary.org/obo/OAE_0001063>	"hypothyroidism AE"	
<http://purl.obolibrary.org/obo/OAE_0001064>	"hypovolemia AE"	
<http://purl.obolibrary.org/obo/OAE_0001066>	"hypovolemic shock AE"	
<http://purl.obolibrary.org/obo/OAE_0001067>	"ileal perforation AE"	
<http://purl.obolibrary.org/obo/OAE_0001068>	"ileus AE"	
<http://purl.obolibrary.org/obo/OAE_0001069>	"ileus paralytic AE"	
<http://purl.obolibrary.org/obo/OAE_0001070>	"cardiomegaly AE"	
<http://purl.obolibrary.org/obo/OAE_0001071>	"immunosuppressant drug level decreased AE"	
<http://purl.obolibrary.org/obo/OAE_0001072>	"immunosuppression AE"	
<http://purl.obolibrary.org/obo/OAE_0001073>	"impaired healing AE"	
<http://purl.obolibrary.org/obo/OAE_0001074>	"implant site pain AE"	
<http://purl.obolibrary.org/obo/OAE_0001076>	"increased viscosity of bronchial secretion AE"	
<http://purl.obolibrary.org/obo/OAE_0001077>	"infection parasitic AE"	
<http://purl.obolibrary.org/obo/OAE_0001078>	"infection susceptibility increased AE"	
<http://purl.obolibrary.org/obo/OAE_0001079>	"infective pulmonary exacerbation of cystic fibrosis AE"	
<http://purl.obolibrary.org/obo/OAE_0001081>	"infusion related reaction AE"	
<http://purl.obolibrary.org/obo/OAE_0001082>	"infusion site extravasation AE"	
<http://purl.obolibrary.org/obo/OAE_0001083>	"infusion site infection AE"	
<http://purl.obolibrary.org/obo/OAE_0001084>	"infusion site rash AE"	
<http://purl.obolibrary.org/obo/OAE_0001085>	"infusion site reaction AE"	
<http://purl.obolibrary.org/obo/OAE_0001086>	"ingrowing nail AE"	
<http://purl.obolibrary.org/obo/OAE_0001087>	"injection-site macule AE"	
<http://purl.obolibrary.org/obo/OAE_0001088>	"injection-site phlebitis AE"	
<http://purl.obolibrary.org/obo/OAE_0001090>	"injection-site scab AE"	
<http://purl.obolibrary.org/obo/OAE_0001091>	"instillation site pain AE"	
<http://purl.obolibrary.org/obo/OAE_0001092>	"intention tremor AE"	
<http://purl.obolibrary.org/obo/OAE_0001093>	"intentional drug misuse AE"	
<http://purl.obolibrary.org/obo/OAE_0001095>	"interstitial lung disease AE"	
<http://purl.obolibrary.org/obo/OAE_0001096>	"intervertebral disc protrusion AE"	
<http://purl.obolibrary.org/obo/OAE_0001097>	"intestinal ischemia AE"	
<http://purl.obolibrary.org/obo/OAE_0001098>	"intestinal obstruction AE"	
<http://purl.obolibrary.org/obo/OAE_0001099>	"intestinal perforation AE"	
<http://purl.obolibrary.org/obo/OAE_0001100>	"intracardiac thrombus AE"	
<http://purl.obolibrary.org/obo/OAE_0001101>	"intracranial pressure increased AE"	
<http://purl.obolibrary.org/obo/OAE_0001102>	"intraocular pressure test result abnormal AE"	
<http://purl.obolibrary.org/obo/OAE_0001103>	"intussusception AE"	
<http://purl.obolibrary.org/obo/OAE_0001104>	"iron deficiency anemia AE"	
<http://purl.obolibrary.org/obo/OAE_0001105>	"irritability AE"	
<http://purl.obolibrary.org/obo/OAE_0001106>	"jaundice cholestatic AE"	
<http://purl.obolibrary.org/obo/OAE_0001107>	"jaw disorder AE"	
<http://purl.obolibrary.org/obo/OAE_0001108>	"jaw fracture AE"	
<http://purl.obolibrary.org/obo/OAE_0001109>	"jugular vein thrombosis AE"	
<http://purl.obolibrary.org/obo/OAE_0001110>	"klebsiella infection AE"	
<http://purl.obolibrary.org/obo/OAE_0001111>	"knee deformity AE"	
<http://purl.obolibrary.org/obo/OAE_0001112>	"lack of spontaneous speech AE"	
<http://purl.obolibrary.org/obo/OAE_0001113>	"large for dates baby AE"	
<http://purl.obolibrary.org/obo/OAE_0001114>	"large granular lymphocytosis AE"	
<http://purl.obolibrary.org/obo/OAE_0001115>	"large intestinal ulcer AE"	
<http://purl.obolibrary.org/obo/OAE_0001116>	"large intestine perforation AE"	
<http://purl.obolibrary.org/obo/OAE_0001117>	"le cells present AE"	
<http://purl.obolibrary.org/obo/OAE_0001118>	"left atrial dilatation AE"	
<http://purl.obolibrary.org/obo/OAE_0001119>	"left ventricular dysfunction AE"	
<http://purl.obolibrary.org/obo/OAE_0001120>	"left ventricular failure AE"	
<http://purl.obolibrary.org/obo/OAE_0001121>	"left ventricular hypertrophy AE"	
<http://purl.obolibrary.org/obo/OAE_0001122>	"leukemia recurrent AE"	
<http://purl.obolibrary.org/obo/OAE_0001123>	"leukemic infiltration brain AE"	
<http://purl.obolibrary.org/obo/OAE_0001124>	"leukemoid reaction AE"	
<http://purl.obolibrary.org/obo/OAE_0001126>	"leukocytoclastic vasculitis AE"	
<http://purl.obolibrary.org/obo/OAE_0001127>	"leukocyturia AE"	
<http://purl.obolibrary.org/obo/OAE_0001128>	"leukoencephalopathy AE"	
<http://purl.obolibrary.org/obo/OAE_0001129>	"leukopenia"	
<http://purl.obolibrary.org/obo/OAE_0001130>	"libido disorder AE"	
<http://purl.obolibrary.org/obo/OAE_0001131>	"lichen planus AE"	
<http://purl.obolibrary.org/obo/OAE_0001132>	"lip erosion AE"	
<http://purl.obolibrary.org/obo/OAE_0001133>	"lipase increased AE"	
<http://purl.obolibrary.org/obo/OAE_0001135>	"liver disorder AE"	
<http://purl.obolibrary.org/obo/OAE_0001136>	"local swelling AE"	
<http://purl.obolibrary.org/obo/OAE_0001137>	"localized infection AE"	
<http://purl.obolibrary.org/obo/OAE_0001138>	"localised intraabdominal fluid collection AE"	
<http://purl.obolibrary.org/obo/OAE_0001139>	"localized edema AE"	
<http://purl.obolibrary.org/obo/OAE_0001140>	"loss of proprioception AE"	
<http://purl.obolibrary.org/obo/OAE_0001141>	"lower gastrointestinal hemorrhage AE"	
<http://purl.obolibrary.org/obo/OAE_0001142>	"lower respiratory tract infection AE"	
<http://purl.obolibrary.org/obo/OAE_0001143>	"lung consolidation AE"	
<http://purl.obolibrary.org/obo/OAE_0001144>	"lung infection AE"	
<http://purl.obolibrary.org/obo/OAE_0001145>	"lung infiltration AE"	
<http://purl.obolibrary.org/obo/OAE_0001146>	"lung neoplasm AE"	
<http://purl.obolibrary.org/obo/OAE_0001147>	"lymphadenopathy AE"	
<http://purl.obolibrary.org/obo/OAE_0001148>	"lymphangiosis carcinomatosa AE"	
<http://purl.obolibrary.org/obo/OAE_0001149>	"lymphocyte count decreased AE"	
<http://purl.obolibrary.org/obo/OAE_0001150>	"lymphocyte percentage increased AE"	
<http://purl.obolibrary.org/obo/OAE_0001151>	"lymphocytic infiltration AE"	
<http://purl.obolibrary.org/obo/OAE_0001152>	"lymphocytosis AE"	
<http://purl.obolibrary.org/obo/OAE_0001153>	"lymphoedema AE"	
<http://purl.obolibrary.org/obo/OAE_0001154>	"lymphopenia AE"	
<http://purl.obolibrary.org/obo/OAE_0001155>	"macular degeneration AE"	
<http://purl.obolibrary.org/obo/OAE_0001156>	"male orgasmic disorder AE"	
<http://purl.obolibrary.org/obo/OAE_0001157>	"malignant neoplasm progression AE"	
<http://purl.obolibrary.org/obo/OAE_0001158>	"malignant pleural effusion AE"	
<http://purl.obolibrary.org/obo/OAE_0001161>	"coronary artery disorder AE"	
<http://purl.obolibrary.org/obo/OAE_0001162>	"marrow hyperplasia AE"	
<http://purl.obolibrary.org/obo/OAE_0001163>	"maternal drugs affecting fetus AE"	
<http://purl.obolibrary.org/obo/OAE_0001164>	"mediastinal disorder AE"	
<http://purl.obolibrary.org/obo/OAE_0001165>	"megacolon AE"	
<http://purl.obolibrary.org/obo/OAE_0001166>	"melena AE"	
<http://purl.obolibrary.org/obo/OAE_0001167>	"memory impairment AE"	
<http://purl.obolibrary.org/obo/OAE_0001168>	"meningitis aseptic AE"	
<http://purl.obolibrary.org/obo/OAE_0001169>	"menometrorrhagia AE"	
<http://purl.obolibrary.org/obo/OAE_0001170>	"menorrhagia AE"	
<http://purl.obolibrary.org/obo/OAE_0001171>	"mental status changes AE"	
<http://purl.obolibrary.org/obo/OAE_0001172>	"metabolic disorder AE"	
<http://purl.obolibrary.org/obo/OAE_0001173>	"dilatation atrial AE"	
<http://purl.obolibrary.org/obo/OAE_0001174>	"metastasis to abdominal cavity AE"	
<http://purl.obolibrary.org/obo/OAE_0001175>	"metastasis to bone AE"	
<http://purl.obolibrary.org/obo/OAE_0001176>	"metastasis to central nervous system AE"	
<http://purl.obolibrary.org/obo/OAE_0001177>	"metastasis to liver AE"	
<http://purl.obolibrary.org/obo/OAE_0001178>	"metastasis to lung AE"	
<http://purl.obolibrary.org/obo/OAE_0001179>	"metastasis to meninges AE"	
<http://purl.obolibrary.org/obo/OAE_0001180>	"metastasis to peritoneum AE"	
<http://purl.obolibrary.org/obo/OAE_0001181>	"metastasis to pleura AE"	
<http://purl.obolibrary.org/obo/OAE_0001183>	"metastasis to spine AE"	
<http://purl.obolibrary.org/obo/OAE_0001184>	"metastasis AE"	
<http://purl.obolibrary.org/obo/OAE_0001185>	"metastatic neoplasm AE"	
<http://purl.obolibrary.org/obo/OAE_0001186>	"metrorrhagia AE"	
<http://purl.obolibrary.org/obo/OAE_0001187>	"microangiopathic hemolytic anemia AE"	
<http://purl.obolibrary.org/obo/OAE_0001188>	"mitral valve incompetence AE"	
<http://purl.obolibrary.org/obo/OAE_0001189>	"mouth hemorrhage AE"	
<http://purl.obolibrary.org/obo/OAE_0001190>	"mouth ulceration AE"	
<http://purl.obolibrary.org/obo/OAE_0001191>	"multiple sclerosis relapse AE"	
<http://purl.obolibrary.org/obo/OAE_0001192>	"muscle cramp AE"	
<http://purl.obolibrary.org/obo/OAE_0001193>	"muscle enzyme level increased AE"	
<http://purl.obolibrary.org/obo/OAE_0001194>	"muscular dystrophy AE"	
<http://purl.obolibrary.org/obo/OAE_0001195>	"musculoskeletal chest pain AE"	
<http://purl.obolibrary.org/obo/OAE_0001196>	"mycoplasma infection AE"	
<http://purl.obolibrary.org/obo/OAE_0001198>	"myelodysplastic syndrome AE"	
<http://purl.obolibrary.org/obo/OAE_0001199>	"myelofibrosis AE"	
<http://purl.obolibrary.org/obo/OAE_0001200>	"myocardial ischemia AE"	
<http://purl.obolibrary.org/obo/OAE_0001201>	"myocarditis AE"	
<http://purl.obolibrary.org/obo/OAE_0001202>	"nail disorder AE"	
<http://purl.obolibrary.org/obo/OAE_0001203>	"nail infection AE"	
<http://purl.obolibrary.org/obo/OAE_0001204>	"necrosis ischemic AE"	
<http://purl.obolibrary.org/obo/OAE_0001205>	"neoplasm malignant AE"	
<http://purl.obolibrary.org/obo/OAE_0001206>	"neoplasm progression AE"	
<http://purl.obolibrary.org/obo/OAE_0001207>	"neoplasm recurrence AE"	
<http://purl.obolibrary.org/obo/OAE_0001208>	"nephrocalcinosis AE"	
<http://purl.obolibrary.org/obo/OAE_0001209>	"nephrotic syndrome AE"	
<http://purl.obolibrary.org/obo/OAE_0001210>	"nerve compression AE"	
<http://purl.obolibrary.org/obo/OAE_0001211>	"nerve root compression AE"	
<http://purl.obolibrary.org/obo/OAE_0001212>	"nerve root lesion AE"	
<http://purl.obolibrary.org/obo/OAE_0001213>	"neurological decompensation AE"	
<http://purl.obolibrary.org/obo/OAE_0001214>	"neuroma AE"	
<http://purl.obolibrary.org/obo/OAE_0001215>	"neurotoxicity AE"	
<http://purl.obolibrary.org/obo/OAE_0001216>	"neutralizing antibodies positive AE"	
<http://purl.obolibrary.org/obo/OAE_0001217>	"neutropenia AE"	
<http://purl.obolibrary.org/obo/OAE_0001218>	"neutropenia neonatal AE"	
<http://purl.obolibrary.org/obo/OAE_0001219>	"neutropenic colitis AE"	
<http://purl.obolibrary.org/obo/OAE_0001220>	"neutropenic sepsis AE"	
<http://purl.obolibrary.org/obo/OAE_0001221>	"neutrophil count abnormal AE"	
<http://purl.obolibrary.org/obo/OAE_0001222>	"neutrophil count decreased AE"	
<http://purl.obolibrary.org/obo/OAE_0001223>	"neutrophil percentage increased AE"	
<http://purl.obolibrary.org/obo/OAE_0001224>	"nodular regenerative hyperplasia AE"	
<http://purl.obolibrary.org/obo/OAE_0001225>	"non-small cell lung cancer AE"	
<http://purl.obolibrary.org/obo/OAE_0001226>	"non-small cell lung cancer stage iv AE"	
<http://purl.obolibrary.org/obo/OAE_0001227>	"normochromic normocytic anemia AE"	
<http://purl.obolibrary.org/obo/OAE_0001229>	"obstructive airways disorder AE"	
<http://purl.obolibrary.org/obo/OAE_0001230>	"occult blood AE"	
<http://purl.obolibrary.org/obo/OAE_0001231>	"odynophagia AE"	
<http://purl.obolibrary.org/obo/OAE_0001232>	"esophageal pain AE"	
<http://purl.obolibrary.org/obo/OAE_0001233>	"esophageal stenosis AE"	
<http://purl.obolibrary.org/obo/OAE_0001234>	"esophagitis AE"	
<http://purl.obolibrary.org/obo/OAE_0001235>	"oligohydramnios AE"	
<http://purl.obolibrary.org/obo/OAE_0001236>	"onychalgia AE"	
<http://purl.obolibrary.org/obo/OAE_0001237>	"onychoclasis AE"	
<http://purl.obolibrary.org/obo/OAE_0001238>	"onycholysis AE"	
<http://purl.obolibrary.org/obo/OAE_0001240>	"onychomadesis AE"	
<http://purl.obolibrary.org/obo/OAE_0001241>	"open angle glaucoma AE"	
<http://purl.obolibrary.org/obo/OAE_0001242>	"opiates positive AE"	
<http://purl.obolibrary.org/obo/OAE_0001243>	"oral candidiasis AE"	
<http://purl.obolibrary.org/obo/OAE_0001244>	"oral cavity fistula AE"	
<http://purl.obolibrary.org/obo/OAE_0001245>	"oral herpes AE"	
<http://purl.obolibrary.org/obo/OAE_0001246>	"oral intake reduced AE"	
<http://purl.obolibrary.org/obo/OAE_0001247>	"oral mucosa erosion AE"	
<http://purl.obolibrary.org/obo/OAE_0001248>	"oral mucosal erythema AE"	
<http://purl.obolibrary.org/obo/OAE_0001249>	"oral pain AE"	
<http://purl.obolibrary.org/obo/OAE_0001250>	"oral soft tissue disorder AE"	
<http://purl.obolibrary.org/obo/OAE_0001252>	"orbital edema AE"	
<http://purl.obolibrary.org/obo/OAE_0001253>	"organizing pneumonia AE"	
<http://purl.obolibrary.org/obo/OAE_0001254>	"oropharyngeal candidiasis AE"	
<http://purl.obolibrary.org/obo/OAE_0001255>	"oropharyngeal spasm AE"	
<http://purl.obolibrary.org/obo/OAE_0001256>	"osteomyelitis AE"	
<http://purl.obolibrary.org/obo/OAE_0001257>	"osteomyelitis chronic AE"	
<http://purl.obolibrary.org/obo/OAE_0001259>	"osteonecrosis AE"	
<http://purl.obolibrary.org/obo/OAE_0001260>	"osteonecrosis of jaw AE"	
<http://purl.obolibrary.org/obo/OAE_0001261>	"osteoradionecrosis AE"	
<http://purl.obolibrary.org/obo/OAE_0001262>	"osteosclerosis AE"	
<http://purl.obolibrary.org/obo/OAE_0001263>	"ovarian cancer AE"	
<http://purl.obolibrary.org/obo/OAE_0001264>	"ovarian enlargement AE"	
<http://purl.obolibrary.org/obo/OAE_0001265>	"ovarian mass AE"	
<http://purl.obolibrary.org/obo/OAE_0001267>	"oxygen saturation decreased AE"	
<http://purl.obolibrary.org/obo/OAE_0001268>	"pain in jaw AE"	
<http://purl.obolibrary.org/obo/OAE_0001269>	"pain of skin AE"	
<http://purl.obolibrary.org/obo/OAE_0001270>	"palmar erythema AE"	
<http://purl.obolibrary.org/obo/OAE_0001271>	"palmar-plantar erythrodysesthesia syndrome AE"	
<http://purl.obolibrary.org/obo/OAE_0001272>	"pancreatic mass AE"	
<http://purl.obolibrary.org/obo/OAE_0001273>	"pancreatitis acute AE"	
<http://purl.obolibrary.org/obo/OAE_0001274>	"pancreatitis relapsing AE"	
<http://purl.obolibrary.org/obo/OAE_0001275>	"pancytopenia AE"	
<http://purl.obolibrary.org/obo/OAE_0001276>	"papilloedema AE"	
<http://purl.obolibrary.org/obo/OAE_0001278>	"parathyroid tumor benign AE"	
<http://purl.obolibrary.org/obo/OAE_0001279>	"paronychia AE"	
<http://purl.obolibrary.org/obo/OAE_0001280>	"pathological fracture AE"	
<http://purl.obolibrary.org/obo/OAE_0001281>	"pericardial effusion AE"	
<http://purl.obolibrary.org/obo/OAE_0001282>	"perineal pain AE"	
<http://purl.obolibrary.org/obo/OAE_0001283>	"periodontal disease AE"	
<http://purl.obolibrary.org/obo/OAE_0001284>	"periodontitis AE"	
<http://purl.obolibrary.org/obo/OAE_0001285>	"peripheral ischemia AE"	
<http://purl.obolibrary.org/obo/OAE_0001286>	"peripheral motor neuropathy AE"	
<http://purl.obolibrary.org/obo/OAE_0001287>	"peripheral sensorimotor neuropathy AE"	
<http://purl.obolibrary.org/obo/OAE_0001288>	"peripheral sensory neuropathy AE"	
<http://purl.obolibrary.org/obo/OAE_0001289>	"peritonsillar abscess AE"	
<http://purl.obolibrary.org/obo/OAE_0001290>	"pertussis AE"	
<http://purl.obolibrary.org/obo/OAE_0001291>	"petechiae AE"	
<http://purl.obolibrary.org/obo/OAE_0001292>	"pharyngeal inflammation AE"	
<http://purl.obolibrary.org/obo/OAE_0001293>	"phlebitis superficial AE"	
<http://purl.obolibrary.org/obo/OAE_0001294>	"photodermatosis AE"	
<http://purl.obolibrary.org/obo/OAE_0001295>	"photosensitivity reaction AE"	
<http://purl.obolibrary.org/obo/OAE_0001296>	"pigmentation disorder AE"	
<http://purl.obolibrary.org/obo/OAE_0001297>	"atrioventricular block AE"@en	
<http://purl.obolibrary.org/obo/OAE_0001298>	"pleural effusion AE"	
<http://purl.obolibrary.org/obo/OAE_0001299>	"pleural hemorrhage AE"	
<http://purl.obolibrary.org/obo/OAE_0001300>	"pleurisy AE"	
<http://purl.obolibrary.org/obo/OAE_0001301>	"pleuritic pain AE"	
<http://purl.obolibrary.org/obo/OAE_0001302>	"pneumatosis intestinalis AE"	
<http://purl.obolibrary.org/obo/OAE_0001303>	"pneumocystis jiroveci pneumonia AE"	
<http://purl.obolibrary.org/obo/OAE_0001304>	"pneumomediastinum AE"	
<http://purl.obolibrary.org/obo/OAE_0001305>	"pneumonia aspiration AE"	
<http://purl.obolibrary.org/obo/OAE_0001306>	"pneumonia primary atypical AE"	
<http://purl.obolibrary.org/obo/OAE_0001307>	"pneumonitis AE"	
<http://purl.obolibrary.org/obo/OAE_0001308>	"pneumothorax AE"	
<http://purl.obolibrary.org/obo/OAE_0001309>	"pollakiuria AE"	
<http://purl.obolibrary.org/obo/OAE_0001310>	"polycythemia vera AE"	
<http://purl.obolibrary.org/obo/OAE_0001311>	"portal hypertension AE"	
<http://purl.obolibrary.org/obo/OAE_0001312>	"portal vein thrombosis AE"	
<http://purl.obolibrary.org/obo/OAE_0001313>	"post lumbar puncture syndrome AE"	
<http://purl.obolibrary.org/obo/OAE_0001314>	"postoperative fever AE"	
<http://purl.obolibrary.org/obo/OAE_0001315>	"postoperative thrombosis AE"	
<http://purl.obolibrary.org/obo/OAE_0001316>	"pregnancy on contraceptive AE"	
<http://purl.obolibrary.org/obo/OAE_0001317>	"premature baby AE"	
<http://purl.obolibrary.org/obo/OAE_0001318>	"premature labor AE"	
<http://purl.obolibrary.org/obo/OAE_0001319>	"presyncope AE"	
<http://purl.obolibrary.org/obo/OAE_0001320>	"primary sequestrum AE"	
<http://purl.obolibrary.org/obo/OAE_0001321>	"prinzmetal angina AE"	
<http://purl.obolibrary.org/obo/OAE_0001322>	"proctalgia AE"	
<http://purl.obolibrary.org/obo/OAE_0001323>	"endodontic procedure"	
<http://purl.obolibrary.org/obo/OAE_0001326>	"productive cough AE"	
<http://purl.obolibrary.org/obo/OAE_0001327>	"prostate cancer AE"	
<http://purl.obolibrary.org/obo/OAE_0001328>	"prostate examination abnormal AE"	
<http://purl.obolibrary.org/obo/OAE_0001329>	"prostatic specific antigen increased AE"	
<http://purl.obolibrary.org/obo/OAE_0001330>	"protein total abnormal AE"	
<http://purl.obolibrary.org/obo/OAE_0001331>	"prothrombin level decreased AE"	
<http://purl.obolibrary.org/obo/OAE_0001332>	"prothrombin time prolonged AE"	
<http://purl.obolibrary.org/obo/OAE_0001333>	"pseudomembranous colitis AE"	
<http://purl.obolibrary.org/obo/OAE_0001334>	"pseudomonas infection AE"	
<http://purl.obolibrary.org/obo/OAE_0001335>	"psychosomatic disease AE"	
<http://purl.obolibrary.org/obo/OAE_0001336>	"psychotic disorder AE"	
<http://purl.obolibrary.org/obo/OAE_0001338>	"pulmonary arterial hypertension AE"	
<http://purl.obolibrary.org/obo/OAE_0001339>	"pulmonary congestion AE"	
<http://purl.obolibrary.org/obo/OAE_0001340>	"pulmonary embolism AE"	
<http://purl.obolibrary.org/obo/OAE_0001341>	"pulmonary fibrosis AE"	
<http://purl.obolibrary.org/obo/OAE_0001342>	"pulmonary hemorrhage AE"	
<http://purl.obolibrary.org/obo/OAE_0001343>	"pulmonary hypertension AE"	
<http://purl.obolibrary.org/obo/OAE_0001344>	"pulmonary mass AE"	
<http://purl.obolibrary.org/obo/OAE_0001345>	"pulmonary edema AE"	
<http://purl.obolibrary.org/obo/OAE_0001346>	"pulse absent AE"	
<http://purl.obolibrary.org/obo/OAE_0001347>	"pulse pressure decreased AE"	
<http://purl.obolibrary.org/obo/OAE_0001348>	"purulent discharge AE"	
<http://purl.obolibrary.org/obo/OAE_0001349>	"pyelocaliectasis AE"	
<http://purl.obolibrary.org/obo/OAE_0001350>	"radiation injury AE"	
<http://purl.obolibrary.org/obo/OAE_0001351>	"radiation mucositis AE"	
<http://purl.obolibrary.org/obo/OAE_0001352>	"radiation esophagitis AE"	
<http://purl.obolibrary.org/obo/OAE_0001353>	"radiation pneumonitis AE"	
<http://purl.obolibrary.org/obo/OAE_0001354>	"radiation skin injury AE"	
<http://purl.obolibrary.org/obo/OAE_0001355>	"rales AE"	
<http://purl.obolibrary.org/obo/OAE_0001356>	"rash erythematous AE"	
<http://purl.obolibrary.org/obo/OAE_0001357>	"rash generalized AE"	
<http://purl.obolibrary.org/obo/OAE_0001358>	"rash pruritic AE"	
<http://purl.obolibrary.org/obo/OAE_0001359>	"recall phenomenon AE"	
<http://purl.obolibrary.org/obo/OAE_0001360>	"rectal hemorrhage AE"	
<http://purl.obolibrary.org/obo/OAE_0001361>	"red blood cell count decreased AE"	
<http://purl.obolibrary.org/obo/OAE_0001362>	"reflux gastritis AE"	
<http://purl.obolibrary.org/obo/OAE_0001363>	"reflux esophagitis AE"	
<http://purl.obolibrary.org/obo/OAE_0001364>	"renal failure AE"	
<http://purl.obolibrary.org/obo/OAE_0001365>	"acute kidney injury AE"	
<http://purl.obolibrary.org/obo/OAE_0001366>	"renal impairment AE"	
<http://purl.obolibrary.org/obo/OAE_0001367>	"renal tubular atrophy AE"	
<http://purl.obolibrary.org/obo/OAE_0001368>	"renal vessel disorder AE"	
<http://purl.obolibrary.org/obo/OAE_0001369>	"respiratory disorder AE"	
<http://purl.obolibrary.org/obo/OAE_0001370>	"respiratory acidosis AE"	
<http://purl.obolibrary.org/obo/OAE_0001371>	"respiratory rate increased AE"	
<http://purl.obolibrary.org/obo/OAE_0001372>	"respiratory tract hemorrhage AE"	
<http://purl.obolibrary.org/obo/OAE_0001373>	"respiratory tract infection AE"	
<http://purl.obolibrary.org/obo/OAE_0001374>	"retinal hemorrhage AE"	
<http://purl.obolibrary.org/obo/OAE_0001375>	"retinal pigment epithelial tear AE"	
<http://purl.obolibrary.org/obo/OAE_0001376>	"retrograde amnesia AE"	
<http://purl.obolibrary.org/obo/OAE_0001377>	"reversible posterior leukoencephalopathy syndrome AE"	
<http://purl.obolibrary.org/obo/OAE_0001378>	"rhabdomyolysis AE"	
<http://purl.obolibrary.org/obo/OAE_0001379>	"right ventricular failure AE"	
<http://purl.obolibrary.org/obo/OAE_0001380>	"ruptured ectopic pregnancy AE"	
<http://purl.obolibrary.org/obo/OAE_0001381>	"salivary gland disorder AE"	
<http://purl.obolibrary.org/obo/OAE_0001382>	"scab AE"	
<http://purl.obolibrary.org/obo/OAE_0001383>	"sciatic nerve injury AE"	
<http://purl.obolibrary.org/obo/OAE_0001384>	"scleral hyperemia AE"	
<http://purl.obolibrary.org/obo/OAE_0001385>	"senile dementia AE"	
<http://purl.obolibrary.org/obo/OAE_0001386>	"sensation of blood flow AE"	
<http://purl.obolibrary.org/obo/OAE_0001387>	"septic shock AE"	
<http://purl.obolibrary.org/obo/OAE_0001389>	"shift to the left AE"	
<http://purl.obolibrary.org/obo/OAE_0001390>	"shock hemorrhagic AE"	
<http://purl.obolibrary.org/obo/OAE_0001391>	"sigmoiditis AE"	
<http://purl.obolibrary.org/obo/OAE_0001392>	"sinus disorder AE"	
<http://purl.obolibrary.org/obo/OAE_0001393>	"sinus tachycardia AE"	
<http://purl.obolibrary.org/obo/OAE_0001394>	"skin chapped AE"	
<http://purl.obolibrary.org/obo/OAE_0001395>	"skin fissures AE"	
<http://purl.obolibrary.org/obo/OAE_0001396>	"skin hemorrhage AE"	
<http://purl.obolibrary.org/obo/OAE_0001397>	"skin hyperpigmentation AE"	
<http://purl.obolibrary.org/obo/OAE_0001398>	"skin infection AE"	
<http://purl.obolibrary.org/obo/OAE_0001399>	"skin laceration AE"	
<http://purl.obolibrary.org/obo/OAE_0001400>	"skin lesion AE"	
<http://purl.obolibrary.org/obo/OAE_0001401>	"skin reaction AE"	
<http://purl.obolibrary.org/obo/OAE_0001402>	"skin toxicity AE"	
<http://purl.obolibrary.org/obo/OAE_0001403>	"sleep disorder AE"	
<http://purl.obolibrary.org/obo/OAE_0001404>	"sleep-related eating disorder AE"	
<http://purl.obolibrary.org/obo/OAE_0001405>	"small intestinal obstruction AE"	
<http://purl.obolibrary.org/obo/OAE_0001407>	"small intestinal stenosis AE"	
<http://purl.obolibrary.org/obo/OAE_0001408>	"small intestine carcinoma AE"	
<http://purl.obolibrary.org/obo/OAE_0001409>	"small intestine ulcer AE"	
<http://purl.obolibrary.org/obo/OAE_0001410>	"soft tissue infection AE"	
<http://purl.obolibrary.org/obo/OAE_0001411>	"soft tissue injury AE"	
<http://purl.obolibrary.org/obo/OAE_0001412>	"soft tissue necrosis AE"	
<http://purl.obolibrary.org/obo/OAE_0001413>	"somatoform disorder AE"	
<http://purl.obolibrary.org/obo/OAE_0001414>	"spinal compression fracture AE"	
<http://purl.obolibrary.org/obo/OAE_0001415>	"spinal cord compression AE"	
<http://purl.obolibrary.org/obo/OAE_0001416>	"spinal cord neoplasm AE"	
<http://purl.obolibrary.org/obo/OAE_0001417>	"spinal osteoarthritis AE"	
<http://purl.obolibrary.org/obo/OAE_0001418>	"splenomegaly AE"	
<http://purl.obolibrary.org/obo/OAE_0001419>	"sputum culture positive AE"	
<http://purl.obolibrary.org/obo/OAE_0001420>	"sputum increased AE"	
<http://purl.obolibrary.org/obo/OAE_0001421>	"squamous cell carcinoma AE"	
<http://purl.obolibrary.org/obo/OAE_0001422>	"staphylococcal infection AE"	
<http://purl.obolibrary.org/obo/OAE_0001423>	"stasis dermatitis AE"	
<http://purl.obolibrary.org/obo/OAE_0001424>	"stent occlusion AE"	
<http://purl.obolibrary.org/obo/OAE_0001425>	"stevens-johnson syndrome AE"	
<http://purl.obolibrary.org/obo/OAE_0001426>	"stress at work AE"	
<http://purl.obolibrary.org/obo/OAE_0001428>	"subarachnoid hemorrhage AE"	
<http://purl.obolibrary.org/obo/OAE_0001429>	"subdural hematoma AE"	
<http://purl.obolibrary.org/obo/OAE_0001430>	"gastric hemorrhage AE"	
<http://purl.obolibrary.org/obo/OAE_0001431>	"sudden death AE"	
<http://purl.obolibrary.org/obo/OAE_0001432>	"suicidal ideation AE"	
<http://purl.obolibrary.org/obo/OAE_0001433>	"suicide attempt AE"	
<http://purl.obolibrary.org/obo/OAE_0001434>	"superinfection AE"	
<http://purl.obolibrary.org/obo/OAE_0001435>	"superior sagittal sinus thrombosis AE"	
<http://purl.obolibrary.org/obo/OAE_0001436>	"supraventricular extrasystoles AE"	
<http://purl.obolibrary.org/obo/OAE_0001437>	"supraventricular tachycardia AE"	
<http://purl.obolibrary.org/obo/OAE_0001438>	"suspiciousness AE"	
<http://purl.obolibrary.org/obo/OAE_0001439>	"suture related complication AE"	
<http://purl.obolibrary.org/obo/OAE_0001440>	"suture rupture AE"	
<http://purl.obolibrary.org/obo/OAE_0001441>	"tachyarrhythmia AE"	
<http://purl.obolibrary.org/obo/OAE_0001442>	"tachycardia paroxysmal AE"	
<http://purl.obolibrary.org/obo/OAE_0001443>	"tachypnea AE"	
<http://purl.obolibrary.org/obo/OAE_0001445>	"temporal lobe epilepsy AE"	
<http://purl.obolibrary.org/obo/OAE_0001446>	"graft versus host disease AE"	
<http://purl.obolibrary.org/obo/OAE_0001447>	"thrombocythemia AE"	
<http://purl.obolibrary.org/obo/OAE_0001448>	"thrombocytopenia AE"	
<http://purl.obolibrary.org/obo/OAE_0001449>	"thrombophlebitis AE"	
<http://purl.obolibrary.org/obo/OAE_0001450>	"thrombotic microangiopathy AE"	
<http://purl.obolibrary.org/obo/OAE_0001451>	"thyroid adenoma AE"	
<http://purl.obolibrary.org/obo/OAE_0001452>	"thyroid mass AE"	
<http://purl.obolibrary.org/obo/OAE_0001453>	"heart rate irregular AE"	
<http://purl.obolibrary.org/obo/OAE_0001454>	"tobacco withdrawal symptoms AE"	
<http://purl.obolibrary.org/obo/OAE_0001455>	"tongue ulceration AE"	
<http://purl.obolibrary.org/obo/OAE_0001456>	"tonsil cancer AE"	
<http://purl.obolibrary.org/obo/OAE_0001457>	"tooth abscess AE"	
<http://purl.obolibrary.org/obo/OAE_0001458>	"tooth disorder AE"	
<http://purl.obolibrary.org/obo/OAE_0001459>	"tooth fracture AE"	
<http://purl.obolibrary.org/obo/OAE_0001460>	"tooth loss AE"	
<http://purl.obolibrary.org/obo/OAE_0001461>	"toothache AE"	
<http://purl.obolibrary.org/obo/OAE_0001462>	"toxic nodular goitre AE"	
<http://purl.obolibrary.org/obo/OAE_0001463>	"hepatic function abnormal AE"	
<http://purl.obolibrary.org/obo/OAE_0001464>	"tracheitis AE"	
<http://purl.obolibrary.org/obo/OAE_0001465>	"tracheobronchitis AE"	
<http://purl.obolibrary.org/obo/OAE_0001466>	"trance AE"	
<http://purl.obolibrary.org/obo/OAE_0001467>	"transaminase level increased AE"	
<http://purl.obolibrary.org/obo/OAE_0001468>	"hypertrophic cardiomyopathy AE"	
<http://purl.obolibrary.org/obo/OAE_0001469>	"transposition of the great vessels AE"	
<http://purl.obolibrary.org/obo/OAE_0001471>	"tricuspid valve incompetence AE"	
<http://purl.obolibrary.org/obo/OAE_0001472>	"tri-iodothyronine decreased AE"	
<http://purl.obolibrary.org/obo/OAE_0001473>	"troponin level increased AE"	
<http://purl.obolibrary.org/obo/OAE_0001474>	"tuberculosis AE"	
<http://purl.obolibrary.org/obo/OAE_0001476>	"tumor flare AE"	
<http://purl.obolibrary.org/obo/OAE_0001477>	"tumour hemorrhage AE"	
<http://purl.obolibrary.org/obo/OAE_0001478>	"tumor lysis syndrome AE"	
<http://purl.obolibrary.org/obo/OAE_0001479>	"tumor marker increased AE"	
<http://purl.obolibrary.org/obo/OAE_0001480>	"tumor necrosis AE"	
<http://purl.obolibrary.org/obo/OAE_0001481>	"ulcerative keratitis AE"	
<http://purl.obolibrary.org/obo/OAE_0001482>	"ultrafiltration failure AE"	
<http://purl.obolibrary.org/obo/OAE_0001483>	"upper airway obstruction AE"	
<http://purl.obolibrary.org/obo/OAE_0001484>	"upper gastrointestinal hemorrhage AE"	
<http://purl.obolibrary.org/obo/OAE_0001485>	"ureteric obstruction AE"	
<http://purl.obolibrary.org/obo/OAE_0001486>	"urethral obstruction AE"	
<http://purl.obolibrary.org/obo/OAE_0001487>	"urethral stenosis AE"	
<http://purl.obolibrary.org/obo/OAE_0001488>	"urge incontinence AE"	
<http://purl.obolibrary.org/obo/OAE_0001489>	"urinary retention AE"	
<http://purl.obolibrary.org/obo/OAE_0001490>	"urinary tract infection pseudomonal AE"	
<http://purl.obolibrary.org/obo/OAE_0001491>	"urinary tract infection staphylococcal AE"	
<http://purl.obolibrary.org/obo/OAE_0001492>	"urine amphetamine positive AE"	
<http://purl.obolibrary.org/obo/OAE_0001493>	"urine output decreased AE"	
<http://purl.obolibrary.org/obo/OAE_0001494>	"urosepsis AE"	
<http://purl.obolibrary.org/obo/OAE_0001495>	"urticaria papular AE"	
<http://purl.obolibrary.org/obo/OAE_0001496>	"uterine contractions during pregnancy AE"	
<http://purl.obolibrary.org/obo/OAE_0001497>	"uterine hemorrhage AE"	
<http://purl.obolibrary.org/obo/OAE_0001498>	"uterine hypertonus AE"	
<http://purl.obolibrary.org/obo/OAE_0001499>	"vaginal infection AE"	
<http://purl.obolibrary.org/obo/OAE_0001500>	"varices esophageal AE"	
<http://purl.obolibrary.org/obo/OAE_0001501>	"vascular dementia AE"	
<http://purl.obolibrary.org/obo/OAE_0001502>	"vein discoloration AE"	
<http://purl.obolibrary.org/obo/OAE_0001503>	"vena cava thrombosis AE"	
<http://purl.obolibrary.org/obo/OAE_0001504>	"venous injury AE"	
<http://purl.obolibrary.org/obo/OAE_0001505>	"venous thrombosis AE"	
<http://purl.obolibrary.org/obo/OAE_0001506>	"ventricular dysfunction AE"	
<http://purl.obolibrary.org/obo/OAE_0001508>	"vestibular neuronitis AE"	
<http://purl.obolibrary.org/obo/OAE_0001509>	"vision blurred AE"	
<http://purl.obolibrary.org/obo/OAE_0001510>	"visual acuity reduced AE"	
<http://purl.obolibrary.org/obo/OAE_0001511>	"visual brightness AE"	
<http://purl.obolibrary.org/obo/OAE_0001512>	"vitamin d deficiency AE"	
<http://purl.obolibrary.org/obo/OAE_0001514>	"vitritis AE"	
<http://purl.obolibrary.org/obo/OAE_0001515>	"weight increased AE"	
<http://purl.obolibrary.org/obo/OAE_0001516>	"wolff-parkinson-white syndrome AE"	
<http://purl.obolibrary.org/obo/OAE_0001517>	"wound complication AE"	
<http://purl.obolibrary.org/obo/OAE_0001518>	"wound dehiscence AE"	
<http://purl.obolibrary.org/obo/OAE_0001519>	"wound secretion AE"	
<http://purl.obolibrary.org/obo/OAE_0001520>	"xanthopsia AE"	
<http://purl.obolibrary.org/obo/OAE_0001521>	"zygomycosis AE"	
<http://purl.obolibrary.org/obo/OAE_0001522>	"ischemic cardiomyopathy AE"	
<http://purl.obolibrary.org/obo/OAE_0001524>	"narcolepsy AE"@en	
<http://purl.obolibrary.org/obo/OAE_0001526>	"mucosal inflammation AE"	
<http://purl.obolibrary.org/obo/OAE_0001527>	"multi-organ failure AE"	
<http://purl.obolibrary.org/obo/OAE_0001528>	"pleomorphic rash AE"	
<http://purl.obolibrary.org/obo/OAE_0001529>	"osteoporosis AE"	
<http://purl.obolibrary.org/obo/OAE_0001530>	"Mendelian susceptibility to mycobacterial disease"@en	
<http://purl.obolibrary.org/obo/OAE_0001531>	"restrictive cardiomyopathy AE"	
<http://purl.obolibrary.org/obo/OAE_0001535>	"stress cardiomyopathy AE"	
<http://purl.obolibrary.org/obo/OAE_0001537>	"toxic skin eruption AE"	
<http://purl.obolibrary.org/obo/OAE_0001538>	"ventricular fibrillation AE"	
<http://purl.obolibrary.org/obo/OAE_0001539>	"first degree atrioventricular block AE"	
<http://purl.obolibrary.org/obo/OAE_0001541>	"subacute thyroiditis AE"@en	
<http://purl.obolibrary.org/obo/OAE_0001542>	"macrophagic myofasciitis AE"@en	
<http://purl.obolibrary.org/obo/OAE_0001543>	"disseminated BCG infection AE"@en	
<http://purl.obolibrary.org/obo/OAE_0001544>	"autism AE"@en	
<http://purl.obolibrary.org/obo/OAE_0001545>	"autoimmune encephalitis AE"@en	
<http://purl.obolibrary.org/obo/OAE_0001546>	"injection-site redness AE"@en	
<http://purl.obolibrary.org/obo/OAE_0001547>	"injection-site tenderness AE"@en	
<http://purl.obolibrary.org/obo/OAE_0001548>	"arm motion limitation AE"@en	
<http://purl.obolibrary.org/obo/OAE_0001549>	"injection-site muscular soreness AE"@en	
<http://purl.obolibrary.org/obo/OAE_0001550>	"sleepiness AE"@en	
<http://purl.obolibrary.org/obo/OAE_0001551>	"brain AE"@en	
<http://purl.obolibrary.org/obo/OAE_0001552>	"mild hypersensitivity AE"@en	
<http://purl.obolibrary.org/obo/OAE_0001553>	"injection-site arm edema AE"@en	
<http://purl.obolibrary.org/obo/OAE_0001554>	"restlessness AE"@en	
<http://purl.obolibrary.org/obo/OAE_0001555>	"induration with tenderness AE"@en	
<http://purl.obolibrary.org/obo/OAE_0001556>	"fussiness AE"@en	
<http://purl.obolibrary.org/obo/OAE_0001557>	"decreased sleep AE"@en	
<http://purl.obolibrary.org/obo/OAE_0001558>	"increased sleep AE"@en	
<http://purl.obolibrary.org/obo/OAE_0001559>	"joint pain AE"@en	
<http://purl.obolibrary.org/obo/OAE_0001560>	"tiredness AE"	
<http://purl.obolibrary.org/obo/OAE_0001561>	"nasal discomfort AE"	
<http://purl.obolibrary.org/obo/OAE_0001567>	"nuclear magnetic resonance imaging result abnormal AE"@en	
<http://purl.obolibrary.org/obo/OAE_0001568>	"computerized tomogram with contrast abnormal AE"@en	
<http://purl.obolibrary.org/obo/OAE_0001569>	"computerized tomogram without contrast abnormal AE"@en	
<http://purl.obolibrary.org/obo/OAE_0001570>	"cardiac and vascular investigation result abnormal AE"@en	
<http://purl.obolibrary.org/obo/OAE_0001571>	"second degree atrioventricular block AE"	
<http://purl.obolibrary.org/obo/OAE_0001572>	"echocardiogram result abnormal AE"@en	
<http://purl.obolibrary.org/obo/OAE_0001573>	"electrolyte lab test abnormal AE"@en	
<http://purl.obolibrary.org/obo/OAE_0001574>	"blood phosphorus abnormal AE"@en	
<http://purl.obolibrary.org/obo/OAE_0001575>	"blood phosphorus increased AE"@en	
<http://purl.obolibrary.org/obo/OAE_0001576>	"complete atrioventricular block AE"	
<http://purl.obolibrary.org/obo/OAE_0001577>	"blood potassium abnormal AE"@en	
<http://purl.obolibrary.org/obo/OAE_0001578>	"blood potassium increased AE"@en	
<http://purl.obolibrary.org/obo/OAE_0001579>	"blood sodium abnormal AE"@en	
<http://purl.obolibrary.org/obo/OAE_0001580>	"blood sodium increased AE"@en	
<http://purl.obolibrary.org/obo/OAE_0001581>	"blood magnesium abnormal AE"@en	
<http://purl.obolibrary.org/obo/OAE_0001582>	"blood magnesium increased AE"@en	
<http://purl.obolibrary.org/obo/OAE_0001583>	"blood chloride abnormal AE"@en	
<http://purl.obolibrary.org/obo/OAE_0001584>	"blood chloride increased AE"@en	
<http://purl.obolibrary.org/obo/OAE_0001585>	"blood calcium abnormal AE"@en	
<http://purl.obolibrary.org/obo/OAE_0001586>	"blood calcium increased AE"@en	
<http://purl.obolibrary.org/obo/OAE_0001587>	"renal and urinary tract investigation and urinalysis result abnormal AE"@en	
<http://purl.obolibrary.org/obo/OAE_0001588>	"blood creatinine level abnormal AE"@en	
<http://purl.obolibrary.org/obo/OAE_0001589>	"blood urea level abnormal AE"@en	
<http://purl.obolibrary.org/obo/OAE_0001590>	"lipid analysis result abnormal AE"@en	
<http://purl.obolibrary.org/obo/OAE_0001591>	"blood cholesterol abnormal AE"@en	
<http://purl.obolibrary.org/obo/OAE_0001592>	"blood cholesterol decreased AE"@en	
<http://purl.obolibrary.org/obo/OAE_0001593>	"high density lipoprotein abnormal AE"@en	
<http://purl.obolibrary.org/obo/OAE_0001594>	"high density lipoprotein increased AE"@en	
<http://purl.obolibrary.org/obo/OAE_0001595>	"high density lipoprotein decreased AE"@en	
<http://purl.obolibrary.org/obo/OAE_0001596>	"low density lipoprotein abnormal AE"@en	
<http://purl.obolibrary.org/obo/OAE_0001597>	"low density lipoprotein increased AE"@en	
<http://purl.obolibrary.org/obo/OAE_0001598>	"low density lipoprotein decreased AE"@en	
<http://purl.obolibrary.org/obo/OAE_0001599>	"blood triglycerides abnormal AE"@en	
<http://purl.obolibrary.org/obo/OAE_0001600>	"blood triglycerides increased AE"@en	
<http://purl.obolibrary.org/obo/OAE_0001601>	"blood triglycerides decreased AE"@en	
<http://purl.obolibrary.org/obo/OAE_0001602>	"immunology and allergy investigation result abnormal AE"@en	
<http://purl.obolibrary.org/obo/OAE_0001603>	"Mobitz type I block AE"	
<http://purl.obolibrary.org/obo/OAE_0001604>	"epstein barr virus antibody positive AE"@en	
<http://purl.obolibrary.org/obo/OAE_0001605>	"microbiology and serology investigation result abnormal AE"@en	
<http://purl.obolibrary.org/obo/OAE_0001606>	"CSF culture positive AE"@en	
<http://purl.obolibrary.org/obo/OAE_0001607>	"metabolic and nutritional investigation result abnormal AE"@en	
<http://purl.obolibrary.org/obo/OAE_0001608>	"glycosylated hemoglobin level abnormal AE"@en	
<http://purl.obolibrary.org/obo/OAE_0001609>	"glycosylated hemoglobin level increased AE"@en	
<http://purl.obolibrary.org/obo/OAE_0001610>	"blood folate level abnormal AE\n"@en	
<http://purl.obolibrary.org/obo/OAE_0001611>	"blood folate level increased AE"@en	
<http://purl.obolibrary.org/obo/OAE_0001612>	"blood glucose level abnormal AE"@en	
<http://purl.obolibrary.org/obo/OAE_0001613>	"blood homocysteine level abnormal AE"@en	
<http://purl.obolibrary.org/obo/OAE_0001614>	"blood homocysteine level decreased AE"@en	
<http://purl.obolibrary.org/obo/OAE_0001615>	"blood uric acid level abnormal AE"@en	
<http://purl.obolibrary.org/obo/OAE_0001616>	"blood uric acid level decreased AE"@en	
<http://purl.obolibrary.org/obo/OAE_0001617>	"vitamin B12 level abnormal AE"@en	
<http://purl.obolibrary.org/obo/OAE_0001618>	"vitamin B12 level increased AE"@en	
<http://purl.obolibrary.org/obo/OAE_0001619>	"vitamin B12 level decreased AE"@en	
<http://purl.obolibrary.org/obo/OAE_0001620>	"brain natriuretic peptide level abnormal AE"@en	
<http://purl.obolibrary.org/obo/OAE_0001621>	"brain natriuretic peptide level increased AE"@en	
<http://purl.obolibrary.org/obo/OAE_0001622>	"brain natriuretic peptide level decreased AE"@en	
<http://purl.obolibrary.org/obo/OAE_0001623>	"blood gas investigation result abnormal AE"@en	
<http://purl.obolibrary.org/obo/OAE_0001624>	"carbon dioxide abnormal AE"@en	
<http://purl.obolibrary.org/obo/OAE_0001625>	"carbon dioxide increased AE"@en	
<http://purl.obolibrary.org/obo/OAE_0001626>	"blood pH abnormal AE"@en	
<http://purl.obolibrary.org/obo/OAE_0001627>	"blood pH increased AE"@en	
<http://purl.obolibrary.org/obo/OAE_0001628>	"blood pH decreased AE\n"@en	
<http://purl.obolibrary.org/obo/OAE_0001630>	"oxygen saturation abnormal AE"@en	
<http://purl.obolibrary.org/obo/OAE_0001631>	"oxygen saturation increased AE"@en	
<http://purl.obolibrary.org/obo/OAE_0001632>	"PCO2 abnormal AE"@en	
<http://purl.obolibrary.org/obo/OAE_0001633>	"PCO2 increased AE"@en	
<http://purl.obolibrary.org/obo/OAE_0001634>	"PCO2 decreased AE"@en	
<http://purl.obolibrary.org/obo/OAE_0001635>	"PO2 abnormal AE\n"@en	
<http://purl.obolibrary.org/obo/OAE_0001636>	"PO2 increased AE"@en	
<http://purl.obolibrary.org/obo/OAE_0001637>	"PO2 decreased AE"@en	
<http://purl.obolibrary.org/obo/OAE_0001638>	"toxicology drug screen result abnormal AE"@en	
<http://purl.obolibrary.org/obo/OAE_0001639>	"barbiturates positive AE"@en	
<http://purl.obolibrary.org/obo/OAE_0001640>	"cocaine positive AE"@en	
<http://purl.obolibrary.org/obo/OAE_0001641>	"Mobitz type II block AE"	
<http://purl.obolibrary.org/obo/OAE_0001642>	"urine cannabinoids increased AE"@en	
<http://purl.obolibrary.org/obo/OAE_0001643>	"neurological, special senses and psychiatric investigation result abnormal AE"@en	
<http://purl.obolibrary.org/obo/OAE_0001644>	"physical examination result abnormal AE"@en	
<http://purl.obolibrary.org/obo/OAE_0001645>	"cytogenetic investigation result abnormal AE"@en	
<http://purl.obolibrary.org/obo/OAE_0001646>	"respiratory and pulmonary investigation result abnormal AE"@en	
<http://purl.obolibrary.org/obo/OAE_0001647>	"endocrine investigation result abnormal AE"@en	
<http://purl.obolibrary.org/obo/OAE_0001649>	"blood parathyroid hormone level abnormal AE"@en	
<http://purl.obolibrary.org/obo/OAE_0001650>	"blood parathyroid hormone increased AE"@en	
<http://purl.obolibrary.org/obo/OAE_0001651>	"tri-iodothyronine level abnormal AE"@en	
<http://purl.obolibrary.org/obo/OAE_0001652>	"tri-iodothyronine increased AE"@en	
<http://purl.obolibrary.org/obo/OAE_0001653>	"protein and chemistry analysis result abnormal AE"@en	
<http://purl.obolibrary.org/obo/OAE_0001654>	"blood albumin level abnormal AE"@en	
<http://purl.obolibrary.org/obo/OAE_0001655>	"blood albumin level increased AE"@en	
<http://purl.obolibrary.org/obo/OAE_0001656>	"c-reactive protein level abnormal AE"@en	
<http://purl.obolibrary.org/obo/OAE_0001657>	"c-reactive protein level decreased AE"@en	
<http://purl.obolibrary.org/obo/OAE_0001658>	"protein total increased AE\n"@en	
<http://purl.obolibrary.org/obo/OAE_0001659>	"protein total decreased AE"@en	
<http://purl.obolibrary.org/obo/OAE_0001660>	"MUGA scan result abnormal AE"@en	
<http://purl.obolibrary.org/obo/OAE_0001661>	"cardiac stress test result abnormal AE"@en	
<http://purl.obolibrary.org/obo/OAE_0001662>	"enzyme investigation result abnormal AE"@en	
<http://purl.obolibrary.org/obo/OAE_0001663>	"blood creatine phosphokinase level decreased AE"@en	
<http://purl.obolibrary.org/obo/OAE_0001664>	"hematology investigation result abnormal AE"@en	
<http://purl.obolibrary.org/obo/OAE_0001665>	"red blood cell profile abnormal AE"@en	
<http://purl.obolibrary.org/obo/OAE_0001666>	"white blood cell profile abnormal AE"@en	
<http://purl.obolibrary.org/obo/OAE_0001667>	"neutrophil percentage abnormal AE"@en	
<http://purl.obolibrary.org/obo/OAE_0001668>	"neutrophil percentage decreased AE"@en	
<http://purl.obolibrary.org/obo/OAE_0001669>	"basophil count abnormal AE"@en	
<http://purl.obolibrary.org/obo/OAE_0001670>	"basophil count decreased AE"@en	
<http://purl.obolibrary.org/obo/OAE_0001671>	"eosinophil percentage abnormal AE"@en	
<http://purl.obolibrary.org/obo/OAE_0001672>	"eosinophil percentage decreased AE"@en	
<http://purl.obolibrary.org/obo/OAE_0001673>	"leukocyte cell number abnormal AE"@en	
<http://purl.obolibrary.org/obo/OAE_0001674>	"granulocyte count abnormal AE"@en	
<http://purl.obolibrary.org/obo/OAE_0001675>	"granulocyte count increased AE"@en	
<http://purl.obolibrary.org/obo/OAE_0001676>	"lymphocyte count abnormal AE"@en	
<http://purl.obolibrary.org/obo/OAE_0001677>	"lymphocyte percentage abnormal AE"@en	
<http://purl.obolibrary.org/obo/OAE_0001678>	"monocyte percentage abnormal AE"@en	
<http://purl.obolibrary.org/obo/OAE_0001679>	"monocyte percentage decreased AE\n"@en	
<http://purl.obolibrary.org/obo/OAE_0001680>	"blood lactate dehydrogenase level abnormal AE"@en	
<http://purl.obolibrary.org/obo/OAE_0001681>	"blood lactate dehydrogenase level decreased AE"@en	
<http://purl.obolibrary.org/obo/OAE_0001682>	"troponin level abnormal AE"@en	
<http://purl.obolibrary.org/obo/OAE_0001683>	"muscle enzyme level abnormal AE"@en	
<http://purl.obolibrary.org/obo/OAE_0001684>	"muscle enzyme level decreased AE"@en	
<http://purl.obolibrary.org/obo/OAE_0001685>	"myoglobin blood abnormal AE"@en	
<http://purl.obolibrary.org/obo/OAE_0001686>	"myoglobin blood increased AE"@en	
<http://purl.obolibrary.org/obo/OAE_0001687>	"myoglobin blood decreased AE"@en	
<http://purl.obolibrary.org/obo/OAE_0001688>	"gastrointestinal investigation result abnormal AE"@en	
<http://purl.obolibrary.org/obo/OAE_0001689>	"blood amylase level abnormal AE"@en	
<http://purl.obolibrary.org/obo/OAE_0001690>	"blood amylase level decreased AE"@en	
<http://purl.obolibrary.org/obo/OAE_0001691>	"lipase level abnormal AE"@en	
<http://purl.obolibrary.org/obo/OAE_0001692>	"lipase level increased AE"@en	
<http://purl.obolibrary.org/obo/OAE_0001693>	"lipase level decreased AE"@en	
<http://purl.obolibrary.org/obo/OAE_0001694>	"liver related investigation result abnormal AE"@en	
<http://purl.obolibrary.org/obo/OAE_0001695>	"transaminase level abnormal AE"@en	
<http://purl.obolibrary.org/obo/OAE_0001696>	"transaminase level decreased AE"@en	
<http://purl.obolibrary.org/obo/OAE_0001697>	"aspartate aminotransferase level abnormal AE"@en	
<http://purl.obolibrary.org/obo/OAE_0001698>	"aspartate aminotransferase level decreased AE"@en	
<http://purl.obolibrary.org/obo/OAE_0001699>	"gamma-glutamyltransferase level decreased AE"@en	
<http://purl.obolibrary.org/obo/OAE_0001700>	"blood bilirubin level decreased AE"@en	
<http://purl.obolibrary.org/obo/OAE_0001701>	"imaging investigation result abnormal AE"@en	
<http://purl.obolibrary.org/obo/OAE_0001702>	"blood thromboplastin level abnormal AE"@en	
<http://purl.obolibrary.org/obo/OAE_0001703>	"blood thromboplastin level decreased AE"@en	
<http://purl.obolibrary.org/obo/OAE_0001704>	"coagulation factor v level abnormal AE"@en	
<http://purl.obolibrary.org/obo/OAE_0001705>	"coagulation factor v level increased AE"@en	
<http://purl.obolibrary.org/obo/OAE_0001706>	"prothrombin level abnormal AE"@en	
<http://purl.obolibrary.org/obo/OAE_0001707>	"prothrombin level increased AE"@en	
<http://purl.obolibrary.org/obo/OAE_0001708>	"prothrombin time abnormal AE"@en	
<http://purl.obolibrary.org/obo/OAE_0001709>	"prothrombin time shortened AE"@en	
<http://purl.obolibrary.org/obo/OAE_0001710>	"full blood count increased AE"@en	
<http://purl.obolibrary.org/obo/OAE_0001711>	"red blood cell count abnormal AE"@en	
<http://purl.obolibrary.org/obo/OAE_0001712>	"red blood cell count increased AE"@en	
<http://purl.obolibrary.org/obo/OAE_0001713>	"hematocrit abnormal AE"@en	
<http://purl.obolibrary.org/obo/OAE_0001714>	"hematocrit increased AE"@en	
<http://purl.obolibrary.org/obo/OAE_0001715>	"hemoglobin level increased AE"@en	
<http://purl.obolibrary.org/obo/OAE_0001716>	"mean corpuscular volume abnormal AE"@en	
<http://purl.obolibrary.org/obo/OAE_0001717>	"mean corpuscular volume increased AE"@en	
<http://purl.obolibrary.org/obo/OAE_0001718>	"mean corpuscular volume decreased AE"@en	
<http://purl.obolibrary.org/obo/OAE_0001719>	"mean cell hemoglobin level abnormal AE"@en	
<http://purl.obolibrary.org/obo/OAE_0001720>	"mean cell hemoglobin level increased AE"@en	
<http://purl.obolibrary.org/obo/OAE_0001721>	"mean cell hemoglobin level decreased AE"@en	
<http://purl.obolibrary.org/obo/OAE_0001722>	"mean cell hemoglobin concentration abnormal AE"@en	
<http://purl.obolibrary.org/obo/OAE_0001723>	"mean cell hemoglobin concentration increased AE"@en	
<http://purl.obolibrary.org/obo/OAE_0001724>	"mean cell hemoglobin concentration decreased AE"@en	
<http://purl.obolibrary.org/obo/OAE_0001725>	"sinoatrial node dysfunction AE"	
<http://purl.obolibrary.org/obo/OAE_0001726>	"coronary disorder AE"	
<http://purl.obolibrary.org/obo/OAE_0001727>	"inferior wall myocardial infarction AE"	
<http://purl.obolibrary.org/obo/OAE_0001728>	"anterior wall myocardial infarction AE"	
<http://purl.obolibrary.org/obo/OAE_0001729>	"blast cell count abnormal AE"@en	
<http://purl.obolibrary.org/obo/OAE_0001730>	"blast cell count decreased AE"@en	
<http://purl.obolibrary.org/obo/OAE_0001731>	"platelet count abnormal AE"@en	
<http://purl.obolibrary.org/obo/OAE_0001732>	"platelet count increased AE"@en	
<http://purl.obolibrary.org/obo/OAE_0001733>	"eosinophil count abnormal AE"@en	
<http://purl.obolibrary.org/obo/OAE_0001734>	"eosinophil count decreased AE"@en	
<http://purl.obolibrary.org/obo/OAE_0001736>	"systemic hypertension AE"	
<http://purl.obolibrary.org/obo/OAE_0001737>	"blood pressure systolic decreased AE"	
<http://purl.obolibrary.org/obo/OAE_0001738>	"papillary muscle disorder AE"	
<http://purl.obolibrary.org/obo/OAE_0001739>	"blood pressure diastolic increased AE"	
<http://purl.obolibrary.org/obo/OAE_0001740>	"blood pressure systolic increased AE"	
<http://purl.obolibrary.org/obo/OAE_0001741>	"right ventricular dysfunction AE"	
<http://purl.obolibrary.org/obo/OAE_0001742>	"ventricular extrasystoles AE"	
<http://purl.obolibrary.org/obo/OAE_0001743>	"cardiac embolism AE"	
<http://purl.obolibrary.org/obo/OAE_0001744>	"embolism AE"	
<http://purl.obolibrary.org/obo/OAE_0001746>	"premature ventricular contractions AE"	
<http://purl.obolibrary.org/obo/OAE_0001747>	"pulmonary valve incompetence AE"	
<http://purl.obolibrary.org/obo/OAE_0001748>	"pulmonary valve stenosis AE"	
<http://purl.obolibrary.org/obo/OAE_0001749>	"arteritis AE"	
<http://purl.obolibrary.org/obo/OAE_0001751>	"aneurysm AE"@en	
<http://purl.obolibrary.org/obo/OAE_0001752>	"venous disorder AE"@en	
<http://purl.obolibrary.org/obo/OAE_0001753>	"aneurysm ruptured AE"@en	
<http://purl.obolibrary.org/obo/OAE_0001754>	"cardiac aneurysm AE"@en	
<http://purl.obolibrary.org/obo/OAE_0001755>	"aortic aneurysm AE"@en	
<http://purl.obolibrary.org/obo/OAE_0001756>	"aortic aneurysm rupture AE"@en	
<http://purl.obolibrary.org/obo/OAE_0001757>	"aortic dissection AE"@en	
<http://purl.obolibrary.org/obo/OAE_0001758>	"ruptured cerebral aneurysm AE"@en	
<http://purl.obolibrary.org/obo/OAE_0001759>	"intracranial aneurysm AE"@en	
<http://purl.obolibrary.org/obo/OAE_0001760>	"aortic thrombosis AE"@en	
<http://purl.obolibrary.org/obo/OAE_0001761>	"carotid artery thrombosis AE"@en	
<http://purl.obolibrary.org/obo/OAE_0001762>	"cerebral artery embolism AE"@en	
<http://purl.obolibrary.org/obo/OAE_0001763>	"cerebral artery thrombosis AE"@en	
<http://purl.obolibrary.org/obo/OAE_0001764>	"cerebral venous thrombosis AE"@en	
<http://purl.obolibrary.org/obo/OAE_0001765>	"intracranial venous sinus thrombosis AE"@en	
<http://purl.obolibrary.org/obo/OAE_0001766>	"gas embolilsm AE"	
<http://purl.obolibrary.org/obo/OAE_0001767>	"mesenteric vein thrombosis AE"@en	
<http://purl.obolibrary.org/obo/OAE_0001768>	"Budd-Chiari syndrome AE"@en	
<http://purl.obolibrary.org/obo/OAE_0001769>	"retinal vein thrombosis AE"	
<http://purl.obolibrary.org/obo/OAE_0001771>	"arterial embolism AE"@en	
<http://purl.obolibrary.org/obo/OAE_0001772>	"venous embolism AE"@en	
<http://purl.obolibrary.org/obo/OAE_0001773>	"fat embolism AE"@en	
<http://purl.obolibrary.org/obo/OAE_0001774>	"septic embolus AE"@en	
<http://purl.obolibrary.org/obo/OAE_0001775>	"thrombosis in device AE"@en	
<http://purl.obolibrary.org/obo/OAE_0001777>	"arterial thrombosis limb AE"@en	
<http://purl.obolibrary.org/obo/OAE_0001778>	"behavioral AE"@en	
<http://purl.obolibrary.org/obo/OAE_0001779>	"injection site thrombosis AE"@en	
<http://purl.obolibrary.org/obo/OAE_0001780>	"pelvic venous thrombosis AE"@en	
<http://purl.obolibrary.org/obo/OAE_0001781>	"peripheral embolism AE"@en	
<http://purl.obolibrary.org/obo/OAE_0001782>	"subclavian vein thrombosis AE"@en	
<http://purl.obolibrary.org/obo/OAE_0001783>	"thrombophlebitis superficial AE"@en	
<http://purl.obolibrary.org/obo/OAE_0001784>	"venous thrombosis limb AE"@en	
<http://purl.obolibrary.org/obo/OAE_0001785>	"retinal vein occlusion AE"@en	
<http://purl.obolibrary.org/obo/OAE_0001786>	"atrial thrombosis AE"@en	
<http://purl.obolibrary.org/obo/OAE_0001787>	"coronary artery embolism AE"@en	
<http://purl.obolibrary.org/obo/OAE_0001789>	"neurological AE"@en	
<http://purl.obolibrary.org/obo/OAE_0001790>	"stroke AE"	
<http://purl.obolibrary.org/obo/OAE_0001791>	"ischemic stroke AE"@en	
<http://purl.obolibrary.org/obo/OAE_0001792>	"hemorrhagic stroke AE"@en	
<http://purl.obolibrary.org/obo/OAE_0001793>	"intracerebral hemorrhagic stroke AE"@en	
<http://purl.obolibrary.org/obo/OAE_0001794>	"subarachnoid hemorrhagic stroke AE"@en	
<http://purl.obolibrary.org/obo/OAE_0001795>	"thrombotic stroke AE"@en	
<http://purl.obolibrary.org/obo/OAE_0001796>	"embolic stroke AE"@en	
<http://purl.obolibrary.org/obo/OAE_0001797>	"mental disorder AE"@en	
<http://purl.obolibrary.org/obo/OAE_0001798>	"adjustment disorder AE"@en	
<http://purl.obolibrary.org/obo/OAE_0001799>	"adjustment disorder with depressed mood AE"@en	
<http://purl.obolibrary.org/obo/OAE_0001800>	"anastomotic bleeding AE"@en	
<http://purl.obolibrary.org/obo/OAE_0001801>	"Clostridium difficile infection AE"@en	
<http://purl.obolibrary.org/obo/OAE_0001802>	"Gram-negative bacteremia AE"@en	
<http://purl.obolibrary.org/obo/OAE_0001805>	"Intraoperative hemorrhage AE"	
<http://purl.obolibrary.org/obo/OAE_0001806>	"pancreatic abscess AE"	
<http://purl.obolibrary.org/obo/OAE_0001807>	"pancreas transplant rejection AE"	
<http://purl.obolibrary.org/obo/OAE_0001808>	"pyogenic infection AE"	
<http://purl.obolibrary.org/obo/OAE_0001809>	"fever of unknown origin AE"	
<http://purl.obolibrary.org/obo/OAE_0001843>	"cardio-respiratory distress AE"@en	
<http://purl.obolibrary.org/obo/OAE_0001844>	"joint effusion AE"@en	
<http://purl.obolibrary.org/obo/OAE_0001845>	"gastric disorder AE"@en	
<http://purl.obolibrary.org/obo/OAE_0001847>	"thyroiditis AE"@en	
<http://purl.obolibrary.org/obo/OAE_0001848>	"glucosuria AE"@en	
<http://purl.obolibrary.org/obo/OAE_0001850>	"granuloma AE"@en	
<http://purl.obolibrary.org/obo/OAE_0001851>	"skin burning sensation AE"@en	
<http://purl.obolibrary.org/obo/OAE_0001852>	"numbness AE"@en	
<http://purl.obolibrary.org/obo/OAE_0001853>	"interstitial pneumonia AE"@en	
<http://purl.obolibrary.org/obo/OAE_0001854>	"circumoral numbness AE"@en	
<http://purl.obolibrary.org/obo/OAE_0001855>	"skin necrosis AE"@en	
<http://purl.obolibrary.org/obo/OAE_0001856>	"systemic lupus erythematosus syndrome AE"@en	
<http://purl.obolibrary.org/obo/OAE_0001857>	"urgent urination AE"	
<http://purl.obolibrary.org/obo/OAE_0001858>	"precordialgia AE"	
<http://purl.obolibrary.org/obo/OAE_0001859>	"dyshidrosis AE"	
<http://purl.obolibrary.org/obo/OAE_0001860>	"ankle swelling AE"	
<http://purl.obolibrary.org/obo/OAE_0001861>	"renal dysfunction AE"	
<http://purl.obolibrary.org/obo/OAE_0001862>	"epiphora AE"	
<http://purl.obolibrary.org/obo/OAE_0001863>	"hemolytic anemia AE"	
<http://purl.obolibrary.org/obo/OAE_0001864>	"somniloquy AE"	
<http://purl.obolibrary.org/obo/OAE_0001865>	"cholelithiasis AE"	
<http://purl.obolibrary.org/obo/OAE_0001866>	"blepharoptosis AE"	
<http://purl.obolibrary.org/obo/OAE_0001874>	"grand mal AE"	
<http://purl.obolibrary.org/obo/OAE_0001875>	"erythema simplex AE"	
<http://purl.obolibrary.org/obo/OAE_0001876>	"pelvic pain AE"@en	
<http://purl.obolibrary.org/obo/OAE_0001877>	"extrasystoles AE"	
<http://purl.obolibrary.org/obo/OAE_0001878>	"increased upper airway secretion AE"@en	
<http://purl.obolibrary.org/obo/OAE_0001879>	"feeling of body temperature change AE"@en	
<http://purl.obolibrary.org/obo/OAE_0001880>	"heartburn AE"	
<http://purl.obolibrary.org/obo/OAE_0001881>	"tonsillitis AE"	
<http://purl.obolibrary.org/obo/OAE_0001882>	"non-insulin-dependent diabetes mellitus AE"	
<http://purl.obolibrary.org/obo/OAE_0001883>	"insulin dependent diabetes mellitus AE"@zh	
<http://purl.obolibrary.org/obo/OAE_0001884>	"areflexia AE"	
<http://purl.obolibrary.org/obo/OAE_0001885>	"mastauxe AE"@zh	
<http://purl.obolibrary.org/obo/OAE_0001886>	"uveitis AE"@zh	
<http://purl.obolibrary.org/obo/OAE_0001887>	"sexual dysfunctions AE"	
<http://purl.obolibrary.org/obo/OAE_0001888>	"hypomnesia AE"	
<http://purl.obolibrary.org/obo/OAE_0001889>	"phobia AE"	
<http://purl.obolibrary.org/obo/OAE_0001890>	"lymphadenectasis AE"	
<http://purl.obolibrary.org/obo/OAE_0001891>	"asterixis AE"	
<http://purl.obolibrary.org/obo/OAE_0001892>	"parageusia AE"	
<http://purl.obolibrary.org/obo/OAE_0001893>	"brain damage AE"	
<http://purl.obolibrary.org/obo/OAE_0001894>	"frequent bowel movements AE"@en	
<http://purl.obolibrary.org/obo/OAE_0001895>	"hyperprolactinemia AE"	
<http://purl.obolibrary.org/obo/OAE_0001896>	"galactorrhea AE"	
<http://purl.obolibrary.org/obo/OAE_0001897>	"sitophobia AE"@en	
<http://purl.obolibrary.org/obo/OAE_0001898>	"ejection murmur AE"	
<http://purl.obolibrary.org/obo/OAE_0001899>	"hypoactive sexual desire disorder AE"	
<http://purl.obolibrary.org/obo/OAE_0001900>	"bigotry AE"	
<http://purl.obolibrary.org/obo/OAE_0001901>	"somnambulism AE"	
<http://purl.obolibrary.org/obo/OAE_0001902>	"hyperphagia AE"	
<http://purl.obolibrary.org/obo/OAE_0001903>	"corneal pigmentation AE"	
<http://purl.obolibrary.org/obo/OAE_0001904>	"chromatosis AE"	
<http://purl.obolibrary.org/obo/OAE_0001905>	"subclavian steal syndrome AE"	
<http://purl.obolibrary.org/obo/OAE_0001906>	"allergic rhinitis AE"	
<http://purl.obolibrary.org/obo/OAE_0001907>	"ventricular ectopic beats AE"	
<http://purl.obolibrary.org/obo/OAE_0001908>	"sjogren syndrome AE"@en	
<http://purl.obolibrary.org/obo/OAE_0001909>	"nocturia AE"	
<http://purl.obolibrary.org/obo/OAE_0001910>	"night sweat AE"	
<http://purl.obolibrary.org/obo/OAE_0001911>	"increased appetite AE"	
<http://purl.obolibrary.org/obo/OAE_0001912>	"vascular dilatation headache AE"	
<http://purl.obolibrary.org/obo/OAE_0001913>	"bundle-branch block AE"	
<http://purl.obolibrary.org/obo/OAE_0001914>	"unstable diabetes AE"	
<http://purl.obolibrary.org/obo/OAE_0001915>	"tendon rupture AE"	
<http://purl.obolibrary.org/obo/OAE_0001916>	"tendovaginitis AE"	
<http://purl.obolibrary.org/obo/OAE_0001917>	"loose stools AE"	
<http://purl.obolibrary.org/obo/OAE_0001918>	"cystitis AE"	
<http://purl.obolibrary.org/obo/OAE_0001919>	"eructation AE"	
<http://purl.obolibrary.org/obo/OAE_0001920>	"glossolalia AE"	
<http://purl.obolibrary.org/obo/OAE_0001921>	"leg pain AE"	
<http://purl.obolibrary.org/obo/OAE_0001922>	"stomachache AE"	
<http://purl.obolibrary.org/obo/OAE_0001923>	"conduction block AE"	
<http://purl.obolibrary.org/obo/OAE_0001924>	"photodermatitis AE"	
<http://purl.obolibrary.org/obo/OAE_0001925>	"pygalgia AE"	
<http://purl.obolibrary.org/obo/OAE_0001926>	"throat irritation AE"	
<http://purl.obolibrary.org/obo/OAE_0001927>	"interstitial nephritis AE"	
<http://purl.obolibrary.org/obo/OAE_0001928>	"hoarseness AE"	
<http://purl.obolibrary.org/obo/OAE_0001929>	"photosensitization AE"	
<http://purl.obolibrary.org/obo/OAE_0001930>	"fanconi syndrome AE"	
<http://purl.obolibrary.org/obo/OAE_0001931>	"keratoconjunctivitis AE"	
<http://purl.obolibrary.org/obo/OAE_0001932>	"hepatic insufficiency AE"	
<http://purl.obolibrary.org/obo/OAE_0001933>	"hypoxemia AE"	
<http://purl.obolibrary.org/obo/OAE_0001934>	"irritant contact dermatitis AE"	
<http://purl.obolibrary.org/obo/OAE_0001935>	"pitting edema AE"	
<http://purl.obolibrary.org/obo/OAE_0001936>	"acute bronchitis AE"	
<http://purl.obolibrary.org/obo/OAE_0001937>	"renal calculus AE"	
<http://purl.obolibrary.org/obo/OAE_0001938>	"clouding of consciousness AE"	
<http://purl.obolibrary.org/obo/OAE_0001939>	"reflex tachycardia AE"	
<http://purl.obolibrary.org/obo/OAE_0001940>	"joint sprain AE"	
<http://purl.obolibrary.org/obo/OAE_0001941>	"epicondylitis AE"	
<http://purl.obolibrary.org/obo/OAE_0001942>	"melanoglosia AE"	
<http://purl.obolibrary.org/obo/OAE_0001943>	"ventricular tachycardia AE"	
<http://purl.obolibrary.org/obo/OAE_0001944>	"granulomatous hepatitis AE"	
<http://purl.obolibrary.org/obo/OAE_0001945>	"hypogeusia AE"	
<http://purl.obolibrary.org/obo/OAE_0001946>	"dysphoria AE"	
<http://purl.obolibrary.org/obo/OAE_0001947>	"oneirism AE"	
<http://purl.obolibrary.org/obo/OAE_0001948>	"podalgia AE"	
<http://purl.obolibrary.org/obo/OAE_0001949>	"brachialgia AE"	
<http://purl.obolibrary.org/obo/OAE_0001950>	"coxalgia AE"	
<http://purl.obolibrary.org/obo/OAE_0001951>	"limb injury AE"	
<http://purl.obolibrary.org/obo/OAE_0001952>	"polymyalgia rheumatica AE"	
<http://purl.obolibrary.org/obo/OAE_0001953>	"fibromyalgia AE"	
<http://purl.obolibrary.org/obo/OAE_0001954>	"hepatic encephalopathy AE"	
<http://purl.obolibrary.org/obo/OAE_0001955>	"chorea AE"	
<http://purl.obolibrary.org/obo/OAE_0001956>	"nightmare AE"	
<http://purl.obolibrary.org/obo/OAE_0001957>	"depersonalization AE"	
<http://purl.obolibrary.org/obo/OAE_0001958>	"apatheia AE"	
<http://purl.obolibrary.org/obo/OAE_0001959>	"parosmia AE"	
<http://purl.obolibrary.org/obo/OAE_0001960>	"xerophthalmia AE"	
<http://purl.obolibrary.org/obo/OAE_0001961>	"chondropathy AE"	
<http://purl.obolibrary.org/obo/OAE_0001962>	"teratogenesis AE"	
<http://purl.obolibrary.org/obo/OAE_0001963>	"premature atrial contraction AE"	
<http://purl.obolibrary.org/obo/OAE_0001964>	"parotitis AE"	
<http://purl.obolibrary.org/obo/OAE_0001965>	"glossitis AE"	
<http://purl.obolibrary.org/obo/OAE_0001966>	"genital edema AE"	
<http://purl.obolibrary.org/obo/OAE_0001967>	"orgasm incapacity AE"	
<http://purl.obolibrary.org/obo/OAE_0001968>	"sedation AE"	
<http://purl.obolibrary.org/obo/OAE_0001969>	"sinus bradycardia AE"	
<http://purl.obolibrary.org/obo/OAE_0001970>	"cardiac output decreased AE"	
<http://purl.obolibrary.org/obo/OAE_0001971>	"steatorrhea AE"	
<http://purl.obolibrary.org/obo/OAE_0001972>	"malabsorption syndrome AE"	
<http://purl.obolibrary.org/obo/OAE_0001973>	"sialadenitis AE"	
<http://purl.obolibrary.org/obo/OAE_0001974>	"parkinson's disease AE"	
<http://purl.obolibrary.org/obo/OAE_0001975>	"urinary calculus AE"	
<http://purl.obolibrary.org/obo/OAE_0001976>	"sinoatrial block AE"	
<http://purl.obolibrary.org/obo/OAE_0001977>	"hyperthyroidism AE"	
<http://purl.obolibrary.org/obo/OAE_0001978>	"akathisia AE"	
<http://purl.obolibrary.org/obo/OAE_0001979>	"retinopathy AE"	
<http://purl.obolibrary.org/obo/OAE_0001980>	"sinus arrest AE"	
<http://purl.obolibrary.org/obo/OAE_0001981>	"ST segment depression AE"	
<http://purl.obolibrary.org/obo/OAE_0001982>	"T-wave inversion AE"	
<http://purl.obolibrary.org/obo/OAE_0001983>	"hyperthermia AE"	
<http://purl.obolibrary.org/obo/OAE_0001984>	"priapism AE"	
<http://purl.obolibrary.org/obo/OAE_0001985>	"gingival bleeding AE"	
<http://purl.obolibrary.org/obo/OAE_0001986>	"hearing loss AE"	
<http://purl.obolibrary.org/obo/OAE_0001987>	"muscle fatigue AE"	
<http://purl.obolibrary.org/obo/OAE_0001988>	"regurgitation AE"	
<http://purl.obolibrary.org/obo/OAE_0001989>	"skin irritation AE"	
<http://purl.obolibrary.org/obo/OAE_0001990>	"herpes simplex AE"	
<http://purl.obolibrary.org/obo/OAE_0001991>	"measles AE"	
<http://purl.obolibrary.org/obo/OAE_0001992>	"hypercholesteremia AE"	
<http://purl.obolibrary.org/obo/OAE_0001993>	"toxic epidermal necrolysis AE"	
<http://purl.obolibrary.org/obo/OAE_0001994>	"atrioventricular junctional rhythm AE"	
<http://purl.obolibrary.org/obo/OAE_0001995>	"unconsciousness AE"	
<http://purl.obolibrary.org/obo/OAE_0001996>	"pemphigus AE"	
<http://purl.obolibrary.org/obo/OAE_0001997>	"onychomycosis AE"	
<http://purl.obolibrary.org/obo/OAE_0001998>	"miosis AE"	
<http://purl.obolibrary.org/obo/OAE_0001999>	"optic atrophy AE"	
<http://purl.obolibrary.org/obo/OAE_0002000>	"albuminuria AE"	
<http://purl.obolibrary.org/obo/OAE_0002001>	"enuresis AE"	
<http://purl.obolibrary.org/obo/OAE_0002002>	"gum hypertrophy AE"	
<http://purl.obolibrary.org/obo/OAE_0002003>	"contact dermatitis AE"	
<http://purl.obolibrary.org/obo/OAE_0002004>	"necrotizing vasculitis AE"	
<http://purl.obolibrary.org/obo/OAE_0002005>	"carpal tunnel syndrome AE"	
<http://purl.obolibrary.org/obo/OAE_0002006>	"erythromelalgia AE"	
<http://purl.obolibrary.org/obo/OAE_0002007>	"Raynaud's syndrome AE"	
<http://purl.obolibrary.org/obo/OAE_0002008>	"extrapyramidal syndrome AE"	
<http://purl.obolibrary.org/obo/OAE_0002009>	"sodium retention AE"	
<http://purl.obolibrary.org/obo/OAE_0002010>	"complex regional pain syndrome AE"@en	
<http://purl.obolibrary.org/obo/OAE_0002011>	"sciatica AE"	
<http://purl.obolibrary.org/obo/OAE_0002012>	"joint stiffness AE"	
<http://purl.obolibrary.org/obo/OAE_0002013>	"breast engorgement AE"	
<http://purl.obolibrary.org/obo/OAE_0002014>	"nervous tension AE"	
<http://purl.obolibrary.org/obo/OAE_0002015>	"nervousness AE"	
<http://purl.obolibrary.org/obo/OAE_0002016>	"osteoarthritis AE"	
<http://purl.obolibrary.org/obo/OAE_0002017>	"methemoglobinemia AE"	
<http://purl.obolibrary.org/obo/OAE_0002018>	"hemiageusia AE"	
<http://purl.obolibrary.org/obo/OAE_0002019>	"skin swelling AE"	
<http://purl.obolibrary.org/obo/OAE_0002020>	"fibrosing alveolitis AE"	
<http://purl.obolibrary.org/obo/OAE_0002021>	"hypochloremic alkalosis AE"	
<http://purl.obolibrary.org/obo/OAE_0002022>	"erythema annulare centrifugum AE"	
<http://purl.obolibrary.org/obo/OAE_0002023>	"irritation AE"	
<http://purl.obolibrary.org/obo/OAE_0002024>	"neuroticism AE"	
<http://purl.obolibrary.org/obo/OAE_0002025>	"hyperirritability AE"	
<http://purl.obolibrary.org/obo/OAE_0002026>	"rhinostenosis AE"	
<http://purl.obolibrary.org/obo/OAE_0002027>	"sino-auricular heart-block AE"	
<http://purl.obolibrary.org/obo/OAE_0002028>	"anisosphygmia AE"	
<http://purl.obolibrary.org/obo/OAE_0002029>	"rubefaction AE"	
<http://purl.obolibrary.org/obo/OAE_0002030>	"myodystony AE"	
<http://purl.obolibrary.org/obo/OAE_0002031>	"allotriosmia AE"	
<http://purl.obolibrary.org/obo/OAE_0002032>	"pharyngotonsillitis AE"	
<http://purl.obolibrary.org/obo/OAE_0002033>	"hypersensitivity pneumonitis AE"	
<http://purl.obolibrary.org/obo/OAE_0002034>	"stagger AE"	
<http://purl.obolibrary.org/obo/OAE_0002035>	"myocardial anoxia AE"	
<http://purl.obolibrary.org/obo/OAE_0002036>	"biliary colic AE"	
<http://purl.obolibrary.org/obo/OAE_0002037>	"hyperemia AE"	
<http://purl.obolibrary.org/obo/OAE_0002038>	"tenderness AE"@en	
<http://purl.obolibrary.org/obo/OAE_0002039>	"induration AE"@en	
<http://purl.obolibrary.org/obo/OAE_0002040>	"foreign body sensation in eyes AE"@en	
<http://purl.obolibrary.org/obo/OAE_0002041>	"injection site cellulitis AE"@en	
<http://purl.obolibrary.org/obo/OAE_0002042>	"peripheral coldness AE"@en	
<http://purl.obolibrary.org/obo/OAE_0002043>	"hypoesthesia facial AE"@en	
<http://purl.obolibrary.org/obo/OAE_0002044>	"poor quality sleep AE"@en	
<http://purl.obolibrary.org/obo/OAE_0002045>	"rash vesicular AE"@en	
<http://purl.obolibrary.org/obo/OAE_0002046>	"limb discomfort AE"@en	
<http://purl.obolibrary.org/obo/OAE_0002047>	"scleral discoloration AE"@en	
<http://purl.obolibrary.org/obo/OAE_0002048>	"injection site urticaria AE"@en	
<http://purl.obolibrary.org/obo/OAE_0002049>	"dysstasia AE"@en	
<http://purl.obolibrary.org/obo/OAE_0002050>	"hyperesthesia AE"@en	
<http://purl.obolibrary.org/obo/OAE_0002051>	"nuclear magnetic resonance imaging spinal cord abnormal AE"@en	
<http://purl.obolibrary.org/obo/OAE_0002052>	"ocular icterus AE"@en	
<http://purl.obolibrary.org/obo/OAE_0002053>	"edema mouth AE"@en	
<http://purl.obolibrary.org/obo/OAE_0002054>	"painful respiration AE"@en	
<http://purl.obolibrary.org/obo/OAE_0002055>	"ophthalmological examination abnormal AE"@en	
<http://purl.obolibrary.org/obo/OAE_0002056>	"ischemic optic neuropathy AE"@en	
<http://purl.obolibrary.org/obo/OAE_0002057>	"lyme disease AE"@en	
<http://purl.obolibrary.org/obo/OAE_0002058>	"lymph node pain AE"@en	
<http://purl.obolibrary.org/obo/OAE_0002059>	"loss of control of legs AE"@en	
<http://purl.obolibrary.org/obo/OAE_0002060>	"livedo reticularis AE"@en	
<http://purl.obolibrary.org/obo/OAE_0002061>	"muscle strain AE"@en	
<http://purl.obolibrary.org/obo/OAE_0002062>	"muscle tightness AE"@en	
<http://purl.obolibrary.org/obo/OAE_0002063>	"muscle rigidity AE"@en	
<http://purl.obolibrary.org/obo/OAE_0002064>	"Miller Fisher syndrome AE"@en	
<http://purl.obolibrary.org/obo/OAE_0002065>	"type III immune complex mediated reaction AE"@en	
<http://purl.obolibrary.org/obo/OAE_0002066>	"tonsilar hypertrophy AE"@en	
<http://purl.obolibrary.org/obo/OAE_0002067>	"temperature intolerance AE"@en	
<http://purl.obolibrary.org/obo/OAE_0002068>	"unresponsive to stimuli AE"@en	
<http://purl.obolibrary.org/obo/OAE_0002069>	"sputum discolored AE"@en	
<http://purl.obolibrary.org/obo/OAE_0002070>	"spinal column stenosis AE"@en	
<http://purl.obolibrary.org/obo/OAE_0002071>	"skin tightness AE"@en	
<http://purl.obolibrary.org/obo/OAE_0002072>	"ligament pain AE"@en	
<http://purl.obolibrary.org/obo/OAE_0002073>	"idiopathic thrombocytopenic purpura AE"@en	
<http://purl.obolibrary.org/obo/OAE_0002074>	"cerebral palsy AE"@en	
<http://purl.obolibrary.org/obo/OAE_0002075>	"chronic inflammatory demyelinating polyradiculoneuropathy AE"@en	
<http://purl.obolibrary.org/obo/OAE_0002076>	"dermatitis allergic AE"@en	
<http://purl.obolibrary.org/obo/OAE_0002077>	"diet refusal AE"@en	
<http://purl.obolibrary.org/obo/OAE_0002078>	"blood pressure fluctuation AE"@en	
<http://purl.obolibrary.org/obo/OAE_0002079>	"aphagia AE"@en	
<http://purl.obolibrary.org/obo/OAE_0002080>	"aphonia AE"@en	
<http://purl.obolibrary.org/obo/OAE_0002082>	"'abdominal pain lower AE'"@en	
<http://purl.obolibrary.org/obo/OAE_0002083>	"abnormal sensation in eye AE"@en	
<http://purl.obolibrary.org/obo/OAE_0002084>	"impaired driving ability AE"@en	
<http://purl.obolibrary.org/obo/OAE_0002085>	"increased bronchial secretion AE"@en	
<http://purl.obolibrary.org/obo/OAE_0002086>	"injection site streaking AE"@en	
<http://purl.obolibrary.org/obo/OAE_0002087>	"injection site vesicles AE"@en	
<http://purl.obolibrary.org/obo/OAE_0002088>	"international normalized ratio increased AE"@en	
<http://purl.obolibrary.org/obo/OAE_0002089>	"irregular sleep phase AE"@en	
<http://purl.obolibrary.org/obo/OAE_0002090>	"injection site anesthesia AE"@en	
<http://purl.obolibrary.org/obo/OAE_0002091>	"injection site infection AE"@en	
<http://purl.obolibrary.org/obo/OAE_0002092>	"grip strength decreased AE"@en	
<http://purl.obolibrary.org/obo/OAE_0002093>	"eyelid margin crusting AE"@en	
<http://purl.obolibrary.org/obo/OAE_0002094>	"ear discomfort AE"@en	
<http://purl.obolibrary.org/obo/OAE_0002095>	"fecal incontinence AE"@en	
<http://purl.obolibrary.org/obo/OAE_0002096>	"fear AE"@en	
<http://purl.obolibrary.org/obo/OAE_0002097>	"gingival pain AE"@en	
<http://purl.obolibrary.org/obo/OAE_0002098>	"glossitis AE"@en	
<http://purl.obolibrary.org/obo/OAE_0002099>	"muscle injury AE"@en	
<http://purl.obolibrary.org/obo/OAE_0002100>	"sensory disturbance AE"@en	
<http://purl.obolibrary.org/obo/OAE_0002101>	"tracheal edema AE"@en	
<http://purl.obolibrary.org/obo/OAE_0002102>	"allergic eruption AE"	
<http://purl.obolibrary.org/obo/OAE_0002103>	"erythrodermia AE"	
<http://purl.obolibrary.org/obo/OAE_0002104>	"mycotic dermatitis AE"	
<http://purl.obolibrary.org/obo/OAE_0002105>	"peritendinitis symptom AE"	
<http://purl.obolibrary.org/obo/OAE_0002106>	"orthostatic hypotension AE"	
<http://purl.obolibrary.org/obo/OAE_0002107>	"color vision deficiency AE"	
<http://purl.obolibrary.org/obo/OAE_0002108>	"carcinogenesis AE"	
<http://purl.obolibrary.org/obo/OAE_0002109>	"anaphylactic shock AE"	
<http://purl.obolibrary.org/obo/OAE_0002110>	"pituitary adenomas AE"	
<http://purl.obolibrary.org/obo/OAE_0002111>	"fatty infiltration AE"	
<http://purl.obolibrary.org/obo/OAE_0002112>	"epigastric discomfort AE"	
<http://purl.obolibrary.org/obo/OAE_0002113>	"acute intravascular hemolysis AE"	
<http://purl.obolibrary.org/obo/OAE_0002114>	"allergic hepatitis AE"	
<http://purl.obolibrary.org/obo/OAE_0002115>	"paranoid anxietas AE"	
<http://purl.obolibrary.org/obo/OAE_0002116>	"thrombotic thrombocytopenic purpura AE"	
<http://purl.obolibrary.org/obo/OAE_0002117>	"glaucoma AE"	
<http://purl.obolibrary.org/obo/OAE_0002118>	"anaphylaxis AE"	
<http://purl.obolibrary.org/obo/OAE_0002119>	"seasonal allergy AE"	
<http://purl.obolibrary.org/obo/OAE_0002121>	"skin redness AE"	
<http://purl.obolibrary.org/obo/OAE_0002122>	"angina AE"@en	
<http://purl.obolibrary.org/obo/OAE_0002123>	"aggravating angina AE"@en	
<http://purl.obolibrary.org/obo/OAE_0002124>	"severe hypotension caused angina symptom aggravating AE"@en	
<http://purl.obolibrary.org/obo/OAE_0002125>	"blink AE"	
<http://purl.obolibrary.org/obo/OAE_0002126>	"dazzling AE"	
<http://purl.obolibrary.org/obo/OAE_0002127>	"ventricular rhythm AE"	
<http://purl.obolibrary.org/obo/OAE_0002128>	"extrapyramidal signs AE"	
<http://purl.obolibrary.org/obo/OAE_0002129>	"hearing disorders AE"	
<http://purl.obolibrary.org/obo/OAE_0002130>	"yellow urine AE"	
<http://purl.obolibrary.org/obo/OAE_0002131>	"epidermal necrosis AE"	
<http://purl.obolibrary.org/obo/OAE_0002132>	"arthromeningitis AE"	
<http://purl.obolibrary.org/obo/OAE_0002133>	"pulmonary tuberculosis AE"	
<http://purl.obolibrary.org/obo/OAE_0002134>	"coronary heart disease AE"	
<http://purl.obolibrary.org/obo/OAE_0002135>	"increased defecation frequency AE"	
<http://purl.obolibrary.org/obo/OAE_0002136>	"symptomatic hypotension AE"	
<http://purl.obolibrary.org/obo/OAE_0002137>	"non-specific gastrointestinal dysfunction AE"	
<http://purl.obolibrary.org/obo/OAE_0002138>	"abnormal sclerotin AE"	
<http://purl.obolibrary.org/obo/OAE_0002139>	"fast and weak heart beat AE"	
<http://purl.obolibrary.org/obo/OAE_0002140>	"pain over the liver AE"	
<http://purl.obolibrary.org/obo/OAE_0002141>	"increased biliary calculus AE"	
<http://purl.obolibrary.org/obo/OAE_0002142>	"muscle function disorder AE"	
<http://purl.obolibrary.org/obo/OAE_0002143>	"accidental fall AE"	
<http://purl.obolibrary.org/obo/OAE_0002144>	"accidental injury AE"	
<http://purl.obolibrary.org/obo/OAE_0002145>	"abnormal ejaculation AE"	
<http://purl.obolibrary.org/obo/OAE_0002146>	"distention of head AE"	
<http://purl.obolibrary.org/obo/OAE_0002147>	"water-sodium retention AE"	
<http://purl.obolibrary.org/obo/OAE_0002148>	"dizziness when standing up AE"	
<http://purl.obolibrary.org/obo/OAE_0002149>	"change of gustation AE"	
<http://purl.obolibrary.org/obo/OAE_0002150>	"vascular stimulation of pain AE"	
<http://purl.obolibrary.org/obo/OAE_0002151>	"vascular pain AE"	
<http://purl.obolibrary.org/obo/OAE_0002152>	"heaviness sense of arm AE"	
<http://purl.obolibrary.org/obo/OAE_0002153>	"breast swelling AE"	
<http://purl.obolibrary.org/obo/OAE_0002154>	"gastrointestinal cramp AE"	
<http://purl.obolibrary.org/obo/OAE_0002155>	"heart discomfort AE"	
<http://purl.obolibrary.org/obo/OAE_0002156>	"angiectopia of skin AE"	
<http://purl.obolibrary.org/obo/OAE_0002157>	"joint discomfort AE"	
<http://purl.obolibrary.org/obo/OAE_0002158>	"eye discomfort AE"	
<http://purl.obolibrary.org/obo/OAE_0002159>	"instability of gait AE"	
<http://purl.obolibrary.org/obo/OAE_0002160>	"pemphigoid injury AE"	
<http://purl.obolibrary.org/obo/OAE_0002161>	"pulse frequency change AE"	
<http://purl.obolibrary.org/obo/OAE_0002162>	"inhibition of myocardial contraction force AE"	
<http://purl.obolibrary.org/obo/OAE_0002163>	"decreased of atrial conduction velocity AE"	
<http://purl.obolibrary.org/obo/OAE_0002164>	"spasm of lower limbs AE"	
<http://purl.obolibrary.org/obo/OAE_0002165>	"electrocardiogram prolonged PR interval AE"	
<http://purl.obolibrary.org/obo/OAE_0002166>	"qrs wave broadening AE"	
<http://purl.obolibrary.org/obo/OAE_0002167>	"edema of lower limbs AE"	
<http://purl.obolibrary.org/obo/OAE_0002168>	"accelerated pulse AE"	
<http://purl.obolibrary.org/obo/OAE_0002169>	"bitter taste of mouth AE"	
<http://purl.obolibrary.org/obo/OAE_0002170>	"skin irritant reaction AE"	
<http://purl.obolibrary.org/obo/OAE_0002171>	"vitreous suspended substance AE"	
<http://purl.obolibrary.org/obo/OAE_0002172>	"dreaminess AE"	
<http://purl.obolibrary.org/obo/OAE_0002173>	"abdominal spasm AE"	
<http://purl.obolibrary.org/obo/OAE_0002174>	"coronary contraction AE"	
<http://purl.obolibrary.org/obo/OAE_0002175>	"lower extremity edema caused by blood vessels AE"	
<http://purl.obolibrary.org/obo/OAE_0002176>	"asthenia of lower limbs AE"	
<http://purl.obolibrary.org/obo/OAE_0002177>	"small bronchial lumen occlusion AE"	
<http://purl.obolibrary.org/obo/OAE_0002178>	"prolonged orthostatic hypotension AE"	
<http://purl.obolibrary.org/obo/OAE_0002179>	"cross allergic reaction AE"	
<http://purl.obolibrary.org/obo/OAE_0002180>	"deep venous thrombophlebitis AE"	
<http://purl.obolibrary.org/obo/OAE_0002181>	"change of hematology AE"	
<http://purl.obolibrary.org/obo/OAE_0002182>	"cardiac depression AE"	
<http://purl.obolibrary.org/obo/OAE_0002183>	"side limb numbness AE"	
<http://purl.obolibrary.org/obo/OAE_0002184>	"numbness of tongue AE"	
<http://purl.obolibrary.org/obo/OAE_0002185>	"numbness of the limbs AE"	
<http://purl.obolibrary.org/obo/OAE_0002186>	"lip numbness AE"	
<http://purl.obolibrary.org/obo/OAE_0002187>	"reflex Increased pulse rate AE"	
<http://purl.obolibrary.org/obo/OAE_0002188>	"irritation of the digestive tract AE"	
<http://purl.obolibrary.org/obo/OAE_0002189>	"unconscious chorea AE"	
<http://purl.obolibrary.org/obo/OAE_0002190>	"phlebectasia of limbs AE"	
<http://purl.obolibrary.org/obo/OAE_0002191>	"heart beat skip AE"	
<http://purl.obolibrary.org/obo/OAE_0002192>	"fatal liver cell necrosis AE"	
<http://purl.obolibrary.org/obo/OAE_0002193>	"warm and hot feeling in the neck AE"	
<http://purl.obolibrary.org/obo/OAE_0002194>	"facial warm feeling AE"	
<http://purl.obolibrary.org/obo/OAE_0002195>	"increased peripheral vascular resistance AE"	
<http://purl.obolibrary.org/obo/OAE_0002196>	"venous ischemia AE"	
<http://purl.obolibrary.org/obo/OAE_0002197>	"increased blood creatine AE"	
<http://purl.obolibrary.org/obo/OAE_0002198>	"increased nonprotein nitrogen AE"	
<http://purl.obolibrary.org/obo/OAE_0002199>	"soft feces AE"	
<http://purl.obolibrary.org/obo/OAE_0002200>	"increased hepatic function AE"	
<http://purl.obolibrary.org/obo/OAE_0002201>	"knee pain AE"	
<http://purl.obolibrary.org/obo/OAE_0002202>	"loss of libido AE"	
<http://purl.obolibrary.org/obo/OAE_0002203>	"over sedation AE"	
<http://purl.obolibrary.org/obo/OAE_0002204>	"finger tremor AE"	
<http://purl.obolibrary.org/obo/OAE_0002205>	"leg cramp AE"	
<http://purl.obolibrary.org/obo/OAE_0002206>	"insomnia AE"	
<http://purl.obolibrary.org/obo/OAE_0002207>	"terminal insomnia AE"	
<http://purl.obolibrary.org/obo/OAE_0002208>	"bone marrow granuloma AE"	
<http://purl.obolibrary.org/obo/OAE_0002209>	"cholestatic liver injury AE"	
<http://purl.obolibrary.org/obo/OAE_0002210>	"distant heart sounds AE"	
<http://purl.obolibrary.org/obo/OAE_0002211>	"pink skin AE"	
<http://purl.obolibrary.org/obo/OAE_0002212>	"acute laryngeal edema AE"	
<http://purl.obolibrary.org/obo/OAE_0002213>	"hypoplastic bone marrow AE"	
<http://purl.obolibrary.org/obo/OAE_0002214>	"bleeding and coagulation disorders AE"	
<http://purl.obolibrary.org/obo/OAE_0002215>	"polymorphic ventricular tachycardia AE"	
<http://purl.obolibrary.org/obo/OAE_0002216>	"monomorphic ventricular tachycardia AE"	
<http://purl.obolibrary.org/obo/OAE_0002217>	"respiratory tract symptoms AE"	
<http://purl.obolibrary.org/obo/OAE_0002218>	"clammy skin AE"	
<http://purl.obolibrary.org/obo/OAE_0002219>	"abnormal visual accommodation AE"	
<http://purl.obolibrary.org/obo/OAE_0002220>	"skin allergy AE"	
<http://purl.obolibrary.org/obo/OAE_0002221>	"heaviness of the head AE"	
<http://purl.obolibrary.org/obo/OAE_0002222>	"rheumatoid factor positive AE"	
<http://purl.obolibrary.org/obo/OAE_0002223>	"retinal detachment AE"	
<http://purl.obolibrary.org/obo/OAE_0002224>	"arm pain AE"	
<http://purl.obolibrary.org/obo/OAE_0002225>	"peripheric paresthesia AE"	
<http://purl.obolibrary.org/obo/OAE_0002226>	"edema of glottis AE"	
<http://purl.obolibrary.org/obo/OAE_0002227>	"prolonged qrs complex AE"	
<http://purl.obolibrary.org/obo/OAE_0002228>	"prolonged bleeding time AE"	
<http://purl.obolibrary.org/obo/OAE_0002229>	"acute generalized exanthematous pustulosis AE"	
<http://purl.obolibrary.org/obo/OAE_0002230>	"upper and lower limbs flare AE"	
<http://purl.obolibrary.org/obo/OAE_0002231>	"abnormal blood sugar with empty stomach AE"	
<http://purl.obolibrary.org/obo/OAE_0002232>	"increased blood sugar with empty stomach AE"	
<http://purl.obolibrary.org/obo/OAE_0002233>	"hydrochloric acid in gastric juice secretion increased AE"	
<http://purl.obolibrary.org/obo/OAE_0002234>	"torsades de pointes AE"	
<http://purl.obolibrary.org/obo/OAE_0002235>	"proximal myasthenia AE"	
<http://purl.obolibrary.org/obo/OAE_0002236>	"dilated skin vessels AE"	
<http://purl.obolibrary.org/obo/OAE_0002237>	"numbness of oral mucosa AE"	
<http://purl.obolibrary.org/obo/OAE_0002238>	"orthostatic dizziness AE"	
<http://purl.obolibrary.org/obo/OAE_0002239>	"acid reflux AE"	
<http://purl.obolibrary.org/obo/OAE_0002240>	"jugular phlebectasia AE"	
<http://purl.obolibrary.org/obo/OAE_0002241>	"laryngeal edema AE"	
<http://purl.obolibrary.org/obo/OAE_0002242>	"flatus AE"	
<http://purl.obolibrary.org/obo/OAE_0002243>	"continuous polymorphic ventricular tachycardia AE"	
<http://purl.obolibrary.org/obo/OAE_0002244>	"intermittent polymorphic ventricular tachycardia AE"	
<http://purl.obolibrary.org/obo/OAE_0002245>	"aggravated ulcer AE"	
<http://purl.obolibrary.org/obo/OAE_0002246>	"heart failure increased AE"	
<http://purl.obolibrary.org/obo/OAE_0002247>	"aggravated angina symptoms AE"	
<http://purl.obolibrary.org/obo/OAE_0002248>	"aggravated renal injury AE"	
<http://purl.obolibrary.org/obo/OAE_0002249>	"aggravated fatigue AE"	
<http://purl.obolibrary.org/obo/OAE_0002250>	"persistent nausea AE"	
<http://purl.obolibrary.org/obo/OAE_0002251>	"aggravated Raynaud's syndrome AE"	
<http://purl.obolibrary.org/obo/OAE_0002252>	"increased gastric acid secretion with high dose AE"	
<http://purl.obolibrary.org/obo/OAE_0002253>	"persistent vomiting AE"	
<http://purl.obolibrary.org/obo/OAE_0002254>	"hypoacusis AE"	
<http://purl.obolibrary.org/obo/OAE_0002255>	"lip cyanosis AE"	
<http://purl.obolibrary.org/obo/OAE_0002256>	"nail cyanosis AE"	
<http://purl.obolibrary.org/obo/OAE_0002257>	"renal insufficiency AE"	
<http://purl.obolibrary.org/obo/OAE_0002258>	"hemolysis AE"	
<http://purl.obolibrary.org/obo/OAE_0002259>	"lip angioedema AE"	
<http://purl.obolibrary.org/obo/OAE_0002260>	"tongue angioedema AE"	
<http://purl.obolibrary.org/obo/OAE_0002261>	"acousma AE"	
<http://purl.obolibrary.org/obo/OAE_0002262>	"eye burning AE"	
<http://purl.obolibrary.org/obo/OAE_0002263>	"worsening renal function AE"	
<http://purl.obolibrary.org/obo/OAE_0002264>	"mild change of hematology AE"	
<http://purl.obolibrary.org/obo/OAE_0002265>	"moderate change of hematology AE"	
<http://purl.obolibrary.org/obo/OAE_0002266>	"severe lower blood pressure AE"	
<http://purl.obolibrary.org/obo/OAE_0002267>	"elevated blood transaminase reversibility AE"	
<http://purl.obolibrary.org/obo/OAE_0002268>	"mild gastrointestinal tract reaction AE"	
<http://purl.obolibrary.org/obo/OAE_0002269>	"temporary abdominal distention AE"	
<http://purl.obolibrary.org/obo/OAE_0002270>	"transient nausea AE"	
<http://purl.obolibrary.org/obo/OAE_0002271>	"persistent tachycardia AE"	
<http://purl.obolibrary.org/obo/OAE_0002272>	"mild headache AE"	
<http://purl.obolibrary.org/obo/OAE_0002273>	"transient hypoxemia AE"	
<http://purl.obolibrary.org/obo/OAE_0002274>	"transient neuroticism AE"	
<http://purl.obolibrary.org/obo/OAE_0002275>	"constant irritability AE"	
<http://purl.obolibrary.org/obo/OAE_0002276>	"abnormal atony AE"	
<http://purl.obolibrary.org/obo/OAE_0002277>	"secondary hypotension AE"	
<http://purl.obolibrary.org/obo/OAE_0002278>	"transient elevated serum transaminase AE"	
<http://purl.obolibrary.org/obo/OAE_0002279>	"transient elevated blood urea nitrogen AE"	
<http://purl.obolibrary.org/obo/OAE_0002280>	"apparent increased blood creatine phosphokinase AE"	
<http://purl.obolibrary.org/obo/OAE_0002281>	"severe rhabdomyolysis AE"	
<http://purl.obolibrary.org/obo/OAE_0002282>	"mild gastrointestinal bleeding AE"	
<http://purl.obolibrary.org/obo/OAE_0002283>	"occult gastrointestinal tract bleeding AE"	
<http://purl.obolibrary.org/obo/OAE_0002284>	"nitrate headache AE"	
<http://purl.obolibrary.org/obo/OAE_0002285>	"pantomorphia erythema exudativum AE"	
<http://purl.obolibrary.org/obo/OAE_0002286>	"high hypodynamia AE"	
<http://purl.obolibrary.org/obo/OAE_0002287>	"short-time nausea AE"	
<http://purl.obolibrary.org/obo/OAE_0002288>	"slightly increased aspartic transaminase AE"	
<http://purl.obolibrary.org/obo/OAE_0002289>	"slightly increased alanine aminotransferase AE"	
<http://purl.obolibrary.org/obo/OAE_0002290>	"slightly increased lactic dehydrogenase AE"	
<http://purl.obolibrary.org/obo/OAE_0002291>	"slightly increased alkaline phosphatase AE"	
<http://purl.obolibrary.org/obo/OAE_0002292>	"slightly increased glutamic-oxalacetic transaminase AE"	
<http://purl.obolibrary.org/obo/OAE_0002293>	"slightly increased glutamic pyruvic transaminase AE"	
<http://purl.obolibrary.org/obo/OAE_0002294>	"transient ischemic stroke AE"	
<http://purl.obolibrary.org/obo/OAE_0002295>	"evidently increased hepatic lipase AE"	
<http://purl.obolibrary.org/obo/OAE_0002296>	"mild decline in blood pressure AE"	
<http://purl.obolibrary.org/obo/OAE_0002297>	"transient cerebral ischemic attacks AE"	
<http://purl.obolibrary.org/obo/OAE_0002298>	"transient hypotension AE"	
<http://purl.obolibrary.org/obo/OAE_0002299>	"obviously decreased blood pressure AE"	
<http://purl.obolibrary.org/obo/OAE_0002300>	"transient dizzy AE"	
<http://purl.obolibrary.org/obo/OAE_0002301>	"short-time hepatic function disorder AE"	
<http://purl.obolibrary.org/obo/OAE_0002302>	"a slightly elevated plasma creatinine level AE"	
<http://purl.obolibrary.org/obo/OAE_0002303>	"sudden fall of blood pressure AE"	
<http://purl.obolibrary.org/obo/OAE_0002304>	"severe hypertension AE"	
<http://purl.obolibrary.org/obo/OAE_0002305>	"severe arrhythmia AE"	
<http://purl.obolibrary.org/obo/OAE_0002306>	"clinically significant rise of serum transaminase AE"	
<http://purl.obolibrary.org/obo/OAE_0002307>	"instantaneous sand-blind AE"	
<http://purl.obolibrary.org/obo/OAE_0002308>	"moderately increased urinary nitrogen AE"	
<http://purl.obolibrary.org/obo/OAE_0002309>	"slightly increased urinary nitrogen AE"	
<http://purl.obolibrary.org/obo/OAE_0002310>	"moderately elevated serum creatinine AE"	
<http://purl.obolibrary.org/obo/OAE_0002311>	"slightly increased aminotransferase AE"	
<http://purl.obolibrary.org/obo/OAE_0002312>	"severe dizziness AE"	
<http://purl.obolibrary.org/obo/OAE_0002313>	"mild abdominal discomfort AE"	
<http://purl.obolibrary.org/obo/OAE_0002314>	"serum potassium concentration of moderately reduced AE"	
<http://purl.obolibrary.org/obo/OAE_0002315>	"rebound Increased blood pressure AE"	
<http://purl.obolibrary.org/obo/OAE_0002316>	"excessive lowering of blood pressure AE"	
<http://purl.obolibrary.org/obo/OAE_0002317>	"short-time increased blood sugar AE"	
<http://purl.obolibrary.org/obo/OAE_0002318>	"mild nausea AE"	
<http://purl.obolibrary.org/obo/OAE_0002319>	"significant and persistent rise of serum transaminase AE"	
<http://purl.obolibrary.org/obo/OAE_0002320>	"elevated serum transaminase reversibility AE"	
<http://purl.obolibrary.org/obo/OAE_0002321>	"reversible increased creatine phosphokinase AE"	
<http://purl.obolibrary.org/obo/OAE_0002322>	"persistent and significant increase of serum transaminase AE"	
<http://purl.obolibrary.org/obo/OAE_0002323>	"severe bradycardia AE"	
<http://purl.obolibrary.org/obo/OAE_0002324>	"apparent hypotensive reaction AE"	
<http://purl.obolibrary.org/obo/OAE_0002325>	"severe skin flush AE"	
<http://purl.obolibrary.org/obo/OAE_0002326>	"transient sinus cardiac arrest AE"	
<http://purl.obolibrary.org/obo/OAE_0002327>	"low-grade gastralgia AE"	
<http://purl.obolibrary.org/obo/OAE_0002328>	"severe headache AE"	
<http://purl.obolibrary.org/obo/OAE_0002329>	"persistent headache AE"	
<http://purl.obolibrary.org/obo/OAE_0002330>	"proarrhythmic effect AE"	
<http://purl.obolibrary.org/obo/OAE_0002331>	"acidosis AE"@en	
<http://purl.obolibrary.org/obo/OAE_0002332>	"increased tendency of biliary calculus AE"	
<http://purl.obolibrary.org/obo/OAE_0002333>	"temporarily lose consciousness AE"	
<http://purl.obolibrary.org/obo/OAE_0002334>	"increase breast cancer occurrence AE"	
<http://purl.obolibrary.org/obo/OAE_0002335>	"anticholinergic effect AE"	
<http://purl.obolibrary.org/obo/OAE_0002336>	"acquired diaphragmatic eventration AE"@en	
<http://purl.obolibrary.org/obo/OAE_0002337>	"neutrophilopenia AE"	
<http://purl.obolibrary.org/obo/OAE_0002338>	"abnormal leucocyte neutrophil AE"	
<http://purl.obolibrary.org/obo/OAE_0002339>	"abnormal eosinocyte AE"	
<http://purl.obolibrary.org/obo/OAE_0002340>	"eosinopenia AE"	
<http://purl.obolibrary.org/obo/OAE_0002341>	"aggravated peptic ulcer AE"	
<http://purl.obolibrary.org/obo/OAE_0002342>	"local tissue necrosis AE"	
<http://purl.obolibrary.org/obo/OAE_0002343>	"acute myocardial infarction AE"@en	
<http://purl.obolibrary.org/obo/OAE_0002344>	"acute adrenal crisis AE"@en	
<http://purl.obolibrary.org/obo/OAE_0002345>	"allodynia AE"@en	
<http://purl.obolibrary.org/obo/OAE_0002346>	"amniotic fluid embolism AE"@en	
<http://purl.obolibrary.org/obo/OAE_0002347>	"diabetic amyotrophy AE"@en	
<http://purl.obolibrary.org/obo/OAE_0002348>	"anesthetic complication AE"@en	
<http://purl.obolibrary.org/obo/OAE_0002349>	"anal fistula AE"@en	
<http://purl.obolibrary.org/obo/OAE_0002350>	"postoperative anemia AE"@en	
<http://purl.obolibrary.org/obo/OAE_0002351>	"anger AE"@en	
<http://purl.obolibrary.org/obo/OAE_0002352>	"adhesion AE"@en	
<http://purl.obolibrary.org/obo/OAE_0002353>	"pseudobulbar affect AE"@en	
<http://purl.obolibrary.org/obo/OAE_0002354>	"angiopathy AE"@en	
<http://purl.obolibrary.org/obo/OAE_0002355>	"microangiopathy AE"@en	
<http://purl.obolibrary.org/obo/OAE_0002356>	"macroangiopathy AE"@en	
<http://purl.obolibrary.org/obo/OAE_0002357>	"ankyloglossia AE"@en	
<http://purl.obolibrary.org/obo/OAE_0002358>	"anorectal disorder AE"@en	
<http://purl.obolibrary.org/obo/OAE_0002359>	"antepartum hemorrhage AE"@en	
<http://purl.obolibrary.org/obo/OAE_0002360>	"apallic syndrome AE"@en	
<http://purl.obolibrary.org/obo/OAE_0002361>	"APGAR score low AE"@en	
<http://purl.obolibrary.org/obo/OAE_0002362>	"aphasia AE"@en	
<http://purl.obolibrary.org/obo/OAE_0002363>	"arachnoid cyst AE"@en	
<http://purl.obolibrary.org/obo/OAE_0002364>	"arachnoiditis AE"@en	
<http://purl.obolibrary.org/obo/OAE_0002365>	"arrested labor AE"@en	
<http://purl.obolibrary.org/obo/OAE_0002366>	"supraventricular arrhythmia AE"@en	
<http://purl.obolibrary.org/obo/OAE_0002367>	"coronary arteriospasm AE"@en	
<http://purl.obolibrary.org/obo/OAE_0002368>	"arthrofibrosis AE"@en	
<http://purl.obolibrary.org/obo/OAE_0002369>	"arteriosclerosis AE"@en	
<http://purl.obolibrary.org/obo/OAE_0002370>	"atherosclerosis AE"@en	
<http://purl.obolibrary.org/obo/OAE_0002371>	"atrial tachycardia AE"@en	
<http://purl.obolibrary.org/obo/OAE_0002372>	"blood cortisol increased AE"@en	
<http://purl.obolibrary.org/obo/OAE_0002373>	"idiopathic thrombocytopenic purpura AE"@en	
<http://purl.obolibrary.org/obo/OAE_0002374>	"bladder pain AE"@en	
<http://purl.obolibrary.org/obo/OAE_0002375>	"blepharospasm AE"@en	
<http://purl.obolibrary.org/obo/OAE_0002376>	"amaurosis fugax AE"@en	
<http://purl.obolibrary.org/obo/OAE_0002377>	"blood cortisol decreased AE"@en	
<http://purl.obolibrary.org/obo/OAE_0002378>	"blood creatine increased AE"@en	
<http://purl.obolibrary.org/obo/OAE_0002380>	"blood immunoglobin E increased AE"@en	
<http://purl.obolibrary.org/obo/OAE_0002381>	"blood testosterone decreased AE"@en	
<http://purl.obolibrary.org/obo/OAE_0002382>	"macrocytic anemia AE"@en	
<http://purl.obolibrary.org/obo/OAE_0002383>	"low bone density AE"@en	
<http://purl.obolibrary.org/obo/OAE_0002384>	"bone graft AE"@en	
<http://purl.obolibrary.org/obo/OAE_0002385>	"bone marrow edema AE"@en	
<http://purl.obolibrary.org/obo/OAE_0002386>	"bone scan abnormal AE"@en	
<http://purl.obolibrary.org/obo/OAE_0002387>	"brachial plexus injury AE"@en	
<http://purl.obolibrary.org/obo/OAE_0002388>	"bradyarrhythmia AE"@en	
<http://purl.obolibrary.org/obo/OAE_0002389>	"bradycardia fetal AE"@en	
<http://purl.obolibrary.org/obo/OAE_0002390>	"brain death AE"@en	
<http://purl.obolibrary.org/obo/OAE_0002391>	"brain herniation AE"@en	
<http://purl.obolibrary.org/obo/OAE_0002392>	"brain injury AE"@en	
<http://purl.obolibrary.org/obo/OAE_0002393>	"brain mass AE"@en	
<http://purl.obolibrary.org/obo/OAE_0002394>	"brain scan abnormal AE"@en	
<http://purl.obolibrary.org/obo/OAE_0002395>	"eyelid disorder AE"	
<http://purl.obolibrary.org/obo/OAE_0002396>	"hepatic steatosis AE"	
<http://purl.obolibrary.org/obo/OAE_0002397>	"arthropathy AE\n"@en	
<http://purl.obolibrary.org/obo/OAE_0002398>	"balanitis AE"@en	
<http://purl.obolibrary.org/obo/OAE_0002399>	"pruritus genital AE"	
<http://purl.obolibrary.org/obo/OAE_0002400>	"cholecystitis AE"@en	
<http://purl.obolibrary.org/obo/OAE_0002401>	"chromaturia AE"@en	
<http://purl.obolibrary.org/obo/OAE_0002402>	"chromosome abnormality AE"@en	
<http://purl.obolibrary.org/obo/OAE_0002403>	"coagulopathy AE"@en	
<http://purl.obolibrary.org/obo/OAE_0002404>	"combined immunodeficiency AE"@en	
<http://purl.obolibrary.org/obo/OAE_0002405>	"hepatic enzyme abnormal AE"	
<http://purl.obolibrary.org/obo/OAE_0002406>	"coronary artery aneurysm AE"@en	
<http://purl.obolibrary.org/obo/OAE_0002407>	"injection site atrophy AE"	
<http://purl.obolibrary.org/obo/OAE_0002408>	"cutaneous tuberculosis AE"@en	
<http://purl.obolibrary.org/obo/OAE_0002409>	"breath sounds abnormal AE"	
<http://purl.obolibrary.org/obo/OAE_0002410>	"skin abrasion AE"	
<http://purl.obolibrary.org/obo/OAE_0002411>	"trigeminal neuralgia AE"	
<http://purl.obolibrary.org/obo/OAE_0002412>	"face injury AE"	
<http://purl.obolibrary.org/obo/OAE_0002413>	"muscle contrature AE"	
<http://purl.obolibrary.org/obo/OAE_0002414>	"gaze palsy AE"	
<http://purl.obolibrary.org/obo/OAE_0002415>	"conjugate gaze palsy AE"	
<http://purl.obolibrary.org/obo/OAE_0002416>	"horizontal gaze palsy AE"	
<http://purl.obolibrary.org/obo/OAE_0002417>	"posture abnormal AE"	
<http://purl.obolibrary.org/obo/OAE_0002418>	"tonic clonic movements AE"	
<http://purl.obolibrary.org/obo/OAE_0002419>	"eyelid ptosis AE"	
<http://purl.obolibrary.org/obo/OAE_0002420>	"facial paresis AE"	
<http://purl.obolibrary.org/obo/OAE_0002421>	"menstrual disorder AE"	
<http://purl.obolibrary.org/obo/OAE_0002422>	"fluid retention AE"	
<http://purl.obolibrary.org/obo/OAE_0002423>	"emotional distress AE"	
<http://purl.obolibrary.org/obo/OAE_0002424>	"encephalitis AE"	
<http://purl.obolibrary.org/obo/OAE_0002425>	"cognitive disorder AE"	
<http://purl.obolibrary.org/obo/OAE_0002426>	"incoherent AE"	
<http://purl.obolibrary.org/obo/OAE_0002427>	"exercise tolerance decreased AE"	
<http://purl.obolibrary.org/obo/OAE_0002428>	"thermal burn AE"	
<http://purl.obolibrary.org/obo/OAE_0002429>	"dissociation AE"	
<http://purl.obolibrary.org/obo/OAE_0002431>	"mucous membrane disorder AE"	
<http://purl.obolibrary.org/obo/OAE_0002432>	"demyelinating polyneuropathy AE"	
<http://purl.obolibrary.org/obo/OAE_0002433>	"compartment syndrome AE"@en	
<http://purl.obolibrary.org/obo/OAE_0002434>	"therapeutic response decreased"	
<http://purl.obolibrary.org/obo/OAE_0002436>	"complex partial seizure AE"@en	
<http://purl.obolibrary.org/obo/OAE_0002437>	"autoimmune disorder AE"	
<http://purl.obolibrary.org/obo/OAE_0002438>	"brainstem hemorrhage AE"@en	
<http://purl.obolibrary.org/obo/OAE_0002439>	"menstruation irregular AE"	
<http://purl.obolibrary.org/obo/OAE_0002440>	"generalised tonic-clonic seizure AE"	
<http://purl.obolibrary.org/obo/OAE_0002441>	"posturing AE"	
<http://purl.obolibrary.org/obo/OAE_0002443>	"demyelination AE"	
<http://purl.obolibrary.org/obo/OAE_0002444>	"gram stain negative AE"	
<http://purl.obolibrary.org/obo/OAE_0002445>	"red blood cells CSF positive AE"	
<http://purl.obolibrary.org/obo/OAE_0002446>	"CSF white blood cell count increased AE"	
<http://purl.obolibrary.org/obo/OAE_0002447>	"influenza A virus test positive AE"	
<http://purl.obolibrary.org/obo/OAE_0002448>	"nerve conduction studies abnormal AE"	
<http://purl.obolibrary.org/obo/OAE_0002449>	"myocardial necrosis AE"	
<http://purl.obolibrary.org/obo/OAE_0002450>	"brainstem infarction AE"@en	
<http://purl.obolibrary.org/obo/OAE_0002451>	"breath sounds decreased AE"@en	
<http://purl.obolibrary.org/obo/OAE_0002452>	"Brugada sydnrome AE"@en	
<http://purl.obolibrary.org/obo/OAE_0002453>	"buttock pain AE"@en	
<http://purl.obolibrary.org/obo/OAE_0002454>	"calcinosis AE"@en	
<http://purl.obolibrary.org/obo/OAE_0002455>	"candidiasis AE"@en	
<http://purl.obolibrary.org/obo/OAE_0002456>	"cardiac enzymes increased AE"@en	
<http://purl.obolibrary.org/obo/OAE_0002457>	"acute decompensated heart failure AE"@en	
<http://purl.obolibrary.org/obo/OAE_0002459>	"cardiac murmur AE"@en	
<http://purl.obolibrary.org/obo/OAE_0002460>	"catatonia AE"@en	
<http://purl.obolibrary.org/obo/OAE_0002461>	"carotid artery stenosis AE"@en	
<http://purl.obolibrary.org/obo/OAE_0002462>	"orbital cellulitis AE"@en	
<http://purl.obolibrary.org/obo/OAE_0002463>	"chronic cholecystitis AE"@en	
<http://purl.obolibrary.org/obo/OAE_0002464>	"brain lesion AE"@en	
<http://purl.obolibrary.org/obo/OAE_0002465>	"central venous pressure increased AE"@en	
<http://purl.obolibrary.org/obo/OAE_0002466>	"brain disorder AE"@en	
<http://purl.obolibrary.org/obo/OAE_0002467>	"cerebral infarction AE"@en	
<http://purl.obolibrary.org/obo/OAE_0002468>	"cerebrospinal fluid leak AE"@en	
<http://purl.obolibrary.org/obo/OAE_0002469>	"cervical dysplasia AE"@en	
<http://purl.obolibrary.org/obo/OAE_0002470>	"cervical radiculopathy AE"@en	
<http://purl.obolibrary.org/obo/OAE_0002471>	"cervical spinal stenosis AE"@en	
<http://purl.obolibrary.org/obo/OAE_0002472>	"choking AE"@en	
<http://purl.obolibrary.org/obo/OAE_0002473>	"chondrolysis AE"@en	
<http://purl.obolibrary.org/obo/OAE_0002474>	"chondromalacia AE"@en	
<http://purl.obolibrary.org/obo/OAE_0002475>	"therapy adverse event"@en	
<http://purl.obolibrary.org/obo/OAE_0002477>	"simple partial seizure AE"@en	
<http://purl.obolibrary.org/obo/OAE_0002478>	"chemosis AE"@en	
<http://purl.obolibrary.org/obo/OAE_0002480>	"conversion disorder AE"@en	
<http://purl.obolibrary.org/obo/OAE_0002481>	"coronary arteriosclerosis AE"@en	
<http://purl.obolibrary.org/obo/OAE_0002482>	"coronary occlusion AE"@en	
<http://purl.obolibrary.org/obo/OAE_0002483>	"coronary artery disease AE"@en	
<http://purl.obolibrary.org/obo/OAE_0002484>	"crepitation AE"@en	
<http://purl.obolibrary.org/obo/OAE_0002485>	"cryptorchidism AE"@en	
<http://purl.obolibrary.org/obo/OAE_0002486>	"decreased CSF glucose AE"@en	
<http://purl.obolibrary.org/obo/OAE_0002487>	"wound culture positive AE"@en	
<http://purl.obolibrary.org/obo/OAE_0002488>	"skin cyst AE"@en	
<http://purl.obolibrary.org/obo/OAE_0002489>	"conductive hearing loss AE"@en	
<http://purl.obolibrary.org/obo/OAE_0002490>	"transient hearing loss AE"@en	
<http://purl.obolibrary.org/obo/OAE_0002491>	"delusion AE"@en	
<http://purl.obolibrary.org/obo/OAE_0002492>	"dependent personality disorder AE"@en	
<http://purl.obolibrary.org/obo/OAE_0002493>	"developmental delay AE"@en	
<http://purl.obolibrary.org/obo/OAE_0002494>	"diabetic ketoacidosis AE"@en	
<http://purl.obolibrary.org/obo/OAE_0002496>	"congenital diaphragmatic hernia AE"@en	
<http://purl.obolibrary.org/obo/OAE_0002497>	"diplegia AE"@en	
<http://purl.obolibrary.org/obo/OAE_0002498>	"cystitis interstitial AE"@en	
<http://purl.obolibrary.org/obo/OAE_0002499>	"disseminated tuberculosis AE"@en	
<http://purl.obolibrary.org/obo/OAE_0002500>	"exotosis AE"@en	
<http://purl.obolibrary.org/obo/OAE_0002501>	"exudative retinopathy AE"@en	
<http://purl.obolibrary.org/obo/OAE_0002502>	"tendinous AE"@en	
<http://purl.obolibrary.org/obo/OAE_0002503>	"monocytosis AE"@en	
<http://purl.obolibrary.org/obo/OAE_0002504>	"genital candidiasis AE"@en	
<http://purl.obolibrary.org/obo/OAE_0002505>	"groin pain AE"@en	
<http://purl.obolibrary.org/obo/OAE_0002506>	"haemolysis AE"@en	
<http://purl.obolibrary.org/obo/OAE_0002507>	"hepatosplenomegaly AE"@en	
<http://purl.obolibrary.org/obo/OAE_0002508>	"hiatus hernia AE"@en	
<http://purl.obolibrary.org/obo/OAE_0002509>	"HIV infection AE"@en	
<http://purl.obolibrary.org/obo/OAE_0002510>	"hypertonic bladder AE"@en	
<http://purl.obolibrary.org/obo/OAE_0002511>	"hypovitaminosis AE"@en	
<http://purl.obolibrary.org/obo/OAE_0002512>	"ileitis AE"@en	
<http://purl.obolibrary.org/obo/OAE_0002513>	"joint dislocation AE"@en	
<http://purl.obolibrary.org/obo/OAE_0002514>	"kawasaki disease AE"@en	
<http://purl.obolibrary.org/obo/OAE_0002515>	"liver abscess AE"@en	
<http://purl.obolibrary.org/obo/OAE_0002516>	"lividity AE"@en	
<http://purl.obolibrary.org/obo/OAE_0002517>	"lymphangitis AE"@en	
<http://purl.obolibrary.org/obo/OAE_0002518>	"malaria AE"@en	
<http://purl.obolibrary.org/obo/OAE_0002519>	"metabolic acidosis AE"@en	
<http://purl.obolibrary.org/obo/OAE_0002520>	"mucous stool AE"@en	
<http://purl.obolibrary.org/obo/OAE_0002521>	"muscle spasticity AE"@en	
<http://purl.obolibrary.org/obo/OAE_0002522>	"neonatal respiratory distress AE"@en	
<http://purl.obolibrary.org/obo/OAE_0002523>	"neutrophilia AE"@en	
<http://purl.obolibrary.org/obo/OAE_0002524>	"orchitis AE"@en	
<http://purl.obolibrary.org/obo/OAE_0002525>	"osteitis AE"@en	
<http://purl.obolibrary.org/obo/OAE_0002526>	"osteolysis AE"@en	
<http://purl.obolibrary.org/obo/OAE_0002527>	"palpitations AE"@en	
<http://purl.obolibrary.org/obo/OAE_0002528>	"papule AE"@en	
<http://purl.obolibrary.org/obo/OAE_0002529>	"parotitis AE"@en	
<http://purl.obolibrary.org/obo/OAE_0002530>	"penis disorder AE"@en	
<http://purl.obolibrary.org/obo/OAE_0002531>	"peritonitis AE"@en	
<http://purl.obolibrary.org/obo/OAE_0002533>	"polyarthritis AE"@en	
<http://purl.obolibrary.org/obo/OAE_0002534>	"prostatic disorder AE"@en	
<http://purl.obolibrary.org/obo/OAE_0002535>	"pseudo lymphoma AE"@en	
<http://purl.obolibrary.org/obo/OAE_0002536>	"pyoderma AE"@en	
<http://purl.obolibrary.org/obo/OAE_0002537>	"pyuria AE"@en	
<http://purl.obolibrary.org/obo/OAE_0002538>	"maculopapular rash AE"@en	
<http://purl.obolibrary.org/obo/OAE_0002539>	"morbilliform AE"@en	
<http://purl.obolibrary.org/obo/OAE_0002540>	"vesicular rash AE"@en	
<http://purl.obolibrary.org/obo/OAE_0002541>	"reticulocyte count increased AE"@en	
<http://purl.obolibrary.org/obo/OAE_0002542>	"acute psychosis AE"@en	
<http://purl.obolibrary.org/obo/OAE_0002543>	"retinopathy of prematurity AE"@en	
<http://purl.obolibrary.org/obo/OAE_0002544>	"scar AE"@en	
<http://purl.obolibrary.org/obo/OAE_0002545>	"scleroderma AE"@en	
<http://purl.obolibrary.org/obo/OAE_0002546>	"scrotal oedema AE"@en	
<http://purl.obolibrary.org/obo/OAE_0002547>	"skin atrophy AE"@en	
<http://purl.obolibrary.org/obo/OAE_0002548>	"skin depigmentation AE"@en	
<http://purl.obolibrary.org/obo/OAE_0002549>	"skin hypopigmentation AE"@en	
<http://purl.obolibrary.org/obo/OAE_0002550>	"spleen disorder AE"@en	
<http://purl.obolibrary.org/obo/OAE_0002551>	"akinesia AE"@en	
<http://purl.obolibrary.org/obo/OAE_0002552>	"epileptic seizure AE"@en	
<http://purl.obolibrary.org/obo/OAE_0002553>	"optic neuropathy AE"@en	
<http://purl.obolibrary.org/obo/OAE_0002554>	"neuroretinitis AE"@en	
<http://purl.obolibrary.org/obo/OAE_0002555>	"anterior ischemic optic neuropathy AE"@en	
<http://purl.obolibrary.org/obo/OAE_0002556>	"non-arteritic anterior ischemic optic neuropathy AE"@en	
<http://purl.obolibrary.org/obo/OAE_0002557>	"mixed neuropathy AE"@en	
<http://purl.obolibrary.org/obo/OAE_0002558>	"sensory peripheral polyneuropathy AE"@en	
<http://purl.obolibrary.org/obo/OAE_0002559>	"peripheral demyelinating polyneuropathy AE"@en	
<http://purl.obolibrary.org/obo/OAE_0002560>	"diabetic neuropathy AE"@en	
<http://purl.obolibrary.org/obo/OAE_0002561>	"neurological deficit AE"@en	
<http://purl.obolibrary.org/obo/OAE_0002562>	"staphylococcal abscess AE"@en	
<http://purl.obolibrary.org/obo/OAE_0002563>	"strabismus AE"@en	
<http://purl.obolibrary.org/obo/OAE_0002564>	"telangiectasia AE"@en	
<http://purl.obolibrary.org/obo/OAE_0002565>	"trismus AE"@en	
<http://purl.obolibrary.org/obo/OAE_0002566>	"typhoid fever AE"@en	
<http://purl.obolibrary.org/obo/OAE_0002567>	"urethritis AE"@en	
<http://purl.obolibrary.org/obo/OAE_0002568>	"vitiligo AE"@en	
<http://purl.obolibrary.org/obo/OAE_0002569>	"burn AE"@en	
<http://purl.obolibrary.org/obo/OAE_0002570>	"sedimentation rate decreased AE"@en	
<http://purl.obolibrary.org/obo/OAE_0002571>	"skin turgor decreased AE"@en	
<http://purl.obolibrary.org/obo/OAE_0002572>	"gastrointestinal stromal tumour AE"@en	
<http://purl.obolibrary.org/obo/OAE_0002573>	"fluctuance AE"@en	
<http://purl.obolibrary.org/obo/OAE_0002574>	"acinetobacter infection AE"@en	
<http://purl.obolibrary.org/obo/OAE_0002575>	"wound AE"@en	
<http://purl.obolibrary.org/obo/OAE_0002576>	"peritoneal tuberculosis AE"@en	
<http://purl.obolibrary.org/obo/OAE_0002577>	"haemangioma AE"@en	
<http://purl.obolibrary.org/obo/OAE_0002578>	"vascular occlusion AE"@en	
<http://purl.obolibrary.org/obo/OAE_0002579>	"joint tuberculosis AE"@en	
<http://purl.obolibrary.org/obo/OAE_0002580>	"ventricular arrhythmia AE"@en	
<http://purl.obolibrary.org/obo/OAE_0002581>	"Salmonella AE"@en	
<http://purl.obolibrary.org/obo/OAE_0002582>	"hypokalaemia AE"@en	
<http://purl.obolibrary.org/obo/OAE_0002583>	"alpha tumour necrosis factor AE"@en	
<http://purl.obolibrary.org/obo/OAE_0002584>	"oral neoplasm AE"@en	
<http://purl.obolibrary.org/obo/OAE_0002585>	"pericardial disease AE"@en	
<http://purl.obolibrary.org/obo/OAE_0002586>	"peritoneal neoplasm AE"@en	
<http://purl.obolibrary.org/obo/OAE_0002587>	"purulence AE"@en	
<http://purl.obolibrary.org/obo/OAE_0002588>	"mycobacterial infection AE"@en	
<http://purl.obolibrary.org/obo/OAE_0002589>	"spinal haemangioma AE"@en	
<http://purl.obolibrary.org/obo/OAE_0002590>	"Omenn syndrome AE"@en	
<http://purl.obolibrary.org/obo/OAE_0002591>	"immunodeficiency AE"@en	
<http://purl.obolibrary.org/obo/OAE_0002592>	"hepatitis C virus AE"@en	
<http://purl.obolibrary.org/obo/OBI_0000011>	"planned process"@en	
<http://purl.obolibrary.org/obo/OGMS_0000014>	"clinical finding"	
<http://purl.obolibrary.org/obo/OGMS_0000015>	"clinical history"	
<http://purl.obolibrary.org/obo/OGMS_0000016>	"clinical picture"	
<http://purl.obolibrary.org/obo/OGMS_0000017>	"image finding"	
<http://purl.obolibrary.org/obo/OGMS_0000018>	"laboratory finding"	
<http://purl.obolibrary.org/obo/OGMS_0000019>	"preclinical finding"	
<http://purl.obolibrary.org/obo/OGMS_0000022>	"manifestation of a disease"	
<http://purl.obolibrary.org/obo/OGMS_0000023>	"phenotype"	
<http://purl.obolibrary.org/obo/OGMS_0000025>	"clinical manifestation of a disease"	
<http://purl.obolibrary.org/obo/OGMS_0000026>	"preclinical manifestation of a disease"	
<http://purl.obolibrary.org/obo/OGMS_0000027>	"clinical phenotype"	
<http://purl.obolibrary.org/obo/OGMS_0000028>	"disease phenotype"	
<http://purl.obolibrary.org/obo/OGMS_0000031>	"disease"	
<http://purl.obolibrary.org/obo/OGMS_0000039>	"configuration"	
<http://purl.obolibrary.org/obo/OGMS_0000040>	"pathological physical configuration"	
<http://purl.obolibrary.org/obo/OGMS_0000045>	"disorder"	
<http://purl.obolibrary.org/obo/OGMS_0000046>	"epigenetic disorder"	
<http://purl.obolibrary.org/obo/OGMS_0000047>	"genetic disorder"	
<http://purl.obolibrary.org/obo/OGMS_0000050>	"acquired genetic disorder"	
<http://purl.obolibrary.org/obo/OGMS_0000051>	"constitutional genetic disorder"	
<http://purl.obolibrary.org/obo/OGMS_0000055>	"clinical history taking"	
<http://purl.obolibrary.org/obo/OGMS_0000059>	"etiological process"	
<http://purl.obolibrary.org/obo/OGMS_0000060>	"bodily process"	
<http://purl.obolibrary.org/obo/OGMS_0000061>	"pathological bodily process"	
<http://purl.obolibrary.org/obo/OGMS_0000063>	"disease course"	
<http://purl.obolibrary.org/obo/OGMS_0000064>	"chronic disease course"	
<http://purl.obolibrary.org/obo/OGMS_0000065>	"progressive disease course"	
<http://purl.obolibrary.org/obo/OGMS_0000066>	"transient disease course"	
<http://purl.obolibrary.org/obo/OGMS_0000073>	"diagnosis"	
<http://purl.obolibrary.org/obo/OGMS_0000074>	"normal value"	
<http://purl.obolibrary.org/obo/OGMS_0000077>	"pathological formation"	
<http://purl.obolibrary.org/obo/OGMS_0000078>	"pathological anatomical structure"	
<http://purl.obolibrary.org/obo/OGMS_0000079>	"portion of pathological body substance"	
<http://purl.obolibrary.org/obo/OGMS_0000080>	"pathological transformation"	
<http://purl.obolibrary.org/obo/OGMS_0000081>	"pathological derivation"	
<http://purl.obolibrary.org/obo/OGMS_0000082>	"pathological invasion"	
<http://purl.obolibrary.org/obo/OGMS_0000083>	"physical examination finding"	
<http://purl.obolibrary.org/obo/OGMS_0000084>	"organism population"	
<http://purl.obolibrary.org/obo/OGMS_0000086>	"syndrome"	
<http://purl.obolibrary.org/obo/OGMS_0000087>	"extended organism"	
<http://purl.obolibrary.org/obo/OGMS_0000088>	"patient symptom report"	
<http://purl.obolibrary.org/obo/OGMS_0000089>	"congenital malformation"	
<http://purl.obolibrary.org/obo/OGMS_0000090>	"treatment"	
<http://purl.obolibrary.org/obo/OGMS_0000091>	"convalescence"	
<http://purl.obolibrary.org/obo/OGMS_0000092>	"life course"	
<http://purl.obolibrary.org/obo/OGMS_0000093>	"prognosis"	
<http://purl.obolibrary.org/obo/OGMS_0000094>	"acute disease course"	
<http://purl.obolibrary.org/obo/OGMS_0000095>	"inflammation process"	
<http://purl.obolibrary.org/obo/OGMS_0000096>	"health care process"	
<http://purl.obolibrary.org/obo/OGMS_0000097>	"health care encounter"	
<http://purl.obolibrary.org/obo/OGMS_0000098>	"hospitalization"	
<http://purl.obolibrary.org/obo/OGMS_0000099>	"outpatient encounter"	
<http://purl.obolibrary.org/obo/OGMS_0000100>	"inpatient encounter"	
<http://purl.obolibrary.org/obo/OGMS_0000101>	"ED encounter"	
<http://purl.obolibrary.org/obo/OGMS_0000102>	"injury"	
<http://purl.obolibrary.org/obo/OGMS_0000103>	"prophylaxis"	
<http://purl.obolibrary.org/obo/OGMS_0000104>	"diagnostic process"	
<http://purl.obolibrary.org/obo/OGMS_0000105>	"relapse"@en	
<http://purl.obolibrary.org/obo/OGMS_0000106>	"remission"@en	
<http://purl.obolibrary.org/obo/SYMP_0000075>	"lethargy"	
<http://purl.obolibrary.org/obo/SYMP_0000185>	"weariness"	
<http://purl.obolibrary.org/obo/SYMP_0000186>	"exhaustion"	
<http://purl.obolibrary.org/obo/SYMP_0000187>	"tiredness"	
<http://purl.obolibrary.org/obo/SYMP_0000279>	"extreme exhaustion"	
<http://purl.obolibrary.org/obo/SYMP_0000280>	"extreme fatigue"	
<http://purl.obolibrary.org/obo/SYMP_0000687>	"chronic fatigue syndrome"	
<http://purl.obolibrary.org/obo/SYMP_0019177>	"fatigue"	
<http://unitsofmeasure.org/unitOfMeasure>	"unitOfMeasure"	
<http://www.co-ode.org/ontologies/ont.owl#DDO_0010000>	"diabetes mellitus during pregnancy - baby delivered"	
<http://www.co-ode.org/ontologies/ont.owl#DDO_0010001>	"diabetes mellitus during pregnancy - baby not yet delivered"	
<http://www.co-ode.org/ontologies/ont.owl#DDO_0010002>	"diabetes mellitus in mother complicating pregnancy, childbirth AND/OR puerperium"	
<http://www.co-ode.org/ontologies/ont.owl#DDO_0010003>	"diabetes mellitus in mother complicating childbirth"	
<http://www.co-ode.org/ontologies/ont.owl#DDO_0010004>	"pre-existing diabetes mellitus in mother complicating childbirth"	
<http://www.co-ode.org/ontologies/ont.owl#DDO_0010005>	"maternal diabetes mellitus with hypoglycemia affecting fetus OR newborn"	
<http://www.co-ode.org/ontologies/ont.owl#DDO_0010006>	"diabetes mellitus in the puerperium - baby delivered during current episode of care"	
<http://www.co-ode.org/ontologies/ont.owl#DDO_0010007>	"diabetes mellitus in the puerperium - baby delivered during previous episode of care"	
<http://www.co-ode.org/ontologies/ont.owl#DDO_0010008>	"gestational diabetes mellitus"	
<http://www.co-ode.org/ontologies/ont.owl#DDO_0010009>	"gestational diabetes mellitus complicating pregnancy\n"	
<http://www.co-ode.org/ontologies/ont.owl#DDO_0010010>	"gestational diabetes mellitus in childbirth\n"	
<http://www.co-ode.org/ontologies/ont.owl#DDO_0010011>	"gestational diabetes mellitus, class A>1<"	
<http://www.co-ode.org/ontologies/ont.owl#DDO_0010012>	"gestational diabetes mellitus, class A>2<"	
<http://www.co-ode.org/ontologies/ont.owl#DDO_0010013>	"postpartum gestational diabetes mellitus"	
<http://www.co-ode.org/ontologies/ont.owl#DDO_0010019>	"diabetes mellitus without complication"	
<http://www.co-ode.org/ontologies/ont.owl#DDO_0010020>	"Type 1 diabetes mellitus"	
<http://www.w3.org/2006/time#TIME:0000002>	"temporal thing"	
<https://bioportal.bioontology.org/ontologies/FTDM.owl#DDO_17621005>	"normal patient"@en	
<https://bioportal.bioontology.org/ontologies/FTDM.owl#DMTO_0000011>	"medication"@en	
<https://bioportal.bioontology.org/ontologies/FTDM.owl#DMTO_0000012>	"medication of diabetes"@en	
<https://bioportal.bioontology.org/ontologies/FTDM.owl#DMTO_0000013>	"patient history medication"@en	
<https://bioportal.bioontology.org/ontologies/FTDM.owl#DMTO_0000020>	"medication of diabetes complication"@en	
<https://bioportal.bioontology.org/ontologies/FTDM.owl#DMTO_0000024>	"patient history disease"@en	
<https://bioportal.bioontology.org/ontologies/FTDM.owl#DMTO_0000027>	"drug_quality"@en	
<https://bioportal.bioontology.org/ontologies/FTDM.owl#DMTO_0000028>	"dose form"@en	
<https://bioportal.bioontology.org/ontologies/FTDM.owl#DMTO_0000029>	"route of administration"@en	
<https://bioportal.bioontology.org/ontologies/FTDM.owl#DMTO_0000033>	"drug form strength"@en	
<https://bioportal.bioontology.org/ontologies/FTDM.owl#DMTO_0000042>	"physiological effect"@en	
<https://bioportal.bioontology.org/ontologies/FTDM.owl#DMTO_0000044>	"carePlan"@en	
<https://bioportal.bioontology.org/ontologies/FTDM.owl#DMTO_0000045>	"plan stage"@en	
<https://bioportal.bioontology.org/ontologies/FTDM.owl#DMTO_0000053>	"orderable drug form"@en	
<https://bioportal.bioontology.org/ontologies/FTDM.owl#DMTO_0000054>	"liquid"@en	
<https://bioportal.bioontology.org/ontologies/FTDM.owl#DMTO_0000055>	"solid"@en	
<https://bioportal.bioontology.org/ontologies/FTDM.owl#DMTO_0000056>	"cream"@en	
<https://bioportal.bioontology.org/ontologies/FTDM.owl#DMTO_0000057>	"liquid solution"@en	
<https://bioportal.bioontology.org/ontologies/FTDM.owl#DMTO_0000058>	"suspension"@en	
<https://bioportal.bioontology.org/ontologies/FTDM.owl#DMTO_0000059>	"topical cream"@en	
<https://bioportal.bioontology.org/ontologies/FTDM.owl#DMTO_0000060>	"injectable solution"@en	
<https://bioportal.bioontology.org/ontologies/FTDM.owl#DMTO_0000061>	"oral solution"@en	
<https://bioportal.bioontology.org/ontologies/FTDM.owl#DMTO_0000062>	"topical solution"@en	
<https://bioportal.bioontology.org/ontologies/FTDM.owl#DMTO_0000063>	"oral suspension"@en	
<https://bioportal.bioontology.org/ontologies/FTDM.owl#DMTO_0000064>	"pill"@en	
<https://bioportal.bioontology.org/ontologies/FTDM.owl#DMTO_0000065>	"capsule"@en	
<https://bioportal.bioontology.org/ontologies/FTDM.owl#DMTO_0000066>	"tablet"@en	
<https://bioportal.bioontology.org/ontologies/FTDM.owl#DMTO_0000067>	"oral tablet"@en	
<https://bioportal.bioontology.org/ontologies/FTDM.owl#DMTO_0000068>	"extended release tablet"@en	
<https://bioportal.bioontology.org/ontologies/FTDM.owl#DMTO_0000069>	"sublingual tablet"@en	
<https://bioportal.bioontology.org/ontologies/FTDM.owl#DMTO_0000070>	"oral capsule"@en	
<https://bioportal.bioontology.org/ontologies/FTDM.owl#DMTO_0000071>	"extended release capsule"@en	
<https://bioportal.bioontology.org/ontologies/FTDM.owl#DMTO_0000082>	"Generalized Systemic Effects"@en	
<https://bioportal.bioontology.org/ontologies/FTDM.owl#DMTO_0000083>	"Appetite Alteration"@en	
<https://bioportal.bioontology.org/ontologies/FTDM.owl#DMTO_0000084>	"Appetite Stimulation"@en	
<https://bioportal.bioontology.org/ontologies/FTDM.owl#DMTO_0000085>	"Appetite Suppression"@en	
<https://bioportal.bioontology.org/ontologies/FTDM.owl#DMTO_0000086>	"Cellular Activity Alteration"@en	
<https://bioportal.bioontology.org/ontologies/FTDM.owl#DMTO_0000087>	"Cellular Communication Alteration"@en	
<https://bioportal.bioontology.org/ontologies/FTDM.owl#DMTO_0000088>	"Extracellular Communication"@en	
<https://bioportal.bioontology.org/ontologies/FTDM.owl#DMTO_0000089>	"Decreased Extracellular Communication"@en	
<https://bioportal.bioontology.org/ontologies/FTDM.owl#DMTO_0000090>	"Decreased Growth Factor Activity"@en	
<https://bioportal.bioontology.org/ontologies/FTDM.owl#DMTO_0000091>	"Increased Extracellular Communication"@en	
<https://bioportal.bioontology.org/ontologies/FTDM.owl#DMTO_0000092>	"Increased Growth Factor Activity"@en	
<https://bioportal.bioontology.org/ontologies/FTDM.owl#DMTO_0000093>	"Intracellular Communication"@en	
<https://bioportal.bioontology.org/ontologies/FTDM.owl#DMTO_0000094>	"Decreased Intercellular Communication"@en	
<https://bioportal.bioontology.org/ontologies/FTDM.owl#DMTO_0000095>	"Increased Intracellular Communication"@en	
<https://bioportal.bioontology.org/ontologies/FTDM.owl#DMTO_0000096>	"Cellular Cycle Alteration"@en	
<https://bioportal.bioontology.org/ontologies/FTDM.owl#DMTO_0000097>	"Cellular Death Alteration"@en	
<https://bioportal.bioontology.org/ontologies/FTDM.owl#DMTO_0000098>	"Decreased Cellular Death"@en	
<https://bioportal.bioontology.org/ontologies/FTDM.owl#DMTO_0000099>	"Increased Cellular Death"@en	
<https://bioportal.bioontology.org/ontologies/FTDM.owl#DMTO_0000100>	"Cellular Division Phase Alteration"@en	
<https://bioportal.bioontology.org/ontologies/FTDM.owl#DMTO_0000101>	"Meiosis Alteration"@en	
<https://bioportal.bioontology.org/ontologies/FTDM.owl#DMTO_0000102>	"Decreased Meiosis"@en	
<https://bioportal.bioontology.org/ontologies/FTDM.owl#DMTO_0000103>	"Increased Meiosis"@en	
<https://bioportal.bioontology.org/ontologies/FTDM.owl#DMTO_0000104>	"Mitosis Alteration"@en	
<https://bioportal.bioontology.org/ontologies/FTDM.owl#DMTO_0000105>	"Decreased Mitosis"@en	
<https://bioportal.bioontology.org/ontologies/FTDM.owl#DMTO_0000106>	"Increased Mitosis"@en	
<https://bioportal.bioontology.org/ontologies/FTDM.owl#DMTO_0000107>	"Cellular Growth Phase Alteration"@en	
<https://bioportal.bioontology.org/ontologies/FTDM.owl#DMTO_0000108>	"Cellular Growth Phase Reduction"@en	
<https://bioportal.bioontology.org/ontologies/FTDM.owl#DMTO_0000109>	"Cellular Growth Phase Arrest"@en	
<https://bioportal.bioontology.org/ontologies/FTDM.owl#DMTO_0000110>	"Cellular Synthetic Activity Alteration"@en	
<https://bioportal.bioontology.org/ontologies/FTDM.owl#DMTO_0000111>	"Nucleic Acid Replication Alteration"@en	
<https://bioportal.bioontology.org/ontologies/FTDM.owl#DMTO_0000112>	"Nucleic Acid Transcription Alteration"@en	
<https://bioportal.bioontology.org/ontologies/FTDM.owl#DMTO_0000113>	"Post Translation Protein Modification Alteration"@en	
<https://bioportal.bioontology.org/ontologies/FTDM.owl#DMTO_0000114>	"Translation Alteration"@en	
<https://bioportal.bioontology.org/ontologies/FTDM.owl#DMTO_0000115>	"Cellular Synthetic Phase Alteration"@en	
<https://bioportal.bioontology.org/ontologies/FTDM.owl#DMTO_0000116>	"Cellular Synthetic Phase Arrest"@en	
<https://bioportal.bioontology.org/ontologies/FTDM.owl#DMTO_0000117>	"Cellular Degradation/Digestion Alteration"@en	
<https://bioportal.bioontology.org/ontologies/FTDM.owl#DMTO_0000118>	"Lysosomal Function Alteration"@en	
<https://bioportal.bioontology.org/ontologies/FTDM.owl#DMTO_0000119>	"Decreased Lysosomal Function"@en	
<https://bioportal.bioontology.org/ontologies/FTDM.owl#DMTO_0000120>	"Increased Lysosomal Function"@en	
<https://bioportal.bioontology.org/ontologies/FTDM.owl#DMTO_0000121>	"Protein Degradation Alteration"@en	
<https://bioportal.bioontology.org/ontologies/FTDM.owl#DMTO_0000122>	"Decreased Protein Breakdown"@en	
<https://bioportal.bioontology.org/ontologies/FTDM.owl#DMTO_0000123>	"Increased Protein Breakdown"@en	
<https://bioportal.bioontology.org/ontologies/FTDM.owl#DMTO_0000124>	"Cellular Motion Alteration"@en	
<https://bioportal.bioontology.org/ontologies/FTDM.owl#DMTO_0000125>	"Decreased Cellular Locomotion"@en	
<https://bioportal.bioontology.org/ontologies/FTDM.owl#DMTO_0000126>	"Decreased Cellular Migration"@en	
<https://bioportal.bioontology.org/ontologies/FTDM.owl#DMTO_0000127>	"Decreased Fibroblast Migration"@en	
<https://bioportal.bioontology.org/ontologies/FTDM.owl#DMTO_0000128>	"Decreased Polymorphonuclear Leukocyte Migration"@en	
<https://bioportal.bioontology.org/ontologies/FTDM.owl#DMTO_0000129>	"Increased Cellular Locomotion"@en	
<https://bioportal.bioontology.org/ontologies/FTDM.owl#DMTO_0000130>	"Increased Cellular Migration"@en	
<https://bioportal.bioontology.org/ontologies/FTDM.owl#DMTO_0000131>	"Increased Fibroblast Migration"@en	
<https://bioportal.bioontology.org/ontologies/FTDM.owl#DMTO_0000132>	"Cellular Proliferation Alteration"@en	
<https://bioportal.bioontology.org/ontologies/FTDM.owl#DMTO_0000133>	"Endothelial Proliferation Alteration"@en	
<https://bioportal.bioontology.org/ontologies/FTDM.owl#DMTO_0000134>	"Decreased Endothelial Proliferation"@en	
<https://bioportal.bioontology.org/ontologies/FTDM.owl#DMTO_0000135>	"Increased Endothelial Proliferation"@en	
<https://bioportal.bioontology.org/ontologies/FTDM.owl#DMTO_0000136>	"Epithelial Proliferation Alteration"@en	
<https://bioportal.bioontology.org/ontologies/FTDM.owl#DMTO_0000137>	"Decreased Epithelial Proliferation"@en	
<https://bioportal.bioontology.org/ontologies/FTDM.owl#DMTO_0000138>	"Increased Epithelial Proliferation"@en	
<https://bioportal.bioontology.org/ontologies/FTDM.owl#DMTO_0000139>	"Cellular Structure Alteration"@en	
<https://bioportal.bioontology.org/ontologies/FTDM.owl#DMTO_0000140>	"Cell Membrane Alteration"@en	
<https://bioportal.bioontology.org/ontologies/FTDM.owl#DMTO_0000141>	"Decreased Cell Membrane Integrity"@en	
<https://bioportal.bioontology.org/ontologies/FTDM.owl#DMTO_0000142>	"Decreased Cell Membrane Synthesis & Repair"@en	
<https://bioportal.bioontology.org/ontologies/FTDM.owl#DMTO_0000143>	"Increased Cell Membrane Integrity"@en	
<https://bioportal.bioontology.org/ontologies/FTDM.owl#DMTO_0000144>	"Increased Cell Membrane Synthesis & Repair"@en	
<https://bioportal.bioontology.org/ontologies/FTDM.owl#DMTO_0000145>	"Cell Organelle Alteration"@en	
<https://bioportal.bioontology.org/ontologies/FTDM.owl#DMTO_0000146>	"Cell Wall Alteration"@en	
<https://bioportal.bioontology.org/ontologies/FTDM.owl#DMTO_0000147>	"Decreased Cell Wall Integrity"@en	
<https://bioportal.bioontology.org/ontologies/FTDM.owl#DMTO_0000148>	"Decreased Cell Wall Synthesis & Repair"@en	
<https://bioportal.bioontology.org/ontologies/FTDM.owl#DMTO_0000149>	"Increased Cell Wall Integrity"@en	
<https://bioportal.bioontology.org/ontologies/FTDM.owl#DMTO_0000150>	"Increased Cell Wall Synthesis & Repair"@en	
<https://bioportal.bioontology.org/ontologies/FTDM.owl#DMTO_0000151>	"Cytoskeleton Alteration"@en	
<https://bioportal.bioontology.org/ontologies/FTDM.owl#DMTO_0000152>	"Decreased Cytoskeleton Integrity"@en	
<https://bioportal.bioontology.org/ontologies/FTDM.owl#DMTO_0000153>	"Decreased Cytoskeleton Synthesis & Repair"@en	
<https://bioportal.bioontology.org/ontologies/FTDM.owl#DMTO_0000154>	"DNA Alteration"@en	
<https://bioportal.bioontology.org/ontologies/FTDM.owl#DMTO_0000155>	"DNA Methylation"@en	
<https://bioportal.bioontology.org/ontologies/FTDM.owl#DMTO_0000156>	"DNA Methylation Decrease"@en	
<https://bioportal.bioontology.org/ontologies/FTDM.owl#DMTO_0000157>	"DNA Methylation Increase"@en	
<https://bioportal.bioontology.org/ontologies/FTDM.owl#DMTO_0000158>	"Microtubule Inhibition"@en	
<https://bioportal.bioontology.org/ontologies/FTDM.owl#DMTO_0000159>	"Cellular Transport Alteration"@en	
<https://bioportal.bioontology.org/ontologies/FTDM.owl#DMTO_0000160>	"Endocytosis Alteration"@en	
<https://bioportal.bioontology.org/ontologies/FTDM.owl#DMTO_0000161>	"Decreased Endocytosis"@en	
<https://bioportal.bioontology.org/ontologies/FTDM.owl#DMTO_0000162>	"Increased Endocytosis"@en	
<https://bioportal.bioontology.org/ontologies/FTDM.owl#DMTO_0000163>	"Exocytosis Alteration"@en	
<https://bioportal.bioontology.org/ontologies/FTDM.owl#DMTO_0000164>	"Decreased Exocytosis"@en	
<https://bioportal.bioontology.org/ontologies/FTDM.owl#DMTO_0000165>	"Increased Exocytosis"@en	
<https://bioportal.bioontology.org/ontologies/FTDM.owl#DMTO_0000166>	"Phagocytosis Alteration"@en	
<https://bioportal.bioontology.org/ontologies/FTDM.owl#DMTO_0000167>	"Decreased Phagocytosis"@en	
<https://bioportal.bioontology.org/ontologies/FTDM.owl#DMTO_0000168>	"Increased Phagocytosis"@en	
<https://bioportal.bioontology.org/ontologies/FTDM.owl#DMTO_0000169>	"Pinocytosis Alteration"@en	
<https://bioportal.bioontology.org/ontologies/FTDM.owl#DMTO_0000170>	"Decreased Pinocytosis"@en	
<https://bioportal.bioontology.org/ontologies/FTDM.owl#DMTO_0000171>	"Increased Pinocytosis"@en	
<https://bioportal.bioontology.org/ontologies/FTDM.owl#DMTO_0000172>	"Immunologic Activity Alteration"@en	
<https://bioportal.bioontology.org/ontologies/FTDM.owl#DMTO_0000173>	"Decreased Immunologic Activity"@en	
<https://bioportal.bioontology.org/ontologies/FTDM.owl#DMTO_0000174>	"Decreased Immunologically Active Molecule Activity"@en	
<https://bioportal.bioontology.org/ontologies/FTDM.owl#DMTO_0000175>	"Decreased Adhesion Factor Activity"@en	
<https://bioportal.bioontology.org/ontologies/FTDM.owl#DMTO_0000180>	"Decreased Immunologically Active Biogenic Amine Activity"@en	
<https://bioportal.bioontology.org/ontologies/FTDM.owl#DMTO_0000181>	"Decreased Histamine Activity"@en	
<https://bioportal.bioontology.org/ontologies/FTDM.owl#DMTO_0000182>	"Decreased Central Nervous System Histamine Activity"@en	
<https://bioportal.bioontology.org/ontologies/FTDM.owl#DMTO_0000183>	"Decreased Brain Stem Histamine Activity"@en	
<https://bioportal.bioontology.org/ontologies/FTDM.owl#DMTO_0000184>	"Decreased Cerebellum Histamine Activity"@en	
<https://bioportal.bioontology.org/ontologies/FTDM.owl#DMTO_0000185>	"Decreased Cerebral Cortex Histamine Activity"@en	
<https://bioportal.bioontology.org/ontologies/FTDM.owl#DMTO_0000186>	"Decreased Midbrain Histamine Activity"@en	
<https://bioportal.bioontology.org/ontologies/FTDM.owl#DMTO_0000187>	"Decreased Spinal Cord Histamine Activity"@en	
<https://bioportal.bioontology.org/ontologies/FTDM.owl#DMTO_0000188>	"Decreased Muscular System Histamine Activity"@en	
<https://bioportal.bioontology.org/ontologies/FTDM.owl#DMTO_0000189>	"Decreased Cardiac Muscle Histamine Activity"@en	
<https://bioportal.bioontology.org/ontologies/FTDM.owl#DMTO_0000190>	"Decreased Smooth Muscle Histamine Activity"@en	
<https://bioportal.bioontology.org/ontologies/FTDM.owl#DMTO_0000191>	"Decreased Striated Muscle Histamine Activity"@en	
<https://bioportal.bioontology.org/ontologies/FTDM.owl#DMTO_0000192>	"Decreased Peripheral Nervous System Histamine Activity"@en	
<https://bioportal.bioontology.org/ontologies/FTDM.owl#DMTO_0000193>	"Decreased Autonomic Nervous System Histamine Activity"@en	
<https://bioportal.bioontology.org/ontologies/FTDM.owl#DMTO_0000194>	"Decreased Parasympathetic Histamine Activity"@en	
<https://bioportal.bioontology.org/ontologies/FTDM.owl#DMTO_0000195>	"Decreased Sympathetic Histamine Activity"@en	
<https://bioportal.bioontology.org/ontologies/FTDM.owl#DMTO_0000196>	"Decreased Enteric Nervous System Histamine Activity"@en	
<https://bioportal.bioontology.org/ontologies/FTDM.owl#DMTO_0000197>	"Decreased Sensory-Somatic Nervous System Histamine Activity"@en	
<https://bioportal.bioontology.org/ontologies/FTDM.owl#DMTO_0000198>	"Decreased Serotonin Activity"@en	
<https://bioportal.bioontology.org/ontologies/FTDM.owl#DMTO_0000199>	"Decreased Central Nervous System Serotonin Activity"@en	
<https://bioportal.bioontology.org/ontologies/FTDM.owl#DMTO_0000200>	"Decreased Brain Stem Serotonin Activity"@en	
<https://bioportal.bioontology.org/ontologies/FTDM.owl#DMTO_0000201>	"Decreased Cerebellum Serotonin Activity"@en	
<https://bioportal.bioontology.org/ontologies/FTDM.owl#DMTO_0000202>	"Decreased Cerebral Cortex Serotonin Activity"@en	
<https://bioportal.bioontology.org/ontologies/FTDM.owl#DMTO_0000203>	"Decreased Midbrain Serotonin Activity"@en	
<https://bioportal.bioontology.org/ontologies/FTDM.owl#DMTO_0000204>	"Decreased Spinal Cord Serotonin Activity"@en	
<https://bioportal.bioontology.org/ontologies/FTDM.owl#DMTO_0000205>	"Decreased Muscular System Serotonin Activity"@en	
<https://bioportal.bioontology.org/ontologies/FTDM.owl#DMTO_0000206>	"Decreased Cardiac Muscle Serotonin Activity"@en	
<https://bioportal.bioontology.org/ontologies/FTDM.owl#DMTO_0000207>	"Decreased Smooth Muscle Serotonin Activity"@en	
<https://bioportal.bioontology.org/ontologies/FTDM.owl#DMTO_0000208>	"Decreased Striated Muscle Serotonin Activity"@en	
<https://bioportal.bioontology.org/ontologies/FTDM.owl#DMTO_0000209>	"Decreased Peripheral Nervous System Serotonin Activity"@en	
<https://bioportal.bioontology.org/ontologies/FTDM.owl#DMTO_0000210>	"Decreased Autonomic Nervous System Serotonin Activity"@en	
<https://bioportal.bioontology.org/ontologies/FTDM.owl#DMTO_0000211>	"Decreased Parasympathetic Serotonin Activity"@en	
<https://bioportal.bioontology.org/ontologies/FTDM.owl#DMTO_0000212>	"Decreased Sympathetic Serotonin Activity"@en	
<https://bioportal.bioontology.org/ontologies/FTDM.owl#DMTO_0000213>	"Decreased Enteric Nervous System Serotonin Activity"@en	
<https://bioportal.bioontology.org/ontologies/FTDM.owl#DMTO_0000214>	"Decreased Sensory-Somatic Nervous System Serotonin Activity"@en	
<https://bioportal.bioontology.org/ontologies/FTDM.owl#DMTO_0000215>	"Decreased Kallidin Activity"@en	
<https://bioportal.bioontology.org/ontologies/FTDM.owl#DMTO_0000216>	"Decreased Kinin Activity"@en	
<https://bioportal.bioontology.org/ontologies/FTDM.owl#DMTO_0000217>	"Decreased Bradykinin Activity"@en	
<https://bioportal.bioontology.org/ontologies/FTDM.owl#DMTO_0000218>	"Decreased Lipid Derived Immunologically Active Molecule Activity"@en	
<https://bioportal.bioontology.org/ontologies/FTDM.owl#DMTO_0000219>	"Decreased Eicosanoid Activity"@en	
<https://bioportal.bioontology.org/ontologies/FTDM.owl#DMTO_0000220>	"Decreased Leukotriene Activity"@en	
<https://bioportal.bioontology.org/ontologies/FTDM.owl#DMTO_0000221>	"Decreased Prostaglandin Activity"@en	
<https://bioportal.bioontology.org/ontologies/FTDM.owl#DMTO_0000222>	"Decreased Thromboxane Activity"@en	
<https://bioportal.bioontology.org/ontologies/FTDM.owl#DMTO_0000223>	"Decreased Platelet Activating Factor Activity"@en	
<https://bioportal.bioontology.org/ontologies/FTDM.owl#DMTO_0000224>	"Decreased Immunologically Active Molecule Degradation"@en	
<https://bioportal.bioontology.org/ontologies/FTDM.owl#DMTO_0000225>	"Decreased Adhesion Factor Degradation"@en	
<https://bioportal.bioontology.org/ontologies/FTDM.owl#DMTO_0000226>	"Decreased Antibody Degradation"@en	
<https://bioportal.bioontology.org/ontologies/FTDM.owl#DMTO_0000227>	"Decreased Complement Degradation"@en	
<https://bioportal.bioontology.org/ontologies/FTDM.owl#DMTO_0000228>	"Decreased Cytokine Degradation"@en	
<https://bioportal.bioontology.org/ontologies/FTDM.owl#DMTO_0000229>	"Decreased Immunologically Active Biogenic Amine Degradation"@en	
<https://bioportal.bioontology.org/ontologies/FTDM.owl#DMTO_0000230>	"Decreased Histamine Degradation"@en	
<https://bioportal.bioontology.org/ontologies/FTDM.owl#DMTO_0000231>	"Decreased Serotonin Degradation"@en	
<https://bioportal.bioontology.org/ontologies/FTDM.owl#DMTO_0000232>	"Decreased Kallidin Degradation"@en	
<https://bioportal.bioontology.org/ontologies/FTDM.owl#DMTO_0000233>	"Decreased Kinin Degradation"@en	
<https://bioportal.bioontology.org/ontologies/FTDM.owl#DMTO_0000234>	"Decreased Bradykinin Degradation"@en	
<https://bioportal.bioontology.org/ontologies/FTDM.owl#DMTO_0000235>	"Decreased Lipid Derived Immunologically Active Molecule Degradation"@en	
<https://bioportal.bioontology.org/ontologies/FTDM.owl#DMTO_0000236>	"Decreased Platelet Activating Factor Degradation"@en	
<https://bioportal.bioontology.org/ontologies/FTDM.owl#DMTO_0000237>	"Decreased Eicosanoid Degradation"@en	
<https://bioportal.bioontology.org/ontologies/FTDM.owl#DMTO_0000238>	"Decreased Leukotriene Degradation"@en	
<https://bioportal.bioontology.org/ontologies/FTDM.owl#DMTO_0000239>	"Decreased Prostaglandin Degradation"@en	
<https://bioportal.bioontology.org/ontologies/FTDM.owl#DMTO_0000240>	"Decreased Thromboxane Degradation"@en	
<https://bioportal.bioontology.org/ontologies/FTDM.owl#DMTO_0000241>	"Decreased Immunologically Active Molecule Production"@en	
<https://bioportal.bioontology.org/ontologies/FTDM.owl#DMTO_0000242>	"Decreased Adhesion Factor Production"@en	
<https://bioportal.bioontology.org/ontologies/FTDM.owl#DMTO_0000243>	"Decreased Antibody Production"@en	
<https://bioportal.bioontology.org/ontologies/FTDM.owl#DMTO_0000244>	"Decreased Complement Production"@en	
<https://bioportal.bioontology.org/ontologies/FTDM.owl#DMTO_0000245>	"Decreased Cytokine Production"@en	
<https://bioportal.bioontology.org/ontologies/FTDM.owl#DMTO_0000246>	"Decreased Immunologically Active Biogenic Amine Production"@en	
<https://bioportal.bioontology.org/ontologies/FTDM.owl#DMTO_0000247>	"Decreased Kallidin Production"@en	
<https://bioportal.bioontology.org/ontologies/FTDM.owl#DMTO_0000248>	"Decreased Histamine Production"@en	
<https://bioportal.bioontology.org/ontologies/FTDM.owl#DMTO_0000249>	"Decreased Serotonin Production"@en	
<https://bioportal.bioontology.org/ontologies/FTDM.owl#DMTO_0000250>	"Decreased Kinin Production"@en	
<https://bioportal.bioontology.org/ontologies/FTDM.owl#DMTO_0000251>	"Decreased Bradykinin Production"@en	
<https://bioportal.bioontology.org/ontologies/FTDM.owl#DMTO_0000252>	"Decreased Lipid Derived Immunologically Active Molecule Production"@en	
<https://bioportal.bioontology.org/ontologies/FTDM.owl#DMTO_0000253>	"Decreased Eicosanoid Production"@en	
<https://bioportal.bioontology.org/ontologies/FTDM.owl#DMTO_0000254>	"Decreased Leukotriene Production"@en	
<https://bioportal.bioontology.org/ontologies/FTDM.owl#DMTO_0000255>	"Decreased Prostaglandin Production"@en	
<https://bioportal.bioontology.org/ontologies/FTDM.owl#DMTO_0000256>	"Decreased Thromboxane Production"@en	
<https://bioportal.bioontology.org/ontologies/FTDM.owl#DMTO_0000257>	"Decreased Platelet Activating Factor Production"@en	
<https://bioportal.bioontology.org/ontologies/FTDM.owl#DMTO_0000258>	"Immunologically Active Molecule Activity Alteration"@en	
<https://bioportal.bioontology.org/ontologies/FTDM.owl#DMTO_0000261>	"Increased Immunologically Active Molecule Activity"@en	
<https://bioportal.bioontology.org/ontologies/FTDM.owl#DMTO_0000262>	"Increased Adhesion Factor Activity"@en	
<https://bioportal.bioontology.org/ontologies/FTDM.owl#DMTO_0000263>	"Increased Antibody Activity"@en	
<https://bioportal.bioontology.org/ontologies/FTDM.owl#DMTO_0000264>	"Increased Complement Activity"@en	
<https://bioportal.bioontology.org/ontologies/FTDM.owl#DMTO_0000265>	"Increased Cytokine Activity"@en	
<https://bioportal.bioontology.org/ontologies/FTDM.owl#DMTO_0000266>	"Increased Immunologically Active Biogenic Amine Activity"@en	
<https://bioportal.bioontology.org/ontologies/FTDM.owl#DMTO_0000267>	"Increased Histamine Activity"@en	
<https://bioportal.bioontology.org/ontologies/FTDM.owl#DMTO_0000268>	"Increased Central Nervous System Histamine Activity"@en	
<https://bioportal.bioontology.org/ontologies/FTDM.owl#DMTO_0000269>	"Increased Brain Stem Histamine Activity"@en	
<https://bioportal.bioontology.org/ontologies/FTDM.owl#DMTO_0000270>	"Increased Cerebellum Histamine Activity"@en	
<https://bioportal.bioontology.org/ontologies/FTDM.owl#DMTO_0000271>	"Increased Cerebral Cortex Histamine Activity"@en	
<https://bioportal.bioontology.org/ontologies/FTDM.owl#DMTO_0000272>	"Increased Midbrain Histamine Activity"@en	
<https://bioportal.bioontology.org/ontologies/FTDM.owl#DMTO_0000273>	"Increased Spinal Cord Histamine Activity"@en	
<https://bioportal.bioontology.org/ontologies/FTDM.owl#DMTO_0000274>	"Increased Muscular System Histamine Activity"@en	
<https://bioportal.bioontology.org/ontologies/FTDM.owl#DMTO_0000275>	"Increased Cardiac Muscle Histamine Activity"@en	
<https://bioportal.bioontology.org/ontologies/FTDM.owl#DMTO_0000276>	"Increased Smooth Muscle Histamine Activity"@en	
<https://bioportal.bioontology.org/ontologies/FTDM.owl#DMTO_0000277>	"Increased Striated Muscle Histamine Activity"@en	
<https://bioportal.bioontology.org/ontologies/FTDM.owl#DMTO_0000278>	"Increased Peripheral Nervous System Histamine Activity"@en	
<https://bioportal.bioontology.org/ontologies/FTDM.owl#DMTO_0000279>	"Increased Autonomic Nervous System Histamine Activity"@en	
<https://bioportal.bioontology.org/ontologies/FTDM.owl#DMTO_0000280>	"Increased Parasympathetic Histamine Activity"@en	
<https://bioportal.bioontology.org/ontologies/FTDM.owl#DMTO_0000281>	"Increased Sympathetic Histamine Activity"@en	
<https://bioportal.bioontology.org/ontologies/FTDM.owl#DMTO_0000282>	"Increased Enteric Nervous System Histamine Activity"@en	
<https://bioportal.bioontology.org/ontologies/FTDM.owl#DMTO_0000283>	"Increased Sensory-Somatic Nervous System Histamine Activity"@en	
<https://bioportal.bioontology.org/ontologies/FTDM.owl#DMTO_0000284>	"Increased Serotonin Activity"@en	
<https://bioportal.bioontology.org/ontologies/FTDM.owl#DMTO_0000285>	"Increased Central Nervous System Serotonin Activity"@en	
<https://bioportal.bioontology.org/ontologies/FTDM.owl#DMTO_0000286>	"Increased Brain Stem Serotonin Activity"@en	
<https://bioportal.bioontology.org/ontologies/FTDM.owl#DMTO_0000287>	"Increased Cerebellum Serotonin Activity"@en	
<https://bioportal.bioontology.org/ontologies/FTDM.owl#DMTO_0000288>	"Increased Cerebral Cortex Serotonin Activity"@en	
<https://bioportal.bioontology.org/ontologies/FTDM.owl#DMTO_0000289>	"Increased Midbrain Serotonin Activity"@en	
<https://bioportal.bioontology.org/ontologies/FTDM.owl#DMTO_0000290>	"Increased Spinal Cord Serotonin Activity"@en	
<https://bioportal.bioontology.org/ontologies/FTDM.owl#DMTO_0000291>	"Increased Muscular System Serotonin Activity"@en	
<https://bioportal.bioontology.org/ontologies/FTDM.owl#DMTO_0000292>	"Increased Cardiac Muscle Serotonin Activity"@en	
<https://bioportal.bioontology.org/ontologies/FTDM.owl#DMTO_0000293>	"Increased Smooth Muscle Serotonin Activity"@en	
<https://bioportal.bioontology.org/ontologies/FTDM.owl#DMTO_0000294>	"Increased Striated Muscle Serotonin Activity"@en	
<https://bioportal.bioontology.org/ontologies/FTDM.owl#DMTO_0000295>	"Increased Peripheral Nervous System Serotonin Activity"@en	
<https://bioportal.bioontology.org/ontologies/FTDM.owl#DMTO_0000296>	"Increased Autonomic Nervous System Serotonin Activity"@en	
<https://bioportal.bioontology.org/ontologies/FTDM.owl#DMTO_0000297>	"Increased Parasympathetic Serotonin Activity"@en	
<https://bioportal.bioontology.org/ontologies/FTDM.owl#DMTO_0000298>	"Increased Sympathetic Serotonin Activity"@en	
<https://bioportal.bioontology.org/ontologies/FTDM.owl#DMTO_0000299>	"Increased Enteric Nervous System Serotonin Activity"@en	
<https://bioportal.bioontology.org/ontologies/FTDM.owl#DMTO_0000300>	"Increased Sensory-Somatic Nervous System Serotonin Activity"@en	
<https://bioportal.bioontology.org/ontologies/FTDM.owl#DMTO_0000301>	"Increased Kallidin Activity"@en	
<https://bioportal.bioontology.org/ontologies/FTDM.owl#DMTO_0000302>	"Increased Kinin Activity"@en	
<https://bioportal.bioontology.org/ontologies/FTDM.owl#DMTO_0000303>	"Increased Bradykinin Activity"@en	
<https://bioportal.bioontology.org/ontologies/FTDM.owl#DMTO_0000304>	"Increased Lipid Derived Immunologically Active Molecule Activity"@en	
<https://bioportal.bioontology.org/ontologies/FTDM.owl#DMTO_0000305>	"Increased Eicosanoid Activity"@en	
<https://bioportal.bioontology.org/ontologies/FTDM.owl#DMTO_0000306>	"Increased Leukotriene Activity"@en	
<https://bioportal.bioontology.org/ontologies/FTDM.owl#DMTO_0000307>	"Increased Prostaglandin Activity"@en	
<https://bioportal.bioontology.org/ontologies/FTDM.owl#DMTO_0000308>	"Increased Thromboxane Activity"@en	
<https://bioportal.bioontology.org/ontologies/FTDM.owl#DMTO_0000309>	"Increased Platelet Activating Factor Activity"@en	
<https://bioportal.bioontology.org/ontologies/FTDM.owl#DMTO_0000310>	"Immunologically Active Molecule Degradation Alteration"@en	
<https://bioportal.bioontology.org/ontologies/FTDM.owl#DMTO_0000311>	"Increased Immunologically Active Molecule Degradation"@en	
<https://bioportal.bioontology.org/ontologies/FTDM.owl#DMTO_0000312>	"Increased Adhesion Factor Degradation"@en	
<https://bioportal.bioontology.org/ontologies/FTDM.owl#DMTO_0000313>	"Increased Antibody Degradation"@en	
<https://bioportal.bioontology.org/ontologies/FTDM.owl#DMTO_0000314>	"Increased Complement Degradation"@en	
<https://bioportal.bioontology.org/ontologies/FTDM.owl#DMTO_0000315>	"Increased Cytokine Degradation"@en	
<https://bioportal.bioontology.org/ontologies/FTDM.owl#DMTO_0000316>	"Increased Immunologically Active Biogenic Amine Degradation"@en	
<https://bioportal.bioontology.org/ontologies/FTDM.owl#DMTO_0000317>	"Increased Histamine Degradation"@en	
<https://bioportal.bioontology.org/ontologies/FTDM.owl#DMTO_0000318>	"Increased Serotonin Degradation"@en	
<https://bioportal.bioontology.org/ontologies/FTDM.owl#DMTO_0000319>	"Increased Kallidin Degradation"@en	
<https://bioportal.bioontology.org/ontologies/FTDM.owl#DMTO_0000320>	"Increased Kinin Degradation"@en	
<https://bioportal.bioontology.org/ontologies/FTDM.owl#DMTO_0000321>	"Increased Bradykinin Degradation"@en	
<https://bioportal.bioontology.org/ontologies/FTDM.owl#DMTO_0000322>	"Increased Lipid Derived Immunologically Active Molecule Degradation"@en	
<https://bioportal.bioontology.org/ontologies/FTDM.owl#DMTO_0000323>	"Increased Eicosanoid Degradation"@en	
<https://bioportal.bioontology.org/ontologies/FTDM.owl#DMTO_0000324>	"Increased Leukotriene Degradation"@en	
<https://bioportal.bioontology.org/ontologies/FTDM.owl#DMTO_0000325>	"Increased Prostaglandin Degradation"@en	
<https://bioportal.bioontology.org/ontologies/FTDM.owl#DMTO_0000326>	"Increased Thromboxane Degradation"@en	
<https://bioportal.bioontology.org/ontologies/FTDM.owl#DMTO_0000327>	"Increased Platelet Activating Factor Degradation"@en	
<https://bioportal.bioontology.org/ontologies/FTDM.owl#DMTO_0000328>	"Immunologically Active Molecule Production Alteration"@en	
<https://bioportal.bioontology.org/ontologies/FTDM.owl#DMTO_0000329>	"Increased Immunologically Active Molecule Production"@en	
<https://bioportal.bioontology.org/ontologies/FTDM.owl#DMTO_0000330>	"Increased Adhesion Factor Production"@en	
<https://bioportal.bioontology.org/ontologies/FTDM.owl#DMTO_0000331>	"Increased Antibody Production"@en	
<https://bioportal.bioontology.org/ontologies/FTDM.owl#DMTO_0000332>	"Increased Complement Production"@en	
<https://bioportal.bioontology.org/ontologies/FTDM.owl#DMTO_0000333>	"Increased Cytokine Production"@en	
<https://bioportal.bioontology.org/ontologies/FTDM.owl#DMTO_0000334>	"Increased Immunologically Active Biogenic Amine Production"@en	
<https://bioportal.bioontology.org/ontologies/FTDM.owl#DMTO_0000335>	"Increased Histamine Production"@en	
<https://bioportal.bioontology.org/ontologies/FTDM.owl#DMTO_0000336>	"Increased Serotonin Production"@en	
<https://bioportal.bioontology.org/ontologies/FTDM.owl#DMTO_0000337>	"Increased Kallidin Production"@en	
<https://bioportal.bioontology.org/ontologies/FTDM.owl#DMTO_0000338>	"Increased Kinin Production"@en	
<https://bioportal.bioontology.org/ontologies/FTDM.owl#DMTO_0000339>	"Increased Bradykinin Production"@en	
<https://bioportal.bioontology.org/ontologies/FTDM.owl#DMTO_0000340>	"Increased Lipid Derived Immunologically Active Molecule Production"@en	
<https://bioportal.bioontology.org/ontologies/FTDM.owl#DMTO_0000341>	"Increased Eicosanoid Production"@en	
<https://bioportal.bioontology.org/ontologies/FTDM.owl#DMTO_0000342>	"Increased Leukotriene Production"@en	
<https://bioportal.bioontology.org/ontologies/FTDM.owl#DMTO_0000343>	"Increased Prostaglandin Production"@en	
<https://bioportal.bioontology.org/ontologies/FTDM.owl#DMTO_0000344>	"Increased Thromboxane Production"@en	
<https://bioportal.bioontology.org/ontologies/FTDM.owl#DMTO_0000345>	"Increased Platelet Activating Factor Production"@en	
<https://bioportal.bioontology.org/ontologies/FTDM.owl#DMTO_0000346>	"Increased Immunologic Activity"@en	
<https://bioportal.bioontology.org/ontologies/FTDM.owl#DMTO_0000347>	"Metabolic Activity Alteration"@en	
<https://bioportal.bioontology.org/ontologies/FTDM.owl#DMTO_0000348>	"Carbohydrate Metabolism Alteration"@en	
<https://bioportal.bioontology.org/ontologies/FTDM.owl#DMTO_0000349>	"Cell Glucose Transport Alteration"@en	
<https://bioportal.bioontology.org/ontologies/FTDM.owl#DMTO_0000350>	"Decreased Glucose Transport into Cells"@en	
<https://bioportal.bioontology.org/ontologies/FTDM.owl#DMTO_0000351>	"Increased Glucose Transport into Cells"@en	
<https://bioportal.bioontology.org/ontologies/FTDM.owl#DMTO_0000352>	"Glucose Metabolism Alteration"@en	
<https://bioportal.bioontology.org/ontologies/FTDM.owl#DMTO_0000353>	"Decreased Gluconeogenesis"@en	
<https://bioportal.bioontology.org/ontologies/FTDM.owl#DMTO_0000354>	"Decreased Glycolysis"@en	
<https://bioportal.bioontology.org/ontologies/FTDM.owl#DMTO_0000355>	"Increased Gluconeogenesis"@en	
<https://bioportal.bioontology.org/ontologies/FTDM.owl#DMTO_0000356>	"Increased Glycolysis"@en	
<https://bioportal.bioontology.org/ontologies/FTDM.owl#DMTO_0000357>	"Polysaccharide Metabolism Alteration"@en	
<https://bioportal.bioontology.org/ontologies/FTDM.owl#DMTO_0000358>	"Glycogen Metabolism Alteration"@en	
<https://bioportal.bioontology.org/ontologies/FTDM.owl#DMTO_0000359>	"Decreased Glycogenesis"@en	
<https://bioportal.bioontology.org/ontologies/FTDM.owl#DMTO_0000360>	"Decreased Glycogenolysis"@en	
<https://bioportal.bioontology.org/ontologies/FTDM.owl#DMTO_0000361>	"Increased Glycogenesis"@en	
<https://bioportal.bioontology.org/ontologies/FTDM.owl#DMTO_0000362>	"Increased Glycogenolysis"@en	
<https://bioportal.bioontology.org/ontologies/FTDM.owl#DMTO_0000363>	"Glycosaminoglycan Metabolism Alteration"@en	
<https://bioportal.bioontology.org/ontologies/FTDM.owl#DMTO_0000364>	"Glycosaminoglycan Metabolism Decrease"@en	
<https://bioportal.bioontology.org/ontologies/FTDM.owl#DMTO_0000365>	"Glycosaminoglycan Metabolism Increase"@en	
<https://bioportal.bioontology.org/ontologies/FTDM.owl#DMTO_0000366>	"Inorganic Ion Absorption Alteration"@en	
<https://bioportal.bioontology.org/ontologies/FTDM.owl#DMTO_0000367>	"Decreased Inorganic Ion Absorption"@en	
<https://bioportal.bioontology.org/ontologies/FTDM.owl#DMTO_0000368>	"Decreased Copper Ion Absorption"@en	
<https://bioportal.bioontology.org/ontologies/FTDM.owl#DMTO_0000369>	"Lipid Metabolism Alteration"@en	
<https://bioportal.bioontology.org/ontologies/FTDM.owl#DMTO_0000370>	"Glycosphingolipid Synthesis Alteration"@en	
<https://bioportal.bioontology.org/ontologies/FTDM.owl#DMTO_0000371>	"Glycosphingolipid Synthesis Decrease"@en	
<https://bioportal.bioontology.org/ontologies/FTDM.owl#DMTO_0000372>	"Glycosphingolipid Synthesis Increase"@en	
<https://bioportal.bioontology.org/ontologies/FTDM.owl#DMTO_0000373>	"Lipotropic Activity Alteration"@en	
<https://bioportal.bioontology.org/ontologies/FTDM.owl#DMTO_0000374>	"Sterol Metabolism Alteration"@en	
<https://bioportal.bioontology.org/ontologies/FTDM.owl#DMTO_0000375>	"Cholesterol Metabolism Alteration"@en	
<https://bioportal.bioontology.org/ontologies/FTDM.owl#DMTO_0000376>	"Cholesterol Absorption Alteration"@en	
<https://bioportal.bioontology.org/ontologies/FTDM.owl#DMTO_0000377>	"Decreased Cholesterol Absorption"@en	
<https://bioportal.bioontology.org/ontologies/FTDM.owl#DMTO_0000378>	"Increased Cholesterol Absorption"@en	
<https://bioportal.bioontology.org/ontologies/FTDM.owl#DMTO_0000379>	"Cholesterol Elimination Alteration"@en	
<https://bioportal.bioontology.org/ontologies/FTDM.owl#DMTO_0000380>	"Decreased Cholesterol Elimination"@en	
<https://bioportal.bioontology.org/ontologies/FTDM.owl#DMTO_0000381>	"Increased Cholesterol Elimination"@en	
<https://bioportal.bioontology.org/ontologies/FTDM.owl#DMTO_0000382>	"Cholesterol Secretion Alteration"@en	
<https://bioportal.bioontology.org/ontologies/FTDM.owl#DMTO_0000383>	"Decreased Cholesterol Secretion"@en	
<https://bioportal.bioontology.org/ontologies/FTDM.owl#DMTO_0000384>	"Increased Cholesterol Secretion"@en	
<https://bioportal.bioontology.org/ontologies/FTDM.owl#DMTO_0000385>	"Cholesterol Synthesis Alteration"@en	
<https://bioportal.bioontology.org/ontologies/FTDM.owl#DMTO_0000386>	"Decreased Cholesterol Synthesis"@en	
<https://bioportal.bioontology.org/ontologies/FTDM.owl#DMTO_0000387>	"Increased Cholesterol Synthesis"@en	
<https://bioportal.bioontology.org/ontologies/FTDM.owl#DMTO_0000388>	"Sterol Synthesis Alteration"@en	
<https://bioportal.bioontology.org/ontologies/FTDM.owl#DMTO_0000389>	"Decreased Sterol Synthesis"@en	
<https://bioportal.bioontology.org/ontologies/FTDM.owl#DMTO_0000390>	"Increased Sterol Synthesis"@en	
<https://bioportal.bioontology.org/ontologies/FTDM.owl#DMTO_0000391>	"Triglyceride Metabolism Alteration"@en	
<https://bioportal.bioontology.org/ontologies/FTDM.owl#DMTO_0000392>	"Decreased Lipogenesis"@en	
<https://bioportal.bioontology.org/ontologies/FTDM.owl#DMTO_0000393>	"Decreased Lipolysis"@en	
<https://bioportal.bioontology.org/ontologies/FTDM.owl#DMTO_0000394>	"Increased Lipogenesis"@en	
<https://bioportal.bioontology.org/ontologies/FTDM.owl#DMTO_0000395>	"Increased Lipolysis"@en	
<https://bioportal.bioontology.org/ontologies/FTDM.owl#DMTO_0000396>	"Increased Lipolysis"@en	
<https://bioportal.bioontology.org/ontologies/FTDM.owl#DMTO_0000397>	"Decreased Metabolic Rate"@en	
<https://bioportal.bioontology.org/ontologies/FTDM.owl#DMTO_0000398>	"Increased Metabolic Rate"@en	
<https://bioportal.bioontology.org/ontologies/FTDM.owl#DMTO_0000399>	"Organic Ion Metabolism Alteration"@en	
<https://bioportal.bioontology.org/ontologies/FTDM.owl#DMTO_0000400>	"Organic Ion Degradation Alteration"@en	
<https://bioportal.bioontology.org/ontologies/FTDM.owl#DMTO_0000401>	"Decreased Organic Ion Degradation"@en	
<https://bioportal.bioontology.org/ontologies/FTDM.owl#DMTO_0000402>	"Increased Organic Ion Degradation"@en	
<https://bioportal.bioontology.org/ontologies/FTDM.owl#DMTO_0000403>	"Organic Ion Synthesis Alteration"@en	
<https://bioportal.bioontology.org/ontologies/FTDM.owl#DMTO_0000404>	"Decreased Organic Ion Synthesis"@en	
<https://bioportal.bioontology.org/ontologies/FTDM.owl#DMTO_0000405>	"Decreased Amino Acid Synthesis"@en	
<https://bioportal.bioontology.org/ontologies/FTDM.owl#DMTO_0000406>	"Decreased Uric Acid Synthesis"@en	
<https://bioportal.bioontology.org/ontologies/FTDM.owl#DMTO_0000407>	"Increased Organic Ion Synthesis"@en	
<https://bioportal.bioontology.org/ontologies/FTDM.owl#DMTO_0000408>	"Peptide Metabolism Alteration"@en	
<https://bioportal.bioontology.org/ontologies/FTDM.owl#DMTO_0000409>	"Increased Glutathione Concentration"@en	
<https://bioportal.bioontology.org/ontologies/FTDM.owl#DMTO_0000410>	"Vitamin Uptake and Modification Alteration"@en	
<https://bioportal.bioontology.org/ontologies/FTDM.owl#DMTO_0000411>	"Decreased Vitamin Uptake and Modification"@en	
<https://bioportal.bioontology.org/ontologies/FTDM.owl#DMTO_0000412>	"Decreased Folic Acid Modification"@en	
<https://bioportal.bioontology.org/ontologies/FTDM.owl#DMTO_0000413>	"Increased Vitamin Uptake and Modification"@en	
<https://bioportal.bioontology.org/ontologies/FTDM.owl#DMTO_0000414>	"Organ System Specific Effects"@en	
<https://bioportal.bioontology.org/ontologies/FTDM.owl#DMTO_0000415>	"Cardiovascular Activity Alteration"@en	
<https://bioportal.bioontology.org/ontologies/FTDM.owl#DMTO_0000416>	"Blood Pressure Alteration"@en	
<https://bioportal.bioontology.org/ontologies/FTDM.owl#DMTO_0000417>	"Decreased Blood Pressure"@en	
<https://bioportal.bioontology.org/ontologies/FTDM.owl#DMTO_0000418>	"Increased Blood Pressure"@en	
<https://bioportal.bioontology.org/ontologies/FTDM.owl#DMTO_0000419>	"Cardiac Contractility Alteration"@en	
<https://bioportal.bioontology.org/ontologies/FTDM.owl#DMTO_0000420>	"Negative Inotropy"@en	
<https://bioportal.bioontology.org/ontologies/FTDM.owl#DMTO_0000421>	"Positive Inotropy"@en	
<https://bioportal.bioontology.org/ontologies/FTDM.owl#DMTO_0000422>	"Cardiac Rate Alteration"@en	
<https://bioportal.bioontology.org/ontologies/FTDM.owl#DMTO_0000423>	"Negative Chronotropy"@en	
<https://bioportal.bioontology.org/ontologies/FTDM.owl#DMTO_0000424>	"Positive Chronotropy"@en	
<https://bioportal.bioontology.org/ontologies/FTDM.owl#DMTO_0000425>	"Cardiac Rhythm Alteration"@en	
<https://bioportal.bioontology.org/ontologies/FTDM.owl#DMTO_0000426>	"Atrial Depolarization"@en	
<https://bioportal.bioontology.org/ontologies/FTDM.owl#DMTO_0000427>	"Atrial Repolarization"@en	
<https://bioportal.bioontology.org/ontologies/FTDM.owl#DMTO_0000428>	"Conduction System Depolarization"@en	
<https://bioportal.bioontology.org/ontologies/FTDM.owl#DMTO_0000429>	"Lengthen Conduction System Depolarization Time"@en	
<https://bioportal.bioontology.org/ontologies/FTDM.owl#DMTO_0000430>	"Shorten Conduction System Depolarization Time"@en	
<https://bioportal.bioontology.org/ontologies/FTDM.owl#DMTO_0000431>	"Conduction System Repolarization"@en	
<https://bioportal.bioontology.org/ontologies/FTDM.owl#DMTO_0000432>	"Delay Conduction System Repolarization"@en	
<https://bioportal.bioontology.org/ontologies/FTDM.owl#DMTO_0000433>	"Lengthen Conduction System Repolarization Time"@en	
<https://bioportal.bioontology.org/ontologies/FTDM.owl#DMTO_0000434>	"Shorten Conduction System Repolarization Time"@en	
<https://bioportal.bioontology.org/ontologies/FTDM.owl#DMTO_0000435>	"Nodal Depolarization"@en	
<https://bioportal.bioontology.org/ontologies/FTDM.owl#DMTO_0000436>	"Nodal Repolarization"@en	
<https://bioportal.bioontology.org/ontologies/FTDM.owl#DMTO_0000437>	"Ventricular Depolarization"@en	
<https://bioportal.bioontology.org/ontologies/FTDM.owl#DMTO_0000438>	"Ventricular Repolarization"@en	
<https://bioportal.bioontology.org/ontologies/FTDM.owl#DMTO_0000439>	"Vascular Alterations"@en	
<https://bioportal.bioontology.org/ontologies/FTDM.owl#DMTO_0000440>	"Vascular Growth Alteration"@en	
<https://bioportal.bioontology.org/ontologies/FTDM.owl#DMTO_0000441>	"Vascular Growth Decrease"@en	
<https://bioportal.bioontology.org/ontologies/FTDM.owl#DMTO_0000442>	"Vascular Growth Increase"@en	
<https://bioportal.bioontology.org/ontologies/FTDM.owl#DMTO_0000443>	"Vascular Permeability Alteration"@en	
<https://bioportal.bioontology.org/ontologies/FTDM.owl#DMTO_0000444>	"Decreased Vascular Permeability"@en	
<https://bioportal.bioontology.org/ontologies/FTDM.owl#DMTO_0000445>	"Decreased Capillary Permeability"@en	
<https://bioportal.bioontology.org/ontologies/FTDM.owl#DMTO_0000446>	"Increased Vascular Permeability"@en	
<https://bioportal.bioontology.org/ontologies/FTDM.owl#DMTO_0000447>	"Increased Capillary Permeability"@en	
<https://bioportal.bioontology.org/ontologies/FTDM.owl#DMTO_0000448>	"Vascular Sclerosing Activity"@en	
<https://bioportal.bioontology.org/ontologies/FTDM.owl#DMTO_0000449>	"Vascular Tone Alteration"@en	
<https://bioportal.bioontology.org/ontologies/FTDM.owl#DMTO_0000450>	"Vascular Smooth Muscle Tone Alteration"@en	
<https://bioportal.bioontology.org/ontologies/FTDM.owl#DMTO_0000451>	"Decreased Vascular Smooth Muscle Tone"@en	
<https://bioportal.bioontology.org/ontologies/FTDM.owl#DMTO_0000452>	"Increased Vascular Smooth Muscle Tone"@en	
<https://bioportal.bioontology.org/ontologies/FTDM.owl#DMTO_0000453>	"Vasoconstriction"@en	
<https://bioportal.bioontology.org/ontologies/FTDM.owl#DMTO_0000454>	"Arterial Vasoconstriction"@en	
<https://bioportal.bioontology.org/ontologies/FTDM.owl#DMTO_0000455>	"Arteriolar Vasoconstriction"@en	
<https://bioportal.bioontology.org/ontologies/FTDM.owl#DMTO_0000456>	"Cerebral Arteriolar Vasoconstriction"@en	
<https://bioportal.bioontology.org/ontologies/FTDM.owl#DMTO_0000457>	"Coronary Arteriolar Vasoconstriction"@en	
<https://bioportal.bioontology.org/ontologies/FTDM.owl#DMTO_0000458>	"Cutaneous Arteriolar Vasoconstriction"@en	
<https://bioportal.bioontology.org/ontologies/FTDM.owl#DMTO_0000459>	"Mucosal Arteriolar Vasoconstriction"@en	
<https://bioportal.bioontology.org/ontologies/FTDM.owl#DMTO_0000460>	"Conjunctival Arteriolar Vasoconstriction"@en	
<https://bioportal.bioontology.org/ontologies/FTDM.owl#DMTO_0000461>	"Genitourinary Arteriolar Vasoconstriction"@en	
<https://bioportal.bioontology.org/ontologies/FTDM.owl#DMTO_0000462>	"Oropharyngeal Arteriolar Vasoconstriction"@en	
<https://bioportal.bioontology.org/ontologies/FTDM.owl#DMTO_0000463>	"Respiratory Arteriolar Vasoconstriction"@en	
<https://bioportal.bioontology.org/ontologies/FTDM.owl#DMTO_0000464>	"Muscular Arteriolar Vasoconstriction"@en	
<https://bioportal.bioontology.org/ontologies/FTDM.owl#DMTO_0000465>	"Pulmonary Arteriolar Vasoconstriction"@en	
<https://bioportal.bioontology.org/ontologies/FTDM.owl#DMTO_0000466>	"Renal Arteriolar Vasoconstriction"@en	
<https://bioportal.bioontology.org/ontologies/FTDM.owl#DMTO_0000467>	"Renal Afferent Arteriolar Vasoconstriction"@en	
<https://bioportal.bioontology.org/ontologies/FTDM.owl#DMTO_0000468>	"Renal Efferent Arteriolar Vasoconstriction"@en	
<https://bioportal.bioontology.org/ontologies/FTDM.owl#DMTO_0000469>	"Splanchnic Arteriolar Vasoconstriction"@en	
<https://bioportal.bioontology.org/ontologies/FTDM.owl#DMTO_0000470>	"Systemic Arteriolar Vasoconstriction"@en	
<https://bioportal.bioontology.org/ontologies/FTDM.owl#DMTO_0000471>	"Cerebral Arterial Vasoconstriction"@en	
<https://bioportal.bioontology.org/ontologies/FTDM.owl#DMTO_0000472>	"Cerebral Arteriolar Vasoconstriction"@en	
<https://bioportal.bioontology.org/ontologies/FTDM.owl#DMTO_0000473>	"Coronary Arterial Vasoconstriction"@en	
<https://bioportal.bioontology.org/ontologies/FTDM.owl#DMTO_0000474>	"Coronary Arteriolar Vasoconstriction"@en	
<https://bioportal.bioontology.org/ontologies/FTDM.owl#DMTO_0000475>	"Cutaneous Arterial Vasoconstriction"@en	
<https://bioportal.bioontology.org/ontologies/FTDM.owl#DMTO_0000476>	"Cutaneous Arteriolar Vasoconstriction"@en	
<https://bioportal.bioontology.org/ontologies/FTDM.owl#DMTO_0000477>	"Mucosal Arterial Vasoconstriction"@en	
<https://bioportal.bioontology.org/ontologies/FTDM.owl#DMTO_0000478>	"Conjunctival Arterial Vasoconstriction"@en	
<https://bioportal.bioontology.org/ontologies/FTDM.owl#DMTO_0000479>	"Conjunctival Arteriolar Vasoconstriction"@en	
<https://bioportal.bioontology.org/ontologies/FTDM.owl#DMTO_0000480>	"Genitourinary Arterial Vasoconstriction"@en	
<https://bioportal.bioontology.org/ontologies/FTDM.owl#DMTO_0000481>	"Genitourinary Arteriolar Vasoconstriction"@en	
<https://bioportal.bioontology.org/ontologies/FTDM.owl#DMTO_0000482>	"Mucosal Arteriolar Vasoconstriction"@en	
<https://bioportal.bioontology.org/ontologies/FTDM.owl#DMTO_0000483>	"Conjunctival Arteriolar Vasoconstriction"@en	
<https://bioportal.bioontology.org/ontologies/FTDM.owl#DMTO_0000484>	"Genitourinary Arteriolar Vasoconstriction"@en	
<https://bioportal.bioontology.org/ontologies/FTDM.owl#DMTO_0000485>	"Oropharyngeal Arteriolar Vasoconstriction"@en	
<https://bioportal.bioontology.org/ontologies/FTDM.owl#DMTO_0000486>	"Respiratory Arteriolar Vasoconstriction"@en	
<https://bioportal.bioontology.org/ontologies/FTDM.owl#DMTO_0000487>	"Oropharyngeal Arterial Vasoconstriction"@en	
<https://bioportal.bioontology.org/ontologies/FTDM.owl#DMTO_0000488>	"Oropharyngeal Arteriolar Vasoconstriction"@en	
<https://bioportal.bioontology.org/ontologies/FTDM.owl#DMTO_0000489>	"Respiratory Arterial Vasoconstriction"@en	
<https://bioportal.bioontology.org/ontologies/FTDM.owl#DMTO_0000490>	"Respiratory Arteriolar Vasoconstriction"@en	
<https://bioportal.bioontology.org/ontologies/FTDM.owl#DMTO_0000491>	"Muscular Arterial Vasoconstriction"@en	
<https://bioportal.bioontology.org/ontologies/FTDM.owl#DMTO_0000492>	"Muscular Arteriolar Vasoconstriction"@en	
<https://bioportal.bioontology.org/ontologies/FTDM.owl#DMTO_0000493>	"Pulmonary Arterial Vasoconstriction"@en	
<https://bioportal.bioontology.org/ontologies/FTDM.owl#DMTO_0000494>	"Pulmonary Arteriolar Vasoconstriction"@en	
<https://bioportal.bioontology.org/ontologies/FTDM.owl#DMTO_0000495>	"Renal Arterial Vasoconstriction"@en	
<https://bioportal.bioontology.org/ontologies/FTDM.owl#DMTO_0000496>	"Renal Afferent Arterial Vasoconstriction"@en	
<https://bioportal.bioontology.org/ontologies/FTDM.owl#DMTO_0000497>	"Renal Afferent Arteriolar Vasoconstriction"@en	
<https://bioportal.bioontology.org/ontologies/FTDM.owl#DMTO_0000498>	"Renal Arteriolar Vasoconstriction"@en	
<https://bioportal.bioontology.org/ontologies/FTDM.owl#DMTO_0000499>	"Renal Afferent Arteriolar Vasoconstriction"@en	
<https://bioportal.bioontology.org/ontologies/FTDM.owl#DMTO_0000500>	"Renal Efferent Arteriolar Vasoconstriction"@en	
<https://bioportal.bioontology.org/ontologies/FTDM.owl#DMTO_0000501>	"Renal Efferent Arterial Vasoconstriction"@en	
<https://bioportal.bioontology.org/ontologies/FTDM.owl#DMTO_0000502>	"Renal Efferent Arteriolar Vasoconstriction"@en	
<https://bioportal.bioontology.org/ontologies/FTDM.owl#DMTO_0000503>	"Splanchnic Arterial Vasoconstriction"@en	
<https://bioportal.bioontology.org/ontologies/FTDM.owl#DMTO_0000504>	"Splanchnic Arteriolar Vasoconstriction"@en	
<https://bioportal.bioontology.org/ontologies/FTDM.owl#DMTO_0000505>	"Systemic Arterial Vasoconstriction"@en	
<https://bioportal.bioontology.org/ontologies/FTDM.owl#DMTO_0000506>	"Systemic Arteriolar Vasoconstriction"@en	
<https://bioportal.bioontology.org/ontologies/FTDM.owl#DMTO_0000507>	"Venous Vasoconstriction"@en	
<https://bioportal.bioontology.org/ontologies/FTDM.owl#DMTO_0000508>	"Pulmonary Venous Vasoconstriction"@en	
<https://bioportal.bioontology.org/ontologies/FTDM.owl#DMTO_0000509>	"Systemic Venous Vasoconstriction"@en	
<https://bioportal.bioontology.org/ontologies/FTDM.owl#DMTO_0000510>	"Vasodilation"@en	
<https://bioportal.bioontology.org/ontologies/FTDM.owl#DMTO_0000511>	"Arterial Vasodilation"@en	
<https://bioportal.bioontology.org/ontologies/FTDM.owl#DMTO_0000512>	"Arteriolar Vasodilation"@en	
<https://bioportal.bioontology.org/ontologies/FTDM.owl#DMTO_0000513>	"Cerebral Arteriolar Vasodilation"@en	
<https://bioportal.bioontology.org/ontologies/FTDM.owl#DMTO_0000514>	"Coronary Arteriolar Vasodilation"@en	
<https://bioportal.bioontology.org/ontologies/FTDM.owl#DMTO_0000515>	"Cutaneous Arteriolar Vasodilation"@en	
<https://bioportal.bioontology.org/ontologies/FTDM.owl#DMTO_0000516>	"Mucosal Arteriolar Vasodilation"@en	
<https://bioportal.bioontology.org/ontologies/FTDM.owl#DMTO_0000517>	"Conjunctival Arteriolar Vasodilation"@en	
<https://bioportal.bioontology.org/ontologies/FTDM.owl#DMTO_0000518>	"Genitourinary Arteriolar Vasodilation"@en	
<https://bioportal.bioontology.org/ontologies/FTDM.owl#DMTO_0000519>	"Oropharyngeal Arteriolar Vasodilation"@en	
<https://bioportal.bioontology.org/ontologies/FTDM.owl#DMTO_0000520>	"Respiratory Arteriolar Vasodilation"@en	
<https://bioportal.bioontology.org/ontologies/FTDM.owl#DMTO_0000521>	"Muscular Arteriolar Vasodilation"@en	
<https://bioportal.bioontology.org/ontologies/FTDM.owl#DMTO_0000522>	"Pulmonary Arteriolar Vasodilation"@en	
<https://bioportal.bioontology.org/ontologies/FTDM.owl#DMTO_0000523>	"Renal Arteriolar Vasodilation"@en	
<https://bioportal.bioontology.org/ontologies/FTDM.owl#DMTO_0000524>	"Renal Afferent Arteriolar Vasodilation"@en	
<https://bioportal.bioontology.org/ontologies/FTDM.owl#DMTO_0000525>	"Renal Efferent Arteriolar Vasodilation"@en	
<https://bioportal.bioontology.org/ontologies/FTDM.owl#DMTO_0000526>	"Splanchnic Arteriolar Vasodilation"@en	
<https://bioportal.bioontology.org/ontologies/FTDM.owl#DMTO_0000527>	"Systemic Arteriolar Vasodilation"@en	
<https://bioportal.bioontology.org/ontologies/FTDM.owl#DMTO_0000528>	"Cerebral Arterial Vasodilation"@en	
<https://bioportal.bioontology.org/ontologies/FTDM.owl#DMTO_0000529>	"Cerebral Arteriolar Vasodilation"@en	
<https://bioportal.bioontology.org/ontologies/FTDM.owl#DMTO_0000530>	"Coronary Arterial Vasodilation"@en	
<https://bioportal.bioontology.org/ontologies/FTDM.owl#DMTO_0000531>	"Coronary Arteriolar Vasodilation"@en	
<https://bioportal.bioontology.org/ontologies/FTDM.owl#DMTO_0000532>	"Cutaneous Arterial Vasodilation"@en	
<https://bioportal.bioontology.org/ontologies/FTDM.owl#DMTO_0000533>	"Cutaneous Arteriolar Vasodilation"@en	
<https://bioportal.bioontology.org/ontologies/FTDM.owl#DMTO_0000534>	"Mucosal Arterial Vasodilation"@en	
<https://bioportal.bioontology.org/ontologies/FTDM.owl#DMTO_0000535>	"Conjunctival Arterial Vasodilation"@en	
<https://bioportal.bioontology.org/ontologies/FTDM.owl#DMTO_0000536>	"Conjunctival Arteriolar Vasodilation"@en	
<https://bioportal.bioontology.org/ontologies/FTDM.owl#DMTO_0000537>	"Genitourinary Arterial Vasodilation"@en	
<https://bioportal.bioontology.org/ontologies/FTDM.owl#DMTO_0000538>	"Genitourinary Arteriolar Vasodilation"@en	
<https://bioportal.bioontology.org/ontologies/FTDM.owl#DMTO_0000539>	"Mucosal Arteriolar Vasodilation"@en	
<https://bioportal.bioontology.org/ontologies/FTDM.owl#DMTO_0000540>	"Conjunctival Arteriolar Vasodilation"@en	
<https://bioportal.bioontology.org/ontologies/FTDM.owl#DMTO_0000541>	"Genitourinary Arteriolar Vasodilation"@en	
<https://bioportal.bioontology.org/ontologies/FTDM.owl#DMTO_0000542>	"Oropharyngeal Arteriolar Vasodilation"@en	
<https://bioportal.bioontology.org/ontologies/FTDM.owl#DMTO_0000543>	"Respiratory Arteriolar Vasodilation"@en	
<https://bioportal.bioontology.org/ontologies/FTDM.owl#DMTO_0000544>	"Oropharyngeal Arterial Vasodilation"@en	
<https://bioportal.bioontology.org/ontologies/FTDM.owl#DMTO_0000545>	"Oropharyngeal Arteriolar Vasodilation"@en	
<https://bioportal.bioontology.org/ontologies/FTDM.owl#DMTO_0000546>	"Respiratory Arterial Vasodilation"@en	
<https://bioportal.bioontology.org/ontologies/FTDM.owl#DMTO_0000547>	"Respiratory Arteriolar Vasodilation"@en	
<https://bioportal.bioontology.org/ontologies/FTDM.owl#DMTO_0000548>	"Muscular Arterial Vasodilation"@en	
<https://bioportal.bioontology.org/ontologies/FTDM.owl#DMTO_0000549>	"Muscular Arteriolar Vasodilation"@en	
<https://bioportal.bioontology.org/ontologies/FTDM.owl#DMTO_0000550>	"Pulmonary Arterial Vasodilation"@en	
<https://bioportal.bioontology.org/ontologies/FTDM.owl#DMTO_0000551>	"Pulmonary Arteriolar Vasodilation"@en	
<https://bioportal.bioontology.org/ontologies/FTDM.owl#DMTO_0000552>	"Renal Arterial Vasodilation"@en	
<https://bioportal.bioontology.org/ontologies/FTDM.owl#DMTO_0000553>	"Renal Afferent Arterial Vasodilation"@en	
<https://bioportal.bioontology.org/ontologies/FTDM.owl#DMTO_0000554>	"Renal Afferent Arteriolar Vasodilation"@en	
<https://bioportal.bioontology.org/ontologies/FTDM.owl#DMTO_0000555>	"Renal Arteriolar Vasodilation"@en	
<https://bioportal.bioontology.org/ontologies/FTDM.owl#DMTO_0000556>	"Renal Afferent Arteriolar Vasodilation"@en	
<https://bioportal.bioontology.org/ontologies/FTDM.owl#DMTO_0000557>	"Renal Efferent Arteriolar Vasodilation"@en	
<https://bioportal.bioontology.org/ontologies/FTDM.owl#DMTO_0000558>	"Renal Efferent Arterial Vasodilation"@en	
<https://bioportal.bioontology.org/ontologies/FTDM.owl#DMTO_0000559>	"Renal Efferent Arteriolar Vasodilation"@en	
<https://bioportal.bioontology.org/ontologies/FTDM.owl#DMTO_0000560>	"Splanchnic Arterial Vasodilation"@en	
<https://bioportal.bioontology.org/ontologies/FTDM.owl#DMTO_0000561>	"Splanchnic Arteriolar Vasodilation"@en	
<https://bioportal.bioontology.org/ontologies/FTDM.owl#DMTO_0000562>	"Systemic Arterial Vasodilation"@en	
<https://bioportal.bioontology.org/ontologies/FTDM.owl#DMTO_0000563>	"Systemic Arteriolar Vasodilation"@en	
<https://bioportal.bioontology.org/ontologies/FTDM.owl#DMTO_0000564>	"Venous Vasodilation"@en	
<https://bioportal.bioontology.org/ontologies/FTDM.owl#DMTO_0000565>	"Penile Venous Vasodilation"@en	
<https://bioportal.bioontology.org/ontologies/FTDM.owl#DMTO_0000566>	"Pulmonary Venous Vasodilation"@en	
<https://bioportal.bioontology.org/ontologies/FTDM.owl#DMTO_0000567>	"Systemic Venous Vasodilation"@en	
<https://bioportal.bioontology.org/ontologies/FTDM.owl#DMTO_0000568>	"Dermatologic Activity Alteration"@en	
<https://bioportal.bioontology.org/ontologies/FTDM.owl#DMTO_0000569>	"Antiperspirant Activity"@en	
<https://bioportal.bioontology.org/ontologies/FTDM.owl#DMTO_0000570>	"Antipruritic Activity"@en	
<https://bioportal.bioontology.org/ontologies/FTDM.owl#DMTO_0000571>	"Astringent Activity"@en	
<https://bioportal.bioontology.org/ontologies/FTDM.owl#DMTO_0000572>	"Depigmenting Activity"@en	
<https://bioportal.bioontology.org/ontologies/FTDM.owl#DMTO_0000573>	"Melanocyte Destruction"@en	
<https://bioportal.bioontology.org/ontologies/FTDM.owl#DMTO_0000574>	"Dermal Regeneration Activity"@en	
<https://bioportal.bioontology.org/ontologies/FTDM.owl#DMTO_0000575>	"Emollient Activity"@en	
<https://bioportal.bioontology.org/ontologies/FTDM.owl#DMTO_0000576>	"Hair Follicle Alteration"@en	
<https://bioportal.bioontology.org/ontologies/FTDM.owl#DMTO_0000577>	"Decreased Hair Growth"@en	
<https://bioportal.bioontology.org/ontologies/FTDM.owl#DMTO_0000578>	"Increased Hair Growth"@en	
<https://bioportal.bioontology.org/ontologies/FTDM.owl#DMTO_0000579>	"Keratin Alteration"@en	
<https://bioportal.bioontology.org/ontologies/FTDM.owl#DMTO_0000580>	"Decreased Skin Keratinization"@en	
<https://bioportal.bioontology.org/ontologies/FTDM.owl#DMTO_0000581>	"Increased Skin Keratinization"@en	
<https://bioportal.bioontology.org/ontologies/FTDM.owl#DMTO_0000582>	"Photosensitizing Activity"@en	
<https://bioportal.bioontology.org/ontologies/FTDM.owl#DMTO_0000583>	"Sebaceous Gland Alteration"@en	
<https://bioportal.bioontology.org/ontologies/FTDM.owl#DMTO_0000584>	"Decreased Sebaceous Gland Activity"@en	
<https://bioportal.bioontology.org/ontologies/FTDM.owl#DMTO_0000585>	"Decreased Sebaceous Gland Quantity"@en	
<https://bioportal.bioontology.org/ontologies/FTDM.owl#DMTO_0000586>	"Increased Sebaceous Gland Activity"@en	
<https://bioportal.bioontology.org/ontologies/FTDM.owl#DMTO_0000587>	"Increased Sebaceous Gland Quantity"@en	
<https://bioportal.bioontology.org/ontologies/FTDM.owl#DMTO_0000588>	"Skin Barrier Activity"@en	
<https://bioportal.bioontology.org/ontologies/FTDM.owl#DMTO_0000589>	"Sunscreening Activity"@en	
<https://bioportal.bioontology.org/ontologies/FTDM.owl#DMTO_0000590>	"Digestive/GI System Activity Alteration"@en	
<https://bioportal.bioontology.org/ontologies/FTDM.owl#DMTO_0000591>	"Bile Secretion Alteration"@en	
<https://bioportal.bioontology.org/ontologies/FTDM.owl#DMTO_0000592>	"Bile Secretion Composition Alteration"@en	
<https://bioportal.bioontology.org/ontologies/FTDM.owl#DMTO_0000593>	"Increased Bile Iron Secretion"@en	
<https://bioportal.bioontology.org/ontologies/FTDM.owl#DMTO_0000594>	"Bile Secretion Volume Alteration"@en	
<https://bioportal.bioontology.org/ontologies/FTDM.owl#DMTO_0000595>	"Cholagogue Activity"@en	
<https://bioportal.bioontology.org/ontologies/FTDM.owl#DMTO_0000596>	"Choleretic Activity"@en	
<https://bioportal.bioontology.org/ontologies/FTDM.owl#DMTO_0000597>	"Cariostatic Activity"@en	
<https://bioportal.bioontology.org/ontologies/FTDM.owl#DMTO_0000598>	"Digestive Alteration"@en	
<https://bioportal.bioontology.org/ontologies/FTDM.owl#DMTO_0000599>	"Inhibition Carbohydrate Digestion"@en	
<https://bioportal.bioontology.org/ontologies/FTDM.owl#DMTO_0000600>	"Inhibition Fat Digestion"@en	
<https://bioportal.bioontology.org/ontologies/FTDM.owl#DMTO_0000601>	"Pancreatic Enzymatic Replacement"@en	
<https://bioportal.bioontology.org/ontologies/FTDM.owl#DMTO_0000602>	"Gastric Acid Alteration"@en	
<https://bioportal.bioontology.org/ontologies/FTDM.owl#DMTO_0000603>	"Antacid"@en	
<https://bioportal.bioontology.org/ontologies/FTDM.owl#DMTO_0000604>	"Inhibition Gastric Acid Secretion"@en	
<https://bioportal.bioontology.org/ontologies/FTDM.owl#DMTO_0000605>	"Stimulation Gastric Acid Secretion"@en	
<https://bioportal.bioontology.org/ontologies/FTDM.owl#DMTO_0000606>	"Gastric Mucous Secretion Alteration"@en	
<https://bioportal.bioontology.org/ontologies/FTDM.owl#DMTO_0000607>	"Inhibition Gastric Mucous Secretion"@en	
<https://bioportal.bioontology.org/ontologies/FTDM.owl#DMTO_0000608>	"Stimulation Gastric Mucous Secretion"@en	
<https://bioportal.bioontology.org/ontologies/FTDM.owl#DMTO_0000609>	"GI Motility Alteration"@en	
<https://bioportal.bioontology.org/ontologies/FTDM.owl#DMTO_0000610>	"Decreased GI Motility"@en	
<https://bioportal.bioontology.org/ontologies/FTDM.owl#DMTO_0000611>	"Decreased Biliary Motility"@en	
<https://bioportal.bioontology.org/ontologies/FTDM.owl#DMTO_0000612>	"Decreased Esophageal Motility"@en	
<https://bioportal.bioontology.org/ontologies/FTDM.owl#DMTO_0000613>	"Decreased Gastric Motility"@en	
<https://bioportal.bioontology.org/ontologies/FTDM.owl#DMTO_0000614>	"Decreased Large Intestinal Motility"@en	
<https://bioportal.bioontology.org/ontologies/FTDM.owl#DMTO_0000615>	"Decreased Small Intestinal Motility"@en	
<https://bioportal.bioontology.org/ontologies/FTDM.owl#DMTO_0000616>	"Emesis Suppression"@en	
<https://bioportal.bioontology.org/ontologies/FTDM.owl#DMTO_0000617>	"Increased GI Motility"@en	
<https://bioportal.bioontology.org/ontologies/FTDM.owl#DMTO_0000618>	"Emesis"@en	
<https://bioportal.bioontology.org/ontologies/FTDM.owl#DMTO_0000619>	"Increased Biliary Motility"@en	
<https://bioportal.bioontology.org/ontologies/FTDM.owl#DMTO_0000620>	"Increased Esophageal Motility"@en	
<https://bioportal.bioontology.org/ontologies/FTDM.owl#DMTO_0000621>	"Increased Gastric Motility"@en	
<https://bioportal.bioontology.org/ontologies/FTDM.owl#DMTO_0000622>	"Increased Large Intestinal Motility"@en	
<https://bioportal.bioontology.org/ontologies/FTDM.owl#DMTO_0000623>	"Increased Small Intestinal Motility"@en	
<https://bioportal.bioontology.org/ontologies/FTDM.owl#DMTO_0000624>	"GI Smooth Muscle Tone Alteration"@en	
<https://bioportal.bioontology.org/ontologies/FTDM.owl#DMTO_0000625>	"Decreased GI Smooth Muscle Tone"@en	
<https://bioportal.bioontology.org/ontologies/FTDM.owl#DMTO_0000626>	"Decreased Anal Sphincter Tone"@en	
<https://bioportal.bioontology.org/ontologies/FTDM.owl#DMTO_0000627>	"Decreased Esophageal Muscle Tone"@en	
<https://bioportal.bioontology.org/ontologies/FTDM.owl#DMTO_0000628>	"Decreased Gallbladder Tone"@en	
<https://bioportal.bioontology.org/ontologies/FTDM.owl#DMTO_0000629>	"Decreased Gastric Muscle Tone"@en	
<https://bioportal.bioontology.org/ontologies/FTDM.owl#DMTO_0000630>	"Decreased Large Intestinal Muscle Tone"@en	
<https://bioportal.bioontology.org/ontologies/FTDM.owl#DMTO_0000631>	"Decreased LES Tone"@en	
<https://bioportal.bioontology.org/ontologies/FTDM.owl#DMTO_0000632>	"Decreased Pyloric Sphincter Tone"@en	
<https://bioportal.bioontology.org/ontologies/FTDM.owl#DMTO_0000633>	"Decreased Small Intestinal Muscle Tone"@en	
<https://bioportal.bioontology.org/ontologies/FTDM.owl#DMTO_0000634>	"Decreased Sphincter of Odi Tone"@en	
<https://bioportal.bioontology.org/ontologies/FTDM.owl#DMTO_0000635>	"Decreased UES Tone"@en	
<https://bioportal.bioontology.org/ontologies/FTDM.owl#DMTO_0000636>	"Increased GI Smooth Muscle Tone"@en	
<https://bioportal.bioontology.org/ontologies/FTDM.owl#DMTO_0000637>	"Increased Anal Sphincter Tone"@en	
<https://bioportal.bioontology.org/ontologies/FTDM.owl#DMTO_0000638>	"Increased Esophageal Muscle Tone"@en	
<https://bioportal.bioontology.org/ontologies/FTDM.owl#DMTO_0000639>	"Increased Gallbladder Tone"@en	
<https://bioportal.bioontology.org/ontologies/FTDM.owl#DMTO_0000640>	"Increased Gastric Muscle Tone"@en	
<https://bioportal.bioontology.org/ontologies/FTDM.owl#DMTO_0000641>	"Increased Large Intestinal Muscle Tone"@en	
<https://bioportal.bioontology.org/ontologies/FTDM.owl#DMTO_0000642>	"Increased LES Tone"@en	
<https://bioportal.bioontology.org/ontologies/FTDM.owl#DMTO_0000643>	"Increased Pyloric Sphincter Tone"@en	
<https://bioportal.bioontology.org/ontologies/FTDM.owl#DMTO_0000644>	"Increased Small Intestinal Muscle Tone"@en	
<https://bioportal.bioontology.org/ontologies/FTDM.owl#DMTO_0000645>	"Increased Sphincter of Odi Tone"@en	
<https://bioportal.bioontology.org/ontologies/FTDM.owl#DMTO_0000646>	"Increased UES Tone"@en	
<https://bioportal.bioontology.org/ontologies/FTDM.owl#DMTO_0000647>	"Large Intestine Fluid/Electrolyte Alteration"@en	
<https://bioportal.bioontology.org/ontologies/FTDM.owl#DMTO_0000648>	"Large Intestine Fluid/Electrolyte Absorption Alteration"@en	
<https://bioportal.bioontology.org/ontologies/FTDM.owl#DMTO_0000649>	"Inhibition Large Intestine Fluid/Electrolyte Absorption"@en	
<https://bioportal.bioontology.org/ontologies/FTDM.owl#DMTO_0000650>	"Stimulation Large Intestine Fluid/Electrolyte Absorption"@en	
<https://bioportal.bioontology.org/ontologies/FTDM.owl#DMTO_0000651>	"Large Intestine Fluid/Electrolyte Secretion Alteration"@en	
<https://bioportal.bioontology.org/ontologies/FTDM.owl#DMTO_0000652>	"Inhibition Large Intestine Fluid/Electrolyte Secretion"@en	
<https://bioportal.bioontology.org/ontologies/FTDM.owl#DMTO_0000653>	"Stimulation Large Intestine Fluid/Electrolyte Secretion"@en	
<https://bioportal.bioontology.org/ontologies/FTDM.owl#DMTO_0000654>	"Pancreatic Secretion Alteration"@en	
<https://bioportal.bioontology.org/ontologies/FTDM.owl#DMTO_0000655>	"Pancreatic Enzymatic Secretion Alteration"@en	
<https://bioportal.bioontology.org/ontologies/FTDM.owl#DMTO_0000656>	"Inhibition Pancreatic Enzymatic Secretion"@en	
<https://bioportal.bioontology.org/ontologies/FTDM.owl#DMTO_0000657>	"Stimulation Pancreatic Enzymatic Secretion"@en	
<https://bioportal.bioontology.org/ontologies/FTDM.owl#DMTO_0000658>	"Pancreatic Fluid/Electrolyte Secretion Alteration"@en	
<https://bioportal.bioontology.org/ontologies/FTDM.owl#DMTO_0000659>	"Inhibition Pancreatic Fluid/Electrolyte Secretion"@en	
<https://bioportal.bioontology.org/ontologies/FTDM.owl#DMTO_0000660>	"Stimulation Pancreatic Fluid/Electrolyte Secretion"@en	
<https://bioportal.bioontology.org/ontologies/FTDM.owl#DMTO_0000661>	"Saliva Production Alteration"@en	
<https://bioportal.bioontology.org/ontologies/FTDM.owl#DMTO_0000662>	"Salivation Inhibition"@en	
<https://bioportal.bioontology.org/ontologies/FTDM.owl#DMTO_0000663>	"Salivation Stimulation"@en	
<https://bioportal.bioontology.org/ontologies/FTDM.owl#DMTO_0000664>	"Small Intestine Fluid/Electrolyte Alteration"@en	
<https://bioportal.bioontology.org/ontologies/FTDM.owl#DMTO_0000665>	"Small Intestine Fluid/Electrolyte Absorption Alteration"@en	
<https://bioportal.bioontology.org/ontologies/FTDM.owl#DMTO_0000666>	"Inhibition Small Intestine Fluid/Electrolyte Absorption"@en	
<https://bioportal.bioontology.org/ontologies/FTDM.owl#DMTO_0000667>	"Stimulation Small Intestine Fluid/Electrolyte Absorption"@en	
<https://bioportal.bioontology.org/ontologies/FTDM.owl#DMTO_0000668>	"Small Intestine Fluid/Electrolyte Secretion Alteration"@en	
<https://bioportal.bioontology.org/ontologies/FTDM.owl#DMTO_0000669>	"Inhibition Small Intestine Fluid/Electrolyte Secretion"@en	
<https://bioportal.bioontology.org/ontologies/FTDM.owl#DMTO_0000670>	"Stimulation Small Intestine Fluid/Electrolyte Secretion"@en	
<https://bioportal.bioontology.org/ontologies/FTDM.owl#DMTO_0000671>	"Endocrine Activity Alteration"@en	
<https://bioportal.bioontology.org/ontologies/FTDM.owl#DMTO_0000672>	"Adrenal Cortical Activity Alteration"@en	
<https://bioportal.bioontology.org/ontologies/FTDM.owl#DMTO_0000673>	"Decreased Glucocorticoid Clearance"@en	
<https://bioportal.bioontology.org/ontologies/FTDM.owl#DMTO_0000674>	"Decreased Glucocorticoid Secretion"@en	
<https://bioportal.bioontology.org/ontologies/FTDM.owl#DMTO_0000675>	"Decreased Mineralocorticoid Secretion"@en	
<https://bioportal.bioontology.org/ontologies/FTDM.owl#DMTO_0000676>	"Increased Glucocorticoid Clearance"@en	
<https://bioportal.bioontology.org/ontologies/FTDM.owl#DMTO_0000677>	"Increased Glucocorticoid Secretion"@en	
<https://bioportal.bioontology.org/ontologies/FTDM.owl#DMTO_0000678>	"Increased Mineralocorticoid Secretion"@en	
<https://bioportal.bioontology.org/ontologies/FTDM.owl#DMTO_0000679>	"Adrenal Medullary Activity Alteration"@en	
<https://bioportal.bioontology.org/ontologies/FTDM.owl#DMTO_0000680>	"Decreased Adrenal Epinephrine Secretion"@en	
<https://bioportal.bioontology.org/ontologies/FTDM.owl#DMTO_0000681>	"Decreased Adrenal Norepinephrine Secretion"@en	
<https://bioportal.bioontology.org/ontologies/FTDM.owl#DMTO_0000682>	"Increased Adrenal Epinephrine Secretion"@en	
<https://bioportal.bioontology.org/ontologies/FTDM.owl#DMTO_0000683>	"Increased Adrenal Norepinephrine Secretion"@en	
<https://bioportal.bioontology.org/ontologies/FTDM.owl#DMTO_0000684>	"Hypothalamic Endocrine Activity Alteration"@en	
<https://bioportal.bioontology.org/ontologies/FTDM.owl#DMTO_0000685>	"Ovarian Endocrine Activity Alteration"@en	
<https://bioportal.bioontology.org/ontologies/FTDM.owl#DMTO_0000686>	"Decreased Ovarian Estrogen Secretion"@en	
<https://bioportal.bioontology.org/ontologies/FTDM.owl#DMTO_0000687>	"Decreased Ovarian Progesterone Secretion"@en	
<https://bioportal.bioontology.org/ontologies/FTDM.owl#DMTO_0000688>	"Increased Ovarian Estrogen Secretion"@en	
<https://bioportal.bioontology.org/ontologies/FTDM.owl#DMTO_0000689>	"Increased Ovarian Progesterone Secretion"@en	
<https://bioportal.bioontology.org/ontologies/FTDM.owl#DMTO_0000690>	"Pancreatic Islet Activity Alteration"@en	
<https://bioportal.bioontology.org/ontologies/FTDM.owl#DMTO_0000691>	"Decreased Glucagon Secretion"@en	
<https://bioportal.bioontology.org/ontologies/FTDM.owl#DMTO_0000692>	"Decreased Insulin Secretion"@en	
<https://bioportal.bioontology.org/ontologies/FTDM.owl#DMTO_0000693>	"Decreased Pancreatic Somatostatin Secretion"@en	
<https://bioportal.bioontology.org/ontologies/FTDM.owl#DMTO_0000694>	"Increased Glucagon Secretion"@en	
<https://bioportal.bioontology.org/ontologies/FTDM.owl#DMTO_0000695>	"Increased Insulin Secretion"@en	
<https://bioportal.bioontology.org/ontologies/FTDM.owl#DMTO_0000696>	"Increased Pancreatic Somatostatin Secretion"@en	
<https://bioportal.bioontology.org/ontologies/FTDM.owl#DMTO_0000697>	"Parathyroid Gland Activity Alteration"@en	
<https://bioportal.bioontology.org/ontologies/FTDM.owl#DMTO_0000698>	"Decreased Calcitonin Secretion"@en	
<https://bioportal.bioontology.org/ontologies/FTDM.owl#DMTO_0000699>	"Decreased PTH Secretion"@en	
<https://bioportal.bioontology.org/ontologies/FTDM.owl#DMTO_0000700>	"Increased Calcitonin Secretion"@en	
<https://bioportal.bioontology.org/ontologies/FTDM.owl#DMTO_0000701>	"Increased PTH Secretion"@en	
<https://bioportal.bioontology.org/ontologies/FTDM.owl#DMTO_0000702>	"Pineal Gland Activity Alteration"@en	
<https://bioportal.bioontology.org/ontologies/FTDM.owl#DMTO_0000703>	"Melatonin Alteration"@en	
<https://bioportal.bioontology.org/ontologies/FTDM.owl#DMTO_0000704>	"Melatonin Activity Alteration"@en	
<https://bioportal.bioontology.org/ontologies/FTDM.owl#DMTO_0000705>	"Decreased Melatonin Activity"@en	
<https://bioportal.bioontology.org/ontologies/FTDM.owl#DMTO_0000706>	"Increased Melatonin Activity"@en	
<https://bioportal.bioontology.org/ontologies/FTDM.owl#DMTO_0000707>	"Melatonin Secretion Alteration"@en	
<https://bioportal.bioontology.org/ontologies/FTDM.owl#DMTO_0000708>	"Decreased Melatonin Secretion"@en	
<https://bioportal.bioontology.org/ontologies/FTDM.owl#DMTO_0000709>	"Increased Melatonin Secretion"@en	
<https://bioportal.bioontology.org/ontologies/FTDM.owl#DMTO_0000710>	"Pituitary Gland Activity Alteration"@en	
<https://bioportal.bioontology.org/ontologies/FTDM.owl#DMTO_0000711>	"Placental Endocrine Activity Alteration"@en	
<https://bioportal.bioontology.org/ontologies/FTDM.owl#DMTO_0000712>	"Decreased Placental Human Chorionic Gonadotropin Secretion"@en	
<https://bioportal.bioontology.org/ontologies/FTDM.owl#DMTO_0000713>	"Increased Placental Human Chorionic Gonadotropin Secretion"@en	
<https://bioportal.bioontology.org/ontologies/FTDM.owl#DMTO_0000714>	"Renal Endocrine Activity Alteration"@en	
<https://bioportal.bioontology.org/ontologies/FTDM.owl#DMTO_0000715>	"Decreased Erythropoetin Secretion"@en	
<https://bioportal.bioontology.org/ontologies/FTDM.owl#DMTO_0000716>	"Increased Erythropoetin Secretion"@en	
<https://bioportal.bioontology.org/ontologies/FTDM.owl#DMTO_0000717>	"Testicular Endocrine Activity Alteration"@en	
<https://bioportal.bioontology.org/ontologies/FTDM.owl#DMTO_0000718>	"Decreased Dihydrotestosterone Secretion"@en	
<https://bioportal.bioontology.org/ontologies/FTDM.owl#DMTO_0000719>	"Decreased Testosterone Secretion"@en	
<https://bioportal.bioontology.org/ontologies/FTDM.owl#DMTO_0000720>	"Increased Dihydrotestosterone Secretion"@en	
<https://bioportal.bioontology.org/ontologies/FTDM.owl#DMTO_0000721>	"Increased Testosterone Secretion"@en	
<https://bioportal.bioontology.org/ontologies/FTDM.owl#DMTO_0000722>	"Thyroid Gland Activity Alteration"@en	
<https://bioportal.bioontology.org/ontologies/FTDM.owl#DMTO_0000723>	"Nervous System Activity Alteration"@en	
<https://bioportal.bioontology.org/ontologies/FTDM.owl#DMTO_0000724>	"Central Nervous System Activity Alteration"@en	
<https://bioportal.bioontology.org/ontologies/FTDM.owl#DMTO_0000725>	"Central Nervous System Depression"@en	
<https://bioportal.bioontology.org/ontologies/FTDM.owl#DMTO_0000726>	"Analgesia"@en	
<https://bioportal.bioontology.org/ontologies/FTDM.owl#DMTO_0000727>	"Appetite Suppression"@en	
<https://bioportal.bioontology.org/ontologies/FTDM.owl#DMTO_0000728>	"Emesis Suppression"@en	
<https://bioportal.bioontology.org/ontologies/FTDM.owl#DMTO_0000729>	"General Anesthesia"@en	
<https://bioportal.bioontology.org/ontologies/FTDM.owl#DMTO_0000730>	"Central Nervous System Stimulation"@en	
<https://bioportal.bioontology.org/ontologies/FTDM.owl#DMTO_0000731>	"Appetite Stimulation"@en	
<https://bioportal.bioontology.org/ontologies/FTDM.owl#DMTO_0000732>	"Electrical Activity Alteration"@en	
<https://bioportal.bioontology.org/ontologies/FTDM.owl#DMTO_0000733>	"Disorganized Electrical Activity Alteration"@en	
<https://bioportal.bioontology.org/ontologies/FTDM.owl#DMTO_0000734>	"Decreased Disorganized Electrical Activity"@en	
<https://bioportal.bioontology.org/ontologies/FTDM.owl#DMTO_0000735>	"Decreased Central Nervous System Disorganized Electrical Activity"@en	
<https://bioportal.bioontology.org/ontologies/FTDM.owl#DMTO_0000736>	"Decreased Muscular System Disorganized Electrical Activity"@en	
<https://bioportal.bioontology.org/ontologies/FTDM.owl#DMTO_0000737>	"Decreased Peripheral Nervous System Disorganized Electrical Activity"@en	
<https://bioportal.bioontology.org/ontologies/FTDM.owl#DMTO_0000738>	"Increased Disorganized Electrical Activity"@en	
<https://bioportal.bioontology.org/ontologies/FTDM.owl#DMTO_0000739>	"Increased Central Nervous System Disorganized Electrical Activity"@en	
<https://bioportal.bioontology.org/ontologies/FTDM.owl#DMTO_0000740>	"Increased Muscular System Disorganized Electrical Activity"@en	
<https://bioportal.bioontology.org/ontologies/FTDM.owl#DMTO_0000741>	"Increased Peripheral Nervous System Disorganized Electrical Activity"@en	
<https://bioportal.bioontology.org/ontologies/FTDM.owl#DMTO_0000742>	"Organized Electrical Activity Alteration"@en	
<https://bioportal.bioontology.org/ontologies/FTDM.owl#DMTO_0000743>	"Decreased Organized Electrical Activity"@en	
<https://bioportal.bioontology.org/ontologies/FTDM.owl#DMTO_0000744>	"Decreased Central Nervous System Organized Electrical Activity"@en	
<https://bioportal.bioontology.org/ontologies/FTDM.owl#DMTO_0000745>	"Decreased Muscular System Organized Electrical Activity"@en	
<https://bioportal.bioontology.org/ontologies/FTDM.owl#DMTO_0000746>	"Decreased Peripheral Nervous System Organized Electrical Activity"@en	
<https://bioportal.bioontology.org/ontologies/FTDM.owl#DMTO_0000747>	"Increased Organized Electrical Activity"@en	
<https://bioportal.bioontology.org/ontologies/FTDM.owl#DMTO_0000748>	"Increased Central Nervous System Organized Electrical Activity"@en	
<https://bioportal.bioontology.org/ontologies/FTDM.owl#DMTO_0000749>	"Increased Muscular System Organized Electrical Activity"@en	
<https://bioportal.bioontology.org/ontologies/FTDM.owl#DMTO_0000750>	"Increased Peripheral Nervous System Organized Electrical Activity"@en	
<https://bioportal.bioontology.org/ontologies/FTDM.owl#DMTO_0000751>	"Neurotransmitter & Neuromuscular Transmitter Activity Alteration"@en	
<https://bioportal.bioontology.org/ontologies/FTDM.owl#DMTO_0000752>	"Acetylcholine Activity Alteration"@en	
<https://bioportal.bioontology.org/ontologies/FTDM.owl#DMTO_0000753>	"Decreased Acetylcholine Activity"@en	
<https://bioportal.bioontology.org/ontologies/FTDM.owl#DMTO_0000754>	"Decreased Central Nervous System Acetylcholine Activity"@en	
<https://bioportal.bioontology.org/ontologies/FTDM.owl#DMTO_0000755>	"Decreased Muscular System Acetylcholine Activity"@en	
<https://bioportal.bioontology.org/ontologies/FTDM.owl#DMTO_0000756>	"Decreased Peripheral Nervous System Acetylcholine Activity"@en	
<https://bioportal.bioontology.org/ontologies/FTDM.owl#DMTO_0000757>	"Increased Acetylcholine Activity"@en	
<https://bioportal.bioontology.org/ontologies/FTDM.owl#DMTO_0000758>	"Increased Central Nervous System Acetylcholine Activity"@en	
<https://bioportal.bioontology.org/ontologies/FTDM.owl#DMTO_0000759>	"Increased Muscular System Acetylcholine Activity"@en	
<https://bioportal.bioontology.org/ontologies/FTDM.owl#DMTO_0000760>	"Increased Peripheral Nervous System Acetylcholine Activity"@en	
<https://bioportal.bioontology.org/ontologies/FTDM.owl#DMTO_0000761>	"Aspartate Activity Alteration"@en	
<https://bioportal.bioontology.org/ontologies/FTDM.owl#DMTO_0000762>	"Decreased Aspartate Activity"@en	
<https://bioportal.bioontology.org/ontologies/FTDM.owl#DMTO_0000763>	"Increased Aspartate Activity"@en	
<https://bioportal.bioontology.org/ontologies/FTDM.owl#DMTO_0000764>	"Brain Derived Neurotropic Factor Activity Alteration"@en	
<https://bioportal.bioontology.org/ontologies/FTDM.owl#DMTO_0000765>	"Decreased Brain Derived Neurotropic Activity"@en	
<https://bioportal.bioontology.org/ontologies/FTDM.owl#DMTO_0000766>	"Increased Brain Derived Neurotropic Activity"@en	
<https://bioportal.bioontology.org/ontologies/FTDM.owl#DMTO_0000767>	"CCK Activity Alteration"@en	
<https://bioportal.bioontology.org/ontologies/FTDM.owl#DMTO_0000768>	"Decreased CCK Activity"@en	
<https://bioportal.bioontology.org/ontologies/FTDM.owl#DMTO_0000769>	"Increased CCK Activity"@en	
<https://bioportal.bioontology.org/ontologies/FTDM.owl#DMTO_0000770>	"Dopamine Activity Alteration"@en	
<https://bioportal.bioontology.org/ontologies/FTDM.owl#DMTO_0000771>	"Decreased Dopamine Activity"@en	
<https://bioportal.bioontology.org/ontologies/FTDM.owl#DMTO_0000772>	"Increased Dopamine Activity"@en	
<https://bioportal.bioontology.org/ontologies/FTDM.owl#DMTO_0000773>	"Dynorphin Activity Alteration"@en	
<https://bioportal.bioontology.org/ontologies/FTDM.owl#DMTO_0000774>	"Decreased Dynorphin Activity"@en	
<https://bioportal.bioontology.org/ontologies/FTDM.owl#DMTO_0000775>	"Increased Dynorphin Activity"@en	
<https://bioportal.bioontology.org/ontologies/FTDM.owl#DMTO_0000776>	"Endorphin Activity Alteration"@en	
<https://bioportal.bioontology.org/ontologies/FTDM.owl#DMTO_0000777>	"Decreased Endorphin Activity"@en	
<https://bioportal.bioontology.org/ontologies/FTDM.owl#DMTO_0000778>	"Increased Endorphin Activity"@en	
<https://bioportal.bioontology.org/ontologies/FTDM.owl#DMTO_0000779>	"Enkephalin Activity Alteration"@en	
<https://bioportal.bioontology.org/ontologies/FTDM.owl#DMTO_0000780>	"Decreased Enkephalin Activity"@en	
<https://bioportal.bioontology.org/ontologies/FTDM.owl#DMTO_0000781>	"Increased Enkephalin Activity"@en	
<https://bioportal.bioontology.org/ontologies/FTDM.owl#DMTO_0000782>	"Epinephrine Activity Alteration"@en	
<https://bioportal.bioontology.org/ontologies/FTDM.owl#DMTO_0000783>	"Decreased Epinephrine Activity"@en	
<https://bioportal.bioontology.org/ontologies/FTDM.owl#DMTO_0000784>	"Increased Epinephrine Activity"@en	
<https://bioportal.bioontology.org/ontologies/FTDM.owl#DMTO_0000785>	"Gamma Amino Butyric Acid (GABA) Activity Alteration"@en	
<https://bioportal.bioontology.org/ontologies/FTDM.owl#DMTO_0000786>	"Decreased GABA Activity"@en	
<https://bioportal.bioontology.org/ontologies/FTDM.owl#DMTO_0000787>	"Increased GABA Activity"@en	
<https://bioportal.bioontology.org/ontologies/FTDM.owl#DMTO_0000788>	"Gastrin Activity Alteration"@en	
<https://bioportal.bioontology.org/ontologies/FTDM.owl#DMTO_0000789>	"Decreased Gastrin Activity"@en	
<https://bioportal.bioontology.org/ontologies/FTDM.owl#DMTO_0000790>	"Increased Gastrin Activity"@en	
<https://bioportal.bioontology.org/ontologies/FTDM.owl#DMTO_0000791>	"Glutamate Activity Alteration"@en	
<https://bioportal.bioontology.org/ontologies/FTDM.owl#DMTO_0000792>	"Decreased Glutamate Activity"@en	
<https://bioportal.bioontology.org/ontologies/FTDM.owl#DMTO_0000793>	"Increased Glutamate Activity"@en	
<https://bioportal.bioontology.org/ontologies/FTDM.owl#DMTO_0000794>	"Glycine Activity Alteration"@en	
<https://bioportal.bioontology.org/ontologies/FTDM.owl#DMTO_0000795>	"Decreased Glycine Activity"@en	
<https://bioportal.bioontology.org/ontologies/FTDM.owl#DMTO_0000796>	"Increased Glycine Activity"@en	
<https://bioportal.bioontology.org/ontologies/FTDM.owl#DMTO_0000797>	"Histamine Activity Alteration"@en	
<https://bioportal.bioontology.org/ontologies/FTDM.owl#DMTO_0000798>	"Decreased Histamine Activity"@en	
<https://bioportal.bioontology.org/ontologies/FTDM.owl#DMTO_0000799>	"Increased Histamine Activity"@en	
<https://bioportal.bioontology.org/ontologies/FTDM.owl#DMTO_0000800>	"Nerve Growth Factor Activity Alteration"@en	
<https://bioportal.bioontology.org/ontologies/FTDM.owl#DMTO_0000801>	"Decreased Nerve Growth Factor Activity"@en	
<https://bioportal.bioontology.org/ontologies/FTDM.owl#DMTO_0000802>	"Increased Nerve Growth Factor Activity"@en	
<https://bioportal.bioontology.org/ontologies/FTDM.owl#DMTO_0000803>	"Neurotensin Activity Alteration"@en	
<https://bioportal.bioontology.org/ontologies/FTDM.owl#DMTO_0000804>	"Decreased Neurotensin Activity"@en	
<https://bioportal.bioontology.org/ontologies/FTDM.owl#DMTO_0000805>	"Increased Neurotensin Activity"@en	
<https://bioportal.bioontology.org/ontologies/FTDM.owl#DMTO_0000806>	"Nitric Oxide Activity Alteration"@en	
<https://bioportal.bioontology.org/ontologies/FTDM.owl#DMTO_0000807>	"Decreased Nitric Oxide Activity"@en	
<https://bioportal.bioontology.org/ontologies/FTDM.owl#DMTO_0000808>	"Increased Nitric Oxide Activity"@en	
<https://bioportal.bioontology.org/ontologies/FTDM.owl#DMTO_0000809>	"Norepinephrine Activity Alteration"@en	
<https://bioportal.bioontology.org/ontologies/FTDM.owl#DMTO_0000810>	"Decreased Norepinephrine Activity"@en	
<https://bioportal.bioontology.org/ontologies/FTDM.owl#DMTO_0000811>	"Decreased Central Nervous System Norepinephrine Activity"@en	
<https://bioportal.bioontology.org/ontologies/FTDM.owl#DMTO_0000812>	"Decreased Muscular System Norepinephrine Activity"@en	
<https://bioportal.bioontology.org/ontologies/FTDM.owl#DMTO_0000813>	"Decreased Peripheral Nervous System Norepinephrine Activity"@en	
<https://bioportal.bioontology.org/ontologies/FTDM.owl#DMTO_0000814>	"Increased Norepinephrine Activity"@en	
<https://bioportal.bioontology.org/ontologies/FTDM.owl#DMTO_0000815>	"Increased Central Nervous System Norepinephrine Activity"@en	
<https://bioportal.bioontology.org/ontologies/FTDM.owl#DMTO_0000816>	"Increased Muscular System Norepinephrine Activity"@en	
<https://bioportal.bioontology.org/ontologies/FTDM.owl#DMTO_0000817>	"Serotonin Activity Alteration"@en	
<https://bioportal.bioontology.org/ontologies/FTDM.owl#DMTO_0000818>	"Decreased Serotonin Activity"@en	
<https://bioportal.bioontology.org/ontologies/FTDM.owl#DMTO_0000819>	"Increased Serotonin Activity"@en	
<https://bioportal.bioontology.org/ontologies/FTDM.owl#DMTO_0000820>	"Substance P Activity Alteration"@en	
<https://bioportal.bioontology.org/ontologies/FTDM.owl#DMTO_0000821>	"Decreased Substance P Activity"@en	
<https://bioportal.bioontology.org/ontologies/FTDM.owl#DMTO_0000822>	"Increased Substance P Activity"@en	
<https://bioportal.bioontology.org/ontologies/FTDM.owl#DMTO_0000823>	"Vasoactive Intestinal Polypeptide (VIP) Activity Alteration"@en	
<https://bioportal.bioontology.org/ontologies/FTDM.owl#DMTO_0000824>	"Decreased VIP Activity"@en	
<https://bioportal.bioontology.org/ontologies/FTDM.owl#DMTO_0000825>	"Increased VIP Activity"@en	
<https://bioportal.bioontology.org/ontologies/FTDM.owl#DMTO_0000826>	"Peripheral Nervous System Activity Alteration"@en	
<https://bioportal.bioontology.org/ontologies/FTDM.owl#DMTO_0000827>	"Autonomic Nervous System Activity Alteration"@en	
<https://bioportal.bioontology.org/ontologies/FTDM.owl#DMTO_0000828>	"Neuromuscular Activity Alteration"@en	
<https://bioportal.bioontology.org/ontologies/FTDM.owl#DMTO_0000829>	"Sensory System Activity Alteration"@en	
<https://bioportal.bioontology.org/ontologies/FTDM.owl#DMTO_0000830>	"Analgesia"@en	
<https://bioportal.bioontology.org/ontologies/FTDM.owl#DMTO_0000831>	"Local Anesthesia"@en	
<https://bioportal.bioontology.org/ontologies/FTDM.owl#DMTO_0000832>	"Centrally-mediated Muscle Relaxation"@en	
<https://bioportal.bioontology.org/ontologies/FTDM.owl#DMTO_0000833>	"Autonomic Ganglionic Activity Alteration"@en	
<https://bioportal.bioontology.org/ontologies/FTDM.owl#DMTO_0000834>	"Parasympathetic Activity Alteration"@en	
<https://bioportal.bioontology.org/ontologies/FTDM.owl#DMTO_0000835>	"Smooth Muscle Tone Alteration"@en	
<https://bioportal.bioontology.org/ontologies/FTDM.owl#DMTO_0000836>	"Sympathetic Activity Alteration"@en	
<https://bioportal.bioontology.org/ontologies/FTDM.owl#DMTO_0000837>	"Renal/Urological Activity Alteration"@en	
<https://bioportal.bioontology.org/ontologies/FTDM.owl#DMTO_0000838>	"Bladder Contractility Alteration"@en	
<https://bioportal.bioontology.org/ontologies/FTDM.owl#DMTO_0000839>	"Bladder Sphincter Tone Alteration"@en	
<https://bioportal.bioontology.org/ontologies/FTDM.owl#DMTO_0000840>	"Collecting Duct Water Permeability Alteration"@en	
<https://bioportal.bioontology.org/ontologies/FTDM.owl#DMTO_0000841>	"Diuresis Alteration"@en	
<https://bioportal.bioontology.org/ontologies/FTDM.owl#DMTO_0000842>	"Glomerular Filtration Pressure Alteration"@en	
<https://bioportal.bioontology.org/ontologies/FTDM.owl#DMTO_0000843>	"Renal Ion Transport Alteration"@en	
<https://bioportal.bioontology.org/ontologies/FTDM.owl#DMTO_0000844>	"Renal Organic Ion Transport Alteration"@en	
<https://bioportal.bioontology.org/ontologies/FTDM.owl#DMTO_0000845>	"Urethra Smooth Muscle Tone Alteration"@en	
<https://bioportal.bioontology.org/ontologies/FTDM.owl#DMTO_0000846>	"Decreased Bladder Contractility"@en	
<https://bioportal.bioontology.org/ontologies/FTDM.owl#DMTO_0000847>	"Increased Bladder Contractility"@en	
<https://bioportal.bioontology.org/ontologies/FTDM.owl#DMTO_0000848>	"Decreased Bladder Sphincter Tone"@en	
<https://bioportal.bioontology.org/ontologies/FTDM.owl#DMTO_0000849>	"Increased Bladder Sphincter Tone"@en	
<https://bioportal.bioontology.org/ontologies/FTDM.owl#DMTO_0000850>	"Decreased Collecting Duct Water Permeability"@en	
<https://bioportal.bioontology.org/ontologies/FTDM.owl#DMTO_0000851>	"Increased Collecting Duct Water Permeability"@en	
<https://bioportal.bioontology.org/ontologies/FTDM.owl#DMTO_0000852>	"Decreased Diuresis"@en	
<https://bioportal.bioontology.org/ontologies/FTDM.owl#DMTO_0000853>	"Increased Diuresis"@en	
<https://bioportal.bioontology.org/ontologies/FTDM.owl#DMTO_0000854>	"Decreased Glomerular Filtration Pressure"@en	
<https://bioportal.bioontology.org/ontologies/FTDM.owl#DMTO_0000855>	"Increased Glomerular Filtration Pressure"@en	
<https://bioportal.bioontology.org/ontologies/FTDM.owl#DMTO_0000856>	"Decreased Renal Ion Excretion"@en	
<https://bioportal.bioontology.org/ontologies/FTDM.owl#DMTO_0000857>	"Increased Renal Ion Excretion"@en	
<https://bioportal.bioontology.org/ontologies/FTDM.owl#DMTO_0000858>	"Respiratory/Pulmonary Activity Alteration"@en	
<https://bioportal.bioontology.org/ontologies/FTDM.owl#DMTO_0000859>	"Alveolar Surface Tension Alteration"@en	
<https://bioportal.bioontology.org/ontologies/FTDM.owl#DMTO_0000860>	"Medullary Respiratory Center Activity Alteration"@en	
<https://bioportal.bioontology.org/ontologies/FTDM.owl#DMTO_0000861>	"Peripheral Carotid Chemoreceptor Alteration"@en	
<https://bioportal.bioontology.org/ontologies/FTDM.owl#DMTO_0000862>	"Respiratory Mucosal Edema Alteration"@en	
<https://bioportal.bioontology.org/ontologies/FTDM.owl#DMTO_0000863>	"Respiratory Secretion Alteration"@en	
<https://bioportal.bioontology.org/ontologies/FTDM.owl#DMTO_0000864>	"Respiratory Smooth Muscle Tone Alteration"@en	
<https://bioportal.bioontology.org/ontologies/FTDM.owl#DMTO_0000865>	"Tracheobronchial Stretch Receptor Alteration"@en	
<https://bioportal.bioontology.org/ontologies/FTDM.owl#DMTO_0000866>	"Ventilatory Gas Flow Alteration"@en	
<https://bioportal.bioontology.org/ontologies/FTDM.owl#DMTO_0000867>	"Aerosol"@en	
<https://bioportal.bioontology.org/ontologies/FTDM.owl#DMTO_0000868>	"Drops"@en	
<https://bioportal.bioontology.org/ontologies/FTDM.owl#DMTO_0000869>	"Inhalant Solution"@en	
<https://bioportal.bioontology.org/ontologies/FTDM.owl#DMTO_0000870>	"Irrigation Solution"@en	
<https://bioportal.bioontology.org/ontologies/FTDM.owl#DMTO_0000871>	"Nasal Solution"@en	
<https://bioportal.bioontology.org/ontologies/FTDM.owl#DMTO_0000872>	"Ophthalmic Solution"@en	
<https://bioportal.bioontology.org/ontologies/FTDM.owl#DMTO_0000873>	"Otic Solution"@en	
<https://bioportal.bioontology.org/ontologies/FTDM.owl#DMTO_0000874>	"Injectable Suspension"@en	
<https://bioportal.bioontology.org/ontologies/FTDM.owl#DMTO_0000875>	"Ophthalmic Suspension"@en	
<https://bioportal.bioontology.org/ontologies/FTDM.owl#DMTO_0000876>	"Bar"@en	
<https://bioportal.bioontology.org/ontologies/FTDM.owl#DMTO_0000877>	"Bar Soap"@en	
<https://bioportal.bioontology.org/ontologies/FTDM.owl#DMTO_0000878>	"Medicated Bar Soap"@en	
<https://bioportal.bioontology.org/ontologies/FTDM.owl#DMTO_0000879>	"Chewable Bar"@en	
<https://bioportal.bioontology.org/ontologies/FTDM.owl#DMTO_0000880>	"Beads"@en	
<https://bioportal.bioontology.org/ontologies/FTDM.owl#DMTO_0000881>	"Cake"@en	
<https://bioportal.bioontology.org/ontologies/FTDM.owl#DMTO_0000882>	"Cement"@en	
<https://bioportal.bioontology.org/ontologies/FTDM.owl#DMTO_0000883>	"Chewing Gum"@en	
<https://bioportal.bioontology.org/ontologies/FTDM.owl#DMTO_0000884>	"Crystals"@en	
<https://bioportal.bioontology.org/ontologies/FTDM.owl#DMTO_0000885>	"Disk"@en	
<https://bioportal.bioontology.org/ontologies/FTDM.owl#DMTO_0000886>	"Flakes"@en	
<https://bioportal.bioontology.org/ontologies/FTDM.owl#DMTO_0000887>	"Gel"@en	
<https://bioportal.bioontology.org/ontologies/FTDM.owl#DMTO_0000888>	"Gel with Applicator"@en	
<https://bioportal.bioontology.org/ontologies/FTDM.owl#DMTO_0000889>	"Nasal Gel"@en	
<https://bioportal.bioontology.org/ontologies/FTDM.owl#DMTO_0000890>	"Ophthalmic Gel"@en	
<https://bioportal.bioontology.org/ontologies/FTDM.owl#DMTO_0000891>	"Oral Gel"@en	
<https://bioportal.bioontology.org/ontologies/FTDM.owl#DMTO_0000892>	"Rectal Gel"@en	
<https://bioportal.bioontology.org/ontologies/FTDM.owl#DMTO_0000893>	"Topical Gel"@en	
<https://bioportal.bioontology.org/ontologies/FTDM.owl#DMTO_0000894>	"Augmented Topical Gel"@en	
<https://bioportal.bioontology.org/ontologies/FTDM.owl#DMTO_0000895>	"Urethral Gel"@en	
<https://bioportal.bioontology.org/ontologies/FTDM.owl#DMTO_0000896>	"Vaginal Gel"@en	
<https://bioportal.bioontology.org/ontologies/FTDM.owl#DMTO_0000897>	"Granules"@en	
<https://bioportal.bioontology.org/ontologies/FTDM.owl#DMTO_0000898>	"Ointment"@en	
<https://bioportal.bioontology.org/ontologies/FTDM.owl#DMTO_0000899>	"Oral Strip"@en	
<https://bioportal.bioontology.org/ontologies/FTDM.owl#DMTO_0000900>	"Pellet"@en	
<https://bioportal.bioontology.org/ontologies/FTDM.owl#DMTO_0000901>	"Disintegrating Tablet"@en	
<https://bioportal.bioontology.org/ontologies/FTDM.owl#DMTO_0000902>	"Sublingual Tablet"@en	
<https://bioportal.bioontology.org/ontologies/FTDM.owl#DMTO_0000903>	"Vaginal Tablet"@en	
<https://bioportal.bioontology.org/ontologies/FTDM.owl#DMTO_0000904>	"Enteric Coated Capsule"@en	
<https://bioportal.bioontology.org/ontologies/FTDM.owl#DMTO_0000905>	"12 hour Extended Release Capsule"@en	
<https://bioportal.bioontology.org/ontologies/FTDM.owl#DMTO_0000906>	"24 Hour Extended Release Capsule"@en	
<https://bioportal.bioontology.org/ontologies/FTDM.owl#DMTO_0000907>	"Extended Release Enteric Coated Capsule"@en	
<https://bioportal.bioontology.org/ontologies/FTDM.owl#DMTO_0000908>	"Extended Release Enteric Coated Capsule"@en	
<https://bioportal.bioontology.org/ontologies/FTDM.owl#DMTO_0000912>	"plan history"@en	
<https://bioportal.bioontology.org/ontologies/FTDM.owl#DMTO_0000914>	"alpha glucosidase inhibitor"@en	
<https://bioportal.bioontology.org/ontologies/FTDM.owl#DMTO_0000917>	"sulfonylurea"@en	
<https://bioportal.bioontology.org/ontologies/FTDM.owl#DMTO_0000918>	"thiazolidinedione"@en	
<https://bioportal.bioontology.org/ontologies/FTDM.owl#DMTO_0000920>	"other drug"@en	
<https://bioportal.bioontology.org/ontologies/FTDM.owl#DMTO_0000921>	"acarbose"@en	
<https://bioportal.bioontology.org/ontologies/FTDM.owl#DMTO_0000922>	"miglitol"@en	
<https://bioportal.bioontology.org/ontologies/FTDM.owl#DMTO_0000925>	"dipeptidyl peptidase 4 (DPP-4) inhibitor"@en	
<https://bioportal.bioontology.org/ontologies/FTDM.owl#DMTO_0000926>	"alogliptin"@en	
<https://bioportal.bioontology.org/ontologies/FTDM.owl#DMTO_0000927>	"linagliptin"@en	
<https://bioportal.bioontology.org/ontologies/FTDM.owl#DMTO_0000928>	"saxagliptin"@en	
<https://bioportal.bioontology.org/ontologies/FTDM.owl#DMTO_0000929>	"simvastatin / sitagliptin"@en	
<https://bioportal.bioontology.org/ontologies/FTDM.owl#DMTO_0000930>	"sitagliptin"@en	
<https://bioportal.bioontology.org/ontologies/FTDM.owl#DMTO_0000934>	"troglitazone"@en	
<https://bioportal.bioontology.org/ontologies/FTDM.owl#DMTO_0000937>	"Chlorpropamide"@en	
<https://bioportal.bioontology.org/ontologies/FTDM.owl#DMTO_0000938>	"glibornuride"@en	
<https://bioportal.bioontology.org/ontologies/FTDM.owl#DMTO_0000939>	"Gliclazide"@en	
<https://bioportal.bioontology.org/ontologies/FTDM.owl#DMTO_0000940>	"glimepiride"@en	
<https://bioportal.bioontology.org/ontologies/FTDM.owl#DMTO_0000944>	"Tolazamide"@en	
<https://bioportal.bioontology.org/ontologies/FTDM.owl#DMTO_0000945>	"Tolbutamide"@en	
<https://bioportal.bioontology.org/ontologies/FTDM.owl#DMTO_0000947>	"albiglutide"@en	
<https://bioportal.bioontology.org/ontologies/FTDM.owl#DMTO_0000948>	"benfluorex"@en	
<https://bioportal.bioontology.org/ontologies/FTDM.owl#DMTO_0000951>	"dulaglutide"@en	
<https://bioportal.bioontology.org/ontologies/FTDM.owl#DMTO_0000953>	"exenatide"@en	
<https://bioportal.bioontology.org/ontologies/FTDM.owl#DMTO_0000954>	"guar gum"@en	
<https://bioportal.bioontology.org/ontologies/FTDM.owl#DMTO_0000955>	"liraglutide"@en	
<https://bioportal.bioontology.org/ontologies/FTDM.owl#DMTO_0000956>	"Lixisenatide"@en	
<https://bioportal.bioontology.org/ontologies/FTDM.owl#DMTO_0000957>	"nateglinide"@en	
<https://bioportal.bioontology.org/ontologies/FTDM.owl#DMTO_0000959>	"repaglinide"@en	
<https://bioportal.bioontology.org/ontologies/FTDM.owl#DMTO_0000964>	"dopamine agonist"@en	
<https://bioportal.bioontology.org/ontologies/FTDM.owl#DMTO_0000965>	"bromocriptine"@en	
<https://bioportal.bioontology.org/ontologies/FTDM.owl#DMTO_0000966>	"bromocriptine mesylate"@en	
<https://bioportal.bioontology.org/ontologies/FTDM.owl#DMTO_0000967>	"alogliptin benzoate"@en	
<https://bioportal.bioontology.org/ontologies/FTDM.owl#DMTO_0000968>	"sitagliptin phosphate"@en	
<https://bioportal.bioontology.org/ontologies/FTDM.owl#DMTO_0000969>	"meglitinide"@en	
<https://bioportal.bioontology.org/ontologies/FTDM.owl#DMTO_0000970>	"nateglinide"@en	
<https://bioportal.bioontology.org/ontologies/FTDM.owl#DMTO_0000971>	"repaglinide"@en	
<https://bioportal.bioontology.org/ontologies/FTDM.owl#DMTO_0000979>	"drug hypoglycemic risk level"@en	
<https://bioportal.bioontology.org/ontologies/FTDM.owl#DMTO_0000984>	"drug weight gain"@en	
<https://bioportal.bioontology.org/ontologies/FTDM.owl#DMTO_0001013>	"nausea"@en	
<https://bioportal.bioontology.org/ontologies/FTDM.owl#DMTO_0001014>	"diarrhoea"@en	
<https://bioportal.bioontology.org/ontologies/FTDM.owl#DMTO_0001015>	"metallic taste in the mouth"@en	
<https://bioportal.bioontology.org/ontologies/FTDM.owl#DMTO_0001055>	"Glipizide"@en	
<https://bioportal.bioontology.org/ontologies/FTDM.owl#DMTO_0001056>	"Glyburide"@en	
<https://bioportal.bioontology.org/ontologies/FTDM.owl#DMTO_0001057>	"pioglitazone"@en	
<https://bioportal.bioontology.org/ontologies/FTDM.owl#DMTO_0001058>	"rosiglitazone"@en	
<https://bioportal.bioontology.org/ontologies/FTDM.owl#DMTO_0001088>	"Glucagon-like peptide-1 receptor (GLP-1) analogue"@en	
<https://bioportal.bioontology.org/ontologies/FTDM.owl#DMTO_0001126>	"Acarbose 100 MG Oral Tablet"@en	
<https://bioportal.bioontology.org/ontologies/FTDM.owl#DMTO_0001127>	"Acarbose 25 MG Oral Tablet"@en	
<https://bioportal.bioontology.org/ontologies/FTDM.owl#DMTO_0001128>	"Acarbose 50 MG Oral Tablet"@en	
<https://bioportal.bioontology.org/ontologies/FTDM.owl#DMTO_0001129>	"miglitol 100 MG Oral Tablet"@en	
<https://bioportal.bioontology.org/ontologies/FTDM.owl#DMTO_0001130>	"miglitol 25 MG Oral Tablet"@en	
<https://bioportal.bioontology.org/ontologies/FTDM.owl#DMTO_0001131>	"miglitol 50 MG Oral Tablet"@en	
<https://bioportal.bioontology.org/ontologies/FTDM.owl#DMTO_0001179>	"alogliptin 12.5 MG / metFORMIN hydrochloride 1000 MG Oral Tablet"@en	
<https://bioportal.bioontology.org/ontologies/FTDM.owl#DMTO_0001180>	"alogliptin 12.5 MG / metFORMIN hydrochloride 500 MG Oral Tablet"@en	
<https://bioportal.bioontology.org/ontologies/FTDM.owl#DMTO_0001181>	"alogliptin 12.5 MG / pioglitazone 15 MG Oral Tablet"@en	
<https://bioportal.bioontology.org/ontologies/FTDM.owl#DMTO_0001182>	"alogliptin 12.5 MG / pioglitazone 30 MG Oral Tablet"@en	
<https://bioportal.bioontology.org/ontologies/FTDM.owl#DMTO_0001183>	"alogliptin 12.5 MG / pioglitazone 45 MG Oral Tablet"@en	
<https://bioportal.bioontology.org/ontologies/FTDM.owl#DMTO_0001184>	"alogliptin 12.5 MG Oral Tablet"@en	
<https://bioportal.bioontology.org/ontologies/FTDM.owl#DMTO_0001185>	"alogliptin 25 MG / pioglitazone 15 MG Oral Tablet"@en	
<https://bioportal.bioontology.org/ontologies/FTDM.owl#DMTO_0001186>	"alogliptin 25 MG / pioglitazone 30 MG Oral Tablet"@en	
<https://bioportal.bioontology.org/ontologies/FTDM.owl#DMTO_0001187>	"alogliptin 25 MG / pioglitazone 45 MG Oral Tablet"@en	
<https://bioportal.bioontology.org/ontologies/FTDM.owl#DMTO_0001188>	"alogliptin 25 MG Oral Tablet"@en	
<https://bioportal.bioontology.org/ontologies/FTDM.owl#DMTO_0001189>	"alogliptin 6.25 MG Oral Tablet"@en	
<https://bioportal.bioontology.org/ontologies/FTDM.owl#DMTO_0001193>	"24 HR Linagliptin 2.5 MG / metFORMIN hydrochloride 1000 MG Extended Release Oral Tablet"@en	
<https://bioportal.bioontology.org/ontologies/FTDM.owl#DMTO_0001194>	"24 HR Linagliptin 5 MG / metFORMIN hydrochloride 1000 MG Extended Release Oral Tablet"@en	
<https://bioportal.bioontology.org/ontologies/FTDM.owl#DMTO_0001195>	"empagliflozin 10 MG / Linagliptin 5 MG Oral Tablet"@en	
<https://bioportal.bioontology.org/ontologies/FTDM.owl#DMTO_0001196>	"empagliflozin 25 MG / Linagliptin 5 MG Oral Tablet"@en	
<https://bioportal.bioontology.org/ontologies/FTDM.owl#DMTO_0001197>	"Linagliptin 2.5 MG / metFORMIN hydrochloride 1000 MG Oral Tablet"@en	
<https://bioportal.bioontology.org/ontologies/FTDM.owl#DMTO_0001198>	"Linagliptin 2.5 MG / metFORMIN hydrochloride 500 MG Oral Tablet"@en	
<https://bioportal.bioontology.org/ontologies/FTDM.owl#DMTO_0001199>	"Linagliptin 2.5 MG / metFORMIN hydrochloride 850 MG Oral Tablet"@en	
<https://bioportal.bioontology.org/ontologies/FTDM.owl#DMTO_0001200>	"Linagliptin 5 MG Oral Tablet"@en	
<https://bioportal.bioontology.org/ontologies/FTDM.owl#DMTO_0001203>	"contradiction"@en	
<https://bioportal.bioontology.org/ontologies/FTDM.owl#DMTO_0001206>	"24 HR metFORMIN hydrochloride 1000 MG / saxagliptin 2.5 MG Extended Release Oral Tablet"@en	
<https://bioportal.bioontology.org/ontologies/FTDM.owl#DMTO_0001207>	"24 HR metFORMIN hydrochloride 1000 MG / saxagliptin 5 MG Extended Release Oral Tablet"@en	
<https://bioportal.bioontology.org/ontologies/FTDM.owl#DMTO_0001208>	"24 HR metFORMIN hydrochloride 500 MG / saxagliptin 5 MG Extended Release Oral Tablet"@en	
<https://bioportal.bioontology.org/ontologies/FTDM.owl#DMTO_0001209>	"saxagliptin 2.5 MG Oral Tablet"@en	
<https://bioportal.bioontology.org/ontologies/FTDM.owl#DMTO_0001210>	"saxagliptin 5 MG Oral Tablet"@en	
<https://bioportal.bioontology.org/ontologies/FTDM.owl#DMTO_0001212>	"Simvastatin 10 MG / sitaGLIPtin 100 MG Oral Tablet"@en	
<https://bioportal.bioontology.org/ontologies/FTDM.owl#DMTO_0001213>	"Simvastatin 10 MG / sitaGLIPtin 50 MG Oral Tablet"@en	
<https://bioportal.bioontology.org/ontologies/FTDM.owl#DMTO_0001214>	"Simvastatin 20 MG / sitaGLIPtin 100 MG Oral Tablet"@en	
<https://bioportal.bioontology.org/ontologies/FTDM.owl#DMTO_0001215>	"Simvastatin 20 MG / sitaGLIPtin 50 MG Oral Tablet"@en	
<https://bioportal.bioontology.org/ontologies/FTDM.owl#DMTO_0001216>	"Simvastatin 40 MG / sitaGLIPtin 100 MG Oral Tablet"@en	
<https://bioportal.bioontology.org/ontologies/FTDM.owl#DMTO_0001217>	"Simvastatin 40 MG / sitaGLIPtin 50 MG Oral Tablet"@en	
<https://bioportal.bioontology.org/ontologies/FTDM.owl#DMTO_0001221>	"24 HR metFORMIN hydrochloride 1000 MG / sitaGLIPtin 100 MG Extended Release Oral Tablet"@en	
<https://bioportal.bioontology.org/ontologies/FTDM.owl#DMTO_0001222>	"24 HR metFORMIN hydrochloride 1000 MG / sitaGLIPtin 50 MG Extended Release Oral Tablet"@en	
<https://bioportal.bioontology.org/ontologies/FTDM.owl#DMTO_0001223>	"24 HR metFORMIN hydrochloride 500 MG / sitaGLIPtin 50 MG Extended Release Oral Tablet"@en	
<https://bioportal.bioontology.org/ontologies/FTDM.owl#DMTO_0001224>	"metFORMIN hydrochloride 1000 MG / sitaGLIPtin 50 MG Oral Tablet"@en	
<https://bioportal.bioontology.org/ontologies/FTDM.owl#DMTO_0001225>	"metFORMIN hydrochloride 500 MG / sitaGLIPtin 50 MG Oral Tablet"@en	
<https://bioportal.bioontology.org/ontologies/FTDM.owl#DMTO_0001226>	"Simvastatin 10 MG / sitaGLIPtin 100 MG Oral Tablet"@en	
<https://bioportal.bioontology.org/ontologies/FTDM.owl#DMTO_0001227>	"Simvastatin 10 MG / sitaGLIPtin 50 MG Oral Tablet"@en	
<https://bioportal.bioontology.org/ontologies/FTDM.owl#DMTO_0001228>	"Simvastatin 20 MG / sitaGLIPtin 100 MG Oral Tablet"@en	
<https://bioportal.bioontology.org/ontologies/FTDM.owl#DMTO_0001229>	"Simvastatin 20 MG / sitaGLIPtin 50 MG Oral Tablet"@en	
<https://bioportal.bioontology.org/ontologies/FTDM.owl#DMTO_0001230>	"Simvastatin 40 MG / sitaGLIPtin 100 MG Oral Tablet"@en	
<https://bioportal.bioontology.org/ontologies/FTDM.owl#DMTO_0001231>	"Simvastatin 40 MG / sitaGLIPtin 50 MG Oral Tablet"@en	
<https://bioportal.bioontology.org/ontologies/FTDM.owl#DMTO_0001232>	"sitaGLIPtin 100 MG Oral Tablet"@en	
<https://bioportal.bioontology.org/ontologies/FTDM.owl#DMTO_0001233>	"sitaGLIPtin 25 MG Oral Tablet"@en	
<https://bioportal.bioontology.org/ontologies/FTDM.owl#DMTO_0001234>	"sitaGLIPtin 50 MG Oral Tablet"@en	
<https://bioportal.bioontology.org/ontologies/FTDM.owl#DMTO_0001237>	"Bromocriptine 0.8 MG Oral Tablet"@en	
<https://bioportal.bioontology.org/ontologies/FTDM.owl#DMTO_0001238>	"Bromocriptine 1 MG Oral Tablet"@en	
<https://bioportal.bioontology.org/ontologies/FTDM.owl#DMTO_0001239>	"Bromocriptine 10 MG Oral Capsule"@en	
<https://bioportal.bioontology.org/ontologies/FTDM.owl#DMTO_0001240>	"Bromocriptine 2.5 MG Oral Tablet"@en	
<https://bioportal.bioontology.org/ontologies/FTDM.owl#DMTO_0001241>	"Bromocriptine 5 MG Oral Capsule"@en	
<https://bioportal.bioontology.org/ontologies/FTDM.owl#DMTO_0001243>	"0.5 ML albiglutide 100 MG/ML Pen Injector"@en	
<https://bioportal.bioontology.org/ontologies/FTDM.owl#DMTO_0001244>	"0.5 ML albiglutide 60 MG/ML Pen Injector"@en	
<https://bioportal.bioontology.org/ontologies/FTDM.owl#DMTO_0001250>	"0.65 ML exenatide 3.08 MG/ML Pen Injector"@en	
<https://bioportal.bioontology.org/ontologies/FTDM.owl#DMTO_0001251>	"60 ACTUAT exenatide 0.005 MG/ACTUAT Pen Injector"@en	
<https://bioportal.bioontology.org/ontologies/FTDM.owl#DMTO_0001252>	"60 ACTUAT exenatide 0.01 MG/ACTUAT Pen Injector"@en	
<https://bioportal.bioontology.org/ontologies/FTDM.owl#DMTO_0001253>	"exenatide 2 MG Injection"@en	
<https://bioportal.bioontology.org/ontologies/FTDM.owl#DMTO_0001257>	"3 ML insulin degludec 100 UNT/ML / liraglutide 3.6 MG/ML Pen Injector"@en	
<https://bioportal.bioontology.org/ontologies/FTDM.owl#DMTO_0001258>	"3 ML liraglutide 6 MG/ML Pen Injector"@en	
<https://bioportal.bioontology.org/ontologies/FTDM.owl#DMTO_0001261>	"3 ML Insulin Glargine 100 UNT/ML / Lixisenatide 0.033 MG/ML Pen Injector"@en	
<https://bioportal.bioontology.org/ontologies/FTDM.owl#DMTO_0001262>	"3 ML Lixisenatide 0.05 MG/ML Pen Injector"@en	
<https://bioportal.bioontology.org/ontologies/FTDM.owl#DMTO_0001263>	"3 ML Lixisenatide 0.1 MG/ML Pen Injector"@en	
<https://bioportal.bioontology.org/ontologies/FTDM.owl#DMTO_0001264>	"{1 (3 ML Lixisenatide 0.05 MG/ML Pen Injector) / 1 (3 ML Lixisenatide 0.1 MG/ML Pen Injector) } Pack"@en	
<https://bioportal.bioontology.org/ontologies/FTDM.owl#DMTO_0001266>	"nateglinide 120 MG Oral Tablet"@en	
<https://bioportal.bioontology.org/ontologies/FTDM.owl#DMTO_0001267>	"nateglinide 180 MG Oral Tablet"@en	
<https://bioportal.bioontology.org/ontologies/FTDM.owl#DMTO_0001268>	"nateglinide 60 MG Oral Tablet"@en	
<https://bioportal.bioontology.org/ontologies/FTDM.owl#DMTO_0001271>	"metFORMIN hydrochloride 500 MG / repaglinide 1 MG Oral Tablet"@en	
<https://bioportal.bioontology.org/ontologies/FTDM.owl#DMTO_0001272>	"metFORMIN hydrochloride 500 MG / repaglinide 2 MG Oral Tablet"@en	
<https://bioportal.bioontology.org/ontologies/FTDM.owl#DMTO_0001273>	"repaglinide 0.5 MG Oral Tablet"@en	
<https://bioportal.bioontology.org/ontologies/FTDM.owl#DMTO_0001274>	"repaglinide 1 MG Oral Tablet"@en	
<https://bioportal.bioontology.org/ontologies/FTDM.owl#DMTO_0001275>	"repaglinide 2 MG Oral Tablet"@en	
<https://bioportal.bioontology.org/ontologies/FTDM.owl#DMTO_0001277>	"guar gum 12.5 MG/ML Oral Suspension"@en	
<https://bioportal.bioontology.org/ontologies/FTDM.owl#DMTO_0001278>	"guar gum 720 MG/ML Oral Suspension"@en	
<https://bioportal.bioontology.org/ontologies/FTDM.owl#DMTO_0001280>	"nateglinide 120 MG Oral Tablet"@en	
<https://bioportal.bioontology.org/ontologies/FTDM.owl#DMTO_0001281>	"nateglinide 180 MG Oral Tablet"@en	
<https://bioportal.bioontology.org/ontologies/FTDM.owl#DMTO_0001282>	"nateglinide 60 MG Oral Tablet"@en	
<https://bioportal.bioontology.org/ontologies/FTDM.owl#DMTO_0001289>	"metFORMIN hydrochloride 500 MG / repaglinide 1 MG Oral Tablet"@en	
<https://bioportal.bioontology.org/ontologies/FTDM.owl#DMTO_0001290>	"metFORMIN hydrochloride 500 MG / repaglinide 2 MG Oral Tablet"@en	
<https://bioportal.bioontology.org/ontologies/FTDM.owl#DMTO_0001291>	"repaglinide 0.5 MG Oral Tablet"@en	
<https://bioportal.bioontology.org/ontologies/FTDM.owl#DMTO_0001292>	"repaglinide 1 MG Oral Tablet"@en	
<https://bioportal.bioontology.org/ontologies/FTDM.owl#DMTO_0001293>	"repaglinide 2 MG Oral Tablet"@en	
<https://bioportal.bioontology.org/ontologies/FTDM.owl#DMTO_0001325>	"chlorpropamide 100mg tablet"@en	
<https://bioportal.bioontology.org/ontologies/FTDM.owl#DMTO_0001326>	"chlorpropamide 250mg tablet"@en	
<https://bioportal.bioontology.org/ontologies/FTDM.owl#DMTO_0001327>	"gliclazide 30mg m/r tablet"@en	
<https://bioportal.bioontology.org/ontologies/FTDM.owl#DMTO_0001328>	"gliclazide 80mg tablet"@en	
<https://bioportal.bioontology.org/ontologies/FTDM.owl#DMTO_0001332>	"glimepiride 1 MG / rosiglitazone 4 MG Oral Tablet"@en	
<https://bioportal.bioontology.org/ontologies/FTDM.owl#DMTO_0001333>	"glimepiride 1 MG Oral Tablet"@en	
<https://bioportal.bioontology.org/ontologies/FTDM.owl#DMTO_0001334>	"glimepiride 2 MG / pioglitazone 30 MG Oral Tablet"@en	
<https://bioportal.bioontology.org/ontologies/FTDM.owl#DMTO_0001335>	"glimepiride 2 MG / rosiglitazone 4 MG Oral Tablet"@en	
<https://bioportal.bioontology.org/ontologies/FTDM.owl#DMTO_0001336>	"glimepiride 2 MG / rosiglitazone 8 MG Oral Tablet"@en	
<https://bioportal.bioontology.org/ontologies/FTDM.owl#DMTO_0001337>	"glimepiride 2 MG Oral Tablet"@en	
<https://bioportal.bioontology.org/ontologies/FTDM.owl#DMTO_0001338>	"glimepiride 3 MG Oral Tablet"@en	
<https://bioportal.bioontology.org/ontologies/FTDM.owl#DMTO_0001339>	"glimepiride 4 MG / pioglitazone 30 MG Oral Tablet"@en	
<https://bioportal.bioontology.org/ontologies/FTDM.owl#DMTO_0001340>	"glimepiride 4 MG / rosiglitazone 4 MG Oral Tablet"@en	
<https://bioportal.bioontology.org/ontologies/FTDM.owl#DMTO_0001341>	"glimepiride 4 MG / rosiglitazone 8 MG Oral Tablet"@en	
<https://bioportal.bioontology.org/ontologies/FTDM.owl#DMTO_0001342>	"glimepiride 4 MG Oral Tablet"@en	
<https://bioportal.bioontology.org/ontologies/FTDM.owl#DMTO_0001343>	"glimepiride 6 MG Oral Tablet"@en	
<https://bioportal.bioontology.org/ontologies/FTDM.owl#DMTO_0001344>	"glimepiride 8 MG Oral Tablet"@en	
<https://bioportal.bioontology.org/ontologies/FTDM.owl#DMTO_0001347>	"24 HR glipiZIDE 10 MG Extended Release Oral Tablet"@en	
<https://bioportal.bioontology.org/ontologies/FTDM.owl#DMTO_0001348>	"24 HR glipiZIDE 2.5 MG Extended Release Oral Tablet"@en	
<https://bioportal.bioontology.org/ontologies/FTDM.owl#DMTO_0001349>	"24 HR glipiZIDE 5 MG Extended Release Oral Tablet"@en	
<https://bioportal.bioontology.org/ontologies/FTDM.owl#DMTO_0001350>	"glipiZIDE 10 MG Oral Tablet"@en	
<https://bioportal.bioontology.org/ontologies/FTDM.owl#DMTO_0001351>	"glipiZIDE 2.5 MG / metFORMIN hydrochloride 250 MG Oral Tablet"@en	
<https://bioportal.bioontology.org/ontologies/FTDM.owl#DMTO_0001352>	"glipiZIDE 2.5 MG / metFORMIN hydrochloride 500 MG Oral Tablet"@en	
<https://bioportal.bioontology.org/ontologies/FTDM.owl#DMTO_0001353>	"glipiZIDE 2.5 MG Oral Tablet"@en	
<https://bioportal.bioontology.org/ontologies/FTDM.owl#DMTO_0001354>	"glipiZIDE 5 MG / metFORMIN hydrochloride 500 MG Oral Tablet"@en	
<https://bioportal.bioontology.org/ontologies/FTDM.owl#DMTO_0001355>	"glipiZIDE 5 MG Oral Tablet"@en	
<https://bioportal.bioontology.org/ontologies/FTDM.owl#DMTO_0001359>	"glyBURIDE 1.25 MG / metFORMIN hydrochloride 250 MG Oral Tablet"@en	
<https://bioportal.bioontology.org/ontologies/FTDM.owl#DMTO_0001360>	"glyBURIDE 1.25 MG Oral Tablet"@en	
<https://bioportal.bioontology.org/ontologies/FTDM.owl#DMTO_0001361>	"glyBURIDE 1.5 MG Oral Tablet"@en	
<https://bioportal.bioontology.org/ontologies/FTDM.owl#DMTO_0001362>	"glyBURIDE 2.5 MG / metFORMIN hydrochloride 500 MG Oral Tablet"@en	
<https://bioportal.bioontology.org/ontologies/FTDM.owl#DMTO_0001363>	"glyBURIDE 2.5 MG Oral Tablet"@en	
<https://bioportal.bioontology.org/ontologies/FTDM.owl#DMTO_0001364>	"glyBURIDE 3 MG Oral Tablet"@en	
<https://bioportal.bioontology.org/ontologies/FTDM.owl#DMTO_0001365>	"glyBURIDE 4.5 MG Oral Tablet"@en	
<https://bioportal.bioontology.org/ontologies/FTDM.owl#DMTO_0001366>	"glyBURIDE 5 MG / metFORMIN hydrochloride 500 MG Oral Tablet"@en	
<https://bioportal.bioontology.org/ontologies/FTDM.owl#DMTO_0001367>	"glyBURIDE 5 MG Oral Tablet"@en	
<https://bioportal.bioontology.org/ontologies/FTDM.owl#DMTO_0001368>	"glyBURIDE 6 MG Oral Tablet"@en	
<https://bioportal.bioontology.org/ontologies/FTDM.owl#DMTO_0001370>	"TOLAZamide 100 MG Oral Tablet"@en	
<https://bioportal.bioontology.org/ontologies/FTDM.owl#DMTO_0001371>	"TOLAZamide 250 MG Oral Tablet"@en	
<https://bioportal.bioontology.org/ontologies/FTDM.owl#DMTO_0001372>	"TOLAZamide 500 MG Oral Tablet"@en	
<https://bioportal.bioontology.org/ontologies/FTDM.owl#DMTO_0001373>	"tolbutamide 500mg tablet"@en	
<https://bioportal.bioontology.org/ontologies/FTDM.owl#DMTO_0001378>	"24 HR metFORMIN hydrochloride 1000 MG / pioglitazone 15 MG Extended Release Oral Tablet"@en	
<https://bioportal.bioontology.org/ontologies/FTDM.owl#DMTO_0001379>	"24 HR metFORMIN hydrochloride 1000 MG / pioglitazone 30 MG Extended Release Oral Tablet"@en	
<https://bioportal.bioontology.org/ontologies/FTDM.owl#DMTO_0001380>	"alogliptin 12.5 MG / pioglitazone 15 MG Oral Tablet"@en	
<https://bioportal.bioontology.org/ontologies/FTDM.owl#DMTO_0001381>	"alogliptin 12.5 MG / pioglitazone 30 MG Oral Tablet"@en	
<https://bioportal.bioontology.org/ontologies/FTDM.owl#DMTO_0001382>	"alogliptin 12.5 MG / pioglitazone 45 MG Oral Tablet"@en	
<https://bioportal.bioontology.org/ontologies/FTDM.owl#DMTO_0001383>	"alogliptin 25 MG / pioglitazone 15 MG Oral Tablet"@en	
<https://bioportal.bioontology.org/ontologies/FTDM.owl#DMTO_0001384>	"alogliptin 25 MG / pioglitazone 30 MG Oral Tablet"@en	
<https://bioportal.bioontology.org/ontologies/FTDM.owl#DMTO_0001385>	"alogliptin 25 MG / pioglitazone 45 MG Oral Tablet"@en	
<https://bioportal.bioontology.org/ontologies/FTDM.owl#DMTO_0001386>	"glimepiride 2 MG / pioglitazone 30 MG Oral Tablet"@en	
<https://bioportal.bioontology.org/ontologies/FTDM.owl#DMTO_0001387>	"glimepiride 4 MG / pioglitazone 30 MG Oral Tablet"@en	
<https://bioportal.bioontology.org/ontologies/FTDM.owl#DMTO_0001388>	"metFORMIN hydrochloride 500 MG / pioglitazone 15 MG Oral Tablet"@en	
<https://bioportal.bioontology.org/ontologies/FTDM.owl#DMTO_0001389>	"metFORMIN hydrochloride 850 MG / pioglitazone 15 MG Oral Tablet"@en	
<https://bioportal.bioontology.org/ontologies/FTDM.owl#DMTO_0001390>	"pioglitazone 15 MG Oral Tablet"@en	
<https://bioportal.bioontology.org/ontologies/FTDM.owl#DMTO_0001391>	"pioglitazone 30 MG Oral Tablet"@en	
<https://bioportal.bioontology.org/ontologies/FTDM.owl#DMTO_0001392>	"pioglitazone 45 MG Oral Tablet"@en	
<https://bioportal.bioontology.org/ontologies/FTDM.owl#DMTO_0001396>	"glimepiride 1 MG / rosiglitazone 4 MG Oral Tablet"@en	
<https://bioportal.bioontology.org/ontologies/FTDM.owl#DMTO_0001397>	"glimepiride 2 MG / rosiglitazone 4 MG Oral Tablet"@en	
<https://bioportal.bioontology.org/ontologies/FTDM.owl#DMTO_0001398>	"glimepiride 2 MG / rosiglitazone 8 MG Oral Tablet"@en	
<https://bioportal.bioontology.org/ontologies/FTDM.owl#DMTO_0001399>	"glimepiride 4 MG / rosiglitazone 4 MG Oral Tablet"@en	
<https://bioportal.bioontology.org/ontologies/FTDM.owl#DMTO_0001400>	"glimepiride 4 MG / rosiglitazone 8 MG Oral Tablet"@en	
<https://bioportal.bioontology.org/ontologies/FTDM.owl#DMTO_0001401>	"metFORMIN hydrochloride 1000 MG / rosiglitazone 2 MG Oral Tablet"@en	
<https://bioportal.bioontology.org/ontologies/FTDM.owl#DMTO_0001402>	"metFORMIN hydrochloride 1000 MG / rosiglitazone 4 MG Oral Tablet"@en	
<https://bioportal.bioontology.org/ontologies/FTDM.owl#DMTO_0001403>	"metFORMIN hydrochloride 500 MG / rosiglitazone 1 MG Oral Tablet"@en	
<https://bioportal.bioontology.org/ontologies/FTDM.owl#DMTO_0001404>	"metFORMIN hydrochloride 500 MG / rosiglitazone 2 MG Oral Tablet"@en	
<https://bioportal.bioontology.org/ontologies/FTDM.owl#DMTO_0001405>	"metFORMIN hydrochloride 500 MG / rosiglitazone 4 MG Oral Tablet"@en	
<https://bioportal.bioontology.org/ontologies/FTDM.owl#DMTO_0001406>	"rosiglitazone 2 MG Oral Tablet"@en	
<https://bioportal.bioontology.org/ontologies/FTDM.owl#DMTO_0001407>	"rosiglitazone 4 MG Oral Tablet"@en	
<https://bioportal.bioontology.org/ontologies/FTDM.owl#DMTO_0001408>	"rosiglitazone 8 MG Oral Tablet"@en	
<https://bioportal.bioontology.org/ontologies/FTDM.owl#DMTO_0001409>	"Troglitazone 200mg tablet"@en	
<https://bioportal.bioontology.org/ontologies/FTDM.owl#DMTO_0001410>	"Troglitazone 300mg tablet"@en	
<https://bioportal.bioontology.org/ontologies/FTDM.owl#DMTO_0001411>	"Troglitazone 400mg tablet"@en	
<https://bioportal.bioontology.org/ontologies/FTDM.owl#DMTO_0001413>	"insulin"@en	
<https://bioportal.bioontology.org/ontologies/FTDM.owl#DMTO_0001414>	"short-acting insulin"@en	
<https://bioportal.bioontology.org/ontologies/FTDM.owl#DMTO_0001426>	"intermediate-acting insulin"@en	
<https://bioportal.bioontology.org/ontologies/FTDM.owl#DMTO_0001432>	"long-acting insulin"@en	
<https://bioportal.bioontology.org/ontologies/FTDM.owl#DMTO_0001527>	"Insulin Receptor Agonist"@en	
<https://bioportal.bioontology.org/ontologies/FTDM.owl#DMTO_0001528>	"Receptor Interaction"@en	
<https://bioportal.bioontology.org/ontologies/FTDM.owl#DMTO_0001529>	"Receptor Protein Kinase Interaction"@en	
<https://bioportal.bioontology.org/ontologies/FTDM.owl#DMTO_0001530>	"Insulin Receptor Interaction"@en	
<https://bioportal.bioontology.org/ontologies/FTDM.owl#DMTO_0001531>	"Insulin Receptor Antagonist"@en	
<https://bioportal.bioontology.org/ontologies/FTDM.owl#DMTO_0001532>	"Enzyme Interaction"@en	
<https://bioportal.bioontology.org/ontologies/FTDM.owl#DMTO_0001533>	"Enzyme Inhibitor"@en	
<https://bioportal.bioontology.org/ontologies/FTDM.owl#DMTO_0001534>	"Amylase Inhibitor"@en	
<https://bioportal.bioontology.org/ontologies/FTDM.owl#DMTO_0001535>	"alpha Glucosidase Inhibitor"@en	
<https://bioportal.bioontology.org/ontologies/FTDM.owl#DMTO_0001536>	"Acarbose"@en	
<https://bioportal.bioontology.org/ontologies/FTDM.owl#DMTO_0001537>	"miglitol"@en	
<https://bioportal.bioontology.org/ontologies/FTDM.owl#DMTO_0001538>	"G-Protein-linked Receptor Interaction"@en	
<https://bioportal.bioontology.org/ontologies/FTDM.owl#DMTO_0001539>	"Glucagon Receptor Interaction"@en	
<https://bioportal.bioontology.org/ontologies/FTDM.owl#DMTO_0001540>	"Glucagon-like Peptide-1 (GLP-1) Receptor Interaction"@en	
<https://bioportal.bioontology.org/ontologies/FTDM.owl#DMTO_0001541>	"Glucagon-like Peptide-1 (GLP-1) Agonist"@en	
<https://bioportal.bioontology.org/ontologies/FTDM.owl#DMTO_0001542>	"albiglutide"@en	
<https://bioportal.bioontology.org/ontologies/FTDM.owl#DMTO_0001543>	"dulaglutide"@en	
<https://bioportal.bioontology.org/ontologies/FTDM.owl#DMTO_0001544>	"exenatide"@en	
<https://bioportal.bioontology.org/ontologies/FTDM.owl#DMTO_0001545>	"liraglutide"@en	
<https://bioportal.bioontology.org/ontologies/FTDM.owl#DMTO_0001546>	"Renal Dysfunction"@en	
<https://bioportal.bioontology.org/ontologies/FTDM.owl#DMTO_0001548>	"Protease Inhibitor"@en	
<https://bioportal.bioontology.org/ontologies/FTDM.owl#DMTO_0001549>	"Dipeptidyl Peptidase 4 Inhibitor"@en	
<https://bioportal.bioontology.org/ontologies/FTDM.owl#DMTO_0001550>	"alogliptin"@en	
<https://bioportal.bioontology.org/ontologies/FTDM.owl#DMTO_0001551>	"Linagliptin"@en	
<https://bioportal.bioontology.org/ontologies/FTDM.owl#DMTO_0001552>	"saxagliptin"@en	
<https://bioportal.bioontology.org/ontologies/FTDM.owl#DMTO_0001553>	"sitagliptin"@en	
<https://bioportal.bioontology.org/ontologies/FTDM.owl#DMTO_0001556>	"Dopamine Receptor Interaction"@en	
<https://bioportal.bioontology.org/ontologies/FTDM.owl#DMTO_0001557>	"Dopamine Agonist"@en	
<https://bioportal.bioontology.org/ontologies/FTDM.owl#DMTO_0001558>	"Apomorphine"@en	
<https://bioportal.bioontology.org/ontologies/FTDM.owl#DMTO_0001559>	"Fenoldopam"@en	
<https://bioportal.bioontology.org/ontologies/FTDM.owl#DMTO_0001560>	"Pergolide"@en	
<https://bioportal.bioontology.org/ontologies/FTDM.owl#DMTO_0001561>	"Pramipexole"@en	
<https://bioportal.bioontology.org/ontologies/FTDM.owl#DMTO_0001562>	"ropinirole"@en	
<https://bioportal.bioontology.org/ontologies/FTDM.owl#DMTO_0001563>	"Membrane Transporter Interaction"@en	
<https://bioportal.bioontology.org/ontologies/FTDM.owl#DMTO_0001564>	"Ion Transporter Interaction"@en	
<https://bioportal.bioontology.org/ontologies/FTDM.owl#DMTO_0001565>	"Symporter Interaction"@en	
<https://bioportal.bioontology.org/ontologies/FTDM.owl#DMTO_0001566>	"Sodium-Glucose Transporter Interaction"@en	
<https://bioportal.bioontology.org/ontologies/FTDM.owl#DMTO_0001567>	"Sodium-Glucose Transporter Inhibitor"@en	
<https://bioportal.bioontology.org/ontologies/FTDM.owl#DMTO_0001568>	"Sodium-Glucose Transporter 1 Inhibitor"@en	
<https://bioportal.bioontology.org/ontologies/FTDM.owl#DMTO_0001569>	"Sodium-Glucose Transporter 2 Inhibitor"@en	
<https://bioportal.bioontology.org/ontologies/FTDM.owl#DMTO_0001570>	"canagliflozin"@en	
<https://bioportal.bioontology.org/ontologies/FTDM.owl#DMTO_0001571>	"dapagliflozin"@en	
<https://bioportal.bioontology.org/ontologies/FTDM.owl#DMTO_0001572>	"empagliflozin"@en	
<https://bioportal.bioontology.org/ontologies/FTDM.owl#DMTO_0001573>	"0.5 ML dulaglutide 3 MG/ML Auto-Injector"@en	
<https://bioportal.bioontology.org/ontologies/FTDM.owl#DMTO_0001574>	"0.5 ML dulaglutide 1.5 MG/ML Auto-Injector"@en	
<https://bioportal.bioontology.org/ontologies/FTDM.owl#DMTO_0001582>	"incretin"@en	
<https://bioportal.bioontology.org/ontologies/FTDM.owl#DMTO_0001585>	"drug timing"@en	
<https://bioportal.bioontology.org/ontologies/FTDM.owl#DMTO_0001589>	"diabetes drugs MoA"@en	
<https://bioportal.bioontology.org/ontologies/FTDM.owl#DMTO_0001590>	"efficacy"@en	
<https://bioportal.bioontology.org/ontologies/FTDM.owl#DMTO_0001598>	"vitamin B12 deficiency"@en	
<https://bioportal.bioontology.org/ontologies/FTDM.owl#DMTO_0001601>	"rapid-acting insulin"@en	
<https://bioportal.bioontology.org/ontologies/FTDM.owl#DMTO_0001606>	"augment insulin secretion"@en	
<https://bioportal.bioontology.org/ontologies/FTDM.owl#DMTO_0001607>	"enhance insulin sensitivity"@en	
<https://bioportal.bioontology.org/ontologies/FTDM.owl#DMTO_0001608>	"delay carbohydrate absorption"@en	
<https://bioportal.bioontology.org/ontologies/FTDM.owl#DMTO_0001609>	"hypoxemia"@en	
<https://bioportal.bioontology.org/ontologies/FTDM.owl#DMTO_0001610>	"anoxia due to high altitude"@en	
<https://bioportal.bioontology.org/ontologies/FTDM.owl#DMTO_0001611>	"acute mountain sickness"@en	
<https://bioportal.bioontology.org/ontologies/FTDM.owl#DMTO_0001612>	"subacute mountain sickness"@en	
<https://bioportal.bioontology.org/ontologies/FTDM.owl#DMTO_0001613>	"central cyanosis"@en	
<https://bioportal.bioontology.org/ontologies/FTDM.owl#DMTO_0001614>	"cyanotic congenital heart disease"@en	
<https://bioportal.bioontology.org/ontologies/FTDM.owl#DMTO_0001615>	"hemoglobinopathy with cyanosis"@en	
<https://bioportal.bioontology.org/ontologies/FTDM.owl#DMTO_0001616>	"O/E - central cyanosis"@en	
<https://bioportal.bioontology.org/ontologies/FTDM.owl#DMTO_0001617>	"desaturation of blood"@en	
<https://bioportal.bioontology.org/ontologies/FTDM.owl#DMTO_0001618>	"hepatopulmonary syndrome"@en	
<https://bioportal.bioontology.org/ontologies/FTDM.owl#DMTO_0001619>	"hypoxemia during surgery"@en	
<https://bioportal.bioontology.org/ontologies/FTDM.owl#DMTO_0001620>	"neonatal hypoxemia"@en	
<https://bioportal.bioontology.org/ontologies/FTDM.owl#DMTO_0001621>	"sleep related hypoxemia"@en	
<https://bioportal.bioontology.org/ontologies/FTDM.owl#DMTO_0001623>	"respiratory insufficiency"@en	
<https://bioportal.bioontology.org/ontologies/FTDM.owl#DMTO_0001624>	"respiratory failure"@en	
<https://bioportal.bioontology.org/ontologies/FTDM.owl#DMTO_0001625>	"acute respiratory failure"@en	
<https://bioportal.bioontology.org/ontologies/FTDM.owl#DMTO_0001626>	"acute hypercapnic respiratory failure"@en	
<https://bioportal.bioontology.org/ontologies/FTDM.owl#DMTO_0001627>	"acute hypoxemic respiratory failure"@en	
<https://bioportal.bioontology.org/ontologies/FTDM.owl#DMTO_0001628>	"acute respiratory failure requiring reintubation"@en	
<https://bioportal.bioontology.org/ontologies/FTDM.owl#DMTO_0001629>	"acute-on-chronic respiratory failure"@en	
<https://bioportal.bioontology.org/ontologies/FTDM.owl#DMTO_0001630>	"cardiorespiratory failure"@en	
<https://bioportal.bioontology.org/ontologies/FTDM.owl#DMTO_0001631>	"chronic respiratory failure"@en	
<https://bioportal.bioontology.org/ontologies/FTDM.owl#DMTO_0001632>	"acute-on-chronic respiratory failure"@en	
<https://bioportal.bioontology.org/ontologies/FTDM.owl#DMTO_0001633>	"chronic hypercapnic respiratory failure"@en	
<https://bioportal.bioontology.org/ontologies/FTDM.owl#DMTO_0001634>	"chronic hypoxemic respiratory failure"@en	
<https://bioportal.bioontology.org/ontologies/FTDM.owl#DMTO_0001635>	"acute on chronic hypoxemic respiratory failure"@en	
<https://bioportal.bioontology.org/ontologies/FTDM.owl#DMTO_0001636>	"hereditary myopathy with early respiratory failure"@en	
<https://bioportal.bioontology.org/ontologies/FTDM.owl#DMTO_0001637>	"hypercapnic respiratory failure"@en	
<https://bioportal.bioontology.org/ontologies/FTDM.owl#DMTO_0001638>	"neonatal respiratory failure"@en	
<https://bioportal.bioontology.org/ontologies/FTDM.owl#DMTO_0001639>	"perinatal respiratory failure"@en	
<https://bioportal.bioontology.org/ontologies/FTDM.owl#DMTO_0001640>	"postprocedural respiratory failure"@en	
<https://bioportal.bioontology.org/ontologies/FTDM.owl#DMTO_0001641>	"respiratory arrest"@en	
<https://bioportal.bioontology.org/ontologies/FTDM.owl#DMTO_0001642>	"cardiorespiratory arrest"@en	
<https://bioportal.bioontology.org/ontologies/FTDM.owl#DMTO_0001643>	"cardiorespiratory failure as a complication of care"@en	
<https://bioportal.bioontology.org/ontologies/FTDM.owl#DMTO_0001644>	"neonatal respiratory arrest"@en	
<https://bioportal.bioontology.org/ontologies/FTDM.owl#DMTO_0001645>	"respiratory failure without hypercapnia"@en	
<https://bioportal.bioontology.org/ontologies/FTDM.owl#DMTO_0001646>	"sleep-related respiratory failure"@en	
<https://bioportal.bioontology.org/ontologies/FTDM.owl#DMTO_0001650>	"dizziness"@en	
<https://bioportal.bioontology.org/ontologies/FTDM.owl#DMTO_0001661>	"goal"@en	
<https://bioportal.bioontology.org/ontologies/FTDM.owl#DMTO_0001674>	"diabetes mellitus"@en	
<https://bioportal.bioontology.org/ontologies/FTDM.owl#DMTO_0001677>	"severity"@en	
<https://bioportal.bioontology.org/ontologies/FTDM.owl#DMTO_0001693>	"administration schema"@en	
<https://bioportal.bioontology.org/ontologies/FTDM.owl#DMTO_0001695>	"adminishration course"@en	
<https://bioportal.bioontology.org/ontologies/FTDM.owl#DMTO_0001696>	"administration cycle"@en	
<https://bioportal.bioontology.org/ontologies/FTDM.owl#DMTO_0001697>	"administration frequency"@en	
<https://bioportal.bioontology.org/ontologies/FTDM.owl#DMTO_0001698>	"administration duration"@en	
<https://bioportal.bioontology.org/ontologies/FTDM.owl#DMTO_0001703>	"lifeStyle"@en	
<https://bioportal.bioontology.org/ontologies/FTDM.owl#DMTO_0001719>	"quantity"@en	
<https://bioportal.bioontology.org/ontologies/FTDM.owl#DMTO_0001720>	"acute complication drug"@en	
<https://bioportal.bioontology.org/ontologies/FTDM.owl#DMTO_0001721>	"chronic complication drug"@en	
<https://bioportal.bioontology.org/ontologies/FTDM.owl#DMTO_0001722>	"other complication drug"@en	
<https://bioportal.bioontology.org/ontologies/FTDM.owl#DMTO_0001723>	"micro vascular complication drug"@en	
<https://bioportal.bioontology.org/ontologies/FTDM.owl#DMTO_0001724>	"retinopathy drug"@en	
<https://bioportal.bioontology.org/ontologies/FTDM.owl#DMTO_0001725>	"nephropathy drug"@en	
<https://bioportal.bioontology.org/ontologies/FTDM.owl#DMTO_0001726>	"neuropathy drug"@en	
<https://bioportal.bioontology.org/ontologies/FTDM.owl#DMTO_0001727>	"macrovascular complication drug"@en	
<https://bioportal.bioontology.org/ontologies/FTDM.owl#DMTO_0001786>	"usual starting dose"@en	
<https://bioportal.bioontology.org/ontologies/FTDM.owl#DMTO_0001788>	"combined drug"@en	
<https://bioportal.bioontology.org/ontologies/FTDM.owl#DMTO_0001789>	"two combined drug"@en	
<https://bioportal.bioontology.org/ontologies/FTDM.owl#DMTO_0001790>	"three combined drug"@en	
<https://bioportal.bioontology.org/ontologies/FTDM.owl#DMTO_0001791>	"more combined drug"@en	
<https://bioportal.bioontology.org/ontologies/FTDM.owl#DMTO_0001793>	"acetazolamide"@en	
<https://bioportal.bioontology.org/ontologies/FTDM.owl#DMTO_0001794>	"class III antiarrhythmic drug"@en	
<https://bioportal.bioontology.org/ontologies/FTDM.owl#DMTO_0001795>	"amiodarone"@en	
<https://bioportal.bioontology.org/ontologies/FTDM.owl#DMTO_0001796>	"histamine H>2< antagonist"@en	
<https://bioportal.bioontology.org/ontologies/FTDM.owl#DMTO_0001797>	"cimetidine"@en	
<https://bioportal.bioontology.org/ontologies/FTDM.owl#DMTO_0001799>	"ciprofloxacin"@en	
<https://bioportal.bioontology.org/ontologies/FTDM.owl#DMTO_0001803>	"dichlorphenamide"@en	
<https://bioportal.bioontology.org/ontologies/FTDM.owl#DMTO_0001804>	"digoxin"@en	
<https://bioportal.bioontology.org/ontologies/FTDM.owl#DMTO_0001805>	"dofetilide"@en	
<https://bioportal.bioontology.org/ontologies/FTDM.owl#DMTO_0001806>	"integrase inhibitor"@en	
<https://bioportal.bioontology.org/ontologies/FTDM.owl#DMTO_0001807>	"dolutegravir"@en	
<https://bioportal.bioontology.org/ontologies/FTDM.owl#DMTO_0001808>	"fleroxacin"@en	
<https://bioportal.bioontology.org/ontologies/FTDM.owl#DMTO_0001809>	"gemifloxacin"@en	
<https://bioportal.bioontology.org/ontologies/FTDM.owl#DMTO_0001810>	"alcohol product"@en	
<https://bioportal.bioontology.org/ontologies/FTDM.owl#DMTO_0001811>	"ethanol"@en	
<https://bioportal.bioontology.org/ontologies/FTDM.owl#DMTO_0001812>	"diagnostic aid"@en	
<https://bioportal.bioontology.org/ontologies/FTDM.owl#DMTO_0001813>	"contrast media"@en	
<https://bioportal.bioontology.org/ontologies/FTDM.owl#DMTO_0001814>	"radiographic contrast media"@en	
<https://bioportal.bioontology.org/ontologies/FTDM.owl#DMTO_0001815>	"ionic iodinated contrast media"@en	
<https://bioportal.bioontology.org/ontologies/FTDM.owl#DMTO_0001816>	"ioversol"@en	
<https://bioportal.bioontology.org/ontologies/FTDM.owl#DMTO_0001817>	"diabetic ketoacidosis without coma"@en	
<https://bioportal.bioontology.org/ontologies/FTDM.owl#DMTO_0001818>	"ketoacidosis in type 2 diabetes mellitus"@en	
<https://bioportal.bioontology.org/ontologies/FTDM.owl#DMTO_0001826>	"glomerular filtration rate"@en	
<https://bioportal.bioontology.org/ontologies/FTDM.owl#DMTO_0001829>	"aerobic exercise"@en	
<https://bioportal.bioontology.org/ontologies/FTDM.owl#DMTO_0001830>	"walking"@en	
<https://bioportal.bioontology.org/ontologies/FTDM.owl#DMTO_0001831>	"cycling"@en	
<https://bioportal.bioontology.org/ontologies/FTDM.owl#DMTO_0001832>	"swimming"@en	
<https://bioportal.bioontology.org/ontologies/FTDM.owl#DMTO_0001833>	"jumping"@en	
<https://bioportal.bioontology.org/ontologies/FTDM.owl#DMTO_0001834>	"running"@en	
<https://bioportal.bioontology.org/ontologies/FTDM.owl#DMTO_0001835>	"play basketball"@en	
<https://bioportal.bioontology.org/ontologies/FTDM.owl#DMTO_0001836>	"dancing"@en	
<https://bioportal.bioontology.org/ontologies/FTDM.owl#DMTO_0001837>	"skating"@en	
<https://bioportal.bioontology.org/ontologies/FTDM.owl#DMTO_0001838>	"anaerobic activitie"@en	
<https://bioportal.bioontology.org/ontologies/FTDM.owl#DMTO_0001839>	"weight lifting"@en	
<https://bioportal.bioontology.org/ontologies/FTDM.owl#DMTO_0001840>	"sit-ups and push-ups"@en	
<https://bioportal.bioontology.org/ontologies/FTDM.owl#DMTO_0001841>	"climbing stairs"@en	
<https://bioportal.bioontology.org/ontologies/FTDM.owl#DMTO_0001842>	"carrying groceries"@en	
<https://bioportal.bioontology.org/ontologies/FTDM.owl#DMTO_0001843>	"flexibility activitie"@en	
<https://bioportal.bioontology.org/ontologies/FTDM.owl#DMTO_0001844>	"yoga"@en	
<https://bioportal.bioontology.org/ontologies/FTDM.owl#DMTO_0001845>	"stretching exercise"@en	
<https://bioportal.bioontology.org/ontologies/FTDM.owl#DMTO_0001955>	"disorder of porphyrin metabolism"@en	
<https://bioportal.bioontology.org/ontologies/FTDM.owl#DMTO_0001956>	"porphyria"@en	
<https://bioportal.bioontology.org/ontologies/FTDM.owl#DMTO_0001957>	"acute intermittent porphyria"@en	
<https://bioportal.bioontology.org/ontologies/FTDM.owl#DMTO_0001958>	"Chester-type porphyria"@en	
<https://bioportal.bioontology.org/ontologies/FTDM.owl#DMTO_0001959>	"congenital porphyria"@en	
<https://bioportal.bioontology.org/ontologies/FTDM.owl#DMTO_0001960>	"coproporphyria"@en	
<https://bioportal.bioontology.org/ontologies/FTDM.owl#DMTO_0001961>	"coproporphyrinuria"@en	
<https://bioportal.bioontology.org/ontologies/FTDM.owl#DMTO_0001962>	"hereditary coproporphyria"@en	
<https://bioportal.bioontology.org/ontologies/FTDM.owl#DMTO_0001963>	"erythropoietic porphyria"@en	
<https://bioportal.bioontology.org/ontologies/FTDM.owl#DMTO_0001964>	"hepatic porphyria"@en	
<https://bioportal.bioontology.org/ontologies/FTDM.owl#DMTO_0001965>	"secondary porphyria"@en	
<https://bioportal.bioontology.org/ontologies/FTDM.owl#DMTO_0001966>	"uroporphyrinuria"@en	
<https://bioportal.bioontology.org/ontologies/FTDM.owl#DMTO_0002047>	"hospital"@en	
<https://bioportal.bioontology.org/ontologies/FTDM.owl#DMTO_0002058>	"education section"@en	
<https://bioportal.bioontology.org/ontologies/FTDM.owl#DMTO_0002064>	"symptoms_and_labTests"@en	
<https://bioportal.bioontology.org/ontologies/FTDM.owl#DMTO_0002065>	"nutrition_and_physicalActivity"@en	
<https://bioportal.bioontology.org/ontologies/FTDM.owl#DMTO_0002066>	"medication_adherence"@en	
<https://bioportal.bioontology.org/ontologies/FTDM.owl#DMTO_0002067>	"BloodGlocoseReading"@en	
<https://bioportal.bioontology.org/ontologies/FTDM.owl#DMTO_0002068>	"complicationManagement"@en	
<https://bioportal.bioontology.org/ontologies/FTDM.owl#DMTO_0002069>	"footCare"@en	
<https://bioportal.bioontology.org/ontologies/FTDM.owl#DMTO_0002070>	"insulinInjection"@en	
<https://bioportal.bioontology.org/ontologies/FTDM.owl#DMTO_0002072>	"diabetes treatment"@en	
<https://bioportal.bioontology.org/ontologies/FTDM.owl#DMTO_0002073>	"diabetes education process"@en	
<https://bioportal.bioontology.org/ontologies/FTDM.owl#DMTO_0002159>	"tai chi"@en	
<https://bioportal.bioontology.org/ontologies/FTDM.owl#DMTO_0002160>	"resistance exercise"@en	
<https://bioportal.bioontology.org/ontologies/FTDM.owl#DMTO_0002161>	"static"@en	
<https://bioportal.bioontology.org/ontologies/FTDM.owl#DMTO_0002162>	"dynamic"@en	
<https://bioportal.bioontology.org/ontologies/FTDM.owl#DMTO_0002163>	"other"@en	
<https://bioportal.bioontology.org/ontologies/FTDM.owl#DMTO_0002164>	"balance exercise"@en	
<https://bioportal.bioontology.org/ontologies/FTDM.owl#DMTO_0002165>	"standing on one leg"@en	
<https://bioportal.bioontology.org/ontologies/FTDM.owl#DMTO_0002166>	"using resistance machine"@en	
<https://bioportal.bioontology.org/ontologies/FTDM.owl#DMTO_0002167>	"using resistance band"@en	
<https://bioportal.bioontology.org/ontologies/FTDM.owl#DMTO_0002168>	"using balance equipment"@en	
<https://bioportal.bioontology.org/ontologies/FTDM.owl#DMTO_0002179>	"aerobic walk"@en	
<https://bioportal.bioontology.org/ontologies/FTDM.owl#DMTO_0002180>	"leisurely walk"@en	
<https://bioportal.bioontology.org/ontologies/FTDM.owl#DMTO_0002181>	"long walk"@en	
<https://bioportal.bioontology.org/ontologies/FTDM.owl#DMTO_0002182>	"uphill walk"@en	
<https://bioportal.bioontology.org/ontologies/FTDM.owl#DMTO_0002183>	"hiking"@en	
<https://bioportal.bioontology.org/ontologies/FTDM.owl#DMTO_0002187>	"aerobic"@en	
<https://bioportal.bioontology.org/ontologies/FTDM.owl#DMTO_0002188>	"aqua fitness"@en	
<https://bioportal.bioontology.org/ontologies/FTDM.owl#DMTO_0002190>	"brisk walk"@en	
<https://bioportal.bioontology.org/ontologies/FTDM.owl#DMTO_0002191>	"Biking"@en	
<https://bioportal.bioontology.org/ontologies/FTDM.owl#DMTO_0002192>	"raking leaves"@en	
<https://bioportal.bioontology.org/ontologies/FTDM.owl#DMTO_0002193>	"water aerobic"@en	
<https://bioportal.bioontology.org/ontologies/FTDM.owl#DMTO_0002194>	"brisk walking up an incline"@en	
<https://bioportal.bioontology.org/ontologies/FTDM.owl#DMTO_0002195>	"jogging"@en	
<https://bioportal.bioontology.org/ontologies/FTDM.owl#DMTO_0002196>	"hockey"@en	
<https://bioportal.bioontology.org/ontologies/FTDM.owl#DMTO_0002197>	"fast swim"@en	
<https://bioportal.bioontology.org/ontologies/FTDM.owl#DMTO_0002198>	"fast dance"@en	
<https://bioportal.bioontology.org/ontologies/FTDM.owl#DMTO_0002208>	"oral"@en	
<https://bioportal.bioontology.org/ontologies/FTDM.owl#DMTO_0002209>	"enteral"@en	
<https://bioportal.bioontology.org/ontologies/FTDM.owl#DMTO_0002210>	"parenteral"@en	
<https://bioportal.bioontology.org/ontologies/FTDM.owl#DMTO_0002211>	"topical"@en	
<https://bioportal.bioontology.org/ontologies/FTDM.owl#DMTO_0002212>	"rectal"@en	
<https://bioportal.bioontology.org/ontologies/FTDM.owl#DMTO_0002213>	"buccal"@en	
<https://bioportal.bioontology.org/ontologies/FTDM.owl#DMTO_0002214>	"sublingual"@en	
<https://bioportal.bioontology.org/ontologies/FTDM.owl#PATO:0001995>	"organizmal quality"@en	
<https://bioportal.bioontology.org/ontologies/FTDM.owl#PATO:0002198>	"quality of a substance"@en	
<https://bioportal.bioontology.org/ontologies/FTDM.owl#aspart>	"aspart"	
<https://bioportal.bioontology.org/ontologies/FTDM.owl#interval>	"interval"	
<https://bioportal.bioontology.org/ontologies/FTDM.owl#process_quality>	"process quality"@en	
