?subject	?property	?value
_:B096693d3X2D22e9X2D41abX2Dbb82X2Dcf71d28b6563genid1199	<http://www.w3.org/2000/01/rdf-schema#seeAlso>	<http://www.referent-tracking.com/_RTU/papers/CeustersICbookRevised.pdf>
_:B096693d3X2D22e9X2D41abX2Dbb82X2Dcf71d28b6563genid1311	<http://www.w3.org/2000/01/rdf-schema#seeAlso>	<https://groups.google.com/d/msg/bfo-owl-devel/s9Uug5QmAws/ZDRnpiIi_TUJ>
<http://bioportal.bioontology.org/ontologies/versionSubject>	<http://www.w3.org/2002/07/owl#versionInfo>	"2015-11-20"
<http://purl.obolibrary.org#Definition>	<http://www.w3.org/2000/01/rdf-schema#isDefinedBy>	<http://purl.obolibrary.org/obo/iao.owl>
<http://purl.obolibrary.org/obo/BFO_0000001>	<http://www.w3.org/2000/01/rdf-schema#isDefinedBy>	<http://purl.obolibrary.org/obo/bfo.owl>
<http://purl.obolibrary.org/obo/BFO_0000002>	<http://www.w3.org/2000/01/rdf-schema#isDefinedBy>	<http://purl.obolibrary.org/obo/bfo.owl>
<http://purl.obolibrary.org/obo/BFO_0000003>	<http://www.w3.org/2000/01/rdf-schema#isDefinedBy>	<http://purl.obolibrary.org/obo/bfo.owl>
<http://purl.obolibrary.org/obo/BFO_0000004>	<http://www.w3.org/2000/01/rdf-schema#isDefinedBy>	<http://purl.obolibrary.org/obo/bfo.owl>
<http://purl.obolibrary.org/obo/BFO_0000006>	<http://www.w3.org/2000/01/rdf-schema#isDefinedBy>	<http://purl.obolibrary.org/obo/bfo.owl>
<http://purl.obolibrary.org/obo/BFO_0000008>	<http://www.w3.org/2000/01/rdf-schema#isDefinedBy>	<http://purl.obolibrary.org/obo/bfo.owl>
<http://purl.obolibrary.org/obo/BFO_0000009>	<http://www.w3.org/2000/01/rdf-schema#isDefinedBy>	<http://purl.obolibrary.org/obo/bfo.owl>
<http://purl.obolibrary.org/obo/BFO_0000011>	<http://www.w3.org/2000/01/rdf-schema#isDefinedBy>	<http://purl.obolibrary.org/obo/bfo.owl>
<http://purl.obolibrary.org/obo/BFO_0000015>	<http://www.w3.org/2000/01/rdf-schema#isDefinedBy>	<http://purl.obolibrary.org/obo/bfo.owl>
<http://purl.obolibrary.org/obo/BFO_0000016>	<http://www.w3.org/2000/01/rdf-schema#isDefinedBy>	<http://purl.obolibrary.org/obo/bfo.owl>
<http://purl.obolibrary.org/obo/BFO_0000017>	<http://www.w3.org/2000/01/rdf-schema#isDefinedBy>	<http://purl.obolibrary.org/obo/bfo.owl>
<http://purl.obolibrary.org/obo/BFO_0000018>	<http://www.w3.org/2000/01/rdf-schema#isDefinedBy>	<http://purl.obolibrary.org/obo/bfo.owl>
<http://purl.obolibrary.org/obo/BFO_0000019>	<http://www.w3.org/2000/01/rdf-schema#isDefinedBy>	<http://purl.obolibrary.org/obo/bfo.owl>
<http://purl.obolibrary.org/obo/BFO_0000020>	<http://www.w3.org/2000/01/rdf-schema#isDefinedBy>	<http://purl.obolibrary.org/obo/bfo.owl>
<http://purl.obolibrary.org/obo/BFO_0000023>	<http://www.w3.org/2000/01/rdf-schema#isDefinedBy>	<http://purl.obolibrary.org/obo/bfo.owl>
<http://purl.obolibrary.org/obo/BFO_0000024>	<http://www.w3.org/2000/01/rdf-schema#isDefinedBy>	<http://purl.obolibrary.org/obo/bfo.owl>
<http://purl.obolibrary.org/obo/BFO_0000026>	<http://www.w3.org/2000/01/rdf-schema#isDefinedBy>	<http://purl.obolibrary.org/obo/bfo.owl>
<http://purl.obolibrary.org/obo/BFO_0000027>	<http://www.w3.org/2000/01/rdf-schema#isDefinedBy>	<http://purl.obolibrary.org/obo/bfo.owl>
<http://purl.obolibrary.org/obo/BFO_0000028>	<http://www.w3.org/2000/01/rdf-schema#isDefinedBy>	<http://purl.obolibrary.org/obo/bfo.owl>
<http://purl.obolibrary.org/obo/BFO_0000029>	<http://www.w3.org/2000/01/rdf-schema#isDefinedBy>	<http://purl.obolibrary.org/obo/bfo.owl>
<http://purl.obolibrary.org/obo/BFO_0000030>	<http://www.w3.org/2000/01/rdf-schema#isDefinedBy>	<http://purl.obolibrary.org/obo/bfo.owl>
<http://purl.obolibrary.org/obo/BFO_0000031>	<http://www.w3.org/2000/01/rdf-schema#isDefinedBy>	<http://purl.obolibrary.org/obo/bfo.owl>
<http://purl.obolibrary.org/obo/BFO_0000034>	<http://www.w3.org/2000/01/rdf-schema#isDefinedBy>	<http://purl.obolibrary.org/obo/bfo.owl>
<http://purl.obolibrary.org/obo/BFO_0000035>	<http://www.w3.org/2000/01/rdf-schema#isDefinedBy>	<http://purl.obolibrary.org/obo/bfo.owl>
<http://purl.obolibrary.org/obo/BFO_0000038>	<http://www.w3.org/2000/01/rdf-schema#isDefinedBy>	<http://purl.obolibrary.org/obo/bfo.owl>
<http://purl.obolibrary.org/obo/BFO_0000040>	<http://www.w3.org/2000/01/rdf-schema#isDefinedBy>	<http://purl.obolibrary.org/obo/bfo.owl>
<http://purl.obolibrary.org/obo/BFO_0000052>	<http://www.w3.org/2000/01/rdf-schema#isDefinedBy>	<http://purl.obolibrary.org/obo/bfo.owl>
<http://purl.obolibrary.org/obo/BFO_0000053>	<http://www.w3.org/2000/01/rdf-schema#isDefinedBy>	<http://purl.obolibrary.org/obo/bfo.owl>
<http://purl.obolibrary.org/obo/BFO_0000054>	<http://www.w3.org/2000/01/rdf-schema#isDefinedBy>	<http://purl.obolibrary.org/obo/bfo.owl>
<http://purl.obolibrary.org/obo/BFO_0000056>	<http://www.w3.org/2000/01/rdf-schema#isDefinedBy>	<http://purl.obolibrary.org/obo/bfo.owl>
<http://purl.obolibrary.org/obo/BFO_0000057>	<http://www.w3.org/2000/01/rdf-schema#isDefinedBy>	<http://purl.obolibrary.org/obo/bfo.owl>
<http://purl.obolibrary.org/obo/BFO_0000058>	<http://www.w3.org/2000/01/rdf-schema#isDefinedBy>	<http://purl.obolibrary.org/obo/bfo.owl>
<http://purl.obolibrary.org/obo/BFO_0000059>	<http://www.w3.org/2000/01/rdf-schema#isDefinedBy>	<http://purl.obolibrary.org/obo/bfo.owl>
<http://purl.obolibrary.org/obo/BFO_0000067>	<http://www.w3.org/2000/01/rdf-schema#isDefinedBy>	<http://purl.obolibrary.org/obo/bfo.owl>
<http://purl.obolibrary.org/obo/BFO_0000070>	<http://www.w3.org/2000/01/rdf-schema#isDefinedBy>	<http://purl.obolibrary.org/obo/bfo.owl>
<http://purl.obolibrary.org/obo/BFO_0000079>	<http://www.w3.org/2000/01/rdf-schema#isDefinedBy>	<http://purl.obolibrary.org/obo/bfo.owl>
<http://purl.obolibrary.org/obo/BFO_0000080>	<http://www.w3.org/2000/01/rdf-schema#isDefinedBy>	<http://purl.obolibrary.org/obo/bfo.owl>
<http://purl.obolibrary.org/obo/BFO_0000081>	<http://www.w3.org/2000/01/rdf-schema#isDefinedBy>	<http://purl.obolibrary.org/obo/bfo.owl>
<http://purl.obolibrary.org/obo/BFO_0000083>	<http://www.w3.org/2000/01/rdf-schema#isDefinedBy>	<http://purl.obolibrary.org/obo/bfo.owl>
<http://purl.obolibrary.org/obo/BFO_0000084>	<http://www.w3.org/2000/01/rdf-schema#isDefinedBy>	<http://purl.obolibrary.org/obo/bfo.owl>
<http://purl.obolibrary.org/obo/BFO_0000085>	<http://www.w3.org/2000/01/rdf-schema#isDefinedBy>	<http://purl.obolibrary.org/obo/bfo.owl>
<http://purl.obolibrary.org/obo/BFO_0000087>	<http://www.w3.org/2000/01/rdf-schema#isDefinedBy>	<http://purl.obolibrary.org/obo/bfo.owl>
<http://purl.obolibrary.org/obo/BFO_0000101>	<http://www.w3.org/2000/01/rdf-schema#isDefinedBy>	<http://purl.obolibrary.org/obo/bfo.owl>
<http://purl.obolibrary.org/obo/BFO_0000107>	<http://www.w3.org/2000/01/rdf-schema#isDefinedBy>	<http://purl.obolibrary.org/obo/bfo.owl>
<http://purl.obolibrary.org/obo/BFO_0000108>	<http://www.w3.org/2000/01/rdf-schema#isDefinedBy>	<http://purl.obolibrary.org/obo/bfo.owl>
<http://purl.obolibrary.org/obo/BFO_0000110>	<http://www.w3.org/2000/01/rdf-schema#isDefinedBy>	<http://purl.obolibrary.org/obo/bfo.owl>
<http://purl.obolibrary.org/obo/BFO_0000111>	<http://www.w3.org/2000/01/rdf-schema#isDefinedBy>	<http://purl.obolibrary.org/obo/bfo.owl>
<http://purl.obolibrary.org/obo/BFO_0000112>	<http://www.w3.org/2000/01/rdf-schema#isDefinedBy>	<http://purl.obolibrary.org/obo/bfo.owl>
<http://purl.obolibrary.org/obo/BFO_0000113>	<http://www.w3.org/2000/01/rdf-schema#isDefinedBy>	<http://purl.obolibrary.org/obo/bfo.owl>
<http://purl.obolibrary.org/obo/BFO_0000115>	<http://www.w3.org/2000/01/rdf-schema#isDefinedBy>	<http://purl.obolibrary.org/obo/bfo.owl>
<http://purl.obolibrary.org/obo/BFO_0000117>	<http://www.w3.org/2000/01/rdf-schema#isDefinedBy>	<http://purl.obolibrary.org/obo/bfo.owl>
<http://purl.obolibrary.org/obo/BFO_0000118>	<http://www.w3.org/2000/01/rdf-schema#isDefinedBy>	<http://purl.obolibrary.org/obo/bfo.owl>
<http://purl.obolibrary.org/obo/BFO_0000119>	<http://www.w3.org/2000/01/rdf-schema#isDefinedBy>	<http://purl.obolibrary.org/obo/bfo.owl>
<http://purl.obolibrary.org/obo/BFO_0000121>	<http://www.w3.org/2000/01/rdf-schema#isDefinedBy>	<http://purl.obolibrary.org/obo/bfo.owl>
<http://purl.obolibrary.org/obo/BFO_0000123>	<http://www.w3.org/2000/01/rdf-schema#isDefinedBy>	<http://purl.obolibrary.org/obo/bfo.owl>
<http://purl.obolibrary.org/obo/BFO_0000124>	<http://www.w3.org/2000/01/rdf-schema#isDefinedBy>	<http://purl.obolibrary.org/obo/bfo.owl>
<http://purl.obolibrary.org/obo/BFO_0000125>	<http://www.w3.org/2000/01/rdf-schema#isDefinedBy>	<http://purl.obolibrary.org/obo/bfo.owl>
<http://purl.obolibrary.org/obo/BFO_0000126>	<http://www.w3.org/2000/01/rdf-schema#isDefinedBy>	<http://purl.obolibrary.org/obo/bfo.owl>
<http://purl.obolibrary.org/obo/BFO_0000127>	<http://www.w3.org/2000/01/rdf-schema#isDefinedBy>	<http://purl.obolibrary.org/obo/bfo.owl>
<http://purl.obolibrary.org/obo/BFO_0000129>	<http://www.w3.org/2000/01/rdf-schema#isDefinedBy>	<http://purl.obolibrary.org/obo/bfo.owl>
<http://purl.obolibrary.org/obo/BFO_0000130>	<http://www.w3.org/2000/01/rdf-schema#isDefinedBy>	<http://purl.obolibrary.org/obo/bfo.owl>
<http://purl.obolibrary.org/obo/BFO_0000132>	<http://www.w3.org/2000/01/rdf-schema#isDefinedBy>	<http://purl.obolibrary.org/obo/bfo.owl>
<http://purl.obolibrary.org/obo/BFO_0000133>	<http://www.w3.org/2000/01/rdf-schema#isDefinedBy>	<http://purl.obolibrary.org/obo/bfo.owl>
<http://purl.obolibrary.org/obo/BFO_0000136>	<http://www.w3.org/2000/01/rdf-schema#isDefinedBy>	<http://purl.obolibrary.org/obo/bfo.owl>
<http://purl.obolibrary.org/obo/BFO_0000137>	<http://www.w3.org/2000/01/rdf-schema#isDefinedBy>	<http://purl.obolibrary.org/obo/bfo.owl>
<http://purl.obolibrary.org/obo/BFO_0000138>	<http://www.w3.org/2000/01/rdf-schema#isDefinedBy>	<http://purl.obolibrary.org/obo/bfo.owl>
<http://purl.obolibrary.org/obo/BFO_0000139>	<http://www.w3.org/2000/01/rdf-schema#isDefinedBy>	<http://purl.obolibrary.org/obo/bfo.owl>
<http://purl.obolibrary.org/obo/BFO_0000140>	<http://www.w3.org/2000/01/rdf-schema#isDefinedBy>	<http://purl.obolibrary.org/obo/bfo.owl>
<http://purl.obolibrary.org/obo/BFO_0000141>	<http://www.w3.org/2000/01/rdf-schema#isDefinedBy>	<http://purl.obolibrary.org/obo/bfo.owl>
<http://purl.obolibrary.org/obo/BFO_0000142>	<http://www.w3.org/2000/01/rdf-schema#isDefinedBy>	<http://purl.obolibrary.org/obo/bfo.owl>
<http://purl.obolibrary.org/obo/BFO_0000144>	<http://www.w3.org/2000/01/rdf-schema#isDefinedBy>	<http://purl.obolibrary.org/obo/bfo.owl>
<http://purl.obolibrary.org/obo/BFO_0000145>	<http://www.w3.org/2000/01/rdf-schema#isDefinedBy>	<http://purl.obolibrary.org/obo/bfo.owl>
<http://purl.obolibrary.org/obo/BFO_0000146>	<http://www.w3.org/2000/01/rdf-schema#isDefinedBy>	<http://purl.obolibrary.org/obo/bfo.owl>
<http://purl.obolibrary.org/obo/BFO_0000147>	<http://www.w3.org/2000/01/rdf-schema#isDefinedBy>	<http://purl.obolibrary.org/obo/bfo.owl>
<http://purl.obolibrary.org/obo/BFO_0000148>	<http://www.w3.org/2000/01/rdf-schema#isDefinedBy>	<http://purl.obolibrary.org/obo/bfo.owl>
<http://purl.obolibrary.org/obo/BFO_0000151>	<http://www.w3.org/2000/01/rdf-schema#isDefinedBy>	<http://purl.obolibrary.org/obo/bfo.owl>
<http://purl.obolibrary.org/obo/BFO_0000152>	<http://www.w3.org/2000/01/rdf-schema#isDefinedBy>	<http://purl.obolibrary.org/obo/bfo.owl>
<http://purl.obolibrary.org/obo/BFO_0000153>	<http://www.w3.org/2000/01/rdf-schema#isDefinedBy>	<http://purl.obolibrary.org/obo/bfo.owl>
<http://purl.obolibrary.org/obo/BFO_0000154>	<http://www.w3.org/2000/01/rdf-schema#isDefinedBy>	<http://purl.obolibrary.org/obo/bfo.owl>
<http://purl.obolibrary.org/obo/BFO_0000155>	<http://www.w3.org/2000/01/rdf-schema#isDefinedBy>	<http://purl.obolibrary.org/obo/bfo.owl>
<http://purl.obolibrary.org/obo/BFO_0000156>	<http://www.w3.org/2000/01/rdf-schema#isDefinedBy>	<http://purl.obolibrary.org/obo/bfo.owl>
<http://purl.obolibrary.org/obo/BFO_0000157>	<http://www.w3.org/2000/01/rdf-schema#isDefinedBy>	<http://purl.obolibrary.org/obo/bfo.owl>
<http://purl.obolibrary.org/obo/BFO_0000158>	<http://www.w3.org/2000/01/rdf-schema#isDefinedBy>	<http://purl.obolibrary.org/obo/bfo.owl>
<http://purl.obolibrary.org/obo/BFO_0000159>	<http://www.w3.org/2000/01/rdf-schema#isDefinedBy>	<http://purl.obolibrary.org/obo/bfo.owl>
<http://purl.obolibrary.org/obo/BFO_0000160>	<http://www.w3.org/2000/01/rdf-schema#isDefinedBy>	<http://purl.obolibrary.org/obo/bfo.owl>
<http://purl.obolibrary.org/obo/BFO_0000161>	<http://www.w3.org/2000/01/rdf-schema#isDefinedBy>	<http://purl.obolibrary.org/obo/bfo.owl>
<http://purl.obolibrary.org/obo/BFO_0000162>	<http://www.w3.org/2000/01/rdf-schema#isDefinedBy>	<http://purl.obolibrary.org/obo/bfo.owl>
<http://purl.obolibrary.org/obo/BFO_0000163>	<http://www.w3.org/2000/01/rdf-schema#isDefinedBy>	<http://purl.obolibrary.org/obo/bfo.owl>
<http://purl.obolibrary.org/obo/BFO_0000164>	<http://www.w3.org/2000/01/rdf-schema#isDefinedBy>	<http://purl.obolibrary.org/obo/bfo.owl>
<http://purl.obolibrary.org/obo/BFO_0000165>	<http://www.w3.org/2000/01/rdf-schema#isDefinedBy>	<http://purl.obolibrary.org/obo/bfo.owl>
<http://purl.obolibrary.org/obo/BFO_0000166>	<http://www.w3.org/2000/01/rdf-schema#isDefinedBy>	<http://purl.obolibrary.org/obo/bfo.owl>
<http://purl.obolibrary.org/obo/BFO_0000167>	<http://www.w3.org/2000/01/rdf-schema#isDefinedBy>	<http://purl.obolibrary.org/obo/bfo.owl>
<http://purl.obolibrary.org/obo/BFO_0000168>	<http://www.w3.org/2000/01/rdf-schema#isDefinedBy>	<http://purl.obolibrary.org/obo/bfo.owl>
<http://purl.obolibrary.org/obo/BFO_0000169>	<http://www.w3.org/2000/01/rdf-schema#isDefinedBy>	<http://purl.obolibrary.org/obo/bfo.owl>
<http://purl.obolibrary.org/obo/BFO_0000170>	<http://www.w3.org/2000/01/rdf-schema#isDefinedBy>	<http://purl.obolibrary.org/obo/bfo.owl>
<http://purl.obolibrary.org/obo/BFO_0000171>	<http://www.w3.org/2000/01/rdf-schema#isDefinedBy>	<http://purl.obolibrary.org/obo/bfo.owl>
<http://purl.obolibrary.org/obo/BFO_0000172>	<http://www.w3.org/2000/01/rdf-schema#isDefinedBy>	<http://purl.obolibrary.org/obo/bfo.owl>
<http://purl.obolibrary.org/obo/BFO_0000173>	<http://www.w3.org/2000/01/rdf-schema#isDefinedBy>	<http://purl.obolibrary.org/obo/bfo.owl>
<http://purl.obolibrary.org/obo/BFO_0000174>	<http://www.w3.org/2000/01/rdf-schema#isDefinedBy>	<http://purl.obolibrary.org/obo/bfo.owl>
<http://purl.obolibrary.org/obo/BFO_0000175>	<http://www.w3.org/2000/01/rdf-schema#isDefinedBy>	<http://purl.obolibrary.org/obo/bfo.owl>
<http://purl.obolibrary.org/obo/BFO_0000176>	<http://www.w3.org/2000/01/rdf-schema#isDefinedBy>	<http://purl.obolibrary.org/obo/bfo.owl>
<http://purl.obolibrary.org/obo/BFO_0000177>	<http://www.w3.org/2000/01/rdf-schema#isDefinedBy>	<http://purl.obolibrary.org/obo/bfo.owl>
<http://purl.obolibrary.org/obo/BFO_0000178>	<http://www.w3.org/2000/01/rdf-schema#isDefinedBy>	<http://purl.obolibrary.org/obo/bfo.owl>
<http://purl.obolibrary.org/obo/BFO_0000181>	<http://www.w3.org/2000/01/rdf-schema#isDefinedBy>	<http://purl.obolibrary.org/obo/bfo.owl>
<http://purl.obolibrary.org/obo/BFO_0000182>	<http://www.w3.org/2000/01/rdf-schema#isDefinedBy>	<http://purl.obolibrary.org/obo/bfo.owl>
<http://purl.obolibrary.org/obo/BFO_0000184>	<http://www.w3.org/2000/01/rdf-schema#isDefinedBy>	<http://purl.obolibrary.org/obo/bfo.owl>
<http://purl.obolibrary.org/obo/BFO_0000185>	<http://www.w3.org/2000/01/rdf-schema#isDefinedBy>	<http://purl.obolibrary.org/obo/bfo.owl>
<http://purl.obolibrary.org/obo/BFO_0000186>	<http://www.w3.org/2000/01/rdf-schema#isDefinedBy>	<http://purl.obolibrary.org/obo/bfo.owl>
<http://purl.obolibrary.org/obo/BFO_0000187>	<http://www.w3.org/2000/01/rdf-schema#isDefinedBy>	<http://purl.obolibrary.org/obo/bfo.owl>
<http://purl.obolibrary.org/obo/DDO.owl>	<http://www.w3.org/2002/07/owl#versionInfo>	"2015-11-20"
<http://purl.obolibrary.org/obo/DDO.owl#DDO_0003243>	<http://www.w3.org/2000/01/rdf-schema#seeAlso>	"liver failure"
<http://purl.obolibrary.org/obo/IAO_0000111>	<http://www.w3.org/2000/01/rdf-schema#isDefinedBy>	<http://purl.obolibrary.org/obo/iao.owl>
<http://purl.obolibrary.org/obo/IAO_0000112>	<http://www.w3.org/2000/01/rdf-schema#isDefinedBy>	<http://purl.obolibrary.org/obo/iao.owl>
<http://purl.obolibrary.org/obo/IAO_0000115>	<http://www.w3.org/2000/01/rdf-schema#isDefinedBy>	<http://purl.obolibrary.org/obo/iao.owl>
<http://purl.obolibrary.org/obo/IAO_0000116>	<http://www.w3.org/2000/01/rdf-schema#isDefinedBy>	<http://purl.obolibrary.org/obo/iao.owl>
<http://purl.obolibrary.org/obo/IAO_0000117>	<http://www.w3.org/2000/01/rdf-schema#isDefinedBy>	<http://purl.obolibrary.org/obo/iao.owl>
<http://purl.obolibrary.org/obo/IAO_0000118>	<http://www.w3.org/2000/01/rdf-schema#isDefinedBy>	<http://purl.obolibrary.org/obo/iao.owl>
<http://purl.obolibrary.org/obo/IAO_0000119>	<http://www.w3.org/2000/01/rdf-schema#isDefinedBy>	<http://purl.obolibrary.org/obo/iao.owl>
<http://purl.obolibrary.org/obo/IAO_0000232>	<http://www.w3.org/2000/01/rdf-schema#isDefinedBy>	<http://purl.obolibrary.org/obo/iao.owl>
<http://purl.obolibrary.org/obo/IAO_0000412>	<http://www.w3.org/2000/01/rdf-schema#isDefinedBy>	<http://purl.obolibrary.org/obo/iao.owl>
<http://purl.obolibrary.org/obo/IAO_0000600>	<http://www.w3.org/2000/01/rdf-schema#isDefinedBy>	<http://purl.obolibrary.org/obo/iao.owl>
<http://purl.obolibrary.org/obo/IAO_0000601>	<http://www.w3.org/2000/01/rdf-schema#isDefinedBy>	<http://purl.obolibrary.org/obo/iao.owl>
<http://purl.obolibrary.org/obo/IAO_0000602>	<http://www.w3.org/2000/01/rdf-schema#isDefinedBy>	<http://purl.obolibrary.org/obo/iao.owl>
<http://purl.obolibrary.org/obo/IAO_0010000>	<http://www.w3.org/2000/01/rdf-schema#isDefinedBy>	<http://purl.obolibrary.org/obo/iao.owl>
<http://purl.obolibrary.org/obo/OAE_0000017>	<http://www.w3.org/2000/01/rdf-schema#seeAlso>	"MedDRA: 10048065"
<http://purl.obolibrary.org/obo/OAE_0000018>	<http://www.w3.org/2000/01/rdf-schema#seeAlso>	"MedDRA ID: 10008499"
<http://purl.obolibrary.org/obo/OAE_0000019>	<http://www.w3.org/2000/01/rdf-schema#seeAlso>	"MedDRA ID: 10050584"
<http://purl.obolibrary.org/obo/OAE_0000020>	<http://www.w3.org/2000/01/rdf-schema#seeAlso>	"MedDRA ID: 10013789"
<http://purl.obolibrary.org/obo/OAE_0000021>	<http://www.w3.org/2000/01/rdf-schema#seeAlso>	"HPO: HP_0001033"
<http://purl.obolibrary.org/obo/OAE_0000021>	<http://www.w3.org/2000/01/rdf-schema#seeAlso>	"MedDRA ID: 10016825"
<http://purl.obolibrary.org/obo/OAE_0000021>	<http://www.w3.org/2000/01/rdf-schema#seeAlso>	"SIDER: C0016382"
<http://purl.obolibrary.org/obo/OAE_0000022>	<http://www.w3.org/2000/01/rdf-schema#seeAlso>	"HPO: HP_0009763"
<http://purl.obolibrary.org/obo/OAE_0000022>	<http://www.w3.org/2000/01/rdf-schema#seeAlso>	"SIDER: C0030196"
<http://purl.obolibrary.org/obo/OAE_0000024>	<http://www.w3.org/2000/01/rdf-schema#seeAlso>	"MedDRA: 10068230"
<http://purl.obolibrary.org/obo/OAE_0000027>	<http://www.w3.org/2000/01/rdf-schema#seeAlso>	"MedDRA: 10028395"
<http://purl.obolibrary.org/obo/OAE_0000034>	<http://www.w3.org/2000/01/rdf-schema#seeAlso>	"HPO: HP_0003388"
<http://purl.obolibrary.org/obo/OAE_0000034>	<http://www.w3.org/2000/01/rdf-schema#seeAlso>	"MedDRA: 10016256"
<http://purl.obolibrary.org/obo/OAE_0000034>	<http://www.w3.org/2000/01/rdf-schema#seeAlso>	"MedDRA: 10024264"
<http://purl.obolibrary.org/obo/OAE_0000034>	<http://www.w3.org/2000/01/rdf-schema#seeAlso>	"SIDER: C0015672"
<http://purl.obolibrary.org/obo/OAE_0000037>	<http://www.w3.org/2000/01/rdf-schema#seeAlso>	"MedDRA ID: 10052222"
<http://purl.obolibrary.org/obo/OAE_0000038>	<http://www.w3.org/2000/01/rdf-schema#seeAlso>	"HPO: HP_0001658"
<http://purl.obolibrary.org/obo/OAE_0000038>	<http://www.w3.org/2000/01/rdf-schema#seeAlso>	"MedDRA: 10028596"
<http://purl.obolibrary.org/obo/OAE_0000038>	<http://www.w3.org/2000/01/rdf-schema#seeAlso>	"SIDER: C0027051"
<http://purl.obolibrary.org/obo/OAE_0000039>	<http://www.w3.org/2000/01/rdf-schema#seeAlso>	"HPO: HP_0011991"
<http://purl.obolibrary.org/obo/OAE_0000039>	<http://www.w3.org/2000/01/rdf-schema#seeAlso>	"MedDRA: 10029368"
<http://purl.obolibrary.org/obo/OAE_0000039>	<http://www.w3.org/2000/01/rdf-schema#seeAlso>	"SIDER: NA"
<http://purl.obolibrary.org/obo/OAE_0000041>	<http://www.w3.org/2000/01/rdf-schema#seeAlso>	"MedDRA ID: 10022116"
<http://purl.obolibrary.org/obo/OAE_0000042>	<http://www.w3.org/2000/01/rdf-schema#seeAlso>	"MedDRA ID: 10019196"
<http://purl.obolibrary.org/obo/OAE_0000045>	<http://www.w3.org/2000/01/rdf-schema#seeAlso>	"MedDRA: 10022095"
<http://purl.obolibrary.org/obo/OAE_0000046>	<http://www.w3.org/2000/01/rdf-schema#seeAlso>	"MedDRA ID: 10028527"
<http://purl.obolibrary.org/obo/OAE_0000048>	<http://www.w3.org/2000/01/rdf-schema#seeAlso>	"MedDRA: 10029864"
<http://purl.obolibrary.org/obo/OAE_0000048>	<http://www.w3.org/2000/01/rdf-schema#seeAlso>	"眼球震颤"
<http://purl.obolibrary.org/obo/OAE_0000049>	<http://www.w3.org/2000/01/rdf-schema#seeAlso>	"HPO: HP_0011123"
<http://purl.obolibrary.org/obo/OAE_0000049>	<http://www.w3.org/2000/01/rdf-schema#seeAlso>	"MedDRA ID: 10012441"
<http://purl.obolibrary.org/obo/OAE_0000049>	<http://www.w3.org/2000/01/rdf-schema#seeAlso>	"SIDER: C0085932"
<http://purl.obolibrary.org/obo/OAE_0000050>	<http://www.w3.org/2000/01/rdf-schema#seeAlso>	"HPO: HP_0008209"
<http://purl.obolibrary.org/obo/OAE_0000050>	<http://www.w3.org/2000/01/rdf-schema#seeAlso>	"SIDER: C0600142"
<http://purl.obolibrary.org/obo/OAE_0000052>	<http://www.w3.org/2000/01/rdf-schema#seeAlso>	"MedDRA: 10026865"
<http://purl.obolibrary.org/obo/OAE_0000053>	<http://www.w3.org/2000/01/rdf-schema#seeAlso>	"MedDRA ID: 10047924"
<http://purl.obolibrary.org/obo/OAE_0000069>	<http://www.w3.org/2000/01/rdf-schema#seeAlso>	"MP: 0005266; MedDRA: 10027433"
<http://purl.obolibrary.org/obo/OAE_0000081>	<http://www.w3.org/2000/01/rdf-schema#seeAlso>	"HPO: HP_0010832"
<http://purl.obolibrary.org/obo/OAE_0000081>	<http://www.w3.org/2000/01/rdf-schema#seeAlso>	"SIDER: C0234215"
<http://purl.obolibrary.org/obo/OAE_0000082>	<http://www.w3.org/2000/01/rdf-schema#seeAlso>	"MedDRA ID: 10038604"
<http://purl.obolibrary.org/obo/OAE_0000084>	<http://www.w3.org/2000/01/rdf-schema#seeAlso>	"HPO: HP_0001627"
<http://purl.obolibrary.org/obo/OAE_0000084>	<http://www.w3.org/2000/01/rdf-schema#seeAlso>	"MedDRA (PT): 10061024"
<http://purl.obolibrary.org/obo/OAE_0000084>	<http://www.w3.org/2000/01/rdf-schema#seeAlso>	"MedDRA (SOC) : 10007541"
<http://purl.obolibrary.org/obo/OAE_0000084>	<http://www.w3.org/2000/01/rdf-schema#seeAlso>	"SIDER: C0018799"
<http://purl.obolibrary.org/obo/OAE_0000085>	<http://www.w3.org/2000/01/rdf-schema#seeAlso>	"MedDRA: 10047065"
<http://purl.obolibrary.org/obo/OAE_0000086>	<http://www.w3.org/2000/01/rdf-schema#seeAlso>	"HPO: HP_0011123"
<http://purl.obolibrary.org/obo/OAE_0000086>	<http://www.w3.org/2000/01/rdf-schema#seeAlso>	"MedDRA: 10012431"
<http://purl.obolibrary.org/obo/OAE_0000086>	<http://www.w3.org/2000/01/rdf-schema#seeAlso>	"SIDER: C0011603"
<http://purl.obolibrary.org/obo/OAE_0000100>	<http://www.w3.org/2000/01/rdf-schema#seeAlso>	"HPO: HP_0005376"
<http://purl.obolibrary.org/obo/OAE_0000100>	<http://www.w3.org/2000/01/rdf-schema#seeAlso>	"MDR: 10022004"
<http://purl.obolibrary.org/obo/OAE_0000100>	<http://www.w3.org/2000/01/rdf-schema#seeAlso>	"SIDER: C0521839"
<http://purl.obolibrary.org/obo/OAE_0000103>	<http://www.w3.org/2000/01/rdf-schema#seeAlso>	"HPO: HP_0002841"
<http://purl.obolibrary.org/obo/OAE_0000103>	<http://www.w3.org/2000/01/rdf-schema#seeAlso>	"MedDRA: 10017533"
<http://purl.obolibrary.org/obo/OAE_0000103>	<http://www.w3.org/2000/01/rdf-schema#seeAlso>	"SIDER: C0026946"
<http://purl.obolibrary.org/obo/OAE_0000166>	<http://www.w3.org/2000/01/rdf-schema#seeAlso>	"HPO: HP_0001337"
<http://purl.obolibrary.org/obo/OAE_0000166>	<http://www.w3.org/2000/01/rdf-schema#seeAlso>	"MedDRA: 10044565"
<http://purl.obolibrary.org/obo/OAE_0000166>	<http://www.w3.org/2000/01/rdf-schema#seeAlso>	"SIDER: C0040822"
<http://purl.obolibrary.org/obo/OAE_0000167>	<http://www.w3.org/2000/01/rdf-schema#seeAlso>	"HPO: HP_0002270"
<http://purl.obolibrary.org/obo/OAE_0000167>	<http://www.w3.org/2000/01/rdf-schema#seeAlso>	"MedDRA ID: 10061666"
<http://purl.obolibrary.org/obo/OAE_0000167>	<http://www.w3.org/2000/01/rdf-schema#seeAlso>	"SIDER: C0259749"
<http://purl.obolibrary.org/obo/OAE_0000169>	<http://www.w3.org/2000/01/rdf-schema#seeAlso>	"HPO: HP_0001271"
<http://purl.obolibrary.org/obo/OAE_0000169>	<http://www.w3.org/2000/01/rdf-schema#seeAlso>	"MedDRA ID: 10036105"
<http://purl.obolibrary.org/obo/OAE_0000169>	<http://www.w3.org/2000/01/rdf-schema#seeAlso>	"SIDER: C0152025"
<http://purl.obolibrary.org/obo/OAE_0000170>	<http://www.w3.org/2000/01/rdf-schema#seeAlso>	"MedDRA ID: 10062203"
<http://purl.obolibrary.org/obo/OAE_0000173>	<http://www.w3.org/2000/01/rdf-schema#seeAlso>	"MedDRA ID: 10027910"
<http://purl.obolibrary.org/obo/OAE_0000179>	<http://www.w3.org/2000/01/rdf-schema#seeAlso>	"MedDRA: 10013710"
<http://purl.obolibrary.org/obo/OAE_0000183>	<http://www.w3.org/2000/01/rdf-schema#seeAlso>	"MedDRA: 10040560"
<http://purl.obolibrary.org/obo/OAE_0000184>	<http://www.w3.org/2000/01/rdf-schema#seeAlso>	"HPO: HP_0000726"
<http://purl.obolibrary.org/obo/OAE_0000184>	<http://www.w3.org/2000/01/rdf-schema#seeAlso>	"MedDRA ID: 10012272"
<http://purl.obolibrary.org/obo/OAE_0000184>	<http://www.w3.org/2000/01/rdf-schema#seeAlso>	"SIDER: C0497327"
<http://purl.obolibrary.org/obo/OAE_0000185>	<http://www.w3.org/2000/01/rdf-schema#seeAlso>	"HPO: HP_0004419"
<http://purl.obolibrary.org/obo/OAE_0000185>	<http://www.w3.org/2000/01/rdf-schema#seeAlso>	"MedDRA: 10043607"
<http://purl.obolibrary.org/obo/OAE_0000185>	<http://www.w3.org/2000/01/rdf-schema#seeAlso>	"SIDER: C0040053"
<http://purl.obolibrary.org/obo/OAE_0000187>	<http://www.w3.org/2000/01/rdf-schema#seeAlso>	"HPO: HP_0010885"
<http://purl.obolibrary.org/obo/OAE_0000187>	<http://www.w3.org/2000/01/rdf-schema#seeAlso>	"MedDRA: 10057248"
<http://purl.obolibrary.org/obo/OAE_0000187>	<http://www.w3.org/2000/01/rdf-schema#seeAlso>	"SIDER: C0007587"
<http://purl.obolibrary.org/obo/OAE_0000188>	<http://www.w3.org/2000/01/rdf-schema#seeAlso>	"MedDRA ID: 10029107"
<http://purl.obolibrary.org/obo/OAE_0000194>	<http://www.w3.org/2000/01/rdf-schema#seeAlso>	"HPO: HP_0004419"
<http://purl.obolibrary.org/obo/OAE_0000194>	<http://www.w3.org/2000/01/rdf-schema#seeAlso>	"MedDRA: 10034879"
<http://purl.obolibrary.org/obo/OAE_0000194>	<http://www.w3.org/2000/01/rdf-schema#seeAlso>	"SIDER: C0031542"
<http://purl.obolibrary.org/obo/OAE_0000195>	<http://www.w3.org/2000/01/rdf-schema#seeAlso>	"HPO: HP_0001733"
<http://purl.obolibrary.org/obo/OAE_0000195>	<http://www.w3.org/2000/01/rdf-schema#seeAlso>	"MedDRA: 10033646"
<http://purl.obolibrary.org/obo/OAE_0000195>	<http://www.w3.org/2000/01/rdf-schema#seeAlso>	"SIDER: C0030305"
<http://purl.obolibrary.org/obo/OAE_0000196>	<http://www.w3.org/2000/01/rdf-schema#seeAlso>	"MedDRA: 10059512"
<http://purl.obolibrary.org/obo/OAE_0000197>	<http://www.w3.org/2000/01/rdf-schema#seeAlso>	"HPO: HP_0003713"
<http://purl.obolibrary.org/obo/OAE_0000197>	<http://www.w3.org/2000/01/rdf-schema#seeAlso>	"SIDER: C0027540"
<http://purl.obolibrary.org/obo/OAE_0000198>	<http://www.w3.org/2000/01/rdf-schema#seeAlso>	"HPO: HP_0002597"
<http://purl.obolibrary.org/obo/OAE_0000198>	<http://www.w3.org/2000/01/rdf-schema#seeAlso>	"MedDRA: 10061255"
<http://purl.obolibrary.org/obo/OAE_0000198>	<http://www.w3.org/2000/01/rdf-schema#seeAlso>	"SIDER: C0022116"
<http://purl.obolibrary.org/obo/OAE_0000202>	<http://www.w3.org/2000/01/rdf-schema#seeAlso>	"MedDRA: 10014698"
<http://purl.obolibrary.org/obo/OAE_0000204>	<http://www.w3.org/2000/01/rdf-schema#seeAlso>	"MedDRA: 10010331"
<http://purl.obolibrary.org/obo/OAE_0000205>	<http://www.w3.org/2000/01/rdf-schema#seeAlso>	"HPO: HP_0008153"
<http://purl.obolibrary.org/obo/OAE_0000205>	<http://www.w3.org/2000/01/rdf-schema#seeAlso>	"MedDRA: 10033800"
<http://purl.obolibrary.org/obo/OAE_0000205>	<http://www.w3.org/2000/01/rdf-schema#seeAlso>	"SIDER: C0030552"
<http://purl.obolibrary.org/obo/OAE_0000206>	<http://www.w3.org/2000/01/rdf-schema#seeAlso>	"HPO: HP_0006552"
<http://purl.obolibrary.org/obo/OAE_0000206>	<http://www.w3.org/2000/01/rdf-schema#seeAlso>	"MedDRA: 10011762"
<http://purl.obolibrary.org/obo/OAE_0000206>	<http://www.w3.org/2000/01/rdf-schema#seeAlso>	"SIDER: C0010674"
<http://purl.obolibrary.org/obo/OAE_0000207>	<http://www.w3.org/2000/01/rdf-schema#seeAlso>	"HPO: HP_0010279"
<http://purl.obolibrary.org/obo/OAE_0000207>	<http://www.w3.org/2000/01/rdf-schema#seeAlso>	"SIDER: C0020507"
<http://purl.obolibrary.org/obo/OAE_0000210>	<http://www.w3.org/2000/01/rdf-schema#seeAlso>	"HPO: HP_0006562"
<http://purl.obolibrary.org/obo/OAE_0000210>	<http://www.w3.org/2000/01/rdf-schema#seeAlso>	"SIDER: C0019158"
<http://purl.obolibrary.org/obo/OAE_0000211>	<http://www.w3.org/2000/01/rdf-schema#seeAlso>	"HPO: HP_0005229"
<http://purl.obolibrary.org/obo/OAE_0000211>	<http://www.w3.org/2000/01/rdf-schema#seeAlso>	"SIDER: C0041582"
<http://purl.obolibrary.org/obo/OAE_0000212>	<http://www.w3.org/2000/01/rdf-schema#seeAlso>	"HPO: HP_0010294"
<http://purl.obolibrary.org/obo/OAE_0000212>	<http://www.w3.org/2000/01/rdf-schema#seeAlso>	"MedDRA: 10067143"
<http://purl.obolibrary.org/obo/OAE_0000212>	<http://www.w3.org/2000/01/rdf-schema#seeAlso>	"SIDER: C0016169"
<http://purl.obolibrary.org/obo/OAE_0000213>	<http://www.w3.org/2000/01/rdf-schema#seeAlso>	"MedDRA: 10015866"
<http://purl.obolibrary.org/obo/OAE_0000215>	<http://www.w3.org/2000/01/rdf-schema#seeAlso>	"MedDRA: 10065283"
<http://purl.obolibrary.org/obo/OAE_0000218>	<http://www.w3.org/2000/01/rdf-schema#seeAlso>	"HPO: HP_0001662"
<http://purl.obolibrary.org/obo/OAE_0000218>	<http://www.w3.org/2000/01/rdf-schema#seeAlso>	"MedDRA: 10006093"
<http://purl.obolibrary.org/obo/OAE_0000218>	<http://www.w3.org/2000/01/rdf-schema#seeAlso>	"SIDER: C0428977"
<http://purl.obolibrary.org/obo/OAE_0000219>	<http://www.w3.org/2000/01/rdf-schema#seeAlso>	"MedDRA: 10036585"
<http://purl.obolibrary.org/obo/OAE_0000226>	<http://www.w3.org/2000/01/rdf-schema#seeAlso>	"MedDRA: 10003055"
<http://purl.obolibrary.org/obo/OAE_0000236>	<http://www.w3.org/2000/01/rdf-schema#seeAlso>	"HPO: HP_0002620"
<http://purl.obolibrary.org/obo/OAE_0000236>	<http://www.w3.org/2000/01/rdf-schema#seeAlso>	"SIDER: C0852949"
<http://purl.obolibrary.org/obo/OAE_0000237>	<http://www.w3.org/2000/01/rdf-schema#seeAlso>	"HPO: HP_0004950"
<http://purl.obolibrary.org/obo/OAE_0000237>	<http://www.w3.org/2000/01/rdf-schema#seeAlso>	"MedDRA: 10067825"
<http://purl.obolibrary.org/obo/OAE_0000237>	<http://www.w3.org/2000/01/rdf-schema#seeAlso>	"SIDER: C1704436"
<http://purl.obolibrary.org/obo/OAE_0000238>	<http://www.w3.org/2000/01/rdf-schema#seeAlso>	"HPO: HP_0003765"
<http://purl.obolibrary.org/obo/OAE_0000238>	<http://www.w3.org/2000/01/rdf-schema#seeAlso>	"MedDRA: 10037153"
<http://purl.obolibrary.org/obo/OAE_0000238>	<http://www.w3.org/2000/01/rdf-schema#seeAlso>	"SIDER: C0033860"
<http://purl.obolibrary.org/obo/OAE_0000241>	<http://www.w3.org/2000/01/rdf-schema#seeAlso>	"MedDRA: 10060921"
<http://purl.obolibrary.org/obo/OAE_0000242>	<http://www.w3.org/2000/01/rdf-schema#seeAlso>	"HPO: HP_0002027"
<http://purl.obolibrary.org/obo/OAE_0000242>	<http://www.w3.org/2000/01/rdf-schema#seeAlso>	"MedDRA: 10000059"
<http://purl.obolibrary.org/obo/OAE_0000242>	<http://www.w3.org/2000/01/rdf-schema#seeAlso>	"SIDER: C0232487"
<http://purl.obolibrary.org/obo/OAE_0000243>	<http://www.w3.org/2000/01/rdf-schema#seeAlso>	"HPO: HP_0003270"
<http://purl.obolibrary.org/obo/OAE_0000243>	<http://www.w3.org/2000/01/rdf-schema#seeAlso>	"MedDRA: 10000060"
<http://purl.obolibrary.org/obo/OAE_0000243>	<http://www.w3.org/2000/01/rdf-schema#seeAlso>	"SIDER: C0000731"
<http://purl.obolibrary.org/obo/OAE_0000244>	<http://www.w3.org/2000/01/rdf-schema#seeAlso>	"MedDRA: 10058040"
<http://purl.obolibrary.org/obo/OAE_0000245>	<http://www.w3.org/2000/01/rdf-schema#seeAlso>	"MedDRA: 10000099"
<http://purl.obolibrary.org/obo/OAE_0000246>	<http://www.w3.org/2000/01/rdf-schema#seeAlso>	"HPO: HP_0000708"
<http://purl.obolibrary.org/obo/OAE_0000246>	<http://www.w3.org/2000/01/rdf-schema#seeAlso>	"MedDRA: 10061422"
<http://purl.obolibrary.org/obo/OAE_0000246>	<http://www.w3.org/2000/01/rdf-schema#seeAlso>	"SIDER: C0233514"
<http://purl.obolibrary.org/obo/OAE_0000247>	<http://www.w3.org/2000/01/rdf-schema#seeAlso>	"MedDRA: 10000125"
<http://purl.obolibrary.org/obo/OAE_0000248>	<http://www.w3.org/2000/01/rdf-schema#seeAlso>	"MedDRA: 10000220"
<http://purl.obolibrary.org/obo/OAE_0000249>	<http://www.w3.org/2000/01/rdf-schema#seeAlso>	"HPO: HP_0005268"
<http://purl.obolibrary.org/obo/OAE_0000249>	<http://www.w3.org/2000/01/rdf-schema#seeAlso>	"MedDRA: 10000234"
<http://purl.obolibrary.org/obo/OAE_0000249>	<http://www.w3.org/2000/01/rdf-schema#seeAlso>	"SIDER: C0000786"
<http://purl.obolibrary.org/obo/OAE_0000250>	<http://www.w3.org/2000/01/rdf-schema#seeAlso>	"HPO: HP_0001061"
<http://purl.obolibrary.org/obo/OAE_0000250>	<http://www.w3.org/2000/01/rdf-schema#seeAlso>	"MedDRA: 10000496"
<http://purl.obolibrary.org/obo/OAE_0000250>	<http://www.w3.org/2000/01/rdf-schema#seeAlso>	"SIDER: C0702166"
<http://purl.obolibrary.org/obo/OAE_0000251>	<http://www.w3.org/2000/01/rdf-schema#seeAlso>	"HPO: HP_0002721"
<http://purl.obolibrary.org/obo/OAE_0000251>	<http://www.w3.org/2000/01/rdf-schema#seeAlso>	"MedDRA: 10000565"
<http://purl.obolibrary.org/obo/OAE_0000251>	<http://www.w3.org/2000/01/rdf-schema#seeAlso>	"SIDER: C0001175"
<http://purl.obolibrary.org/obo/OAE_0000252>	<http://www.w3.org/2000/01/rdf-schema#seeAlso>	"HPO: HP_0003645"
<http://purl.obolibrary.org/obo/OAE_0000252>	<http://www.w3.org/2000/01/rdf-schema#seeAlso>	"MedDRA: 10000636"
<http://purl.obolibrary.org/obo/OAE_0000252>	<http://www.w3.org/2000/01/rdf-schema#seeAlso>	"SIDER: C0853223"
<http://purl.obolibrary.org/obo/OAE_0000253>	<http://www.w3.org/2000/01/rdf-schema#seeAlso>	"MedDRA: 10066264"
<http://purl.obolibrary.org/obo/OAE_0000254>	<http://www.w3.org/2000/01/rdf-schema#seeAlso>	"MedDRA: 10066262"
<http://purl.obolibrary.org/obo/OAE_0000255>	<http://www.w3.org/2000/01/rdf-schema#seeAlso>	"HPO: HP_0006721"
<http://purl.obolibrary.org/obo/OAE_0000255>	<http://www.w3.org/2000/01/rdf-schema#seeAlso>	"MedDRA: 10000846"
<http://purl.obolibrary.org/obo/OAE_0000255>	<http://www.w3.org/2000/01/rdf-schema#seeAlso>	"SIDER: C0023449"
<http://purl.obolibrary.org/obo/OAE_0000256>	<http://www.w3.org/2000/01/rdf-schema#seeAlso>	"MedDRA: 10063620"
<http://purl.obolibrary.org/obo/OAE_0000257>	<http://www.w3.org/2000/01/rdf-schema#seeAlso>	"HPO: HP_0004808"
<http://purl.obolibrary.org/obo/OAE_0000257>	<http://www.w3.org/2000/01/rdf-schema#seeAlso>	"MedDRA: 10000880"
<http://purl.obolibrary.org/obo/OAE_0000257>	<http://www.w3.org/2000/01/rdf-schema#seeAlso>	"SIDER: C0023467"
<http://purl.obolibrary.org/obo/OAE_0000258>	<http://www.w3.org/2000/01/rdf-schema#seeAlso>	"MedDRA: 10059034"
<http://purl.obolibrary.org/obo/OAE_0000259>	<http://www.w3.org/2000/01/rdf-schema#seeAlso>	"HPO: HP_0100598"
<http://purl.obolibrary.org/obo/OAE_0000259>	<http://www.w3.org/2000/01/rdf-schema#seeAlso>	"MedDRA: 10001029"
<http://purl.obolibrary.org/obo/OAE_0000259>	<http://www.w3.org/2000/01/rdf-schema#seeAlso>	"SIDER: C0155919"
<http://purl.obolibrary.org/obo/OAE_0000260>	<http://www.w3.org/2000/01/rdf-schema#seeAlso>	"HPO: HP_0002093"
<http://purl.obolibrary.org/obo/OAE_0000260>	<http://www.w3.org/2000/01/rdf-schema#seeAlso>	"MedDRA: 10001052"
<http://purl.obolibrary.org/obo/OAE_0000260>	<http://www.w3.org/2000/01/rdf-schema#seeAlso>	"SIDER: C0035222"
<http://purl.obolibrary.org/obo/OAE_0000261>	<http://www.w3.org/2000/01/rdf-schema#seeAlso>	"HPO: HP_0002093"
<http://purl.obolibrary.org/obo/OAE_0000261>	<http://www.w3.org/2000/01/rdf-schema#seeAlso>	"MedDRA: 10001053"
<http://purl.obolibrary.org/obo/OAE_0000261>	<http://www.w3.org/2000/01/rdf-schema#seeAlso>	"SIDER: C0264490"
<http://purl.obolibrary.org/obo/OAE_0000262>	<http://www.w3.org/2000/01/rdf-schema#seeAlso>	"MedDRA: 10001115"
<http://purl.obolibrary.org/obo/OAE_0000263>	<http://www.w3.org/2000/01/rdf-schema#seeAlso>	"MedDRA: 10056268"
<http://purl.obolibrary.org/obo/OAE_0000264>	<http://www.w3.org/2000/01/rdf-schema#seeAlso>	"HPO: HP_0004429"
<http://purl.obolibrary.org/obo/OAE_0000264>	<http://www.w3.org/2000/01/rdf-schema#seeAlso>	"MedDRA: 10060931"
<http://purl.obolibrary.org/obo/OAE_0000264>	<http://www.w3.org/2000/01/rdf-schema#seeAlso>	"SIDER: C0001486"
<http://purl.obolibrary.org/obo/OAE_0000265>	<http://www.w3.org/2000/01/rdf-schema#seeAlso>	"MedDRA: 10061588"
<http://purl.obolibrary.org/obo/OAE_0000266>	<http://www.w3.org/2000/01/rdf-schema#seeAlso>	"MedDRA: 10001382"
<http://purl.obolibrary.org/obo/OAE_0000267>	<http://www.w3.org/2000/01/rdf-schema#seeAlso>	"HPO: HP_0000718"
<http://purl.obolibrary.org/obo/OAE_0000267>	<http://www.w3.org/2000/01/rdf-schema#seeAlso>	"MedDRA: 10001488"
<http://purl.obolibrary.org/obo/OAE_0000267>	<http://www.w3.org/2000/01/rdf-schema#seeAlso>	"SIDER: C0001807"
<http://purl.obolibrary.org/obo/OAE_0000268>	<http://www.w3.org/2000/01/rdf-schema#seeAlso>	"HPO: HP_0001913"
<http://purl.obolibrary.org/obo/OAE_0000268>	<http://www.w3.org/2000/01/rdf-schema#seeAlso>	"MedDRA: 10001507"
<http://purl.obolibrary.org/obo/OAE_0000268>	<http://www.w3.org/2000/01/rdf-schema#seeAlso>	"SIDER: C0001824"
<http://purl.obolibrary.org/obo/OAE_0000269>	<http://www.w3.org/2000/01/rdf-schema#seeAlso>	"MedDRA: 10001526"
<http://purl.obolibrary.org/obo/OAE_0000270>	<http://www.w3.org/2000/01/rdf-schema#seeAlso>	"MedDRA: 10001547"
<http://purl.obolibrary.org/obo/OAE_0000271>	<http://www.w3.org/2000/01/rdf-schema#seeAlso>	"MedDRA: 10001549"
<http://purl.obolibrary.org/obo/OAE_0000272>	<http://www.w3.org/2000/01/rdf-schema#seeAlso>	"MedDRA: 10001551"
<http://purl.obolibrary.org/obo/OAE_0000273>	<http://www.w3.org/2000/01/rdf-schema#seeAlso>	"MedDRA: 10001627"
<http://purl.obolibrary.org/obo/OAE_0000274>	<http://www.w3.org/2000/01/rdf-schema#seeAlso>	"MedDRA: 10001854"
<http://purl.obolibrary.org/obo/OAE_0000275>	<http://www.w3.org/2000/01/rdf-schema#seeAlso>	"HPO: HP_0000141"
<http://purl.obolibrary.org/obo/OAE_0000275>	<http://www.w3.org/2000/01/rdf-schema#seeAlso>	"MedDRA: 10001928"
<http://purl.obolibrary.org/obo/OAE_0000275>	<http://www.w3.org/2000/01/rdf-schema#seeAlso>	"SIDER: C0002453"
<http://purl.obolibrary.org/obo/OAE_0000276>	<http://www.w3.org/2000/01/rdf-schema#seeAlso>	"MedDRA: 10063356"
<http://purl.obolibrary.org/obo/OAE_0000277>	<http://www.w3.org/2000/01/rdf-schema#seeAlso>	"HPO: HP_0004378"
<http://purl.obolibrary.org/obo/OAE_0000277>	<http://www.w3.org/2000/01/rdf-schema#seeAlso>	"MedDRA: 10002153"
<http://purl.obolibrary.org/obo/OAE_0000277>	<http://www.w3.org/2000/01/rdf-schema#seeAlso>	"SIDER: C0016167"
<http://purl.obolibrary.org/obo/OAE_0000278>	<http://www.w3.org/2000/01/rdf-schema#seeAlso>	"MedDRA: 10002180"
<http://purl.obolibrary.org/obo/OAE_0000279>	<http://www.w3.org/2000/01/rdf-schema#seeAlso>	"MedDRA: 10050456"
<http://purl.obolibrary.org/obo/OAE_0000280>	<http://www.w3.org/2000/01/rdf-schema#seeAlso>	"HPO: HP_0001681"
<http://purl.obolibrary.org/obo/OAE_0000280>	<http://www.w3.org/2000/01/rdf-schema#seeAlso>	"MedDRA: 10002383"
<http://purl.obolibrary.org/obo/OAE_0000280>	<http://www.w3.org/2000/01/rdf-schema#seeAlso>	"SIDER: C0002962"
<http://purl.obolibrary.org/obo/OAE_0000281>	<http://www.w3.org/2000/01/rdf-schema#seeAlso>	"HPO: HP_0001681"
<http://purl.obolibrary.org/obo/OAE_0000281>	<http://www.w3.org/2000/01/rdf-schema#seeAlso>	"MedDRA: 10002388"
<http://purl.obolibrary.org/obo/OAE_0000281>	<http://www.w3.org/2000/01/rdf-schema#seeAlso>	"SIDER: C0002965"
<http://purl.obolibrary.org/obo/OAE_0000282>	<http://www.w3.org/2000/01/rdf-schema#seeAlso>	"MedDRA: 10048678"
<http://purl.obolibrary.org/obo/OAE_0000283>	<http://www.w3.org/2000/01/rdf-schema#seeAlso>	"HPO: HP_0100519"
<http://purl.obolibrary.org/obo/OAE_0000283>	<http://www.w3.org/2000/01/rdf-schema#seeAlso>	"MedDRA: 10002847"
<http://purl.obolibrary.org/obo/OAE_0000283>	<http://www.w3.org/2000/01/rdf-schema#seeAlso>	"SIDER: C0003460"
<http://purl.obolibrary.org/obo/OAE_0000284>	<http://www.w3.org/2000/01/rdf-schema#seeAlso>	"HPO: HP_0001679"
<http://purl.obolibrary.org/obo/OAE_0000284>	<http://www.w3.org/2000/01/rdf-schema#seeAlso>	"MedDRA: 10058648"
<http://purl.obolibrary.org/obo/OAE_0000284>	<http://www.w3.org/2000/01/rdf-schema#seeAlso>	"SIDER: C0003493"
<http://purl.obolibrary.org/obo/OAE_0000285>	<http://www.w3.org/2000/01/rdf-schema#seeAlso>	"HPO: HP_0001659"
<http://purl.obolibrary.org/obo/OAE_0000285>	<http://www.w3.org/2000/01/rdf-schema#seeAlso>	"MedDRA: 10002915"
<http://purl.obolibrary.org/obo/OAE_0000285>	<http://www.w3.org/2000/01/rdf-schema#seeAlso>	"SIDER: C0003504"
<http://purl.obolibrary.org/obo/OAE_0000286>	<http://www.w3.org/2000/01/rdf-schema#seeAlso>	"HPO: HP_0010515"
<http://purl.obolibrary.org/obo/OAE_0000286>	<http://www.w3.org/2000/01/rdf-schema#seeAlso>	"MedDRA: 10002961"
<http://purl.obolibrary.org/obo/OAE_0000286>	<http://www.w3.org/2000/01/rdf-schema#seeAlso>	"SIDER: C0243065"
<http://purl.obolibrary.org/obo/OAE_0000287>	<http://www.w3.org/2000/01/rdf-schema#seeAlso>	"HPO: HP_0001915"
<http://purl.obolibrary.org/obo/OAE_0000287>	<http://www.w3.org/2000/01/rdf-schema#seeAlso>	"MedDRA: 10002967"
<http://purl.obolibrary.org/obo/OAE_0000287>	<http://www.w3.org/2000/01/rdf-schema#seeAlso>	"SIDER: C0002874"
<http://purl.obolibrary.org/obo/OAE_0000288>	<http://www.w3.org/2000/01/rdf-schema#seeAlso>	"MedDRA: 10065044"
<http://purl.obolibrary.org/obo/OAE_0000289>	<http://www.w3.org/2000/01/rdf-schema#seeAlso>	"MedDRA: 10063683"
<http://purl.obolibrary.org/obo/OAE_0000290>	<http://www.w3.org/2000/01/rdf-schema#seeAlso>	"MedDRA: 10049041"
<http://purl.obolibrary.org/obo/OAE_0000291>	<http://www.w3.org/2000/01/rdf-schema#seeAlso>	"MedDRA: 10060964"
<http://purl.obolibrary.org/obo/OAE_0000292>	<http://www.w3.org/2000/01/rdf-schema#seeAlso>	"MedDRA ID: 10011575"
<http://purl.obolibrary.org/obo/OAE_0000293>	<http://www.w3.org/2000/01/rdf-schema#seeAlso>	"MedDRA ID: 10059703"
<http://purl.obolibrary.org/obo/OAE_0000294>	<http://www.w3.org/2000/01/rdf-schema#seeAlso>	"HPO: HP_0000979"
<http://purl.obolibrary.org/obo/OAE_0000294>	<http://www.w3.org/2000/01/rdf-schema#seeAlso>	"MedDRA ID: 10019617"
<http://purl.obolibrary.org/obo/OAE_0000294>	<http://www.w3.org/2000/01/rdf-schema#seeAlso>	"SIDER: C0034152"
<http://purl.obolibrary.org/obo/OAE_0000295>	<http://www.w3.org/2000/01/rdf-schema#seeAlso>	"HPO: HP_0002540"
<http://purl.obolibrary.org/obo/OAE_0000295>	<http://www.w3.org/2000/01/rdf-schema#seeAlso>	"MedDRA ID: 10049460"
<http://purl.obolibrary.org/obo/OAE_0000295>	<http://www.w3.org/2000/01/rdf-schema#seeAlso>	"SIDER: C0877217"
<http://purl.obolibrary.org/obo/OAE_0000296>	<http://www.w3.org/2000/01/rdf-schema#seeAlso>	"HPO: HP_0002027"
<http://purl.obolibrary.org/obo/OAE_0000296>	<http://www.w3.org/2000/01/rdf-schema#seeAlso>	"MedDRA ID: 10000087"
<http://purl.obolibrary.org/obo/OAE_0000296>	<http://www.w3.org/2000/01/rdf-schema#seeAlso>	"SIDER: C0232492"
<http://purl.obolibrary.org/obo/OAE_0000297>	<http://www.w3.org/2000/01/rdf-schema#seeAlso>	"MedDRA ID: 10001480"
<http://purl.obolibrary.org/obo/OAE_0000299>	<http://www.w3.org/2000/01/rdf-schema#seeAlso>	"HPO: HP_0010632"
<http://purl.obolibrary.org/obo/OAE_0000299>	<http://www.w3.org/2000/01/rdf-schema#seeAlso>	"MedDRA ID: 10002653"
<http://purl.obolibrary.org/obo/OAE_0000299>	<http://www.w3.org/2000/01/rdf-schema#seeAlso>	"SIDER: C0003126"
<http://purl.obolibrary.org/obo/OAE_0000300>	<http://www.w3.org/2000/01/rdf-schema#seeAlso>	"HPO: HP_0000739"
<http://purl.obolibrary.org/obo/OAE_0000300>	<http://www.w3.org/2000/01/rdf-schema#seeAlso>	"MedDRA: 10029216"
<http://purl.obolibrary.org/obo/OAE_0000300>	<http://www.w3.org/2000/01/rdf-schema#seeAlso>	"SIDER: C0003467"
<http://purl.obolibrary.org/obo/OAE_0000301>	<http://www.w3.org/2000/01/rdf-schema#seeAlso>	"HPO: HP_0004749"
<http://purl.obolibrary.org/obo/OAE_0000301>	<http://www.w3.org/2000/01/rdf-schema#seeAlso>	"MedDRA: 10003662"
<http://purl.obolibrary.org/obo/OAE_0000301>	<http://www.w3.org/2000/01/rdf-schema#seeAlso>	"SIDER: C0004239"
<http://purl.obolibrary.org/obo/OAE_0000302>	<http://www.w3.org/2000/01/rdf-schema#seeAlso>	"HPO: HP_0002141"
<http://purl.obolibrary.org/obo/OAE_0000302>	<http://www.w3.org/2000/01/rdf-schema#seeAlso>	"MedDRA ID: 10049848"
<http://purl.obolibrary.org/obo/OAE_0000302>	<http://www.w3.org/2000/01/rdf-schema#seeAlso>	"SIDER: C0575090"
<http://purl.obolibrary.org/obo/OAE_0000303>	<http://www.w3.org/2000/01/rdf-schema#seeAlso>	"HPO: HP_0008066"
<http://purl.obolibrary.org/obo/OAE_0000303>	<http://www.w3.org/2000/01/rdf-schema#seeAlso>	"MedDRA ID: 10005191"
<http://purl.obolibrary.org/obo/OAE_0000303>	<http://www.w3.org/2000/01/rdf-schema#seeAlso>	"MedDRA: 10005191"
<http://purl.obolibrary.org/obo/OAE_0000303>	<http://www.w3.org/2000/01/rdf-schema#seeAlso>	"SIDER: C0005758"
<http://purl.obolibrary.org/obo/OAE_0000304>	<http://www.w3.org/2000/01/rdf-schema#seeAlso>	"HPO: HP_0003553"
<http://purl.obolibrary.org/obo/OAE_0000304>	<http://www.w3.org/2000/01/rdf-schema#seeAlso>	"MedDRA: 10007882"
<http://purl.obolibrary.org/obo/OAE_0000304>	<http://www.w3.org/2000/01/rdf-schema#seeAlso>	"SIDER: C0007642"
<http://purl.obolibrary.org/obo/OAE_0000306>	<http://www.w3.org/2000/01/rdf-schema#seeAlso>	"HPO: HP_0001250"
<http://purl.obolibrary.org/obo/OAE_0000306>	<http://www.w3.org/2000/01/rdf-schema#seeAlso>	"MedDRA ID: 10010904"
<http://purl.obolibrary.org/obo/OAE_0000306>	<http://www.w3.org/2000/01/rdf-schema#seeAlso>	"SIDER: C0009951"
<http://purl.obolibrary.org/obo/OAE_0000308>	<http://www.w3.org/2000/01/rdf-schema#seeAlso>	"HPO: HP_0000223"
<http://purl.obolibrary.org/obo/OAE_0000308>	<http://www.w3.org/2000/01/rdf-schema#seeAlso>	"MedDRA ID: 10013911"
<http://purl.obolibrary.org/obo/OAE_0000308>	<http://www.w3.org/2000/01/rdf-schema#seeAlso>	"SIDER: C0013378"
<http://purl.obolibrary.org/obo/OAE_0000309>	<http://www.w3.org/2000/01/rdf-schema#seeAlso>	"HPO: HP_0100660"
<http://purl.obolibrary.org/obo/OAE_0000309>	<http://www.w3.org/2000/01/rdf-schema#seeAlso>	"MedDRA ID: 10013916"
<http://purl.obolibrary.org/obo/OAE_0000309>	<http://www.w3.org/2000/01/rdf-schema#seeAlso>	"SIDER: C0013384"
<http://purl.obolibrary.org/obo/OAE_0000310>	<http://www.w3.org/2000/01/rdf-schema#seeAlso>	"HPO: HP_0002094"
<http://purl.obolibrary.org/obo/OAE_0000310>	<http://www.w3.org/2000/01/rdf-schema#seeAlso>	"MedDRA ID: 10013968"
<http://purl.obolibrary.org/obo/OAE_0000310>	<http://www.w3.org/2000/01/rdf-schema#seeAlso>	"SIDER: C0013404"
<http://purl.obolibrary.org/obo/OAE_0000311>	<http://www.w3.org/2000/01/rdf-schema#seeAlso>	"MedDRA ID: 10014431"
<http://purl.obolibrary.org/obo/OAE_0000312>	<http://www.w3.org/2000/01/rdf-schema#seeAlso>	"HPO: HP_0000478"
<http://purl.obolibrary.org/obo/OAE_0000312>	<http://www.w3.org/2000/01/rdf-schema#seeAlso>	"MedDRA ID: 10015946"
<http://purl.obolibrary.org/obo/OAE_0000312>	<http://www.w3.org/2000/01/rdf-schema#seeAlso>	"SIDER: C0235266"
<http://purl.obolibrary.org/obo/OAE_0000313>	<http://www.w3.org/2000/01/rdf-schema#seeAlso>	"HPO: HP_0000989"
<http://purl.obolibrary.org/obo/OAE_0000313>	<http://www.w3.org/2000/01/rdf-schema#seeAlso>	"MedDRA ID: 10052140"
<http://purl.obolibrary.org/obo/OAE_0000313>	<http://www.w3.org/2000/01/rdf-schema#seeAlso>	"SIDER: C0022281"
<http://purl.obolibrary.org/obo/OAE_0000314>	<http://www.w3.org/2000/01/rdf-schema#seeAlso>	"HPO: HP_0000099"
<http://purl.obolibrary.org/obo/OAE_0000314>	<http://www.w3.org/2000/01/rdf-schema#seeAlso>	"SIDER: C0017658"
<http://purl.obolibrary.org/obo/OAE_0000315>	<http://www.w3.org/2000/01/rdf-schema#seeAlso>	"HPO: HP_0011712"
<http://purl.obolibrary.org/obo/OAE_0000315>	<http://www.w3.org/2000/01/rdf-schema#seeAlso>	"MedDRA: 10006582"
<http://purl.obolibrary.org/obo/OAE_0000315>	<http://www.w3.org/2000/01/rdf-schema#seeAlso>	"SIDER: C0085615"
<http://purl.obolibrary.org/obo/OAE_0000316>	<http://www.w3.org/2000/01/rdf-schema#seeAlso>	"MedDRA: 10000032"
<http://purl.obolibrary.org/obo/OAE_0000317>	<http://www.w3.org/2000/01/rdf-schema#seeAlso>	"HPO: HP_0010830"
<http://purl.obolibrary.org/obo/OAE_0000317>	<http://www.w3.org/2000/01/rdf-schema#seeAlso>	"MedDRA ID: 10020937"
<http://purl.obolibrary.org/obo/OAE_0000317>	<http://www.w3.org/2000/01/rdf-schema#seeAlso>	"SIDER: C0020580"
<http://purl.obolibrary.org/obo/OAE_0000318>	<http://www.w3.org/2000/01/rdf-schema#seeAlso>	"HPO: HP_0004420"
<http://purl.obolibrary.org/obo/OAE_0000318>	<http://www.w3.org/2000/01/rdf-schema#seeAlso>	"MedDRA: 10003178"
<http://purl.obolibrary.org/obo/OAE_0000318>	<http://www.w3.org/2000/01/rdf-schema#seeAlso>	"SIDER: C0151942"
<http://purl.obolibrary.org/obo/OAE_0000319>	<http://www.w3.org/2000/01/rdf-schema#seeAlso>	"HPO: HP_0005376"
<http://purl.obolibrary.org/obo/OAE_0000319>	<http://www.w3.org/2000/01/rdf-schema#seeAlso>	"MDR: 10022000"
<http://purl.obolibrary.org/obo/OAE_0000319>	<http://www.w3.org/2000/01/rdf-schema#seeAlso>	"SIDER: C0021400"
<http://purl.obolibrary.org/obo/OAE_0000320>	<http://www.w3.org/2000/01/rdf-schema#seeAlso>	"HPO: HP_0004929"
<http://purl.obolibrary.org/obo/OAE_0000320>	<http://www.w3.org/2000/01/rdf-schema#seeAlso>	"MedDRA: 10003211"
<http://purl.obolibrary.org/obo/OAE_0000320>	<http://www.w3.org/2000/01/rdf-schema#seeAlso>	"SIDER: C0010054"
<http://purl.obolibrary.org/obo/OAE_0000322>	<http://www.w3.org/2000/01/rdf-schema#seeAlso>	"MedDRA: 10022066"
<http://purl.obolibrary.org/obo/OAE_0000324>	<http://www.w3.org/2000/01/rdf-schema#seeAlso>	"MedDRA: 10022093"
<http://purl.obolibrary.org/obo/OAE_0000327>	<http://www.w3.org/2000/01/rdf-schema#seeAlso>	"HPO: HP_0005833"
<http://purl.obolibrary.org/obo/OAE_0000327>	<http://www.w3.org/2000/01/rdf-schema#seeAlso>	"MedDRA ID: 10023232"
<http://purl.obolibrary.org/obo/OAE_0000327>	<http://www.w3.org/2000/01/rdf-schema#seeAlso>	"SIDER: C0152031"
<http://purl.obolibrary.org/obo/OAE_0000328>	<http://www.w3.org/2000/01/rdf-schema#seeAlso>	"MedDRA: 10038428"
<http://purl.obolibrary.org/obo/OAE_0000329>	<http://www.w3.org/2000/01/rdf-schema#seeAlso>	"HPO: HP_0009926"
<http://purl.obolibrary.org/obo/OAE_0000329>	<http://www.w3.org/2000/01/rdf-schema#seeAlso>	"MedDRA ID: 10023644"
<http://purl.obolibrary.org/obo/OAE_0000329>	<http://www.w3.org/2000/01/rdf-schema#seeAlso>	"MedDRA: 10023644"
<http://purl.obolibrary.org/obo/OAE_0000329>	<http://www.w3.org/2000/01/rdf-schema#seeAlso>	"SIDER: C0152227"
<http://purl.obolibrary.org/obo/OAE_0000330>	<http://www.w3.org/2000/01/rdf-schema#seeAlso>	"HPO: HP_0000159"
<http://purl.obolibrary.org/obo/OAE_0000330>	<http://www.w3.org/2000/01/rdf-schema#seeAlso>	"MedDRA ID: 10024570"
<http://purl.obolibrary.org/obo/OAE_0000330>	<http://www.w3.org/2000/01/rdf-schema#seeAlso>	"SIDER: C0240211"
<http://purl.obolibrary.org/obo/OAE_0000331>	<http://www.w3.org/2000/01/rdf-schema#seeAlso>	"HPO: HP_0002840"
<http://purl.obolibrary.org/obo/OAE_0000331>	<http://www.w3.org/2000/01/rdf-schema#seeAlso>	"SIDER: C0024205"
<http://purl.obolibrary.org/obo/OAE_0000332>	<http://www.w3.org/2000/01/rdf-schema#seeAlso>	"HPO: HP_0006217"
<http://purl.obolibrary.org/obo/OAE_0000332>	<http://www.w3.org/2000/01/rdf-schema#seeAlso>	"MedDRA ID: 10048334"
<http://purl.obolibrary.org/obo/OAE_0000332>	<http://www.w3.org/2000/01/rdf-schema#seeAlso>	"SIDER: C0700572"
<http://purl.obolibrary.org/obo/OAE_0000333>	<http://www.w3.org/2000/01/rdf-schema#seeAlso>	"HPO: HP_0001324"
<http://purl.obolibrary.org/obo/OAE_0000333>	<http://www.w3.org/2000/01/rdf-schema#seeAlso>	"MedDRA ID: 10028372"
<http://purl.obolibrary.org/obo/OAE_0000333>	<http://www.w3.org/2000/01/rdf-schema#seeAlso>	"SIDER: C0151786"
<http://purl.obolibrary.org/obo/OAE_0000334>	<http://www.w3.org/2000/01/rdf-schema#seeAlso>	"HPO: HP_0003552"
<http://purl.obolibrary.org/obo/OAE_0000334>	<http://www.w3.org/2000/01/rdf-schema#seeAlso>	"MedDRA ID: 10052904"
<http://purl.obolibrary.org/obo/OAE_0000334>	<http://www.w3.org/2000/01/rdf-schema#seeAlso>	"SIDER: C0948525"
<http://purl.obolibrary.org/obo/OAE_0000335>	<http://www.w3.org/2000/01/rdf-schema#seeAlso>	"HPO: HP_0001742"
<http://purl.obolibrary.org/obo/OAE_0000335>	<http://www.w3.org/2000/01/rdf-schema#seeAlso>	"SIDER: C0027424"
<http://purl.obolibrary.org/obo/OAE_0000336>	<http://www.w3.org/2000/01/rdf-schema#seeAlso>	"HPO: HP_0002087"
<http://purl.obolibrary.org/obo/OAE_0000336>	<http://www.w3.org/2000/01/rdf-schema#seeAlso>	"SIDER: C0027441"
<http://purl.obolibrary.org/obo/OAE_0000337>	<http://www.w3.org/2000/01/rdf-schema#seeAlso>	"MedDRA: 10029331"
<http://purl.obolibrary.org/obo/OAE_0000338>	<http://www.w3.org/2000/01/rdf-schema#seeAlso>	"MedDRA ID: 10030041"
<http://purl.obolibrary.org/obo/OAE_0000339>	<http://www.w3.org/2000/01/rdf-schema#seeAlso>	"HPO: HP_0010833"
<http://purl.obolibrary.org/obo/OAE_0000339>	<http://www.w3.org/2000/01/rdf-schema#seeAlso>	"MedDRA ID: 10068319"
<http://purl.obolibrary.org/obo/OAE_0000339>	<http://www.w3.org/2000/01/rdf-schema#seeAlso>	"SIDER: C2363731"
<http://purl.obolibrary.org/obo/OAE_0000340>	<http://www.w3.org/2000/01/rdf-schema#seeAlso>	"HPO: HP_0008623"
<http://purl.obolibrary.org/obo/OAE_0000340>	<http://www.w3.org/2000/01/rdf-schema#seeAlso>	"SIDER: C0029882"
<http://purl.obolibrary.org/obo/OAE_0000341>	<http://www.w3.org/2000/01/rdf-schema#seeAlso>	"HPO: HP_0001701"
<http://purl.obolibrary.org/obo/OAE_0000341>	<http://www.w3.org/2000/01/rdf-schema#seeAlso>	"MedDRA: 10034484"
<http://purl.obolibrary.org/obo/OAE_0000341>	<http://www.w3.org/2000/01/rdf-schema#seeAlso>	"SIDER: C0031046"
<http://purl.obolibrary.org/obo/OAE_0000343>	<http://www.w3.org/2000/01/rdf-schema#seeAlso>	"HPO: HP_0100776"
<http://purl.obolibrary.org/obo/OAE_0000343>	<http://www.w3.org/2000/01/rdf-schema#seeAlso>	"MedDRA ID: 10034835"
<http://purl.obolibrary.org/obo/OAE_0000343>	<http://www.w3.org/2000/01/rdf-schema#seeAlso>	"SIDER: C0031350"
<http://purl.obolibrary.org/obo/OAE_0000344>	<http://www.w3.org/2000/01/rdf-schema#seeAlso>	"HPO: HP_0010833"
<http://purl.obolibrary.org/obo/OAE_0000344>	<http://www.w3.org/2000/01/rdf-schema#seeAlso>	"SIDER: C0858635"
<http://purl.obolibrary.org/obo/OAE_0000345>	<http://www.w3.org/2000/01/rdf-schema#seeAlso>	"HPO: HP_0000988"
<http://purl.obolibrary.org/obo/OAE_0000345>	<http://www.w3.org/2000/01/rdf-schema#seeAlso>	"SIDER: C0221201"
<http://purl.obolibrary.org/obo/OAE_0000346>	<http://www.w3.org/2000/01/rdf-schema#seeAlso>	"HPO: HP_0007432"
<http://purl.obolibrary.org/obo/OAE_0000346>	<http://www.w3.org/2000/01/rdf-schema#seeAlso>	"MedDRA: 10037876"
<http://purl.obolibrary.org/obo/OAE_0000346>	<http://www.w3.org/2000/01/rdf-schema#seeAlso>	"SIDER: C0221202"
<http://purl.obolibrary.org/obo/OAE_0000347>	<http://www.w3.org/2000/01/rdf-schema#seeAlso>	"HPO: HP_0002747"
<http://purl.obolibrary.org/obo/OAE_0000347>	<http://www.w3.org/2000/01/rdf-schema#seeAlso>	"MedDRA ID: 10038687"
<http://purl.obolibrary.org/obo/OAE_0000347>	<http://www.w3.org/2000/01/rdf-schema#seeAlso>	"MedDRA: 10038687"
<http://purl.obolibrary.org/obo/OAE_0000347>	<http://www.w3.org/2000/01/rdf-schema#seeAlso>	"SIDER: C0476273"
<http://purl.obolibrary.org/obo/OAE_0000349>	<http://www.w3.org/2000/01/rdf-schema#seeAlso>	"MedDRA ID: 10038776"
<http://purl.obolibrary.org/obo/OAE_0000349>	<http://www.w3.org/2000/01/rdf-schema#seeAlso>	"MedDRA: 10038776"
<http://purl.obolibrary.org/obo/OAE_0000350>	<http://www.w3.org/2000/01/rdf-schema#seeAlso>	"HPO: HP_0002257"
<http://purl.obolibrary.org/obo/OAE_0000350>	<http://www.w3.org/2000/01/rdf-schema#seeAlso>	"MedDRA: 10028116"
<http://purl.obolibrary.org/obo/OAE_0000350>	<http://www.w3.org/2000/01/rdf-schema#seeAlso>	"SIDER: C0035455"
<http://purl.obolibrary.org/obo/OAE_0000353>	<http://www.w3.org/2000/01/rdf-schema#seeAlso>	"HPO: HP_0002257"
<http://purl.obolibrary.org/obo/OAE_0000353>	<http://www.w3.org/2000/01/rdf-schema#seeAlso>	"SIDER: C0152029"
<http://purl.obolibrary.org/obo/OAE_0000354>	<http://www.w3.org/2000/01/rdf-schema#seeAlso>	"MedDRA ID: 10041232"
<http://purl.obolibrary.org/obo/OAE_0000355>	<http://www.w3.org/2000/01/rdf-schema#seeAlso>	"HPO: HP_0001649"
<http://purl.obolibrary.org/obo/OAE_0000355>	<http://www.w3.org/2000/01/rdf-schema#seeAlso>	"MedDRA ID: 10043071"
<http://purl.obolibrary.org/obo/OAE_0000355>	<http://www.w3.org/2000/01/rdf-schema#seeAlso>	"SIDER: C0039231"
<http://purl.obolibrary.org/obo/OAE_0000356>	<http://www.w3.org/2000/01/rdf-schema#seeAlso>	"HPO: HP_0100261"
<http://purl.obolibrary.org/obo/OAE_0000356>	<http://www.w3.org/2000/01/rdf-schema#seeAlso>	"SIDER: C0039503"
<http://purl.obolibrary.org/obo/OAE_0000357>	<http://www.w3.org/2000/01/rdf-schema#seeAlso>	"MedDRA ID: 10043528"
<http://purl.obolibrary.org/obo/OAE_0000358>	<http://www.w3.org/2000/01/rdf-schema#seeAlso>	"HPO: HP_0002788"
<http://purl.obolibrary.org/obo/OAE_0000358>	<http://www.w3.org/2000/01/rdf-schema#seeAlso>	"SIDER: C0041912"
<http://purl.obolibrary.org/obo/OAE_0000359>	<http://www.w3.org/2000/01/rdf-schema#seeAlso>	"HPO: HP_0005428"
<http://purl.obolibrary.org/obo/OAE_0000359>	<http://www.w3.org/2000/01/rdf-schema#seeAlso>	"SIDER: C0008049"
<http://purl.obolibrary.org/obo/OAE_0000360>	<http://www.w3.org/2000/01/rdf-schema#seeAlso>	"HPO: HP_0003401"
<http://purl.obolibrary.org/obo/OAE_0000360>	<http://www.w3.org/2000/01/rdf-schema#seeAlso>	"MedDRA ID: 10057372"
<http://purl.obolibrary.org/obo/OAE_0000360>	<http://www.w3.org/2000/01/rdf-schema#seeAlso>	"SIDER: C0521591"
<http://purl.obolibrary.org/obo/OAE_0000361>	<http://www.w3.org/2000/01/rdf-schema#seeAlso>	"MedDRA: 10005911"
<http://purl.obolibrary.org/obo/OAE_0000361>	<http://www.w3.org/2000/01/rdf-schema#seeAlso>	"MedDRA: 10037660"
<http://purl.obolibrary.org/obo/OAE_0000362>	<http://www.w3.org/2000/01/rdf-schema#seeAlso>	"HPO: HP_0000988"
<http://purl.obolibrary.org/obo/OAE_0000362>	<http://www.w3.org/2000/01/rdf-schema#seeAlso>	"MDR: 10037844"
<http://purl.obolibrary.org/obo/OAE_0000362>	<http://www.w3.org/2000/01/rdf-schema#seeAlso>	"MedDRA ID: 10037844"
<http://purl.obolibrary.org/obo/OAE_0000362>	<http://www.w3.org/2000/01/rdf-schema#seeAlso>	"MedDRA: 10037844"
<http://purl.obolibrary.org/obo/OAE_0000362>	<http://www.w3.org/2000/01/rdf-schema#seeAlso>	"SIDER: C0015230"
<http://purl.obolibrary.org/obo/OAE_0000363>	<http://www.w3.org/2000/01/rdf-schema#seeAlso>	"MedDRA: 10021789"
<http://purl.obolibrary.org/obo/OAE_0000365>	<http://www.w3.org/2000/01/rdf-schema#seeAlso>	"HPO: HP_0000711"
<http://purl.obolibrary.org/obo/OAE_0000365>	<http://www.w3.org/2000/01/rdf-schema#seeAlso>	"MedDRA ID: 10001497"
<http://purl.obolibrary.org/obo/OAE_0000365>	<http://www.w3.org/2000/01/rdf-schema#seeAlso>	"SIDER: C0085631"
<http://purl.obolibrary.org/obo/OAE_0000366>	<http://www.w3.org/2000/01/rdf-schema#seeAlso>	"MDR: 10022095"
<http://purl.obolibrary.org/obo/OAE_0000368>	<http://www.w3.org/2000/01/rdf-schema#seeAlso>	"MedDRA: 10053425"
<http://purl.obolibrary.org/obo/OAE_0000369>	<http://www.w3.org/2000/01/rdf-schema#seeAlso>	"MedDRA: 10022086"
<http://purl.obolibrary.org/obo/OAE_0000371>	<http://www.w3.org/2000/01/rdf-schema#seeAlso>	"MedDRA: 10022067"
<http://purl.obolibrary.org/obo/OAE_0000373>	<http://www.w3.org/2000/01/rdf-schema#seeAlso>	"HPO: HP_0000989"
<http://purl.obolibrary.org/obo/OAE_0000373>	<http://www.w3.org/2000/01/rdf-schema#seeAlso>	"MDR: 10037087"
<http://purl.obolibrary.org/obo/OAE_0000373>	<http://www.w3.org/2000/01/rdf-schema#seeAlso>	"MedDRA ID: 10037087"
<http://purl.obolibrary.org/obo/OAE_0000373>	<http://www.w3.org/2000/01/rdf-schema#seeAlso>	"SIDER: C0033774"
<http://purl.obolibrary.org/obo/OAE_0000374>	<http://www.w3.org/2000/01/rdf-schema#seeAlso>	"HPO: HP_0010833"
<http://purl.obolibrary.org/obo/OAE_0000374>	<http://www.w3.org/2000/01/rdf-schema#seeAlso>	"SIDER: C0030193"
<http://purl.obolibrary.org/obo/OAE_0000375>	<http://www.w3.org/2000/01/rdf-schema#seeAlso>	"HPO: HP_0003326"
<http://purl.obolibrary.org/obo/OAE_0000375>	<http://www.w3.org/2000/01/rdf-schema#seeAlso>	"MDR: 10028411"
<http://purl.obolibrary.org/obo/OAE_0000375>	<http://www.w3.org/2000/01/rdf-schema#seeAlso>	"MedDRA ID: 10028411"
<http://purl.obolibrary.org/obo/OAE_0000375>	<http://www.w3.org/2000/01/rdf-schema#seeAlso>	"SIDER: C0231528"
<http://purl.obolibrary.org/obo/OAE_0000376>	<http://www.w3.org/2000/01/rdf-schema#seeAlso>	"HPO: HP_0001025"
<http://purl.obolibrary.org/obo/OAE_0000376>	<http://www.w3.org/2000/01/rdf-schema#seeAlso>	"MedDRA ID: 10046735"
<http://purl.obolibrary.org/obo/OAE_0000376>	<http://www.w3.org/2000/01/rdf-schema#seeAlso>	"SIDER: C0042109"
<http://purl.obolibrary.org/obo/OAE_0000377>	<http://www.w3.org/2000/01/rdf-schema#seeAlso>	"HPO: HP_0002315"
<http://purl.obolibrary.org/obo/OAE_0000377>	<http://www.w3.org/2000/01/rdf-schema#seeAlso>	"SIDER: C0018681"
<http://purl.obolibrary.org/obo/OAE_0000379>	<http://www.w3.org/2000/01/rdf-schema#seeAlso>	"MP: MP_0000218"
<http://purl.obolibrary.org/obo/OAE_0000379>	<http://www.w3.org/2000/01/rdf-schema#seeAlso>	"MedDRA: 10024378"
<http://purl.obolibrary.org/obo/OAE_0000379>	<http://www.w3.org/2000/01/rdf-schema#seeAlso>	"MedDRA: 10047943"
<http://purl.obolibrary.org/obo/OAE_0000380>	<http://www.w3.org/2000/01/rdf-schema#seeAlso>	"MP: MP_0000221"
<http://purl.obolibrary.org/obo/OAE_0000380>	<http://www.w3.org/2000/01/rdf-schema#seeAlso>	"MedDRA: 10047942"
<http://purl.obolibrary.org/obo/OAE_0000381>	<http://www.w3.org/2000/01/rdf-schema#seeAlso>	"MP: MP_0000230"
<http://purl.obolibrary.org/obo/OAE_0000382>	<http://www.w3.org/2000/01/rdf-schema#seeAlso>	"HPO: HP_0001324"
<http://purl.obolibrary.org/obo/OAE_0000382>	<http://www.w3.org/2000/01/rdf-schema#seeAlso>	"MedDRA ID: 10003549"
<http://purl.obolibrary.org/obo/OAE_0000382>	<http://www.w3.org/2000/01/rdf-schema#seeAlso>	"SIDER: C0004093"
<http://purl.obolibrary.org/obo/OAE_0000384>	<http://www.w3.org/2000/01/rdf-schema#seeAlso>	"MedDRA: 10037868"
<http://purl.obolibrary.org/obo/OAE_0000385>	<http://www.w3.org/2000/01/rdf-schema#seeAlso>	"HPO: HP_0002829"
<http://purl.obolibrary.org/obo/OAE_0000385>	<http://www.w3.org/2000/01/rdf-schema#seeAlso>	"MDR: 10003239"
<http://purl.obolibrary.org/obo/OAE_0000385>	<http://www.w3.org/2000/01/rdf-schema#seeAlso>	"SIDER: C0003862"
<http://purl.obolibrary.org/obo/OAE_0000386>	<http://www.w3.org/2000/01/rdf-schema#seeAlso>	"HPO: HP_0000988"
<http://purl.obolibrary.org/obo/OAE_0000386>	<http://www.w3.org/2000/01/rdf-schema#seeAlso>	"SIDER: C0151883"
<http://purl.obolibrary.org/obo/OAE_0000388>	<http://www.w3.org/2000/01/rdf-schema#seeAlso>	"HPO: HP_0002321"
<http://purl.obolibrary.org/obo/OAE_0000388>	<http://www.w3.org/2000/01/rdf-schema#seeAlso>	"MedDRA ID: 10013573"
<http://purl.obolibrary.org/obo/OAE_0000388>	<http://www.w3.org/2000/01/rdf-schema#seeAlso>	"SIDER: C0012833"
<http://purl.obolibrary.org/obo/OAE_0000389>	<http://www.w3.org/2000/01/rdf-schema#seeAlso>	"MedDRA: 10030124"
<http://purl.obolibrary.org/obo/OAE_0000390>	<http://www.w3.org/2000/01/rdf-schema#seeAlso>	"HPO: HP_0002321"
<http://purl.obolibrary.org/obo/OAE_0000390>	<http://www.w3.org/2000/01/rdf-schema#seeAlso>	"MDR: 10025482"
<http://purl.obolibrary.org/obo/OAE_0000390>	<http://www.w3.org/2000/01/rdf-schema#seeAlso>	"SIDER: C0231218"
<http://purl.obolibrary.org/obo/OAE_0000391>	<http://www.w3.org/2000/01/rdf-schema#seeAlso>	"HPO: HP_0001262"
<http://purl.obolibrary.org/obo/OAE_0000391>	<http://www.w3.org/2000/01/rdf-schema#seeAlso>	"MedDRA ID: 10041349"
<http://purl.obolibrary.org/obo/OAE_0000391>	<http://www.w3.org/2000/01/rdf-schema#seeAlso>	"SIDER: C2830004"
<http://purl.obolibrary.org/obo/OAE_0000392>	<http://www.w3.org/2000/01/rdf-schema#seeAlso>	"MedDRA: 10033775"
<http://purl.obolibrary.org/obo/OAE_0000393>	<http://www.w3.org/2000/01/rdf-schema#seeAlso>	"MedDRA: 10011469"
<http://purl.obolibrary.org/obo/OAE_0000394>	<http://www.w3.org/2000/01/rdf-schema#seeAlso>	"HPO: HP_0001945"
<http://purl.obolibrary.org/obo/OAE_0000394>	<http://www.w3.org/2000/01/rdf-schema#seeAlso>	"MedDRA: 10008531"
<http://purl.obolibrary.org/obo/OAE_0000394>	<http://www.w3.org/2000/01/rdf-schema#seeAlso>	"SIDER: C0085593"
<http://purl.obolibrary.org/obo/OAE_0000395>	<http://www.w3.org/2000/01/rdf-schema#seeAlso>	"HPO: HP_0004372"
<http://purl.obolibrary.org/obo/OAE_0000395>	<http://www.w3.org/2000/01/rdf-schema#seeAlso>	"MedDRA ID: 10042264"
<http://purl.obolibrary.org/obo/OAE_0000395>	<http://www.w3.org/2000/01/rdf-schema#seeAlso>	"SIDER: C0085628"
<http://purl.obolibrary.org/obo/OAE_0000396>	<http://www.w3.org/2000/01/rdf-schema#seeAlso>	"HPO: HP_0002039"
<http://purl.obolibrary.org/obo/OAE_0000396>	<http://www.w3.org/2000/01/rdf-schema#seeAlso>	"MedDRA: 10002649"
<http://purl.obolibrary.org/obo/OAE_0000396>	<http://www.w3.org/2000/01/rdf-schema#seeAlso>	"MedDRA: 10061428"
<http://purl.obolibrary.org/obo/OAE_0000396>	<http://www.w3.org/2000/01/rdf-schema#seeAlso>	"SIDER: C0003123"
<http://purl.obolibrary.org/obo/OAE_0000397>	<http://www.w3.org/2000/01/rdf-schema#seeAlso>	"MedDRA: 10016029"
<http://purl.obolibrary.org/obo/OAE_0000397>	<http://www.w3.org/2000/01/rdf-schema#seeAlso>	"MedDRA: 10042682"
<http://purl.obolibrary.org/obo/OAE_0000398>	<http://www.w3.org/2000/01/rdf-schema#seeAlso>	"MedDRA: 10011224"
<http://purl.obolibrary.org/obo/OAE_0000400>	<http://www.w3.org/2000/01/rdf-schema#seeAlso>	"HPO: HP_0001279"
<http://purl.obolibrary.org/obo/OAE_0000400>	<http://www.w3.org/2000/01/rdf-schema#seeAlso>	"MedDRA ID: 10042772"
<http://purl.obolibrary.org/obo/OAE_0000400>	<http://www.w3.org/2000/01/rdf-schema#seeAlso>	"MedDRA: 10024855"
<http://purl.obolibrary.org/obo/OAE_0000400>	<http://www.w3.org/2000/01/rdf-schema#seeAlso>	"SIDER: C0039070"
<http://purl.obolibrary.org/obo/OAE_0000401>	<http://www.w3.org/2000/01/rdf-schema#seeAlso>	"HPO: HP_0000975"
<http://purl.obolibrary.org/obo/OAE_0000401>	<http://www.w3.org/2000/01/rdf-schema#seeAlso>	"SIDER: C0038990"
<http://purl.obolibrary.org/obo/OAE_0000402>	<http://www.w3.org/2000/01/rdf-schema#seeAlso>	"HPO: HP_0002027"
<http://purl.obolibrary.org/obo/OAE_0000402>	<http://www.w3.org/2000/01/rdf-schema#seeAlso>	"MedDRA ID: 10000081"
<http://purl.obolibrary.org/obo/OAE_0000402>	<http://www.w3.org/2000/01/rdf-schema#seeAlso>	"SIDER: C0000737"
<http://purl.obolibrary.org/obo/OAE_0000403>	<http://www.w3.org/2000/01/rdf-schema#seeAlso>	"HPO: HP_0000822"
<http://purl.obolibrary.org/obo/OAE_0000403>	<http://www.w3.org/2000/01/rdf-schema#seeAlso>	"MP: MP_0000231"
<http://purl.obolibrary.org/obo/OAE_0000403>	<http://www.w3.org/2000/01/rdf-schema#seeAlso>	"MedDRA: 10005750"
<http://purl.obolibrary.org/obo/OAE_0000403>	<http://www.w3.org/2000/01/rdf-schema#seeAlso>	"MedDRA: 10020772"
<http://purl.obolibrary.org/obo/OAE_0000403>	<http://www.w3.org/2000/01/rdf-schema#seeAlso>	"SIDER: C0020538"
<http://purl.obolibrary.org/obo/OAE_0000404>	<http://www.w3.org/2000/01/rdf-schema#seeAlso>	"HPO: HP_0005173"
<http://purl.obolibrary.org/obo/OAE_0000404>	<http://www.w3.org/2000/01/rdf-schema#seeAlso>	"MedDRA: 10002918"
<http://purl.obolibrary.org/obo/OAE_0000404>	<http://www.w3.org/2000/01/rdf-schema#seeAlso>	"SIDER: C0003507"
<http://purl.obolibrary.org/obo/OAE_0000405>	<http://www.w3.org/2000/01/rdf-schema#seeAlso>	"HPO: HP_0001324"
<http://purl.obolibrary.org/obo/OAE_0000405>	<http://www.w3.org/2000/01/rdf-schema#seeAlso>	"SIDER: C0947912"
<http://purl.obolibrary.org/obo/OAE_0000406>	<http://www.w3.org/2000/01/rdf-schema#seeAlso>	"HPO: HP_0001681"
<http://purl.obolibrary.org/obo/OAE_0000406>	<http://www.w3.org/2000/01/rdf-schema#seeAlso>	"MedDRA ID: 10008479"
<http://purl.obolibrary.org/obo/OAE_0000406>	<http://www.w3.org/2000/01/rdf-schema#seeAlso>	"SIDER: C0008031"
<http://purl.obolibrary.org/obo/OAE_0000408>	<http://www.w3.org/2000/01/rdf-schema#seeAlso>	"MedDRA ID: 10063118"
<http://purl.obolibrary.org/obo/OAE_0000411>	<http://www.w3.org/2000/01/rdf-schema#seeAlso>	"HPO: HP_0002099"
<http://purl.obolibrary.org/obo/OAE_0000411>	<http://www.w3.org/2000/01/rdf-schema#seeAlso>	"MedDRA ID: 10003553"
<http://purl.obolibrary.org/obo/OAE_0000411>	<http://www.w3.org/2000/01/rdf-schema#seeAlso>	"SIDER: C0004096"
<http://purl.obolibrary.org/obo/OAE_0000412>	<http://www.w3.org/2000/01/rdf-schema#seeAlso>	"HPO: HP_0003418"
<http://purl.obolibrary.org/obo/OAE_0000412>	<http://www.w3.org/2000/01/rdf-schema#seeAlso>	"SIDER: C0007859"
<http://purl.obolibrary.org/obo/OAE_0000413>	<http://www.w3.org/2000/01/rdf-schema#seeAlso>	"HPO: HP_0003095"
<http://purl.obolibrary.org/obo/OAE_0000413>	<http://www.w3.org/2000/01/rdf-schema#seeAlso>	"MedDRA: 10060968"
<http://purl.obolibrary.org/obo/OAE_0000413>	<http://www.w3.org/2000/01/rdf-schema#seeAlso>	"SIDER: C0003869"
<http://purl.obolibrary.org/obo/OAE_0000414>	<http://www.w3.org/2000/01/rdf-schema#seeAlso>	"HPO: HP_0003418"
<http://purl.obolibrary.org/obo/OAE_0000414>	<http://www.w3.org/2000/01/rdf-schema#seeAlso>	"MedDRA ID: 10003988"
<http://purl.obolibrary.org/obo/OAE_0000414>	<http://www.w3.org/2000/01/rdf-schema#seeAlso>	"SIDER: C0004604"
<http://purl.obolibrary.org/obo/OAE_0000415>	<http://www.w3.org/2000/01/rdf-schema#seeAlso>	"HPO: HP_0001596"
<http://purl.obolibrary.org/obo/OAE_0000415>	<http://www.w3.org/2000/01/rdf-schema#seeAlso>	"MP: MP_0000414"
<http://purl.obolibrary.org/obo/OAE_0000415>	<http://www.w3.org/2000/01/rdf-schema#seeAlso>	"MedDRA: 10001760"
<http://purl.obolibrary.org/obo/OAE_0000415>	<http://www.w3.org/2000/01/rdf-schema#seeAlso>	"SIDER: C0002170"
<http://purl.obolibrary.org/obo/OAE_0000416>	<http://www.w3.org/2000/01/rdf-schema#seeAlso>	"MP: MP_0000465"
<http://purl.obolibrary.org/obo/OAE_0000416>	<http://www.w3.org/2000/01/rdf-schema#seeAlso>	"MedDRA: 10017955"
<http://purl.obolibrary.org/obo/OAE_0000418>	<http://www.w3.org/2000/01/rdf-schema#seeAlso>	"HPO: HP_0007141"
<http://purl.obolibrary.org/obo/OAE_0000418>	<http://www.w3.org/2000/01/rdf-schema#seeAlso>	"SIDER: C0442874"
<http://purl.obolibrary.org/obo/OAE_0000419>	<http://www.w3.org/2000/01/rdf-schema#seeAlso>	"HPO: HP_0200036"
<http://purl.obolibrary.org/obo/OAE_0000419>	<http://www.w3.org/2000/01/rdf-schema#seeAlso>	"SIDER: C0037287"
<http://purl.obolibrary.org/obo/OAE_0000421>	<http://www.w3.org/2000/01/rdf-schema#seeAlso>	"HPO: HP_0002375"
<http://purl.obolibrary.org/obo/OAE_0000421>	<http://www.w3.org/2000/01/rdf-schema#seeAlso>	"MedDRA ID: 10021021"
<http://purl.obolibrary.org/obo/OAE_0000421>	<http://www.w3.org/2000/01/rdf-schema#seeAlso>	"SIDER: C0086439"
<http://purl.obolibrary.org/obo/OAE_0000422>	<http://www.w3.org/2000/01/rdf-schema#seeAlso>	"MedDRA: 10028346"
<http://purl.obolibrary.org/obo/OAE_0000423>	<http://www.w3.org/2000/01/rdf-schema#seeAlso>	"MedDRA: 10040829"
<http://purl.obolibrary.org/obo/OAE_0000424>	<http://www.w3.org/2000/01/rdf-schema#seeAlso>	"HPO: HP_0005353"
<http://purl.obolibrary.org/obo/OAE_0000424>	<http://www.w3.org/2000/01/rdf-schema#seeAlso>	"MedDRA: 10019974"
<http://purl.obolibrary.org/obo/OAE_0000424>	<http://www.w3.org/2000/01/rdf-schema#seeAlso>	"SIDER: C0019360"
<http://purl.obolibrary.org/obo/OAE_0000426>	<http://www.w3.org/2000/01/rdf-schema#seeAlso>	"HPO: HP_0006977"
<http://purl.obolibrary.org/obo/OAE_0000426>	<http://www.w3.org/2000/01/rdf-schema#seeAlso>	"MedDRA ID: 10041466"
<http://purl.obolibrary.org/obo/OAE_0000426>	<http://www.w3.org/2000/01/rdf-schema#seeAlso>	"SIDER: C0037822"
<http://purl.obolibrary.org/obo/OAE_0000427>	<http://www.w3.org/2000/01/rdf-schema#seeAlso>	"MP: MP_0001914"
<http://purl.obolibrary.org/obo/OAE_0000427>	<http://www.w3.org/2000/01/rdf-schema#seeAlso>	"MedDRA: 10055798"
<http://purl.obolibrary.org/obo/OAE_0000429>	<http://www.w3.org/2000/01/rdf-schema#seeAlso>	"HPO: HP_0007131"
<http://purl.obolibrary.org/obo/OAE_0000429>	<http://www.w3.org/2000/01/rdf-schema#seeAlso>	"MedDRA ID: 10018767"
<http://purl.obolibrary.org/obo/OAE_0000429>	<http://www.w3.org/2000/01/rdf-schema#seeAlso>	"MedDRA: 10018767"
<http://purl.obolibrary.org/obo/OAE_0000429>	<http://www.w3.org/2000/01/rdf-schema#seeAlso>	"SIDER: C0018378"
<http://purl.obolibrary.org/obo/OAE_0000432>	<http://www.w3.org/2000/01/rdf-schema#seeAlso>	"MedDRA: 10016559"
<http://purl.obolibrary.org/obo/OAE_0000433>	<http://www.w3.org/2000/01/rdf-schema#seeAlso>	"HPO: HP_0000751"
<http://purl.obolibrary.org/obo/OAE_0000433>	<http://www.w3.org/2000/01/rdf-schema#seeAlso>	"MedDRA ID: 10034721"
<http://purl.obolibrary.org/obo/OAE_0000433>	<http://www.w3.org/2000/01/rdf-schema#seeAlso>	"SIDER: C0031212"
<http://purl.obolibrary.org/obo/OAE_0000434>	<http://www.w3.org/2000/01/rdf-schema#seeAlso>	"HPO: HP_0006552"
<http://purl.obolibrary.org/obo/OAE_0000434>	<http://www.w3.org/2000/01/rdf-schema#seeAlso>	"MedDRA: 10025082"
<http://purl.obolibrary.org/obo/OAE_0000434>	<http://www.w3.org/2000/01/rdf-schema#seeAlso>	"SIDER: C0024115"
<http://purl.obolibrary.org/obo/OAE_0000437>	<http://www.w3.org/2000/01/rdf-schema#seeAlso>	"MP: MP_0000599"
<http://purl.obolibrary.org/obo/OAE_0000438>	<http://www.w3.org/2000/01/rdf-schema#seeAlso>	"HPO: HP_0001287"
<http://purl.obolibrary.org/obo/OAE_0000438>	<http://www.w3.org/2000/01/rdf-schema#seeAlso>	"MedDRA ID: 10027199"
<http://purl.obolibrary.org/obo/OAE_0000438>	<http://www.w3.org/2000/01/rdf-schema#seeAlso>	"SIDER: C0025289"
<http://purl.obolibrary.org/obo/OAE_0000440>	<http://www.w3.org/2000/01/rdf-schema#seeAlso>	"HPO: HP_0007209"
<http://purl.obolibrary.org/obo/OAE_0000440>	<http://www.w3.org/2000/01/rdf-schema#seeAlso>	"SIDER: C0015469"
<http://purl.obolibrary.org/obo/OAE_0000441>	<http://www.w3.org/2000/01/rdf-schema#seeAlso>	"MedDRA: 10010305"
<http://purl.obolibrary.org/obo/OAE_0000443>	<http://www.w3.org/2000/01/rdf-schema#seeAlso>	"HPO: HP_0000496"
<http://purl.obolibrary.org/obo/OAE_0000443>	<http://www.w3.org/2000/01/rdf-schema#seeAlso>	"MedDRA ID: 10015916"
<http://purl.obolibrary.org/obo/OAE_0000443>	<http://www.w3.org/2000/01/rdf-schema#seeAlso>	"SIDER: C0015397"
<http://purl.obolibrary.org/obo/OAE_0000446>	<http://www.w3.org/2000/01/rdf-schema#seeAlso>	"MedDRA: 10003267"
<http://purl.obolibrary.org/obo/OAE_0000447>	<http://www.w3.org/2000/01/rdf-schema#seeAlso>	"HPO: HP_0000646"
<http://purl.obolibrary.org/obo/OAE_0000447>	<http://www.w3.org/2000/01/rdf-schema#seeAlso>	"MedDRA ID: 10001906"
<http://purl.obolibrary.org/obo/OAE_0000447>	<http://www.w3.org/2000/01/rdf-schema#seeAlso>	"SIDER: C0002418"
<http://purl.obolibrary.org/obo/OAE_0000448>	<http://www.w3.org/2000/01/rdf-schema#seeAlso>	"HPO: HP_0001249"
<http://purl.obolibrary.org/obo/OAE_0000448>	<http://www.w3.org/2000/01/rdf-schema#seeAlso>	"SIDER: C0025362"
<http://purl.obolibrary.org/obo/OAE_0000449>	<http://www.w3.org/2000/01/rdf-schema#seeAlso>	"HPO: HP_0010783"
<http://purl.obolibrary.org/obo/OAE_0000449>	<http://www.w3.org/2000/01/rdf-schema#seeAlso>	"MedDRA ID: 10015218"
<http://purl.obolibrary.org/obo/OAE_0000449>	<http://www.w3.org/2000/01/rdf-schema#seeAlso>	"SIDER: C0014742"
<http://purl.obolibrary.org/obo/OAE_0000452>	<http://www.w3.org/2000/01/rdf-schema#seeAlso>	"MedDRA: 10043431"
<http://purl.obolibrary.org/obo/OAE_0000453>	<http://www.w3.org/2000/01/rdf-schema#seeAlso>	"HPO: HP_0002577"
<http://purl.obolibrary.org/obo/OAE_0000453>	<http://www.w3.org/2000/01/rdf-schema#seeAlso>	"MedDRA ID: 10013946"
<http://purl.obolibrary.org/obo/OAE_0000453>	<http://www.w3.org/2000/01/rdf-schema#seeAlso>	"MedDRA: 10013946"
<http://purl.obolibrary.org/obo/OAE_0000453>	<http://www.w3.org/2000/01/rdf-schema#seeAlso>	"SIDER: C0013395"
<http://purl.obolibrary.org/obo/OAE_0000454>	<http://www.w3.org/2000/01/rdf-schema#seeAlso>	"HPO: HP_0100845"
<http://purl.obolibrary.org/obo/OAE_0000454>	<http://www.w3.org/2000/01/rdf-schema#seeAlso>	"MedDRA ID: 10002216"
<http://purl.obolibrary.org/obo/OAE_0000454>	<http://www.w3.org/2000/01/rdf-schema#seeAlso>	"MedDRA: 10002198"
<http://purl.obolibrary.org/obo/OAE_0000454>	<http://www.w3.org/2000/01/rdf-schema#seeAlso>	"SIDER: C0340865"
<http://purl.obolibrary.org/obo/OAE_0000455>	<http://www.w3.org/2000/01/rdf-schema#seeAlso>	"HPO: HP_0011024"
<http://purl.obolibrary.org/obo/OAE_0000455>	<http://www.w3.org/2000/01/rdf-schema#seeAlso>	"SIDER: C0017178"
<http://purl.obolibrary.org/obo/OAE_0000456>	<http://www.w3.org/2000/01/rdf-schema#seeAlso>	"HPO: HP_0001541"
<http://purl.obolibrary.org/obo/OAE_0000456>	<http://www.w3.org/2000/01/rdf-schema#seeAlso>	"MedDRA: 10003445"
<http://purl.obolibrary.org/obo/OAE_0000456>	<http://www.w3.org/2000/01/rdf-schema#seeAlso>	"SIDER: C0003962"
<http://purl.obolibrary.org/obo/OAE_0000459>	<http://www.w3.org/2000/01/rdf-schema#seeAlso>	"MedDRA: 10000130"
<http://purl.obolibrary.org/obo/OAE_0000460>	<http://www.w3.org/2000/01/rdf-schema#seeAlso>	"HPO: HP_0002321"
<http://purl.obolibrary.org/obo/OAE_0000460>	<http://www.w3.org/2000/01/rdf-schema#seeAlso>	"MedDRA ID: 10047340"
<http://purl.obolibrary.org/obo/OAE_0000460>	<http://www.w3.org/2000/01/rdf-schema#seeAlso>	"SIDER: C0042571"
<http://purl.obolibrary.org/obo/OAE_0000461>	<http://www.w3.org/2000/01/rdf-schema#seeAlso>	"MedDRA: 10007515"
<http://purl.obolibrary.org/obo/OAE_0000461>	<http://www.w3.org/2000/01/rdf-schema#seeAlso>	"MedDRA: 10007617"
<http://purl.obolibrary.org/obo/OAE_0000461>	<http://www.w3.org/2000/01/rdf-schema#seeAlso>	"MedDRA: 10028596"
<http://purl.obolibrary.org/obo/OAE_0000462>	<http://www.w3.org/2000/01/rdf-schema#seeAlso>	"HPO: HP_0002837"
<http://purl.obolibrary.org/obo/OAE_0000462>	<http://www.w3.org/2000/01/rdf-schema#seeAlso>	"SIDER: C0006277"
<http://purl.obolibrary.org/obo/OAE_0000464>	<http://www.w3.org/2000/01/rdf-schema#seeAlso>	"MP: MP_0000609"
<http://purl.obolibrary.org/obo/OAE_0000464>	<http://www.w3.org/2000/01/rdf-schema#seeAlso>	"MedDRA: 10019670"
<http://purl.obolibrary.org/obo/OAE_0000464>	<http://www.w3.org/2000/01/rdf-schema#seeAlso>	"MedDRA: 10024690"
<http://purl.obolibrary.org/obo/OAE_0000465>	<http://www.w3.org/2000/01/rdf-schema#seeAlso>	"HPO: HP_0000598"
<http://purl.obolibrary.org/obo/OAE_0000465>	<http://www.w3.org/2000/01/rdf-schema#seeAlso>	"SIDER: C0013447"
<http://purl.obolibrary.org/obo/OAE_0000466>	<http://www.w3.org/2000/01/rdf-schema#seeAlso>	"HPO: HP_0005364"
<http://purl.obolibrary.org/obo/OAE_0000466>	<http://www.w3.org/2000/01/rdf-schema#seeAlso>	"SIDER: C0042769"
<http://purl.obolibrary.org/obo/OAE_0000468>	<http://www.w3.org/2000/01/rdf-schema#seeAlso>	"HPO: HP_0000952"
<http://purl.obolibrary.org/obo/OAE_0000468>	<http://www.w3.org/2000/01/rdf-schema#seeAlso>	"MP: MP_0000611"
<http://purl.obolibrary.org/obo/OAE_0000468>	<http://www.w3.org/2000/01/rdf-schema#seeAlso>	"MedDRA ID: 10023126"
<http://purl.obolibrary.org/obo/OAE_0000468>	<http://www.w3.org/2000/01/rdf-schema#seeAlso>	"MedDRA: 10023126"
<http://purl.obolibrary.org/obo/OAE_0000468>	<http://www.w3.org/2000/01/rdf-schema#seeAlso>	"SIDER: C0022346"
<http://purl.obolibrary.org/obo/OAE_0000469>	<http://www.w3.org/2000/01/rdf-schema#seeAlso>	"HPO: HP_0002722"
<http://purl.obolibrary.org/obo/OAE_0000469>	<http://www.w3.org/2000/01/rdf-schema#seeAlso>	"MedDRA: 10000269"
<http://purl.obolibrary.org/obo/OAE_0000469>	<http://www.w3.org/2000/01/rdf-schema#seeAlso>	"SIDER: C0000833"
<http://purl.obolibrary.org/obo/OAE_0000470>	<http://www.w3.org/2000/01/rdf-schema#seeAlso>	"HPO: HP_0200025"
<http://purl.obolibrary.org/obo/OAE_0000470>	<http://www.w3.org/2000/01/rdf-schema#seeAlso>	"MedDRA ID: 10015958"
<http://purl.obolibrary.org/obo/OAE_0000470>	<http://www.w3.org/2000/01/rdf-schema#seeAlso>	"SIDER: C0151827"
<http://purl.obolibrary.org/obo/OAE_0000471>	<http://www.w3.org/2000/01/rdf-schema#seeAlso>	"MedDRA: 10033557"
<http://purl.obolibrary.org/obo/OAE_0000472>	<http://www.w3.org/2000/01/rdf-schema#seeAlso>	"MedDRA: 10042727"
<http://purl.obolibrary.org/obo/OAE_0000473>	<http://www.w3.org/2000/01/rdf-schema#seeAlso>	"HPO: HP_0010833"
<http://purl.obolibrary.org/obo/OAE_0000473>	<http://www.w3.org/2000/01/rdf-schema#seeAlso>	"SIDER: C0013456"
<http://purl.obolibrary.org/obo/OAE_0000474>	<http://www.w3.org/2000/01/rdf-schema#seeAlso>	"MedDRA: 10002473"
<http://purl.obolibrary.org/obo/OAE_0000475>	<http://www.w3.org/2000/01/rdf-schema#seeAlso>	"HPO: HP_0005681"
<http://purl.obolibrary.org/obo/OAE_0000475>	<http://www.w3.org/2000/01/rdf-schema#seeAlso>	"SIDER: C0003873"
<http://purl.obolibrary.org/obo/OAE_0000476>	<http://www.w3.org/2000/01/rdf-schema#seeAlso>	"HPO: HP_0002715"
<http://purl.obolibrary.org/obo/OAE_0000476>	<http://www.w3.org/2000/01/rdf-schema#seeAlso>	"SIDER: C0021053"
<http://purl.obolibrary.org/obo/OAE_0000479>	<http://www.w3.org/2000/01/rdf-schema#seeAlso>	"HPO: HP_0002076"
<http://purl.obolibrary.org/obo/OAE_0000479>	<http://www.w3.org/2000/01/rdf-schema#seeAlso>	"SIDER: C0149931"
<http://purl.obolibrary.org/obo/OAE_0000480>	<http://www.w3.org/2000/01/rdf-schema#seeAlso>	"HPO: HP_0004829"
<http://purl.obolibrary.org/obo/OAE_0000480>	<http://www.w3.org/2000/01/rdf-schema#seeAlso>	"MedDRA ID: 10043561"
<http://purl.obolibrary.org/obo/OAE_0000480>	<http://www.w3.org/2000/01/rdf-schema#seeAlso>	"SIDER: C0857305"
<http://purl.obolibrary.org/obo/OAE_0000481>	<http://www.w3.org/2000/01/rdf-schema#seeAlso>	"MedDRA ID: 10028245"
<http://purl.obolibrary.org/obo/OAE_0000482>	<http://www.w3.org/2000/01/rdf-schema#seeAlso>	"HPO: HP_0002354"
<http://purl.obolibrary.org/obo/OAE_0000482>	<http://www.w3.org/2000/01/rdf-schema#seeAlso>	"MedDRA ID: 10001949"
<http://purl.obolibrary.org/obo/OAE_0000482>	<http://www.w3.org/2000/01/rdf-schema#seeAlso>	"SIDER: C0002622"
<http://purl.obolibrary.org/obo/OAE_0000485>	<http://www.w3.org/2000/01/rdf-schema#seeAlso>	"MedDRA ID: 10000210"
<http://purl.obolibrary.org/obo/OAE_0000486>	<http://www.w3.org/2000/01/rdf-schema#seeAlso>	"MedDRA ID: 10001084"
<http://purl.obolibrary.org/obo/OAE_0000487>	<http://www.w3.org/2000/01/rdf-schema#seeAlso>	"HPO: HP_0000979"
<http://purl.obolibrary.org/obo/OAE_0000487>	<http://www.w3.org/2000/01/rdf-schema#seeAlso>	"MedDRA ID: 10037549"
<http://purl.obolibrary.org/obo/OAE_0000487>	<http://www.w3.org/2000/01/rdf-schema#seeAlso>	"SIDER: C0034150"
<http://purl.obolibrary.org/obo/OAE_0000488>	<http://www.w3.org/2000/01/rdf-schema#seeAlso>	"HPO: HP_0002718"
<http://purl.obolibrary.org/obo/OAE_0000488>	<http://www.w3.org/2000/01/rdf-schema#seeAlso>	"MedDRA: 10060945"
<http://purl.obolibrary.org/obo/OAE_0000488>	<http://www.w3.org/2000/01/rdf-schema#seeAlso>	"SIDER: C0004623"
<http://purl.obolibrary.org/obo/OAE_0000489>	<http://www.w3.org/2000/01/rdf-schema#seeAlso>	"HPO: HP_0001065"
<http://purl.obolibrary.org/obo/OAE_0000489>	<http://www.w3.org/2000/01/rdf-schema#seeAlso>	"SIDER: C0152459"
<http://purl.obolibrary.org/obo/OAE_0000491>	<http://www.w3.org/2000/01/rdf-schema#seeAlso>	"HPO: HP_0001259"
<http://purl.obolibrary.org/obo/OAE_0000491>	<http://www.w3.org/2000/01/rdf-schema#seeAlso>	"MedDRA ID: 10010071"
<http://purl.obolibrary.org/obo/OAE_0000491>	<http://www.w3.org/2000/01/rdf-schema#seeAlso>	"SIDER: C0009421"
<http://purl.obolibrary.org/obo/OAE_0000492>	<http://www.w3.org/2000/01/rdf-schema#seeAlso>	"HPO: HP_0002487"
<http://purl.obolibrary.org/obo/OAE_0000492>	<http://www.w3.org/2000/01/rdf-schema#seeAlso>	"MedDRA ID: 10020651"
<http://purl.obolibrary.org/obo/OAE_0000492>	<http://www.w3.org/2000/01/rdf-schema#seeAlso>	"SIDER: C0424295"
<http://purl.obolibrary.org/obo/OAE_0000493>	<http://www.w3.org/2000/01/rdf-schema#seeAlso>	"HPO: HP_0001626"
<http://purl.obolibrary.org/obo/OAE_0000493>	<http://www.w3.org/2000/01/rdf-schema#seeAlso>	"MedDRA ID: 10007649"
<http://purl.obolibrary.org/obo/OAE_0000493>	<http://www.w3.org/2000/01/rdf-schema#seeAlso>	"SIDER: C0007222"
<http://purl.obolibrary.org/obo/OAE_0000494>	<http://www.w3.org/2000/01/rdf-schema#seeAlso>	"HPO: HP_0007239"
<http://purl.obolibrary.org/obo/OAE_0000494>	<http://www.w3.org/2000/01/rdf-schema#seeAlso>	"MedDRA ID: 10014625"
<http://purl.obolibrary.org/obo/OAE_0000494>	<http://www.w3.org/2000/01/rdf-schema#seeAlso>	"SIDER: C0085584"
<http://purl.obolibrary.org/obo/OAE_0000495>	<http://www.w3.org/2000/01/rdf-schema#seeAlso>	"HPO: HP_0011036"
<http://purl.obolibrary.org/obo/OAE_0000495>	<http://www.w3.org/2000/01/rdf-schema#seeAlso>	"SIDER: C0235639"
<http://purl.obolibrary.org/obo/OAE_0000496>	<http://www.w3.org/2000/01/rdf-schema#seeAlso>	"HPO: HP_0004386"
<http://purl.obolibrary.org/obo/OAE_0000496>	<http://www.w3.org/2000/01/rdf-schema#seeAlso>	"MedDRA: 10017888"
<http://purl.obolibrary.org/obo/OAE_0000496>	<http://www.w3.org/2000/01/rdf-schema#seeAlso>	"SIDER: C0017160"
<http://purl.obolibrary.org/obo/OAE_0000497>	<http://www.w3.org/2000/01/rdf-schema#seeAlso>	"HPO: HP_0005299"
<http://purl.obolibrary.org/obo/OAE_0000497>	<http://www.w3.org/2000/01/rdf-schema#seeAlso>	"SIDER: C0085096"
<http://purl.obolibrary.org/obo/OAE_0000498>	<http://www.w3.org/2000/01/rdf-schema#seeAlso>	"HPO: HP_0000094"
<http://purl.obolibrary.org/obo/OAE_0000498>	<http://www.w3.org/2000/01/rdf-schema#seeAlso>	"SIDER: C0042029"
<http://purl.obolibrary.org/obo/OAE_0000499>	<http://www.w3.org/2000/01/rdf-schema#seeAlso>	"MP: MP_0000622"
<http://purl.obolibrary.org/obo/OAE_0000500>	<http://www.w3.org/2000/01/rdf-schema#seeAlso>	"HPO: HP_0000716"
<http://purl.obolibrary.org/obo/OAE_0000500>	<http://www.w3.org/2000/01/rdf-schema#seeAlso>	"MedDRA ID: 10012378"
<http://purl.obolibrary.org/obo/OAE_0000500>	<http://www.w3.org/2000/01/rdf-schema#seeAlso>	"SIDER: C0011570"
<http://purl.obolibrary.org/obo/OAE_0000501>	<http://www.w3.org/2000/01/rdf-schema#seeAlso>	"HPO: HP_0000819"
<http://purl.obolibrary.org/obo/OAE_0000501>	<http://www.w3.org/2000/01/rdf-schema#seeAlso>	"MedDRA ID: 10012601"
<http://purl.obolibrary.org/obo/OAE_0000501>	<http://www.w3.org/2000/01/rdf-schema#seeAlso>	"SIDER: C0011849"
<http://purl.obolibrary.org/obo/OAE_0000502>	<http://www.w3.org/2000/01/rdf-schema#seeAlso>	"HPO: HP_0001600"
<http://purl.obolibrary.org/obo/OAE_0000502>	<http://www.w3.org/2000/01/rdf-schema#seeAlso>	"SIDER: C0023067"
<http://purl.obolibrary.org/obo/OAE_0000505>	<http://www.w3.org/2000/01/rdf-schema#seeAlso>	"HPO: HP_0000217"
<http://purl.obolibrary.org/obo/OAE_0000505>	<http://www.w3.org/2000/01/rdf-schema#seeAlso>	"MedDRA ID: 10013781"
<http://purl.obolibrary.org/obo/OAE_0000505>	<http://www.w3.org/2000/01/rdf-schema#seeAlso>	"SIDER: C0043352"
<http://purl.obolibrary.org/obo/OAE_0000506>	<http://www.w3.org/2000/01/rdf-schema#seeAlso>	"HPO: HP_0100653"
<http://purl.obolibrary.org/obo/OAE_0000506>	<http://www.w3.org/2000/01/rdf-schema#seeAlso>	"MedDRA ID: 10030942"
<http://purl.obolibrary.org/obo/OAE_0000506>	<http://www.w3.org/2000/01/rdf-schema#seeAlso>	"SIDER: C0029134"
<http://purl.obolibrary.org/obo/OAE_0000508>	<http://www.w3.org/2000/01/rdf-schema#seeAlso>	"HPO: HP_0000421"
<http://purl.obolibrary.org/obo/OAE_0000508>	<http://www.w3.org/2000/01/rdf-schema#seeAlso>	"MedDRA ID: 10015090"
<http://purl.obolibrary.org/obo/OAE_0000508>	<http://www.w3.org/2000/01/rdf-schema#seeAlso>	"MedDRA: 10015090"
<http://purl.obolibrary.org/obo/OAE_0000508>	<http://www.w3.org/2000/01/rdf-schema#seeAlso>	"SIDER: C0014591"
<http://purl.obolibrary.org/obo/OAE_0000510>	<http://www.w3.org/2000/01/rdf-schema#seeAlso>	"HPO: HP_0000613"
<http://purl.obolibrary.org/obo/OAE_0000510>	<http://www.w3.org/2000/01/rdf-schema#seeAlso>	"MedDRA ID: 10034960"
<http://purl.obolibrary.org/obo/OAE_0000510>	<http://www.w3.org/2000/01/rdf-schema#seeAlso>	"SIDER: C0085636"
<http://purl.obolibrary.org/obo/OAE_0000511>	<http://www.w3.org/2000/01/rdf-schema#seeAlso>	"MP: MP_0005310"
<http://purl.obolibrary.org/obo/OAE_0000512>	<http://www.w3.org/2000/01/rdf-schema#seeAlso>	"HPO: HP_0000738"
<http://purl.obolibrary.org/obo/OAE_0000512>	<http://www.w3.org/2000/01/rdf-schema#seeAlso>	"MedDRA ID: 10019063"
<http://purl.obolibrary.org/obo/OAE_0000512>	<http://www.w3.org/2000/01/rdf-schema#seeAlso>	"SIDER: C0018524"
<http://purl.obolibrary.org/obo/OAE_0000513>	<http://www.w3.org/2000/01/rdf-schema#seeAlso>	"HPO: HP_0000157"
<http://purl.obolibrary.org/obo/OAE_0000513>	<http://www.w3.org/2000/01/rdf-schema#seeAlso>	"SIDER: C0040409"
<http://purl.obolibrary.org/obo/OAE_0000514>	<http://www.w3.org/2000/01/rdf-schema#seeAlso>	"HPO: HP_0003489"
<http://purl.obolibrary.org/obo/OAE_0000514>	<http://www.w3.org/2000/01/rdf-schema#seeAlso>	"MedDRA ID: 10029223"
<http://purl.obolibrary.org/obo/OAE_0000514>	<http://www.w3.org/2000/01/rdf-schema#seeAlso>	"SIDER: C0027796"
<http://purl.obolibrary.org/obo/OAE_0000516>	<http://www.w3.org/2000/01/rdf-schema#seeAlso>	"HPO: HP_0003401"
<http://purl.obolibrary.org/obo/OAE_0000516>	<http://www.w3.org/2000/01/rdf-schema#seeAlso>	"SIDER: C0151838"
<http://purl.obolibrary.org/obo/OAE_0000517>	<http://www.w3.org/2000/01/rdf-schema#seeAlso>	"HPO: HP_0001959"
<http://purl.obolibrary.org/obo/OAE_0000517>	<http://www.w3.org/2000/01/rdf-schema#seeAlso>	"MedDRA ID: 10043458"
<http://purl.obolibrary.org/obo/OAE_0000517>	<http://www.w3.org/2000/01/rdf-schema#seeAlso>	"SIDER: C0039971"
<http://purl.obolibrary.org/obo/OAE_0000518>	<http://www.w3.org/2000/01/rdf-schema#seeAlso>	"HPO: HP_0000924"
<http://purl.obolibrary.org/obo/OAE_0000518>	<http://www.w3.org/2000/01/rdf-schema#seeAlso>	"MedDRA: 10005956"
<http://purl.obolibrary.org/obo/OAE_0000518>	<http://www.w3.org/2000/01/rdf-schema#seeAlso>	"SIDER: C0005940"
<http://purl.obolibrary.org/obo/OAE_0000521>	<http://www.w3.org/2000/01/rdf-schema#seeAlso>	"MP: MP_0000743"
<http://purl.obolibrary.org/obo/OAE_0000521>	<http://www.w3.org/2000/01/rdf-schema#seeAlso>	"MedDRA: 10028334"
<http://purl.obolibrary.org/obo/OAE_0000523>	<http://www.w3.org/2000/01/rdf-schema#seeAlso>	"MedDRA ID: 10020400"
<http://purl.obolibrary.org/obo/OAE_0000524>	<http://www.w3.org/2000/01/rdf-schema#seeAlso>	"MedDRA ID: 10047555"
<http://purl.obolibrary.org/obo/OAE_0000524>	<http://www.w3.org/2000/01/rdf-schema#seeAlso>	"MedDRA: 10047571"
<http://purl.obolibrary.org/obo/OAE_0000525>	<http://www.w3.org/2000/01/rdf-schema#seeAlso>	"HPO: HP_0003198"
<http://purl.obolibrary.org/obo/OAE_0000525>	<http://www.w3.org/2000/01/rdf-schema#seeAlso>	"MP: MP_0000751"
<http://purl.obolibrary.org/obo/OAE_0000525>	<http://www.w3.org/2000/01/rdf-schema#seeAlso>	"MedDRA ID: 10028641"
<http://purl.obolibrary.org/obo/OAE_0000525>	<http://www.w3.org/2000/01/rdf-schema#seeAlso>	"MedDRA: 10028641"
<http://purl.obolibrary.org/obo/OAE_0000525>	<http://www.w3.org/2000/01/rdf-schema#seeAlso>	"SIDER: C0026848"
<http://purl.obolibrary.org/obo/OAE_0000526>	<http://www.w3.org/2000/01/rdf-schema#seeAlso>	"HPO: HP_0000741"
<http://purl.obolibrary.org/obo/OAE_0000526>	<http://www.w3.org/2000/01/rdf-schema#seeAlso>	"MedDRA ID: 10002942"
<http://purl.obolibrary.org/obo/OAE_0000526>	<http://www.w3.org/2000/01/rdf-schema#seeAlso>	"SIDER: C0085632"
<http://purl.obolibrary.org/obo/OAE_0000527>	<http://www.w3.org/2000/01/rdf-schema#seeAlso>	"HPO: HP_0002301"
<http://purl.obolibrary.org/obo/OAE_0000527>	<http://www.w3.org/2000/01/rdf-schema#seeAlso>	"MedDRA ID: 10019468"
<http://purl.obolibrary.org/obo/OAE_0000527>	<http://www.w3.org/2000/01/rdf-schema#seeAlso>	"MedDRA: 10019468"
<http://purl.obolibrary.org/obo/OAE_0000527>	<http://www.w3.org/2000/01/rdf-schema#seeAlso>	"SIDER: C0018991"
<http://purl.obolibrary.org/obo/OAE_0000528>	<http://www.w3.org/2000/01/rdf-schema#seeAlso>	"MedDRA: 10037888"
<http://purl.obolibrary.org/obo/OAE_0000529>	<http://www.w3.org/2000/01/rdf-schema#seeAlso>	"MedDRA: 10005470"
<http://purl.obolibrary.org/obo/OAE_0000530>	<http://www.w3.org/2000/01/rdf-schema#seeAlso>	"MedDRA: 10049977"
<http://purl.obolibrary.org/obo/OAE_0000533>	<http://www.w3.org/2000/01/rdf-schema#seeAlso>	"HPO: HP_0002653"
<http://purl.obolibrary.org/obo/OAE_0000533>	<http://www.w3.org/2000/01/rdf-schema#seeAlso>	"MedDRA ID: 10006002"
<http://purl.obolibrary.org/obo/OAE_0000533>	<http://www.w3.org/2000/01/rdf-schema#seeAlso>	"MedDRA: 10006002"
<http://purl.obolibrary.org/obo/OAE_0000533>	<http://www.w3.org/2000/01/rdf-schema#seeAlso>	"SIDER: C0151825"
<http://purl.obolibrary.org/obo/OAE_0000534>	<http://www.w3.org/2000/01/rdf-schema#seeAlso>	"HPO: HP_0001297"
<http://purl.obolibrary.org/obo/OAE_0000534>	<http://www.w3.org/2000/01/rdf-schema#seeAlso>	"MedDRA ID: 10008190"
<http://purl.obolibrary.org/obo/OAE_0000534>	<http://www.w3.org/2000/01/rdf-schema#seeAlso>	"SIDER: C0038454"
<http://purl.obolibrary.org/obo/OAE_0000535>	<http://www.w3.org/2000/01/rdf-schema#seeAlso>	"MedDRA ID: 10034023"
<http://purl.obolibrary.org/obo/OAE_0000536>	<http://www.w3.org/2000/01/rdf-schema#seeAlso>	"HPO: HP_0011024"
<http://purl.obolibrary.org/obo/OAE_0000536>	<http://www.w3.org/2000/01/rdf-schema#seeAlso>	"MedDRA ID: 10016766"
<http://purl.obolibrary.org/obo/OAE_0000536>	<http://www.w3.org/2000/01/rdf-schema#seeAlso>	"SIDER: C0016204"
<http://purl.obolibrary.org/obo/OAE_0000539>	<http://www.w3.org/2000/01/rdf-schema#seeAlso>	"HPO: HP_0010549"
<http://purl.obolibrary.org/obo/OAE_0000539>	<http://www.w3.org/2000/01/rdf-schema#seeAlso>	"MP: MP_0000753"
<http://purl.obolibrary.org/obo/OAE_0000539>	<http://www.w3.org/2000/01/rdf-schema#seeAlso>	"MedDRA ID: 10033799"
<http://purl.obolibrary.org/obo/OAE_0000539>	<http://www.w3.org/2000/01/rdf-schema#seeAlso>	"SIDER: C0522224"
<http://purl.obolibrary.org/obo/OAE_0000540>	<http://www.w3.org/2000/01/rdf-schema#seeAlso>	"MedDRA: 10003460"
<http://purl.obolibrary.org/obo/OAE_0000541>	<http://www.w3.org/2000/01/rdf-schema#seeAlso>	"MP: MP_0001263"
<http://purl.obolibrary.org/obo/OAE_0000541>	<http://www.w3.org/2000/01/rdf-schema#seeAlso>	"MedDRA: 10047895"
<http://purl.obolibrary.org/obo/OAE_0000542>	<http://www.w3.org/2000/01/rdf-schema#seeAlso>	"HPO: HP_0001251"
<http://purl.obolibrary.org/obo/OAE_0000542>	<http://www.w3.org/2000/01/rdf-schema#seeAlso>	"MP: MP_0001393"
<http://purl.obolibrary.org/obo/OAE_0000542>	<http://www.w3.org/2000/01/rdf-schema#seeAlso>	"MedDRA ID: 10003591"
<http://purl.obolibrary.org/obo/OAE_0000542>	<http://www.w3.org/2000/01/rdf-schema#seeAlso>	"MedDRA: 10003591"
<http://purl.obolibrary.org/obo/OAE_0000542>	<http://www.w3.org/2000/01/rdf-schema#seeAlso>	"SIDER: C0004134"
<http://purl.obolibrary.org/obo/OAE_0000543>	<http://www.w3.org/2000/01/rdf-schema#seeAlso>	"MedDRA: 10040831"
<http://purl.obolibrary.org/obo/OAE_0000544>	<http://www.w3.org/2000/01/rdf-schema#seeAlso>	"MP: MP_0001406"
<http://purl.obolibrary.org/obo/OAE_0000544>	<http://www.w3.org/2000/01/rdf-schema#seeAlso>	"MedDRA: 10017577"
<http://purl.obolibrary.org/obo/OAE_0000545>	<http://www.w3.org/2000/01/rdf-schema#seeAlso>	"HPO: HP_0001944"
<http://purl.obolibrary.org/obo/OAE_0000545>	<http://www.w3.org/2000/01/rdf-schema#seeAlso>	"MP: MP_0001429"
<http://purl.obolibrary.org/obo/OAE_0000545>	<http://www.w3.org/2000/01/rdf-schema#seeAlso>	"MedDRA ID: 10012174"
<http://purl.obolibrary.org/obo/OAE_0000545>	<http://www.w3.org/2000/01/rdf-schema#seeAlso>	"MedDRA: 10012174"
<http://purl.obolibrary.org/obo/OAE_0000545>	<http://www.w3.org/2000/01/rdf-schema#seeAlso>	"SIDER: C0011175"
<http://purl.obolibrary.org/obo/OAE_0000546>	<http://www.w3.org/2000/01/rdf-schema#seeAlso>	"MP: MP_0001784"
<http://purl.obolibrary.org/obo/OAE_0000547>	<http://www.w3.org/2000/01/rdf-schema#seeAlso>	"MP: MP_0001559"
<http://purl.obolibrary.org/obo/OAE_0000547>	<http://www.w3.org/2000/01/rdf-schema#seeAlso>	"MedDRA: 10020635"
<http://purl.obolibrary.org/obo/OAE_0000548>	<http://www.w3.org/2000/01/rdf-schema#seeAlso>	"MP: MP_0001569"
<http://purl.obolibrary.org/obo/OAE_0000549>	<http://www.w3.org/2000/01/rdf-schema#seeAlso>	"HPO: HP_0000961"
<http://purl.obolibrary.org/obo/OAE_0000549>	<http://www.w3.org/2000/01/rdf-schema#seeAlso>	"MP: MP_0001575"
<http://purl.obolibrary.org/obo/OAE_0000549>	<http://www.w3.org/2000/01/rdf-schema#seeAlso>	"MedDRA ID: 10011703"
<http://purl.obolibrary.org/obo/OAE_0000549>	<http://www.w3.org/2000/01/rdf-schema#seeAlso>	"MedDRA: 10011703"
<http://purl.obolibrary.org/obo/OAE_0000549>	<http://www.w3.org/2000/01/rdf-schema#seeAlso>	"SIDER: C0010520"
<http://purl.obolibrary.org/obo/OAE_0000550>	<http://www.w3.org/2000/01/rdf-schema#seeAlso>	"MP: MP_0001577"
<http://purl.obolibrary.org/obo/OAE_0000550>	<http://www.w3.org/2000/01/rdf-schema#seeAlso>	"MedDRA: 10002034"
<http://purl.obolibrary.org/obo/OAE_0000551>	<http://www.w3.org/2000/01/rdf-schema#seeAlso>	"HPO: HP_0002615"
<http://purl.obolibrary.org/obo/OAE_0000551>	<http://www.w3.org/2000/01/rdf-schema#seeAlso>	"MP: MP_0001596"
<http://purl.obolibrary.org/obo/OAE_0000551>	<http://www.w3.org/2000/01/rdf-schema#seeAlso>	"MedDRA ID: 10021097"
<http://purl.obolibrary.org/obo/OAE_0000551>	<http://www.w3.org/2000/01/rdf-schema#seeAlso>	"MedDRA: 10005734"
<http://purl.obolibrary.org/obo/OAE_0000551>	<http://www.w3.org/2000/01/rdf-schema#seeAlso>	"MedDRA: 10021097"
<http://purl.obolibrary.org/obo/OAE_0000551>	<http://www.w3.org/2000/01/rdf-schema#seeAlso>	"SIDER: C0020649"
<http://purl.obolibrary.org/obo/OAE_0000552>	<http://www.w3.org/2000/01/rdf-schema#seeAlso>	"MP: MP_0001636"
<http://purl.obolibrary.org/obo/OAE_0000554>	<http://www.w3.org/2000/01/rdf-schema#seeAlso>	"MP: MP_0001664"
<http://purl.obolibrary.org/obo/OAE_0000555>	<http://www.w3.org/2000/01/rdf-schema#seeAlso>	"MP: MP_0001764"
<http://purl.obolibrary.org/obo/OAE_0000556>	<http://www.w3.org/2000/01/rdf-schema#seeAlso>	"MP: MP_0001785"
<http://purl.obolibrary.org/obo/OAE_0000556>	<http://www.w3.org/2000/01/rdf-schema#seeAlso>	"MedDRA: 10016807"
<http://purl.obolibrary.org/obo/OAE_0000556>	<http://www.w3.org/2000/01/rdf-schema#seeAlso>	"MedDRA: 10030095"
<http://purl.obolibrary.org/obo/OAE_0000556>	<http://www.w3.org/2000/01/rdf-schema#seeAlso>	"MedDRA: 10042674"
<http://purl.obolibrary.org/obo/OAE_0000557>	<http://www.w3.org/2000/01/rdf-schema#seeAlso>	"HPO: HP_0007891"
<http://purl.obolibrary.org/obo/OAE_0000557>	<http://www.w3.org/2000/01/rdf-schema#seeAlso>	"MP: MP_0001846"
<http://purl.obolibrary.org/obo/OAE_0000557>	<http://www.w3.org/2000/01/rdf-schema#seeAlso>	"MedDRA: 10061218"
<http://purl.obolibrary.org/obo/OAE_0000557>	<http://www.w3.org/2000/01/rdf-schema#seeAlso>	"SIDER: C0021368"
<http://purl.obolibrary.org/obo/OAE_0000558>	<http://www.w3.org/2000/01/rdf-schema#seeAlso>	"MP: MP_0001847"
<http://purl.obolibrary.org/obo/OAE_0000559>	<http://www.w3.org/2000/01/rdf-schema#seeAlso>	"MP: MP_0001850"
<http://purl.obolibrary.org/obo/OAE_0000560>	<http://www.w3.org/2000/01/rdf-schema#seeAlso>	"HPO: HP_0100533"
<http://purl.obolibrary.org/obo/OAE_0000560>	<http://www.w3.org/2000/01/rdf-schema#seeAlso>	"MP: MP_0001851"
<http://purl.obolibrary.org/obo/OAE_0000560>	<http://www.w3.org/2000/01/rdf-schema#seeAlso>	"MedDRA ID: 10015943"
<http://purl.obolibrary.org/obo/OAE_0000560>	<http://www.w3.org/2000/01/rdf-schema#seeAlso>	"SIDER: C0239429"
<http://purl.obolibrary.org/obo/OAE_0000561>	<http://www.w3.org/2000/01/rdf-schema#seeAlso>	"HPO: HP_0000509"
<http://purl.obolibrary.org/obo/OAE_0000561>	<http://www.w3.org/2000/01/rdf-schema#seeAlso>	"MP: MP_0001852"
<http://purl.obolibrary.org/obo/OAE_0000561>	<http://www.w3.org/2000/01/rdf-schema#seeAlso>	"MedDRA ID: 10010741"
<http://purl.obolibrary.org/obo/OAE_0000561>	<http://www.w3.org/2000/01/rdf-schema#seeAlso>	"MedDRA: 10010741"
<http://purl.obolibrary.org/obo/OAE_0000561>	<http://www.w3.org/2000/01/rdf-schema#seeAlso>	"SIDER: C0009763"
<http://purl.obolibrary.org/obo/OAE_0000562>	<http://www.w3.org/2000/01/rdf-schema#seeAlso>	"MP: MP_0001860"
<http://purl.obolibrary.org/obo/OAE_0000563>	<http://www.w3.org/2000/01/rdf-schema#seeAlso>	"MP: MP_0001861"
<http://purl.obolibrary.org/obo/OAE_0000564>	<http://www.w3.org/2000/01/rdf-schema#seeAlso>	"MP: MP_0002405"
<http://purl.obolibrary.org/obo/OAE_0000565>	<http://www.w3.org/2000/01/rdf-schema#seeAlso>	"HPO: HP_0002633"
<http://purl.obolibrary.org/obo/OAE_0000565>	<http://www.w3.org/2000/01/rdf-schema#seeAlso>	"MP: MP_0001864"
<http://purl.obolibrary.org/obo/OAE_0000565>	<http://www.w3.org/2000/01/rdf-schema#seeAlso>	"MedDRA ID: 10047115"
<http://purl.obolibrary.org/obo/OAE_0000565>	<http://www.w3.org/2000/01/rdf-schema#seeAlso>	"SIDER: C0042384"
<http://purl.obolibrary.org/obo/OAE_0000566>	<http://www.w3.org/2000/01/rdf-schema#seeAlso>	"MP: MP_0001870"
<http://purl.obolibrary.org/obo/OAE_0000567>	<http://www.w3.org/2000/01/rdf-schema#seeAlso>	"HPO: HP_0000246"
<http://purl.obolibrary.org/obo/OAE_0000567>	<http://www.w3.org/2000/01/rdf-schema#seeAlso>	"MP: MP_0001872"
<http://purl.obolibrary.org/obo/OAE_0000567>	<http://www.w3.org/2000/01/rdf-schema#seeAlso>	"SIDER: C0037199"
<http://purl.obolibrary.org/obo/OAE_0000568>	<http://www.w3.org/2000/01/rdf-schema#seeAlso>	"MP: MP_0001878"
<http://purl.obolibrary.org/obo/OAE_0000568>	<http://www.w3.org/2000/01/rdf-schema#seeAlso>	"MedDRA: 10001738"
<http://purl.obolibrary.org/obo/OAE_0000569>	<http://www.w3.org/2000/01/rdf-schema#seeAlso>	"MP: MP_0001911"
<http://purl.obolibrary.org/obo/OAE_0000570>	<http://www.w3.org/2000/01/rdf-schema#seeAlso>	"MP: MP_0003633"
<http://purl.obolibrary.org/obo/OAE_0000571>	<http://www.w3.org/2000/01/rdf-schema#seeAlso>	"MP: MP_0001943"
<http://purl.obolibrary.org/obo/OAE_0000572>	<http://www.w3.org/2000/01/rdf-schema#seeAlso>	"MP: MP_0001957"
<http://purl.obolibrary.org/obo/OAE_0000572>	<http://www.w3.org/2000/01/rdf-schema#seeAlso>	"MedDRA: 10002974"
<http://purl.obolibrary.org/obo/OAE_0000573>	<http://www.w3.org/2000/01/rdf-schema#seeAlso>	"HPO: HP_0000365"
<http://purl.obolibrary.org/obo/OAE_0000573>	<http://www.w3.org/2000/01/rdf-schema#seeAlso>	"MP: MP_0001967"
<http://purl.obolibrary.org/obo/OAE_0000573>	<http://www.w3.org/2000/01/rdf-schema#seeAlso>	"MedDRA ID: 10011878"
<http://purl.obolibrary.org/obo/OAE_0000573>	<http://www.w3.org/2000/01/rdf-schema#seeAlso>	"SIDER: C0011053"
<http://purl.obolibrary.org/obo/OAE_0000574>	<http://www.w3.org/2000/01/rdf-schema#seeAlso>	"MP: MP_0001985"
<http://purl.obolibrary.org/obo/OAE_0000575>	<http://www.w3.org/2000/01/rdf-schema#seeAlso>	"MP: MP_0001986"
<http://purl.obolibrary.org/obo/OAE_0000576>	<http://www.w3.org/2000/01/rdf-schema#seeAlso>	"MedDRA: 10036142"
<http://purl.obolibrary.org/obo/OAE_0000577>	<http://www.w3.org/2000/01/rdf-schema#seeAlso>	"HPO: HP_0000618"
<http://purl.obolibrary.org/obo/OAE_0000577>	<http://www.w3.org/2000/01/rdf-schema#seeAlso>	"MP: MP_0002001"
<http://purl.obolibrary.org/obo/OAE_0000577>	<http://www.w3.org/2000/01/rdf-schema#seeAlso>	"MedDRA ID: 10005169"
<http://purl.obolibrary.org/obo/OAE_0000577>	<http://www.w3.org/2000/01/rdf-schema#seeAlso>	"SIDER: C0456909"
<http://purl.obolibrary.org/obo/OAE_0000578>	<http://www.w3.org/2000/01/rdf-schema#seeAlso>	"MP: MP_0002090"
<http://purl.obolibrary.org/obo/OAE_0000579>	<http://www.w3.org/2000/01/rdf-schema#seeAlso>	"MP: MP_0002064; MDR: 10039910"
<http://purl.obolibrary.org/obo/OAE_0000580>	<http://www.w3.org/2000/01/rdf-schema#seeAlso>	"MP: MP_0004924"
<http://purl.obolibrary.org/obo/OAE_0000581>	<http://www.w3.org/2000/01/rdf-schema#seeAlso>	"HPO: HP_0100022"
<http://purl.obolibrary.org/obo/OAE_0000581>	<http://www.w3.org/2000/01/rdf-schema#seeAlso>	"MP: MP_0002066"
<http://purl.obolibrary.org/obo/OAE_0000581>	<http://www.w3.org/2000/01/rdf-schema#seeAlso>	"MedDRA ID: 10028035"
<http://purl.obolibrary.org/obo/OAE_0000581>	<http://www.w3.org/2000/01/rdf-schema#seeAlso>	"SIDER: C0026650"
<http://purl.obolibrary.org/obo/OAE_0000582>	<http://www.w3.org/2000/01/rdf-schema#seeAlso>	"MP: MP_0002067"
<http://purl.obolibrary.org/obo/OAE_0000583>	<http://www.w3.org/2000/01/rdf-schema#seeAlso>	"MP: MP_0002078"
<http://purl.obolibrary.org/obo/OAE_0000584>	<http://www.w3.org/2000/01/rdf-schema#seeAlso>	"HPO: HP_0100326"
<http://purl.obolibrary.org/obo/OAE_0000584>	<http://www.w3.org/2000/01/rdf-schema#seeAlso>	"MP: MP_0002148"
<http://purl.obolibrary.org/obo/OAE_0000584>	<http://www.w3.org/2000/01/rdf-schema#seeAlso>	"MedDRA ID: 10020751"
<http://purl.obolibrary.org/obo/OAE_0000584>	<http://www.w3.org/2000/01/rdf-schema#seeAlso>	"MedDRA: 10020751"
<http://purl.obolibrary.org/obo/OAE_0000584>	<http://www.w3.org/2000/01/rdf-schema#seeAlso>	"SIDER: C0020517"
<http://purl.obolibrary.org/obo/OAE_0000585>	<http://www.w3.org/2000/01/rdf-schema#seeAlso>	"MP: MP_0002269"
<http://purl.obolibrary.org/obo/OAE_0000586>	<http://www.w3.org/2000/01/rdf-schema#seeAlso>	"HPO: HP_0002883"
<http://purl.obolibrary.org/obo/OAE_0000586>	<http://www.w3.org/2000/01/rdf-schema#seeAlso>	"MP: MP_0002320"
<http://purl.obolibrary.org/obo/OAE_0000586>	<http://www.w3.org/2000/01/rdf-schema#seeAlso>	"MedDRA ID: 10020910"
<http://purl.obolibrary.org/obo/OAE_0000586>	<http://www.w3.org/2000/01/rdf-schema#seeAlso>	"SIDER: C0020578"
<http://purl.obolibrary.org/obo/OAE_0000587>	<http://www.w3.org/2000/01/rdf-schema#seeAlso>	"HPO: HP_0007110"
<http://purl.obolibrary.org/obo/OAE_0000587>	<http://www.w3.org/2000/01/rdf-schema#seeAlso>	"MP: MP_0002321"
<http://purl.obolibrary.org/obo/OAE_0000587>	<http://www.w3.org/2000/01/rdf-schema#seeAlso>	"MedDRA ID: 10021133"
<http://purl.obolibrary.org/obo/OAE_0000587>	<http://www.w3.org/2000/01/rdf-schema#seeAlso>	"SIDER: C0398353"
<http://purl.obolibrary.org/obo/OAE_0000588>	<http://www.w3.org/2000/01/rdf-schema#seeAlso>	"MP: MP_0002396"
<http://purl.obolibrary.org/obo/OAE_0000589>	<http://www.w3.org/2000/01/rdf-schema#seeAlso>	"HPO: HP_0011499"
<http://purl.obolibrary.org/obo/OAE_0000589>	<http://www.w3.org/2000/01/rdf-schema#seeAlso>	"MP: MP_0002546"
<http://purl.obolibrary.org/obo/OAE_0000589>	<http://www.w3.org/2000/01/rdf-schema#seeAlso>	"MedDRA ID: 10028521"
<http://purl.obolibrary.org/obo/OAE_0000589>	<http://www.w3.org/2000/01/rdf-schema#seeAlso>	"SIDER: C0026961"
<http://purl.obolibrary.org/obo/OAE_0000590>	<http://www.w3.org/2000/01/rdf-schema#seeAlso>	"MP: MP_0002626"
<http://purl.obolibrary.org/obo/OAE_0000590>	<http://www.w3.org/2000/01/rdf-schema#seeAlso>	"MedDRA: 10019303"
<http://purl.obolibrary.org/obo/OAE_0000591>	<http://www.w3.org/2000/01/rdf-schema#seeAlso>	"MP: MP_0002738"
<http://purl.obolibrary.org/obo/OAE_0000592>	<http://www.w3.org/2000/01/rdf-schema#seeAlso>	"HPO: HP_0002179"
<http://purl.obolibrary.org/obo/OAE_0000592>	<http://www.w3.org/2000/01/rdf-schema#seeAlso>	"MP: MP_0002880"
<http://purl.obolibrary.org/obo/OAE_0000592>	<http://www.w3.org/2000/01/rdf-schema#seeAlso>	"MedDRA ID: 10030899"
<http://purl.obolibrary.org/obo/OAE_0000592>	<http://www.w3.org/2000/01/rdf-schema#seeAlso>	"SIDER: C0151818"
<http://purl.obolibrary.org/obo/OAE_0000593>	<http://www.w3.org/2000/01/rdf-schema#seeAlso>	"MP: MP_0002933"
<http://purl.obolibrary.org/obo/OAE_0000594>	<http://www.w3.org/2000/01/rdf-schema#seeAlso>	"MP: MP_0002944"
<http://purl.obolibrary.org/obo/OAE_0000595>	<http://www.w3.org/2000/01/rdf-schema#seeAlso>	"MP: MP_0002968"
<http://purl.obolibrary.org/obo/OAE_0000596>	<http://www.w3.org/2000/01/rdf-schema#seeAlso>	"HPO: HP_0001369"
<http://purl.obolibrary.org/obo/OAE_0000596>	<http://www.w3.org/2000/01/rdf-schema#seeAlso>	"MP: MP_0002993"
<http://purl.obolibrary.org/obo/OAE_0000596>	<http://www.w3.org/2000/01/rdf-schema#seeAlso>	"MedDRA ID: 10003246"
<http://purl.obolibrary.org/obo/OAE_0000596>	<http://www.w3.org/2000/01/rdf-schema#seeAlso>	"SIDER: C0003864"
<http://purl.obolibrary.org/obo/OAE_0000597>	<http://www.w3.org/2000/01/rdf-schema#seeAlso>	"HPO: HP_0002015"
<http://purl.obolibrary.org/obo/OAE_0000597>	<http://www.w3.org/2000/01/rdf-schema#seeAlso>	"MP: MP_0003158"
<http://purl.obolibrary.org/obo/OAE_0000597>	<http://www.w3.org/2000/01/rdf-schema#seeAlso>	"MedDRA ID: 10013950"
<http://purl.obolibrary.org/obo/OAE_0000597>	<http://www.w3.org/2000/01/rdf-schema#seeAlso>	"MedDRA: 10013950"
<http://purl.obolibrary.org/obo/OAE_0000597>	<http://www.w3.org/2000/01/rdf-schema#seeAlso>	"SIDER: C0011168"
<http://purl.obolibrary.org/obo/OAE_0000598>	<http://www.w3.org/2000/01/rdf-schema#seeAlso>	"MP: MP_0003162"
<http://purl.obolibrary.org/obo/OAE_0000599>	<http://www.w3.org/2000/01/rdf-schema#seeAlso>	"HPO: HP_0001873"
<http://purl.obolibrary.org/obo/OAE_0000599>	<http://www.w3.org/2000/01/rdf-schema#seeAlso>	"MP: MP_0003179"
<http://purl.obolibrary.org/obo/OAE_0000599>	<http://www.w3.org/2000/01/rdf-schema#seeAlso>	"MedDRA: 10035528"
<http://purl.obolibrary.org/obo/OAE_0000599>	<http://www.w3.org/2000/01/rdf-schema#seeAlso>	"SIDER: C0392386"
<http://purl.obolibrary.org/obo/OAE_0000600>	<http://www.w3.org/2000/01/rdf-schema#seeAlso>	"HPO: HP_0002018"
<http://purl.obolibrary.org/obo/OAE_0000600>	<http://www.w3.org/2000/01/rdf-schema#seeAlso>	"MP: MP_0003259; MDR: 10028813"
<http://purl.obolibrary.org/obo/OAE_0000600>	<http://www.w3.org/2000/01/rdf-schema#seeAlso>	"MedDRA ID: 10028813"
<http://purl.obolibrary.org/obo/OAE_0000600>	<http://www.w3.org/2000/01/rdf-schema#seeAlso>	"MedDRA: 10028813"
<http://purl.obolibrary.org/obo/OAE_0000600>	<http://www.w3.org/2000/01/rdf-schema#seeAlso>	"SIDER: C0027497"
<http://purl.obolibrary.org/obo/OAE_0000601>	<http://www.w3.org/2000/01/rdf-schema#seeAlso>	"HPO: HP_0002013"
<http://purl.obolibrary.org/obo/OAE_0000601>	<http://www.w3.org/2000/01/rdf-schema#seeAlso>	"MP: MP_0003260; MDR: 10047700"
<http://purl.obolibrary.org/obo/OAE_0000601>	<http://www.w3.org/2000/01/rdf-schema#seeAlso>	"MedDRA ID: 10047700"
<http://purl.obolibrary.org/obo/OAE_0000601>	<http://www.w3.org/2000/01/rdf-schema#seeAlso>	"MedDRA: 10047700"
<http://purl.obolibrary.org/obo/OAE_0000601>	<http://www.w3.org/2000/01/rdf-schema#seeAlso>	"SIDER: C0042963"
<http://purl.obolibrary.org/obo/OAE_0000602>	<http://www.w3.org/2000/01/rdf-schema#seeAlso>	"HPO: HP_0002019"
<http://purl.obolibrary.org/obo/OAE_0000602>	<http://www.w3.org/2000/01/rdf-schema#seeAlso>	"MP: MP_0003267"
<http://purl.obolibrary.org/obo/OAE_0000602>	<http://www.w3.org/2000/01/rdf-schema#seeAlso>	"MedDRA ID: 10010774"
<http://purl.obolibrary.org/obo/OAE_0000602>	<http://www.w3.org/2000/01/rdf-schema#seeAlso>	"SIDER: C0009806"
<http://purl.obolibrary.org/obo/OAE_0000603>	<http://www.w3.org/2000/01/rdf-schema#seeAlso>	"MP: MP_0003866"
<http://purl.obolibrary.org/obo/OAE_0000604>	<http://www.w3.org/2000/01/rdf-schema#seeAlso>	"HPO: HP_0000020"
<http://purl.obolibrary.org/obo/OAE_0000604>	<http://www.w3.org/2000/01/rdf-schema#seeAlso>	"MP: MP_0003280"
<http://purl.obolibrary.org/obo/OAE_0000604>	<http://www.w3.org/2000/01/rdf-schema#seeAlso>	"SIDER: C0042024"
<http://purl.obolibrary.org/obo/OAE_0000605>	<http://www.w3.org/2000/01/rdf-schema#seeAlso>	"MedDRA ID: 10009346"
<http://purl.obolibrary.org/obo/OAE_0000606>	<http://www.w3.org/2000/01/rdf-schema#seeAlso>	"HPO: HP_0008361"
<http://purl.obolibrary.org/obo/OAE_0000606>	<http://www.w3.org/2000/01/rdf-schema#seeAlso>	"MP: MP_0003717"
<http://purl.obolibrary.org/obo/OAE_0000606>	<http://www.w3.org/2000/01/rdf-schema#seeAlso>	"MedDRA ID: 10033546"
<http://purl.obolibrary.org/obo/OAE_0000606>	<http://www.w3.org/2000/01/rdf-schema#seeAlso>	"SIDER: C0030232"
<http://purl.obolibrary.org/obo/OAE_0000607>	<http://www.w3.org/2000/01/rdf-schema#seeAlso>	"HPO: HP_0000360"
<http://purl.obolibrary.org/obo/OAE_0000607>	<http://www.w3.org/2000/01/rdf-schema#seeAlso>	"MP: MP_0003741"
<http://purl.obolibrary.org/obo/OAE_0000607>	<http://www.w3.org/2000/01/rdf-schema#seeAlso>	"MedDRA ID: 10043882"
<http://purl.obolibrary.org/obo/OAE_0000607>	<http://www.w3.org/2000/01/rdf-schema#seeAlso>	"SIDER: C0040264"
<http://purl.obolibrary.org/obo/OAE_0000608>	<http://www.w3.org/2000/01/rdf-schema#seeAlso>	"HPO: HP_0010280"
<http://purl.obolibrary.org/obo/OAE_0000608>	<http://www.w3.org/2000/01/rdf-schema#seeAlso>	"MP: MP_0003746"
<http://purl.obolibrary.org/obo/OAE_0000608>	<http://www.w3.org/2000/01/rdf-schema#seeAlso>	"MedDRA ID: 10042128"
<http://purl.obolibrary.org/obo/OAE_0000608>	<http://www.w3.org/2000/01/rdf-schema#seeAlso>	"MedDRA: 10042128"
<http://purl.obolibrary.org/obo/OAE_0000608>	<http://www.w3.org/2000/01/rdf-schema#seeAlso>	"SIDER: C0038362"
<http://purl.obolibrary.org/obo/OAE_0000609>	<http://www.w3.org/2000/01/rdf-schema#seeAlso>	"MP: MP_0003747"
<http://purl.obolibrary.org/obo/OAE_0000610>	<http://www.w3.org/2000/01/rdf-schema#seeAlso>	"MP: MP_0004142"
<http://purl.obolibrary.org/obo/OAE_0000611>	<http://www.w3.org/2000/01/rdf-schema#seeAlso>	"HPO: HP_0001276"
<http://purl.obolibrary.org/obo/OAE_0000611>	<http://www.w3.org/2000/01/rdf-schema#seeAlso>	"MP: MP_0004143"
<http://purl.obolibrary.org/obo/OAE_0000611>	<http://www.w3.org/2000/01/rdf-schema#seeAlso>	"MedDRA ID: 10020852"
<http://purl.obolibrary.org/obo/OAE_0000611>	<http://www.w3.org/2000/01/rdf-schema#seeAlso>	"SIDER: C0026826"
<http://purl.obolibrary.org/obo/OAE_0000612>	<http://www.w3.org/2000/01/rdf-schema#seeAlso>	"HPO: HP_0009062"
<http://purl.obolibrary.org/obo/OAE_0000612>	<http://www.w3.org/2000/01/rdf-schema#seeAlso>	"MP: MP_0004144"
<http://purl.obolibrary.org/obo/OAE_0000612>	<http://www.w3.org/2000/01/rdf-schema#seeAlso>	"MedDRA ID: 10021118"
<http://purl.obolibrary.org/obo/OAE_0000612>	<http://www.w3.org/2000/01/rdf-schema#seeAlso>	"SIDER: C0026827"
<http://purl.obolibrary.org/obo/OAE_0000613>	<http://www.w3.org/2000/01/rdf-schema#seeAlso>	"HPO: HP_0009071"
<http://purl.obolibrary.org/obo/OAE_0000613>	<http://www.w3.org/2000/01/rdf-schema#seeAlso>	"MP: MP_0004510"
<http://purl.obolibrary.org/obo/OAE_0000613>	<http://www.w3.org/2000/01/rdf-schema#seeAlso>	"MedDRA ID: 10028653"
<http://purl.obolibrary.org/obo/OAE_0000613>	<http://www.w3.org/2000/01/rdf-schema#seeAlso>	"MedDRA: 10028653"
<http://purl.obolibrary.org/obo/OAE_0000613>	<http://www.w3.org/2000/01/rdf-schema#seeAlso>	"SIDER: C0027121"
<http://purl.obolibrary.org/obo/OAE_0000614>	<http://www.w3.org/2000/01/rdf-schema#seeAlso>	"MP: MP_0004511"
<http://purl.obolibrary.org/obo/OAE_0000615>	<http://www.w3.org/2000/01/rdf-schema#seeAlso>	"MP: MP_0005013"
<http://purl.obolibrary.org/obo/OAE_0000615>	<http://www.w3.org/2000/01/rdf-schema#seeAlso>	"MedDRA: 10025258"
<http://purl.obolibrary.org/obo/OAE_0000616>	<http://www.w3.org/2000/01/rdf-schema#seeAlso>	"MP: MP_0005036"
<http://purl.obolibrary.org/obo/OAE_0000616>	<http://www.w3.org/2000/01/rdf-schema#seeAlso>	"MedDRA: 10012735"
<http://purl.obolibrary.org/obo/OAE_0000617>	<http://www.w3.org/2000/01/rdf-schema#seeAlso>	"HPO: HP_0002795"
<http://purl.obolibrary.org/obo/OAE_0000617>	<http://www.w3.org/2000/01/rdf-schema#seeAlso>	"MP: MP_0005039"
<http://purl.obolibrary.org/obo/OAE_0000617>	<http://www.w3.org/2000/01/rdf-schema#seeAlso>	"MedDRA ID: 10021143"
<http://purl.obolibrary.org/obo/OAE_0000617>	<http://www.w3.org/2000/01/rdf-schema#seeAlso>	"MedDRA: 10021143"
<http://purl.obolibrary.org/obo/OAE_0000617>	<http://www.w3.org/2000/01/rdf-schema#seeAlso>	"SIDER: C0242184"
<http://purl.obolibrary.org/obo/OAE_0000618>	<http://www.w3.org/2000/01/rdf-schema#seeAlso>	"HPO: HP_0002718"
<http://purl.obolibrary.org/obo/OAE_0000618>	<http://www.w3.org/2000/01/rdf-schema#seeAlso>	"MP: MP_0005044"
<http://purl.obolibrary.org/obo/OAE_0000618>	<http://www.w3.org/2000/01/rdf-schema#seeAlso>	"MedDRA ID: 10040047"
<http://purl.obolibrary.org/obo/OAE_0000618>	<http://www.w3.org/2000/01/rdf-schema#seeAlso>	"MedDRA: 10040047"
<http://purl.obolibrary.org/obo/OAE_0000618>	<http://www.w3.org/2000/01/rdf-schema#seeAlso>	"SIDER: C0243026"
<http://purl.obolibrary.org/obo/OAE_0000619>	<http://www.w3.org/2000/01/rdf-schema#seeAlso>	"MP: MP_0005161"
<http://purl.obolibrary.org/obo/OAE_0000619>	<http://www.w3.org/2000/01/rdf-schema#seeAlso>	"MedDRA: 10018867"
<http://purl.obolibrary.org/obo/OAE_0000619>	<http://www.w3.org/2000/01/rdf-schema#seeAlso>	"MedDRA: 10018870"
<http://purl.obolibrary.org/obo/OAE_0000620>	<http://www.w3.org/2000/01/rdf-schema#seeAlso>	"MP: MP_0005319"
<http://purl.obolibrary.org/obo/OAE_0000621>	<http://www.w3.org/2000/01/rdf-schema#seeAlso>	"MP: MP_0005333"
<http://purl.obolibrary.org/obo/OAE_0000621>	<http://www.w3.org/2000/01/rdf-schema#seeAlso>	"MedDRA: 10019301"
<http://purl.obolibrary.org/obo/OAE_0000622>	<http://www.w3.org/2000/01/rdf-schema#seeAlso>	"MP: MP_0005502"
<http://purl.obolibrary.org/obo/OAE_0000623>	<http://www.w3.org/2000/01/rdf-schema#seeAlso>	"MP: MP_0005534"
<http://purl.obolibrary.org/obo/OAE_0000623>	<http://www.w3.org/2000/01/rdf-schema#seeAlso>	"MedDRA: 10021113"
<http://purl.obolibrary.org/obo/OAE_0000624>	<http://www.w3.org/2000/01/rdf-schema#seeAlso>	"MP: MP_0005535"
<http://purl.obolibrary.org/obo/OAE_0000625>	<http://www.w3.org/2000/01/rdf-schema#seeAlso>	"MP: MP_0006082"
<http://purl.obolibrary.org/obo/OAE_0000625>	<http://www.w3.org/2000/01/rdf-schema#seeAlso>	"MedDRA ID: 10029240"
<http://purl.obolibrary.org/obo/OAE_0000626>	<http://www.w3.org/2000/01/rdf-schema#seeAlso>	"MP: MP_0006150"
<http://purl.obolibrary.org/obo/OAE_0000626>	<http://www.w3.org/2000/01/rdf-schema#seeAlso>	"MedDRA: 10013036"
<http://purl.obolibrary.org/obo/OAE_0000627>	<http://www.w3.org/2000/01/rdf-schema#seeAlso>	"MP: MP_0008387"
<http://purl.obolibrary.org/obo/OAE_0000628>	<http://www.w3.org/2000/01/rdf-schema#seeAlso>	"MedDRA: 10061253"
<http://purl.obolibrary.org/obo/OAE_0000629>	<http://www.w3.org/2000/01/rdf-schema#seeAlso>	"MP: MP_0008912"
<http://purl.obolibrary.org/obo/OAE_0000630>	<http://www.w3.org/2000/01/rdf-schema#seeAlso>	"HPO: HP_0000978"
<http://purl.obolibrary.org/obo/OAE_0000630>	<http://www.w3.org/2000/01/rdf-schema#seeAlso>	"MP: MP_0009276"
<http://purl.obolibrary.org/obo/OAE_0000630>	<http://www.w3.org/2000/01/rdf-schema#seeAlso>	"MedDRA ID: 10014080"
<http://purl.obolibrary.org/obo/OAE_0000630>	<http://www.w3.org/2000/01/rdf-schema#seeAlso>	"SIDER: C0013491"
<http://purl.obolibrary.org/obo/OAE_0000632>	<http://www.w3.org/2000/01/rdf-schema#seeAlso>	"HPO: HP_0001645"
<http://purl.obolibrary.org/obo/OAE_0000632>	<http://www.w3.org/2000/01/rdf-schema#seeAlso>	"MedDRA: 10011906"
<http://purl.obolibrary.org/obo/OAE_0000632>	<http://www.w3.org/2000/01/rdf-schema#seeAlso>	"SIDER: C1306577"
<http://purl.obolibrary.org/obo/OAE_0000636>	<http://www.w3.org/2000/01/rdf-schema#seeAlso>	"MedDRA: 10010356"
<http://purl.obolibrary.org/obo/OAE_0000642>	<http://www.w3.org/2000/01/rdf-schema#seeAlso>	"HPO: HP_0001945"
<http://purl.obolibrary.org/obo/OAE_0000642>	<http://www.w3.org/2000/01/rdf-schema#seeAlso>	"MedDRA ID: 10020741"
<http://purl.obolibrary.org/obo/OAE_0000642>	<http://www.w3.org/2000/01/rdf-schema#seeAlso>	"SIDER: C0392676"
<http://purl.obolibrary.org/obo/OAE_0000643>	<http://www.w3.org/2000/01/rdf-schema#seeAlso>	"HPO: HP_0003326"
<http://purl.obolibrary.org/obo/OAE_0000643>	<http://www.w3.org/2000/01/rdf-schema#seeAlso>	"MedDRA ID: 10028391"
<http://purl.obolibrary.org/obo/OAE_0000643>	<http://www.w3.org/2000/01/rdf-schema#seeAlso>	"SIDER: C0026858"
<http://purl.obolibrary.org/obo/OAE_0000644>	<http://www.w3.org/2000/01/rdf-schema#seeAlso>	"MedDRA: 10022061"
<http://purl.obolibrary.org/obo/OAE_0000645>	<http://www.w3.org/2000/01/rdf-schema#seeAlso>	"HPO: HP_0010783"
<http://purl.obolibrary.org/obo/OAE_0000645>	<http://www.w3.org/2000/01/rdf-schema#seeAlso>	"MP:0001190"
<http://purl.obolibrary.org/obo/OAE_0000645>	<http://www.w3.org/2000/01/rdf-schema#seeAlso>	"MedDRA ID: 10015150"
<http://purl.obolibrary.org/obo/OAE_0000645>	<http://www.w3.org/2000/01/rdf-schema#seeAlso>	"MedDRA: 10015150"
<http://purl.obolibrary.org/obo/OAE_0000645>	<http://www.w3.org/2000/01/rdf-schema#seeAlso>	"SIDER: C0041834"
<http://purl.obolibrary.org/obo/OAE_0000646>	<http://www.w3.org/2000/01/rdf-schema#seeAlso>	"HPO: HP_0002315"
<http://purl.obolibrary.org/obo/OAE_0000646>	<http://www.w3.org/2000/01/rdf-schema#seeAlso>	"SIDER: C0037195"
<http://purl.obolibrary.org/obo/OAE_0000647>	<http://www.w3.org/2000/01/rdf-schema#seeAlso>	"HPO: HP_0002090"
<http://purl.obolibrary.org/obo/OAE_0000647>	<http://www.w3.org/2000/01/rdf-schema#seeAlso>	"MedDRA ID: 10035664"
<http://purl.obolibrary.org/obo/OAE_0000647>	<http://www.w3.org/2000/01/rdf-schema#seeAlso>	"MedDRA: 10035664"
<http://purl.obolibrary.org/obo/OAE_0000647>	<http://www.w3.org/2000/01/rdf-schema#seeAlso>	"SIDER: C0032285"
<http://purl.obolibrary.org/obo/OAE_0000648>	<http://www.w3.org/2000/01/rdf-schema#seeAlso>	"HPO: HP_0002090"
<http://purl.obolibrary.org/obo/OAE_0000648>	<http://www.w3.org/2000/01/rdf-schema#seeAlso>	"MedDRA: 10024738"
<http://purl.obolibrary.org/obo/OAE_0000648>	<http://www.w3.org/2000/01/rdf-schema#seeAlso>	"SIDER: C0032300"
<http://purl.obolibrary.org/obo/OAE_0000650>	<http://www.w3.org/2000/01/rdf-schema#seeAlso>	"HPO: HP_0001892"
<http://purl.obolibrary.org/obo/OAE_0000650>	<http://www.w3.org/2000/01/rdf-schema#seeAlso>	"MedDRA ID: 10018852"
<http://purl.obolibrary.org/obo/OAE_0000650>	<http://www.w3.org/2000/01/rdf-schema#seeAlso>	"SIDER: C0018944"
<http://purl.obolibrary.org/obo/OAE_0000653>	<http://www.w3.org/2000/01/rdf-schema#seeAlso>	"MedDRA: 10061099"
<http://purl.obolibrary.org/obo/OAE_0000654>	<http://www.w3.org/2000/01/rdf-schema#seeAlso>	"MedDRA: 10060078"
<http://purl.obolibrary.org/obo/OAE_0000655>	<http://www.w3.org/2000/01/rdf-schema#seeAlso>	"HPO: HP_0006824"
<http://purl.obolibrary.org/obo/OAE_0000655>	<http://www.w3.org/2000/01/rdf-schema#seeAlso>	"MedDRA ID: 10050040"
<http://purl.obolibrary.org/obo/OAE_0000655>	<http://www.w3.org/2000/01/rdf-schema#seeAlso>	"SIDER: C0919980"
<http://purl.obolibrary.org/obo/OAE_0000656>	<http://www.w3.org/2000/01/rdf-schema#seeAlso>	"MedDRA: 10003481"
<http://purl.obolibrary.org/obo/OAE_0000658>	<http://www.w3.org/2000/01/rdf-schema#seeAlso>	"MedDRA ID: 10000709"
<http://purl.obolibrary.org/obo/OAE_0000659>	<http://www.w3.org/2000/01/rdf-schema#seeAlso>	"HPO: HP_0005110"
<http://purl.obolibrary.org/obo/OAE_0000659>	<http://www.w3.org/2000/01/rdf-schema#seeAlso>	"MedDRA ID: 10003658"
<http://purl.obolibrary.org/obo/OAE_0000659>	<http://www.w3.org/2000/01/rdf-schema#seeAlso>	"MedDRA: 10003658"
<http://purl.obolibrary.org/obo/OAE_0000659>	<http://www.w3.org/2000/01/rdf-schema#seeAlso>	"SIDER: C0004238"
<http://purl.obolibrary.org/obo/OAE_0000660>	<http://www.w3.org/2000/01/rdf-schema#seeAlso>	"HPO: HP_0011675"
<http://purl.obolibrary.org/obo/OAE_0000660>	<http://www.w3.org/2000/01/rdf-schema#seeAlso>	"MP: MP_0004085"
<http://purl.obolibrary.org/obo/OAE_0000660>	<http://www.w3.org/2000/01/rdf-schema#seeAlso>	"MedDRA: 10003119"
<http://purl.obolibrary.org/obo/OAE_0000660>	<http://www.w3.org/2000/01/rdf-schema#seeAlso>	"SIDER: C0003811"
<http://purl.obolibrary.org/obo/OAE_0000661>	<http://www.w3.org/2000/01/rdf-schema#seeAlso>	"MedDRA: 10027733"
<http://purl.obolibrary.org/obo/OAE_0000662>	<http://www.w3.org/2000/01/rdf-schema#seeAlso>	"MedDRA: 10005482"
<http://purl.obolibrary.org/obo/OAE_0000663>	<http://www.w3.org/2000/01/rdf-schema#seeAlso>	"MedDRA: 10007223"
<http://purl.obolibrary.org/obo/OAE_0000666>	<http://www.w3.org/2000/01/rdf-schema#seeAlso>	"HPO: HP_0002835"
<http://purl.obolibrary.org/obo/OAE_0000666>	<http://www.w3.org/2000/01/rdf-schema#seeAlso>	"MedDRA: 10003504"
<http://purl.obolibrary.org/obo/OAE_0000666>	<http://www.w3.org/2000/01/rdf-schema#seeAlso>	"SIDER: C0700198"
<http://purl.obolibrary.org/obo/OAE_0000667>	<http://www.w3.org/2000/01/rdf-schema#seeAlso>	"MedDRA: 10003522"
<http://purl.obolibrary.org/obo/OAE_0000668>	<http://www.w3.org/2000/01/rdf-schema#seeAlso>	"MedDRA ID: 10049796"
<http://purl.obolibrary.org/obo/OAE_0000669>	<http://www.w3.org/2000/01/rdf-schema#seeAlso>	"HPO: HP_0100661"
<http://purl.obolibrary.org/obo/OAE_0000669>	<http://www.w3.org/2000/01/rdf-schema#seeAlso>	"MedDRA ID: 10016059"
<http://purl.obolibrary.org/obo/OAE_0000669>	<http://www.w3.org/2000/01/rdf-schema#seeAlso>	"SIDER: C0015468"
<http://purl.obolibrary.org/obo/OAE_0000670>	<http://www.w3.org/2000/01/rdf-schema#seeAlso>	"MedDRA ID: 10017412"
<http://purl.obolibrary.org/obo/OAE_0000670>	<http://www.w3.org/2000/01/rdf-schema#seeAlso>	"MedDRA: 10064198"
<http://purl.obolibrary.org/obo/OAE_0000671>	<http://www.w3.org/2000/01/rdf-schema#seeAlso>	"HPO: HP_0009072"
<http://purl.obolibrary.org/obo/OAE_0000671>	<http://www.w3.org/2000/01/rdf-schema#seeAlso>	"MedDRA ID: 10021089"
<http://purl.obolibrary.org/obo/OAE_0000671>	<http://www.w3.org/2000/01/rdf-schema#seeAlso>	"SIDER: C0151888"
<http://purl.obolibrary.org/obo/OAE_0000672>	<http://www.w3.org/2000/01/rdf-schema#seeAlso>	"HPO: HP_0009592"
<http://purl.obolibrary.org/obo/OAE_0000672>	<http://www.w3.org/2000/01/rdf-schema#seeAlso>	"MedDRA: 10003571"
<http://purl.obolibrary.org/obo/OAE_0000672>	<http://www.w3.org/2000/01/rdf-schema#seeAlso>	"SIDER: C0004114"
<http://purl.obolibrary.org/obo/OAE_0000674>	<http://www.w3.org/2000/01/rdf-schema#seeAlso>	"HPO: HP_0001642"
<http://purl.obolibrary.org/obo/OAE_0000674>	<http://www.w3.org/2000/01/rdf-schema#seeAlso>	"MedDRA: 10003598"
<http://purl.obolibrary.org/obo/OAE_0000674>	<http://www.w3.org/2000/01/rdf-schema#seeAlso>	"SIDER: C0004144"
<http://purl.obolibrary.org/obo/OAE_0000675>	<http://www.w3.org/2000/01/rdf-schema#seeAlso>	"MedDRA: 10070717"
<http://purl.obolibrary.org/obo/OAE_0000677>	<http://www.w3.org/2000/01/rdf-schema#seeAlso>	"HPO: HP_0006511"
<http://purl.obolibrary.org/obo/OAE_0000677>	<http://www.w3.org/2000/01/rdf-schema#seeAlso>	"MedDRA ID: 10023891"
<http://purl.obolibrary.org/obo/OAE_0000677>	<http://www.w3.org/2000/01/rdf-schema#seeAlso>	"SIDER: C0023066"
<http://purl.obolibrary.org/obo/OAE_0000678>	<http://www.w3.org/2000/01/rdf-schema#seeAlso>	"MedDRA ID: 10052231"
<http://purl.obolibrary.org/obo/OAE_0000679>	<http://www.w3.org/2000/01/rdf-schema#seeAlso>	"MedDRA: 10052230"
<http://purl.obolibrary.org/obo/OAE_0000680>	<http://www.w3.org/2000/01/rdf-schema#seeAlso>	"MedDRA: 0000680\n"
<http://purl.obolibrary.org/obo/OAE_0000681>	<http://www.w3.org/2000/01/rdf-schema#seeAlso>	"MedDRA: 10034545"
<http://purl.obolibrary.org/obo/OAE_0000682>	<http://www.w3.org/2000/01/rdf-schema#seeAlso>	"MedDRA ID: 10036575"
<http://purl.obolibrary.org/obo/OAE_0000682>	<http://www.w3.org/2000/01/rdf-schema#seeAlso>	"MedDRA: 10036556"
<http://purl.obolibrary.org/obo/OAE_0000684>	<http://www.w3.org/2000/01/rdf-schema#seeAlso>	"MedDRA ID: 10061549"
<http://purl.obolibrary.org/obo/OAE_0000686>	<http://www.w3.org/2000/01/rdf-schema#seeAlso>	"HPO: HP_0003474"
<http://purl.obolibrary.org/obo/OAE_0000686>	<http://www.w3.org/2000/01/rdf-schema#seeAlso>	"MedDRA ID: 10040030"
<http://purl.obolibrary.org/obo/OAE_0000686>	<http://www.w3.org/2000/01/rdf-schema#seeAlso>	"SIDER: C0278134"
<http://purl.obolibrary.org/obo/OAE_0000687>	<http://www.w3.org/2000/01/rdf-schema#seeAlso>	"HPO: HP_0007549"
<http://purl.obolibrary.org/obo/OAE_0000687>	<http://www.w3.org/2000/01/rdf-schema#seeAlso>	"MedDRA ID: 10040844"
<http://purl.obolibrary.org/obo/OAE_0000687>	<http://www.w3.org/2000/01/rdf-schema#seeAlso>	"MedDRA: 10040844"
<http://purl.obolibrary.org/obo/OAE_0000687>	<http://www.w3.org/2000/01/rdf-schema#seeAlso>	"SIDER: C0237849"
<http://purl.obolibrary.org/obo/OAE_0000689>	<http://www.w3.org/2000/01/rdf-schema#seeAlso>	"MedDRA: 10060973"
<http://purl.obolibrary.org/obo/OAE_0000690>	<http://www.w3.org/2000/01/rdf-schema#seeAlso>	"HPO: HP_0010307"
<http://purl.obolibrary.org/obo/OAE_0000690>	<http://www.w3.org/2000/01/rdf-schema#seeAlso>	"MedDRA ID: 10042241"
<http://purl.obolibrary.org/obo/OAE_0000690>	<http://www.w3.org/2000/01/rdf-schema#seeAlso>	"SIDER: C0038450"
<http://purl.obolibrary.org/obo/OAE_0000691>	<http://www.w3.org/2000/01/rdf-schema#seeAlso>	"HPO: HP_0200042"
<http://purl.obolibrary.org/obo/OAE_0000691>	<http://www.w3.org/2000/01/rdf-schema#seeAlso>	"MedDRA: 10040943"
<http://purl.obolibrary.org/obo/OAE_0000691>	<http://www.w3.org/2000/01/rdf-schema#seeAlso>	"SIDER: C0037299"
<http://purl.obolibrary.org/obo/OAE_0000694>	<http://www.w3.org/2000/01/rdf-schema#seeAlso>	"MedDRA: 10062226\n"
<http://purl.obolibrary.org/obo/OAE_0000695>	<http://www.w3.org/2000/01/rdf-schema#seeAlso>	"MedDRA ID: 10057597"
<http://purl.obolibrary.org/obo/OAE_0000696>	<http://www.w3.org/2000/01/rdf-schema#seeAlso>	"HPO: HP_0004787"
<http://purl.obolibrary.org/obo/OAE_0000696>	<http://www.w3.org/2000/01/rdf-schema#seeAlso>	"MedDRA: 10003827"
<http://purl.obolibrary.org/obo/OAE_0000696>	<http://www.w3.org/2000/01/rdf-schema#seeAlso>	"SIDER: C0241910"
<http://purl.obolibrary.org/obo/OAE_0000697>	<http://www.w3.org/2000/01/rdf-schema#seeAlso>	"MedDRA: 10046910"
<http://purl.obolibrary.org/obo/OAE_0000698>	<http://www.w3.org/2000/01/rdf-schema#seeAlso>	"HPO: HP_0004927"
<http://purl.obolibrary.org/obo/OAE_0000698>	<http://www.w3.org/2000/01/rdf-schema#seeAlso>	"SIDER: C0595862"
<http://purl.obolibrary.org/obo/OAE_0000699>	<http://www.w3.org/2000/01/rdf-schema#seeAlso>	"MedDRA: 10003997"
<http://purl.obolibrary.org/obo/OAE_0000700>	<http://www.w3.org/2000/01/rdf-schema#seeAlso>	"MedDRA: 10053840"
<http://purl.obolibrary.org/obo/OAE_0000701>	<http://www.w3.org/2000/01/rdf-schema#seeAlso>	"HPO: HP_0002671"
<http://purl.obolibrary.org/obo/OAE_0000701>	<http://www.w3.org/2000/01/rdf-schema#seeAlso>	"MedDRA: 10004146"
<http://purl.obolibrary.org/obo/OAE_0000701>	<http://www.w3.org/2000/01/rdf-schema#seeAlso>	"SIDER: C0007117"
<http://purl.obolibrary.org/obo/OAE_0000702>	<http://www.w3.org/2000/01/rdf-schema#seeAlso>	"MedDRA: 10004169"
<http://purl.obolibrary.org/obo/OAE_0000703>	<http://www.w3.org/2000/01/rdf-schema#seeAlso>	"MedDRA: 10004213"
<http://purl.obolibrary.org/obo/OAE_0000704>	<http://www.w3.org/2000/01/rdf-schema#seeAlso>	"MedDRA: 10051900"
<http://purl.obolibrary.org/obo/OAE_0000705>	<http://www.w3.org/2000/01/rdf-schema#seeAlso>	"MedDRA: 10004272"
<http://purl.obolibrary.org/obo/OAE_0000706>	<http://www.w3.org/2000/01/rdf-schema#seeAlso>	"MedDRA: 10004433"
<http://purl.obolibrary.org/obo/OAE_0000707>	<http://www.w3.org/2000/01/rdf-schema#seeAlso>	"MedDRA: 10056375"
<http://purl.obolibrary.org/obo/OAE_0000708>	<http://www.w3.org/2000/01/rdf-schema#seeAlso>	"MedDRA: 10057202"
<http://purl.obolibrary.org/obo/OAE_0000709>	<http://www.w3.org/2000/01/rdf-schema#seeAlso>	"MedDRA: 10004716"
<http://purl.obolibrary.org/obo/OAE_0000710>	<http://www.w3.org/2000/01/rdf-schema#seeAlso>	"MedDRA: 10061010"
<http://purl.obolibrary.org/obo/OAE_0000711>	<http://www.w3.org/2000/01/rdf-schema#seeAlso>	"HPO: HP_0009725"
<http://purl.obolibrary.org/obo/OAE_0000711>	<http://www.w3.org/2000/01/rdf-schema#seeAlso>	"MedDRA: 10005003"
<http://purl.obolibrary.org/obo/OAE_0000711>	<http://www.w3.org/2000/01/rdf-schema#seeAlso>	"SIDER: C0005684"
<http://purl.obolibrary.org/obo/OAE_0000712>	<http://www.w3.org/2000/01/rdf-schema#seeAlso>	"MedDRA: 10062274"
<http://purl.obolibrary.org/obo/OAE_0000713>	<http://www.w3.org/2000/01/rdf-schema#seeAlso>	"MedDRA: 10053747"
<http://purl.obolibrary.org/obo/OAE_0000714>	<http://www.w3.org/2000/01/rdf-schema#seeAlso>	"MedDRA: 10057107"
<http://purl.obolibrary.org/obo/OAE_0000715>	<http://www.w3.org/2000/01/rdf-schema#seeAlso>	"MedDRA: 10050282"
<http://purl.obolibrary.org/obo/OAE_0000716>	<http://www.w3.org/2000/01/rdf-schema#seeAlso>	"HPO: HP_0000498"
<http://purl.obolibrary.org/obo/OAE_0000716>	<http://www.w3.org/2000/01/rdf-schema#seeAlso>	"MedDRA: 10005148"
<http://purl.obolibrary.org/obo/OAE_0000716>	<http://www.w3.org/2000/01/rdf-schema#seeAlso>	"SIDER: C0005741"
<http://purl.obolibrary.org/obo/OAE_0000717>	<http://www.w3.org/2000/01/rdf-schema#seeAlso>	"MedDRA: 10005287"
<http://purl.obolibrary.org/obo/OAE_0000718>	<http://www.w3.org/2000/01/rdf-schema#seeAlso>	"MedDRA: 10059571"
<http://purl.obolibrary.org/obo/OAE_0000719>	<http://www.w3.org/2000/01/rdf-schema#seeAlso>	"MedDRA: 10059569"
<http://purl.obolibrary.org/obo/OAE_0000720>	<http://www.w3.org/2000/01/rdf-schema#seeAlso>	"HPO: HP_0003155"
<http://purl.obolibrary.org/obo/OAE_0000720>	<http://www.w3.org/2000/01/rdf-schema#seeAlso>	"MedDRA: 10059570"
<http://purl.obolibrary.org/obo/OAE_0000720>	<http://www.w3.org/2000/01/rdf-schema#seeAlso>	"SIDER: C0852911"
<http://purl.obolibrary.org/obo/OAE_0000722>	<http://www.w3.org/2000/01/rdf-schema#seeAlso>	"MedDRA: 10005328"
<http://purl.obolibrary.org/obo/OAE_0000723>	<http://www.w3.org/2000/01/rdf-schema#seeAlso>	"MedDRA: 10058477"
<http://purl.obolibrary.org/obo/OAE_0000724>	<http://www.w3.org/2000/01/rdf-schema#seeAlso>	"MedDRA: 10005364"
<http://purl.obolibrary.org/obo/OAE_0000725>	<http://www.w3.org/2000/01/rdf-schema#seeAlso>	"MedDRA: 10005395"
<http://purl.obolibrary.org/obo/OAE_0000726>	<http://www.w3.org/2000/01/rdf-schema#seeAlso>	"HPO: HP_0003113"
<http://purl.obolibrary.org/obo/OAE_0000726>	<http://www.w3.org/2000/01/rdf-schema#seeAlso>	"MedDRA: 10005419"
<http://purl.obolibrary.org/obo/OAE_0000726>	<http://www.w3.org/2000/01/rdf-schema#seeAlso>	"SIDER: C0595902"
<http://purl.obolibrary.org/obo/OAE_0000727>	<http://www.w3.org/2000/01/rdf-schema#seeAlso>	"HPO: HP_0003124"
<http://purl.obolibrary.org/obo/OAE_0000727>	<http://www.w3.org/2000/01/rdf-schema#seeAlso>	"MedDRA: 10005425"
<http://purl.obolibrary.org/obo/OAE_0000727>	<http://www.w3.org/2000/01/rdf-schema#seeAlso>	"SIDER: C0595930"
<http://purl.obolibrary.org/obo/OAE_0000728>	<http://www.w3.org/2000/01/rdf-schema#seeAlso>	"MedDRA: 10005468"
<http://purl.obolibrary.org/obo/OAE_0000729>	<http://www.w3.org/2000/01/rdf-schema#seeAlso>	"MedDRA: 10005483"
<http://purl.obolibrary.org/obo/OAE_0000730>	<http://www.w3.org/2000/01/rdf-schema#seeAlso>	"MedDRA: 10005488"
<http://purl.obolibrary.org/obo/OAE_0000731>	<http://www.w3.org/2000/01/rdf-schema#seeAlso>	"MedDRA: 10061590"
<http://purl.obolibrary.org/obo/OAE_0000732>	<http://www.w3.org/2000/01/rdf-schema#seeAlso>	"MedDRA: 10005527"
<http://purl.obolibrary.org/obo/OAE_0000733>	<http://www.w3.org/2000/01/rdf-schema#seeAlso>	"MedDRA: 10005555"
<http://purl.obolibrary.org/obo/OAE_0000734>	<http://www.w3.org/2000/01/rdf-schema#seeAlso>	"MedDRA: 10005557"
<http://purl.obolibrary.org/obo/OAE_0000735>	<http://www.w3.org/2000/01/rdf-schema#seeAlso>	"MedDRA: 10049733"
<http://purl.obolibrary.org/obo/OAE_0000736>	<http://www.w3.org/2000/01/rdf-schema#seeAlso>	"MedDRA: 10005586"
<http://purl.obolibrary.org/obo/OAE_0000737>	<http://www.w3.org/2000/01/rdf-schema#seeAlso>	"MedDRA: 10005630"
<http://purl.obolibrary.org/obo/OAE_0000738>	<http://www.w3.org/2000/01/rdf-schema#seeAlso>	"HPO: HP_0002917"
<http://purl.obolibrary.org/obo/OAE_0000738>	<http://www.w3.org/2000/01/rdf-schema#seeAlso>	"MedDRA: 10005654"
<http://purl.obolibrary.org/obo/OAE_0000738>	<http://www.w3.org/2000/01/rdf-schema#seeAlso>	"SIDER: C0853750"
<http://purl.obolibrary.org/obo/OAE_0000739>	<http://www.w3.org/2000/01/rdf-schema#seeAlso>	"MedDRA: 10005702"
<http://purl.obolibrary.org/obo/OAE_0000740>	<http://www.w3.org/2000/01/rdf-schema#seeAlso>	"HPO: HP_0002148"
<http://purl.obolibrary.org/obo/OAE_0000740>	<http://www.w3.org/2000/01/rdf-schema#seeAlso>	"MedDRA: 10049471"
<http://purl.obolibrary.org/obo/OAE_0000740>	<http://www.w3.org/2000/01/rdf-schema#seeAlso>	"SIDER: C0877517"
<http://purl.obolibrary.org/obo/OAE_0000741>	<http://www.w3.org/2000/01/rdf-schema#seeAlso>	"HPO: HP_0002900"
<http://purl.obolibrary.org/obo/OAE_0000741>	<http://www.w3.org/2000/01/rdf-schema#seeAlso>	"MedDRA: 10005724"
<http://purl.obolibrary.org/obo/OAE_0000742>	<http://www.w3.org/2000/01/rdf-schema#seeAlso>	"MedDRA: 10005737"
<http://purl.obolibrary.org/obo/OAE_0000743>	<http://www.w3.org/2000/01/rdf-schema#seeAlso>	"MedDRA: 10005748"
<http://purl.obolibrary.org/obo/OAE_0000744>	<http://www.w3.org/2000/01/rdf-schema#seeAlso>	"MedDRA: 10005802"
<http://purl.obolibrary.org/obo/OAE_0000744>	<http://www.w3.org/2000/01/rdf-schema#seeAlso>	"MedDRA: 10021036"
<http://purl.obolibrary.org/obo/OAE_0000745>	<http://www.w3.org/2000/01/rdf-schema#seeAlso>	"MedDRA: 10005827"
<http://purl.obolibrary.org/obo/OAE_0000746>	<http://www.w3.org/2000/01/rdf-schema#seeAlso>	"MedDRA: 10005850"
<http://purl.obolibrary.org/obo/OAE_0000747>	<http://www.w3.org/2000/01/rdf-schema#seeAlso>	"MedDRA: 10005851"
<http://purl.obolibrary.org/obo/OAE_0000748>	<http://www.w3.org/2000/01/rdf-schema#seeAlso>	"MedDRA: 10005861"
<http://purl.obolibrary.org/obo/OAE_0000749>	<http://www.w3.org/2000/01/rdf-schema#seeAlso>	"MedDRA: 10005952"
<http://purl.obolibrary.org/obo/OAE_0000750>	<http://www.w3.org/2000/01/rdf-schema#seeAlso>	"MedDRA: 10057612"
<http://purl.obolibrary.org/obo/OAE_0000751>	<http://www.w3.org/2000/01/rdf-schema#seeAlso>	"MedDRA: 10061728"
<http://purl.obolibrary.org/obo/OAE_0000752>	<http://www.w3.org/2000/01/rdf-schema#seeAlso>	"HPO: HP_0012145"
<http://purl.obolibrary.org/obo/OAE_0000752>	<http://www.w3.org/2000/01/rdf-schema#seeAlso>	"MedDRA: 10005986"
<http://purl.obolibrary.org/obo/OAE_0000752>	<http://www.w3.org/2000/01/rdf-schema#seeAlso>	"SIDER: C0151773"
<http://purl.obolibrary.org/obo/OAE_0000753>	<http://www.w3.org/2000/01/rdf-schema#seeAlso>	"MedDRA: 10061729"
<http://purl.obolibrary.org/obo/OAE_0000754>	<http://www.w3.org/2000/01/rdf-schema#seeAlso>	"MedDRA: 10065553"
<http://purl.obolibrary.org/obo/OAE_0000755>	<http://www.w3.org/2000/01/rdf-schema#seeAlso>	"MedDRA: 10069678"
<http://purl.obolibrary.org/obo/OAE_0000756>	<http://www.w3.org/2000/01/rdf-schema#seeAlso>	"HPO: HP_0005561"
<http://purl.obolibrary.org/obo/OAE_0000756>	<http://www.w3.org/2000/01/rdf-schema#seeAlso>	"MedDRA: 10051779"
<http://purl.obolibrary.org/obo/OAE_0000756>	<http://www.w3.org/2000/01/rdf-schema#seeAlso>	"SIDER: C0948168"
<http://purl.obolibrary.org/obo/OAE_0000757>	<http://www.w3.org/2000/01/rdf-schema#seeAlso>	"MedDRA: 10061730"
<http://purl.obolibrary.org/obo/OAE_0000758>	<http://www.w3.org/2000/01/rdf-schema#seeAlso>	"MedDRA: 10053631"
<http://purl.obolibrary.org/obo/OAE_0000759>	<http://www.w3.org/2000/01/rdf-schema#seeAlso>	"MedDRA: 10006059"
<http://purl.obolibrary.org/obo/OAE_0000760>	<http://www.w3.org/2000/01/rdf-schema#seeAlso>	"HPO: HP_0001662"
<http://purl.obolibrary.org/obo/OAE_0000760>	<http://www.w3.org/2000/01/rdf-schema#seeAlso>	"MedDRA: 10056471"
<http://purl.obolibrary.org/obo/OAE_0000760>	<http://www.w3.org/2000/01/rdf-schema#seeAlso>	"SIDER: C1112488"
<http://purl.obolibrary.org/obo/OAE_0000761>	<http://www.w3.org/2000/01/rdf-schema#seeAlso>	"HPO: HP_0002181"
<http://purl.obolibrary.org/obo/OAE_0000761>	<http://www.w3.org/2000/01/rdf-schema#seeAlso>	"MedDRA: 10048962"
<http://purl.obolibrary.org/obo/OAE_0000761>	<http://www.w3.org/2000/01/rdf-schema#seeAlso>	"SIDER: C1527311"
<http://purl.obolibrary.org/obo/OAE_0000762>	<http://www.w3.org/2000/01/rdf-schema#seeAlso>	"HPO: HP_0003002"
<http://purl.obolibrary.org/obo/OAE_0000762>	<http://www.w3.org/2000/01/rdf-schema#seeAlso>	"MedDRA: 10006187"
<http://purl.obolibrary.org/obo/OAE_0000762>	<http://www.w3.org/2000/01/rdf-schema#seeAlso>	"SIDER: C0006142"
<http://purl.obolibrary.org/obo/OAE_0000763>	<http://www.w3.org/2000/01/rdf-schema#seeAlso>	"MedDRA: 10055113"
<http://purl.obolibrary.org/obo/OAE_0000764>	<http://www.w3.org/2000/01/rdf-schema#seeAlso>	"MedDRA: 10006201"
<http://purl.obolibrary.org/obo/OAE_0000765>	<http://www.w3.org/2000/01/rdf-schema#seeAlso>	"HPO: HP_0002726"
<http://purl.obolibrary.org/obo/OAE_0000765>	<http://www.w3.org/2000/01/rdf-schema#seeAlso>	"MedDRA: 10006259"
<http://purl.obolibrary.org/obo/OAE_0000765>	<http://www.w3.org/2000/01/rdf-schema#seeAlso>	"SIDER: C0392317"
<http://purl.obolibrary.org/obo/OAE_0000766>	<http://www.w3.org/2000/01/rdf-schema#seeAlso>	"HPO: HP_0000769"
<http://purl.obolibrary.org/obo/OAE_0000766>	<http://www.w3.org/2000/01/rdf-schema#seeAlso>	"MedDRA: 10006298"
<http://purl.obolibrary.org/obo/OAE_0000766>	<http://www.w3.org/2000/01/rdf-schema#seeAlso>	"SIDER: C0024902"
<http://purl.obolibrary.org/obo/OAE_0000767>	<http://www.w3.org/2000/01/rdf-schema#seeAlso>	"HPO: HP_0100749"
<http://purl.obolibrary.org/obo/OAE_0000767>	<http://www.w3.org/2000/01/rdf-schema#seeAlso>	"MedDRA: 10006313"
<http://purl.obolibrary.org/obo/OAE_0000767>	<http://www.w3.org/2000/01/rdf-schema#seeAlso>	"SIDER: C0262397"
<http://purl.obolibrary.org/obo/OAE_0000768>	<http://www.w3.org/2000/01/rdf-schema#seeAlso>	"HPO: HP_0006538"
<http://purl.obolibrary.org/obo/OAE_0000768>	<http://www.w3.org/2000/01/rdf-schema#seeAlso>	"MedDRA: 10006469"
<http://purl.obolibrary.org/obo/OAE_0000768>	<http://www.w3.org/2000/01/rdf-schema#seeAlso>	"SIDER: C0006285"
<http://purl.obolibrary.org/obo/OAE_0000769>	<http://www.w3.org/2000/01/rdf-schema#seeAlso>	"HPO: HP_0002724"
<http://purl.obolibrary.org/obo/OAE_0000769>	<http://www.w3.org/2000/01/rdf-schema#seeAlso>	"MedDRA: 10006473"
<http://purl.obolibrary.org/obo/OAE_0000769>	<http://www.w3.org/2000/01/rdf-schema#seeAlso>	"SIDER: C2350530"
<http://purl.obolibrary.org/obo/OAE_0000770>	<http://www.w3.org/2000/01/rdf-schema#seeAlso>	"HPO: HP_0002099"
<http://purl.obolibrary.org/obo/OAE_0000770>	<http://www.w3.org/2000/01/rdf-schema#seeAlso>	"MedDRA: 10006482"
<http://purl.obolibrary.org/obo/OAE_0000770>	<http://www.w3.org/2000/01/rdf-schema#seeAlso>	"SIDER: C0006266"
<http://purl.obolibrary.org/obo/OAE_0000771>	<http://www.w3.org/2000/01/rdf-schema#seeAlso>	"MedDRA: 10006784"
<http://purl.obolibrary.org/obo/OAE_0000772>	<http://www.w3.org/2000/01/rdf-schema#seeAlso>	"HPO: HP_0004326"
<http://purl.obolibrary.org/obo/OAE_0000772>	<http://www.w3.org/2000/01/rdf-schema#seeAlso>	"MedDRA: 10006895"
<http://purl.obolibrary.org/obo/OAE_0000772>	<http://www.w3.org/2000/01/rdf-schema#seeAlso>	"SIDER: C0006625"
<http://purl.obolibrary.org/obo/OAE_0000773>	<http://www.w3.org/2000/01/rdf-schema#seeAlso>	"MedDRA: 10006919"
<http://purl.obolibrary.org/obo/OAE_0000774>	<http://www.w3.org/2000/01/rdf-schema#seeAlso>	"MedDRA: 10006956"
<http://purl.obolibrary.org/obo/OAE_0000775>	<http://www.w3.org/2000/01/rdf-schema#seeAlso>	"MedDRA: 10007196"
<http://purl.obolibrary.org/obo/OAE_0000776>	<http://www.w3.org/2000/01/rdf-schema#seeAlso>	"MedDRA: 10007266"
<http://purl.obolibrary.org/obo/OAE_0000777>	<http://www.w3.org/2000/01/rdf-schema#seeAlso>	"HPO: HP_0006723"
<http://purl.obolibrary.org/obo/OAE_0000777>	<http://www.w3.org/2000/01/rdf-schema#seeAlso>	"MedDRA: 10007275"
<http://purl.obolibrary.org/obo/OAE_0000777>	<http://www.w3.org/2000/01/rdf-schema#seeAlso>	"SIDER: C0007095"
<http://purl.obolibrary.org/obo/OAE_0000779>	<http://www.w3.org/2000/01/rdf-schema#seeAlso>	"HPO: HP_0001635"
<http://purl.obolibrary.org/obo/OAE_0000779>	<http://www.w3.org/2000/01/rdf-schema#seeAlso>	"MedDRA: 10007554"
<http://purl.obolibrary.org/obo/OAE_0000779>	<http://www.w3.org/2000/01/rdf-schema#seeAlso>	"SIDER: C0018801"
<http://purl.obolibrary.org/obo/OAE_0000780>	<http://www.w3.org/2000/01/rdf-schema#seeAlso>	"HPO: HP_0001635"
<http://purl.obolibrary.org/obo/OAE_0000780>	<http://www.w3.org/2000/01/rdf-schema#seeAlso>	"MedDRA: 10007559"
<http://purl.obolibrary.org/obo/OAE_0000780>	<http://www.w3.org/2000/01/rdf-schema#seeAlso>	"SIDER: C0018802"
<http://purl.obolibrary.org/obo/OAE_0000782>	<http://www.w3.org/2000/01/rdf-schema#seeAlso>	"HPO: HP_0001654"
<http://purl.obolibrary.org/obo/OAE_0000782>	<http://www.w3.org/2000/01/rdf-schema#seeAlso>	"MedDRA: 10061406"
<http://purl.obolibrary.org/obo/OAE_0000782>	<http://www.w3.org/2000/01/rdf-schema#seeAlso>	"SIDER: C0018824"
<http://purl.obolibrary.org/obo/OAE_0000783>	<http://www.w3.org/2000/01/rdf-schema#seeAlso>	"MedDRA: 10057455"
<http://purl.obolibrary.org/obo/OAE_0000784>	<http://www.w3.org/2000/01/rdf-schema#seeAlso>	"MedDRA: 10007625"
<http://purl.obolibrary.org/obo/OAE_0000785>	<http://www.w3.org/2000/01/rdf-schema#seeAlso>	"HPO: HP_0001638"
<http://purl.obolibrary.org/obo/OAE_0000785>	<http://www.w3.org/2000/01/rdf-schema#seeAlso>	"MedDRA: 10007636"
<http://purl.obolibrary.org/obo/OAE_0000785>	<http://www.w3.org/2000/01/rdf-schema#seeAlso>	"SIDER: C0878544"
<http://purl.obolibrary.org/obo/OAE_0000786>	<http://www.w3.org/2000/01/rdf-schema#seeAlso>	"MedDRA: 10048610"
<http://purl.obolibrary.org/obo/OAE_0000787>	<http://www.w3.org/2000/01/rdf-schema#seeAlso>	"MedDRA: 10067116"
<http://purl.obolibrary.org/obo/OAE_0000788>	<http://www.w3.org/2000/01/rdf-schema#seeAlso>	"HPO: HP_0002524"
<http://purl.obolibrary.org/obo/OAE_0000788>	<http://www.w3.org/2000/01/rdf-schema#seeAlso>	"MedDRA: 10007737"
<http://purl.obolibrary.org/obo/OAE_0000788>	<http://www.w3.org/2000/01/rdf-schema#seeAlso>	"SIDER: C0007384"
<http://purl.obolibrary.org/obo/OAE_0000789>	<http://www.w3.org/2000/01/rdf-schema#seeAlso>	"HPO: HP_0000518"
<http://purl.obolibrary.org/obo/OAE_0000789>	<http://www.w3.org/2000/01/rdf-schema#seeAlso>	"MedDRA: 10007739"
<http://purl.obolibrary.org/obo/OAE_0000789>	<http://www.w3.org/2000/01/rdf-schema#seeAlso>	"SIDER: C0086543"
<http://purl.obolibrary.org/obo/OAE_0000790>	<http://www.w3.org/2000/01/rdf-schema#seeAlso>	"MedDRA: 10052253"
<http://purl.obolibrary.org/obo/OAE_0000791>	<http://www.w3.org/2000/01/rdf-schema#seeAlso>	"HPO: HP_0002719"
<http://purl.obolibrary.org/obo/OAE_0000791>	<http://www.w3.org/2000/01/rdf-schema#seeAlso>	"MedDRA: 10056520"
<http://purl.obolibrary.org/obo/OAE_0000791>	<http://www.w3.org/2000/01/rdf-schema#seeAlso>	"SIDER: C0860239"
<http://purl.obolibrary.org/obo/OAE_0000792>	<http://www.w3.org/2000/01/rdf-schema#seeAlso>	"MedDRA: 10056520"
<http://purl.obolibrary.org/obo/OAE_0000793>	<http://www.w3.org/2000/01/rdf-schema#seeAlso>	"MedDRA: 10007811"
<http://purl.obolibrary.org/obo/OAE_0000794>	<http://www.w3.org/2000/01/rdf-schema#seeAlso>	"MedDRA: 10007816"
<http://purl.obolibrary.org/obo/OAE_0000795>	<http://www.w3.org/2000/01/rdf-schema#seeAlso>	"MedDRA: 10007821"
<http://purl.obolibrary.org/obo/OAE_0000796>	<http://www.w3.org/2000/01/rdf-schema#seeAlso>	"HPO: HP_0002719"
<http://purl.obolibrary.org/obo/OAE_0000796>	<http://www.w3.org/2000/01/rdf-schema#seeAlso>	"MedDRA: 10054192"
<http://purl.obolibrary.org/obo/OAE_0000796>	<http://www.w3.org/2000/01/rdf-schema#seeAlso>	"SIDER: C1096243"
<http://purl.obolibrary.org/obo/OAE_0000797>	<http://www.w3.org/2000/01/rdf-schema#seeAlso>	"HPO: HP_0005381"
<http://purl.obolibrary.org/obo/OAE_0000797>	<http://www.w3.org/2000/01/rdf-schema#seeAlso>	"MedDRA: 10061036"
<http://purl.obolibrary.org/obo/OAE_0000797>	<http://www.w3.org/2000/01/rdf-schema#seeAlso>	"SIDER: C0007684"
<http://purl.obolibrary.org/obo/OAE_0000798>	<http://www.w3.org/2000/01/rdf-schema#seeAlso>	"MedDRA: 10007953"
<http://purl.obolibrary.org/obo/OAE_0000799>	<http://www.w3.org/2000/01/rdf-schema#seeAlso>	"HPO: HP_0001251"
<http://purl.obolibrary.org/obo/OAE_0000799>	<http://www.w3.org/2000/01/rdf-schema#seeAlso>	"MedDRA: 10008025"
<http://purl.obolibrary.org/obo/OAE_0000799>	<http://www.w3.org/2000/01/rdf-schema#seeAlso>	"SIDER: C0007758"
<http://purl.obolibrary.org/obo/OAE_0000800>	<http://www.w3.org/2000/01/rdf-schema#seeAlso>	"HPO: HP_0001317"
<http://purl.obolibrary.org/obo/OAE_0000800>	<http://www.w3.org/2000/01/rdf-schema#seeAlso>	"MedDRA: 10008072"
<http://purl.obolibrary.org/obo/OAE_0000800>	<http://www.w3.org/2000/01/rdf-schema#seeAlso>	"SIDER: C0007760"
<http://purl.obolibrary.org/obo/OAE_0000801>	<http://www.w3.org/2000/01/rdf-schema#seeAlso>	"HPO: HP_0001342"
<http://purl.obolibrary.org/obo/OAE_0000801>	<http://www.w3.org/2000/01/rdf-schema#seeAlso>	"MedDRA: 10008111"
<http://purl.obolibrary.org/obo/OAE_0000801>	<http://www.w3.org/2000/01/rdf-schema#seeAlso>	"SIDER: C2937358"
<http://purl.obolibrary.org/obo/OAE_0000802>	<http://www.w3.org/2000/01/rdf-schema#seeAlso>	"HPO: HP_0002637"
<http://purl.obolibrary.org/obo/OAE_0000802>	<http://www.w3.org/2000/01/rdf-schema#seeAlso>	"MedDRA: 10008120"
<http://purl.obolibrary.org/obo/OAE_0000802>	<http://www.w3.org/2000/01/rdf-schema#seeAlso>	"SIDER: C0917798"
<http://purl.obolibrary.org/obo/OAE_0000803>	<http://www.w3.org/2000/01/rdf-schema#seeAlso>	"MedDRA: 10008334"
<http://purl.obolibrary.org/obo/OAE_0000804>	<http://www.w3.org/2000/01/rdf-schema#seeAlso>	"MedDRA: 10049047"
<http://purl.obolibrary.org/obo/OAE_0000805>	<http://www.w3.org/2000/01/rdf-schema#seeAlso>	"HPO: HP_0100825"
<http://purl.obolibrary.org/obo/OAE_0000805>	<http://www.w3.org/2000/01/rdf-schema#seeAlso>	"MedDRA: 10008417"
<http://purl.obolibrary.org/obo/OAE_0000805>	<http://www.w3.org/2000/01/rdf-schema#seeAlso>	"SIDER: C0007971"
<http://purl.obolibrary.org/obo/OAE_0000806>	<http://www.w3.org/2000/01/rdf-schema#seeAlso>	"MedDRA: 10057941"
<http://purl.obolibrary.org/obo/OAE_0000807>	<http://www.w3.org/2000/01/rdf-schema#seeAlso>	"HPO: HP_0001681"
<http://purl.obolibrary.org/obo/OAE_0000807>	<http://www.w3.org/2000/01/rdf-schema#seeAlso>	"MedDRA: 10008469"
<http://purl.obolibrary.org/obo/OAE_0000807>	<http://www.w3.org/2000/01/rdf-schema#seeAlso>	"SIDER: C0235710"
<http://purl.obolibrary.org/obo/OAE_0000809>	<http://www.w3.org/2000/01/rdf-schema#seeAlso>	"MedDRA: 10008583"
<http://purl.obolibrary.org/obo/OAE_0000810>	<http://www.w3.org/2000/01/rdf-schema#seeAlso>	"HPO: HP_0011040"
<http://purl.obolibrary.org/obo/OAE_0000810>	<http://www.w3.org/2000/01/rdf-schema#seeAlso>	"MedDRA: 10008604"
<http://purl.obolibrary.org/obo/OAE_0000810>	<http://www.w3.org/2000/01/rdf-schema#seeAlso>	"SIDER: NA"
<http://purl.obolibrary.org/obo/OAE_0000811>	<http://www.w3.org/2000/01/rdf-schema#seeAlso>	"HPO: HP_0001396"
<http://purl.obolibrary.org/obo/OAE_0000811>	<http://www.w3.org/2000/01/rdf-schema#seeAlso>	"MedDRA: 10008635"
<http://purl.obolibrary.org/obo/OAE_0000811>	<http://www.w3.org/2000/01/rdf-schema#seeAlso>	"SIDER: C0008370"
<http://purl.obolibrary.org/obo/OAE_0000812>	<http://www.w3.org/2000/01/rdf-schema#seeAlso>	"MedDRA: 10008690"
<http://purl.obolibrary.org/obo/OAE_0000813>	<http://www.w3.org/2000/01/rdf-schema#seeAlso>	"MedDRA: 10008817"
<http://purl.obolibrary.org/obo/OAE_0000815>	<http://www.w3.org/2000/01/rdf-schema#seeAlso>	"HPO: HP_0005506"
<http://purl.obolibrary.org/obo/OAE_0000815>	<http://www.w3.org/2000/01/rdf-schema#seeAlso>	"MedDRA: 10009013"
<http://purl.obolibrary.org/obo/OAE_0000815>	<http://www.w3.org/2000/01/rdf-schema#seeAlso>	"SIDER: C0023473"
<http://purl.obolibrary.org/obo/OAE_0000816>	<http://www.w3.org/2000/01/rdf-schema#seeAlso>	"MedDRA: 10068232"
<http://purl.obolibrary.org/obo/OAE_0000817>	<http://www.w3.org/2000/01/rdf-schema#seeAlso>	"HPO: HP_0006510"
<http://purl.obolibrary.org/obo/OAE_0000817>	<http://www.w3.org/2000/01/rdf-schema#seeAlso>	"MedDRA: 10009033"
<http://purl.obolibrary.org/obo/OAE_0000817>	<http://www.w3.org/2000/01/rdf-schema#seeAlso>	"SIDER: C0024117"
<http://purl.obolibrary.org/obo/OAE_0000818>	<http://www.w3.org/2000/01/rdf-schema#seeAlso>	"MedDRA: 10009126"
<http://purl.obolibrary.org/obo/OAE_0000819>	<http://www.w3.org/2000/01/rdf-schema#seeAlso>	"MedDRA: 10009137"
<http://purl.obolibrary.org/obo/OAE_0000820>	<http://www.w3.org/2000/01/rdf-schema#seeAlso>	"MedDRA: 10051228"
<http://purl.obolibrary.org/obo/OAE_0000821>	<http://www.w3.org/2000/01/rdf-schema#seeAlso>	"MedDRA: 10009192"
<http://purl.obolibrary.org/obo/OAE_0000822>	<http://www.w3.org/2000/01/rdf-schema#seeAlso>	"HPO: HP_0004798"
<http://purl.obolibrary.org/obo/OAE_0000822>	<http://www.w3.org/2000/01/rdf-schema#seeAlso>	"MedDRA: 10061043"
<http://purl.obolibrary.org/obo/OAE_0000822>	<http://www.w3.org/2000/01/rdf-schema#seeAlso>	"SIDER: C0009062"
<http://purl.obolibrary.org/obo/OAE_0000823>	<http://www.w3.org/2000/01/rdf-schema#seeAlso>	"HPO: HP_0002583"
<http://purl.obolibrary.org/obo/OAE_0000823>	<http://www.w3.org/2000/01/rdf-schema#seeAlso>	"MedDRA: 10009657"
<http://purl.obolibrary.org/obo/OAE_0000823>	<http://www.w3.org/2000/01/rdf-schema#seeAlso>	"SIDER: C0238106"
<http://purl.obolibrary.org/obo/OAE_0000824>	<http://www.w3.org/2000/01/rdf-schema#seeAlso>	"MedDRA: 10009754"
<http://purl.obolibrary.org/obo/OAE_0000825>	<http://www.w3.org/2000/01/rdf-schema#seeAlso>	"HPO: HP_0002583"
<http://purl.obolibrary.org/obo/OAE_0000825>	<http://www.w3.org/2000/01/rdf-schema#seeAlso>	"MedDRA: 10009887"
<http://purl.obolibrary.org/obo/OAE_0000825>	<http://www.w3.org/2000/01/rdf-schema#seeAlso>	"SIDER: C0009319"
<http://purl.obolibrary.org/obo/OAE_0000826>	<http://www.w3.org/2000/01/rdf-schema#seeAlso>	"MedDRA: 10009913"
<http://purl.obolibrary.org/obo/OAE_0000827>	<http://www.w3.org/2000/01/rdf-schema#seeAlso>	"HPO: HP_0003003"
<http://purl.obolibrary.org/obo/OAE_0000827>	<http://www.w3.org/2000/01/rdf-schema#seeAlso>	"MedDRA: 10009944"
<http://purl.obolibrary.org/obo/OAE_0000827>	<http://www.w3.org/2000/01/rdf-schema#seeAlso>	"SIDER: C0007102"
<http://purl.obolibrary.org/obo/OAE_0000828>	<http://www.w3.org/2000/01/rdf-schema#seeAlso>	"MedDRA: 10055114"
<http://purl.obolibrary.org/obo/OAE_0000829>	<http://www.w3.org/2000/01/rdf-schema#seeAlso>	"MedDRA: 10009956"
<http://purl.obolibrary.org/obo/OAE_0000830>	<http://www.w3.org/2000/01/rdf-schema#seeAlso>	"HPO: HP_0003003"
<http://purl.obolibrary.org/obo/OAE_0000830>	<http://www.w3.org/2000/01/rdf-schema#seeAlso>	"MedDRA: 10061451"
<http://purl.obolibrary.org/obo/OAE_0000830>	<http://www.w3.org/2000/01/rdf-schema#seeAlso>	"SIDER: C1527249"
<http://purl.obolibrary.org/obo/OAE_0000831>	<http://www.w3.org/2000/01/rdf-schema#seeAlso>	"HPO: HP_0003003"
<http://purl.obolibrary.org/obo/OAE_0000831>	<http://www.w3.org/2000/01/rdf-schema#seeAlso>	"MedDRA: 10052358"
<http://purl.obolibrary.org/obo/OAE_0000831>	<http://www.w3.org/2000/01/rdf-schema#seeAlso>	"SIDER: C0948380"
<http://purl.obolibrary.org/obo/OAE_0000832>	<http://www.w3.org/2000/01/rdf-schema#seeAlso>	"MedDRA: 10010235"
<http://purl.obolibrary.org/obo/OAE_0000833>	<http://www.w3.org/2000/01/rdf-schema#seeAlso>	"MedDRA: 10048659"
<http://purl.obolibrary.org/obo/OAE_0000834>	<http://www.w3.org/2000/01/rdf-schema#seeAlso>	"MedDRA: 10010264"
<http://purl.obolibrary.org/obo/OAE_0000835>	<http://www.w3.org/2000/01/rdf-schema#seeAlso>	"HPO: HP_0001626"
<http://purl.obolibrary.org/obo/OAE_0000835>	<http://www.w3.org/2000/01/rdf-schema#seeAlso>	"MedDRA: 10061054"
<http://purl.obolibrary.org/obo/OAE_0000835>	<http://www.w3.org/2000/01/rdf-schema#seeAlso>	"SIDER: C0243050"
<http://purl.obolibrary.org/obo/OAE_0000836>	<http://www.w3.org/2000/01/rdf-schema#seeAlso>	"HPO: HP_0001635"
<http://purl.obolibrary.org/obo/OAE_0000836>	<http://www.w3.org/2000/01/rdf-schema#seeAlso>	"MedDRA: 10056370"
<http://purl.obolibrary.org/obo/OAE_0000836>	<http://www.w3.org/2000/01/rdf-schema#seeAlso>	"SIDER: C0007193"
<http://purl.obolibrary.org/obo/OAE_0000837>	<http://www.w3.org/2000/01/rdf-schema#seeAlso>	"HPO: HP_0000502"
<http://purl.obolibrary.org/obo/OAE_0000837>	<http://www.w3.org/2000/01/rdf-schema#seeAlso>	"MedDRA: 10061446"
<http://purl.obolibrary.org/obo/OAE_0000837>	<http://www.w3.org/2000/01/rdf-schema#seeAlso>	"SIDER: C0009759"
<http://purl.obolibrary.org/obo/OAE_0000838>	<http://www.w3.org/2000/01/rdf-schema#seeAlso>	"HPO: HP_0007902"
<http://purl.obolibrary.org/obo/OAE_0000838>	<http://www.w3.org/2000/01/rdf-schema#seeAlso>	"MedDRA: 10010719"
<http://purl.obolibrary.org/obo/OAE_0000838>	<http://www.w3.org/2000/01/rdf-schema#seeAlso>	"SIDER: C0009760"
<http://purl.obolibrary.org/obo/OAE_0000839>	<http://www.w3.org/2000/01/rdf-schema#seeAlso>	"HPO: HP_0003549"
<http://purl.obolibrary.org/obo/OAE_0000839>	<http://www.w3.org/2000/01/rdf-schema#seeAlso>	"MedDRA: 10061087"
<http://purl.obolibrary.org/obo/OAE_0000839>	<http://www.w3.org/2000/01/rdf-schema#seeAlso>	"SIDER: C0009782"
<http://purl.obolibrary.org/obo/OAE_0000840>	<http://www.w3.org/2000/01/rdf-schema#seeAlso>	"MedDRA: 10010804"
<http://purl.obolibrary.org/obo/OAE_0000841>	<http://www.w3.org/2000/01/rdf-schema#seeAlso>	"MedDRA: 10061090"
<http://purl.obolibrary.org/obo/OAE_0000842>	<http://www.w3.org/2000/01/rdf-schema#seeAlso>	"HPO: HP_0011443"
<http://purl.obolibrary.org/obo/OAE_0000842>	<http://www.w3.org/2000/01/rdf-schema#seeAlso>	"MedDRA: 10010947"
<http://purl.obolibrary.org/obo/OAE_0000842>	<http://www.w3.org/2000/01/rdf-schema#seeAlso>	"SIDER: C0520966"
<http://purl.obolibrary.org/obo/OAE_0000844>	<http://www.w3.org/2000/01/rdf-schema#seeAlso>	"MedDRA: 10011084"
<http://purl.obolibrary.org/obo/OAE_0000845>	<http://www.w3.org/2000/01/rdf-schema#seeAlso>	"HPO: HP_0001677"
<http://purl.obolibrary.org/obo/OAE_0000845>	<http://www.w3.org/2000/01/rdf-schema#seeAlso>	"MedDRA: 10052895"
<http://purl.obolibrary.org/obo/OAE_0000845>	<http://www.w3.org/2000/01/rdf-schema#seeAlso>	"SIDER: C0542052"
<http://purl.obolibrary.org/obo/OAE_0000846>	<http://www.w3.org/2000/01/rdf-schema#seeAlso>	"MedDRA: 10011318"
<http://purl.obolibrary.org/obo/OAE_0000847>	<http://www.w3.org/2000/01/rdf-schema#seeAlso>	"MedDRA: 10006825"
<http://purl.obolibrary.org/obo/OAE_0000849>	<http://www.w3.org/2000/01/rdf-schema#seeAlso>	"MedDRA: 10011570"
<http://purl.obolibrary.org/obo/OAE_0000850>	<http://www.w3.org/2000/01/rdf-schema#seeAlso>	"MedDRA: 10011640"
<http://purl.obolibrary.org/obo/OAE_0000851>	<http://www.w3.org/2000/01/rdf-schema#seeAlso>	"HPO: HP_0200029"
<http://purl.obolibrary.org/obo/OAE_0000851>	<http://www.w3.org/2000/01/rdf-schema#seeAlso>	"MedDRA: 10011686"
<http://purl.obolibrary.org/obo/OAE_0000851>	<http://www.w3.org/2000/01/rdf-schema#seeAlso>	"SIDER: C0262988"
<http://purl.obolibrary.org/obo/OAE_0000852>	<http://www.w3.org/2000/01/rdf-schema#seeAlso>	"MedDRA: 10011793"
<http://purl.obolibrary.org/obo/OAE_0000853>	<http://www.w3.org/2000/01/rdf-schema#seeAlso>	"MedDRA: 10067477"
<http://purl.obolibrary.org/obo/OAE_0000854>	<http://www.w3.org/2000/01/rdf-schema#seeAlso>	"MedDRA: 10052015"
<http://purl.obolibrary.org/obo/OAE_0000855>	<http://www.w3.org/2000/01/rdf-schema#seeAlso>	"HPO: HP_0004787"
<http://purl.obolibrary.org/obo/OAE_0000855>	<http://www.w3.org/2000/01/rdf-schema#seeAlso>	"MedDRA: 10050904"
<http://purl.obolibrary.org/obo/OAE_0000855>	<http://www.w3.org/2000/01/rdf-schema#seeAlso>	"SIDER: C0919823"
<http://purl.obolibrary.org/obo/OAE_0000856>	<http://www.w3.org/2000/01/rdf-schema#seeAlso>	"MedDRA: 10048983"
<http://purl.obolibrary.org/obo/OAE_0000857>	<http://www.w3.org/2000/01/rdf-schema#seeAlso>	"HPO: HP_0004429"
<http://purl.obolibrary.org/obo/OAE_0000857>	<http://www.w3.org/2000/01/rdf-schema#seeAlso>	"MedDRA: 10011831"
<http://purl.obolibrary.org/obo/OAE_0000857>	<http://www.w3.org/2000/01/rdf-schema#seeAlso>	"SIDER: C0010823"
<http://purl.obolibrary.org/obo/OAE_0000858>	<http://www.w3.org/2000/01/rdf-schema#seeAlso>	"HPO: HP_0001051"
<http://purl.obolibrary.org/obo/OAE_0000858>	<http://www.w3.org/2000/01/rdf-schema#seeAlso>	"MedDRA: 10011859"
<http://purl.obolibrary.org/obo/OAE_0000858>	<http://www.w3.org/2000/01/rdf-schema#seeAlso>	"SIDER: C0221244"
<http://purl.obolibrary.org/obo/OAE_0000860>	<http://www.w3.org/2000/01/rdf-schema#seeAlso>	"HPO: HP_0200042"
<http://purl.obolibrary.org/obo/OAE_0000860>	<http://www.w3.org/2000/01/rdf-schema#seeAlso>	"MedDRA: 10011985"
<http://purl.obolibrary.org/obo/OAE_0000860>	<http://www.w3.org/2000/01/rdf-schema#seeAlso>	"SIDER: C0011127"
<http://purl.obolibrary.org/obo/OAE_0000861>	<http://www.w3.org/2000/01/rdf-schema#seeAlso>	"HPO: HP_0004850"
<http://purl.obolibrary.org/obo/OAE_0000861>	<http://www.w3.org/2000/01/rdf-schema#seeAlso>	"MedDRA: 10051055"
<http://purl.obolibrary.org/obo/OAE_0000861>	<http://www.w3.org/2000/01/rdf-schema#seeAlso>	"SIDER: C0149871"
<http://purl.obolibrary.org/obo/OAE_0000862>	<http://www.w3.org/2000/01/rdf-schema#seeAlso>	"MedDRA: 10012218"
<http://purl.obolibrary.org/obo/OAE_0000863>	<http://www.w3.org/2000/01/rdf-schema#seeAlso>	"HPO: HP_0000670"
<http://purl.obolibrary.org/obo/OAE_0000863>	<http://www.w3.org/2000/01/rdf-schema#seeAlso>	"MedDRA: 10012318"
<http://purl.obolibrary.org/obo/OAE_0000863>	<http://www.w3.org/2000/01/rdf-schema#seeAlso>	"SIDER: C0011334"
<http://purl.obolibrary.org/obo/OAE_0000864>	<http://www.w3.org/2000/01/rdf-schema#seeAlso>	"HPO: HP_0004372"
<http://purl.obolibrary.org/obo/OAE_0000864>	<http://www.w3.org/2000/01/rdf-schema#seeAlso>	"MedDRA: 10012373"
<http://purl.obolibrary.org/obo/OAE_0000864>	<http://www.w3.org/2000/01/rdf-schema#seeAlso>	"SIDER: C0549249"
<http://purl.obolibrary.org/obo/OAE_0000865>	<http://www.w3.org/2000/01/rdf-schema#seeAlso>	"HPO: HP_0001051"
<http://purl.obolibrary.org/obo/OAE_0000865>	<http://www.w3.org/2000/01/rdf-schema#seeAlso>	"MedDRA: 10012432"
<http://purl.obolibrary.org/obo/OAE_0000865>	<http://www.w3.org/2000/01/rdf-schema#seeAlso>	"SIDER: C0234894"
<http://purl.obolibrary.org/obo/OAE_0000866>	<http://www.w3.org/2000/01/rdf-schema#seeAlso>	"HPO: HP_0011123"
<http://purl.obolibrary.org/obo/OAE_0000866>	<http://www.w3.org/2000/01/rdf-schema#seeAlso>	"MedDRA: 10012455"
<http://purl.obolibrary.org/obo/OAE_0000866>	<http://www.w3.org/2000/01/rdf-schema#seeAlso>	"SIDER: C0011606"
<http://purl.obolibrary.org/obo/OAE_0000867>	<http://www.w3.org/2000/01/rdf-schema#seeAlso>	"MedDRA: 10012503"
<http://purl.obolibrary.org/obo/OAE_0000868>	<http://www.w3.org/2000/01/rdf-schema#seeAlso>	"MedDRA: 10012557"
<http://purl.obolibrary.org/obo/OAE_0000869>	<http://www.w3.org/2000/01/rdf-schema#seeAlso>	"MedDRA: 10064684"
<http://purl.obolibrary.org/obo/OAE_0000870>	<http://www.w3.org/2000/01/rdf-schema#seeAlso>	"MedDRA: 10012578"
<http://purl.obolibrary.org/obo/OAE_0000871>	<http://www.w3.org/2000/01/rdf-schema#seeAlso>	"HPO: HP_0002719"
<http://purl.obolibrary.org/obo/OAE_0000871>	<http://www.w3.org/2000/01/rdf-schema#seeAlso>	"MedDRA: 10064687"
<http://purl.obolibrary.org/obo/OAE_0000871>	<http://www.w3.org/2000/01/rdf-schema#seeAlso>	"SIDER: C1619702"
<http://purl.obolibrary.org/obo/OAE_0000872>	<http://www.w3.org/2000/01/rdf-schema#seeAlso>	"MedDRA: 10012668"
<http://purl.obolibrary.org/obo/OAE_0000873>	<http://www.w3.org/2000/01/rdf-schema#seeAlso>	"HPO: HP_0000776"
<http://purl.obolibrary.org/obo/OAE_0000873>	<http://www.w3.org/2000/01/rdf-schema#seeAlso>	"MedDRA: 10012713"
<http://purl.obolibrary.org/obo/OAE_0000873>	<http://www.w3.org/2000/01/rdf-schema#seeAlso>	"SIDER: C0019284"
<http://purl.obolibrary.org/obo/OAE_0000874>	<http://www.w3.org/2000/01/rdf-schema#seeAlso>	"MedDRA: 10012725"
<http://purl.obolibrary.org/obo/OAE_0000875>	<http://www.w3.org/2000/01/rdf-schema#seeAlso>	"HPO: HP_0002255"
<http://purl.obolibrary.org/obo/OAE_0000875>	<http://www.w3.org/2000/01/rdf-schema#seeAlso>	"MedDRA: 10012741"
<http://purl.obolibrary.org/obo/OAE_0000875>	<http://www.w3.org/2000/01/rdf-schema#seeAlso>	"SIDER: C0151594"
<http://purl.obolibrary.org/obo/OAE_0000876>	<http://www.w3.org/2000/01/rdf-schema#seeAlso>	"MedDRA: 10012742"
<http://purl.obolibrary.org/obo/OAE_0000877>	<http://www.w3.org/2000/01/rdf-schema#seeAlso>	"MedDRA: 10052337"
<http://purl.obolibrary.org/obo/OAE_0000878>	<http://www.w3.org/2000/01/rdf-schema#seeAlso>	"MedDRA: 10013012"
<http://purl.obolibrary.org/obo/OAE_0000879>	<http://www.w3.org/2000/01/rdf-schema#seeAlso>	"HPO: HP_0004738"
<http://purl.obolibrary.org/obo/OAE_0000879>	<http://www.w3.org/2000/01/rdf-schema#seeAlso>	"MedDRA: 10061818"
<http://purl.obolibrary.org/obo/OAE_0000879>	<http://www.w3.org/2000/01/rdf-schema#seeAlso>	"SIDER: C0242656"
<http://purl.obolibrary.org/obo/OAE_0000880>	<http://www.w3.org/2000/01/rdf-schema#seeAlso>	"MedDRA: 10013183"
<http://purl.obolibrary.org/obo/OAE_0000881>	<http://www.w3.org/2000/01/rdf-schema#seeAlso>	"HPO: HP_0001289"
<http://purl.obolibrary.org/obo/OAE_0000881>	<http://www.w3.org/2000/01/rdf-schema#seeAlso>	"MedDRA: 10013395"
<http://purl.obolibrary.org/obo/OAE_0000881>	<http://www.w3.org/2000/01/rdf-schema#seeAlso>	"SIDER: C0233407"
<http://purl.obolibrary.org/obo/OAE_0000882>	<http://www.w3.org/2000/01/rdf-schema#seeAlso>	"HPO: HP_0005521"
<http://purl.obolibrary.org/obo/OAE_0000882>	<http://www.w3.org/2000/01/rdf-schema#seeAlso>	"MedDRA: 10013442"
<http://purl.obolibrary.org/obo/OAE_0000882>	<http://www.w3.org/2000/01/rdf-schema#seeAlso>	"SIDER: C0012739"
<http://purl.obolibrary.org/obo/OAE_0000883>	<http://www.w3.org/2000/01/rdf-schema#seeAlso>	"HPO: HP_0007018"
<http://purl.obolibrary.org/obo/OAE_0000883>	<http://www.w3.org/2000/01/rdf-schema#seeAlso>	"MedDRA: 10013496"
<http://purl.obolibrary.org/obo/OAE_0000883>	<http://www.w3.org/2000/01/rdf-schema#seeAlso>	"SIDER: C0233414"
<http://purl.obolibrary.org/obo/OAE_0000884>	<http://www.w3.org/2000/01/rdf-schema#seeAlso>	"MedDRA: 10061820"
<http://purl.obolibrary.org/obo/OAE_0000885>	<http://www.w3.org/2000/01/rdf-schema#seeAlso>	"HPO: HP_0002253"
<http://purl.obolibrary.org/obo/OAE_0000885>	<http://www.w3.org/2000/01/rdf-schema#seeAlso>	"MedDRA: 10013538"
<http://purl.obolibrary.org/obo/OAE_0000885>	<http://www.w3.org/2000/01/rdf-schema#seeAlso>	"SIDER: C0012813"
<http://purl.obolibrary.org/obo/OAE_0000886>	<http://www.w3.org/2000/01/rdf-schema#seeAlso>	"MedDRA: 10013541"
<http://purl.obolibrary.org/obo/OAE_0000887>	<http://www.w3.org/2000/01/rdf-schema#seeAlso>	"MedDRA: 10049463"
<http://purl.obolibrary.org/obo/OAE_0000888>	<http://www.w3.org/2000/01/rdf-schema#seeAlso>	"HPO: HP_0000722"
<http://purl.obolibrary.org/obo/OAE_0000888>	<http://www.w3.org/2000/01/rdf-schema#seeAlso>	"MedDRA: 10013663"
<http://purl.obolibrary.org/obo/OAE_0000888>	<http://www.w3.org/2000/01/rdf-schema#seeAlso>	"SIDER: C1510472"
<http://purl.obolibrary.org/obo/OAE_0000889>	<http://www.w3.org/2000/01/rdf-schema#seeAlso>	"MedDRA: 10013687"
<http://purl.obolibrary.org/obo/OAE_0000890>	<http://www.w3.org/2000/01/rdf-schema#seeAlso>	"HPO: HP_0100326"
<http://purl.obolibrary.org/obo/OAE_0000890>	<http://www.w3.org/2000/01/rdf-schema#seeAlso>	"MedDRA: 10013700"
<http://purl.obolibrary.org/obo/OAE_0000890>	<http://www.w3.org/2000/01/rdf-schema#seeAlso>	"SIDER: C0013182"
<http://purl.obolibrary.org/obo/OAE_0000891>	<http://www.w3.org/2000/01/rdf-schema#seeAlso>	"MedDRA: 10061822"
<http://purl.obolibrary.org/obo/OAE_0000892>	<http://www.w3.org/2000/01/rdf-schema#seeAlso>	"MedDRA: 10013753"
<http://purl.obolibrary.org/obo/OAE_0000893>	<http://www.w3.org/2000/01/rdf-schema#seeAlso>	"MedDRA: 10013754"
<http://purl.obolibrary.org/obo/OAE_0000894>	<http://www.w3.org/2000/01/rdf-schema#seeAlso>	"HPO: HP_0000958"
<http://purl.obolibrary.org/obo/OAE_0000894>	<http://www.w3.org/2000/01/rdf-schema#seeAlso>	"MedDRA: 10013786"
<http://purl.obolibrary.org/obo/OAE_0000894>	<http://www.w3.org/2000/01/rdf-schema#seeAlso>	"SIDER: C0151908"
<http://purl.obolibrary.org/obo/OAE_0000895>	<http://www.w3.org/2000/01/rdf-schema#seeAlso>	"HPO: HP_0002588"
<http://purl.obolibrary.org/obo/OAE_0000895>	<http://www.w3.org/2000/01/rdf-schema#seeAlso>	"MedDRA: 10013836"
<http://purl.obolibrary.org/obo/OAE_0000895>	<http://www.w3.org/2000/01/rdf-schema#seeAlso>	"SIDER: C0013295"
<http://purl.obolibrary.org/obo/OAE_0000896>	<http://www.w3.org/2000/01/rdf-schema#seeAlso>	"HPO: HP_0002588"
<http://purl.obolibrary.org/obo/OAE_0000896>	<http://www.w3.org/2000/01/rdf-schema#seeAlso>	"MedDRA: 10013839"
<http://purl.obolibrary.org/obo/OAE_0000896>	<http://www.w3.org/2000/01/rdf-schema#seeAlso>	"SIDER: C0151966"
<http://purl.obolibrary.org/obo/OAE_0000897>	<http://www.w3.org/2000/01/rdf-schema#seeAlso>	"HPO: HP_0002588"
<http://purl.obolibrary.org/obo/OAE_0000897>	<http://www.w3.org/2000/01/rdf-schema#seeAlso>	"MedDRA: 10013849"
<http://purl.obolibrary.org/obo/OAE_0000897>	<http://www.w3.org/2000/01/rdf-schema#seeAlso>	"SIDER: C0740401"
<http://purl.obolibrary.org/obo/OAE_0000898>	<http://www.w3.org/2000/01/rdf-schema#seeAlso>	"HPO: HP_0001260"
<http://purl.obolibrary.org/obo/OAE_0000898>	<http://www.w3.org/2000/01/rdf-schema#seeAlso>	"MedDRA: 10013887"
<http://purl.obolibrary.org/obo/OAE_0000898>	<http://www.w3.org/2000/01/rdf-schema#seeAlso>	"SIDER: C0013362"
<http://purl.obolibrary.org/obo/OAE_0000899>	<http://www.w3.org/2000/01/rdf-schema#seeAlso>	"HPO: HP_0010522"
<http://purl.obolibrary.org/obo/OAE_0000899>	<http://www.w3.org/2000/01/rdf-schema#seeAlso>	"MedDRA: 10013932"
<http://purl.obolibrary.org/obo/OAE_0000899>	<http://www.w3.org/2000/01/rdf-schema#seeAlso>	"SIDER: C0476254"
<http://purl.obolibrary.org/obo/OAE_0000900>	<http://www.w3.org/2000/01/rdf-schema#seeAlso>	"HPO: HP_0001618"
<http://purl.obolibrary.org/obo/OAE_0000900>	<http://www.w3.org/2000/01/rdf-schema#seeAlso>	"MedDRA: 10013952"
<http://purl.obolibrary.org/obo/OAE_0000900>	<http://www.w3.org/2000/01/rdf-schema#seeAlso>	"SIDER: C1527344"
<http://purl.obolibrary.org/obo/OAE_0000901>	<http://www.w3.org/2000/01/rdf-schema#seeAlso>	"HPO: HP_0002875"
<http://purl.obolibrary.org/obo/OAE_0000901>	<http://www.w3.org/2000/01/rdf-schema#seeAlso>	"MedDRA: 10013971"
<http://purl.obolibrary.org/obo/OAE_0000901>	<http://www.w3.org/2000/01/rdf-schema#seeAlso>	"SIDER: C0231807"
<http://purl.obolibrary.org/obo/OAE_0000902>	<http://www.w3.org/2000/01/rdf-schema#seeAlso>	"HPO: HP_0100518"
<http://purl.obolibrary.org/obo/OAE_0000902>	<http://www.w3.org/2000/01/rdf-schema#seeAlso>	"MedDRA: 10013990"
<http://purl.obolibrary.org/obo/OAE_0000902>	<http://www.w3.org/2000/01/rdf-schema#seeAlso>	"SIDER: C0013428"
<http://purl.obolibrary.org/obo/OAE_0000903>	<http://www.w3.org/2000/01/rdf-schema#seeAlso>	"MedDRA: 10014062"
<http://purl.obolibrary.org/obo/OAE_0000904>	<http://www.w3.org/2000/01/rdf-schema#seeAlso>	"MedDRA: 10067037"
<http://purl.obolibrary.org/obo/OAE_0000905>	<http://www.w3.org/2000/01/rdf-schema#seeAlso>	"HPO: HP_0000964"
<http://purl.obolibrary.org/obo/OAE_0000905>	<http://www.w3.org/2000/01/rdf-schema#seeAlso>	"MedDRA: 10014184"
<http://purl.obolibrary.org/obo/OAE_0000905>	<http://www.w3.org/2000/01/rdf-schema#seeAlso>	"SIDER: C0013595"
<http://purl.obolibrary.org/obo/OAE_0000906>	<http://www.w3.org/2000/01/rdf-schema#seeAlso>	"MedDRA: 10063045"
<http://purl.obolibrary.org/obo/OAE_0000907>	<http://www.w3.org/2000/01/rdf-schema#seeAlso>	"HPO: HP_0000022"
<http://purl.obolibrary.org/obo/OAE_0000907>	<http://www.w3.org/2000/01/rdf-schema#seeAlso>	"MedDRA: 10014325"
<http://purl.obolibrary.org/obo/OAE_0000907>	<http://www.w3.org/2000/01/rdf-schema#seeAlso>	"SIDER: NA"
<http://purl.obolibrary.org/obo/OAE_0000908>	<http://www.w3.org/2000/01/rdf-schema#seeAlso>	"MedDRA: 10050528"
<http://purl.obolibrary.org/obo/OAE_0000909>	<http://www.w3.org/2000/01/rdf-schema#seeAlso>	"MedDRA: 10014363"
<http://purl.obolibrary.org/obo/OAE_0000910>	<http://www.w3.org/2000/01/rdf-schema#seeAlso>	"MedDRA: 10014378"
<http://purl.obolibrary.org/obo/OAE_0000911>	<http://www.w3.org/2000/01/rdf-schema#seeAlso>	"HPO: HP_0001657"
<http://purl.obolibrary.org/obo/OAE_0000911>	<http://www.w3.org/2000/01/rdf-schema#seeAlso>	"MedDRA: 10014387"
<http://purl.obolibrary.org/obo/OAE_0000911>	<http://www.w3.org/2000/01/rdf-schema#seeAlso>	"SIDER: C0151878"
<http://purl.obolibrary.org/obo/OAE_0000912>	<http://www.w3.org/2000/01/rdf-schema#seeAlso>	"MedDRA: 10014396"
<http://purl.obolibrary.org/obo/OAE_0000913>	<http://www.w3.org/2000/01/rdf-schema#seeAlso>	"HPO: HP_0003111"
<http://purl.obolibrary.org/obo/OAE_0000913>	<http://www.w3.org/2000/01/rdf-schema#seeAlso>	"MedDRA: 10014418"
<http://purl.obolibrary.org/obo/OAE_0000913>	<http://www.w3.org/2000/01/rdf-schema#seeAlso>	"SIDER: C0342579"
<http://purl.obolibrary.org/obo/OAE_0000914>	<http://www.w3.org/2000/01/rdf-schema#seeAlso>	"HPO: HP_0100851"
<http://purl.obolibrary.org/obo/OAE_0000914>	<http://www.w3.org/2000/01/rdf-schema#seeAlso>	"MedDRA: 10014551"
<http://purl.obolibrary.org/obo/OAE_0000914>	<http://www.w3.org/2000/01/rdf-schema#seeAlso>	"SIDER: C0233459"
<http://purl.obolibrary.org/obo/OAE_0000915>	<http://www.w3.org/2000/01/rdf-schema#seeAlso>	"HPO: HP_0100584"
<http://purl.obolibrary.org/obo/OAE_0000915>	<http://www.w3.org/2000/01/rdf-schema#seeAlso>	"MedDRA: 10014665"
<http://purl.obolibrary.org/obo/OAE_0000915>	<http://www.w3.org/2000/01/rdf-schema#seeAlso>	"SIDER: C0014118"
<http://purl.obolibrary.org/obo/OAE_0000916>	<http://www.w3.org/2000/01/rdf-schema#seeAlso>	"HPO: HP_0004387"
<http://purl.obolibrary.org/obo/OAE_0000916>	<http://www.w3.org/2000/01/rdf-schema#seeAlso>	"MedDRA: 10014866"
<http://purl.obolibrary.org/obo/OAE_0000916>	<http://www.w3.org/2000/01/rdf-schema#seeAlso>	"SIDER: C0014335"
<http://purl.obolibrary.org/obo/OAE_0000917>	<http://www.w3.org/2000/01/rdf-schema#seeAlso>	"HPO: HP_0004387"
<http://purl.obolibrary.org/obo/OAE_0000917>	<http://www.w3.org/2000/01/rdf-schema#seeAlso>	"MedDRA: 10014893"
<http://purl.obolibrary.org/obo/OAE_0000917>	<http://www.w3.org/2000/01/rdf-schema#seeAlso>	"SIDER: C0014356"
<http://purl.obolibrary.org/obo/OAE_0000918>	<http://www.w3.org/2000/01/rdf-schema#seeAlso>	"MedDRA: 10058838"
<http://purl.obolibrary.org/obo/OAE_0000919>	<http://www.w3.org/2000/01/rdf-schema#seeAlso>	"HPO: HP_0001880"
<http://purl.obolibrary.org/obo/OAE_0000919>	<http://www.w3.org/2000/01/rdf-schema#seeAlso>	"MedDRA: 10014945"
<http://purl.obolibrary.org/obo/OAE_0000919>	<http://www.w3.org/2000/01/rdf-schema#seeAlso>	"SIDER: C2240374"
<http://purl.obolibrary.org/obo/OAE_0000920>	<http://www.w3.org/2000/01/rdf-schema#seeAlso>	"HPO: HP_0001880"
<http://purl.obolibrary.org/obo/OAE_0000920>	<http://www.w3.org/2000/01/rdf-schema#seeAlso>	"MedDRA: 10014950"
<http://purl.obolibrary.org/obo/OAE_0000920>	<http://www.w3.org/2000/01/rdf-schema#seeAlso>	"SIDER: C0014457"
<http://purl.obolibrary.org/obo/OAE_0000921>	<http://www.w3.org/2000/01/rdf-schema#seeAlso>	"HPO: HP_0008652"
<http://purl.obolibrary.org/obo/OAE_0000921>	<http://www.w3.org/2000/01/rdf-schema#seeAlso>	"MedDRA: 10061461"
<http://purl.obolibrary.org/obo/OAE_0000921>	<http://www.w3.org/2000/01/rdf-schema#seeAlso>	"SIDER: C0242350"
<http://purl.obolibrary.org/obo/OAE_0000922>	<http://www.w3.org/2000/01/rdf-schema#seeAlso>	"HPO: HP_0001055"
<http://purl.obolibrary.org/obo/OAE_0000922>	<http://www.w3.org/2000/01/rdf-schema#seeAlso>	"MedDRA: 10015145"
<http://purl.obolibrary.org/obo/OAE_0000922>	<http://www.w3.org/2000/01/rdf-schema#seeAlso>	"SIDER: C0014733"
<http://purl.obolibrary.org/obo/OAE_0000923>	<http://www.w3.org/2000/01/rdf-schema#seeAlso>	"MedDRA: 10015278"
<http://purl.obolibrary.org/obo/OAE_0000924>	<http://www.w3.org/2000/01/rdf-schema#seeAlso>	"MedDRA: 10061126"
<http://purl.obolibrary.org/obo/OAE_0000925>	<http://www.w3.org/2000/01/rdf-schema#seeAlso>	"MedDRA: 10070090"
<http://purl.obolibrary.org/obo/OAE_0000926>	<http://www.w3.org/2000/01/rdf-schema#seeAlso>	"MedDRA: 10052238"
<http://purl.obolibrary.org/obo/OAE_0000927>	<http://www.w3.org/2000/01/rdf-schema#seeAlso>	"MedDRA: 10063560"
<http://purl.obolibrary.org/obo/OAE_0000928>	<http://www.w3.org/2000/01/rdf-schema#seeAlso>	"MedDRA: 10064579"
<http://purl.obolibrary.org/obo/OAE_0000929>	<http://www.w3.org/2000/01/rdf-schema#seeAlso>	"HPO: HP_0001539"
<http://purl.obolibrary.org/obo/OAE_0000929>	<http://www.w3.org/2000/01/rdf-schema#seeAlso>	"MedDRA: 10015677"
<http://purl.obolibrary.org/obo/OAE_0000929>	<http://www.w3.org/2000/01/rdf-schema#seeAlso>	"SIDER: C1306503"
<http://purl.obolibrary.org/obo/OAE_0000930>	<http://www.w3.org/2000/01/rdf-schema#seeAlso>	"MedDRA: 10068515"
<http://purl.obolibrary.org/obo/OAE_0000931>	<http://www.w3.org/2000/01/rdf-schema#seeAlso>	"MedDRA: 10053487"
<http://purl.obolibrary.org/obo/OAE_0000932>	<http://www.w3.org/2000/01/rdf-schema#seeAlso>	"MedDRA: 10061846"
<http://purl.obolibrary.org/obo/OAE_0000933>	<http://www.w3.org/2000/01/rdf-schema#seeAlso>	"MedDRA: 10015829"
<http://purl.obolibrary.org/obo/OAE_0000934>	<http://www.w3.org/2000/01/rdf-schema#seeAlso>	"MedDRA: 10009802"
<http://purl.obolibrary.org/obo/OAE_0000935>	<http://www.w3.org/2000/01/rdf-schema#seeAlso>	"HPO: HP_0011885"
<http://purl.obolibrary.org/obo/OAE_0000935>	<http://www.w3.org/2000/01/rdf-schema#seeAlso>	"MedDRA: 10015926"
<http://purl.obolibrary.org/obo/OAE_0000935>	<http://www.w3.org/2000/01/rdf-schema#seeAlso>	"SIDER: C0015402"
<http://purl.obolibrary.org/obo/OAE_0000936>	<http://www.w3.org/2000/01/rdf-schema#seeAlso>	"MedDRA: 10015967"
<http://purl.obolibrary.org/obo/OAE_0000937>	<http://www.w3.org/2000/01/rdf-schema#seeAlso>	"HPO: HP_0100539"
<http://purl.obolibrary.org/obo/OAE_0000937>	<http://www.w3.org/2000/01/rdf-schema#seeAlso>	"MedDRA: 10015993"
<http://purl.obolibrary.org/obo/OAE_0000937>	<http://www.w3.org/2000/01/rdf-schema#seeAlso>	"SIDER: C0162285"
<http://purl.obolibrary.org/obo/OAE_0000938>	<http://www.w3.org/2000/01/rdf-schema#seeAlso>	"HPO: HP_0001531"
<http://purl.obolibrary.org/obo/OAE_0000938>	<http://www.w3.org/2000/01/rdf-schema#seeAlso>	"MedDRA: 10016165"
<http://purl.obolibrary.org/obo/OAE_0000938>	<http://www.w3.org/2000/01/rdf-schema#seeAlso>	"SIDER: C0015544"
<http://purl.obolibrary.org/obo/OAE_0000939>	<http://www.w3.org/2000/01/rdf-schema#seeAlso>	"HPO: HP_0002359"
<http://purl.obolibrary.org/obo/OAE_0000939>	<http://www.w3.org/2000/01/rdf-schema#seeAlso>	"MedDRA: 10016173"
<http://purl.obolibrary.org/obo/OAE_0000939>	<http://www.w3.org/2000/01/rdf-schema#seeAlso>	"SIDER: C0085639"
<http://purl.obolibrary.org/obo/OAE_0000940>	<http://www.w3.org/2000/01/rdf-schema#seeAlso>	"MedDRA: 10068298"
<http://purl.obolibrary.org/obo/OAE_0000941>	<http://www.w3.org/2000/01/rdf-schema#seeAlso>	"MedDRA: 10053213"
<http://purl.obolibrary.org/obo/OAE_0000942>	<http://www.w3.org/2000/01/rdf-schema#seeAlso>	"MedDRA: 10051998"
<http://purl.obolibrary.org/obo/OAE_0000943>	<http://www.w3.org/2000/01/rdf-schema#seeAlso>	"HPO: HP_0001875"
<http://purl.obolibrary.org/obo/OAE_0000943>	<http://www.w3.org/2000/01/rdf-schema#seeAlso>	"MedDRA: 10016288"
<http://purl.obolibrary.org/obo/OAE_0000943>	<http://www.w3.org/2000/01/rdf-schema#seeAlso>	"SIDER: C0746883"
<http://purl.obolibrary.org/obo/OAE_0000944>	<http://www.w3.org/2000/01/rdf-schema#seeAlso>	"MedDRA: 10056661"
<http://purl.obolibrary.org/obo/OAE_0000945>	<http://www.w3.org/2000/01/rdf-schema#seeAlso>	"HPO: HP_0010870"
<http://purl.obolibrary.org/obo/OAE_0000945>	<http://www.w3.org/2000/01/rdf-schema#seeAlso>	"MedDRA: 10016322"
<http://purl.obolibrary.org/obo/OAE_0000945>	<http://www.w3.org/2000/01/rdf-schema#seeAlso>	"SIDER: C1443060"
<http://purl.obolibrary.org/obo/OAE_0000946>	<http://www.w3.org/2000/01/rdf-schema#seeAlso>	"MedDRA: 10016334"
<http://purl.obolibrary.org/obo/OAE_0000947>	<http://www.w3.org/2000/01/rdf-schema#seeAlso>	"HPO: HP_0010830"
<http://purl.obolibrary.org/obo/OAE_0000947>	<http://www.w3.org/2000/01/rdf-schema#seeAlso>	"MedDRA ID: 10057371"
<http://purl.obolibrary.org/obo/OAE_0000947>	<http://www.w3.org/2000/01/rdf-schema#seeAlso>	"SIDER: C0521592"
<http://purl.obolibrary.org/obo/OAE_0000948>	<http://www.w3.org/2000/01/rdf-schema#seeAlso>	"MedDRA: 10067143"
<http://purl.obolibrary.org/obo/OAE_0000949>	<http://www.w3.org/2000/01/rdf-schema#seeAlso>	"MedDRA: 10056291"
<http://purl.obolibrary.org/obo/OAE_0000950>	<http://www.w3.org/2000/01/rdf-schema#seeAlso>	"MedDRA: 10016803"
<http://purl.obolibrary.org/obo/OAE_0000951>	<http://www.w3.org/2000/01/rdf-schema#seeAlso>	"MedDRA: 10052285"
<http://purl.obolibrary.org/obo/OAE_0000952>	<http://www.w3.org/2000/01/rdf-schema#seeAlso>	"MedDRA: 10058322"
<http://purl.obolibrary.org/obo/OAE_0000953>	<http://www.w3.org/2000/01/rdf-schema#seeAlso>	"MedDRA: 10016936"
<http://purl.obolibrary.org/obo/OAE_0000954>	<http://www.w3.org/2000/01/rdf-schema#seeAlso>	"MedDRA: 10016987"
<http://purl.obolibrary.org/obo/OAE_0000955>	<http://www.w3.org/2000/01/rdf-schema#seeAlso>	"MedDRA: 10016997"
<http://purl.obolibrary.org/obo/OAE_0000956>	<http://www.w3.org/2000/01/rdf-schema#seeAlso>	"MedDRA: 10017076"
<http://purl.obolibrary.org/obo/OAE_0000957>	<http://www.w3.org/2000/01/rdf-schema#seeAlso>	"MedDRA: 10017413"
<http://purl.obolibrary.org/obo/OAE_0000958>	<http://www.w3.org/2000/01/rdf-schema#seeAlso>	"MedDRA: 10049656"
<http://purl.obolibrary.org/obo/OAE_0000959>	<http://www.w3.org/2000/01/rdf-schema#seeAlso>	"MedDRA: 10062693"
<http://purl.obolibrary.org/obo/OAE_0000960>	<http://www.w3.org/2000/01/rdf-schema#seeAlso>	"MedDRA: 10017639"
<http://purl.obolibrary.org/obo/OAE_0000961>	<http://www.w3.org/2000/01/rdf-schema#seeAlso>	"MedDRA: 10049704"
<http://purl.obolibrary.org/obo/OAE_0000962>	<http://www.w3.org/2000/01/rdf-schema#seeAlso>	"MedDRA: 10017648"
<http://purl.obolibrary.org/obo/OAE_0000963>	<http://www.w3.org/2000/01/rdf-schema#seeAlso>	"MedDRA: 10017688"
<http://purl.obolibrary.org/obo/OAE_0000964>	<http://www.w3.org/2000/01/rdf-schema#seeAlso>	"MedDRA: 10017693"
<http://purl.obolibrary.org/obo/OAE_0000965>	<http://www.w3.org/2000/01/rdf-schema#seeAlso>	"HPO: HP_0006753"
<http://purl.obolibrary.org/obo/OAE_0000965>	<http://www.w3.org/2000/01/rdf-schema#seeAlso>	"MedDRA: 10017758"
<http://purl.obolibrary.org/obo/OAE_0000965>	<http://www.w3.org/2000/01/rdf-schema#seeAlso>	"SIDER: C0024623"
<http://purl.obolibrary.org/obo/OAE_0000966>	<http://www.w3.org/2000/01/rdf-schema#seeAlso>	"MedDRA: 10061968"
<http://purl.obolibrary.org/obo/OAE_0000967>	<http://www.w3.org/2000/01/rdf-schema#seeAlso>	"HPO: HP_0002592"
<http://purl.obolibrary.org/obo/OAE_0000967>	<http://www.w3.org/2000/01/rdf-schema#seeAlso>	"MedDRA: 10017822"
<http://purl.obolibrary.org/obo/OAE_0000967>	<http://www.w3.org/2000/01/rdf-schema#seeAlso>	"SIDER: C0038358"
<http://purl.obolibrary.org/obo/OAE_0000968>	<http://www.w3.org/2000/01/rdf-schema#seeAlso>	"HPO: HP_0005263"
<http://purl.obolibrary.org/obo/OAE_0000968>	<http://www.w3.org/2000/01/rdf-schema#seeAlso>	"MedDRA: 10017853"
<http://purl.obolibrary.org/obo/OAE_0000968>	<http://www.w3.org/2000/01/rdf-schema#seeAlso>	"SIDER: C0017152"
<http://purl.obolibrary.org/obo/OAE_0000969>	<http://www.w3.org/2000/01/rdf-schema#seeAlso>	"MedDRA: 10017860"
<http://purl.obolibrary.org/obo/OAE_0000970>	<http://www.w3.org/2000/01/rdf-schema#seeAlso>	"HPO: HP_0005263"
<http://purl.obolibrary.org/obo/OAE_0000970>	<http://www.w3.org/2000/01/rdf-schema#seeAlso>	"MedDRA: 10017865"
<http://purl.obolibrary.org/obo/OAE_0000970>	<http://www.w3.org/2000/01/rdf-schema#seeAlso>	"SIDER: C2243088"
<http://purl.obolibrary.org/obo/OAE_0000971>	<http://www.w3.org/2000/01/rdf-schema#seeAlso>	"MedDRA: 10009896"
<http://purl.obolibrary.org/obo/OAE_0000972>	<http://www.w3.org/2000/01/rdf-schema#seeAlso>	"MedDRA: 10068189"
<http://purl.obolibrary.org/obo/OAE_0000973>	<http://www.w3.org/2000/01/rdf-schema#seeAlso>	"MedDRA: 10017912"
<http://purl.obolibrary.org/obo/OAE_0000974>	<http://www.w3.org/2000/01/rdf-schema#seeAlso>	"MedDRA: 10017885"
<http://purl.obolibrary.org/obo/OAE_0000975>	<http://www.w3.org/2000/01/rdf-schema#seeAlso>	"HPO: HP_0004798"
<http://purl.obolibrary.org/obo/OAE_0000975>	<http://www.w3.org/2000/01/rdf-schema#seeAlso>	"MedDRA: 10017964"
<http://purl.obolibrary.org/obo/OAE_0000975>	<http://www.w3.org/2000/01/rdf-schema#seeAlso>	"SIDER: C1264613"
<http://purl.obolibrary.org/obo/OAE_0000976>	<http://www.w3.org/2000/01/rdf-schema#seeAlso>	"MedDRA: 10061172"
<http://purl.obolibrary.org/obo/OAE_0000977>	<http://www.w3.org/2000/01/rdf-schema#seeAlso>	"MedDRA: 10017982"
<http://purl.obolibrary.org/obo/OAE_0000979>	<http://www.w3.org/2000/01/rdf-schema#seeAlso>	"HPO: HP_0011024"
<http://purl.obolibrary.org/obo/OAE_0000979>	<http://www.w3.org/2000/01/rdf-schema#seeAlso>	"MedDRA: 10018001"
<http://purl.obolibrary.org/obo/OAE_0000979>	<http://www.w3.org/2000/01/rdf-schema#seeAlso>	"SIDER: C0151664"
<http://purl.obolibrary.org/obo/OAE_0000980>	<http://www.w3.org/2000/01/rdf-schema#seeAlso>	"HPO: HP_0007378"
<http://purl.obolibrary.org/obo/OAE_0000980>	<http://www.w3.org/2000/01/rdf-schema#seeAlso>	"MedDRA: 10051066"
<http://purl.obolibrary.org/obo/OAE_0000980>	<http://www.w3.org/2000/01/rdf-schema#seeAlso>	"SIDER: C0238198"
<http://purl.obolibrary.org/obo/OAE_0000981>	<http://www.w3.org/2000/01/rdf-schema#seeAlso>	"HPO: HP_0011024"
<http://purl.obolibrary.org/obo/OAE_0000981>	<http://www.w3.org/2000/01/rdf-schema#seeAlso>	"MedDRA: 10059024"
<http://purl.obolibrary.org/obo/OAE_0000981>	<http://www.w3.org/2000/01/rdf-schema#seeAlso>	"SIDER: C1142499"
<http://purl.obolibrary.org/obo/OAE_0000982>	<http://www.w3.org/2000/01/rdf-schema#seeAlso>	"MedDRA: 10063478"
<http://purl.obolibrary.org/obo/OAE_0000983>	<http://www.w3.org/2000/01/rdf-schema#seeAlso>	"MedDRA: 10049438"
<http://purl.obolibrary.org/obo/OAE_0000984>	<http://www.w3.org/2000/01/rdf-schema#seeAlso>	"HPO: HP_0007430"
<http://purl.obolibrary.org/obo/OAE_0000984>	<http://www.w3.org/2000/01/rdf-schema#seeAlso>	"MedDRA: 10018092"
<http://purl.obolibrary.org/obo/OAE_0000984>	<http://www.w3.org/2000/01/rdf-schema#seeAlso>	"SIDER: C0151603"
<http://purl.obolibrary.org/obo/OAE_0000985>	<http://www.w3.org/2000/01/rdf-schema#seeAlso>	"HPO: HP_0003249"
<http://purl.obolibrary.org/obo/OAE_0000985>	<http://www.w3.org/2000/01/rdf-schema#seeAlso>	"MedDRA: 10018180"
<http://purl.obolibrary.org/obo/OAE_0000985>	<http://www.w3.org/2000/01/rdf-schema#seeAlso>	"SIDER: C0151281"
<http://purl.obolibrary.org/obo/OAE_0000986>	<http://www.w3.org/2000/01/rdf-schema#seeAlso>	"MedDRA: 10052359"
<http://purl.obolibrary.org/obo/OAE_0000987>	<http://www.w3.org/2000/01/rdf-schema#seeAlso>	"MedDRA: 10018291"
<http://purl.obolibrary.org/obo/OAE_0000988>	<http://www.w3.org/2000/01/rdf-schema#seeAlso>	"HPO: HP_0000083"
<http://purl.obolibrary.org/obo/OAE_0000988>	<http://www.w3.org/2000/01/rdf-schema#seeAlso>	"MedDRA: 10018358"
<http://purl.obolibrary.org/obo/OAE_0000988>	<http://www.w3.org/2000/01/rdf-schema#seeAlso>	"SIDER: C0853068"
<http://purl.obolibrary.org/obo/OAE_0000989>	<http://www.w3.org/2000/01/rdf-schema#seeAlso>	"HPO: HP_0000157"
<http://purl.obolibrary.org/obo/OAE_0000989>	<http://www.w3.org/2000/01/rdf-schema#seeAlso>	"MedDRA: 10018388"
<http://purl.obolibrary.org/obo/OAE_0000989>	<http://www.w3.org/2000/01/rdf-schema#seeAlso>	"SIDER: C0017672"
<http://purl.obolibrary.org/obo/OAE_0000990>	<http://www.w3.org/2000/01/rdf-schema#seeAlso>	"MedDRA: 10018482"
<http://purl.obolibrary.org/obo/OAE_0000992>	<http://www.w3.org/2000/01/rdf-schema#seeAlso>	"MedDRA: 10056559"
<http://purl.obolibrary.org/obo/OAE_0000994>	<http://www.w3.org/2000/01/rdf-schema#seeAlso>	"MedDRA: 10018656"
<http://purl.obolibrary.org/obo/OAE_0000995>	<http://www.w3.org/2000/01/rdf-schema#seeAlso>	"HPO: HP_0002197"
<http://purl.obolibrary.org/obo/OAE_0000995>	<http://www.w3.org/2000/01/rdf-schema#seeAlso>	"MedDRA: 10018659"
<http://purl.obolibrary.org/obo/OAE_0000995>	<http://www.w3.org/2000/01/rdf-schema#seeAlso>	"SIDER: C0014549"
<http://purl.obolibrary.org/obo/OAE_0000996>	<http://www.w3.org/2000/01/rdf-schema#seeAlso>	"MedDRA: 10018681"
<http://purl.obolibrary.org/obo/OAE_0000998>	<http://www.w3.org/2000/01/rdf-schema#seeAlso>	"MedDRA: 10018687"
<http://purl.obolibrary.org/obo/OAE_0000999>	<http://www.w3.org/2000/01/rdf-schema#seeAlso>	"MedDRA: 10018797"
<http://purl.obolibrary.org/obo/OAE_0001001>	<http://www.w3.org/2000/01/rdf-schema#seeAlso>	"HPO: HP_0000771"
<http://purl.obolibrary.org/obo/OAE_0001001>	<http://www.w3.org/2000/01/rdf-schema#seeAlso>	"MedDRA: 10018800"
<http://purl.obolibrary.org/obo/OAE_0001001>	<http://www.w3.org/2000/01/rdf-schema#seeAlso>	"SIDER: C0018418"
<http://purl.obolibrary.org/obo/OAE_0001003>	<http://www.w3.org/2000/01/rdf-schema#seeAlso>	"HPO: HP_0002248"
<http://purl.obolibrary.org/obo/OAE_0001003>	<http://www.w3.org/2000/01/rdf-schema#seeAlso>	"MedDRA: 10018830"
<http://purl.obolibrary.org/obo/OAE_0001003>	<http://www.w3.org/2000/01/rdf-schema#seeAlso>	"SIDER: C0018926"
<http://purl.obolibrary.org/obo/OAE_0001004>	<http://www.w3.org/2000/01/rdf-schema#seeAlso>	"HPO: HP_0002573"
<http://purl.obolibrary.org/obo/OAE_0001004>	<http://www.w3.org/2000/01/rdf-schema#seeAlso>	"MedDRA: 10018836"
<http://purl.obolibrary.org/obo/OAE_0001004>	<http://www.w3.org/2000/01/rdf-schema#seeAlso>	"SIDER: C0018932"
<http://purl.obolibrary.org/obo/OAE_0001005>	<http://www.w3.org/2000/01/rdf-schema#seeAlso>	"MedDRA: 10018838"
<http://purl.obolibrary.org/obo/OAE_0001006>	<http://www.w3.org/2000/01/rdf-schema#seeAlso>	"MedDRA: 10051564"
<http://purl.obolibrary.org/obo/OAE_0001007>	<http://www.w3.org/2000/01/rdf-schema#seeAlso>	"MedDRA: 10061188"
<http://purl.obolibrary.org/obo/OAE_0001008>	<http://www.w3.org/2000/01/rdf-schema#seeAlso>	"HPO: HP_0011713"
<http://purl.obolibrary.org/obo/OAE_0001008>	<http://www.w3.org/2000/01/rdf-schema#seeAlso>	"MedDRA: 10006580"
<http://purl.obolibrary.org/obo/OAE_0001008>	<http://www.w3.org/2000/01/rdf-schema#seeAlso>	"SIDER: C0023211"
<http://purl.obolibrary.org/obo/OAE_0001009>	<http://www.w3.org/2000/01/rdf-schema#seeAlso>	"MedDRA: 10018879"
<http://purl.obolibrary.org/obo/OAE_0001012>	<http://www.w3.org/2000/01/rdf-schema#seeAlso>	"HPO: HP_0005575"
<http://purl.obolibrary.org/obo/OAE_0001012>	<http://www.w3.org/2000/01/rdf-schema#seeAlso>	"MedDRA: 10018932"
<http://purl.obolibrary.org/obo/OAE_0001012>	<http://www.w3.org/2000/01/rdf-schema#seeAlso>	"SIDER: C0019061"
<http://purl.obolibrary.org/obo/OAE_0001013>	<http://www.w3.org/2000/01/rdf-schema#seeAlso>	"HPO: HP_0002105"
<http://purl.obolibrary.org/obo/OAE_0001013>	<http://www.w3.org/2000/01/rdf-schema#seeAlso>	"MedDRA: 10018964"
<http://purl.obolibrary.org/obo/OAE_0001013>	<http://www.w3.org/2000/01/rdf-schema#seeAlso>	"SIDER: C0019079"
<http://purl.obolibrary.org/obo/OAE_0001014>	<http://www.w3.org/2000/01/rdf-schema#seeAlso>	"HPO: HP_0002170"
<http://purl.obolibrary.org/obo/OAE_0001014>	<http://www.w3.org/2000/01/rdf-schema#seeAlso>	"MedDRA: 10018985"
<http://purl.obolibrary.org/obo/OAE_0001014>	<http://www.w3.org/2000/01/rdf-schema#seeAlso>	"SIDER: C0151699"
<http://purl.obolibrary.org/obo/OAE_0001015>	<http://www.w3.org/2000/01/rdf-schema#seeAlso>	"MedDRA: 10060781"
<http://purl.obolibrary.org/obo/OAE_0001018>	<http://www.w3.org/2000/01/rdf-schema#seeAlso>	"MedDRA: 10054787"
<http://purl.obolibrary.org/obo/OAE_0001019>	<http://www.w3.org/2000/01/rdf-schema#seeAlso>	"HPO: HP_0004296"
<http://purl.obolibrary.org/obo/OAE_0001019>	<http://www.w3.org/2000/01/rdf-schema#seeAlso>	"MedDRA: 10019022"
<http://purl.obolibrary.org/obo/OAE_0001020>	<http://www.w3.org/2000/01/rdf-schema#seeAlso>	"MedDRA: 10019027"
<http://purl.obolibrary.org/obo/OAE_0001021>	<http://www.w3.org/2000/01/rdf-schema#seeAlso>	"HPO: HP_0010720"
<http://purl.obolibrary.org/obo/OAE_0001021>	<http://www.w3.org/2000/01/rdf-schema#seeAlso>	"MedDRA: 10019044"
<http://purl.obolibrary.org/obo/OAE_0001021>	<http://www.w3.org/2000/01/rdf-schema#seeAlso>	"SIDER: C0232409"
<http://purl.obolibrary.org/obo/OAE_0001023>	<http://www.w3.org/2000/01/rdf-schema#seeAlso>	"MedDRA: 10018884"
<http://purl.obolibrary.org/obo/OAE_0001024>	<http://www.w3.org/2000/01/rdf-schema#seeAlso>	"HPO: HP_0001394"
<http://purl.obolibrary.org/obo/OAE_0001024>	<http://www.w3.org/2000/01/rdf-schema#seeAlso>	"MedDRA: 10019641"
<http://purl.obolibrary.org/obo/OAE_0001024>	<http://www.w3.org/2000/01/rdf-schema#seeAlso>	"SIDER: C0023890"
<http://purl.obolibrary.org/obo/OAE_0001025>	<http://www.w3.org/2000/01/rdf-schema#seeAlso>	"HPO: HP_0002910"
<http://purl.obolibrary.org/obo/OAE_0001025>	<http://www.w3.org/2000/01/rdf-schema#seeAlso>	"MedDRA: 10060795"
<http://purl.obolibrary.org/obo/OAE_0001025>	<http://www.w3.org/2000/01/rdf-schema#seeAlso>	"SIDER: C0235996"
<http://purl.obolibrary.org/obo/OAE_0001026>	<http://www.w3.org/2000/01/rdf-schema#seeAlso>	"HPO: HP_0001399"
<http://purl.obolibrary.org/obo/OAE_0001026>	<http://www.w3.org/2000/01/rdf-schema#seeAlso>	"MedDRA: 10019663"
<http://purl.obolibrary.org/obo/OAE_0001026>	<http://www.w3.org/2000/01/rdf-schema#seeAlso>	"SIDER: C0085605"
<http://purl.obolibrary.org/obo/OAE_0001027>	<http://www.w3.org/2000/01/rdf-schema#seeAlso>	"MedDRA: 10019680"
<http://purl.obolibrary.org/obo/OAE_0001029>	<http://www.w3.org/2000/01/rdf-schema#seeAlso>	"MedDRA: 10061998"
<http://purl.obolibrary.org/obo/OAE_0001030>	<http://www.w3.org/2000/01/rdf-schema#seeAlso>	"HPO: HP_0002605"
<http://purl.obolibrary.org/obo/OAE_0001030>	<http://www.w3.org/2000/01/rdf-schema#seeAlso>	"MedDRA: 10019692"
<http://purl.obolibrary.org/obo/OAE_0001030>	<http://www.w3.org/2000/01/rdf-schema#seeAlso>	"SIDER: C0151798"
<http://purl.obolibrary.org/obo/OAE_0001031>	<http://www.w3.org/2000/01/rdf-schema#seeAlso>	"HPO: HP_0002896"
<http://purl.obolibrary.org/obo/OAE_0001031>	<http://www.w3.org/2000/01/rdf-schema#seeAlso>	"MedDRA: 10019695"
<http://purl.obolibrary.org/obo/OAE_0001031>	<http://www.w3.org/2000/01/rdf-schema#seeAlso>	"SIDER: C0023903"
<http://purl.obolibrary.org/obo/OAE_0001032>	<http://www.w3.org/2000/01/rdf-schema#seeAlso>	"MedDRA: 10000350"
<http://purl.obolibrary.org/obo/OAE_0001033>	<http://www.w3.org/2000/01/rdf-schema#seeAlso>	"HPO: HP_0006562"
<http://purl.obolibrary.org/obo/OAE_0001033>	<http://www.w3.org/2000/01/rdf-schema#seeAlso>	"MedDRA: 10019731"
<http://purl.obolibrary.org/obo/OAE_0001033>	<http://www.w3.org/2000/01/rdf-schema#seeAlso>	"SIDER: C0019163"
<http://purl.obolibrary.org/obo/OAE_0001034>	<http://www.w3.org/2000/01/rdf-schema#seeAlso>	"HPO: HP_0006562"
<http://purl.obolibrary.org/obo/OAE_0001034>	<http://www.w3.org/2000/01/rdf-schema#seeAlso>	"MedDRA: 10019799"
<http://purl.obolibrary.org/obo/OAE_0001034>	<http://www.w3.org/2000/01/rdf-schema#seeAlso>	"SIDER: C0042721"
<http://purl.obolibrary.org/obo/OAE_0001035>	<http://www.w3.org/2000/01/rdf-schema#seeAlso>	"HPO: HP_0002240"
<http://purl.obolibrary.org/obo/OAE_0001035>	<http://www.w3.org/2000/01/rdf-schema#seeAlso>	"MedDRA: 10019842"
<http://purl.obolibrary.org/obo/OAE_0001035>	<http://www.w3.org/2000/01/rdf-schema#seeAlso>	"SIDER: C0019209"
<http://purl.obolibrary.org/obo/OAE_0001036>	<http://www.w3.org/2000/01/rdf-schema#seeAlso>	"MedDRA: 10019851"
<http://purl.obolibrary.org/obo/OAE_0001038>	<http://www.w3.org/2000/01/rdf-schema#seeAlso>	"MedDRA: 10020040"
<http://purl.obolibrary.org/obo/OAE_0001039>	<http://www.w3.org/2000/01/rdf-schema#seeAlso>	"MedDRA: 10048595"
<http://purl.obolibrary.org/obo/OAE_0001040>	<http://www.w3.org/2000/01/rdf-schema#seeAlso>	"MedDRA: 10020144"
<http://purl.obolibrary.org/obo/OAE_0001042>	<http://www.w3.org/2000/01/rdf-schema#seeAlso>	"HPO: HP_0000126"
<http://purl.obolibrary.org/obo/OAE_0001042>	<http://www.w3.org/2000/01/rdf-schema#seeAlso>	"MedDRA: 10020524"
<http://purl.obolibrary.org/obo/OAE_0001042>	<http://www.w3.org/2000/01/rdf-schema#seeAlso>	"SIDER: C0020295"
<http://purl.obolibrary.org/obo/OAE_0001043>	<http://www.w3.org/2000/01/rdf-schema#seeAlso>	"MedDRA: 10020580"
<http://purl.obolibrary.org/obo/OAE_0001044>	<http://www.w3.org/2000/01/rdf-schema#seeAlso>	"HPO: HP_0003072"
<http://purl.obolibrary.org/obo/OAE_0001044>	<http://www.w3.org/2000/01/rdf-schema#seeAlso>	"MedDRA: 10020583"
<http://purl.obolibrary.org/obo/OAE_0001044>	<http://www.w3.org/2000/01/rdf-schema#seeAlso>	"SIDER: C0020437"
<http://purl.obolibrary.org/obo/OAE_0001045>	<http://www.w3.org/2000/01/rdf-schema#seeAlso>	"HPO: HP_0000975"
<http://purl.obolibrary.org/obo/OAE_0001045>	<http://www.w3.org/2000/01/rdf-schema#seeAlso>	"MedDRA: 10020642"
<http://purl.obolibrary.org/obo/OAE_0001045>	<http://www.w3.org/2000/01/rdf-schema#seeAlso>	"SIDER: C0020458"
<http://purl.obolibrary.org/obo/OAE_0001046>	<http://www.w3.org/2000/01/rdf-schema#seeAlso>	"HPO: HP_0002153"
<http://purl.obolibrary.org/obo/OAE_0001046>	<http://www.w3.org/2000/01/rdf-schema#seeAlso>	"MedDRA: 10020646"
<http://purl.obolibrary.org/obo/OAE_0001046>	<http://www.w3.org/2000/01/rdf-schema#seeAlso>	"SIDER: C0020461"
<http://purl.obolibrary.org/obo/OAE_0001049>	<http://www.w3.org/2000/01/rdf-schema#seeAlso>	"HPO: HP_0003106"
<http://purl.obolibrary.org/obo/OAE_0001049>	<http://www.w3.org/2000/01/rdf-schema#seeAlso>	"MedDRA: 10020708"
<http://purl.obolibrary.org/obo/OAE_0001049>	<http://www.w3.org/2000/01/rdf-schema#seeAlso>	"SIDER: C0020503"
<http://purl.obolibrary.org/obo/OAE_0001050>	<http://www.w3.org/2000/01/rdf-schema#seeAlso>	"HPO: HP_0001347"
<http://purl.obolibrary.org/obo/OAE_0001050>	<http://www.w3.org/2000/01/rdf-schema#seeAlso>	"MedDRA: 10020745"
<http://purl.obolibrary.org/obo/OAE_0001050>	<http://www.w3.org/2000/01/rdf-schema#seeAlso>	"SIDER: C0151889"
<http://purl.obolibrary.org/obo/OAE_0001051>	<http://www.w3.org/2000/01/rdf-schema#seeAlso>	"HPO: HP_0000875"
<http://purl.obolibrary.org/obo/OAE_0001051>	<http://www.w3.org/2000/01/rdf-schema#seeAlso>	"MedDRA: 10020802"
<http://purl.obolibrary.org/obo/OAE_0001051>	<http://www.w3.org/2000/01/rdf-schema#seeAlso>	"SIDER: C0020546"
<http://purl.obolibrary.org/obo/OAE_0001052>	<http://www.w3.org/2000/01/rdf-schema#seeAlso>	"HPO: HP_0002155"
<http://purl.obolibrary.org/obo/OAE_0001052>	<http://www.w3.org/2000/01/rdf-schema#seeAlso>	"MedDRA: 10020869"
<http://purl.obolibrary.org/obo/OAE_0001052>	<http://www.w3.org/2000/01/rdf-schema#seeAlso>	"SIDER: C0020557"
<http://purl.obolibrary.org/obo/OAE_0001053>	<http://www.w3.org/2000/01/rdf-schema#seeAlso>	"HPO: HP_0002149"
<http://purl.obolibrary.org/obo/OAE_0001053>	<http://www.w3.org/2000/01/rdf-schema#seeAlso>	"MedDRA: 10020903"
<http://purl.obolibrary.org/obo/OAE_0001053>	<http://www.w3.org/2000/01/rdf-schema#seeAlso>	"SIDER: C0740394"
<http://purl.obolibrary.org/obo/OAE_0001054>	<http://www.w3.org/2000/01/rdf-schema#seeAlso>	"HPO: HP_0003073"
<http://purl.obolibrary.org/obo/OAE_0001054>	<http://www.w3.org/2000/01/rdf-schema#seeAlso>	"MedDRA: 10020942"
<http://purl.obolibrary.org/obo/OAE_0001054>	<http://www.w3.org/2000/01/rdf-schema#seeAlso>	"SIDER: C0239981"
<http://purl.obolibrary.org/obo/OAE_0001055>	<http://www.w3.org/2000/01/rdf-schema#seeAlso>	"HPO: HP_0002901"
<http://purl.obolibrary.org/obo/OAE_0001055>	<http://www.w3.org/2000/01/rdf-schema#seeAlso>	"MedDRA: 10020947"
<http://purl.obolibrary.org/obo/OAE_0001055>	<http://www.w3.org/2000/01/rdf-schema#seeAlso>	"SIDER: C0020598"
<http://purl.obolibrary.org/obo/OAE_0001056>	<http://www.w3.org/2000/01/rdf-schema#seeAlso>	"MedDRA: 10020952"
<http://purl.obolibrary.org/obo/OAE_0001057>	<http://www.w3.org/2000/01/rdf-schema#seeAlso>	"HPO: HP_0005969"
<http://purl.obolibrary.org/obo/OAE_0001057>	<http://www.w3.org/2000/01/rdf-schema#seeAlso>	"MedDRA: 10020993"
<http://purl.obolibrary.org/obo/OAE_0001057>	<http://www.w3.org/2000/01/rdf-schema#seeAlso>	"SIDER: C0020615"
<http://purl.obolibrary.org/obo/OAE_0001058>	<http://www.w3.org/2000/01/rdf-schema#seeAlso>	"MedDRA: 10069709"
<http://purl.obolibrary.org/obo/OAE_0001059>	<http://www.w3.org/2000/01/rdf-schema#seeAlso>	"HPO: HP_0002917"
<http://purl.obolibrary.org/obo/OAE_0001059>	<http://www.w3.org/2000/01/rdf-schema#seeAlso>	"MedDRA: 10021027"
<http://purl.obolibrary.org/obo/OAE_0001059>	<http://www.w3.org/2000/01/rdf-schema#seeAlso>	"SIDER: C0151723"
<http://purl.obolibrary.org/obo/OAE_0001061>	<http://www.w3.org/2000/01/rdf-schema#seeAlso>	"MedDRA: 10063743"
<http://purl.obolibrary.org/obo/OAE_0001062>	<http://www.w3.org/2000/01/rdf-schema#seeAlso>	"HPO: HP_0008285"
<http://purl.obolibrary.org/obo/OAE_0001062>	<http://www.w3.org/2000/01/rdf-schema#seeAlso>	"MedDRA: 10021058"
<http://purl.obolibrary.org/obo/OAE_0001062>	<http://www.w3.org/2000/01/rdf-schema#seeAlso>	"SIDER: C0085682"
<http://purl.obolibrary.org/obo/OAE_0001063>	<http://www.w3.org/2000/01/rdf-schema#seeAlso>	"HPO: HP_0008245"
<http://purl.obolibrary.org/obo/OAE_0001063>	<http://www.w3.org/2000/01/rdf-schema#seeAlso>	"MedDRA: 10021114"
<http://purl.obolibrary.org/obo/OAE_0001063>	<http://www.w3.org/2000/01/rdf-schema#seeAlso>	"SIDER: C0020676"
<http://purl.obolibrary.org/obo/OAE_0001064>	<http://www.w3.org/2000/01/rdf-schema#seeAlso>	"HPO: HP_0011106"
<http://purl.obolibrary.org/obo/OAE_0001064>	<http://www.w3.org/2000/01/rdf-schema#seeAlso>	"MedDRA: 10021137"
<http://purl.obolibrary.org/obo/OAE_0001064>	<http://www.w3.org/2000/01/rdf-schema#seeAlso>	"SIDER: C0546884"
<http://purl.obolibrary.org/obo/OAE_0001066>	<http://www.w3.org/2000/01/rdf-schema#seeAlso>	"HPO: HP_0011106"
<http://purl.obolibrary.org/obo/OAE_0001066>	<http://www.w3.org/2000/01/rdf-schema#seeAlso>	"MedDRA: 10021138"
<http://purl.obolibrary.org/obo/OAE_0001066>	<http://www.w3.org/2000/01/rdf-schema#seeAlso>	"SIDER: C0020683"
<http://purl.obolibrary.org/obo/OAE_0001067>	<http://www.w3.org/2000/01/rdf-schema#seeAlso>	"MedDRA: 10021305"
<http://purl.obolibrary.org/obo/OAE_0001068>	<http://www.w3.org/2000/01/rdf-schema#seeAlso>	"HPO: HP_0002595"
<http://purl.obolibrary.org/obo/OAE_0001068>	<http://www.w3.org/2000/01/rdf-schema#seeAlso>	"MedDRA: 10021328"
<http://purl.obolibrary.org/obo/OAE_0001068>	<http://www.w3.org/2000/01/rdf-schema#seeAlso>	"SIDER: C1258215"
<http://purl.obolibrary.org/obo/OAE_0001069>	<http://www.w3.org/2000/01/rdf-schema#seeAlso>	"HPO: HP_0002590"
<http://purl.obolibrary.org/obo/OAE_0001069>	<http://www.w3.org/2000/01/rdf-schema#seeAlso>	"MedDRA: 10021333"
<http://purl.obolibrary.org/obo/OAE_0001069>	<http://www.w3.org/2000/01/rdf-schema#seeAlso>	"SIDER: C0030446"
<http://purl.obolibrary.org/obo/OAE_0001070>	<http://www.w3.org/2000/01/rdf-schema#seeAlso>	"HPO: HP_0001640"
<http://purl.obolibrary.org/obo/OAE_0001070>	<http://www.w3.org/2000/01/rdf-schema#seeAlso>	"MedDRA: 10007632"
<http://purl.obolibrary.org/obo/OAE_0001070>	<http://www.w3.org/2000/01/rdf-schema#seeAlso>	"SIDER: C0018800"
<http://purl.obolibrary.org/obo/OAE_0001071>	<http://www.w3.org/2000/01/rdf-schema#seeAlso>	"MedDRA: 10062014"
<http://purl.obolibrary.org/obo/OAE_0001072>	<http://www.w3.org/2000/01/rdf-schema#seeAlso>	"MedDRA: 10062016"
<http://purl.obolibrary.org/obo/OAE_0001073>	<http://www.w3.org/2000/01/rdf-schema#seeAlso>	"HPO: HP_0001058"
<http://purl.obolibrary.org/obo/OAE_0001073>	<http://www.w3.org/2000/01/rdf-schema#seeAlso>	"MedDRA: 10021519"
<http://purl.obolibrary.org/obo/OAE_0001073>	<http://www.w3.org/2000/01/rdf-schema#seeAlso>	"SIDER: C0151692"
<http://purl.obolibrary.org/obo/OAE_0001074>	<http://www.w3.org/2000/01/rdf-schema#seeAlso>	"MedDRA: 10063782"
<http://purl.obolibrary.org/obo/OAE_0001076>	<http://www.w3.org/2000/01/rdf-schema#seeAlso>	"MedDRA: 10054761"
<http://purl.obolibrary.org/obo/OAE_0001077>	<http://www.w3.org/2000/01/rdf-schema#seeAlso>	"HPO: HP_0002719"
<http://purl.obolibrary.org/obo/OAE_0001077>	<http://www.w3.org/2000/01/rdf-schema#seeAlso>	"MedDRA: 10021857"
<http://purl.obolibrary.org/obo/OAE_0001077>	<http://www.w3.org/2000/01/rdf-schema#seeAlso>	"SIDER: C0747256"
<http://purl.obolibrary.org/obo/OAE_0001078>	<http://www.w3.org/2000/01/rdf-schema#seeAlso>	"HPO: HP_0002719"
<http://purl.obolibrary.org/obo/OAE_0001078>	<http://www.w3.org/2000/01/rdf-schema#seeAlso>	"MedDRA: 10021866"
<http://purl.obolibrary.org/obo/OAE_0001078>	<http://www.w3.org/2000/01/rdf-schema#seeAlso>	"SIDER: C0236171"
<http://purl.obolibrary.org/obo/OAE_0001079>	<http://www.w3.org/2000/01/rdf-schema#seeAlso>	"MedDRA: 10070608"
<http://purl.obolibrary.org/obo/OAE_0001081>	<http://www.w3.org/2000/01/rdf-schema#seeAlso>	"MedDRA: 10053483"
<http://purl.obolibrary.org/obo/OAE_0001082>	<http://www.w3.org/2000/01/rdf-schema#seeAlso>	"MedDRA: 10064774"
<http://purl.obolibrary.org/obo/OAE_0001083>	<http://www.w3.org/2000/01/rdf-schema#seeAlso>	"MedDRA: 10054997"
<http://purl.obolibrary.org/obo/OAE_0001084>	<http://www.w3.org/2000/01/rdf-schema#seeAlso>	"MedDRA: 10059830"
<http://purl.obolibrary.org/obo/OAE_0001085>	<http://www.w3.org/2000/01/rdf-schema#seeAlso>	"MedDRA: 10054996"
<http://purl.obolibrary.org/obo/OAE_0001086>	<http://www.w3.org/2000/01/rdf-schema#seeAlso>	"MedDRA: 10022013"
<http://purl.obolibrary.org/obo/OAE_0001087>	<http://www.w3.org/2000/01/rdf-schema#seeAlso>	"MedDRA: 10067255"
<http://purl.obolibrary.org/obo/OAE_0001088>	<http://www.w3.org/2000/01/rdf-schema#seeAlso>	"MedDRA: 10022090"
<http://purl.obolibrary.org/obo/OAE_0001090>	<http://www.w3.org/2000/01/rdf-schema#seeAlso>	"MedDRA: 10066210"
<http://purl.obolibrary.org/obo/OAE_0001091>	<http://www.w3.org/2000/01/rdf-schema#seeAlso>	"MedDRA: 10022459"
<http://purl.obolibrary.org/obo/OAE_0001092>	<http://www.w3.org/2000/01/rdf-schema#seeAlso>	"HPO: HP_0002345"
<http://purl.obolibrary.org/obo/OAE_0001092>	<http://www.w3.org/2000/01/rdf-schema#seeAlso>	"MedDRA: 10022520"
<http://purl.obolibrary.org/obo/OAE_0001092>	<http://www.w3.org/2000/01/rdf-schema#seeAlso>	"SIDER: C0234376"
<http://purl.obolibrary.org/obo/OAE_0001093>	<http://www.w3.org/2000/01/rdf-schema#seeAlso>	"MedDRA: 10065679"
<http://purl.obolibrary.org/obo/OAE_0001095>	<http://www.w3.org/2000/01/rdf-schema#seeAlso>	"HPO: HP_0006530"
<http://purl.obolibrary.org/obo/OAE_0001095>	<http://www.w3.org/2000/01/rdf-schema#seeAlso>	"MedDRA: 10022611"
<http://purl.obolibrary.org/obo/OAE_0001095>	<http://www.w3.org/2000/01/rdf-schema#seeAlso>	"SIDER: C0206062"
<http://purl.obolibrary.org/obo/OAE_0001096>	<http://www.w3.org/2000/01/rdf-schema#seeAlso>	"MedDRA: 10050296"
<http://purl.obolibrary.org/obo/OAE_0001097>	<http://www.w3.org/2000/01/rdf-schema#seeAlso>	"MedDRA: 10022680"
<http://purl.obolibrary.org/obo/OAE_0001098>	<http://www.w3.org/2000/01/rdf-schema#seeAlso>	"HPO: HP_0005250"
<http://purl.obolibrary.org/obo/OAE_0001098>	<http://www.w3.org/2000/01/rdf-schema#seeAlso>	"MedDRA: 10022687"
<http://purl.obolibrary.org/obo/OAE_0001098>	<http://www.w3.org/2000/01/rdf-schema#seeAlso>	"SIDER: C0021843"
<http://purl.obolibrary.org/obo/OAE_0001099>	<http://www.w3.org/2000/01/rdf-schema#seeAlso>	"MedDRA: 10022694"
<http://purl.obolibrary.org/obo/OAE_0001100>	<http://www.w3.org/2000/01/rdf-schema#seeAlso>	"MedDRA: 10048620"
<http://purl.obolibrary.org/obo/OAE_0001101>	<http://www.w3.org/2000/01/rdf-schema#seeAlso>	"HPO: HP_0002516"
<http://purl.obolibrary.org/obo/OAE_0001101>	<http://www.w3.org/2000/01/rdf-schema#seeAlso>	"MedDRA: 10022773"
<http://purl.obolibrary.org/obo/OAE_0001101>	<http://www.w3.org/2000/01/rdf-schema#seeAlso>	"SIDER: C0151740"
<http://purl.obolibrary.org/obo/OAE_0001102>	<http://www.w3.org/2000/01/rdf-schema#seeAlso>	"MedDRA: 10060951"
<http://purl.obolibrary.org/obo/OAE_0001103>	<http://www.w3.org/2000/01/rdf-schema#seeAlso>	"HPO: HP_0002576"
<http://purl.obolibrary.org/obo/OAE_0001103>	<http://www.w3.org/2000/01/rdf-schema#seeAlso>	"MP: MP_0003294"
<http://purl.obolibrary.org/obo/OAE_0001103>	<http://www.w3.org/2000/01/rdf-schema#seeAlso>	"MedDRA: 10022863"
<http://purl.obolibrary.org/obo/OAE_0001103>	<http://www.w3.org/2000/01/rdf-schema#seeAlso>	"SIDER: C0021933"
<http://purl.obolibrary.org/obo/OAE_0001104>	<http://www.w3.org/2000/01/rdf-schema#seeAlso>	"HPO: HP_0001891"
<http://purl.obolibrary.org/obo/OAE_0001104>	<http://www.w3.org/2000/01/rdf-schema#seeAlso>	"MedDRA: 10022972"
<http://purl.obolibrary.org/obo/OAE_0001104>	<http://www.w3.org/2000/01/rdf-schema#seeAlso>	"SIDER: C0162316"
<http://purl.obolibrary.org/obo/OAE_0001105>	<http://www.w3.org/2000/01/rdf-schema#seeAlso>	"HPO: HP_0000737"
<http://purl.obolibrary.org/obo/OAE_0001105>	<http://www.w3.org/2000/01/rdf-schema#seeAlso>	"MedDRA: 10022998"
<http://purl.obolibrary.org/obo/OAE_0001105>	<http://www.w3.org/2000/01/rdf-schema#seeAlso>	"SIDER: C0022107"
<http://purl.obolibrary.org/obo/OAE_0001106>	<http://www.w3.org/2000/01/rdf-schema#seeAlso>	"HPO: HP_0006575"
<http://purl.obolibrary.org/obo/OAE_0001106>	<http://www.w3.org/2000/01/rdf-schema#seeAlso>	"MedDRA: 10023129"
<http://purl.obolibrary.org/obo/OAE_0001106>	<http://www.w3.org/2000/01/rdf-schema#seeAlso>	"SIDER: C0022354"
<http://purl.obolibrary.org/obo/OAE_0001107>	<http://www.w3.org/2000/01/rdf-schema#seeAlso>	"MedDRA: 10061257"
<http://purl.obolibrary.org/obo/OAE_0001108>	<http://www.w3.org/2000/01/rdf-schema#seeAlso>	"MedDRA: 10023149"
<http://purl.obolibrary.org/obo/OAE_0001109>	<http://www.w3.org/2000/01/rdf-schema#seeAlso>	"MedDRA: 10023237"
<http://purl.obolibrary.org/obo/OAE_0001110>	<http://www.w3.org/2000/01/rdf-schema#seeAlso>	"HPO: HP_0002742"
<http://purl.obolibrary.org/obo/OAE_0001110>	<http://www.w3.org/2000/01/rdf-schema#seeAlso>	"MedDRA: 10061259"
<http://purl.obolibrary.org/obo/OAE_0001110>	<http://www.w3.org/2000/01/rdf-schema#seeAlso>	"SIDER: C0022729"
<http://purl.obolibrary.org/obo/OAE_0001111>	<http://www.w3.org/2000/01/rdf-schema#seeAlso>	"MedDRA: 10062061"
<http://purl.obolibrary.org/obo/OAE_0001112>	<http://www.w3.org/2000/01/rdf-schema#seeAlso>	"MedDRA: 10023615"
<http://purl.obolibrary.org/obo/OAE_0001113>	<http://www.w3.org/2000/01/rdf-schema#seeAlso>	"MedDRA: 10023789"
<http://purl.obolibrary.org/obo/OAE_0001114>	<http://www.w3.org/2000/01/rdf-schema#seeAlso>	"MedDRA: 10023791"
<http://purl.obolibrary.org/obo/OAE_0001115>	<http://www.w3.org/2000/01/rdf-schema#seeAlso>	"MedDRA: 10023799"
<http://purl.obolibrary.org/obo/OAE_0001116>	<http://www.w3.org/2000/01/rdf-schema#seeAlso>	"HPO: HP_0002250"
<http://purl.obolibrary.org/obo/OAE_0001116>	<http://www.w3.org/2000/01/rdf-schema#seeAlso>	"MedDRA: 10023804"
<http://purl.obolibrary.org/obo/OAE_0001116>	<http://www.w3.org/2000/01/rdf-schema#seeAlso>	"SIDER: NA"
<http://purl.obolibrary.org/obo/OAE_0001117>	<http://www.w3.org/2000/01/rdf-schema#seeAlso>	"MedDRA: 10024062"
<http://purl.obolibrary.org/obo/OAE_0001118>	<http://www.w3.org/2000/01/rdf-schema#seeAlso>	"MedDRA: 10067286"
<http://purl.obolibrary.org/obo/OAE_0001119>	<http://www.w3.org/2000/01/rdf-schema#seeAlso>	"MedDRA: 10049694"
<http://purl.obolibrary.org/obo/OAE_0001120>	<http://www.w3.org/2000/01/rdf-schema#seeAlso>	"HPO: HP_0001635"
<http://purl.obolibrary.org/obo/OAE_0001120>	<http://www.w3.org/2000/01/rdf-schema#seeAlso>	"MedDRA: 10024119"
<http://purl.obolibrary.org/obo/OAE_0001120>	<http://www.w3.org/2000/01/rdf-schema#seeAlso>	"SIDER: C0023212"
<http://purl.obolibrary.org/obo/OAE_0001121>	<http://www.w3.org/2000/01/rdf-schema#seeAlso>	"MedDRA: 10049773"
<http://purl.obolibrary.org/obo/OAE_0001122>	<http://www.w3.org/2000/01/rdf-schema#seeAlso>	"MedDRA: 10062489"
<http://purl.obolibrary.org/obo/OAE_0001123>	<http://www.w3.org/2000/01/rdf-schema#seeAlso>	"MedDRA: 10064987"
<http://purl.obolibrary.org/obo/OAE_0001124>	<http://www.w3.org/2000/01/rdf-schema#seeAlso>	"HPO: HP_0001909"
<http://purl.obolibrary.org/obo/OAE_0001124>	<http://www.w3.org/2000/01/rdf-schema#seeAlso>	"MedDRA: 10024328"
<http://purl.obolibrary.org/obo/OAE_0001124>	<http://www.w3.org/2000/01/rdf-schema#seeAlso>	"SIDER: C0023501"
<http://purl.obolibrary.org/obo/OAE_0001126>	<http://www.w3.org/2000/01/rdf-schema#seeAlso>	"HPO: HP_0011944"
<http://purl.obolibrary.org/obo/OAE_0001126>	<http://www.w3.org/2000/01/rdf-schema#seeAlso>	"MedDRA: 10024377"
<http://purl.obolibrary.org/obo/OAE_0001126>	<http://www.w3.org/2000/01/rdf-schema#seeAlso>	"SIDER: C2973529"
<http://purl.obolibrary.org/obo/OAE_0001127>	<http://www.w3.org/2000/01/rdf-schema#seeAlso>	"MedDRA: 10050791"
<http://purl.obolibrary.org/obo/OAE_0001128>	<http://www.w3.org/2000/01/rdf-schema#seeAlso>	"HPO: HP_0002352"
<http://purl.obolibrary.org/obo/OAE_0001128>	<http://www.w3.org/2000/01/rdf-schema#seeAlso>	"MedDRA: 10024382"
<http://purl.obolibrary.org/obo/OAE_0001128>	<http://www.w3.org/2000/01/rdf-schema#seeAlso>	"SIDER: C0270612"
<http://purl.obolibrary.org/obo/OAE_0001129>	<http://www.w3.org/2000/01/rdf-schema#seeAlso>	"HPO: HP_0001882"
<http://purl.obolibrary.org/obo/OAE_0001129>	<http://www.w3.org/2000/01/rdf-schema#seeAlso>	"MedDRA: 10024384"
<http://purl.obolibrary.org/obo/OAE_0001129>	<http://www.w3.org/2000/01/rdf-schema#seeAlso>	"SIDER: C0023530"
<http://purl.obolibrary.org/obo/OAE_0001130>	<http://www.w3.org/2000/01/rdf-schema#seeAlso>	"MedDRA: 10061221"
<http://purl.obolibrary.org/obo/OAE_0001131>	<http://www.w3.org/2000/01/rdf-schema#seeAlso>	"MedDRA: 10024429"
<http://purl.obolibrary.org/obo/OAE_0001132>	<http://www.w3.org/2000/01/rdf-schema#seeAlso>	"MedDRA: 10051992"
<http://purl.obolibrary.org/obo/OAE_0001133>	<http://www.w3.org/2000/01/rdf-schema#seeAlso>	"MedDRA: 10024574"
<http://purl.obolibrary.org/obo/OAE_0001135>	<http://www.w3.org/2000/01/rdf-schema#seeAlso>	"HPO: HP_0006706"
<http://purl.obolibrary.org/obo/OAE_0001135>	<http://www.w3.org/2000/01/rdf-schema#seeAlso>	"MedDRA: 10024670"
<http://purl.obolibrary.org/obo/OAE_0001135>	<http://www.w3.org/2000/01/rdf-schema#seeAlso>	"SIDER: C0023895"
<http://purl.obolibrary.org/obo/OAE_0001136>	<http://www.w3.org/2000/01/rdf-schema#seeAlso>	"MedDRA: 10024770"
<http://purl.obolibrary.org/obo/OAE_0001137>	<http://www.w3.org/2000/01/rdf-schema#seeAlso>	"HPO: HP_0002719"
<http://purl.obolibrary.org/obo/OAE_0001137>	<http://www.w3.org/2000/01/rdf-schema#seeAlso>	"MedDRA: 10024774"
<http://purl.obolibrary.org/obo/OAE_0001137>	<http://www.w3.org/2000/01/rdf-schema#seeAlso>	"SIDER: C0016397"
<http://purl.obolibrary.org/obo/OAE_0001138>	<http://www.w3.org/2000/01/rdf-schema#seeAlso>	"MedDRA: 10066768"
<http://purl.obolibrary.org/obo/OAE_0001139>	<http://www.w3.org/2000/01/rdf-schema#seeAlso>	"HPO: HP_0000969"
<http://purl.obolibrary.org/obo/OAE_0001139>	<http://www.w3.org/2000/01/rdf-schema#seeAlso>	"MedDRA: 10048961"
<http://purl.obolibrary.org/obo/OAE_0001139>	<http://www.w3.org/2000/01/rdf-schema#seeAlso>	"SIDER: C0013609"
<http://purl.obolibrary.org/obo/OAE_0001140>	<http://www.w3.org/2000/01/rdf-schema#seeAlso>	"MedDRA: 10057332"
<http://purl.obolibrary.org/obo/OAE_0001141>	<http://www.w3.org/2000/01/rdf-schema#seeAlso>	"HPO: HP_0002239"
<http://purl.obolibrary.org/obo/OAE_0001141>	<http://www.w3.org/2000/01/rdf-schema#seeAlso>	"MedDRA: 10050953"
<http://purl.obolibrary.org/obo/OAE_0001141>	<http://www.w3.org/2000/01/rdf-schema#seeAlso>	"SIDER: C0024050"
<http://purl.obolibrary.org/obo/OAE_0001142>	<http://www.w3.org/2000/01/rdf-schema#seeAlso>	"HPO: HP_0002783"
<http://purl.obolibrary.org/obo/OAE_0001142>	<http://www.w3.org/2000/01/rdf-schema#seeAlso>	"MedDRA: 10024968"
<http://purl.obolibrary.org/obo/OAE_0001142>	<http://www.w3.org/2000/01/rdf-schema#seeAlso>	"SIDER: C0149725"
<http://purl.obolibrary.org/obo/OAE_0001143>	<http://www.w3.org/2000/01/rdf-schema#seeAlso>	"MedDRA: 10025080"
<http://purl.obolibrary.org/obo/OAE_0001144>	<http://www.w3.org/2000/01/rdf-schema#seeAlso>	"HPO: HP_0002783"
<http://purl.obolibrary.org/obo/OAE_0001144>	<http://www.w3.org/2000/01/rdf-schema#seeAlso>	"MedDRA: 10061229"
<http://purl.obolibrary.org/obo/OAE_0001144>	<http://www.w3.org/2000/01/rdf-schema#seeAlso>	"SIDER: C0876973"
<http://purl.obolibrary.org/obo/OAE_0001145>	<http://www.w3.org/2000/01/rdf-schema#seeAlso>	"HPO: HP_0005828"
<http://purl.obolibrary.org/obo/OAE_0001145>	<http://www.w3.org/2000/01/rdf-schema#seeAlso>	"MedDRA: 10025102"
<http://purl.obolibrary.org/obo/OAE_0001145>	<http://www.w3.org/2000/01/rdf-schema#seeAlso>	"SIDER: C0235896"
<http://purl.obolibrary.org/obo/OAE_0001146>	<http://www.w3.org/2000/01/rdf-schema#seeAlso>	"HPO: HP_0100526"
<http://purl.obolibrary.org/obo/OAE_0001146>	<http://www.w3.org/2000/01/rdf-schema#seeAlso>	"MedDRA: 10062042"
<http://purl.obolibrary.org/obo/OAE_0001146>	<http://www.w3.org/2000/01/rdf-schema#seeAlso>	"SIDER: C0024121"
<http://purl.obolibrary.org/obo/OAE_0001147>	<http://www.w3.org/2000/01/rdf-schema#seeAlso>	"HPO: HP_0002716"
<http://purl.obolibrary.org/obo/OAE_0001147>	<http://www.w3.org/2000/01/rdf-schema#seeAlso>	"MedDRA: 10025197"
<http://purl.obolibrary.org/obo/OAE_0001147>	<http://www.w3.org/2000/01/rdf-schema#seeAlso>	"SIDER: C0497156"
<http://purl.obolibrary.org/obo/OAE_0001148>	<http://www.w3.org/2000/01/rdf-schema#seeAlso>	"MedDRA: 10053132"
<http://purl.obolibrary.org/obo/OAE_0001149>	<http://www.w3.org/2000/01/rdf-schema#seeAlso>	"MedDRA: 10025256"
<http://purl.obolibrary.org/obo/OAE_0001150>	<http://www.w3.org/2000/01/rdf-schema#seeAlso>	"MedDRA: 10052232"
<http://purl.obolibrary.org/obo/OAE_0001151>	<http://www.w3.org/2000/01/rdf-schema#seeAlso>	"MedDRA: 10062049"
<http://purl.obolibrary.org/obo/OAE_0001152>	<http://www.w3.org/2000/01/rdf-schema#seeAlso>	"HPO: HP_0012141"
<http://purl.obolibrary.org/obo/OAE_0001152>	<http://www.w3.org/2000/01/rdf-schema#seeAlso>	"MedDRA: 10025280"
<http://purl.obolibrary.org/obo/OAE_0001152>	<http://www.w3.org/2000/01/rdf-schema#seeAlso>	"SIDER: C0024282"
<http://purl.obolibrary.org/obo/OAE_0001153>	<http://www.w3.org/2000/01/rdf-schema#seeAlso>	"HPO: HP_0001004"
<http://purl.obolibrary.org/obo/OAE_0001153>	<http://www.w3.org/2000/01/rdf-schema#seeAlso>	"MedDRA: 10025282"
<http://purl.obolibrary.org/obo/OAE_0001153>	<http://www.w3.org/2000/01/rdf-schema#seeAlso>	"SIDER: C0024236"
<http://purl.obolibrary.org/obo/OAE_0001154>	<http://www.w3.org/2000/01/rdf-schema#seeAlso>	"HPO: HP_0001888"
<http://purl.obolibrary.org/obo/OAE_0001154>	<http://www.w3.org/2000/01/rdf-schema#seeAlso>	"MedDRA: 10025327"
<http://purl.obolibrary.org/obo/OAE_0001154>	<http://www.w3.org/2000/01/rdf-schema#seeAlso>	"SIDER: C0024312"
<http://purl.obolibrary.org/obo/OAE_0001155>	<http://www.w3.org/2000/01/rdf-schema#seeAlso>	"HPO: HP_0007673"
<http://purl.obolibrary.org/obo/OAE_0001155>	<http://www.w3.org/2000/01/rdf-schema#seeAlso>	"MedDRA: 10025409"
<http://purl.obolibrary.org/obo/OAE_0001155>	<http://www.w3.org/2000/01/rdf-schema#seeAlso>	"SIDER: C0024437"
<http://purl.obolibrary.org/obo/OAE_0001156>	<http://www.w3.org/2000/01/rdf-schema#seeAlso>	"MedDRA: 10025513"
<http://purl.obolibrary.org/obo/OAE_0001157>	<http://www.w3.org/2000/01/rdf-schema#seeAlso>	"MedDRA: 10061309"
<http://purl.obolibrary.org/obo/OAE_0001158>	<http://www.w3.org/2000/01/rdf-schema#seeAlso>	"MedDRA: 10026673"
<http://purl.obolibrary.org/obo/OAE_0001161>	<http://www.w3.org/2000/01/rdf-schema#seeAlso>	"MedDRA: 10011078"
<http://purl.obolibrary.org/obo/OAE_0001161>	<http://www.w3.org/2000/01/rdf-schema#seeAlso>	"MedDRA: 10011082"
<http://purl.obolibrary.org/obo/OAE_0001162>	<http://www.w3.org/2000/01/rdf-schema#seeAlso>	"MedDRA: 10026851"
<http://purl.obolibrary.org/obo/OAE_0001163>	<http://www.w3.org/2000/01/rdf-schema#seeAlso>	"MedDRA: 10026923"
<http://purl.obolibrary.org/obo/OAE_0001164>	<http://www.w3.org/2000/01/rdf-schema#seeAlso>	"HPO: HP_0000765"
<http://purl.obolibrary.org/obo/OAE_0001164>	<http://www.w3.org/2000/01/rdf-schema#seeAlso>	"MedDRA: 10061280"
<http://purl.obolibrary.org/obo/OAE_0001164>	<http://www.w3.org/2000/01/rdf-schema#seeAlso>	"SIDER: C0025061"
<http://purl.obolibrary.org/obo/OAE_0001165>	<http://www.w3.org/2000/01/rdf-schema#seeAlso>	"HPO: HP_0002251"
<http://purl.obolibrary.org/obo/OAE_0001165>	<http://www.w3.org/2000/01/rdf-schema#seeAlso>	"MedDRA: 10027110"
<http://purl.obolibrary.org/obo/OAE_0001165>	<http://www.w3.org/2000/01/rdf-schema#seeAlso>	"SIDER: C0025160"
<http://purl.obolibrary.org/obo/OAE_0001166>	<http://www.w3.org/2000/01/rdf-schema#seeAlso>	"HPO: HP_0002249"
<http://purl.obolibrary.org/obo/OAE_0001166>	<http://www.w3.org/2000/01/rdf-schema#seeAlso>	"MedDRA: 10027141"
<http://purl.obolibrary.org/obo/OAE_0001166>	<http://www.w3.org/2000/01/rdf-schema#seeAlso>	"SIDER: C0025222"
<http://purl.obolibrary.org/obo/OAE_0001167>	<http://www.w3.org/2000/01/rdf-schema#seeAlso>	"HPO: HP_0002354"
<http://purl.obolibrary.org/obo/OAE_0001167>	<http://www.w3.org/2000/01/rdf-schema#seeAlso>	"MedDRA: 10027175"
<http://purl.obolibrary.org/obo/OAE_0001167>	<http://www.w3.org/2000/01/rdf-schema#seeAlso>	"SIDER: C0233794"
<http://purl.obolibrary.org/obo/OAE_0001168>	<http://www.w3.org/2000/01/rdf-schema#seeAlso>	"HPO: HP_0001287"
<http://purl.obolibrary.org/obo/OAE_0001168>	<http://www.w3.org/2000/01/rdf-schema#seeAlso>	"MedDRA: 10027201"
<http://purl.obolibrary.org/obo/OAE_0001168>	<http://www.w3.org/2000/01/rdf-schema#seeAlso>	"SIDER: C0025290"
<http://purl.obolibrary.org/obo/OAE_0001169>	<http://www.w3.org/2000/01/rdf-schema#seeAlso>	"HPO: HP_0100608"
<http://purl.obolibrary.org/obo/OAE_0001169>	<http://www.w3.org/2000/01/rdf-schema#seeAlso>	"MedDRA: 10027295"
<http://purl.obolibrary.org/obo/OAE_0001169>	<http://www.w3.org/2000/01/rdf-schema#seeAlso>	"SIDER: C0232943"
<http://purl.obolibrary.org/obo/OAE_0001170>	<http://www.w3.org/2000/01/rdf-schema#seeAlso>	"HPO: HP_0000132"
<http://purl.obolibrary.org/obo/OAE_0001170>	<http://www.w3.org/2000/01/rdf-schema#seeAlso>	"MedDRA: 10027313"
<http://purl.obolibrary.org/obo/OAE_0001170>	<http://www.w3.org/2000/01/rdf-schema#seeAlso>	"SIDER: C0025323"
<http://purl.obolibrary.org/obo/OAE_0001171>	<http://www.w3.org/2000/01/rdf-schema#seeAlso>	"MedDRA: 10048294"
<http://purl.obolibrary.org/obo/OAE_0001172>	<http://www.w3.org/2000/01/rdf-schema#seeAlso>	"MedDRA: 10058097"
<http://purl.obolibrary.org/obo/OAE_0001173>	<http://www.w3.org/2000/01/rdf-schema#seeAlso>	"MedDRA: 10013002"
<http://purl.obolibrary.org/obo/OAE_0001174>	<http://www.w3.org/2000/01/rdf-schema#seeAlso>	"MedDRA: 10027450"
<http://purl.obolibrary.org/obo/OAE_0001175>	<http://www.w3.org/2000/01/rdf-schema#seeAlso>	"MedDRA: 10027452"
<http://purl.obolibrary.org/obo/OAE_0001176>	<http://www.w3.org/2000/01/rdf-schema#seeAlso>	"MedDRA: 10059282"
<http://purl.obolibrary.org/obo/OAE_0001177>	<http://www.w3.org/2000/01/rdf-schema#seeAlso>	"MedDRA: 10027457"
<http://purl.obolibrary.org/obo/OAE_0001178>	<http://www.w3.org/2000/01/rdf-schema#seeAlso>	"MedDRA: 10027458"
<http://purl.obolibrary.org/obo/OAE_0001179>	<http://www.w3.org/2000/01/rdf-schema#seeAlso>	"MedDRA: 10051696"
<http://purl.obolibrary.org/obo/OAE_0001180>	<http://www.w3.org/2000/01/rdf-schema#seeAlso>	"MedDRA: 10051676"
<http://purl.obolibrary.org/obo/OAE_0001181>	<http://www.w3.org/2000/01/rdf-schema#seeAlso>	"MedDRA: 10027463"
<http://purl.obolibrary.org/obo/OAE_0001183>	<http://www.w3.org/2000/01/rdf-schema#seeAlso>	"MedDRA: 10027468"
<http://purl.obolibrary.org/obo/OAE_0001184>	<http://www.w3.org/2000/01/rdf-schema#seeAlso>	"MedDRA: 10062194"
<http://purl.obolibrary.org/obo/OAE_0001185>	<http://www.w3.org/2000/01/rdf-schema#seeAlso>	"MedDRA: 10061289"
<http://purl.obolibrary.org/obo/OAE_0001186>	<http://www.w3.org/2000/01/rdf-schema#seeAlso>	"HPO: HP_0100608"
<http://purl.obolibrary.org/obo/OAE_0001186>	<http://www.w3.org/2000/01/rdf-schema#seeAlso>	"MedDRA: 10027514"
<http://purl.obolibrary.org/obo/OAE_0001186>	<http://www.w3.org/2000/01/rdf-schema#seeAlso>	"SIDER: C0025874"
<http://purl.obolibrary.org/obo/OAE_0001187>	<http://www.w3.org/2000/01/rdf-schema#seeAlso>	"HPO: HP_0001937"
<http://purl.obolibrary.org/obo/OAE_0001187>	<http://www.w3.org/2000/01/rdf-schema#seeAlso>	"MedDRA: 10027527"
<http://purl.obolibrary.org/obo/OAE_0001187>	<http://www.w3.org/2000/01/rdf-schema#seeAlso>	"SIDER: C0221021"
<http://purl.obolibrary.org/obo/OAE_0001188>	<http://www.w3.org/2000/01/rdf-schema#seeAlso>	"HPO: HP_0001653"
<http://purl.obolibrary.org/obo/OAE_0001188>	<http://www.w3.org/2000/01/rdf-schema#seeAlso>	"MedDRA: 10027727"
<http://purl.obolibrary.org/obo/OAE_0001188>	<http://www.w3.org/2000/01/rdf-schema#seeAlso>	"SIDER: C0026266"
<http://purl.obolibrary.org/obo/OAE_0001189>	<http://www.w3.org/2000/01/rdf-schema#seeAlso>	"HPO: HP_0000167"
<http://purl.obolibrary.org/obo/OAE_0001189>	<http://www.w3.org/2000/01/rdf-schema#seeAlso>	"MedDRA: 10028024"
<http://purl.obolibrary.org/obo/OAE_0001189>	<http://www.w3.org/2000/01/rdf-schema#seeAlso>	"SIDER: C0029163"
<http://purl.obolibrary.org/obo/OAE_0001190>	<http://www.w3.org/2000/01/rdf-schema#seeAlso>	"HPO: HP_0000155"
<http://purl.obolibrary.org/obo/OAE_0001190>	<http://www.w3.org/2000/01/rdf-schema#seeAlso>	"MedDRA: 10028034"
<http://purl.obolibrary.org/obo/OAE_0001190>	<http://www.w3.org/2000/01/rdf-schema#seeAlso>	"SIDER: C0149745"
<http://purl.obolibrary.org/obo/OAE_0001191>	<http://www.w3.org/2000/01/rdf-schema#seeAlso>	"MedDRA: 10048393"
<http://purl.obolibrary.org/obo/OAE_0001192>	<http://www.w3.org/2000/01/rdf-schema#seeAlso>	"MedDRA: 10028294"
<http://purl.obolibrary.org/obo/OAE_0001193>	<http://www.w3.org/2000/01/rdf-schema#seeAlso>	"MedDRA: 10057945"
<http://purl.obolibrary.org/obo/OAE_0001194>	<http://www.w3.org/2000/01/rdf-schema#seeAlso>	"MedDRA: 10028356"
<http://purl.obolibrary.org/obo/OAE_0001195>	<http://www.w3.org/2000/01/rdf-schema#seeAlso>	"HPO: HP_0006649"
<http://purl.obolibrary.org/obo/OAE_0001195>	<http://www.w3.org/2000/01/rdf-schema#seeAlso>	"MedDRA: 10050819"
<http://purl.obolibrary.org/obo/OAE_0001195>	<http://www.w3.org/2000/01/rdf-schema#seeAlso>	"SIDER: C0476280"
<http://purl.obolibrary.org/obo/OAE_0001196>	<http://www.w3.org/2000/01/rdf-schema#seeAlso>	"MedDRA: 10061300"
<http://purl.obolibrary.org/obo/OAE_0001198>	<http://www.w3.org/2000/01/rdf-schema#seeAlso>	"HPO: HP_0006730"
<http://purl.obolibrary.org/obo/OAE_0001198>	<http://www.w3.org/2000/01/rdf-schema#seeAlso>	"MedDRA: 10028533"
<http://purl.obolibrary.org/obo/OAE_0001198>	<http://www.w3.org/2000/01/rdf-schema#seeAlso>	"SIDER: C0026986"
<http://purl.obolibrary.org/obo/OAE_0001199>	<http://www.w3.org/2000/01/rdf-schema#seeAlso>	"HPO: HP_0011974"
<http://purl.obolibrary.org/obo/OAE_0001199>	<http://www.w3.org/2000/01/rdf-schema#seeAlso>	"MedDRA: 10028537"
<http://purl.obolibrary.org/obo/OAE_0001199>	<http://www.w3.org/2000/01/rdf-schema#seeAlso>	"SIDER: C0026987"
<http://purl.obolibrary.org/obo/OAE_0001200>	<http://www.w3.org/2000/01/rdf-schema#seeAlso>	"HPO: HP_0001637"
<http://purl.obolibrary.org/obo/OAE_0001200>	<http://www.w3.org/2000/01/rdf-schema#seeAlso>	"MedDRA: 10028600"
<http://purl.obolibrary.org/obo/OAE_0001200>	<http://www.w3.org/2000/01/rdf-schema#seeAlso>	"SIDER: C0151744"
<http://purl.obolibrary.org/obo/OAE_0001201>	<http://www.w3.org/2000/01/rdf-schema#seeAlso>	"MedDRA: 10028606"
<http://purl.obolibrary.org/obo/OAE_0001202>	<http://www.w3.org/2000/01/rdf-schema#seeAlso>	"HPO: HP_0001597"
<http://purl.obolibrary.org/obo/OAE_0001202>	<http://www.w3.org/2000/01/rdf-schema#seeAlso>	"MedDRA: 10028694"
<http://purl.obolibrary.org/obo/OAE_0001202>	<http://www.w3.org/2000/01/rdf-schema#seeAlso>	"SIDER: C0027339"
<http://purl.obolibrary.org/obo/OAE_0001203>	<http://www.w3.org/2000/01/rdf-schema#seeAlso>	"HPO: HP_0008396"
<http://purl.obolibrary.org/obo/OAE_0001203>	<http://www.w3.org/2000/01/rdf-schema#seeAlso>	"MedDRA: 10061304"
<http://purl.obolibrary.org/obo/OAE_0001203>	<http://www.w3.org/2000/01/rdf-schema#seeAlso>	"SIDER: C0343026"
<http://purl.obolibrary.org/obo/OAE_0001204>	<http://www.w3.org/2000/01/rdf-schema#seeAlso>	"MedDRA: 10028862"
<http://purl.obolibrary.org/obo/OAE_0001205>	<http://www.w3.org/2000/01/rdf-schema#seeAlso>	"HPO: HP_0002664"
<http://purl.obolibrary.org/obo/OAE_0001205>	<http://www.w3.org/2000/01/rdf-schema#seeAlso>	"MedDRA: 10028997"
<http://purl.obolibrary.org/obo/OAE_0001205>	<http://www.w3.org/2000/01/rdf-schema#seeAlso>	"SIDER: C0006826"
<http://purl.obolibrary.org/obo/OAE_0001206>	<http://www.w3.org/2000/01/rdf-schema#seeAlso>	"MedDRA: 10061309"
<http://purl.obolibrary.org/obo/OAE_0001207>	<http://www.w3.org/2000/01/rdf-schema#seeAlso>	"MedDRA: 10061864"
<http://purl.obolibrary.org/obo/OAE_0001208>	<http://www.w3.org/2000/01/rdf-schema#seeAlso>	"HPO: HP_0000121"
<http://purl.obolibrary.org/obo/OAE_0001208>	<http://www.w3.org/2000/01/rdf-schema#seeAlso>	"MedDRA: 10029146"
<http://purl.obolibrary.org/obo/OAE_0001208>	<http://www.w3.org/2000/01/rdf-schema#seeAlso>	"SIDER: C0027709"
<http://purl.obolibrary.org/obo/OAE_0001209>	<http://www.w3.org/2000/01/rdf-schema#seeAlso>	"HPO: HP_0000100"
<http://purl.obolibrary.org/obo/OAE_0001209>	<http://www.w3.org/2000/01/rdf-schema#seeAlso>	"MedDRA: 10029164"
<http://purl.obolibrary.org/obo/OAE_0001209>	<http://www.w3.org/2000/01/rdf-schema#seeAlso>	"SIDER: C0027726"
<http://purl.obolibrary.org/obo/OAE_0001210>	<http://www.w3.org/2000/01/rdf-schema#seeAlso>	"MedDRA: 10029174"
<http://purl.obolibrary.org/obo/OAE_0001211>	<http://www.w3.org/2000/01/rdf-schema#seeAlso>	"MedDRA: 10061866"
<http://purl.obolibrary.org/obo/OAE_0001212>	<http://www.w3.org/2000/01/rdf-schema#seeAlso>	"MedDRA: 10029188"
<http://purl.obolibrary.org/obo/OAE_0001213>	<http://www.w3.org/2000/01/rdf-schema#seeAlso>	"MedDRA: 10068357"
<http://purl.obolibrary.org/obo/OAE_0001214>	<http://www.w3.org/2000/01/rdf-schema#seeAlso>	"HPO: HP_0009588"
<http://purl.obolibrary.org/obo/OAE_0001214>	<http://www.w3.org/2000/01/rdf-schema#seeAlso>	"MedDRA: 10029308"
<http://purl.obolibrary.org/obo/OAE_0001214>	<http://www.w3.org/2000/01/rdf-schema#seeAlso>	"SIDER: C0027858"
<http://purl.obolibrary.org/obo/OAE_0001215>	<http://www.w3.org/2000/01/rdf-schema#seeAlso>	"MedDRA: 10029350"
<http://purl.obolibrary.org/obo/OAE_0001216>	<http://www.w3.org/2000/01/rdf-schema#seeAlso>	"MedDRA: 10064980"
<http://purl.obolibrary.org/obo/OAE_0001217>	<http://www.w3.org/2000/01/rdf-schema#seeAlso>	"HPO: HP_0001875"
<http://purl.obolibrary.org/obo/OAE_0001217>	<http://www.w3.org/2000/01/rdf-schema#seeAlso>	"MedDRA: 10029354"
<http://purl.obolibrary.org/obo/OAE_0001217>	<http://www.w3.org/2000/01/rdf-schema#seeAlso>	"SIDER: C0027947"
<http://purl.obolibrary.org/obo/OAE_0001218>	<http://www.w3.org/2000/01/rdf-schema#seeAlso>	"MedDRA: 10029358"
<http://purl.obolibrary.org/obo/OAE_0001219>	<http://www.w3.org/2000/01/rdf-schema#seeAlso>	"HPO: HP_0002583"
<http://purl.obolibrary.org/obo/OAE_0001219>	<http://www.w3.org/2000/01/rdf-schema#seeAlso>	"MedDRA: 10062959"
<http://purl.obolibrary.org/obo/OAE_0001219>	<http://www.w3.org/2000/01/rdf-schema#seeAlso>	"SIDER: C0400823"
<http://purl.obolibrary.org/obo/OAE_0001220>	<http://www.w3.org/2000/01/rdf-schema#seeAlso>	"MedDRA: 10049151"
<http://purl.obolibrary.org/obo/OAE_0001221>	<http://www.w3.org/2000/01/rdf-schema#seeAlso>	"MedDRA: 10061313"
<http://purl.obolibrary.org/obo/OAE_0001222>	<http://www.w3.org/2000/01/rdf-schema#seeAlso>	"HPO: HP_0011991"
<http://purl.obolibrary.org/obo/OAE_0001222>	<http://www.w3.org/2000/01/rdf-schema#seeAlso>	"MedDRA: 10029366"
<http://purl.obolibrary.org/obo/OAE_0001222>	<http://www.w3.org/2000/01/rdf-schema#seeAlso>	"SIDER: NA"
<http://purl.obolibrary.org/obo/OAE_0001223>	<http://www.w3.org/2000/01/rdf-schema#seeAlso>	"MedDRA: 10052224"
<http://purl.obolibrary.org/obo/OAE_0001224>	<http://www.w3.org/2000/01/rdf-schema#seeAlso>	"MedDRA: 10051081"
<http://purl.obolibrary.org/obo/OAE_0001225>	<http://www.w3.org/2000/01/rdf-schema#seeAlso>	"MedDRA: 10061873"
<http://purl.obolibrary.org/obo/OAE_0001226>	<http://www.w3.org/2000/01/rdf-schema#seeAlso>	"MedDRA: 10029522"
<http://purl.obolibrary.org/obo/OAE_0001227>	<http://www.w3.org/2000/01/rdf-schema#seeAlso>	"HPO: HP_0001897"
<http://purl.obolibrary.org/obo/OAE_0001227>	<http://www.w3.org/2000/01/rdf-schema#seeAlso>	"MedDRA: 10029783"
<http://purl.obolibrary.org/obo/OAE_0001227>	<http://www.w3.org/2000/01/rdf-schema#seeAlso>	"SIDER: C0271899"
<http://purl.obolibrary.org/obo/OAE_0001229>	<http://www.w3.org/2000/01/rdf-schema#seeAlso>	"HPO: HP_0006536"
<http://purl.obolibrary.org/obo/OAE_0001229>	<http://www.w3.org/2000/01/rdf-schema#seeAlso>	"MedDRA: 10061877"
<http://purl.obolibrary.org/obo/OAE_0001229>	<http://www.w3.org/2000/01/rdf-schema#seeAlso>	"SIDER: C0600260"
<http://purl.obolibrary.org/obo/OAE_0001230>	<http://www.w3.org/2000/01/rdf-schema#seeAlso>	"MedDRA: 10061878"
<http://purl.obolibrary.org/obo/OAE_0001231>	<http://www.w3.org/2000/01/rdf-schema#seeAlso>	"MedDRA: 10030094"
<http://purl.obolibrary.org/obo/OAE_0001232>	<http://www.w3.org/2000/01/rdf-schema#seeAlso>	"HPO: HP_0010833"
<http://purl.obolibrary.org/obo/OAE_0001232>	<http://www.w3.org/2000/01/rdf-schema#seeAlso>	"MedDRA: 10030180"
<http://purl.obolibrary.org/obo/OAE_0001232>	<http://www.w3.org/2000/01/rdf-schema#seeAlso>	"SIDER: C0221727"
<http://purl.obolibrary.org/obo/OAE_0001233>	<http://www.w3.org/2000/01/rdf-schema#seeAlso>	"HPO: HP_0010450"
<http://purl.obolibrary.org/obo/OAE_0001233>	<http://www.w3.org/2000/01/rdf-schema#seeAlso>	"MedDRA: 10030194"
<http://purl.obolibrary.org/obo/OAE_0001233>	<http://www.w3.org/2000/01/rdf-schema#seeAlso>	"SIDER: C0014866"
<http://purl.obolibrary.org/obo/OAE_0001234>	<http://www.w3.org/2000/01/rdf-schema#seeAlso>	"HPO: HP_0100633"
<http://purl.obolibrary.org/obo/OAE_0001234>	<http://www.w3.org/2000/01/rdf-schema#seeAlso>	"MedDRA: 10030216"
<http://purl.obolibrary.org/obo/OAE_0001234>	<http://www.w3.org/2000/01/rdf-schema#seeAlso>	"SIDER: C0014868"
<http://purl.obolibrary.org/obo/OAE_0001235>	<http://www.w3.org/2000/01/rdf-schema#seeAlso>	"HPO: HP_0001562"
<http://purl.obolibrary.org/obo/OAE_0001235>	<http://www.w3.org/2000/01/rdf-schema#seeAlso>	"MedDRA: 10030289"
<http://purl.obolibrary.org/obo/OAE_0001235>	<http://www.w3.org/2000/01/rdf-schema#seeAlso>	"SIDER: C0079924"
<http://purl.obolibrary.org/obo/OAE_0001236>	<http://www.w3.org/2000/01/rdf-schema#seeAlso>	"MedDRA: 10064251"
<http://purl.obolibrary.org/obo/OAE_0001237>	<http://www.w3.org/2000/01/rdf-schema#seeAlso>	"HPO: HP_0001808"
<http://purl.obolibrary.org/obo/OAE_0001237>	<http://www.w3.org/2000/01/rdf-schema#seeAlso>	"MedDRA: 10048886"
<http://purl.obolibrary.org/obo/OAE_0001237>	<http://www.w3.org/2000/01/rdf-schema#seeAlso>	"SIDER: C0546956"
<http://purl.obolibrary.org/obo/OAE_0001238>	<http://www.w3.org/2000/01/rdf-schema#seeAlso>	"HPO: HP_0008400"
<http://purl.obolibrary.org/obo/OAE_0001238>	<http://www.w3.org/2000/01/rdf-schema#seeAlso>	"MedDRA: 10030337"
<http://purl.obolibrary.org/obo/OAE_0001238>	<http://www.w3.org/2000/01/rdf-schema#seeAlso>	"SIDER: C0085661"
<http://purl.obolibrary.org/obo/OAE_0001240>	<http://www.w3.org/2000/01/rdf-schema#seeAlso>	"MedDRA: 10049274"
<http://purl.obolibrary.org/obo/OAE_0001241>	<http://www.w3.org/2000/01/rdf-schema#seeAlso>	"HPO: HP_0000501"
<http://purl.obolibrary.org/obo/OAE_0001241>	<http://www.w3.org/2000/01/rdf-schema#seeAlso>	"MedDRA: 10030348"
<http://purl.obolibrary.org/obo/OAE_0001241>	<http://www.w3.org/2000/01/rdf-schema#seeAlso>	"SIDER: C0017612"
<http://purl.obolibrary.org/obo/OAE_0001242>	<http://www.w3.org/2000/01/rdf-schema#seeAlso>	"MedDRA: 10063232"
<http://purl.obolibrary.org/obo/OAE_0001243>	<http://www.w3.org/2000/01/rdf-schema#seeAlso>	"HPO: HP_0009098"
<http://purl.obolibrary.org/obo/OAE_0001243>	<http://www.w3.org/2000/01/rdf-schema#seeAlso>	"MedDRA: 10030963"
<http://purl.obolibrary.org/obo/OAE_0001243>	<http://www.w3.org/2000/01/rdf-schema#seeAlso>	"SIDER: C0006849"
<http://purl.obolibrary.org/obo/OAE_0001244>	<http://www.w3.org/2000/01/rdf-schema#seeAlso>	"MedDRA: 10065720"
<http://purl.obolibrary.org/obo/OAE_0001245>	<http://www.w3.org/2000/01/rdf-schema#seeAlso>	"MedDRA: 10067152"
<http://purl.obolibrary.org/obo/OAE_0001247>	<http://www.w3.org/2000/01/rdf-schema#seeAlso>	"MedDRA: 10064594"
<http://purl.obolibrary.org/obo/OAE_0001248>	<http://www.w3.org/2000/01/rdf-schema#seeAlso>	"MedDRA: 10067418"
<http://purl.obolibrary.org/obo/OAE_0001249>	<http://www.w3.org/2000/01/rdf-schema#seeAlso>	"HPO: HP_0010833"
<http://purl.obolibrary.org/obo/OAE_0001249>	<http://www.w3.org/2000/01/rdf-schema#seeAlso>	"MedDRA: 10031009"
<http://purl.obolibrary.org/obo/OAE_0001249>	<http://www.w3.org/2000/01/rdf-schema#seeAlso>	"SIDER: C0221776"
<http://purl.obolibrary.org/obo/OAE_0001250>	<http://www.w3.org/2000/01/rdf-schema#seeAlso>	"MedDRA: 10031015"
<http://purl.obolibrary.org/obo/OAE_0001252>	<http://www.w3.org/2000/01/rdf-schema#seeAlso>	"HPO: HP_0100539"
<http://purl.obolibrary.org/obo/OAE_0001252>	<http://www.w3.org/2000/01/rdf-schema#seeAlso>	"MedDRA: 10031051"
<http://purl.obolibrary.org/obo/OAE_0001252>	<http://www.w3.org/2000/01/rdf-schema#seeAlso>	"SIDER: C0424813"
<http://purl.obolibrary.org/obo/OAE_0001253>	<http://www.w3.org/2000/01/rdf-schema#seeAlso>	"HPO: HP_0002090"
<http://purl.obolibrary.org/obo/OAE_0001253>	<http://www.w3.org/2000/01/rdf-schema#seeAlso>	"MedDRA: 10067472"
<http://purl.obolibrary.org/obo/OAE_0001253>	<http://www.w3.org/2000/01/rdf-schema#seeAlso>	"SIDER: C0264383"
<http://purl.obolibrary.org/obo/OAE_0001254>	<http://www.w3.org/2000/01/rdf-schema#seeAlso>	"HPO: HP_0009098"
<http://purl.obolibrary.org/obo/OAE_0001254>	<http://www.w3.org/2000/01/rdf-schema#seeAlso>	"MedDRA: 10050346"
<http://purl.obolibrary.org/obo/OAE_0001254>	<http://www.w3.org/2000/01/rdf-schema#seeAlso>	"SIDER: C0919659"
<http://purl.obolibrary.org/obo/OAE_0001255>	<http://www.w3.org/2000/01/rdf-schema#seeAlso>	"HPO: HP_0003739"
<http://purl.obolibrary.org/obo/OAE_0001255>	<http://www.w3.org/2000/01/rdf-schema#seeAlso>	"MedDRA: 10031111"
<http://purl.obolibrary.org/obo/OAE_0001255>	<http://www.w3.org/2000/01/rdf-schema#seeAlso>	"SIDER: C0234952"
<http://purl.obolibrary.org/obo/OAE_0001256>	<http://www.w3.org/2000/01/rdf-schema#seeAlso>	"HPO: HP_0007626"
<http://purl.obolibrary.org/obo/OAE_0001256>	<http://www.w3.org/2000/01/rdf-schema#seeAlso>	"MedDRA: 10031252"
<http://purl.obolibrary.org/obo/OAE_0001256>	<http://www.w3.org/2000/01/rdf-schema#seeAlso>	"SIDER: C0029443"
<http://purl.obolibrary.org/obo/OAE_0001257>	<http://www.w3.org/2000/01/rdf-schema#seeAlso>	"MedDRA: 10031256"
<http://purl.obolibrary.org/obo/OAE_0001259>	<http://www.w3.org/2000/01/rdf-schema#seeAlso>	"HPO: HP_0010885"
<http://purl.obolibrary.org/obo/OAE_0001259>	<http://www.w3.org/2000/01/rdf-schema#seeAlso>	"MedDRA: 10031264"
<http://purl.obolibrary.org/obo/OAE_0001259>	<http://www.w3.org/2000/01/rdf-schema#seeAlso>	"SIDER: C0029445"
<http://purl.obolibrary.org/obo/OAE_0001260>	<http://www.w3.org/2000/01/rdf-schema#seeAlso>	"HPO: HP_0010885"
<http://purl.obolibrary.org/obo/OAE_0001260>	<http://www.w3.org/2000/01/rdf-schema#seeAlso>	"MedDRA: 10064658"
<http://purl.obolibrary.org/obo/OAE_0001260>	<http://www.w3.org/2000/01/rdf-schema#seeAlso>	"SIDER: C1401381"
<http://purl.obolibrary.org/obo/OAE_0001261>	<http://www.w3.org/2000/01/rdf-schema#seeAlso>	"MedDRA: 10067352"
<http://purl.obolibrary.org/obo/OAE_0001262>	<http://www.w3.org/2000/01/rdf-schema#seeAlso>	"HPO: HP_0011001"
<http://purl.obolibrary.org/obo/OAE_0001262>	<http://www.w3.org/2000/01/rdf-schema#seeAlso>	"MedDRA: 10031298"
<http://purl.obolibrary.org/obo/OAE_0001262>	<http://www.w3.org/2000/01/rdf-schema#seeAlso>	"SIDER: C0029464"
<http://purl.obolibrary.org/obo/OAE_0001263>	<http://www.w3.org/2000/01/rdf-schema#seeAlso>	"HPO: HP_0100615"
<http://purl.obolibrary.org/obo/OAE_0001263>	<http://www.w3.org/2000/01/rdf-schema#seeAlso>	"MedDRA: 10033128"
<http://purl.obolibrary.org/obo/OAE_0001263>	<http://www.w3.org/2000/01/rdf-schema#seeAlso>	"SIDER: C1140680"
<http://purl.obolibrary.org/obo/OAE_0001264>	<http://www.w3.org/2000/01/rdf-schema#seeAlso>	"MedDRA: 10033157"
<http://purl.obolibrary.org/obo/OAE_0001265>	<http://www.w3.org/2000/01/rdf-schema#seeAlso>	"MedDRA: 10058823"
<http://purl.obolibrary.org/obo/OAE_0001267>	<http://www.w3.org/2000/01/rdf-schema#seeAlso>	"MedDRA: 10033318"
<http://purl.obolibrary.org/obo/OAE_0001268>	<http://www.w3.org/2000/01/rdf-schema#seeAlso>	"HPO: HP_0200023"
<http://purl.obolibrary.org/obo/OAE_0001268>	<http://www.w3.org/2000/01/rdf-schema#seeAlso>	"MedDRA: 10033433"
<http://purl.obolibrary.org/obo/OAE_0001268>	<http://www.w3.org/2000/01/rdf-schema#seeAlso>	"SIDER: C0236000"
<http://purl.obolibrary.org/obo/OAE_0001269>	<http://www.w3.org/2000/01/rdf-schema#seeAlso>	"HPO: HP_0010833"
<http://purl.obolibrary.org/obo/OAE_0001269>	<http://www.w3.org/2000/01/rdf-schema#seeAlso>	"MedDRA: 10033474"
<http://purl.obolibrary.org/obo/OAE_0001269>	<http://www.w3.org/2000/01/rdf-schema#seeAlso>	"SIDER: C0241136"
<http://purl.obolibrary.org/obo/OAE_0001270>	<http://www.w3.org/2000/01/rdf-schema#seeAlso>	"HPO: HP_0007548"
<http://purl.obolibrary.org/obo/OAE_0001270>	<http://www.w3.org/2000/01/rdf-schema#seeAlso>	"MedDRA: 10033551"
<http://purl.obolibrary.org/obo/OAE_0001270>	<http://www.w3.org/2000/01/rdf-schema#seeAlso>	"SIDER: C0014745"
<http://purl.obolibrary.org/obo/OAE_0001271>	<http://www.w3.org/2000/01/rdf-schema#seeAlso>	"MedDRA: 10033553"
<http://purl.obolibrary.org/obo/OAE_0001272>	<http://www.w3.org/2000/01/rdf-schema#seeAlso>	"MedDRA: 10049082"
<http://purl.obolibrary.org/obo/OAE_0001273>	<http://www.w3.org/2000/01/rdf-schema#seeAlso>	"HPO: HP_0001735"
<http://purl.obolibrary.org/obo/OAE_0001273>	<http://www.w3.org/2000/01/rdf-schema#seeAlso>	"MedDRA: 10033647"
<http://purl.obolibrary.org/obo/OAE_0001273>	<http://www.w3.org/2000/01/rdf-schema#seeAlso>	"SIDER: C0001339"
<http://purl.obolibrary.org/obo/OAE_0001274>	<http://www.w3.org/2000/01/rdf-schema#seeAlso>	"MedDRA: 10033657"
<http://purl.obolibrary.org/obo/OAE_0001275>	<http://www.w3.org/2000/01/rdf-schema#seeAlso>	"HPO: HP_0001876"
<http://purl.obolibrary.org/obo/OAE_0001275>	<http://www.w3.org/2000/01/rdf-schema#seeAlso>	"MedDRA: 10033661"
<http://purl.obolibrary.org/obo/OAE_0001275>	<http://www.w3.org/2000/01/rdf-schema#seeAlso>	"SIDER: C0030312"
<http://purl.obolibrary.org/obo/OAE_0001276>	<http://www.w3.org/2000/01/rdf-schema#seeAlso>	"HPO: HP_0001085"
<http://purl.obolibrary.org/obo/OAE_0001276>	<http://www.w3.org/2000/01/rdf-schema#seeAlso>	"MedDRA: 10033712"
<http://purl.obolibrary.org/obo/OAE_0001276>	<http://www.w3.org/2000/01/rdf-schema#seeAlso>	"SIDER: C0030353"
<http://purl.obolibrary.org/obo/OAE_0001278>	<http://www.w3.org/2000/01/rdf-schema#seeAlso>	"MedDRA: 10033964"
<http://purl.obolibrary.org/obo/OAE_0001279>	<http://www.w3.org/2000/01/rdf-schema#seeAlso>	"HPO: HP_0001818"
<http://purl.obolibrary.org/obo/OAE_0001279>	<http://www.w3.org/2000/01/rdf-schema#seeAlso>	"MedDRA: 10034016"
<http://purl.obolibrary.org/obo/OAE_0001279>	<http://www.w3.org/2000/01/rdf-schema#seeAlso>	"SIDER: C0030578"
<http://purl.obolibrary.org/obo/OAE_0001280>	<http://www.w3.org/2000/01/rdf-schema#seeAlso>	"HPO: HP_0005744"
<http://purl.obolibrary.org/obo/OAE_0001280>	<http://www.w3.org/2000/01/rdf-schema#seeAlso>	"MedDRA: 10034156"
<http://purl.obolibrary.org/obo/OAE_0001280>	<http://www.w3.org/2000/01/rdf-schema#seeAlso>	"SIDER: C0016663"
<http://purl.obolibrary.org/obo/OAE_0001281>	<http://www.w3.org/2000/01/rdf-schema#seeAlso>	"HPO: HP_0001698"
<http://purl.obolibrary.org/obo/OAE_0001281>	<http://www.w3.org/2000/01/rdf-schema#seeAlso>	"MedDRA: 10034474"
<http://purl.obolibrary.org/obo/OAE_0001281>	<http://www.w3.org/2000/01/rdf-schema#seeAlso>	"SIDER: C0031039"
<http://purl.obolibrary.org/obo/OAE_0001282>	<http://www.w3.org/2000/01/rdf-schema#seeAlso>	"MedDRA: 10061339"
<http://purl.obolibrary.org/obo/OAE_0001283>	<http://www.w3.org/2000/01/rdf-schema#seeAlso>	"HPO: HP_0000704"
<http://purl.obolibrary.org/obo/OAE_0001283>	<http://www.w3.org/2000/01/rdf-schema#seeAlso>	"MedDRA: 10034536"
<http://purl.obolibrary.org/obo/OAE_0001283>	<http://www.w3.org/2000/01/rdf-schema#seeAlso>	"SIDER: C0031090"
<http://purl.obolibrary.org/obo/OAE_0001284>	<http://www.w3.org/2000/01/rdf-schema#seeAlso>	"HPO: HP_0000704"
<http://purl.obolibrary.org/obo/OAE_0001284>	<http://www.w3.org/2000/01/rdf-schema#seeAlso>	"MedDRA: 10034539"
<http://purl.obolibrary.org/obo/OAE_0001284>	<http://www.w3.org/2000/01/rdf-schema#seeAlso>	"SIDER: C0031099"
<http://purl.obolibrary.org/obo/OAE_0001285>	<http://www.w3.org/2000/01/rdf-schema#seeAlso>	"HPO: HP_0002597"
<http://purl.obolibrary.org/obo/OAE_0001285>	<http://www.w3.org/2000/01/rdf-schema#seeAlso>	"MedDRA: 10034576"
<http://purl.obolibrary.org/obo/OAE_0001285>	<http://www.w3.org/2000/01/rdf-schema#seeAlso>	"SIDER: C0235490"
<http://purl.obolibrary.org/obo/OAE_0001286>	<http://www.w3.org/2000/01/rdf-schema#seeAlso>	"HPO: HP_0007178"
<http://purl.obolibrary.org/obo/OAE_0001286>	<http://www.w3.org/2000/01/rdf-schema#seeAlso>	"MedDRA: 10034580"
<http://purl.obolibrary.org/obo/OAE_0001286>	<http://www.w3.org/2000/01/rdf-schema#seeAlso>	"SIDER: C0235025"
<http://purl.obolibrary.org/obo/OAE_0001287>	<http://www.w3.org/2000/01/rdf-schema#seeAlso>	"MedDRA: 10056673"
<http://purl.obolibrary.org/obo/OAE_0001288>	<http://www.w3.org/2000/01/rdf-schema#seeAlso>	"HPO: HP_0000763"
<http://purl.obolibrary.org/obo/OAE_0001288>	<http://www.w3.org/2000/01/rdf-schema#seeAlso>	"MedDRA: 10034620"
<http://purl.obolibrary.org/obo/OAE_0001288>	<http://www.w3.org/2000/01/rdf-schema#seeAlso>	"SIDER: C0151313"
<http://purl.obolibrary.org/obo/OAE_0001289>	<http://www.w3.org/2000/01/rdf-schema#seeAlso>	"HPO: HP_0001739"
<http://purl.obolibrary.org/obo/OAE_0001289>	<http://www.w3.org/2000/01/rdf-schema#seeAlso>	"MedDRA: 10034686"
<http://purl.obolibrary.org/obo/OAE_0001289>	<http://www.w3.org/2000/01/rdf-schema#seeAlso>	"SIDER: C0031157"
<http://purl.obolibrary.org/obo/OAE_0001290>	<http://www.w3.org/2000/01/rdf-schema#seeAlso>	"MedDRA: 10034738"
<http://purl.obolibrary.org/obo/OAE_0001291>	<http://www.w3.org/2000/01/rdf-schema#seeAlso>	"HPO: HP_0000967"
<http://purl.obolibrary.org/obo/OAE_0001291>	<http://www.w3.org/2000/01/rdf-schema#seeAlso>	"MP: MP_0008816"
<http://purl.obolibrary.org/obo/OAE_0001291>	<http://www.w3.org/2000/01/rdf-schema#seeAlso>	"MedDRA: 10034754"
<http://purl.obolibrary.org/obo/OAE_0001291>	<http://www.w3.org/2000/01/rdf-schema#seeAlso>	"SIDER: C0031256"
<http://purl.obolibrary.org/obo/OAE_0001292>	<http://www.w3.org/2000/01/rdf-schema#seeAlso>	"MedDRA: 10065716"
<http://purl.obolibrary.org/obo/OAE_0001293>	<http://www.w3.org/2000/01/rdf-schema#seeAlso>	"MedDRA: 10034902"
<http://purl.obolibrary.org/obo/OAE_0001294>	<http://www.w3.org/2000/01/rdf-schema#seeAlso>	"HPO: HP_0000992"
<http://purl.obolibrary.org/obo/OAE_0001294>	<http://www.w3.org/2000/01/rdf-schema#seeAlso>	"MedDRA: 10051246"
<http://purl.obolibrary.org/obo/OAE_0001294>	<http://www.w3.org/2000/01/rdf-schema#seeAlso>	"SIDER: C0920193"
<http://purl.obolibrary.org/obo/OAE_0001295>	<http://www.w3.org/2000/01/rdf-schema#seeAlso>	"HPO: HP_0000992"
<http://purl.obolibrary.org/obo/OAE_0001295>	<http://www.w3.org/2000/01/rdf-schema#seeAlso>	"MedDRA: 10034972"
<http://purl.obolibrary.org/obo/OAE_0001295>	<http://www.w3.org/2000/01/rdf-schema#seeAlso>	"SIDER: C0162830"
<http://purl.obolibrary.org/obo/OAE_0001296>	<http://www.w3.org/2000/01/rdf-schema#seeAlso>	"HPO: HP_0001000"
<http://purl.obolibrary.org/obo/OAE_0001296>	<http://www.w3.org/2000/01/rdf-schema#seeAlso>	"MedDRA: 10062080"
<http://purl.obolibrary.org/obo/OAE_0001296>	<http://www.w3.org/2000/01/rdf-schema#seeAlso>	"SIDER: C0549567"
<http://purl.obolibrary.org/obo/OAE_0001297>	<http://www.w3.org/2000/01/rdf-schema#seeAlso>	"HPO: HP_0001678"
<http://purl.obolibrary.org/obo/OAE_0001297>	<http://www.w3.org/2000/01/rdf-schema#seeAlso>	"MedDRA: 10003671"
<http://purl.obolibrary.org/obo/OAE_0001297>	<http://www.w3.org/2000/01/rdf-schema#seeAlso>	"SIDER: C0004245"
<http://purl.obolibrary.org/obo/OAE_0001298>	<http://www.w3.org/2000/01/rdf-schema#seeAlso>	"HPO: HP_0002202"
<http://purl.obolibrary.org/obo/OAE_0001298>	<http://www.w3.org/2000/01/rdf-schema#seeAlso>	"MedDRA: 10035598"
<http://purl.obolibrary.org/obo/OAE_0001298>	<http://www.w3.org/2000/01/rdf-schema#seeAlso>	"SIDER: C0032227"
<http://purl.obolibrary.org/obo/OAE_0001299>	<http://www.w3.org/2000/01/rdf-schema#seeAlso>	"MedDRA: 10035601"
<http://purl.obolibrary.org/obo/OAE_0001300>	<http://www.w3.org/2000/01/rdf-schema#seeAlso>	"HPO: HP_0002102"
<http://purl.obolibrary.org/obo/OAE_0001300>	<http://www.w3.org/2000/01/rdf-schema#seeAlso>	"MedDRA: 10035618"
<http://purl.obolibrary.org/obo/OAE_0001300>	<http://www.w3.org/2000/01/rdf-schema#seeAlso>	"SIDER: C0032231"
<http://purl.obolibrary.org/obo/OAE_0001301>	<http://www.w3.org/2000/01/rdf-schema#seeAlso>	"MedDRA: 10035623"
<http://purl.obolibrary.org/obo/OAE_0001302>	<http://www.w3.org/2000/01/rdf-schema#seeAlso>	"MedDRA: 10057030"
<http://purl.obolibrary.org/obo/OAE_0001303>	<http://www.w3.org/2000/01/rdf-schema#seeAlso>	"HPO: HP_0002096"
<http://purl.obolibrary.org/obo/OAE_0001303>	<http://www.w3.org/2000/01/rdf-schema#seeAlso>	"MedDRA: 10064108"
<http://purl.obolibrary.org/obo/OAE_0001303>	<http://www.w3.org/2000/01/rdf-schema#seeAlso>	"SIDER: C1535939"
<http://purl.obolibrary.org/obo/OAE_0001304>	<http://www.w3.org/2000/01/rdf-schema#seeAlso>	"MedDRA: 10050184"
<http://purl.obolibrary.org/obo/OAE_0001305>	<http://www.w3.org/2000/01/rdf-schema#seeAlso>	"HPO: HP_0002100"
<http://purl.obolibrary.org/obo/OAE_0001305>	<http://www.w3.org/2000/01/rdf-schema#seeAlso>	"MedDRA: 10035669"
<http://purl.obolibrary.org/obo/OAE_0001305>	<http://www.w3.org/2000/01/rdf-schema#seeAlso>	"SIDER: C0032290"
<http://purl.obolibrary.org/obo/OAE_0001306>	<http://www.w3.org/2000/01/rdf-schema#seeAlso>	"MedDRA: 10035730"
<http://purl.obolibrary.org/obo/OAE_0001307>	<http://www.w3.org/2000/01/rdf-schema#seeAlso>	"MedDRA: 10035742"
<http://purl.obolibrary.org/obo/OAE_0001308>	<http://www.w3.org/2000/01/rdf-schema#seeAlso>	"HPO: HP_0006522"
<http://purl.obolibrary.org/obo/OAE_0001308>	<http://www.w3.org/2000/01/rdf-schema#seeAlso>	"MedDRA: 10035759"
<http://purl.obolibrary.org/obo/OAE_0001308>	<http://www.w3.org/2000/01/rdf-schema#seeAlso>	"SIDER: C0032326"
<http://purl.obolibrary.org/obo/OAE_0001309>	<http://www.w3.org/2000/01/rdf-schema#seeAlso>	"HPO: HP_0000103"
<http://purl.obolibrary.org/obo/OAE_0001309>	<http://www.w3.org/2000/01/rdf-schema#seeAlso>	"MedDRA: 10036018"
<http://purl.obolibrary.org/obo/OAE_0001309>	<http://www.w3.org/2000/01/rdf-schema#seeAlso>	"SIDER: C0042023"
<http://purl.obolibrary.org/obo/OAE_0001310>	<http://www.w3.org/2000/01/rdf-schema#seeAlso>	"MedDRA: 10036057"
<http://purl.obolibrary.org/obo/OAE_0001311>	<http://www.w3.org/2000/01/rdf-schema#seeAlso>	"HPO: HP_0001409"
<http://purl.obolibrary.org/obo/OAE_0001311>	<http://www.w3.org/2000/01/rdf-schema#seeAlso>	"MedDRA: 10036200"
<http://purl.obolibrary.org/obo/OAE_0001311>	<http://www.w3.org/2000/01/rdf-schema#seeAlso>	"SIDER: C0020541"
<http://purl.obolibrary.org/obo/OAE_0001312>	<http://www.w3.org/2000/01/rdf-schema#seeAlso>	"MedDRA: 10036206"
<http://purl.obolibrary.org/obo/OAE_0001313>	<http://www.w3.org/2000/01/rdf-schema#seeAlso>	"MedDRA: 10060854"
<http://purl.obolibrary.org/obo/OAE_0001314>	<http://www.w3.org/2000/01/rdf-schema#seeAlso>	"MedDRA: 10050087"
<http://purl.obolibrary.org/obo/OAE_0001315>	<http://www.w3.org/2000/01/rdf-schema#seeAlso>	"MedDRA: 10050902"
<http://purl.obolibrary.org/obo/OAE_0001316>	<http://www.w3.org/2000/01/rdf-schema#seeAlso>	"MedDRA: 10067667"
<http://purl.obolibrary.org/obo/OAE_0001317>	<http://www.w3.org/2000/01/rdf-schema#seeAlso>	"MedDRA: 10036590"
<http://purl.obolibrary.org/obo/OAE_0001318>	<http://www.w3.org/2000/01/rdf-schema#seeAlso>	"MedDRA: 10036600"
<http://purl.obolibrary.org/obo/OAE_0001319>	<http://www.w3.org/2000/01/rdf-schema#seeAlso>	"HPO: HP_0002321"
<http://purl.obolibrary.org/obo/OAE_0001319>	<http://www.w3.org/2000/01/rdf-schema#seeAlso>	"MedDRA: 10036653"
<http://purl.obolibrary.org/obo/OAE_0001319>	<http://www.w3.org/2000/01/rdf-schema#seeAlso>	"SIDER: C0700200"
<http://purl.obolibrary.org/obo/OAE_0001320>	<http://www.w3.org/2000/01/rdf-schema#seeAlso>	"MedDRA: 10052460"
<http://purl.obolibrary.org/obo/OAE_0001321>	<http://www.w3.org/2000/01/rdf-schema#seeAlso>	"HPO: HP_0001681"
<http://purl.obolibrary.org/obo/OAE_0001321>	<http://www.w3.org/2000/01/rdf-schema#seeAlso>	"MedDRA: 10036759"
<http://purl.obolibrary.org/obo/OAE_0001321>	<http://www.w3.org/2000/01/rdf-schema#seeAlso>	"SIDER: C0002963"
<http://purl.obolibrary.org/obo/OAE_0001322>	<http://www.w3.org/2000/01/rdf-schema#seeAlso>	"HPO: HP_0004378"
<http://purl.obolibrary.org/obo/OAE_0001322>	<http://www.w3.org/2000/01/rdf-schema#seeAlso>	"MedDRA: 10036772"
<http://purl.obolibrary.org/obo/OAE_0001322>	<http://www.w3.org/2000/01/rdf-schema#seeAlso>	"SIDER: C0034886"
<http://purl.obolibrary.org/obo/OAE_0001323>	<http://www.w3.org/2000/01/rdf-schema#seeAlso>	"MedDRA: 10051085"
<http://purl.obolibrary.org/obo/OAE_0001326>	<http://www.w3.org/2000/01/rdf-schema#seeAlso>	"MedDRA: 10036790"
<http://purl.obolibrary.org/obo/OAE_0001327>	<http://www.w3.org/2000/01/rdf-schema#seeAlso>	"HPO: HP_0012125"
<http://purl.obolibrary.org/obo/OAE_0001327>	<http://www.w3.org/2000/01/rdf-schema#seeAlso>	"MedDRA: 10060862"
<http://purl.obolibrary.org/obo/OAE_0001327>	<http://www.w3.org/2000/01/rdf-schema#seeAlso>	"SIDER: C0376358"
<http://purl.obolibrary.org/obo/OAE_0001328>	<http://www.w3.org/2000/01/rdf-schema#seeAlso>	"MedDRA: 10055025"
<http://purl.obolibrary.org/obo/OAE_0001329>	<http://www.w3.org/2000/01/rdf-schema#seeAlso>	"MedDRA: 10036975"
<http://purl.obolibrary.org/obo/OAE_0001330>	<http://www.w3.org/2000/01/rdf-schema#seeAlso>	"MedDRA: 10037012"
<http://purl.obolibrary.org/obo/OAE_0001331>	<http://www.w3.org/2000/01/rdf-schema#seeAlso>	"MedDRA: 10037050"
<http://purl.obolibrary.org/obo/OAE_0001332>	<http://www.w3.org/2000/01/rdf-schema#seeAlso>	"MedDRA: 10037063"
<http://purl.obolibrary.org/obo/OAE_0001333>	<http://www.w3.org/2000/01/rdf-schema#seeAlso>	"HPO: HP_0002583"
<http://purl.obolibrary.org/obo/OAE_0001333>	<http://www.w3.org/2000/01/rdf-schema#seeAlso>	"MedDRA: 10037128"
<http://purl.obolibrary.org/obo/OAE_0001333>	<http://www.w3.org/2000/01/rdf-schema#seeAlso>	"SIDER: C1257843"
<http://purl.obolibrary.org/obo/OAE_0001334>	<http://www.w3.org/2000/01/rdf-schema#seeAlso>	"HPO: HP_0005429"
<http://purl.obolibrary.org/obo/OAE_0001334>	<http://www.w3.org/2000/01/rdf-schema#seeAlso>	"MedDRA: 10061471"
<http://purl.obolibrary.org/obo/OAE_0001334>	<http://www.w3.org/2000/01/rdf-schema#seeAlso>	"SIDER: C0033817"
<http://purl.obolibrary.org/obo/OAE_0001335>	<http://www.w3.org/2000/01/rdf-schema#seeAlso>	"MedDRA: 10049587"
<http://purl.obolibrary.org/obo/OAE_0001336>	<http://www.w3.org/2000/01/rdf-schema#seeAlso>	"HPO: HP_0000709"
<http://purl.obolibrary.org/obo/OAE_0001336>	<http://www.w3.org/2000/01/rdf-schema#seeAlso>	"MedDRA: 10061920"
<http://purl.obolibrary.org/obo/OAE_0001336>	<http://www.w3.org/2000/01/rdf-schema#seeAlso>	"SIDER: C0033975"
<http://purl.obolibrary.org/obo/OAE_0001338>	<http://www.w3.org/2000/01/rdf-schema#seeAlso>	"HPO: HP_0002092"
<http://purl.obolibrary.org/obo/OAE_0001338>	<http://www.w3.org/2000/01/rdf-schema#seeAlso>	"MedDRA: 10064911"
<http://purl.obolibrary.org/obo/OAE_0001338>	<http://www.w3.org/2000/01/rdf-schema#seeAlso>	"SIDER: C2973725"
<http://purl.obolibrary.org/obo/OAE_0001339>	<http://www.w3.org/2000/01/rdf-schema#seeAlso>	"HPO: HP_0004930"
<http://purl.obolibrary.org/obo/OAE_0001339>	<http://www.w3.org/2000/01/rdf-schema#seeAlso>	"MedDRA: 10037368"
<http://purl.obolibrary.org/obo/OAE_0001339>	<http://www.w3.org/2000/01/rdf-schema#seeAlso>	"SIDER: C0242073"
<http://purl.obolibrary.org/obo/OAE_0001340>	<http://www.w3.org/2000/01/rdf-schema#seeAlso>	"HPO: HP_0002204"
<http://purl.obolibrary.org/obo/OAE_0001340>	<http://www.w3.org/2000/01/rdf-schema#seeAlso>	"MedDRA: 10037340"
<http://purl.obolibrary.org/obo/OAE_0001340>	<http://www.w3.org/2000/01/rdf-schema#seeAlso>	"MedDRA: 10037377"
<http://purl.obolibrary.org/obo/OAE_0001340>	<http://www.w3.org/2000/01/rdf-schema#seeAlso>	"MedDRA: 10037437"
<http://purl.obolibrary.org/obo/OAE_0001340>	<http://www.w3.org/2000/01/rdf-schema#seeAlso>	"SIDER: C0034065"
<http://purl.obolibrary.org/obo/OAE_0001341>	<http://www.w3.org/2000/01/rdf-schema#seeAlso>	"HPO: HP_0002206"
<http://purl.obolibrary.org/obo/OAE_0001341>	<http://www.w3.org/2000/01/rdf-schema#seeAlso>	"MedDRA: 10037383"
<http://purl.obolibrary.org/obo/OAE_0001341>	<http://www.w3.org/2000/01/rdf-schema#seeAlso>	"SIDER: C0034069"
<http://purl.obolibrary.org/obo/OAE_0001342>	<http://www.w3.org/2000/01/rdf-schema#seeAlso>	"MedDRA: 10037394"
<http://purl.obolibrary.org/obo/OAE_0001343>	<http://www.w3.org/2000/01/rdf-schema#seeAlso>	"HPO: HP_0002092"
<http://purl.obolibrary.org/obo/OAE_0001343>	<http://www.w3.org/2000/01/rdf-schema#seeAlso>	"MedDRA: 10037400"
<http://purl.obolibrary.org/obo/OAE_0001343>	<http://www.w3.org/2000/01/rdf-schema#seeAlso>	"SIDER: C0020542"
<http://purl.obolibrary.org/obo/OAE_0001344>	<http://www.w3.org/2000/01/rdf-schema#seeAlso>	"MedDRA: 10056342"
<http://purl.obolibrary.org/obo/OAE_0001345>	<http://www.w3.org/2000/01/rdf-schema#seeAlso>	"HPO: HP_0100598"
<http://purl.obolibrary.org/obo/OAE_0001345>	<http://www.w3.org/2000/01/rdf-schema#seeAlso>	"MedDRA: 10037423"
<http://purl.obolibrary.org/obo/OAE_0001345>	<http://www.w3.org/2000/01/rdf-schema#seeAlso>	"SIDER: C0034063"
<http://purl.obolibrary.org/obo/OAE_0001346>	<http://www.w3.org/2000/01/rdf-schema#seeAlso>	"MedDRA: 10037469"
<http://purl.obolibrary.org/obo/OAE_0001347>	<http://www.w3.org/2000/01/rdf-schema#seeAlso>	"MedDRA: 10037480"
<http://purl.obolibrary.org/obo/OAE_0001348>	<http://www.w3.org/2000/01/rdf-schema#seeAlso>	"MedDRA: 10037569"
<http://purl.obolibrary.org/obo/OAE_0001349>	<http://www.w3.org/2000/01/rdf-schema#seeAlso>	"MedDRA: 10061927"
<http://purl.obolibrary.org/obo/OAE_0001350>	<http://www.w3.org/2000/01/rdf-schema#seeAlso>	"MedDRA: 10037760"
<http://purl.obolibrary.org/obo/OAE_0001351>	<http://www.w3.org/2000/01/rdf-schema#seeAlso>	"MedDRA: 10037763"
<http://purl.obolibrary.org/obo/OAE_0001352>	<http://www.w3.org/2000/01/rdf-schema#seeAlso>	"MedDRA: 10048899"
<http://purl.obolibrary.org/obo/OAE_0001353>	<http://www.w3.org/2000/01/rdf-schema#seeAlso>	"MedDRA: 10037765"
<http://purl.obolibrary.org/obo/OAE_0001354>	<http://www.w3.org/2000/01/rdf-schema#seeAlso>	"MedDRA: 10063562"
<http://purl.obolibrary.org/obo/OAE_0001355>	<http://www.w3.org/2000/01/rdf-schema#seeAlso>	"MedDRA: 10037833"
<http://purl.obolibrary.org/obo/OAE_0001356>	<http://www.w3.org/2000/01/rdf-schema#seeAlso>	"HPO: HP_0007432"
<http://purl.obolibrary.org/obo/OAE_0001356>	<http://www.w3.org/2000/01/rdf-schema#seeAlso>	"MedDRA: 10037855"
<http://purl.obolibrary.org/obo/OAE_0001356>	<http://www.w3.org/2000/01/rdf-schema#seeAlso>	"SIDER: C0234913"
<http://purl.obolibrary.org/obo/OAE_0001357>	<http://www.w3.org/2000/01/rdf-schema#seeAlso>	"HPO: HP_0000988"
<http://purl.obolibrary.org/obo/OAE_0001357>	<http://www.w3.org/2000/01/rdf-schema#seeAlso>	"MedDRA: 10037858"
<http://purl.obolibrary.org/obo/OAE_0001357>	<http://www.w3.org/2000/01/rdf-schema#seeAlso>	"SIDER: C0497365"
<http://purl.obolibrary.org/obo/OAE_0001358>	<http://www.w3.org/2000/01/rdf-schema#seeAlso>	"MedDRA: 10037884"
<http://purl.obolibrary.org/obo/OAE_0001359>	<http://www.w3.org/2000/01/rdf-schema#seeAlso>	"MedDRA: 10060856"
<http://purl.obolibrary.org/obo/OAE_0001360>	<http://www.w3.org/2000/01/rdf-schema#seeAlso>	"HPO: HP_0002573"
<http://purl.obolibrary.org/obo/OAE_0001360>	<http://www.w3.org/2000/01/rdf-schema#seeAlso>	"MedDRA: 10038063"
<http://purl.obolibrary.org/obo/OAE_0001360>	<http://www.w3.org/2000/01/rdf-schema#seeAlso>	"SIDER: C0267596"
<http://purl.obolibrary.org/obo/OAE_0001361>	<http://www.w3.org/2000/01/rdf-schema#seeAlso>	"HPO: HP_0001903"
<http://purl.obolibrary.org/obo/OAE_0001361>	<http://www.w3.org/2000/01/rdf-schema#seeAlso>	"MedDRA: 10038153"
<http://purl.obolibrary.org/obo/OAE_0001361>	<http://www.w3.org/2000/01/rdf-schema#seeAlso>	"SIDER: C0427457"
<http://purl.obolibrary.org/obo/OAE_0001362>	<http://www.w3.org/2000/01/rdf-schema#seeAlso>	"MedDRA: 10057969"
<http://purl.obolibrary.org/obo/OAE_0001363>	<http://www.w3.org/2000/01/rdf-schema#seeAlso>	"HPO: HP_0100633"
<http://purl.obolibrary.org/obo/OAE_0001363>	<http://www.w3.org/2000/01/rdf-schema#seeAlso>	"MedDRA: 10038263"
<http://purl.obolibrary.org/obo/OAE_0001363>	<http://www.w3.org/2000/01/rdf-schema#seeAlso>	"SIDER: C0014869"
<http://purl.obolibrary.org/obo/OAE_0001364>	<http://www.w3.org/2000/01/rdf-schema#seeAlso>	"HPO: HP_0000083"
<http://purl.obolibrary.org/obo/OAE_0001364>	<http://www.w3.org/2000/01/rdf-schema#seeAlso>	"MedDRA: 10038435"
<http://purl.obolibrary.org/obo/OAE_0001364>	<http://www.w3.org/2000/01/rdf-schema#seeAlso>	"SIDER: C0035078"
<http://purl.obolibrary.org/obo/OAE_0001365>	<http://www.w3.org/2000/01/rdf-schema#seeAlso>	"HPO: HP_0001919"
<http://purl.obolibrary.org/obo/OAE_0001365>	<http://www.w3.org/2000/01/rdf-schema#seeAlso>	"MedDRA: 10038436; MedDRA: 10069339"
<http://purl.obolibrary.org/obo/OAE_0001365>	<http://www.w3.org/2000/01/rdf-schema#seeAlso>	"SIDER: C0022660"
<http://purl.obolibrary.org/obo/OAE_0001366>	<http://www.w3.org/2000/01/rdf-schema#seeAlso>	"HPO: HP_0000082"
<http://purl.obolibrary.org/obo/OAE_0001366>	<http://www.w3.org/2000/01/rdf-schema#seeAlso>	"MedDRA: 10062237"
<http://purl.obolibrary.org/obo/OAE_0001366>	<http://www.w3.org/2000/01/rdf-schema#seeAlso>	"SIDER: C0341697"
<http://purl.obolibrary.org/obo/OAE_0001367>	<http://www.w3.org/2000/01/rdf-schema#seeAlso>	"MedDRA: 10038536"
<http://purl.obolibrary.org/obo/OAE_0001368>	<http://www.w3.org/2000/01/rdf-schema#seeAlso>	"MedDRA: 10038553"
<http://purl.obolibrary.org/obo/OAE_0001369>	<http://www.w3.org/2000/01/rdf-schema#seeAlso>	"HPO: HP_0002086"
<http://purl.obolibrary.org/obo/OAE_0001369>	<http://www.w3.org/2000/01/rdf-schema#seeAlso>	"MedDRA: 10038683"
<http://purl.obolibrary.org/obo/OAE_0001369>	<http://www.w3.org/2000/01/rdf-schema#seeAlso>	"SIDER: C0035204"
<http://purl.obolibrary.org/obo/OAE_0001370>	<http://www.w3.org/2000/01/rdf-schema#seeAlso>	"HPO: HP_0004877"
<http://purl.obolibrary.org/obo/OAE_0001370>	<http://www.w3.org/2000/01/rdf-schema#seeAlso>	"MedDRA: 10038695"
<http://purl.obolibrary.org/obo/OAE_0001370>	<http://www.w3.org/2000/01/rdf-schema#seeAlso>	"SIDER: C1145670"
<http://purl.obolibrary.org/obo/OAE_0001371>	<http://www.w3.org/2000/01/rdf-schema#seeAlso>	"MedDRA: 10038712"
<http://purl.obolibrary.org/obo/OAE_0001372>	<http://www.w3.org/2000/01/rdf-schema#seeAlso>	"MedDRA: 10038727"
<http://purl.obolibrary.org/obo/OAE_0001373>	<http://www.w3.org/2000/01/rdf-schema#seeAlso>	"HPO: HP_0002873"
<http://purl.obolibrary.org/obo/OAE_0001373>	<http://www.w3.org/2000/01/rdf-schema#seeAlso>	"MedDRA: 10062352"
<http://purl.obolibrary.org/obo/OAE_0001373>	<http://www.w3.org/2000/01/rdf-schema#seeAlso>	"SIDER: C0035243"
<http://purl.obolibrary.org/obo/OAE_0001374>	<http://www.w3.org/2000/01/rdf-schema#seeAlso>	"HPO: HP_0000573"
<http://purl.obolibrary.org/obo/OAE_0001374>	<http://www.w3.org/2000/01/rdf-schema#seeAlso>	"MedDRA: 10038867"
<http://purl.obolibrary.org/obo/OAE_0001374>	<http://www.w3.org/2000/01/rdf-schema#seeAlso>	"SIDER: C0035317"
<http://purl.obolibrary.org/obo/OAE_0001375>	<http://www.w3.org/2000/01/rdf-schema#seeAlso>	"MedDRA: 10062971"
<http://purl.obolibrary.org/obo/OAE_0001376>	<http://www.w3.org/2000/01/rdf-schema#seeAlso>	"HPO: HP_0002354"
<http://purl.obolibrary.org/obo/OAE_0001376>	<http://www.w3.org/2000/01/rdf-schema#seeAlso>	"MedDRA: 10038965"
<http://purl.obolibrary.org/obo/OAE_0001376>	<http://www.w3.org/2000/01/rdf-schema#seeAlso>	"SIDER: C0002624"
<http://purl.obolibrary.org/obo/OAE_0001377>	<http://www.w3.org/2000/01/rdf-schema#seeAlso>	"MedDRA: 10063761"
<http://purl.obolibrary.org/obo/OAE_0001378>	<http://www.w3.org/2000/01/rdf-schema#seeAlso>	"HPO: HP_0009045"
<http://purl.obolibrary.org/obo/OAE_0001378>	<http://www.w3.org/2000/01/rdf-schema#seeAlso>	"MedDRA: 10039020"
<http://purl.obolibrary.org/obo/OAE_0001378>	<http://www.w3.org/2000/01/rdf-schema#seeAlso>	"SIDER: C0035410"
<http://purl.obolibrary.org/obo/OAE_0001379>	<http://www.w3.org/2000/01/rdf-schema#seeAlso>	"HPO: HP_0001708"
<http://purl.obolibrary.org/obo/OAE_0001379>	<http://www.w3.org/2000/01/rdf-schema#seeAlso>	"MedDRA: 10039163"
<http://purl.obolibrary.org/obo/OAE_0001379>	<http://www.w3.org/2000/01/rdf-schema#seeAlso>	"SIDER: C2939447"
<http://purl.obolibrary.org/obo/OAE_0001380>	<http://www.w3.org/2000/01/rdf-schema#seeAlso>	"MedDRA: 10048407"
<http://purl.obolibrary.org/obo/OAE_0001381>	<http://www.w3.org/2000/01/rdf-schema#seeAlso>	"HPO: HP_0010286"
<http://purl.obolibrary.org/obo/OAE_0001381>	<http://www.w3.org/2000/01/rdf-schema#seeAlso>	"MedDRA: 10061935"
<http://purl.obolibrary.org/obo/OAE_0001381>	<http://www.w3.org/2000/01/rdf-schema#seeAlso>	"SIDER: C0036093"
<http://purl.obolibrary.org/obo/OAE_0001382>	<http://www.w3.org/2000/01/rdf-schema#seeAlso>	"HPO: HP_0007564"
<http://purl.obolibrary.org/obo/OAE_0001382>	<http://www.w3.org/2000/01/rdf-schema#seeAlso>	"MedDRA: 10039509"
<http://purl.obolibrary.org/obo/OAE_0001382>	<http://www.w3.org/2000/01/rdf-schema#seeAlso>	"SIDER: C0205204"
<http://purl.obolibrary.org/obo/OAE_0001383>	<http://www.w3.org/2000/01/rdf-schema#seeAlso>	"MedDRA: 10039670"
<http://purl.obolibrary.org/obo/OAE_0001384>	<http://www.w3.org/2000/01/rdf-schema#seeAlso>	"MedDRA: 10052130"
<http://purl.obolibrary.org/obo/OAE_0001385>	<http://www.w3.org/2000/01/rdf-schema#seeAlso>	"MedDRA: 10039966"
<http://purl.obolibrary.org/obo/OAE_0001386>	<http://www.w3.org/2000/01/rdf-schema#seeAlso>	"MedDRA: 10039996"
<http://purl.obolibrary.org/obo/OAE_0001387>	<http://www.w3.org/2000/01/rdf-schema#seeAlso>	"HPO: HP_0002718"
<http://purl.obolibrary.org/obo/OAE_0001387>	<http://www.w3.org/2000/01/rdf-schema#seeAlso>	"MedDRA: 10040070"
<http://purl.obolibrary.org/obo/OAE_0001387>	<http://www.w3.org/2000/01/rdf-schema#seeAlso>	"SIDER: C0036983"
<http://purl.obolibrary.org/obo/OAE_0001389>	<http://www.w3.org/2000/01/rdf-schema#seeAlso>	"MedDRA: 10056383"
<http://purl.obolibrary.org/obo/OAE_0001390>	<http://www.w3.org/2000/01/rdf-schema#seeAlso>	"MedDRA: 10049771"
<http://purl.obolibrary.org/obo/OAE_0001391>	<http://www.w3.org/2000/01/rdf-schema#seeAlso>	"MedDRA: 10052058"
<http://purl.obolibrary.org/obo/OAE_0001392>	<http://www.w3.org/2000/01/rdf-schema#seeAlso>	"MedDRA: 10062244"
<http://purl.obolibrary.org/obo/OAE_0001393>	<http://www.w3.org/2000/01/rdf-schema#seeAlso>	"HPO: HP_0001649"
<http://purl.obolibrary.org/obo/OAE_0001393>	<http://www.w3.org/2000/01/rdf-schema#seeAlso>	"MedDRA: 10040752"
<http://purl.obolibrary.org/obo/OAE_0001393>	<http://www.w3.org/2000/01/rdf-schema#seeAlso>	"SIDER: C0039239"
<http://purl.obolibrary.org/obo/OAE_0001394>	<http://www.w3.org/2000/01/rdf-schema#seeAlso>	"MedDRA: 10040813"
<http://purl.obolibrary.org/obo/OAE_0001395>	<http://www.w3.org/2000/01/rdf-schema#seeAlso>	"MedDRA: 10040849"
<http://purl.obolibrary.org/obo/OAE_0001396>	<http://www.w3.org/2000/01/rdf-schema#seeAlso>	"HPO: HP_0000967"
<http://purl.obolibrary.org/obo/OAE_0001396>	<http://www.w3.org/2000/01/rdf-schema#seeAlso>	"MedDRA: 10064265"
<http://purl.obolibrary.org/obo/OAE_0001396>	<http://www.w3.org/2000/01/rdf-schema#seeAlso>	"SIDER: C0852361"
<http://purl.obolibrary.org/obo/OAE_0001397>	<http://www.w3.org/2000/01/rdf-schema#seeAlso>	"HPO: HP_0010284"
<http://purl.obolibrary.org/obo/OAE_0001397>	<http://www.w3.org/2000/01/rdf-schema#seeAlso>	"MedDRA: 10040865"
<http://purl.obolibrary.org/obo/OAE_0001397>	<http://www.w3.org/2000/01/rdf-schema#seeAlso>	"SIDER: C0162834"
<http://purl.obolibrary.org/obo/OAE_0001398>	<http://www.w3.org/2000/01/rdf-schema#seeAlso>	"HPO: HP_0001581"
<http://purl.obolibrary.org/obo/OAE_0001398>	<http://www.w3.org/2000/01/rdf-schema#seeAlso>	"MedDRA: 10040872"
<http://purl.obolibrary.org/obo/OAE_0001398>	<http://www.w3.org/2000/01/rdf-schema#seeAlso>	"SIDER: C0037278"
<http://purl.obolibrary.org/obo/OAE_0001399>	<http://www.w3.org/2000/01/rdf-schema#seeAlso>	"MedDRA: 10058818"
<http://purl.obolibrary.org/obo/OAE_0001400>	<http://www.w3.org/2000/01/rdf-schema#seeAlso>	"HPO: HP_0011355"
<http://purl.obolibrary.org/obo/OAE_0001400>	<http://www.w3.org/2000/01/rdf-schema#seeAlso>	"MedDRA: 10040882"
<http://purl.obolibrary.org/obo/OAE_0001400>	<http://www.w3.org/2000/01/rdf-schema#seeAlso>	"SIDER: C0037284"
<http://purl.obolibrary.org/obo/OAE_0001401>	<http://www.w3.org/2000/01/rdf-schema#seeAlso>	"MedDRA: 10040914"
<http://purl.obolibrary.org/obo/OAE_0001402>	<http://www.w3.org/2000/01/rdf-schema#seeAlso>	"MedDRA: 10059516"
<http://purl.obolibrary.org/obo/OAE_0001403>	<http://www.w3.org/2000/01/rdf-schema#seeAlso>	"HPO: HP_0002360"
<http://purl.obolibrary.org/obo/OAE_0001403>	<http://www.w3.org/2000/01/rdf-schema#seeAlso>	"MedDRA: 10040984"
<http://purl.obolibrary.org/obo/OAE_0001403>	<http://www.w3.org/2000/01/rdf-schema#seeAlso>	"SIDER: C0851578"
<http://purl.obolibrary.org/obo/OAE_0001404>	<http://www.w3.org/2000/01/rdf-schema#seeAlso>	"MedDRA: 10067315"
<http://purl.obolibrary.org/obo/OAE_0001405>	<http://www.w3.org/2000/01/rdf-schema#seeAlso>	"HPO: HP_0005214"
<http://purl.obolibrary.org/obo/OAE_0001405>	<http://www.w3.org/2000/01/rdf-schema#seeAlso>	"MedDRA: 10041101"
<http://purl.obolibrary.org/obo/OAE_0001405>	<http://www.w3.org/2000/01/rdf-schema#seeAlso>	"SIDER: C0235329"
<http://purl.obolibrary.org/obo/OAE_0001407>	<http://www.w3.org/2000/01/rdf-schema#seeAlso>	"MedDRA: 10062263"
<http://purl.obolibrary.org/obo/OAE_0001408>	<http://www.w3.org/2000/01/rdf-schema#seeAlso>	"MedDRA: 10054184"
<http://purl.obolibrary.org/obo/OAE_0001409>	<http://www.w3.org/2000/01/rdf-schema#seeAlso>	"MedDRA: 10041133"
<http://purl.obolibrary.org/obo/OAE_0001410>	<http://www.w3.org/2000/01/rdf-schema#seeAlso>	"HPO: HP_0002719"
<http://purl.obolibrary.org/obo/OAE_0001410>	<http://www.w3.org/2000/01/rdf-schema#seeAlso>	"MedDRA: 10062255"
<http://purl.obolibrary.org/obo/OAE_0001410>	<http://www.w3.org/2000/01/rdf-schema#seeAlso>	"SIDER: C0149778"
<http://purl.obolibrary.org/obo/OAE_0001411>	<http://www.w3.org/2000/01/rdf-schema#seeAlso>	"MedDRA: 10041291"
<http://purl.obolibrary.org/obo/OAE_0001412>	<http://www.w3.org/2000/01/rdf-schema#seeAlso>	"MedDRA: 10065769"
<http://purl.obolibrary.org/obo/OAE_0001413>	<http://www.w3.org/2000/01/rdf-schema#seeAlso>	"MedDRA: 10054153"
<http://purl.obolibrary.org/obo/OAE_0001414>	<http://www.w3.org/2000/01/rdf-schema#seeAlso>	"MedDRA: 10041541"
<http://purl.obolibrary.org/obo/OAE_0001415>	<http://www.w3.org/2000/01/rdf-schema#seeAlso>	"HPO: HP_0002176"
<http://purl.obolibrary.org/obo/OAE_0001415>	<http://www.w3.org/2000/01/rdf-schema#seeAlso>	"MedDRA: 10041549"
<http://purl.obolibrary.org/obo/OAE_0001415>	<http://www.w3.org/2000/01/rdf-schema#seeAlso>	"SIDER: C0037926"
<http://purl.obolibrary.org/obo/OAE_0001416>	<http://www.w3.org/2000/01/rdf-schema#seeAlso>	"MedDRA: 10062261"
<http://purl.obolibrary.org/obo/OAE_0001417>	<http://www.w3.org/2000/01/rdf-schema#seeAlso>	"HPO: HP_0002758"
<http://purl.obolibrary.org/obo/OAE_0001417>	<http://www.w3.org/2000/01/rdf-schema#seeAlso>	"MedDRA: 10041591"
<http://purl.obolibrary.org/obo/OAE_0001417>	<http://www.w3.org/2000/01/rdf-schema#seeAlso>	"SIDER: C0949690"
<http://purl.obolibrary.org/obo/OAE_0001418>	<http://www.w3.org/2000/01/rdf-schema#seeAlso>	"HPO: HP_0001744"
<http://purl.obolibrary.org/obo/OAE_0001418>	<http://www.w3.org/2000/01/rdf-schema#seeAlso>	"MedDRA: 10041660"
<http://purl.obolibrary.org/obo/OAE_0001418>	<http://www.w3.org/2000/01/rdf-schema#seeAlso>	"SIDER: C0038002"
<http://purl.obolibrary.org/obo/OAE_0001419>	<http://www.w3.org/2000/01/rdf-schema#seeAlso>	"MedDRA: 10051612"
<http://purl.obolibrary.org/obo/OAE_0001420>	<http://www.w3.org/2000/01/rdf-schema#seeAlso>	"HPO: HP_0002105"
<http://purl.obolibrary.org/obo/OAE_0001420>	<http://www.w3.org/2000/01/rdf-schema#seeAlso>	"MedDRA: 10041812"
<http://purl.obolibrary.org/obo/OAE_0001420>	<http://www.w3.org/2000/01/rdf-schema#seeAlso>	"SIDER: C0235567"
<http://purl.obolibrary.org/obo/OAE_0001421>	<http://www.w3.org/2000/01/rdf-schema#seeAlso>	"HPO: HP_0006739"
<http://purl.obolibrary.org/obo/OAE_0001421>	<http://www.w3.org/2000/01/rdf-schema#seeAlso>	"MedDRA: 10041823"
<http://purl.obolibrary.org/obo/OAE_0001421>	<http://www.w3.org/2000/01/rdf-schema#seeAlso>	"SIDER: C0007137"
<http://purl.obolibrary.org/obo/OAE_0001422>	<http://www.w3.org/2000/01/rdf-schema#seeAlso>	"HPO: HP_0007499"
<http://purl.obolibrary.org/obo/OAE_0001422>	<http://www.w3.org/2000/01/rdf-schema#seeAlso>	"MedDRA: 10058080"
<http://purl.obolibrary.org/obo/OAE_0001422>	<http://www.w3.org/2000/01/rdf-schema#seeAlso>	"SIDER: C0038160"
<http://purl.obolibrary.org/obo/OAE_0001423>	<http://www.w3.org/2000/01/rdf-schema#seeAlso>	"MedDRA: 10041955"
<http://purl.obolibrary.org/obo/OAE_0001424>	<http://www.w3.org/2000/01/rdf-schema#seeAlso>	"MedDRA: 10049936"
<http://purl.obolibrary.org/obo/OAE_0001425>	<http://www.w3.org/2000/01/rdf-schema#seeAlso>	"HPO: HP_0000951"
<http://purl.obolibrary.org/obo/OAE_0001425>	<http://www.w3.org/2000/01/rdf-schema#seeAlso>	"MedDRA: 10042033"
<http://purl.obolibrary.org/obo/OAE_0001425>	<http://www.w3.org/2000/01/rdf-schema#seeAlso>	"SIDER: C0038325"
<http://purl.obolibrary.org/obo/OAE_0001426>	<http://www.w3.org/2000/01/rdf-schema#seeAlso>	"MedDRA: 10042210"
<http://purl.obolibrary.org/obo/OAE_0001428>	<http://www.w3.org/2000/01/rdf-schema#seeAlso>	"HPO: HP_0002138"
<http://purl.obolibrary.org/obo/OAE_0001428>	<http://www.w3.org/2000/01/rdf-schema#seeAlso>	"MedDRA: 10042316"
<http://purl.obolibrary.org/obo/OAE_0001428>	<http://www.w3.org/2000/01/rdf-schema#seeAlso>	"SIDER: C0038525"
<http://purl.obolibrary.org/obo/OAE_0001429>	<http://www.w3.org/2000/01/rdf-schema#seeAlso>	"HPO: HP_0100309"
<http://purl.obolibrary.org/obo/OAE_0001429>	<http://www.w3.org/2000/01/rdf-schema#seeAlso>	"MedDRA: 10042361"
<http://purl.obolibrary.org/obo/OAE_0001429>	<http://www.w3.org/2000/01/rdf-schema#seeAlso>	"SIDER: C0018946"
<http://purl.obolibrary.org/obo/OAE_0001430>	<http://www.w3.org/2000/01/rdf-schema#seeAlso>	"MedDRA: 10017788"
<http://purl.obolibrary.org/obo/OAE_0001431>	<http://www.w3.org/2000/01/rdf-schema#seeAlso>	"HPO: HP_0001645"
<http://purl.obolibrary.org/obo/OAE_0001431>	<http://www.w3.org/2000/01/rdf-schema#seeAlso>	"MedDRA: 10042434"
<http://purl.obolibrary.org/obo/OAE_0001431>	<http://www.w3.org/2000/01/rdf-schema#seeAlso>	"SIDER: C0011071"
<http://purl.obolibrary.org/obo/OAE_0001432>	<http://www.w3.org/2000/01/rdf-schema#seeAlso>	"MedDRA: 10042458"
<http://purl.obolibrary.org/obo/OAE_0001433>	<http://www.w3.org/2000/01/rdf-schema#seeAlso>	"HPO: HP_0000708"
<http://purl.obolibrary.org/obo/OAE_0001433>	<http://www.w3.org/2000/01/rdf-schema#seeAlso>	"MedDRA: 10043464"
<http://purl.obolibrary.org/obo/OAE_0001433>	<http://www.w3.org/2000/01/rdf-schema#seeAlso>	"SIDER: C0038663"
<http://purl.obolibrary.org/obo/OAE_0001434>	<http://www.w3.org/2000/01/rdf-schema#seeAlso>	"HPO: HP_0005364"
<http://purl.obolibrary.org/obo/OAE_0001434>	<http://www.w3.org/2000/01/rdf-schema#seeAlso>	"MedDRA: 10042566"
<http://purl.obolibrary.org/obo/OAE_0001434>	<http://www.w3.org/2000/01/rdf-schema#seeAlso>	"SIDER: C0038826"
<http://purl.obolibrary.org/obo/OAE_0001435>	<http://www.w3.org/2000/01/rdf-schema#seeAlso>	"MedDRA: 10042567"
<http://purl.obolibrary.org/obo/OAE_0001436>	<http://www.w3.org/2000/01/rdf-schema#seeAlso>	"HPO: HP_0005115"
<http://purl.obolibrary.org/obo/OAE_0001436>	<http://www.w3.org/2000/01/rdf-schema#seeAlso>	"MedDRA: 10042602"
<http://purl.obolibrary.org/obo/OAE_0001436>	<http://www.w3.org/2000/01/rdf-schema#seeAlso>	"SIDER: C0033036"
<http://purl.obolibrary.org/obo/OAE_0001437>	<http://www.w3.org/2000/01/rdf-schema#seeAlso>	"HPO: HP_0004765"
<http://purl.obolibrary.org/obo/OAE_0001437>	<http://www.w3.org/2000/01/rdf-schema#seeAlso>	"MedDRA: 10042604"
<http://purl.obolibrary.org/obo/OAE_0001437>	<http://www.w3.org/2000/01/rdf-schema#seeAlso>	"SIDER: C0039240"
<http://purl.obolibrary.org/obo/OAE_0001438>	<http://www.w3.org/2000/01/rdf-schema#seeAlso>	"MedDRA: 10042635"
<http://purl.obolibrary.org/obo/OAE_0001439>	<http://www.w3.org/2000/01/rdf-schema#seeAlso>	"MedDRA: 10059059"
<http://purl.obolibrary.org/obo/OAE_0001440>	<http://www.w3.org/2000/01/rdf-schema#seeAlso>	"MedDRA: 10048547"
<http://purl.obolibrary.org/obo/OAE_0001441>	<http://www.w3.org/2000/01/rdf-schema#seeAlso>	"HPO: HP_0001649"
<http://purl.obolibrary.org/obo/OAE_0001441>	<http://www.w3.org/2000/01/rdf-schema#seeAlso>	"MedDRA: 10049447"
<http://purl.obolibrary.org/obo/OAE_0001441>	<http://www.w3.org/2000/01/rdf-schema#seeAlso>	"SIDER: C0080203"
<http://purl.obolibrary.org/obo/OAE_0001442>	<http://www.w3.org/2000/01/rdf-schema#seeAlso>	"MedDRA: 10043079"
<http://purl.obolibrary.org/obo/OAE_0001443>	<http://www.w3.org/2000/01/rdf-schema#seeAlso>	"HPO: HP_0004346"
<http://purl.obolibrary.org/obo/OAE_0001443>	<http://www.w3.org/2000/01/rdf-schema#seeAlso>	"MedDRA: 10043089"
<http://purl.obolibrary.org/obo/OAE_0001443>	<http://www.w3.org/2000/01/rdf-schema#seeAlso>	"SIDER: C0231835"
<http://purl.obolibrary.org/obo/OAE_0001445>	<http://www.w3.org/2000/01/rdf-schema#seeAlso>	"MedDRA: 10043209"
<http://purl.obolibrary.org/obo/OAE_0001446>	<http://www.w3.org/2000/01/rdf-schema#seeAlso>	"MedDRA: 10018651"
<http://purl.obolibrary.org/obo/OAE_0001447>	<http://www.w3.org/2000/01/rdf-schema#seeAlso>	"MedDRA: 10015493"
<http://purl.obolibrary.org/obo/OAE_0001448>	<http://www.w3.org/2000/01/rdf-schema#seeAlso>	"HPO: HP_0001873"
<http://purl.obolibrary.org/obo/OAE_0001448>	<http://www.w3.org/2000/01/rdf-schema#seeAlso>	"MedDRA: 10043554"
<http://purl.obolibrary.org/obo/OAE_0001448>	<http://www.w3.org/2000/01/rdf-schema#seeAlso>	"SIDER: C0040034"
<http://purl.obolibrary.org/obo/OAE_0001449>	<http://www.w3.org/2000/01/rdf-schema#seeAlso>	"HPO: HP_0004418"
<http://purl.obolibrary.org/obo/OAE_0001449>	<http://www.w3.org/2000/01/rdf-schema#seeAlso>	"MedDRA: 10043570"
<http://purl.obolibrary.org/obo/OAE_0001449>	<http://www.w3.org/2000/01/rdf-schema#seeAlso>	"SIDER: C0040046"
<http://purl.obolibrary.org/obo/OAE_0001450>	<http://www.w3.org/2000/01/rdf-schema#seeAlso>	"HPO: HP_0002597"
<http://purl.obolibrary.org/obo/OAE_0001450>	<http://www.w3.org/2000/01/rdf-schema#seeAlso>	"MedDRA: 10043645"
<http://purl.obolibrary.org/obo/OAE_0001450>	<http://www.w3.org/2000/01/rdf-schema#seeAlso>	"SIDER: C2717961"
<http://purl.obolibrary.org/obo/OAE_0001451>	<http://www.w3.org/2000/01/rdf-schema#seeAlso>	"HPO: HP_0000854"
<http://purl.obolibrary.org/obo/OAE_0001451>	<http://www.w3.org/2000/01/rdf-schema#seeAlso>	"MedDRA: 10043688"
<http://purl.obolibrary.org/obo/OAE_0001451>	<http://www.w3.org/2000/01/rdf-schema#seeAlso>	"SIDER: C0151468"
<http://purl.obolibrary.org/obo/OAE_0001452>	<http://www.w3.org/2000/01/rdf-schema#seeAlso>	"MedDRA: 10058900"
<http://purl.obolibrary.org/obo/OAE_0001453>	<http://www.w3.org/2000/01/rdf-schema#seeAlso>	"HPO: HP_0011675"
<http://purl.obolibrary.org/obo/OAE_0001453>	<http://www.w3.org/2000/01/rdf-schema#seeAlso>	"MedDRA: 10019304"
<http://purl.obolibrary.org/obo/OAE_0001453>	<http://www.w3.org/2000/01/rdf-schema#seeAlso>	"SIDER: C0237314"
<http://purl.obolibrary.org/obo/OAE_0001454>	<http://www.w3.org/2000/01/rdf-schema#seeAlso>	"MedDRA: 10059612"
<http://purl.obolibrary.org/obo/OAE_0001455>	<http://www.w3.org/2000/01/rdf-schema#seeAlso>	"HPO: HP_0000155"
<http://purl.obolibrary.org/obo/OAE_0001455>	<http://www.w3.org/2000/01/rdf-schema#seeAlso>	"MedDRA: 10043991"
<http://purl.obolibrary.org/obo/OAE_0001455>	<http://www.w3.org/2000/01/rdf-schema#seeAlso>	"SIDER: C0235351"
<http://purl.obolibrary.org/obo/OAE_0001456>	<http://www.w3.org/2000/01/rdf-schema#seeAlso>	"MedDRA: 10044002"
<http://purl.obolibrary.org/obo/OAE_0001457>	<http://www.w3.org/2000/01/rdf-schema#seeAlso>	"HPO: HP_0000164"
<http://purl.obolibrary.org/obo/OAE_0001457>	<http://www.w3.org/2000/01/rdf-schema#seeAlso>	"MedDRA: 10044016"
<http://purl.obolibrary.org/obo/OAE_0001457>	<http://www.w3.org/2000/01/rdf-schema#seeAlso>	"SIDER: C0518988"
<http://purl.obolibrary.org/obo/OAE_0001458>	<http://www.w3.org/2000/01/rdf-schema#seeAlso>	"HPO: HP_0000164"
<http://purl.obolibrary.org/obo/OAE_0001458>	<http://www.w3.org/2000/01/rdf-schema#seeAlso>	"MedDRA: 10044034"
<http://purl.obolibrary.org/obo/OAE_0001458>	<http://www.w3.org/2000/01/rdf-schema#seeAlso>	"SIDER: C0040435"
<http://purl.obolibrary.org/obo/OAE_0001459>	<http://www.w3.org/2000/01/rdf-schema#seeAlso>	"MedDRA: 10062544"
<http://purl.obolibrary.org/obo/OAE_0001460>	<http://www.w3.org/2000/01/rdf-schema#seeAlso>	"HPO: HP_0006349"
<http://purl.obolibrary.org/obo/OAE_0001460>	<http://www.w3.org/2000/01/rdf-schema#seeAlso>	"MedDRA: 10044044"
<http://purl.obolibrary.org/obo/OAE_0001460>	<http://www.w3.org/2000/01/rdf-schema#seeAlso>	"SIDER: C0080233"
<http://purl.obolibrary.org/obo/OAE_0001461>	<http://www.w3.org/2000/01/rdf-schema#seeAlso>	"HPO: HP_0000164"
<http://purl.obolibrary.org/obo/OAE_0001461>	<http://www.w3.org/2000/01/rdf-schema#seeAlso>	"MedDRA: 10044055"
<http://purl.obolibrary.org/obo/OAE_0001461>	<http://www.w3.org/2000/01/rdf-schema#seeAlso>	"SIDER: C0040460"
<http://purl.obolibrary.org/obo/OAE_0001462>	<http://www.w3.org/2000/01/rdf-schema#seeAlso>	"MedDRA: 10044242"
<http://purl.obolibrary.org/obo/OAE_0001463>	<http://www.w3.org/2000/01/rdf-schema#seeAlso>	"HPO: HP_0001410"
<http://purl.obolibrary.org/obo/OAE_0001463>	<http://www.w3.org/2000/01/rdf-schema#seeAlso>	"SIDER: C0086565"
<http://purl.obolibrary.org/obo/OAE_0001464>	<http://www.w3.org/2000/01/rdf-schema#seeAlso>	"MedDRA: 10066798"
<http://purl.obolibrary.org/obo/OAE_0001465>	<http://www.w3.org/2000/01/rdf-schema#seeAlso>	"HPO: HP_0002837"
<http://purl.obolibrary.org/obo/OAE_0001465>	<http://www.w3.org/2000/01/rdf-schema#seeAlso>	"MedDRA: 10044314"
<http://purl.obolibrary.org/obo/OAE_0001465>	<http://www.w3.org/2000/01/rdf-schema#seeAlso>	"SIDER: C0040586"
<http://purl.obolibrary.org/obo/OAE_0001466>	<http://www.w3.org/2000/01/rdf-schema#seeAlso>	"MedDRA: 10044334"
<http://purl.obolibrary.org/obo/OAE_0001467>	<http://www.w3.org/2000/01/rdf-schema#seeAlso>	"MedDRA: 10054889"
<http://purl.obolibrary.org/obo/OAE_0001468>	<http://www.w3.org/2000/01/rdf-schema#seeAlso>	"HPO: HP_0001639"
<http://purl.obolibrary.org/obo/OAE_0001468>	<http://www.w3.org/2000/01/rdf-schema#seeAlso>	"MedDRA: 10020871"
<http://purl.obolibrary.org/obo/OAE_0001468>	<http://www.w3.org/2000/01/rdf-schema#seeAlso>	"SIDER: C0007194"
<http://purl.obolibrary.org/obo/OAE_0001469>	<http://www.w3.org/2000/01/rdf-schema#seeAlso>	"MedDRA: 10044443"
<http://purl.obolibrary.org/obo/OAE_0001471>	<http://www.w3.org/2000/01/rdf-schema#seeAlso>	"MedDRA: 10044640"
<http://purl.obolibrary.org/obo/OAE_0001472>	<http://www.w3.org/2000/01/rdf-schema#seeAlso>	"MedDRA: 10044594"
<http://purl.obolibrary.org/obo/OAE_0001473>	<http://www.w3.org/2000/01/rdf-schema#seeAlso>	"MedDRA: 10058267"
<http://purl.obolibrary.org/obo/OAE_0001474>	<http://www.w3.org/2000/01/rdf-schema#seeAlso>	"MedDRA: 10044755"
<http://purl.obolibrary.org/obo/OAE_0001476>	<http://www.w3.org/2000/01/rdf-schema#seeAlso>	"MedDRA: 10045169"
<http://purl.obolibrary.org/obo/OAE_0001477>	<http://www.w3.org/2000/01/rdf-schema#seeAlso>	"MedDRA: 10049750"
<http://purl.obolibrary.org/obo/OAE_0001478>	<http://www.w3.org/2000/01/rdf-schema#seeAlso>	"MedDRA: 10045170"
<http://purl.obolibrary.org/obo/OAE_0001479>	<http://www.w3.org/2000/01/rdf-schema#seeAlso>	"MedDRA: 10048621"
<http://purl.obolibrary.org/obo/OAE_0001480>	<http://www.w3.org/2000/01/rdf-schema#seeAlso>	"MedDRA: 10054094"
<http://purl.obolibrary.org/obo/OAE_0001481>	<http://www.w3.org/2000/01/rdf-schema#seeAlso>	"HPO: HP_0007812"
<http://purl.obolibrary.org/obo/OAE_0001481>	<http://www.w3.org/2000/01/rdf-schema#seeAlso>	"MedDRA: 10064996"
<http://purl.obolibrary.org/obo/OAE_0001481>	<http://www.w3.org/2000/01/rdf-schema#seeAlso>	"SIDER: C0010043"
<http://purl.obolibrary.org/obo/OAE_0001482>	<http://www.w3.org/2000/01/rdf-schema#seeAlso>	"MedDRA: 10069568"
<http://purl.obolibrary.org/obo/OAE_0001483>	<http://www.w3.org/2000/01/rdf-schema#seeAlso>	"HPO: HP_0002781"
<http://purl.obolibrary.org/obo/OAE_0001483>	<http://www.w3.org/2000/01/rdf-schema#seeAlso>	"MedDRA: 10067775"
<http://purl.obolibrary.org/obo/OAE_0001483>	<http://www.w3.org/2000/01/rdf-schema#seeAlso>	"SIDER: C0740852"
<http://purl.obolibrary.org/obo/OAE_0001484>	<http://www.w3.org/2000/01/rdf-schema#seeAlso>	"HPO: HP_0002239"
<http://purl.obolibrary.org/obo/OAE_0001484>	<http://www.w3.org/2000/01/rdf-schema#seeAlso>	"MedDRA: 10046274"
<http://purl.obolibrary.org/obo/OAE_0001484>	<http://www.w3.org/2000/01/rdf-schema#seeAlso>	"SIDER: C0041909"
<http://purl.obolibrary.org/obo/OAE_0001485>	<http://www.w3.org/2000/01/rdf-schema#seeAlso>	"HPO: HP_0006000"
<http://purl.obolibrary.org/obo/OAE_0001485>	<http://www.w3.org/2000/01/rdf-schema#seeAlso>	"MedDRA: 10046406"
<http://purl.obolibrary.org/obo/OAE_0001485>	<http://www.w3.org/2000/01/rdf-schema#seeAlso>	"SIDER: C0041956"
<http://purl.obolibrary.org/obo/OAE_0001486>	<http://www.w3.org/2000/01/rdf-schema#seeAlso>	"HPO: HP_0000796"
<http://purl.obolibrary.org/obo/OAE_0001486>	<http://www.w3.org/2000/01/rdf-schema#seeAlso>	"MedDRA: 10046459"
<http://purl.obolibrary.org/obo/OAE_0001486>	<http://www.w3.org/2000/01/rdf-schema#seeAlso>	"SIDER: C0041972"
<http://purl.obolibrary.org/obo/OAE_0001487>	<http://www.w3.org/2000/01/rdf-schema#seeAlso>	"MedDRA: 10065584"
<http://purl.obolibrary.org/obo/OAE_0001488>	<http://www.w3.org/2000/01/rdf-schema#seeAlso>	"HPO: HP_0000012"
<http://purl.obolibrary.org/obo/OAE_0001488>	<http://www.w3.org/2000/01/rdf-schema#seeAlso>	"MedDRA: 10046494"
<http://purl.obolibrary.org/obo/OAE_0001488>	<http://www.w3.org/2000/01/rdf-schema#seeAlso>	"SIDER: C0150045"
<http://purl.obolibrary.org/obo/OAE_0001489>	<http://www.w3.org/2000/01/rdf-schema#seeAlso>	"HPO: HP_0000016"
<http://purl.obolibrary.org/obo/OAE_0001489>	<http://www.w3.org/2000/01/rdf-schema#seeAlso>	"MedDRA: 10046555"
<http://purl.obolibrary.org/obo/OAE_0001489>	<http://www.w3.org/2000/01/rdf-schema#seeAlso>	"SIDER: C0080274"
<http://purl.obolibrary.org/obo/OAE_0001490>	<http://www.w3.org/2000/01/rdf-schema#seeAlso>	"MedDRA: 10062279"
<http://purl.obolibrary.org/obo/OAE_0001491>	<http://www.w3.org/2000/01/rdf-schema#seeAlso>	"MedDRA: 10062280"
<http://purl.obolibrary.org/obo/OAE_0001492>	<http://www.w3.org/2000/01/rdf-schema#seeAlso>	"MedDRA: 10051400"
<http://purl.obolibrary.org/obo/OAE_0001493>	<http://www.w3.org/2000/01/rdf-schema#seeAlso>	"MedDRA: 10059895"
<http://purl.obolibrary.org/obo/OAE_0001494>	<http://www.w3.org/2000/01/rdf-schema#seeAlso>	"MedDRA: 10048709"
<http://purl.obolibrary.org/obo/OAE_0001495>	<http://www.w3.org/2000/01/rdf-schema#seeAlso>	"MedDRA: 10046750"
<http://purl.obolibrary.org/obo/OAE_0001496>	<http://www.w3.org/2000/01/rdf-schema#seeAlso>	"MedDRA: 10049975"
<http://purl.obolibrary.org/obo/OAE_0001497>	<http://www.w3.org/2000/01/rdf-schema#seeAlso>	"HPO: HP_0000130"
<http://purl.obolibrary.org/obo/OAE_0001497>	<http://www.w3.org/2000/01/rdf-schema#seeAlso>	"MedDRA: 10046788"
<http://purl.obolibrary.org/obo/OAE_0001497>	<http://www.w3.org/2000/01/rdf-schema#seeAlso>	"SIDER: C0042134"
<http://purl.obolibrary.org/obo/OAE_0001498>	<http://www.w3.org/2000/01/rdf-schema#seeAlso>	"HPO: HP_0000130"
<http://purl.obolibrary.org/obo/OAE_0001498>	<http://www.w3.org/2000/01/rdf-schema#seeAlso>	"MedDRA: 10046790"
<http://purl.obolibrary.org/obo/OAE_0001498>	<http://www.w3.org/2000/01/rdf-schema#seeAlso>	"SIDER: C0269842"
<http://purl.obolibrary.org/obo/OAE_0001499>	<http://www.w3.org/2000/01/rdf-schema#seeAlso>	"HPO: HP_0000142"
<http://purl.obolibrary.org/obo/OAE_0001499>	<http://www.w3.org/2000/01/rdf-schema#seeAlso>	"MedDRA: 10046914"
<http://purl.obolibrary.org/obo/OAE_0001499>	<http://www.w3.org/2000/01/rdf-schema#seeAlso>	"SIDER: C0404521"
<http://purl.obolibrary.org/obo/OAE_0001500>	<http://www.w3.org/2000/01/rdf-schema#seeAlso>	"HPO: HP_0002040"
<http://purl.obolibrary.org/obo/OAE_0001500>	<http://www.w3.org/2000/01/rdf-schema#seeAlso>	"MedDRA: 10056091"
<http://purl.obolibrary.org/obo/OAE_0001500>	<http://www.w3.org/2000/01/rdf-schema#seeAlso>	"SIDER: C0014867"
<http://purl.obolibrary.org/obo/OAE_0001501>	<http://www.w3.org/2000/01/rdf-schema#seeAlso>	"MedDRA: 10057678"
<http://purl.obolibrary.org/obo/OAE_0001502>	<http://www.w3.org/2000/01/rdf-schema#seeAlso>	"MedDRA: 10047183"
<http://purl.obolibrary.org/obo/OAE_0001503>	<http://www.w3.org/2000/01/rdf-schema#seeAlso>	"MedDRA: 10047193"
<http://purl.obolibrary.org/obo/OAE_0001503>	<http://www.w3.org/2000/01/rdf-schema#seeAlso>	"MedDRA: 10047195"
<http://purl.obolibrary.org/obo/OAE_0001504>	<http://www.w3.org/2000/01/rdf-schema#seeAlso>	"MedDRA: 10047228"
<http://purl.obolibrary.org/obo/OAE_0001505>	<http://www.w3.org/2000/01/rdf-schema#seeAlso>	"HPO: HP_0004850"
<http://purl.obolibrary.org/obo/OAE_0001505>	<http://www.w3.org/2000/01/rdf-schema#seeAlso>	"MedDRA: 10047249"
<http://purl.obolibrary.org/obo/OAE_0001505>	<http://www.w3.org/2000/01/rdf-schema#seeAlso>	"SIDER: C0042487"
<http://purl.obolibrary.org/obo/OAE_0001506>	<http://www.w3.org/2000/01/rdf-schema#seeAlso>	"MedDRA: 10059056"
<http://purl.obolibrary.org/obo/OAE_0001508>	<http://www.w3.org/2000/01/rdf-schema#seeAlso>	"MedDRA: 10047393"
<http://purl.obolibrary.org/obo/OAE_0001509>	<http://www.w3.org/2000/01/rdf-schema#seeAlso>	"HPO: HP_0000622"
<http://purl.obolibrary.org/obo/OAE_0001509>	<http://www.w3.org/2000/01/rdf-schema#seeAlso>	"MedDRA: 10047513"
<http://purl.obolibrary.org/obo/OAE_0001509>	<http://www.w3.org/2000/01/rdf-schema#seeAlso>	"SIDER: C0344232"
<http://purl.obolibrary.org/obo/OAE_0001510>	<http://www.w3.org/2000/01/rdf-schema#seeAlso>	"HPO: HP_0000572"
<http://purl.obolibrary.org/obo/OAE_0001510>	<http://www.w3.org/2000/01/rdf-schema#seeAlso>	"MedDRA: 10047531"
<http://purl.obolibrary.org/obo/OAE_0001510>	<http://www.w3.org/2000/01/rdf-schema#seeAlso>	"SIDER: C0234632"
<http://purl.obolibrary.org/obo/OAE_0001511>	<http://www.w3.org/2000/01/rdf-schema#seeAlso>	"MedDRA: 10049155"
<http://purl.obolibrary.org/obo/OAE_0001512>	<http://www.w3.org/2000/01/rdf-schema#seeAlso>	"HPO: HP_0100513"
<http://purl.obolibrary.org/obo/OAE_0001512>	<http://www.w3.org/2000/01/rdf-schema#seeAlso>	"MedDRA: 10047626"
<http://purl.obolibrary.org/obo/OAE_0001512>	<http://www.w3.org/2000/01/rdf-schema#seeAlso>	"SIDER: C0042870"
<http://purl.obolibrary.org/obo/OAE_0001514>	<http://www.w3.org/2000/01/rdf-schema#seeAlso>	"MedDRA: 10047663"
<http://purl.obolibrary.org/obo/OAE_0001515>	<http://www.w3.org/2000/01/rdf-schema#seeAlso>	"HPO: HP_0004324"
<http://purl.obolibrary.org/obo/OAE_0001515>	<http://www.w3.org/2000/01/rdf-schema#seeAlso>	"MedDRA: 10047899"
<http://purl.obolibrary.org/obo/OAE_0001515>	<http://www.w3.org/2000/01/rdf-schema#seeAlso>	"SIDER: C0043094"
<http://purl.obolibrary.org/obo/OAE_0001516>	<http://www.w3.org/2000/01/rdf-schema#seeAlso>	"MedDRA: 10048015"
<http://purl.obolibrary.org/obo/OAE_0001517>	<http://www.w3.org/2000/01/rdf-schema#seeAlso>	"MedDRA: 10053692"
<http://purl.obolibrary.org/obo/OAE_0001518>	<http://www.w3.org/2000/01/rdf-schema#seeAlso>	"MedDRA: 10048031"
<http://purl.obolibrary.org/obo/OAE_0001519>	<http://www.w3.org/2000/01/rdf-schema#seeAlso>	"MedDRA: 10048629"
<http://purl.obolibrary.org/obo/OAE_0001520>	<http://www.w3.org/2000/01/rdf-schema#seeAlso>	"HPO: HP_0000551"
<http://purl.obolibrary.org/obo/OAE_0001520>	<http://www.w3.org/2000/01/rdf-schema#seeAlso>	"MedDRA: 10048216"
<http://purl.obolibrary.org/obo/OAE_0001520>	<http://www.w3.org/2000/01/rdf-schema#seeAlso>	"SIDER: C0221185"
<http://purl.obolibrary.org/obo/OAE_0001521>	<http://www.w3.org/2000/01/rdf-schema#seeAlso>	"MedDRA: 10061418"
<http://purl.obolibrary.org/obo/OAE_0001522>	<http://www.w3.org/2000/01/rdf-schema#seeAlso>	"MedDRA: 10048858"
<http://purl.obolibrary.org/obo/OAE_0001526>	<http://www.w3.org/2000/01/rdf-schema#seeAlso>	"MedDRA: 10028116"
<http://purl.obolibrary.org/obo/OAE_0001527>	<http://www.w3.org/2000/01/rdf-schema#seeAlso>	"MedDRA: 10028154"
<http://purl.obolibrary.org/obo/OAE_0001529>	<http://www.w3.org/2000/01/rdf-schema#seeAlso>	"HPO: HP_0000939"
<http://purl.obolibrary.org/obo/OAE_0001529>	<http://www.w3.org/2000/01/rdf-schema#seeAlso>	"MedDRA: 10031282"
<http://purl.obolibrary.org/obo/OAE_0001529>	<http://www.w3.org/2000/01/rdf-schema#seeAlso>	"SIDER: C0029456"
<http://purl.obolibrary.org/obo/OAE_0001531>	<http://www.w3.org/2000/01/rdf-schema#seeAlso>	"MedDRA: 10038748"
<http://purl.obolibrary.org/obo/OAE_0001535>	<http://www.w3.org/2000/01/rdf-schema#seeAlso>	"MedDRA: 10066286"
<http://purl.obolibrary.org/obo/OAE_0001537>	<http://www.w3.org/2000/01/rdf-schema#seeAlso>	"MedDRA: 10057970"
<http://purl.obolibrary.org/obo/OAE_0001538>	<http://www.w3.org/2000/01/rdf-schema#seeAlso>	"HPO: HP_0001663"
<http://purl.obolibrary.org/obo/OAE_0001538>	<http://www.w3.org/2000/01/rdf-schema#seeAlso>	"MedDRA: 10047290"
<http://purl.obolibrary.org/obo/OAE_0001538>	<http://www.w3.org/2000/01/rdf-schema#seeAlso>	"SIDER: C0042510"
<http://purl.obolibrary.org/obo/OAE_0001539>	<http://www.w3.org/2000/01/rdf-schema#seeAlso>	"MedDRA: 10003674"
<http://purl.obolibrary.org/obo/OAE_0001544>	<http://www.w3.org/2000/01/rdf-schema#seeAlso>	"HPO: HP_0000717"
<http://purl.obolibrary.org/obo/OAE_0001544>	<http://www.w3.org/2000/01/rdf-schema#seeAlso>	"SIDER: C0004352"
<http://purl.obolibrary.org/obo/OAE_0001547>	<http://www.w3.org/2000/01/rdf-schema#seeAlso>	"MedDRA: 10043224"
<http://purl.obolibrary.org/obo/OAE_0001549>	<http://www.w3.org/2000/01/rdf-schema#seeAlso>	"MedDRA: 10028332"
<http://purl.obolibrary.org/obo/OAE_0001550>	<http://www.w3.org/2000/01/rdf-schema#seeAlso>	"MedDRA: 10041014"
<http://purl.obolibrary.org/obo/OAE_0001554>	<http://www.w3.org/2000/01/rdf-schema#seeAlso>	"MedDRA: 10038743; UMLS_CUI: C0085631"
<http://purl.obolibrary.org/obo/OAE_0001560>	<http://www.w3.org/2000/01/rdf-schema#seeAlso>	"MedDRA: 10043890"
<http://purl.obolibrary.org/obo/OAE_0001561>	<http://www.w3.org/2000/01/rdf-schema#seeAlso>	"HPO: HP_0010640"
<http://purl.obolibrary.org/obo/OAE_0001561>	<http://www.w3.org/2000/01/rdf-schema#seeAlso>	"SIDER: C0858259"
<http://purl.obolibrary.org/obo/OAE_0001567>	<http://www.w3.org/2000/01/rdf-schema#seeAlso>	"MedDRA: 10029816\n"
<http://purl.obolibrary.org/obo/OAE_0001570>	<http://www.w3.org/2000/01/rdf-schema#seeAlso>	"MedDRA: 10007512"
<http://purl.obolibrary.org/obo/OAE_0001571>	<http://www.w3.org/2000/01/rdf-schema#seeAlso>	"MedDRA: 10003677"
<http://purl.obolibrary.org/obo/OAE_0001572>	<http://www.w3.org/2000/01/rdf-schema#seeAlso>	"MedDRA: 10061593"
<http://purl.obolibrary.org/obo/OAE_0001573>	<http://www.w3.org/2000/01/rdf-schema#seeAlso>	"MedDRA: 10047843"
<http://purl.obolibrary.org/obo/OAE_0001574>	<http://www.w3.org/2000/01/rdf-schema#seeAlso>	"MedDRA: 10054823"
<http://purl.obolibrary.org/obo/OAE_0001575>	<http://www.w3.org/2000/01/rdf-schema#seeAlso>	"HPO: HP_0002905"
<http://purl.obolibrary.org/obo/OAE_0001575>	<http://www.w3.org/2000/01/rdf-schema#seeAlso>	"MedDRA: 10050196"
<http://purl.obolibrary.org/obo/OAE_0001575>	<http://www.w3.org/2000/01/rdf-schema#seeAlso>	"SIDER: C0919625"
<http://purl.obolibrary.org/obo/OAE_0001576>	<http://www.w3.org/2000/01/rdf-schema#seeAlso>	"MedDRA: 10003673"
<http://purl.obolibrary.org/obo/OAE_0001577>	<http://www.w3.org/2000/01/rdf-schema#seeAlso>	"HPO: HP_0011042"
<http://purl.obolibrary.org/obo/OAE_0001577>	<http://www.w3.org/2000/01/rdf-schema#seeAlso>	"MedDRA: 10005722"
<http://purl.obolibrary.org/obo/OAE_0001577>	<http://www.w3.org/2000/01/rdf-schema#seeAlso>	"SIDER: C0853759"
<http://purl.obolibrary.org/obo/OAE_0001578>	<http://www.w3.org/2000/01/rdf-schema#seeAlso>	"HPO: HP_0002513"
<http://purl.obolibrary.org/obo/OAE_0001578>	<http://www.w3.org/2000/01/rdf-schema#seeAlso>	"MedDRA: 10005725\n"
<http://purl.obolibrary.org/obo/OAE_0001578>	<http://www.w3.org/2000/01/rdf-schema#seeAlso>	"SIDER: C0853760"
<http://purl.obolibrary.org/obo/OAE_0001579>	<http://www.w3.org/2000/01/rdf-schema#seeAlso>	"MedDRA: 10005800"
<http://purl.obolibrary.org/obo/OAE_0001580>	<http://www.w3.org/2000/01/rdf-schema#seeAlso>	"HPO: HP_0003228"
<http://purl.obolibrary.org/obo/OAE_0001580>	<http://www.w3.org/2000/01/rdf-schema#seeAlso>	"MedDRA: 10005803"
<http://purl.obolibrary.org/obo/OAE_0001580>	<http://www.w3.org/2000/01/rdf-schema#seeAlso>	"MedDRA: 10020679"
<http://purl.obolibrary.org/obo/OAE_0001580>	<http://www.w3.org/2000/01/rdf-schema#seeAlso>	"SIDER: C0595878"
<http://purl.obolibrary.org/obo/OAE_0001581>	<http://www.w3.org/2000/01/rdf-schema#seeAlso>	"MedDRA: 10005652"
<http://purl.obolibrary.org/obo/OAE_0001582>	<http://www.w3.org/2000/01/rdf-schema#seeAlso>	"MedDRA: 10005655"
<http://purl.obolibrary.org/obo/OAE_0001582>	<http://www.w3.org/2000/01/rdf-schema#seeAlso>	"MedDRA: 10020669"
<http://purl.obolibrary.org/obo/OAE_0001583>	<http://www.w3.org/2000/01/rdf-schema#seeAlso>	"MedDRA: 10005417"
<http://purl.obolibrary.org/obo/OAE_0001584>	<http://www.w3.org/2000/01/rdf-schema#seeAlso>	"MedDRA: 10005420"
<http://purl.obolibrary.org/obo/OAE_0001585>	<http://www.w3.org/2000/01/rdf-schema#seeAlso>	"MedDRA: 10005393"
<http://purl.obolibrary.org/obo/OAE_0001586>	<http://www.w3.org/2000/01/rdf-schema#seeAlso>	"MedDRA: 10005396"
<http://purl.obolibrary.org/obo/OAE_0001587>	<http://www.w3.org/2000/01/rdf-schema#seeAlso>	"MedDRA: 10038362"
<http://purl.obolibrary.org/obo/OAE_0001588>	<http://www.w3.org/2000/01/rdf-schema#seeAlso>	"MedDRA: 10005481"
<http://purl.obolibrary.org/obo/OAE_0001589>	<http://www.w3.org/2000/01/rdf-schema#seeAlso>	"MedDRA: 10005846"
<http://purl.obolibrary.org/obo/OAE_0001590>	<http://www.w3.org/2000/01/rdf-schema#seeAlso>	"MedDRA: 10024580"
<http://purl.obolibrary.org/obo/OAE_0001591>	<http://www.w3.org/2000/01/rdf-schema#seeAlso>	"MedDRA: 10005423"
<http://purl.obolibrary.org/obo/OAE_0001592>	<http://www.w3.org/2000/01/rdf-schema#seeAlso>	"MedDRA: 10005424"
<http://purl.obolibrary.org/obo/OAE_0001593>	<http://www.w3.org/2000/01/rdf-schema#seeAlso>	"MedDRA: 10020051"
<http://purl.obolibrary.org/obo/OAE_0001594>	<http://www.w3.org/2000/01/rdf-schema#seeAlso>	"MedDRA: 10020061"
<http://purl.obolibrary.org/obo/OAE_0001595>	<http://www.w3.org/2000/01/rdf-schema#seeAlso>	"HPO: HP_0003233"
<http://purl.obolibrary.org/obo/OAE_0001595>	<http://www.w3.org/2000/01/rdf-schema#seeAlso>	"MedDRA: 10020060"
<http://purl.obolibrary.org/obo/OAE_0001595>	<http://www.w3.org/2000/01/rdf-schema#seeAlso>	"SIDER: C0151691"
<http://purl.obolibrary.org/obo/OAE_0001596>	<http://www.w3.org/2000/01/rdf-schema#seeAlso>	"MedDRA: 10024901"
<http://purl.obolibrary.org/obo/OAE_0001597>	<http://www.w3.org/2000/01/rdf-schema#seeAlso>	"HPO: HP_0003141"
<http://purl.obolibrary.org/obo/OAE_0001597>	<http://www.w3.org/2000/01/rdf-schema#seeAlso>	"MedDRA: 10024910"
<http://purl.obolibrary.org/obo/OAE_0001597>	<http://www.w3.org/2000/01/rdf-schema#seeAlso>	"SIDER: C0549399"
<http://purl.obolibrary.org/obo/OAE_0001598>	<http://www.w3.org/2000/01/rdf-schema#seeAlso>	"MedDRA: 10024909"
<http://purl.obolibrary.org/obo/OAE_0001599>	<http://www.w3.org/2000/01/rdf-schema#seeAlso>	"MedDRA: 10005837"
<http://purl.obolibrary.org/obo/OAE_0001600>	<http://www.w3.org/2000/01/rdf-schema#seeAlso>	"HPO: HP_0002155"
<http://purl.obolibrary.org/obo/OAE_0001600>	<http://www.w3.org/2000/01/rdf-schema#seeAlso>	"MedDRA: 10005839"
<http://purl.obolibrary.org/obo/OAE_0001600>	<http://www.w3.org/2000/01/rdf-schema#seeAlso>	"SIDER: C0853692"
<http://purl.obolibrary.org/obo/OAE_0001601>	<http://www.w3.org/2000/01/rdf-schema#seeAlso>	"MedDRA: 10005838"
<http://purl.obolibrary.org/obo/OAE_0001602>	<http://www.w3.org/2000/01/rdf-schema#seeAlso>	"MedDRA: 10021505"
<http://purl.obolibrary.org/obo/OAE_0001603>	<http://www.w3.org/2000/01/rdf-schema#seeAlso>	"MedDRA (LLT): 10047909\nMedDRA (LLT): 10047908"
<http://purl.obolibrary.org/obo/OAE_0001603>	<http://www.w3.org/2000/01/rdf-schema#seeAlso>	"MedDRA: 10050797"
<http://purl.obolibrary.org/obo/OAE_0001604>	<http://www.w3.org/2000/01/rdf-schema#seeAlso>	"MedDRA: 10056906"
<http://purl.obolibrary.org/obo/OAE_0001605>	<http://www.w3.org/2000/01/rdf-schema#seeAlso>	"MedDRA: 10027529"
<http://purl.obolibrary.org/obo/OAE_0001606>	<http://www.w3.org/2000/01/rdf-schema#seeAlso>	"MedDRA: 10011529"
<http://purl.obolibrary.org/obo/OAE_0001607>	<http://www.w3.org/2000/01/rdf-schema#seeAlso>	"MedDRA: 10027432"
<http://purl.obolibrary.org/obo/OAE_0001608>	<http://www.w3.org/2000/01/rdf-schema#seeAlso>	"MedDRA: 10055587"
<http://purl.obolibrary.org/obo/OAE_0001609>	<http://www.w3.org/2000/01/rdf-schema#seeAlso>	"MedDRA: 10055587"
<http://purl.obolibrary.org/obo/OAE_0001610>	<http://www.w3.org/2000/01/rdf-schema#seeAlso>	"MedDRA: 10005525"
<http://purl.obolibrary.org/obo/OAE_0001611>	<http://www.w3.org/2000/01/rdf-schema#seeAlso>	"MedDRA: 10005528"
<http://purl.obolibrary.org/obo/OAE_0001612>	<http://www.w3.org/2000/01/rdf-schema#seeAlso>	"MedDRA: 10005554"
<http://purl.obolibrary.org/obo/OAE_0001613>	<http://www.w3.org/2000/01/rdf-schema#seeAlso>	"MedDRA: 10049735"
<http://purl.obolibrary.org/obo/OAE_0001614>	<http://www.w3.org/2000/01/rdf-schema#seeAlso>	"MedDRA: 10049734"
<http://purl.obolibrary.org/obo/OAE_0001615>	<http://www.w3.org/2000/01/rdf-schema#seeAlso>	"MedDRA: 10061727"
<http://purl.obolibrary.org/obo/OAE_0001616>	<http://www.w3.org/2000/01/rdf-schema#seeAlso>	"MedDRA: 10005860"
<http://purl.obolibrary.org/obo/OAE_0001617>	<http://www.w3.org/2000/01/rdf-schema#seeAlso>	"MedDRA: 10062187"
<http://purl.obolibrary.org/obo/OAE_0001618>	<http://www.w3.org/2000/01/rdf-schema#seeAlso>	"MedDRA: 10047610"
<http://purl.obolibrary.org/obo/OAE_0001619>	<http://www.w3.org/2000/01/rdf-schema#seeAlso>	"MedDRA: 10047608"
<http://purl.obolibrary.org/obo/OAE_0001620>	<http://www.w3.org/2000/01/rdf-schema#seeAlso>	"MedDRA: 10053408"
<http://purl.obolibrary.org/obo/OAE_0001621>	<http://www.w3.org/2000/01/rdf-schema#seeAlso>	"MedDRA: 10053405"
<http://purl.obolibrary.org/obo/OAE_0001622>	<http://www.w3.org/2000/01/rdf-schema#seeAlso>	"MedDRA: 10053407"
<http://purl.obolibrary.org/obo/OAE_0001623>	<http://www.w3.org/2000/01/rdf-schema#seeAlso>	"MedDRA: 10005539"
<http://purl.obolibrary.org/obo/OAE_0001623>	<http://www.w3.org/2000/01/rdf-schema#seeAlso>	"MedDRA: 10027432"
<http://purl.obolibrary.org/obo/OAE_0001624>	<http://www.w3.org/2000/01/rdf-schema#seeAlso>	"MedDRA: 10064156"
<http://purl.obolibrary.org/obo/OAE_0001625>	<http://www.w3.org/2000/01/rdf-schema#seeAlso>	"HPO: HP_0005972"
<http://purl.obolibrary.org/obo/OAE_0001625>	<http://www.w3.org/2000/01/rdf-schema#seeAlso>	"MedDRA: 10007225"
<http://purl.obolibrary.org/obo/OAE_0001625>	<http://www.w3.org/2000/01/rdf-schema#seeAlso>	"SIDER: C0860713"
<http://purl.obolibrary.org/obo/OAE_0001626>	<http://www.w3.org/2000/01/rdf-schema#seeAlso>	"MedDRA: 10005705"
<http://purl.obolibrary.org/obo/OAE_0001627>	<http://www.w3.org/2000/01/rdf-schema#seeAlso>	"MedDRA: 10005708"
<http://purl.obolibrary.org/obo/OAE_0001628>	<http://www.w3.org/2000/01/rdf-schema#seeAlso>	"MedDRA: 10005706"
<http://purl.obolibrary.org/obo/OAE_0001630>	<http://www.w3.org/2000/01/rdf-schema#seeAlso>	"MedDRA: 10033317\n"
<http://purl.obolibrary.org/obo/OAE_0001631>	<http://www.w3.org/2000/01/rdf-schema#seeAlso>	"MedDRA: 10033320"
<http://purl.obolibrary.org/obo/OAE_0001632>	<http://www.w3.org/2000/01/rdf-schema#seeAlso>	"MedDRA: 10058982"
<http://purl.obolibrary.org/obo/OAE_0001633>	<http://www.w3.org/2000/01/rdf-schema#seeAlso>	"MedDRA: 10034183"
<http://purl.obolibrary.org/obo/OAE_0001634>	<http://www.w3.org/2000/01/rdf-schema#seeAlso>	"MedDRA: 10034181"
<http://purl.obolibrary.org/obo/OAE_0001635>	<http://www.w3.org/2000/01/rdf-schema#seeAlso>	"MedDRA: 10062087"
<http://purl.obolibrary.org/obo/OAE_0001636>	<http://www.w3.org/2000/01/rdf-schema#seeAlso>	"MedDRA: 10035769"
<http://purl.obolibrary.org/obo/OAE_0001637>	<http://www.w3.org/2000/01/rdf-schema#seeAlso>	"MedDRA: 10035768"
<http://purl.obolibrary.org/obo/OAE_0001638>	<http://www.w3.org/2000/01/rdf-schema#seeAlso>	"MedDRA: 10044260"
<http://purl.obolibrary.org/obo/OAE_0001639>	<http://www.w3.org/2000/01/rdf-schema#seeAlso>	"MedDRA: 10063230"
<http://purl.obolibrary.org/obo/OAE_0001640>	<http://www.w3.org/2000/01/rdf-schema#seeAlso>	"MedDRA: 10063230"
<http://purl.obolibrary.org/obo/OAE_0001641>	<http://www.w3.org/2000/01/rdf-schema#seeAlso>	"MedDRA: 10050798"
<http://purl.obolibrary.org/obo/OAE_0001642>	<http://www.w3.org/2000/01/rdf-schema#seeAlso>	"MedDRA: 10062228"
<http://purl.obolibrary.org/obo/OAE_0001643>	<http://www.w3.org/2000/01/rdf-schema#seeAlso>	"MedDRA: 10029295"
<http://purl.obolibrary.org/obo/OAE_0001644>	<http://www.w3.org/2000/01/rdf-schema#seeAlso>	"MedDRA: 10071940, 10062078"
<http://purl.obolibrary.org/obo/OAE_0001645>	<http://www.w3.org/2000/01/rdf-schema#seeAlso>	"MedDRA: 10011822"
<http://purl.obolibrary.org/obo/OAE_0001646>	<http://www.w3.org/2000/01/rdf-schema#seeAlso>	"MedDRA: 10038668"
<http://purl.obolibrary.org/obo/OAE_0001647>	<http://www.w3.org/2000/01/rdf-schema#seeAlso>	"MedDRA: 10014706"
<http://purl.obolibrary.org/obo/OAE_0001649>	<http://www.w3.org/2000/01/rdf-schema#seeAlso>	"MedDRA: 10005700"
<http://purl.obolibrary.org/obo/OAE_0001650>	<http://www.w3.org/2000/01/rdf-schema#seeAlso>	"MedDRA: 10005703"
<http://purl.obolibrary.org/obo/OAE_0001651>	<http://www.w3.org/2000/01/rdf-schema#seeAlso>	"MedDRA: 10044592"
<http://purl.obolibrary.org/obo/OAE_0001652>	<http://www.w3.org/2000/01/rdf-schema#seeAlso>	"MedDRA: 10044596"
<http://purl.obolibrary.org/obo/OAE_0001653>	<http://www.w3.org/2000/01/rdf-schema#seeAlso>	"MedDRA: 10037000"
<http://purl.obolibrary.org/obo/OAE_0001654>	<http://www.w3.org/2000/01/rdf-schema#seeAlso>	"MedDRA: 10005286"
<http://purl.obolibrary.org/obo/OAE_0001655>	<http://www.w3.org/2000/01/rdf-schema#seeAlso>	"MedDRA: 10005288"
<http://purl.obolibrary.org/obo/OAE_0001656>	<http://www.w3.org/2000/01/rdf-schema#seeAlso>	"MedDRA: 10068559"
<http://purl.obolibrary.org/obo/OAE_0001657>	<http://www.w3.org/2000/01/rdf-schema#seeAlso>	"MedDRA: 10049220"
<http://purl.obolibrary.org/obo/OAE_0001658>	<http://www.w3.org/2000/01/rdf-schema#seeAlso>	"MedDRA: 10037016"
<http://purl.obolibrary.org/obo/OAE_0001659>	<http://www.w3.org/2000/01/rdf-schema#seeAlso>	"MedDRA: 10037014"
<http://purl.obolibrary.org/obo/OAE_0001660>	<http://www.w3.org/2000/01/rdf-schema#seeAlso>	"MedDRA: 10028146"
<http://purl.obolibrary.org/obo/OAE_0001661>	<http://www.w3.org/2000/01/rdf-schema#seeAlso>	"MedDRA: 10055014"
<http://purl.obolibrary.org/obo/OAE_0001662>	<http://www.w3.org/2000/01/rdf-schema#seeAlso>	"MedDRA: 10014938"
<http://purl.obolibrary.org/obo/OAE_0001663>	<http://www.w3.org/2000/01/rdf-schema#seeAlso>	"MedDRA:10067760"
<http://purl.obolibrary.org/obo/OAE_0001664>	<http://www.w3.org/2000/01/rdf-schema#seeAlso>	"MedDRA: 10018851"
<http://purl.obolibrary.org/obo/OAE_0001665>	<http://www.w3.org/2000/01/rdf-schema#seeAlso>	"MedDRA: 20000029"
<http://purl.obolibrary.org/obo/OAE_0001666>	<http://www.w3.org/2000/01/rdf-schema#seeAlso>	"MedDRA: 20000030"
<http://purl.obolibrary.org/obo/OAE_0001667>	<http://www.w3.org/2000/01/rdf-schema#seeAlso>	"MedDRA: 10058134"
<http://purl.obolibrary.org/obo/OAE_0001668>	<http://www.w3.org/2000/01/rdf-schema#seeAlso>	"MedDRA: 10052223"
<http://purl.obolibrary.org/obo/OAE_0001669>	<http://www.w3.org/2000/01/rdf-schema#seeAlso>	"MedDRA: 10060978"
<http://purl.obolibrary.org/obo/OAE_0001670>	<http://www.w3.org/2000/01/rdf-schema#seeAlso>	"MedDRA: 10004167"
<http://purl.obolibrary.org/obo/OAE_0001671>	<http://www.w3.org/2000/01/rdf-schema#seeAlso>	"MedDRA: 10058133"
<http://purl.obolibrary.org/obo/OAE_0001672>	<http://www.w3.org/2000/01/rdf-schema#seeAlso>	"MedDRA: 10052221"
<http://purl.obolibrary.org/obo/OAE_0001674>	<http://www.w3.org/2000/01/rdf-schema#seeAlso>	"MedDRA: 10018678"
<http://purl.obolibrary.org/obo/OAE_0001675>	<http://www.w3.org/2000/01/rdf-schema#seeAlso>	"MedDRA: 10018683"
<http://purl.obolibrary.org/obo/OAE_0001676>	<http://www.w3.org/2000/01/rdf-schema#seeAlso>	"MedDRA: 10025252"
<http://purl.obolibrary.org/obo/OAE_0001678>	<http://www.w3.org/2000/01/rdf-schema#seeAlso>	"MedDRA: 10067238"
<http://purl.obolibrary.org/obo/OAE_0001679>	<http://www.w3.org/2000/01/rdf-schema#seeAlso>	"MedDRA: 10052229"
<http://purl.obolibrary.org/obo/OAE_0001680>	<http://www.w3.org/2000/01/rdf-schema#seeAlso>	"MedDRA: 10005627"
<http://purl.obolibrary.org/obo/OAE_0001681>	<http://www.w3.org/2000/01/rdf-schema#seeAlso>	"MedDRA: 10005629"
<http://purl.obolibrary.org/obo/OAE_0001684>	<http://www.w3.org/2000/01/rdf-schema#seeAlso>	"MedDRA: 10057952"
<http://purl.obolibrary.org/obo/OAE_0001686>	<http://www.w3.org/2000/01/rdf-schema#seeAlso>	"MedDRA: 10028625"
<http://purl.obolibrary.org/obo/OAE_0001687>	<http://www.w3.org/2000/01/rdf-schema#seeAlso>	"MedDRA: 10059940"
<http://purl.obolibrary.org/obo/OAE_0001688>	<http://www.w3.org/2000/01/rdf-schema#seeAlso>	"MedDRA: 10017971"
<http://purl.obolibrary.org/obo/OAE_0001689>	<http://www.w3.org/2000/01/rdf-schema#seeAlso>	"MedDRA: 10054822"
<http://purl.obolibrary.org/obo/OAE_0001690>	<http://www.w3.org/2000/01/rdf-schema#seeAlso>	"MedDRA: 10005327"
<http://purl.obolibrary.org/obo/OAE_0001691>	<http://www.w3.org/2000/01/rdf-schema#seeAlso>	"MedDRA: 10054821"
<http://purl.obolibrary.org/obo/OAE_0001692>	<http://www.w3.org/2000/01/rdf-schema#seeAlso>	"MedDRA: 10024574"
<http://purl.obolibrary.org/obo/OAE_0001693>	<http://www.w3.org/2000/01/rdf-schema#seeAlso>	"MedDRA: 10024573"
<http://purl.obolibrary.org/obo/OAE_0001694>	<http://www.w3.org/2000/01/rdf-schema#seeAlso>	"MedDRA: 20000008"
<http://purl.obolibrary.org/obo/OAE_0001695>	<http://www.w3.org/2000/01/rdf-schema#seeAlso>	"MedDRA: 10062688"
<http://purl.obolibrary.org/obo/OAE_0001696>	<http://www.w3.org/2000/01/rdf-schema#seeAlso>	"MedDRA: 10054795"
<http://purl.obolibrary.org/obo/OAE_0001697>	<http://www.w3.org/2000/01/rdf-schema#seeAlso>	"MedDRA: 10003477"
<http://purl.obolibrary.org/obo/OAE_0001698>	<http://www.w3.org/2000/01/rdf-schema#seeAlso>	"MedDRA: 10003479"
<http://purl.obolibrary.org/obo/OAE_0001699>	<http://www.w3.org/2000/01/rdf-schema#seeAlso>	"MedDRA: 10017690"
<http://purl.obolibrary.org/obo/OAE_0001700>	<http://www.w3.org/2000/01/rdf-schema#seeAlso>	"MedDRA: 10049869"
<http://purl.obolibrary.org/obo/OAE_0001701>	<http://www.w3.org/2000/01/rdf-schema#seeAlso>	"MedDRA: 10022893"
<http://purl.obolibrary.org/obo/OAE_0001702>	<http://www.w3.org/2000/01/rdf-schema#seeAlso>	"MedDRA: 10005824"
<http://purl.obolibrary.org/obo/OAE_0001703>	<http://www.w3.org/2000/01/rdf-schema#seeAlso>	"MedDRA: 10005826"
<http://purl.obolibrary.org/obo/OAE_0001704>	<http://www.w3.org/2000/01/rdf-schema#seeAlso>	"MedDRA: 10061771"
<http://purl.obolibrary.org/obo/OAE_0001705>	<http://www.w3.org/2000/01/rdf-schema#seeAlso>	"MedDRA: 10009756"
<http://purl.obolibrary.org/obo/OAE_0001706>	<http://www.w3.org/2000/01/rdf-schema#seeAlso>	"MedDRA: 10037048"
<http://purl.obolibrary.org/obo/OAE_0001707>	<http://www.w3.org/2000/01/rdf-schema#seeAlso>	"HPO: HP_0003645"
<http://purl.obolibrary.org/obo/OAE_0001707>	<http://www.w3.org/2000/01/rdf-schema#seeAlso>	"MedDRA: 10037051"
<http://purl.obolibrary.org/obo/OAE_0001707>	<http://www.w3.org/2000/01/rdf-schema#seeAlso>	"SIDER: C0151872"
<http://purl.obolibrary.org/obo/OAE_0001708>	<http://www.w3.org/2000/01/rdf-schema#seeAlso>	"MedDRA: 10037057"
<http://purl.obolibrary.org/obo/OAE_0001709>	<http://www.w3.org/2000/01/rdf-schema#seeAlso>	"MedDRA: 10037070"
<http://purl.obolibrary.org/obo/OAE_0001710>	<http://www.w3.org/2000/01/rdf-schema#seeAlso>	"MedDRA: 10052239"
<http://purl.obolibrary.org/obo/OAE_0001711>	<http://www.w3.org/2000/01/rdf-schema#seeAlso>	"MedDRA: 10038151"
<http://purl.obolibrary.org/obo/OAE_0001712>	<http://www.w3.org/2000/01/rdf-schema#seeAlso>	"MedDRA: 10038155"
<http://purl.obolibrary.org/obo/OAE_0001713>	<http://www.w3.org/2000/01/rdf-schema#seeAlso>	"MedDRA: 10057763"
<http://purl.obolibrary.org/obo/OAE_0001714>	<http://www.w3.org/2000/01/rdf-schema#seeAlso>	"MedDRA: 10019424"
<http://purl.obolibrary.org/obo/OAE_0001715>	<http://www.w3.org/2000/01/rdf-schema#seeAlso>	"MedDRA:10055599"
<http://purl.obolibrary.org/obo/OAE_0001716>	<http://www.w3.org/2000/01/rdf-schema#seeAlso>	"MedDRA: 10027009"
<http://purl.obolibrary.org/obo/OAE_0001717>	<http://www.w3.org/2000/01/rdf-schema#seeAlso>	"MedDRA: 10051859"
<http://purl.obolibrary.org/obo/OAE_0001718>	<http://www.w3.org/2000/01/rdf-schema#seeAlso>	"MedDRA: 10051858"
<http://purl.obolibrary.org/obo/OAE_0001720>	<http://www.w3.org/2000/01/rdf-schema#seeAlso>	"MedDRA: 10055622"
<http://purl.obolibrary.org/obo/OAE_0001721>	<http://www.w3.org/2000/01/rdf-schema#seeAlso>	"MedDRA: 10055621"
<http://purl.obolibrary.org/obo/OAE_0001722>	<http://www.w3.org/2000/01/rdf-schema#seeAlso>	"MedDRA: 10067730"
<http://purl.obolibrary.org/obo/OAE_0001723>	<http://www.w3.org/2000/01/rdf-schema#seeAlso>	"MedDRA: 10026992"
<http://purl.obolibrary.org/obo/OAE_0001724>	<http://www.w3.org/2000/01/rdf-schema#seeAlso>	"MedDRA: 10026991"
<http://purl.obolibrary.org/obo/OAE_0001730>	<http://www.w3.org/2000/01/rdf-schema#seeAlso>	"MedDRA: 10062275"
<http://purl.obolibrary.org/obo/OAE_0001731>	<http://www.w3.org/2000/01/rdf-schema#seeAlso>	"HPO: HP_0011873"
<http://purl.obolibrary.org/obo/OAE_0001731>	<http://www.w3.org/2000/01/rdf-schema#seeAlso>	"MedDRA: 10035526"
<http://purl.obolibrary.org/obo/OAE_0001731>	<http://www.w3.org/2000/01/rdf-schema#seeAlso>	"SIDER: C0580317"
<http://purl.obolibrary.org/obo/OAE_0001732>	<http://www.w3.org/2000/01/rdf-schema#seeAlso>	"MedDRA: 10051608"
<http://purl.obolibrary.org/obo/OAE_0001733>	<http://www.w3.org/2000/01/rdf-schema#seeAlso>	"MedDRA: 10061125"
<http://purl.obolibrary.org/obo/OAE_0001734>	<http://www.w3.org/2000/01/rdf-schema#seeAlso>	"MedDRA: 10014943"
<http://purl.obolibrary.org/obo/OAE_0001737>	<http://www.w3.org/2000/01/rdf-schema#seeAlso>	"HPO: HP_0006673"
<http://purl.obolibrary.org/obo/OAE_0001737>	<http://www.w3.org/2000/01/rdf-schema#seeAlso>	"MedDRA: 10005758"
<http://purl.obolibrary.org/obo/OAE_0001737>	<http://www.w3.org/2000/01/rdf-schema#seeAlso>	"SIDER: C0277885"
<http://purl.obolibrary.org/obo/OAE_0001738>	<http://www.w3.org/2000/01/rdf-schema#seeAlso>	"MedDRA: 10061330"
<http://purl.obolibrary.org/obo/OAE_0001739>	<http://www.w3.org/2000/01/rdf-schema#seeAlso>	"HPO: HP_0005117"
<http://purl.obolibrary.org/obo/OAE_0001739>	<http://www.w3.org/2000/01/rdf-schema#seeAlso>	"MedDRA: 10005739"
<http://purl.obolibrary.org/obo/OAE_0001739>	<http://www.w3.org/2000/01/rdf-schema#seeAlso>	"SIDER: C0277889"
<http://purl.obolibrary.org/obo/OAE_0001740>	<http://www.w3.org/2000/01/rdf-schema#seeAlso>	"HPO: HP_0004421"
<http://purl.obolibrary.org/obo/OAE_0001740>	<http://www.w3.org/2000/01/rdf-schema#seeAlso>	"MedDRA: 10005760"
<http://purl.obolibrary.org/obo/OAE_0001740>	<http://www.w3.org/2000/01/rdf-schema#seeAlso>	"SIDER: C0277884"
<http://purl.obolibrary.org/obo/OAE_0001741>	<http://www.w3.org/2000/01/rdf-schema#seeAlso>	"MedDRA: 10058597"
<http://purl.obolibrary.org/obo/OAE_0001742>	<http://www.w3.org/2000/01/rdf-schema#seeAlso>	"HPO: HP_0006696"
<http://purl.obolibrary.org/obo/OAE_0001742>	<http://www.w3.org/2000/01/rdf-schema#seeAlso>	"MedDRA: 10047289"
<http://purl.obolibrary.org/obo/OAE_0001742>	<http://www.w3.org/2000/01/rdf-schema#seeAlso>	"SIDER: C0151636"
<http://purl.obolibrary.org/obo/OAE_0001744>	<http://www.w3.org/2000/01/rdf-schema#seeAlso>	"HPO: HP_0001907"
<http://purl.obolibrary.org/obo/OAE_0001744>	<http://www.w3.org/2000/01/rdf-schema#seeAlso>	"MedDRA: 10014523"
<http://purl.obolibrary.org/obo/OAE_0001744>	<http://www.w3.org/2000/01/rdf-schema#seeAlso>	"SIDER: C0013922"
<http://purl.obolibrary.org/obo/OAE_0001746>	<http://www.w3.org/2000/01/rdf-schema#seeAlso>	"MedDRA: 10036614"
<http://purl.obolibrary.org/obo/OAE_0001747>	<http://www.w3.org/2000/01/rdf-schema#seeAlso>	"HPO: HP_0010444"
<http://purl.obolibrary.org/obo/OAE_0001747>	<http://www.w3.org/2000/01/rdf-schema#seeAlso>	"MedDRA: 10037448"
<http://purl.obolibrary.org/obo/OAE_0001747>	<http://www.w3.org/2000/01/rdf-schema#seeAlso>	"SIDER: C0034088"
<http://purl.obolibrary.org/obo/OAE_0001748>	<http://www.w3.org/2000/01/rdf-schema#seeAlso>	"MedDRA: 10037450"
<http://purl.obolibrary.org/obo/OAE_0001749>	<http://www.w3.org/2000/01/rdf-schema#seeAlso>	"HPO: HP_0005291"
<http://purl.obolibrary.org/obo/OAE_0001749>	<http://www.w3.org/2000/01/rdf-schema#seeAlso>	"MedDRA: 10003230"
<http://purl.obolibrary.org/obo/OAE_0001749>	<http://www.w3.org/2000/01/rdf-schema#seeAlso>	"SIDER: C0003860"
<http://purl.obolibrary.org/obo/OAE_0001751>	<http://www.w3.org/2000/01/rdf-schema#seeAlso>	"HPO: HP_0002617"
<http://purl.obolibrary.org/obo/OAE_0001751>	<http://www.w3.org/2000/01/rdf-schema#seeAlso>	"MedDRA: 10002329"
<http://purl.obolibrary.org/obo/OAE_0001751>	<http://www.w3.org/2000/01/rdf-schema#seeAlso>	"SIDER: C0002940"
<http://purl.obolibrary.org/obo/OAE_0001753>	<http://www.w3.org/2000/01/rdf-schema#seeAlso>	"HPO: HP_0002617"
<http://purl.obolibrary.org/obo/OAE_0001753>	<http://www.w3.org/2000/01/rdf-schema#seeAlso>	"MedDRA: 10048380"
<http://purl.obolibrary.org/obo/OAE_0001753>	<http://www.w3.org/2000/01/rdf-schema#seeAlso>	"SIDER: C0162869"
<http://purl.obolibrary.org/obo/OAE_0001754>	<http://www.w3.org/2000/01/rdf-schema#seeAlso>	"MedDRA: 10007513"
<http://purl.obolibrary.org/obo/OAE_0001755>	<http://www.w3.org/2000/01/rdf-schema#seeAlso>	"HPO: HP_0004942"
<http://purl.obolibrary.org/obo/OAE_0001755>	<http://www.w3.org/2000/01/rdf-schema#seeAlso>	"MedDRA: 10002882"
<http://purl.obolibrary.org/obo/OAE_0001755>	<http://www.w3.org/2000/01/rdf-schema#seeAlso>	"SIDER: C0003486"
<http://purl.obolibrary.org/obo/OAE_0001756>	<http://www.w3.org/2000/01/rdf-schema#seeAlso>	"HPO: HP_0002622"
<http://purl.obolibrary.org/obo/OAE_0001756>	<http://www.w3.org/2000/01/rdf-schema#seeAlso>	"MedDRA: 10002886"
<http://purl.obolibrary.org/obo/OAE_0001756>	<http://www.w3.org/2000/01/rdf-schema#seeAlso>	"SIDER: C0741160"
<http://purl.obolibrary.org/obo/OAE_0001757>	<http://www.w3.org/2000/01/rdf-schema#seeAlso>	"HPO: HP_0004933"
<http://purl.obolibrary.org/obo/OAE_0001757>	<http://www.w3.org/2000/01/rdf-schema#seeAlso>	"MedDRA: 10002895"
<http://purl.obolibrary.org/obo/OAE_0001757>	<http://www.w3.org/2000/01/rdf-schema#seeAlso>	"SIDER: C0340643"
<http://purl.obolibrary.org/obo/OAE_0001758>	<http://www.w3.org/2000/01/rdf-schema#seeAlso>	"MedDRA: 10039330"
<http://purl.obolibrary.org/obo/OAE_0001759>	<http://www.w3.org/2000/01/rdf-schema#seeAlso>	"HPO: HP_0004944"
<http://purl.obolibrary.org/obo/OAE_0001759>	<http://www.w3.org/2000/01/rdf-schema#seeAlso>	"MedDRA: 10022758"
<http://purl.obolibrary.org/obo/OAE_0001759>	<http://www.w3.org/2000/01/rdf-schema#seeAlso>	"SIDER: C0007766"
<http://purl.obolibrary.org/obo/OAE_0001760>	<http://www.w3.org/2000/01/rdf-schema#seeAlso>	"MedDRA: 10002910"
<http://purl.obolibrary.org/obo/OAE_0001761>	<http://www.w3.org/2000/01/rdf-schema#seeAlso>	"MedDRA: 10007688"
<http://purl.obolibrary.org/obo/OAE_0001762>	<http://www.w3.org/2000/01/rdf-schema#seeAlso>	"MedDRA: 10008088"
<http://purl.obolibrary.org/obo/OAE_0001762>	<http://www.w3.org/2000/01/rdf-schema#seeAlso>	"MedDRA: 10014498"
<http://purl.obolibrary.org/obo/OAE_0001762>	<http://www.w3.org/2000/01/rdf-schema#seeAlso>	"MedDRA: 10043647"
<http://purl.obolibrary.org/obo/OAE_0001763>	<http://www.w3.org/2000/01/rdf-schema#seeAlso>	"MedDRA: 10008092"
<http://purl.obolibrary.org/obo/OAE_0001763>	<http://www.w3.org/2000/01/rdf-schema#seeAlso>	"MedDRA: 10008132"
<http://purl.obolibrary.org/obo/OAE_0001764>	<http://www.w3.org/2000/01/rdf-schema#seeAlso>	"MedDRA: 10008138"
<http://purl.obolibrary.org/obo/OAE_0001765>	<http://www.w3.org/2000/01/rdf-schema#seeAlso>	"MedDRA: 10061251"
<http://purl.obolibrary.org/obo/OAE_0001767>	<http://www.w3.org/2000/01/rdf-schema#seeAlso>	"MedDRA: 10027402"
<http://purl.obolibrary.org/obo/OAE_0001768>	<http://www.w3.org/2000/01/rdf-schema#seeAlso>	"MedDRA: 10006537"
<http://purl.obolibrary.org/obo/OAE_0001769>	<http://www.w3.org/2000/01/rdf-schema#seeAlso>	"MedDRA: 10038908"
<http://purl.obolibrary.org/obo/OAE_0001771>	<http://www.w3.org/2000/01/rdf-schema#seeAlso>	"MedDRA: 10014513"
<http://purl.obolibrary.org/obo/OAE_0001772>	<http://www.w3.org/2000/01/rdf-schema#seeAlso>	"MedDRA: 10014522"
<http://purl.obolibrary.org/obo/OAE_0001772>	<http://www.w3.org/2000/01/rdf-schema#seeAlso>	"OAE: 0001505"
<http://purl.obolibrary.org/obo/OAE_0001773>	<http://www.w3.org/2000/01/rdf-schema#seeAlso>	"MedDRA: 10016246"
<http://purl.obolibrary.org/obo/OAE_0001774>	<http://www.w3.org/2000/01/rdf-schema#seeAlso>	"MedDRA: 10040067"
<http://purl.obolibrary.org/obo/OAE_0001775>	<http://www.w3.org/2000/01/rdf-schema#seeAlso>	"MedDRA: 10062546"
<http://purl.obolibrary.org/obo/OAE_0001777>	<http://www.w3.org/2000/01/rdf-schema#seeAlso>	"MedDRA: 10003180"
<http://purl.obolibrary.org/obo/OAE_0001779>	<http://www.w3.org/2000/01/rdf-schema#seeAlso>	"MedDRA: 10022104"
<http://purl.obolibrary.org/obo/OAE_0001780>	<http://www.w3.org/2000/01/rdf-schema#seeAlso>	"MedDRA: 10034272"
<http://purl.obolibrary.org/obo/OAE_0001781>	<http://www.w3.org/2000/01/rdf-schema#seeAlso>	"MedDRA: 10061340"
<http://purl.obolibrary.org/obo/OAE_0001782>	<http://www.w3.org/2000/01/rdf-schema#seeAlso>	"MedDRA: 10049446"
<http://purl.obolibrary.org/obo/OAE_0001783>	<http://www.w3.org/2000/01/rdf-schema#seeAlso>	"MedDRA: 10043595"
<http://purl.obolibrary.org/obo/OAE_0001784>	<http://www.w3.org/2000/01/rdf-schema#seeAlso>	"MedDRA: 10061408"
<http://purl.obolibrary.org/obo/OAE_0001785>	<http://www.w3.org/2000/01/rdf-schema#seeAlso>	"MedDRA: 10038907"
<http://purl.obolibrary.org/obo/OAE_0001786>	<http://www.w3.org/2000/01/rdf-schema#seeAlso>	"MedDRA: 10048632"
<http://purl.obolibrary.org/obo/OAE_0001787>	<http://www.w3.org/2000/01/rdf-schema#seeAlso>	"MedDRA: 10011084"
<http://purl.obolibrary.org/obo/OAE_0001787>	<http://www.w3.org/2000/01/rdf-schema#seeAlso>	"MedDRA: 10011091"
<http://purl.obolibrary.org/obo/OAE_0001790>	<http://www.w3.org/2000/01/rdf-schema#seeAlso>	"MedDRA: 10042244"
<http://purl.obolibrary.org/obo/OAE_0001791>	<http://www.w3.org/2000/01/rdf-schema#seeAlso>	"MedDRA: 10061256"
<http://purl.obolibrary.org/obo/OAE_0001792>	<http://www.w3.org/2000/01/rdf-schema#seeAlso>	"MedDRA: 10019016"
<http://purl.obolibrary.org/obo/OAE_0001795>	<http://www.w3.org/2000/01/rdf-schema#seeAlso>	"MedDRA: 10043647"
<http://purl.obolibrary.org/obo/OAE_0001796>	<http://www.w3.org/2000/01/rdf-schema#seeAlso>	"MedDRA: 10014498"
<http://purl.obolibrary.org/obo/OAE_0001797>	<http://www.w3.org/2000/01/rdf-schema#seeAlso>	"MedDRA ID: 10037175"
<http://purl.obolibrary.org/obo/OAE_0001798>	<http://www.w3.org/2000/01/rdf-schema#seeAlso>	"MedDRA ID: 10001302; MedDRA ID:  10001301"
<http://purl.obolibrary.org/obo/OAE_0001799>	<http://www.w3.org/2000/01/rdf-schema#seeAlso>	"MedDRA ID: 10001297"
<http://purl.obolibrary.org/obo/OAE_0001800>	<http://www.w3.org/2000/01/rdf-schema#seeAlso>	"MedDRA: 10071781"
<http://purl.obolibrary.org/obo/OAE_0001801>	<http://www.w3.org/2000/01/rdf-schema#seeAlso>	"MedDRA: 10054236"
<http://purl.obolibrary.org/obo/OAE_0001802>	<http://www.w3.org/2000/01/rdf-schema#seeAlso>	"MedDRA: 10054228"
<http://purl.obolibrary.org/obo/OAE_0001805>	<http://www.w3.org/2000/01/rdf-schema#seeAlso>	"MedDRA: 10055298"
<http://purl.obolibrary.org/obo/OAE_0001806>	<http://www.w3.org/2000/01/rdf-schema#seeAlso>	"MedDRA: 10048984"
<http://purl.obolibrary.org/obo/OAE_0001807>	<http://www.w3.org/2000/01/rdf-schema#seeAlso>	"MedDRA: 10049169"
<http://purl.obolibrary.org/obo/OAE_0001808>	<http://www.w3.org/2000/01/rdf-schema#seeAlso>	"MedDRA: 10021861"
<http://purl.obolibrary.org/obo/OAE_0001809>	<http://www.w3.org/2000/01/rdf-schema#seeAlso>	"MedDRA: 10016563"
<http://purl.obolibrary.org/obo/OAE_0001843>	<http://www.w3.org/2000/01/rdf-schema#seeAlso>	"MedDRA: 10049874"
<http://purl.obolibrary.org/obo/OAE_0001844>	<http://www.w3.org/2000/01/rdf-schema#seeAlso>	"MedDRA ID: 10023215"
<http://purl.obolibrary.org/obo/OAE_0001845>	<http://www.w3.org/2000/01/rdf-schema#seeAlso>	"MedDRA: 10056819"
<http://purl.obolibrary.org/obo/OAE_0001850>	<http://www.w3.org/2000/01/rdf-schema#seeAlso>	"MedDRA: 10018691"
<http://purl.obolibrary.org/obo/OAE_0001851>	<http://www.w3.org/2000/01/rdf-schema#seeAlso>	"MedDRA: 10054786"
<http://purl.obolibrary.org/obo/OAE_0001852>	<http://www.w3.org/2000/01/rdf-schema#seeAlso>	"MedDRA ID: 10029829"
<http://purl.obolibrary.org/obo/OAE_0001853>	<http://www.w3.org/2000/01/rdf-schema#seeAlso>	"MedDRA: 10022617"
<http://purl.obolibrary.org/obo/OAE_0001854>	<http://www.w3.org/2000/01/rdf-schema#seeAlso>	"MedDRA ID: 10049339"
<http://purl.obolibrary.org/obo/OAE_0001855>	<http://www.w3.org/2000/01/rdf-schema#seeAlso>	"MedDRA: 10040893"
<http://purl.obolibrary.org/obo/OAE_0001855>	<http://www.w3.org/2000/01/rdf-schema#seeAlso>	"UMLS ID: C0151799"
<http://purl.obolibrary.org/obo/OAE_0001857>	<http://www.w3.org/2000/01/rdf-schema#seeAlso>	"UMLS ID: C0439609"
<http://purl.obolibrary.org/obo/OAE_0001859>	<http://www.w3.org/2000/01/rdf-schema#seeAlso>	"MedDRA: 10013912"
<http://purl.obolibrary.org/obo/OAE_0001860>	<http://www.w3.org/2000/01/rdf-schema#seeAlso>	"MedDRA: 10002554"
<http://purl.obolibrary.org/obo/OAE_0001860>	<http://www.w3.org/2000/01/rdf-schema#seeAlso>	"UMLS ID: C0235439"
<http://purl.obolibrary.org/obo/OAE_0001861>	<http://www.w3.org/2000/01/rdf-schema#seeAlso>	"UMLS ID: C0859242"
<http://purl.obolibrary.org/obo/OAE_0001862>	<http://www.w3.org/2000/01/rdf-schema#seeAlso>	"MedDRA: 10015068"
<http://purl.obolibrary.org/obo/OAE_0001862>	<http://www.w3.org/2000/01/rdf-schema#seeAlso>	"UMLS ID: C0152227"
<http://purl.obolibrary.org/obo/OAE_0001863>	<http://www.w3.org/2000/01/rdf-schema#seeAlso>	"MedDRA: 10019493"
<http://purl.obolibrary.org/obo/OAE_0001865>	<http://www.w3.org/2000/01/rdf-schema#seeAlso>	"MedDRA: 10008629"
<http://purl.obolibrary.org/obo/OAE_0001865>	<http://www.w3.org/2000/01/rdf-schema#seeAlso>	"UMLS ID: C1328486"
<http://purl.obolibrary.org/obo/OAE_0001866>	<http://www.w3.org/2000/01/rdf-schema#seeAlso>	"MedDRA: 10005157"
<http://purl.obolibrary.org/obo/OAE_0001874>	<http://www.w3.org/2000/01/rdf-schema#seeAlso>	"MedDRA: 10018658"
<http://purl.obolibrary.org/obo/OAE_0001876>	<http://www.w3.org/2000/01/rdf-schema#seeAlso>	"MedDRA: 10034263"
<http://purl.obolibrary.org/obo/OAE_0001877>	<http://www.w3.org/2000/01/rdf-schema#seeAlso>	"MedDRA: 10015856"
<http://purl.obolibrary.org/obo/OAE_0001878>	<http://www.w3.org/2000/01/rdf-schema#seeAlso>	"MedDRA: 10062717"
<http://purl.obolibrary.org/obo/OAE_0001879>	<http://www.w3.org/2000/01/rdf-schema#seeAlso>	"MedDRA: 10061458"
<http://purl.obolibrary.org/obo/OAE_0001880>	<http://www.w3.org/2000/01/rdf-schema#seeAlso>	"MedDRA: 10019326"
<http://purl.obolibrary.org/obo/OAE_0001881>	<http://www.w3.org/2000/01/rdf-schema#seeAlso>	"MedDRA: 10044008"
<http://purl.obolibrary.org/obo/OAE_0001882>	<http://www.w3.org/2000/01/rdf-schema#seeAlso>	"MedDRA: 10029505"
<http://purl.obolibrary.org/obo/OAE_0001883>	<http://www.w3.org/2000/01/rdf-schema#seeAlso>	"MedDRA: 10022497"
<http://purl.obolibrary.org/obo/OAE_0001884>	<http://www.w3.org/2000/01/rdf-schema#seeAlso>	"MedDRA: 10003084"
<http://purl.obolibrary.org/obo/OAE_0001886>	<http://www.w3.org/2000/01/rdf-schema#seeAlso>	"MedDRA: 10046851"
<http://purl.obolibrary.org/obo/OAE_0001887>	<http://www.w3.org/2000/01/rdf-schema#seeAlso>	"MedDRA: 10040477"
<http://purl.obolibrary.org/obo/OAE_0001888>	<http://www.w3.org/2000/01/rdf-schema#seeAlso>	"MedDRA ID: 10021035"
<http://purl.obolibrary.org/obo/OAE_0001889>	<http://www.w3.org/2000/01/rdf-schema#seeAlso>	"MedDRA ID: 10034912"
<http://purl.obolibrary.org/obo/OAE_0001890>	<http://www.w3.org/2000/01/rdf-schema#seeAlso>	"MedDRA: 10025282"
<http://purl.obolibrary.org/obo/OAE_0001891>	<http://www.w3.org/2000/01/rdf-schema#seeAlso>	"MedDRA: 10003547"
<http://purl.obolibrary.org/obo/OAE_0001892>	<http://www.w3.org/2000/01/rdf-schema#seeAlso>	"MedDRA: 10033793"
<http://purl.obolibrary.org/obo/OAE_0001893>	<http://www.w3.org/2000/01/rdf-schema#seeAlso>	"MedDRA: 10056389"
<http://purl.obolibrary.org/obo/OAE_0001894>	<http://www.w3.org/2000/01/rdf-schema#seeAlso>	"MedDRA: 10017367"
<http://purl.obolibrary.org/obo/OAE_0001895>	<http://www.w3.org/2000/01/rdf-schema#seeAlso>	"MedDRA: 10020739"
<http://purl.obolibrary.org/obo/OAE_0001896>	<http://www.w3.org/2000/01/rdf-schema#seeAlso>	"MedDRA: 10017592"
<http://purl.obolibrary.org/obo/OAE_0001899>	<http://www.w3.org/2000/01/rdf-schema#seeAlso>	"MedDRA: 10020933"
<http://purl.obolibrary.org/obo/OAE_0001901>	<http://www.w3.org/2000/01/rdf-schema#seeAlso>	"MedDRA ID: 10041347"
<http://purl.obolibrary.org/obo/OAE_0001902>	<http://www.w3.org/2000/01/rdf-schema#seeAlso>	"MedDRA: 10020710"
<http://purl.obolibrary.org/obo/OAE_0001903>	<http://www.w3.org/2000/01/rdf-schema#seeAlso>	"MedDRA: 10011040"
<http://purl.obolibrary.org/obo/OAE_0001905>	<http://www.w3.org/2000/01/rdf-schema#seeAlso>	"MedDRA: 10042335"
<http://purl.obolibrary.org/obo/OAE_0001906>	<http://www.w3.org/2000/01/rdf-schema#seeAlso>	"MedDRA: 10001723"
<http://purl.obolibrary.org/obo/OAE_0001907>	<http://www.w3.org/2000/01/rdf-schema#seeAlso>	"MedDRA: 10058291"
<http://purl.obolibrary.org/obo/OAE_0001908>	<http://www.w3.org/2000/01/rdf-schema#seeAlso>	"MedDRA: 10040767"
<http://purl.obolibrary.org/obo/OAE_0001909>	<http://www.w3.org/2000/01/rdf-schema#seeAlso>	"MedDRA: 10029446"
<http://purl.obolibrary.org/obo/OAE_0001910>	<http://www.w3.org/2000/01/rdf-schema#seeAlso>	"MedDRA: 10029409"
<http://purl.obolibrary.org/obo/OAE_0001911>	<http://www.w3.org/2000/01/rdf-schema#seeAlso>	"MedDRA: 10021654"
<http://purl.obolibrary.org/obo/OAE_0001913>	<http://www.w3.org/2000/01/rdf-schema#seeAlso>	"MedDRA: 10006578"
<http://purl.obolibrary.org/obo/OAE_0001914>	<http://www.w3.org/2000/01/rdf-schema#seeAlso>	"MedDRA: 10006372"
<http://purl.obolibrary.org/obo/OAE_0001915>	<http://www.w3.org/2000/01/rdf-schema#seeAlso>	"MedDRA: 10043248"
<http://purl.obolibrary.org/obo/OAE_0001916>	<http://www.w3.org/2000/01/rdf-schema#seeAlso>	"MedDRA: 10067216"
<http://purl.obolibrary.org/obo/OAE_0001917>	<http://www.w3.org/2000/01/rdf-schema#seeAlso>	"MedDRA: 10024840"
<http://purl.obolibrary.org/obo/OAE_0001918>	<http://www.w3.org/2000/01/rdf-schema#seeAlso>	"MedDRA: 10011781"
<http://purl.obolibrary.org/obo/OAE_0001919>	<http://www.w3.org/2000/01/rdf-schema#seeAlso>	"MedDRA: 10015137"
<http://purl.obolibrary.org/obo/OAE_0001921>	<http://www.w3.org/2000/01/rdf-schema#seeAlso>	"MedDRA ID: 10024130"
<http://purl.obolibrary.org/obo/OAE_0001922>	<http://www.w3.org/2000/01/rdf-schema#seeAlso>	"MedDRA ID: 10042126"
<http://purl.obolibrary.org/obo/OAE_0001926>	<http://www.w3.org/2000/01/rdf-schema#seeAlso>	"MedDRA: 10043521"
<http://purl.obolibrary.org/obo/OAE_0001927>	<http://www.w3.org/2000/01/rdf-schema#seeAlso>	"MedDRA: 10048302"
<http://purl.obolibrary.org/obo/OAE_0001928>	<http://www.w3.org/2000/01/rdf-schema#seeAlso>	"MedDRA: 10020201"
<http://purl.obolibrary.org/obo/OAE_0001930>	<http://www.w3.org/2000/01/rdf-schema#seeAlso>	"MedDRA: 10016219"
<http://purl.obolibrary.org/obo/OAE_0001931>	<http://www.w3.org/2000/01/rdf-schema#seeAlso>	"MedDRA: 10023348"
<http://purl.obolibrary.org/obo/OAE_0001932>	<http://www.w3.org/2000/01/rdf-schema#seeAlso>	"MedDRA: 10056542"
<http://purl.obolibrary.org/obo/OAE_0001933>	<http://www.w3.org/2000/01/rdf-schema#seeAlso>	"MedDRA: 10021142"
<http://purl.obolibrary.org/obo/OAE_0001935>	<http://www.w3.org/2000/01/rdf-schema#seeAlso>	"MedDRA: 10054547"
<http://purl.obolibrary.org/obo/OAE_0001936>	<http://www.w3.org/2000/01/rdf-schema#seeAlso>	"MedDRA: 10000687"
<http://purl.obolibrary.org/obo/OAE_0001937>	<http://www.w3.org/2000/01/rdf-schema#seeAlso>	"MedDRA: 10038386"
<http://purl.obolibrary.org/obo/OAE_0001939>	<http://www.w3.org/2000/01/rdf-schema#seeAlso>	"MedDRA: 10063096"
<http://purl.obolibrary.org/obo/OAE_0001940>	<http://www.w3.org/2000/01/rdf-schema#seeAlso>	"MedDRA: 10023229"
<http://purl.obolibrary.org/obo/OAE_0001941>	<http://www.w3.org/2000/01/rdf-schema#seeAlso>	"MedDRA: 10014971"
<http://purl.obolibrary.org/obo/OAE_0001942>	<http://www.w3.org/2000/01/rdf-schema#seeAlso>	"MedDRA: 10014971"
<http://purl.obolibrary.org/obo/OAE_0001943>	<http://www.w3.org/2000/01/rdf-schema#seeAlso>	"MedDRA: 10047302"
<http://purl.obolibrary.org/obo/OAE_0001945>	<http://www.w3.org/2000/01/rdf-schema#seeAlso>	"MedDRA: 10020989"
<http://purl.obolibrary.org/obo/OAE_0001946>	<http://www.w3.org/2000/01/rdf-schema#seeAlso>	"MedDRA: 10013954"
<http://purl.obolibrary.org/obo/OAE_0001947>	<http://www.w3.org/2000/01/rdf-schema#seeAlso>	"MedDRA: 10030332"
<http://purl.obolibrary.org/obo/OAE_0001949>	<http://www.w3.org/2000/01/rdf-schema#seeAlso>	"MedDRA: 10068901"
<http://purl.obolibrary.org/obo/OAE_0001950>	<http://www.w3.org/2000/01/rdf-schema#seeAlso>	"MedDRA: 10011249"
<http://purl.obolibrary.org/obo/OAE_0001951>	<http://www.w3.org/2000/01/rdf-schema#seeAlso>	"MedDRA ID: 10061225"
<http://purl.obolibrary.org/obo/OAE_0001952>	<http://www.w3.org/2000/01/rdf-schema#seeAlso>	"MedDRA: 10036099"
<http://purl.obolibrary.org/obo/OAE_0001953>	<http://www.w3.org/2000/01/rdf-schema#seeAlso>	"MedDRA: 10048439"
<http://purl.obolibrary.org/obo/OAE_0001954>	<http://www.w3.org/2000/01/rdf-schema#seeAlso>	"MedDRA: 10019660"
<http://purl.obolibrary.org/obo/OAE_0001955>	<http://www.w3.org/2000/01/rdf-schema#seeAlso>	"MedDRA: 10008748"
<http://purl.obolibrary.org/obo/OAE_0001956>	<http://www.w3.org/2000/01/rdf-schema#seeAlso>	"MedDRA: 10029412"
<http://purl.obolibrary.org/obo/OAE_0001957>	<http://www.w3.org/2000/01/rdf-schema#seeAlso>	"MedDRA: 10012359"
<http://purl.obolibrary.org/obo/OAE_0001959>	<http://www.w3.org/2000/01/rdf-schema#seeAlso>	"MedDRA: 10034018"
<http://purl.obolibrary.org/obo/OAE_0001960>	<http://www.w3.org/2000/01/rdf-schema#seeAlso>	"MedDRA: 10048221"
<http://purl.obolibrary.org/obo/OAE_0001961>	<http://www.w3.org/2000/01/rdf-schema#seeAlso>	"MedDRA: 10061762"
<http://purl.obolibrary.org/obo/OAE_0001963>	<http://www.w3.org/2000/01/rdf-schema#seeAlso>	"MedDRA: 10056964"
<http://purl.obolibrary.org/obo/OAE_0001964>	<http://www.w3.org/2000/01/rdf-schema#seeAlso>	"MedDRA: 10034038"
<http://purl.obolibrary.org/obo/OAE_0001965>	<http://www.w3.org/2000/01/rdf-schema#seeAlso>	"MedDRA: 10018386"
<http://purl.obolibrary.org/obo/OAE_0001966>	<http://www.w3.org/2000/01/rdf-schema#seeAlso>	"MedDRA: 10018146"
<http://purl.obolibrary.org/obo/OAE_0001968>	<http://www.w3.org/2000/01/rdf-schema#seeAlso>	"MedDRA: 10039897"
<http://purl.obolibrary.org/obo/OAE_0001969>	<http://www.w3.org/2000/01/rdf-schema#seeAlso>	"MedDRA: 10040741"
<http://purl.obolibrary.org/obo/OAE_0001970>	<http://www.w3.org/2000/01/rdf-schema#seeAlso>	"MedDRA: 10007595"
<http://purl.obolibrary.org/obo/OAE_0001971>	<http://www.w3.org/2000/01/rdf-schema#seeAlso>	"MedDRA: 10041968"
<http://purl.obolibrary.org/obo/OAE_0001972>	<http://www.w3.org/2000/01/rdf-schema#seeAlso>	"MedDRA: 10025479"
<http://purl.obolibrary.org/obo/OAE_0001973>	<http://www.w3.org/2000/01/rdf-schema#seeAlso>	"MedDRA: 10040627"
<http://purl.obolibrary.org/obo/OAE_0001974>	<http://www.w3.org/2000/01/rdf-schema#seeAlso>	"MedDRA: 10061536"
<http://purl.obolibrary.org/obo/OAE_0001975>	<http://www.w3.org/2000/01/rdf-schema#seeAlso>	"MedDRA: 10046531"
<http://purl.obolibrary.org/obo/OAE_0001976>	<http://www.w3.org/2000/01/rdf-schema#seeAlso>	"MedDRA: 10040736"
<http://purl.obolibrary.org/obo/OAE_0001977>	<http://www.w3.org/2000/01/rdf-schema#seeAlso>	"MedDRA: 10020850"
<http://purl.obolibrary.org/obo/OAE_0001978>	<http://www.w3.org/2000/01/rdf-schema#seeAlso>	"MedDRA: 10001540"
<http://purl.obolibrary.org/obo/OAE_0001979>	<http://www.w3.org/2000/01/rdf-schema#seeAlso>	"MedDRA: 10038923"
<http://purl.obolibrary.org/obo/OAE_0001980>	<http://www.w3.org/2000/01/rdf-schema#seeAlso>	"MedDRA: 10040738"
<http://purl.obolibrary.org/obo/OAE_0001981>	<http://www.w3.org/2000/01/rdf-schema#seeAlso>	"MedDRA: 10041892"
<http://purl.obolibrary.org/obo/OAE_0001982>	<http://www.w3.org/2000/01/rdf-schema#seeAlso>	"MedDRA: 10042966"
<http://purl.obolibrary.org/obo/OAE_0001983>	<http://www.w3.org/2000/01/rdf-schema#seeAlso>	"MedDRA: 10020843"
<http://purl.obolibrary.org/obo/OAE_0001984>	<http://www.w3.org/2000/01/rdf-schema#seeAlso>	"MedDRA: 10036661"
<http://purl.obolibrary.org/obo/OAE_0001985>	<http://www.w3.org/2000/01/rdf-schema#seeAlso>	"MedDRA: 10018276"
<http://purl.obolibrary.org/obo/OAE_0001986>	<http://www.w3.org/2000/01/rdf-schema#seeAlso>	"MedDRA: 10019246"
<http://purl.obolibrary.org/obo/OAE_0001987>	<http://www.w3.org/2000/01/rdf-schema#seeAlso>	"MedDRA: 10049565"
<http://purl.obolibrary.org/obo/OAE_0001988>	<http://www.w3.org/2000/01/rdf-schema#seeAlso>	"MedDRA: 10067171"
<http://purl.obolibrary.org/obo/OAE_0001989>	<http://www.w3.org/2000/01/rdf-schema#seeAlso>	"MedDRA: 10040880"
<http://purl.obolibrary.org/obo/OAE_0001990>	<http://www.w3.org/2000/01/rdf-schema#seeAlso>	"MedDRA: 10019948"
<http://purl.obolibrary.org/obo/OAE_0001991>	<http://www.w3.org/2000/01/rdf-schema#seeAlso>	"MedDRA: 10027011"
<http://purl.obolibrary.org/obo/OAE_0001992>	<http://www.w3.org/2000/01/rdf-schema#seeAlso>	"MedDRA: 10020604"
<http://purl.obolibrary.org/obo/OAE_0001993>	<http://www.w3.org/2000/01/rdf-schema#seeAlso>	"MedDRA: 10044223"
<http://purl.obolibrary.org/obo/OAE_0001995>	<http://www.w3.org/2000/01/rdf-schema#seeAlso>	"MedDRA: 10045481"
<http://purl.obolibrary.org/obo/OAE_0001996>	<http://www.w3.org/2000/01/rdf-schema#seeAlso>	"MedDRA: 10034280"
<http://purl.obolibrary.org/obo/OAE_0001998>	<http://www.w3.org/2000/01/rdf-schema#seeAlso>	"MedDRA: 10027646"
<http://purl.obolibrary.org/obo/OAE_0001999>	<http://www.w3.org/2000/01/rdf-schema#seeAlso>	"MedDRA: 10030910"
<http://purl.obolibrary.org/obo/OAE_0002000>	<http://www.w3.org/2000/01/rdf-schema#seeAlso>	"MedDRA: 10001580"
<http://purl.obolibrary.org/obo/OAE_0002001>	<http://www.w3.org/2000/01/rdf-schema#seeAlso>	"MedDRA: 10014928"
<http://purl.obolibrary.org/obo/OAE_0002002>	<http://www.w3.org/2000/01/rdf-schema#seeAlso>	"MedDRA: 10018781"
<http://purl.obolibrary.org/obo/OAE_0002003>	<http://www.w3.org/2000/01/rdf-schema#seeAlso>	"MedDRA: 10010790"
<http://purl.obolibrary.org/obo/OAE_0002004>	<http://www.w3.org/2000/01/rdf-schema#seeAlso>	"MedDRA: 10028892"
<http://purl.obolibrary.org/obo/OAE_0002005>	<http://www.w3.org/2000/01/rdf-schema#seeAlso>	"MedDRA: 10007697"
<http://purl.obolibrary.org/obo/OAE_0002006>	<http://www.w3.org/2000/01/rdf-schema#seeAlso>	"MedDRA: 10015284"
<http://purl.obolibrary.org/obo/OAE_0002007>	<http://www.w3.org/2000/01/rdf-schema#seeAlso>	"MedDRA: 10037914"
<http://purl.obolibrary.org/obo/OAE_0002008>	<http://www.w3.org/2000/01/rdf-schema#seeAlso>	"MedDRA: 10015836"
<http://purl.obolibrary.org/obo/OAE_0002009>	<http://www.w3.org/2000/01/rdf-schema#seeAlso>	"MedDRA: 10041277"
<http://purl.obolibrary.org/obo/OAE_0002010>	<http://www.w3.org/2000/01/rdf-schema#seeAlso>	"MedDRA ID: 10064332"
<http://purl.obolibrary.org/obo/OAE_0002011>	<http://www.w3.org/2000/01/rdf-schema#seeAlso>	"MedDRA: 10039674"
<http://purl.obolibrary.org/obo/OAE_0002012>	<http://www.w3.org/2000/01/rdf-schema#seeAlso>	"MedDRA: 10023230"
<http://purl.obolibrary.org/obo/OAE_0002013>	<http://www.w3.org/2000/01/rdf-schema#seeAlso>	"MedDRA: 10006240"
<http://purl.obolibrary.org/obo/OAE_0002014>	<http://www.w3.org/2000/01/rdf-schema#seeAlso>	"MedDRA: 10029214"
<http://purl.obolibrary.org/obo/OAE_0002015>	<http://www.w3.org/2000/01/rdf-schema#seeAlso>	"MedDRA: 10029216"
<http://purl.obolibrary.org/obo/OAE_0002016>	<http://www.w3.org/2000/01/rdf-schema#seeAlso>	"MedDRA: 10031161"
<http://purl.obolibrary.org/obo/OAE_0002017>	<http://www.w3.org/2000/01/rdf-schema#seeAlso>	"MedDRA: 10027506"
<http://purl.obolibrary.org/obo/OAE_0002019>	<http://www.w3.org/2000/01/rdf-schema#seeAlso>	"MedDRA: 10053262"
<http://purl.obolibrary.org/obo/OAE_0002020>	<http://www.w3.org/2000/01/rdf-schema#seeAlso>	"MedDRA: 10016640"
<http://purl.obolibrary.org/obo/OAE_0002021>	<http://www.w3.org/2000/01/rdf-schema#seeAlso>	"MedDRA: 10020958"
<http://purl.obolibrary.org/obo/OAE_0002023>	<http://www.w3.org/2000/01/rdf-schema#seeAlso>	"MedDRA: 10029216"
<http://purl.obolibrary.org/obo/OAE_0002031>	<http://www.w3.org/2000/01/rdf-schema#seeAlso>	"MedDRA: 10029216"
<http://purl.obolibrary.org/obo/OAE_0002032>	<http://www.w3.org/2000/01/rdf-schema#seeAlso>	"MedDRA: 10049140"
<http://purl.obolibrary.org/obo/OAE_0002033>	<http://www.w3.org/2000/01/rdf-schema#seeAlso>	"MedDRA: 10015887"
<http://purl.obolibrary.org/obo/OAE_0002036>	<http://www.w3.org/2000/01/rdf-schema#seeAlso>	"MedDRA: 10004663"
<http://purl.obolibrary.org/obo/OAE_0002038>	<http://www.w3.org/2000/01/rdf-schema#seeAlso>	"MedDRA: 10043224"
<http://purl.obolibrary.org/obo/OAE_0002039>	<http://www.w3.org/2000/01/rdf-schema#seeAlso>	"MedDRA: 10060708"
<http://purl.obolibrary.org/obo/OAE_0002040>	<http://www.w3.org/2000/01/rdf-schema#seeAlso>	"MedDRA: 10051116"
<http://purl.obolibrary.org/obo/OAE_0002041>	<http://www.w3.org/2000/01/rdf-schema#seeAlso>	"MedDRA: 10050057"
<http://purl.obolibrary.org/obo/OAE_0002042>	<http://www.w3.org/2000/01/rdf-schema#seeAlso>	"MedDRA: 10034568"
<http://purl.obolibrary.org/obo/OAE_0002043>	<http://www.w3.org/2000/01/rdf-schema#seeAlso>	"MedDRA: 10065312"
<http://purl.obolibrary.org/obo/OAE_0002044>	<http://www.w3.org/2000/01/rdf-schema#seeAlso>	"MedDRA: 10062519"
<http://purl.obolibrary.org/obo/OAE_0002045>	<http://www.w3.org/2000/01/rdf-schema#seeAlso>	"MedDRA: 10037898"
<http://purl.obolibrary.org/obo/OAE_0002046>	<http://www.w3.org/2000/01/rdf-schema#seeAlso>	"MedDRA: 10061224"
<http://purl.obolibrary.org/obo/OAE_0002047>	<http://www.w3.org/2000/01/rdf-schema#seeAlso>	"MedDRA: 10039696"
<http://purl.obolibrary.org/obo/OAE_0002048>	<http://www.w3.org/2000/01/rdf-schema#seeAlso>	"MedDRA: 10022107"
<http://purl.obolibrary.org/obo/OAE_0002049>	<http://www.w3.org/2000/01/rdf-schema#seeAlso>	"MedDRA: 10050256"
<http://purl.obolibrary.org/obo/OAE_0002050>	<http://www.w3.org/2000/01/rdf-schema#seeAlso>	"MedDRA: 10020568"
<http://purl.obolibrary.org/obo/OAE_0002051>	<http://www.w3.org/2000/01/rdf-schema#seeAlso>	"MedDRA: 10069585"
<http://purl.obolibrary.org/obo/OAE_0002052>	<http://www.w3.org/2000/01/rdf-schema#seeAlso>	"MedDRA: 10058117"
<http://purl.obolibrary.org/obo/OAE_0002053>	<http://www.w3.org/2000/01/rdf-schema#seeAlso>	"MedDRA: 10030110"
<http://purl.obolibrary.org/obo/OAE_0002054>	<http://www.w3.org/2000/01/rdf-schema#seeAlso>	"MedDRA: 10033517"
<http://purl.obolibrary.org/obo/OAE_0002055>	<http://www.w3.org/2000/01/rdf-schema#seeAlso>	"MedDRA: 10056836"
<http://purl.obolibrary.org/obo/OAE_0002056>	<http://www.w3.org/2000/01/rdf-schema#seeAlso>	"MedDRA: 10030924"
<http://purl.obolibrary.org/obo/OAE_0002057>	<http://www.w3.org/2000/01/rdf-schema#seeAlso>	"MedDRA: 10025169"
<http://purl.obolibrary.org/obo/OAE_0002058>	<http://www.w3.org/2000/01/rdf-schema#seeAlso>	"MedDRA: 10025182"
<http://purl.obolibrary.org/obo/OAE_0002059>	<http://www.w3.org/2000/01/rdf-schema#seeAlso>	"MedDRA: 10024860"
<http://purl.obolibrary.org/obo/OAE_0002060>	<http://www.w3.org/2000/01/rdf-schema#seeAlso>	"MedDRA: 10024648"
<http://purl.obolibrary.org/obo/OAE_0002061>	<http://www.w3.org/2000/01/rdf-schema#seeAlso>	"MedDRA: 10050031"
<http://purl.obolibrary.org/obo/OAE_0002062>	<http://www.w3.org/2000/01/rdf-schema#seeAlso>	"MedDRA: 10049816"
<http://purl.obolibrary.org/obo/OAE_0002063>	<http://www.w3.org/2000/01/rdf-schema#seeAlso>	"MedDRA: 10028330"
<http://purl.obolibrary.org/obo/OAE_0002064>	<http://www.w3.org/2000/01/rdf-schema#seeAlso>	"MedDRA: 10049567"
<http://purl.obolibrary.org/obo/OAE_0002065>	<http://www.w3.org/2000/01/rdf-schema#seeAlso>	"MedDRA: 10053614"
<http://purl.obolibrary.org/obo/OAE_0002066>	<http://www.w3.org/2000/01/rdf-schema#seeAlso>	"MedDRA: 10044003"
<http://purl.obolibrary.org/obo/OAE_0002067>	<http://www.w3.org/2000/01/rdf-schema#seeAlso>	"MedDRA: 10057040"
<http://purl.obolibrary.org/obo/OAE_0002068>	<http://www.w3.org/2000/01/rdf-schema#seeAlso>	"MedDRA: 10045555"
<http://purl.obolibrary.org/obo/OAE_0002069>	<http://www.w3.org/2000/01/rdf-schema#seeAlso>	"MedDRA: 10041806"
<http://purl.obolibrary.org/obo/OAE_0002070>	<http://www.w3.org/2000/01/rdf-schema#seeAlso>	"MedDRA: 10041540"
<http://purl.obolibrary.org/obo/OAE_0002071>	<http://www.w3.org/2000/01/rdf-schema#seeAlso>	"MedDRA: 10050637"
<http://purl.obolibrary.org/obo/OAE_0002072>	<http://www.w3.org/2000/01/rdf-schema#seeAlso>	"MedDRA: 10068790"
<http://purl.obolibrary.org/obo/OAE_0002073>	<http://www.w3.org/2000/01/rdf-schema#seeAlso>	"MedDRA: 10021245"
<http://purl.obolibrary.org/obo/OAE_0002074>	<http://www.w3.org/2000/01/rdf-schema#seeAlso>	"MedDRA: 10008129"
<http://purl.obolibrary.org/obo/OAE_0002075>	<http://www.w3.org/2000/01/rdf-schema#seeAlso>	"MedDRA: 10057645"
<http://purl.obolibrary.org/obo/OAE_0002076>	<http://www.w3.org/2000/01/rdf-schema#seeAlso>	"MedDRA: 10012434"
<http://purl.obolibrary.org/obo/OAE_0002077>	<http://www.w3.org/2000/01/rdf-schema#seeAlso>	"MedDRA: 10012775"
<http://purl.obolibrary.org/obo/OAE_0002078>	<http://www.w3.org/2000/01/rdf-schema#seeAlso>	"MedDRA: 10005746"
<http://purl.obolibrary.org/obo/OAE_0002079>	<http://www.w3.org/2000/01/rdf-schema#seeAlso>	"MedDRA: 10049866"
<http://purl.obolibrary.org/obo/OAE_0002080>	<http://www.w3.org/2000/01/rdf-schema#seeAlso>	"MedDRA: 10002953"
<http://purl.obolibrary.org/obo/OAE_0002082>	<http://www.w3.org/2000/01/rdf-schema#seeAlso>	"MedDRA: 10000084"
<http://purl.obolibrary.org/obo/OAE_0002083>	<http://www.w3.org/2000/01/rdf-schema#seeAlso>	"MedDRA: 10000173"
<http://purl.obolibrary.org/obo/OAE_0002084>	<http://www.w3.org/2000/01/rdf-schema#seeAlso>	"MedDRA: 10049564"
<http://purl.obolibrary.org/obo/OAE_0002085>	<http://www.w3.org/2000/01/rdf-schema#seeAlso>	"MedDRA: 10062530"
<http://purl.obolibrary.org/obo/OAE_0002086>	<http://www.w3.org/2000/01/rdf-schema#seeAlso>	"MedDRA: 10066778"
<http://purl.obolibrary.org/obo/OAE_0002087>	<http://www.w3.org/2000/01/rdf-schema#seeAlso>	"MedDRA: 10022111"
<http://purl.obolibrary.org/obo/OAE_0002088>	<http://www.w3.org/2000/01/rdf-schema#seeAlso>	"MedDRA: 10022595"
<http://purl.obolibrary.org/obo/OAE_0002089>	<http://www.w3.org/2000/01/rdf-schema#seeAlso>	"MedDRA: 10022995"
<http://purl.obolibrary.org/obo/OAE_0002090>	<http://www.w3.org/2000/01/rdf-schema#seeAlso>	"MedDRA: 10022047"
<http://purl.obolibrary.org/obo/OAE_0002091>	<http://www.w3.org/2000/01/rdf-schema#seeAlso>	"MedDRA: 10022076"
<http://purl.obolibrary.org/obo/OAE_0002092>	<http://www.w3.org/2000/01/rdf-schema#seeAlso>	"MedDRA: 10062556"
<http://purl.obolibrary.org/obo/OAE_0002093>	<http://www.w3.org/2000/01/rdf-schema#seeAlso>	"MedDRA: 10052132"
<http://purl.obolibrary.org/obo/OAE_0002094>	<http://www.w3.org/2000/01/rdf-schema#seeAlso>	"MedDRA: 10052137"
<http://purl.obolibrary.org/obo/OAE_0002095>	<http://www.w3.org/2000/01/rdf-schema#seeAlso>	"MedDRA: 10016092"
<http://purl.obolibrary.org/obo/OAE_0002096>	<http://www.w3.org/2000/01/rdf-schema#seeAlso>	"MedDRA: 10016275"
<http://purl.obolibrary.org/obo/OAE_0002097>	<http://www.w3.org/2000/01/rdf-schema#seeAlso>	"MedDRA: 10018286"
<http://purl.obolibrary.org/obo/OAE_0002098>	<http://www.w3.org/2000/01/rdf-schema#seeAlso>	"MedDRA: 10018386"
<http://purl.obolibrary.org/obo/OAE_0002099>	<http://www.w3.org/2000/01/rdf-schema#seeAlso>	"MedDRA: 10028314"
<http://purl.obolibrary.org/obo/OAE_0002100>	<http://www.w3.org/2000/01/rdf-schema#seeAlso>	"MedDRA: 10040026"
<http://purl.obolibrary.org/obo/OAE_0002101>	<http://www.w3.org/2000/01/rdf-schema#seeAlso>	"MedDRA: 10044296"
<http://purl.obolibrary.org/obo/OAE_0002103>	<http://www.w3.org/2000/01/rdf-schema#seeAlso>	"MedDRA: 10037165"
<http://purl.obolibrary.org/obo/OAE_0002106>	<http://www.w3.org/2000/01/rdf-schema#seeAlso>	"MedDRA: 10031127"
<http://purl.obolibrary.org/obo/OAE_0002109>	<http://www.w3.org/2000/01/rdf-schema#seeAlso>	"MedDRA: 10002199"
<http://purl.obolibrary.org/obo/OAE_0002112>	<http://www.w3.org/2000/01/rdf-schema#seeAlso>	"MedDRA: 10053155"
<http://purl.obolibrary.org/obo/OAE_0002114>	<http://www.w3.org/2000/01/rdf-schema#seeAlso>	"MedDRA: 10071198"
<http://purl.obolibrary.org/obo/OAE_0002116>	<http://www.w3.org/2000/01/rdf-schema#seeAlso>	"MedDRA: 10043648"
<http://purl.obolibrary.org/obo/OAE_0002117>	<http://www.w3.org/2000/01/rdf-schema#seeAlso>	"MedDRA: 10018304"
<http://purl.obolibrary.org/obo/OAE_0002118>	<http://www.w3.org/2000/01/rdf-schema#seeAlso>	"MedDRA: 10002218"
<http://purl.obolibrary.org/obo/OAE_0002119>	<http://www.w3.org/2000/01/rdf-schema#seeAlso>	"MedDRA: 10048908"
<http://purl.obolibrary.org/obo/OAE_0002122>	<http://www.w3.org/2000/01/rdf-schema#seeAlso>	"HPO: HP_0001681"
<http://purl.obolibrary.org/obo/OAE_0002122>	<http://www.w3.org/2000/01/rdf-schema#seeAlso>	"MedDRA: 10002383"
<http://purl.obolibrary.org/obo/OAE_0002122>	<http://www.w3.org/2000/01/rdf-schema#seeAlso>	"SIDER: C0002962"
<http://purl.obolibrary.org/obo/OAE_0002127>	<http://www.w3.org/2000/01/rdf-schema#seeAlso>	"MedDRA: 10047297"
<http://purl.obolibrary.org/obo/OAE_0002129>	<http://www.w3.org/2000/01/rdf-schema#seeAlso>	"MedDRA: 10019243"
<http://purl.obolibrary.org/obo/OAE_0002131>	<http://www.w3.org/2000/01/rdf-schema#seeAlso>	"MedDRA: 10059284"
<http://purl.obolibrary.org/obo/OAE_0002133>	<http://www.w3.org/2000/01/rdf-schema#seeAlso>	"MedDRA: 10037440"
<http://purl.obolibrary.org/obo/OAE_0002134>	<http://www.w3.org/2000/01/rdf-schema#seeAlso>	"MedDRA: 10068617"
<http://purl.obolibrary.org/obo/OAE_0002144>	<http://www.w3.org/2000/01/rdf-schema#seeAlso>	"MedDRA ID: 10000380"
<http://purl.obolibrary.org/obo/OAE_0002145>	<http://www.w3.org/2000/01/rdf-schema#seeAlso>	"MedDRA: 10000128"
<http://purl.obolibrary.org/obo/OAE_0002153>	<http://www.w3.org/2000/01/rdf-schema#seeAlso>	"MedDRA: 10006312"
<http://purl.obolibrary.org/obo/OAE_0002154>	<http://www.w3.org/2000/01/rdf-schema#seeAlso>	"MedDRA: 10049136"
<http://purl.obolibrary.org/obo/OAE_0002173>	<http://www.w3.org/2000/01/rdf-schema#seeAlso>	"MedDRA：10051889"
<http://purl.obolibrary.org/obo/OAE_0002201>	<http://www.w3.org/2000/01/rdf-schema#seeAlso>	"MedDRA: 10023477"
<http://purl.obolibrary.org/obo/OAE_0002202>	<http://www.w3.org/2000/01/rdf-schema#seeAlso>	"MedDRA: 10024870"
<http://purl.obolibrary.org/obo/OAE_0002206>	<http://www.w3.org/2000/01/rdf-schema#seeAlso>	"HPO: HP_0002360"
<http://purl.obolibrary.org/obo/OAE_0002206>	<http://www.w3.org/2000/01/rdf-schema#seeAlso>	"SIDER: C0917801"
<http://purl.obolibrary.org/obo/OAE_0002207>	<http://www.w3.org/2000/01/rdf-schema#seeAlso>	"MedDRA: 10068932"
<http://purl.obolibrary.org/obo/OAE_0002208>	<http://www.w3.org/2000/01/rdf-schema#seeAlso>	"MedDRA: 10066816"
<http://purl.obolibrary.org/obo/OAE_0002209>	<http://www.w3.org/2000/01/rdf-schema#seeAlso>	"MedDRA: 10067969"
<http://purl.obolibrary.org/obo/OAE_0002212>	<http://www.w3.org/2000/01/rdf-schema#seeAlso>	"MedDRA: 10066705"
<http://purl.obolibrary.org/obo/OAE_0002215>	<http://www.w3.org/2000/01/rdf-schema#seeAlso>	"MedDRA: 10036095"
<http://purl.obolibrary.org/obo/OAE_0002216>	<http://www.w3.org/2000/01/rdf-schema#seeAlso>	"MedDRA: 10058185"
<http://purl.obolibrary.org/obo/OAE_0002221>	<http://www.w3.org/2000/01/rdf-schema#seeAlso>	"MedDRA: 10049121"
<http://purl.obolibrary.org/obo/OAE_0002222>	<http://www.w3.org/2000/01/rdf-schema#seeAlso>	"MedDRA: 10039080"
<http://purl.obolibrary.org/obo/OAE_0002223>	<http://www.w3.org/2000/01/rdf-schema#seeAlso>	"MedDRA: 10038848"
<http://purl.obolibrary.org/obo/OAE_0002223>	<http://www.w3.org/2000/01/rdf-schema#seeAlso>	"NCIT: C26874"
<http://purl.obolibrary.org/obo/OAE_0002229>	<http://www.w3.org/2000/01/rdf-schema#seeAlso>	"MedDRA: 10062372"
<http://purl.obolibrary.org/obo/OAE_0002234>	<http://www.w3.org/2000/01/rdf-schema#seeAlso>	"MedDRA: 10044067"
<http://purl.obolibrary.org/obo/OAE_0002238>	<http://www.w3.org/2000/01/rdf-schema#seeAlso>	"MedDRA: 10031125"
<http://purl.obolibrary.org/obo/OAE_0002239>	<http://www.w3.org/2000/01/rdf-schema#seeAlso>	"MedDRA: 10066872"
<http://purl.obolibrary.org/obo/OAE_0002241>	<http://www.w3.org/2000/01/rdf-schema#seeAlso>	"MedDRA: 10023838"
<http://purl.obolibrary.org/obo/OAE_0002242>	<http://www.w3.org/2000/01/rdf-schema#seeAlso>	"MedDRA: 10016769"
<http://purl.obolibrary.org/obo/OAE_0002253>	<http://www.w3.org/2000/01/rdf-schema#seeAlso>	"MedDRA: 10034716"
<http://purl.obolibrary.org/obo/OAE_0002254>	<http://www.w3.org/2000/01/rdf-schema#seeAlso>	"MedDRA: 10048865"
<http://purl.obolibrary.org/obo/OAE_0002257>	<http://www.w3.org/2000/01/rdf-schema#seeAlso>	"UMLS ID: C0859242"
<http://purl.obolibrary.org/obo/OAE_0002258>	<http://www.w3.org/2000/01/rdf-schema#seeAlso>	"MedDRA: 10019491"
<http://purl.obolibrary.org/obo/OAE_0002330>	<http://www.w3.org/2000/01/rdf-schema#seeAlso>	"MedDRA: 10036766"
<http://purl.obolibrary.org/obo/OAE_0002331>	<http://www.w3.org/2000/01/rdf-schema#seeAlso>	"MedDRA: 10000486"
<http://purl.obolibrary.org/obo/OAE_0002331>	<http://www.w3.org/2000/01/rdf-schema#seeAlso>	"MedDRA: 10005706"
<http://purl.obolibrary.org/obo/OAE_0002336>	<http://www.w3.org/2000/01/rdf-schema#seeAlso>	"MedDRA: 10000486"
<http://purl.obolibrary.org/obo/OAE_0002340>	<http://www.w3.org/2000/01/rdf-schema#seeAlso>	"MedDRA: 10014940"
<http://purl.obolibrary.org/obo/OAE_0002343>	<http://www.w3.org/2000/01/rdf-schema#seeAlso>	"MedDRA: 10000891"
<http://purl.obolibrary.org/obo/OAE_0002344>	<http://www.w3.org/2000/01/rdf-schema#seeAlso>	"MedDRA: 10001389"
<http://purl.obolibrary.org/obo/OAE_0002345>	<http://www.w3.org/2000/01/rdf-schema#seeAlso>	"MedDRA ID: 10053552"
<http://purl.obolibrary.org/obo/OAE_0002346>	<http://www.w3.org/2000/01/rdf-schema#seeAlso>	"MedDRA: 10001977"
<http://purl.obolibrary.org/obo/OAE_0002347>	<http://www.w3.org/2000/01/rdf-schema#seeAlso>	"MedDRA: 10002027"
<http://purl.obolibrary.org/obo/OAE_0002348>	<http://www.w3.org/2000/01/rdf-schema#seeAlso>	"MedDRA: 10060938"
<http://purl.obolibrary.org/obo/OAE_0002349>	<http://www.w3.org/2000/01/rdf-schema#seeAlso>	"MedDRA: 10002156"
<http://purl.obolibrary.org/obo/OAE_0002350>	<http://www.w3.org/2000/01/rdf-schema#seeAlso>	"MedDRA: 10054312"
<http://purl.obolibrary.org/obo/OAE_0002351>	<http://www.w3.org/2000/01/rdf-schema#seeAlso>	"MedDRA: 10002368"
<http://purl.obolibrary.org/obo/OAE_0002352>	<http://www.w3.org/2000/01/rdf-schema#seeAlso>	"MedDRA: 10059837"
<http://purl.obolibrary.org/obo/OAE_0002353>	<http://www.w3.org/2000/01/rdf-schema#seeAlso>	"MedDRA: 10054196"
<http://purl.obolibrary.org/obo/OAE_0002354>	<http://www.w3.org/2000/01/rdf-schema#seeAlso>	"MedDRA: 10059245"
<http://purl.obolibrary.org/obo/OAE_0002355>	<http://www.w3.org/2000/01/rdf-schema#seeAlso>	"MedDRA: 10062198"
<http://purl.obolibrary.org/obo/OAE_0002356>	<http://www.w3.org/2000/01/rdf-schema#seeAlso>	"MedDRA: 10054805"
<http://purl.obolibrary.org/obo/OAE_0002357>	<http://www.w3.org/2000/01/rdf-schema#seeAlso>	"MedDRA ID: 10049244"
<http://purl.obolibrary.org/obo/OAE_0002358>	<http://www.w3.org/2000/01/rdf-schema#seeAlso>	"MedDRA: 10002644"
<http://purl.obolibrary.org/obo/OAE_0002359>	<http://www.w3.org/2000/01/rdf-schema#seeAlso>	"MedDRA: 10055228"
<http://purl.obolibrary.org/obo/OAE_0002360>	<http://www.w3.org/2000/01/rdf-schema#seeAlso>	"MedDRA: 10002941"
<http://purl.obolibrary.org/obo/OAE_0002361>	<http://www.w3.org/2000/01/rdf-schema#seeAlso>	"MedDRA: 10002944"
<http://purl.obolibrary.org/obo/OAE_0002361>	<http://www.w3.org/2000/01/rdf-schema#seeAlso>	"MedDRA: 10062552"
<http://purl.obolibrary.org/obo/OAE_0002362>	<http://www.w3.org/2000/01/rdf-schema#seeAlso>	"MedDRA: 10002948"
<http://purl.obolibrary.org/obo/OAE_0002363>	<http://www.w3.org/2000/01/rdf-schema#seeAlso>	"MedDRA: 10049005"
<http://purl.obolibrary.org/obo/OAE_0002364>	<http://www.w3.org/2000/01/rdf-schema#seeAlso>	"MedDRA: 10003074"
<http://purl.obolibrary.org/obo/OAE_0002365>	<http://www.w3.org/2000/01/rdf-schema#seeAlso>	"MedDRA: 10003118"
<http://purl.obolibrary.org/obo/OAE_0002366>	<http://www.w3.org/2000/01/rdf-schema#seeAlso>	"MedDRA: 10003130"
<http://purl.obolibrary.org/obo/OAE_0002367>	<http://www.w3.org/2000/01/rdf-schema#seeAlso>	"MedDRA: 10003225"
<http://purl.obolibrary.org/obo/OAE_0002368>	<http://www.w3.org/2000/01/rdf-schema#seeAlso>	"MedDRA: 10058029"
<http://purl.obolibrary.org/obo/OAE_0002369>	<http://www.w3.org/2000/01/rdf-schema#seeAlso>	"MedDRA: 10003210"
<http://purl.obolibrary.org/obo/OAE_0002370>	<http://www.w3.org/2000/01/rdf-schema#seeAlso>	"MedDRA: 10003601"
<http://purl.obolibrary.org/obo/OAE_0002372>	<http://www.w3.org/2000/01/rdf-schema#seeAlso>	"MedDRA: 10005458\n"
<http://purl.obolibrary.org/obo/OAE_0002373>	<http://www.w3.org/2000/01/rdf-schema#seeAlso>	"MedDRA: 10050245"
<http://purl.obolibrary.org/obo/OAE_0002374>	<http://www.w3.org/2000/01/rdf-schema#seeAlso>	"MedDRA ID: 10005063"
<http://purl.obolibrary.org/obo/OAE_0002375>	<http://www.w3.org/2000/01/rdf-schema#seeAlso>	"MedDRA: 10005159"
<http://purl.obolibrary.org/obo/OAE_0002376>	<http://www.w3.org/2000/01/rdf-schema#seeAlso>	"MedDRA ID: 10005186"
<http://purl.obolibrary.org/obo/OAE_0002377>	<http://www.w3.org/2000/01/rdf-schema#seeAlso>	"MedDRA: 10005457"
<http://purl.obolibrary.org/obo/OAE_0002378>	<http://www.w3.org/2000/01/rdf-schema#seeAlso>	"MedDRA: 10005464\n"
<http://purl.obolibrary.org/obo/OAE_0002380>	<http://www.w3.org/2000/01/rdf-schema#seeAlso>	"MedDRA: 10005591"
<http://purl.obolibrary.org/obo/OAE_0002381>	<http://www.w3.org/2000/01/rdf-schema#seeAlso>	"MedDRA: 10005814"
<http://purl.obolibrary.org/obo/OAE_0002382>	<http://www.w3.org/2000/01/rdf-schema#seeAlso>	"MedDRA: 10002064"
<http://purl.obolibrary.org/obo/OAE_0002383>	<http://www.w3.org/2000/01/rdf-schema#seeAlso>	"MedDRA: 10049470\n"
<http://purl.obolibrary.org/obo/OAE_0002385>	<http://www.w3.org/2000/01/rdf-schema#seeAlso>	"MedDRA: 10051763\n"
<http://purl.obolibrary.org/obo/OAE_0002386>	<http://www.w3.org/2000/01/rdf-schema#seeAlso>	"MedDRA: 10061941\n"
<http://purl.obolibrary.org/obo/OAE_0002387>	<http://www.w3.org/2000/01/rdf-schema#seeAlso>	"MedDRA: 10006074\n"
<http://purl.obolibrary.org/obo/OAE_0002388>	<http://www.w3.org/2000/01/rdf-schema#seeAlso>	"MedDRA: 10049765\n\n"
<http://purl.obolibrary.org/obo/OAE_0002389>	<http://www.w3.org/2000/01/rdf-schema#seeAlso>	"MedDRA: 10006094\n"
<http://purl.obolibrary.org/obo/OAE_0002390>	<http://www.w3.org/2000/01/rdf-schema#seeAlso>	"MedDRA: 10049054\n"
<http://purl.obolibrary.org/obo/OAE_0002391>	<http://www.w3.org/2000/01/rdf-schema#seeAlso>	"MedDRA: 10006126\n"
<http://purl.obolibrary.org/obo/OAE_0002392>	<http://www.w3.org/2000/01/rdf-schema#seeAlso>	"MedDRA: 10067967\n\n"
<http://purl.obolibrary.org/obo/OAE_0002393>	<http://www.w3.org/2000/01/rdf-schema#seeAlso>	"MedDRA: 10052334"
<http://purl.obolibrary.org/obo/OAE_0002393>	<http://www.w3.org/2000/01/rdf-schema#seeAlso>	"MedDRA: 10061019\n"
<http://purl.obolibrary.org/obo/OAE_0002394>	<http://www.w3.org/2000/01/rdf-schema#seeAlso>	"MedDRA: 10061943\n"
<http://purl.obolibrary.org/obo/OAE_0002395>	<http://www.w3.org/2000/01/rdf-schema#seeAlso>	"MedDRA: 10061130"
<http://purl.obolibrary.org/obo/OAE_0002396>	<http://www.w3.org/2000/01/rdf-schema#seeAlso>	"MedDRA: 10019708"
<http://purl.obolibrary.org/obo/OAE_0002397>	<http://www.w3.org/2000/01/rdf-schema#seeAlso>	"MedDRA: 10003285\n"
<http://purl.obolibrary.org/obo/OAE_0002397>	<http://www.w3.org/2000/01/rdf-schema#seeAlso>	"NCIT: C35760"
<http://purl.obolibrary.org/obo/OAE_0002398>	<http://www.w3.org/2000/01/rdf-schema#seeAlso>	"MedDRA: 10004073\n"
<http://purl.obolibrary.org/obo/OAE_0002399>	<http://www.w3.org/2000/01/rdf-schema#seeAlso>	"MedDRA ID: 10037093"
<http://purl.obolibrary.org/obo/OAE_0002400>	<http://www.w3.org/2000/01/rdf-schema#seeAlso>	"MedDRA: 10008612\n"
<http://purl.obolibrary.org/obo/OAE_0002400>	<http://www.w3.org/2000/01/rdf-schema#seeAlso>	"NCIT: C34465"
<http://purl.obolibrary.org/obo/OAE_0002401>	<http://www.w3.org/2000/01/rdf-schema#seeAlso>	"MedDRA: 10008796\n"
<http://purl.obolibrary.org/obo/OAE_0002402>	<http://www.w3.org/2000/01/rdf-schema#seeAlso>	"MedDRA: 10008815\n"
<http://purl.obolibrary.org/obo/OAE_0002403>	<http://www.w3.org/2000/01/rdf-schema#seeAlso>	"MedDRA: 10009802\n"
<http://purl.obolibrary.org/obo/OAE_0002404>	<http://www.w3.org/2000/01/rdf-schema#seeAlso>	"MedDRA: 10010099\n"
<http://purl.obolibrary.org/obo/OAE_0002405>	<http://www.w3.org/2000/01/rdf-schema#seeAlso>	"MedDRA: 10062685"
<http://purl.obolibrary.org/obo/OAE_0002406>	<http://www.w3.org/2000/01/rdf-schema#seeAlso>	"MedDRA: 10011071\n"
<http://purl.obolibrary.org/obo/OAE_0002407>	<http://www.w3.org/2000/01/rdf-schema#seeAlso>	"MedDRA: 10022048"
<http://purl.obolibrary.org/obo/OAE_0002408>	<http://www.w3.org/2000/01/rdf-schema#seeAlso>	"MedDRA: 10011684\n"
<http://purl.obolibrary.org/obo/OAE_0002409>	<http://www.w3.org/2000/01/rdf-schema#seeAlso>	"MedDRA: 10064780"
<http://purl.obolibrary.org/obo/OAE_0002410>	<http://www.w3.org/2000/01/rdf-schema#seeAlso>	"MedDRA: 10064990"
<http://purl.obolibrary.org/obo/OAE_0002411>	<http://www.w3.org/2000/01/rdf-schema#seeAlso>	"MedDRA: 10044652"
<http://purl.obolibrary.org/obo/OAE_0002412>	<http://www.w3.org/2000/01/rdf-schema#seeAlso>	"MedDRA: 10050392"
<http://purl.obolibrary.org/obo/OAE_0002413>	<http://www.w3.org/2000/01/rdf-schema#seeAlso>	"MedDRA: 10062575"
<http://purl.obolibrary.org/obo/OAE_0002414>	<http://www.w3.org/2000/01/rdf-schema#seeAlso>	"MedDRA: 10056696"
<http://purl.obolibrary.org/obo/OAE_0002417>	<http://www.w3.org/2000/01/rdf-schema#seeAlso>	"MedDRA: 10036436"
<http://purl.obolibrary.org/obo/OAE_0002418>	<http://www.w3.org/2000/01/rdf-schema#seeAlso>	"MedDRA: 10051171"
<http://purl.obolibrary.org/obo/OAE_0002419>	<http://www.w3.org/2000/01/rdf-schema#seeAlso>	"MedDRA: 10015995"
<http://purl.obolibrary.org/obo/OAE_0002420>	<http://www.w3.org/2000/01/rdf-schema#seeAlso>	"MedDRA: 10051267"
<http://purl.obolibrary.org/obo/OAE_0002421>	<http://www.w3.org/2000/01/rdf-schema#seeAlso>	"MedDRA: 10027327"
<http://purl.obolibrary.org/obo/OAE_0002422>	<http://www.w3.org/2000/01/rdf-schema#seeAlso>	"MedDRA: 10016807"
<http://purl.obolibrary.org/obo/OAE_0002423>	<http://www.w3.org/2000/01/rdf-schema#seeAlso>	"MedDRA: 10049119"
<http://purl.obolibrary.org/obo/OAE_0002424>	<http://www.w3.org/2000/01/rdf-schema#seeAlso>	"MedDRA: 10014581"
<http://purl.obolibrary.org/obo/OAE_0002425>	<http://www.w3.org/2000/01/rdf-schema#seeAlso>	"MedDRA: 10057668"
<http://purl.obolibrary.org/obo/OAE_0002426>	<http://www.w3.org/2000/01/rdf-schema#seeAlso>	"MedDRA: 10021630"
<http://purl.obolibrary.org/obo/OAE_0002427>	<http://www.w3.org/2000/01/rdf-schema#seeAlso>	"MedDRA: 10051301"
<http://purl.obolibrary.org/obo/OAE_0002428>	<http://www.w3.org/2000/01/rdf-schema#seeAlso>	"MedDRA: 10053615"
<http://purl.obolibrary.org/obo/OAE_0002429>	<http://www.w3.org/2000/01/rdf-schema#seeAlso>	"MedDRA: 10013457"
<http://purl.obolibrary.org/obo/OAE_0002431>	<http://www.w3.org/2000/01/rdf-schema#seeAlso>	"MedDRA: 10028133"
<http://purl.obolibrary.org/obo/OAE_0002432>	<http://www.w3.org/2000/01/rdf-schema#seeAlso>	"MedDRA: 10061811"
<http://purl.obolibrary.org/obo/OAE_0002433>	<http://www.w3.org/2000/01/rdf-schema#seeAlso>	"MedDRA: 10010121"
<http://purl.obolibrary.org/obo/OAE_0002434>	<http://www.w3.org/2000/01/rdf-schema#seeAlso>	"MedDRA: 10043414"
<http://purl.obolibrary.org/obo/OAE_0002436>	<http://www.w3.org/2000/01/rdf-schema#seeAlso>	"MedDRA: 10010145"
<http://purl.obolibrary.org/obo/OAE_0002437>	<http://www.w3.org/2000/01/rdf-schema#seeAlso>	"MedDRA: 10061664"
<http://purl.obolibrary.org/obo/OAE_0002438>	<http://www.w3.org/2000/01/rdf-schema#seeAlso>	"MedDRA: 10006146"
<http://purl.obolibrary.org/obo/OAE_0002439>	<http://www.w3.org/2000/01/rdf-schema#seeAlso>	"MedDRA: 10027339"
<http://purl.obolibrary.org/obo/OAE_0002440>	<http://www.w3.org/2000/01/rdf-schema#seeAlso>	"MedDRA: 10018100"
<http://purl.obolibrary.org/obo/OAE_0002441>	<http://www.w3.org/2000/01/rdf-schema#seeAlso>	"MedDRA: 10036437"
<http://purl.obolibrary.org/obo/OAE_0002443>	<http://www.w3.org/2000/01/rdf-schema#seeAlso>	"MedDRA: 10012305"
<http://purl.obolibrary.org/obo/OAE_0002444>	<http://www.w3.org/2000/01/rdf-schema#seeAlso>	"MedDRA: 10018656"
<http://purl.obolibrary.org/obo/OAE_0002445>	<http://www.w3.org/2000/01/rdf-schema#seeAlso>	"MedDRA: 10038173"
<http://purl.obolibrary.org/obo/OAE_0002446>	<http://www.w3.org/2000/01/rdf-schema#seeAlso>	"MedDRA: 10053805"
<http://purl.obolibrary.org/obo/OAE_0002447>	<http://www.w3.org/2000/01/rdf-schema#seeAlso>	"MedDRA: 10070215"
<http://purl.obolibrary.org/obo/OAE_0002448>	<http://www.w3.org/2000/01/rdf-schema#seeAlso>	"MedDRA: 10029175"
<http://purl.obolibrary.org/obo/OAE_0002449>	<http://www.w3.org/2000/01/rdf-schema#seeAlso>	"MedDRA: 10028602"
<http://purl.obolibrary.org/obo/OAE_0002450>	<http://www.w3.org/2000/01/rdf-schema#seeAlso>	"MedDRA: 10006147"
<http://purl.obolibrary.org/obo/OAE_0002451>	<http://www.w3.org/2000/01/rdf-schema#seeAlso>	"MedDRA: 10006333"
<http://purl.obolibrary.org/obo/OAE_0002452>	<http://www.w3.org/2000/01/rdf-schema#seeAlso>	"MedDRA: 10059027"
<http://purl.obolibrary.org/obo/OAE_0002453>	<http://www.w3.org/2000/01/rdf-schema#seeAlso>	"MedDRA ID: 10048677"
<http://purl.obolibrary.org/obo/OAE_0002454>	<http://www.w3.org/2000/01/rdf-schema#seeAlso>	"MedDRA: 10006938"
<http://purl.obolibrary.org/obo/OAE_0002455>	<http://www.w3.org/2000/01/rdf-schema#seeAlso>	"MedDRA: 10007152"
<http://purl.obolibrary.org/obo/OAE_0002456>	<http://www.w3.org/2000/01/rdf-schema#seeAlso>	"MedDRA: 10007548"
<http://purl.obolibrary.org/obo/OAE_0002457>	<http://www.w3.org/2000/01/rdf-schema#seeAlso>	"MedDRA: 10007556"
<http://purl.obolibrary.org/obo/OAE_0002457>	<http://www.w3.org/2000/01/rdf-schema#seeAlso>	"MedDRA: 10064653"
<http://purl.obolibrary.org/obo/OAE_0002459>	<http://www.w3.org/2000/01/rdf-schema#seeAlso>	"MedDRA: 10007586"
<http://purl.obolibrary.org/obo/OAE_0002460>	<http://www.w3.org/2000/01/rdf-schema#seeAlso>	"MedDRA: 10007776"
<http://purl.obolibrary.org/obo/OAE_0002461>	<http://www.w3.org/2000/01/rdf-schema#seeAlso>	"MedDRA: 10007687"
<http://purl.obolibrary.org/obo/OAE_0002462>	<http://www.w3.org/2000/01/rdf-schema#seeAlso>	"MedDRA ID: 10007918"
<http://purl.obolibrary.org/obo/OAE_0002463>	<http://www.w3.org/2000/01/rdf-schema#seeAlso>	"MedDRA: 10008617"
<http://purl.obolibrary.org/obo/OAE_0002464>	<http://www.w3.org/2000/01/rdf-schema#seeAlso>	"MedDRA: 10051290\n"
<http://purl.obolibrary.org/obo/OAE_0002465>	<http://www.w3.org/2000/01/rdf-schema#seeAlso>	"MedDRA: 10007980"
<http://purl.obolibrary.org/obo/OAE_0002466>	<http://www.w3.org/2000/01/rdf-schema#seeAlso>	"MedDRA: 10054938"
<http://purl.obolibrary.org/obo/OAE_0002467>	<http://www.w3.org/2000/01/rdf-schema#seeAlso>	"MedDRA: 10008118"
<http://purl.obolibrary.org/obo/OAE_0002468>	<http://www.w3.org/2000/01/rdf-schema#seeAlso>	"MedDRA: 10008164"
<http://purl.obolibrary.org/obo/OAE_0002469>	<http://www.w3.org/2000/01/rdf-schema#seeAlso>	"MedDRA: 10008263"
<http://purl.obolibrary.org/obo/OAE_0002470>	<http://www.w3.org/2000/01/rdf-schema#seeAlso>	"MedDRA: 10008303"
<http://purl.obolibrary.org/obo/OAE_0002471>	<http://www.w3.org/2000/01/rdf-schema#seeAlso>	"MedDRA: 10008313"
<http://purl.obolibrary.org/obo/OAE_0002472>	<http://www.w3.org/2000/01/rdf-schema#seeAlso>	"MedDRA: 10008589"
<http://purl.obolibrary.org/obo/OAE_0002473>	<http://www.w3.org/2000/01/rdf-schema#seeAlso>	"MedDRA: 10058112"
<http://purl.obolibrary.org/obo/OAE_0002474>	<http://www.w3.org/2000/01/rdf-schema#seeAlso>	"MedDRA ID: 10008729"
<http://purl.obolibrary.org/obo/OAE_0002477>	<http://www.w3.org/2000/01/rdf-schema#seeAlso>	"MedDRA: 10040703"
<http://purl.obolibrary.org/obo/OAE_0002478>	<http://www.w3.org/2000/01/rdf-schema#seeAlso>	"MedDRA: 10053163"
<http://purl.obolibrary.org/obo/OAE_0002480>	<http://www.w3.org/2000/01/rdf-schema#seeAlso>	"MedDRA: 10010893"
<http://purl.obolibrary.org/obo/OAE_0002481>	<http://www.w3.org/2000/01/rdf-schema#seeAlso>	"MedDRA: 10011076"
<http://purl.obolibrary.org/obo/OAE_0002482>	<http://www.w3.org/2000/01/rdf-schema#seeAlso>	"MedDRA: 10011086"
<http://purl.obolibrary.org/obo/OAE_0002483>	<http://www.w3.org/2000/01/rdf-schema#seeAlso>	"MedDRA: 10011089"
<http://purl.obolibrary.org/obo/OAE_0002484>	<http://www.w3.org/2000/01/rdf-schema#seeAlso>	"MedDRA: 10011376"
<http://purl.obolibrary.org/obo/OAE_0002485>	<http://www.w3.org/2000/01/rdf-schema#seeAlso>	"MedDRA: 10011498"
<http://purl.obolibrary.org/obo/OAE_0002486>	<http://www.w3.org/2000/01/rdf-schema#seeAlso>	"MedDRA: 10011537"
<http://purl.obolibrary.org/obo/OAE_0002487>	<http://www.w3.org/2000/01/rdf-schema#seeAlso>	"MedDRA: 10011643"
<http://purl.obolibrary.org/obo/OAE_0002488>	<http://www.w3.org/2000/01/rdf-schema#seeAlso>	"MedDRA: 10011732"
<http://purl.obolibrary.org/obo/OAE_0002489>	<http://www.w3.org/2000/01/rdf-schema#seeAlso>	"MedDRA: 10010282"
<http://purl.obolibrary.org/obo/OAE_0002490>	<http://www.w3.org/2000/01/rdf-schema#seeAlso>	"MedDRA: 10011900"
<http://purl.obolibrary.org/obo/OAE_0002491>	<http://www.w3.org/2000/01/rdf-schema#seeAlso>	"MedDRA: 10012239"
<http://purl.obolibrary.org/obo/OAE_0002492>	<http://www.w3.org/2000/01/rdf-schema#seeAlso>	"MedDRA: 10012355"
<http://purl.obolibrary.org/obo/OAE_0002493>	<http://www.w3.org/2000/01/rdf-schema#seeAlso>	"MedDRA: 10012559"
<http://purl.obolibrary.org/obo/OAE_0002494>	<http://www.w3.org/2000/01/rdf-schema#seeAlso>	"MedDRA: 10012671"
<http://purl.obolibrary.org/obo/OAE_0002496>	<http://www.w3.org/2000/01/rdf-schema#seeAlso>	"MedDRA: 10061106"
<http://purl.obolibrary.org/obo/OAE_0002497>	<http://www.w3.org/2000/01/rdf-schema#seeAlso>	"MedDRA: 10013033"
<http://purl.obolibrary.org/obo/OAE_0002498>	<http://www.w3.org/2000/01/rdf-schema#seeAlso>	"MedDRA: 10011796"
<http://purl.obolibrary.org/obo/OAE_0002499>	<http://www.w3.org/2000/01/rdf-schema#seeAlso>	"MedDRA: 10013453\n"
<http://purl.obolibrary.org/obo/OAE_0002500>	<http://www.w3.org/2000/01/rdf-schema#seeAlso>	"MedDRA: 10015688"
<http://purl.obolibrary.org/obo/OAE_0002501>	<http://www.w3.org/2000/01/rdf-schema#seeAlso>	"MedDRA: 10015901"
<http://purl.obolibrary.org/obo/OAE_0002502>	<http://www.w3.org/2000/01/rdf-schema#seeAlso>	"MedDRA: 10016662"
<http://purl.obolibrary.org/obo/OAE_0002503>	<http://www.w3.org/2000/01/rdf-schema#seeAlso>	"MedDRA: 10027906"
<http://purl.obolibrary.org/obo/OAE_0002503>	<http://www.w3.org/2000/01/rdf-schema#seeAlso>	"NCIT: C35147"
<http://purl.obolibrary.org/obo/OAE_0002504>	<http://www.w3.org/2000/01/rdf-schema#seeAlso>	"MedDRA: 10018143"
<http://purl.obolibrary.org/obo/OAE_0002505>	<http://www.w3.org/2000/01/rdf-schema#seeAlso>	"MedDRA: 10018735\n"
<http://purl.obolibrary.org/obo/OAE_0002506>	<http://www.w3.org/2000/01/rdf-schema#seeAlso>	"MedDRA: 10018910\n"
<http://purl.obolibrary.org/obo/OAE_0002507>	<http://www.w3.org/2000/01/rdf-schema#seeAlso>	"MedDRA: 10019847"
<http://purl.obolibrary.org/obo/OAE_0002508>	<http://www.w3.org/2000/01/rdf-schema#seeAlso>	"MedDRA: 10020028\n"
<http://purl.obolibrary.org/obo/OAE_0002509>	<http://www.w3.org/2000/01/rdf-schema#seeAlso>	"MedDRA: 10020161\n"
<http://purl.obolibrary.org/obo/OAE_0002509>	<http://www.w3.org/2000/01/rdf-schema#seeAlso>	"NCIT: C3108\n"
<http://purl.obolibrary.org/obo/OAE_0002510>	<http://www.w3.org/2000/01/rdf-schema#seeAlso>	"MedDRA: 10020853\n"
<http://purl.obolibrary.org/obo/OAE_0002511>	<http://www.w3.org/2000/01/rdf-schema#seeAlso>	"MedDRA: 10021135\n"
<http://purl.obolibrary.org/obo/OAE_0002512>	<http://www.w3.org/2000/01/rdf-schema#seeAlso>	"MedDRA: 10021312\n"
<http://purl.obolibrary.org/obo/OAE_0002512>	<http://www.w3.org/2000/01/rdf-schema#seeAlso>	"NCIT: C84782\n"
<http://purl.obolibrary.org/obo/OAE_0002513>	<http://www.w3.org/2000/01/rdf-schema#seeAlso>	"MedDRA: 10023204\n"
<http://purl.obolibrary.org/obo/OAE_0002514>	<http://www.w3.org/2000/01/rdf-schema#seeAlso>	"MedDRA: 10023320\n"
<http://purl.obolibrary.org/obo/OAE_0002514>	<http://www.w3.org/2000/01/rdf-schema#seeAlso>	"NCIT: C34825\n"
<http://purl.obolibrary.org/obo/OAE_0002515>	<http://www.w3.org/2000/01/rdf-schema#seeAlso>	"MedDRA: 10024652\n"
<http://purl.obolibrary.org/obo/OAE_0002515>	<http://www.w3.org/2000/01/rdf-schema#seeAlso>	"NCIT: C99089\n"
<http://purl.obolibrary.org/obo/OAE_0002516>	<http://www.w3.org/2000/01/rdf-schema#seeAlso>	"MedDRA: 10024728\n"
<http://purl.obolibrary.org/obo/OAE_0002517>	<http://www.w3.org/2000/01/rdf-schema#seeAlso>	"MedDRA: 10025226\n"
<http://purl.obolibrary.org/obo/OAE_0002518>	<http://www.w3.org/2000/01/rdf-schema#seeAlso>	"MedDRA: 10025487\n"
<http://purl.obolibrary.org/obo/OAE_0002518>	<http://www.w3.org/2000/01/rdf-schema#seeAlso>	"NCIT: C34797\n"
<http://purl.obolibrary.org/obo/OAE_0002519>	<http://www.w3.org/2000/01/rdf-schema#seeAlso>	"MedDRA: 10027417\n"
<http://purl.obolibrary.org/obo/OAE_0002519>	<http://www.w3.org/2000/01/rdf-schema#seeAlso>	"NCIT: C28228\n"
<http://purl.obolibrary.org/obo/OAE_0002520>	<http://www.w3.org/2000/01/rdf-schema#seeAlso>	"MedDRA: 10028140"
<http://purl.obolibrary.org/obo/OAE_0002521>	<http://www.w3.org/2000/01/rdf-schema#seeAlso>	"MedDRA: 10028335"
<http://purl.obolibrary.org/obo/OAE_0002522>	<http://www.w3.org/2000/01/rdf-schema#seeAlso>	"MedDRA: 10001052"
<http://purl.obolibrary.org/obo/OAE_0002522>	<http://www.w3.org/2000/01/rdf-schema#seeAlso>	"NCIT: C27560"
<http://purl.obolibrary.org/obo/OAE_0002523>	<http://www.w3.org/2000/01/rdf-schema#seeAlso>	"MedDRA: 10029379"
<http://purl.obolibrary.org/obo/OAE_0002523>	<http://www.w3.org/2000/01/rdf-schema#seeAlso>	"NCIT: C35164"
<http://purl.obolibrary.org/obo/OAE_0002524>	<http://www.w3.org/2000/01/rdf-schema#seeAlso>	"MedDRA: 10031064"
<http://purl.obolibrary.org/obo/OAE_0002524>	<http://www.w3.org/2000/01/rdf-schema#seeAlso>	"NCIT: C97145"
<http://purl.obolibrary.org/obo/OAE_0002525>	<http://www.w3.org/2000/01/rdf-schema#seeAlso>	"MedDRA: 10031149"
<http://purl.obolibrary.org/obo/OAE_0002526>	<http://www.w3.org/2000/01/rdf-schema#seeAlso>	"MedDRA: 10031248"
<http://purl.obolibrary.org/obo/OAE_0002526>	<http://www.w3.org/2000/01/rdf-schema#seeAlso>	"NCIT: C50681"
<http://purl.obolibrary.org/obo/OAE_0002527>	<http://www.w3.org/2000/01/rdf-schema#seeAlso>	"MedDRA: 10033557"
<http://purl.obolibrary.org/obo/OAE_0002528>	<http://www.w3.org/2000/01/rdf-schema#seeAlso>	"MedDRA: 10033733"
<http://purl.obolibrary.org/obo/OAE_0002529>	<http://www.w3.org/2000/01/rdf-schema#seeAlso>	"MedDRA: 10034038"
<http://purl.obolibrary.org/obo/OAE_0002530>	<http://www.w3.org/2000/01/rdf-schema#seeAlso>	"MedDRA: 10034336"
<http://purl.obolibrary.org/obo/OAE_0002531>	<http://www.w3.org/2000/01/rdf-schema#seeAlso>	"MedDRA: 10034674"
<http://purl.obolibrary.org/obo/OAE_0002531>	<http://www.w3.org/2000/01/rdf-schema#seeAlso>	"NCIT: C26849"
<http://purl.obolibrary.org/obo/OAE_0002533>	<http://www.w3.org/2000/01/rdf-schema#seeAlso>	"MedDRA: 10036030"
<http://purl.obolibrary.org/obo/OAE_0002534>	<http://www.w3.org/2000/01/rdf-schema#seeAlso>	"MedDRA: 10036956"
<http://purl.obolibrary.org/obo/OAE_0002535>	<http://www.w3.org/2000/01/rdf-schema#seeAlso>	"MedDRA: 10037108"
<http://purl.obolibrary.org/obo/OAE_0002536>	<http://www.w3.org/2000/01/rdf-schema#seeAlso>	"MedDRA: 10037632"
<http://purl.obolibrary.org/obo/OAE_0002537>	<http://www.w3.org/2000/01/rdf-schema#seeAlso>	"MedDRA: 10037686"
<http://purl.obolibrary.org/obo/OAE_0002538>	<http://www.w3.org/2000/01/rdf-schema#seeAlso>	"MedDRA: 10037868"
<http://purl.obolibrary.org/obo/OAE_0002538>	<http://www.w3.org/2000/01/rdf-schema#seeAlso>	"NCIT: C75579"
<http://purl.obolibrary.org/obo/OAE_0002539>	<http://www.w3.org/2000/01/rdf-schema#seeAlso>	"MedDRA: 10037870"
<http://purl.obolibrary.org/obo/OAE_0002540>	<http://www.w3.org/2000/01/rdf-schema#seeAlso>	"MedDRA: 10037898"
<http://purl.obolibrary.org/obo/OAE_0002541>	<http://www.w3.org/2000/01/rdf-schema#seeAlso>	"MedDRA: 10038792"
<http://purl.obolibrary.org/obo/OAE_0002542>	<http://www.w3.org/2000/01/rdf-schema#seeAlso>	"MedDRA: 10001022"
<http://purl.obolibrary.org/obo/OAE_0002543>	<http://www.w3.org/2000/01/rdf-schema#seeAlso>	"MedDRA: 10038933"
<http://purl.obolibrary.org/obo/OAE_0002544>	<http://www.w3.org/2000/01/rdf-schema#seeAlso>	"MedDRA: 10039580"
<http://purl.obolibrary.org/obo/OAE_0002544>	<http://www.w3.org/2000/01/rdf-schema#seeAlso>	"NCIT: C34483"
<http://purl.obolibrary.org/obo/OAE_0002545>	<http://www.w3.org/2000/01/rdf-schema#seeAlso>	"MedDRA: 10039710"
<http://purl.obolibrary.org/obo/OAE_0002545>	<http://www.w3.org/2000/01/rdf-schema#seeAlso>	"NCIT: C26746"
<http://purl.obolibrary.org/obo/OAE_0002546>	<http://www.w3.org/2000/01/rdf-schema#seeAlso>	"MedDRA: 10039755"
<http://purl.obolibrary.org/obo/OAE_0002547>	<http://www.w3.org/2000/01/rdf-schema#seeAlso>	"MedDRA: 10040799"
<http://purl.obolibrary.org/obo/OAE_0002547>	<http://www.w3.org/2000/01/rdf-schema#seeAlso>	"NCIT: C35163"
<http://purl.obolibrary.org/obo/OAE_0002548>	<http://www.w3.org/2000/01/rdf-schema#seeAlso>	"MedDRA ID: 10040825"
<http://purl.obolibrary.org/obo/OAE_0002549>	<http://www.w3.org/2000/01/rdf-schema#seeAlso>	"MedDRA ID: 10040868"
<http://purl.obolibrary.org/obo/OAE_0002549>	<http://www.w3.org/2000/01/rdf-schema#seeAlso>	"http://en.wikipedia.org/wiki/Hypopigmentation"
<http://purl.obolibrary.org/obo/OAE_0002550>	<http://www.w3.org/2000/01/rdf-schema#seeAlso>	"MedDRA: 10041633"
<http://purl.obolibrary.org/obo/OAE_0002551>	<http://www.w3.org/2000/01/rdf-schema#seeAlso>	"MedDRA: 10001541"
<http://purl.obolibrary.org/obo/OAE_0002553>	<http://www.w3.org/2000/01/rdf-schema#seeAlso>	"MedDRA: 10061323"
<http://purl.obolibrary.org/obo/OAE_0002554>	<http://www.w3.org/2000/01/rdf-schema#seeAlso>	"MedDRA: 10060701"
<http://purl.obolibrary.org/obo/OAE_0002555>	<http://www.w3.org/2000/01/rdf-schema#seeAlso>	"MedDRA: 10068250"
<http://purl.obolibrary.org/obo/OAE_0002556>	<http://www.w3.org/2000/01/rdf-schema#seeAlso>	"MedDRA: 10068249"
<http://purl.obolibrary.org/obo/OAE_0002560>	<http://www.w3.org/2000/01/rdf-schema#seeAlso>	"MedDRA: 10012680"
<http://purl.obolibrary.org/obo/OAE_0002562>	<http://www.w3.org/2000/01/rdf-schema#seeAlso>	"MedDRA: 10041917"
<http://purl.obolibrary.org/obo/OAE_0002563>	<http://www.w3.org/2000/01/rdf-schema#seeAlso>	"MedDRA: 10042159"
<http://purl.obolibrary.org/obo/OAE_0002564>	<http://www.w3.org/2000/01/rdf-schema#seeAlso>	"MedDRA: 10043189"
<http://purl.obolibrary.org/obo/OAE_0002564>	<http://www.w3.org/2000/01/rdf-schema#seeAlso>	"NCIT: C28194"
<http://purl.obolibrary.org/obo/OAE_0002565>	<http://www.w3.org/2000/01/rdf-schema#seeAlso>	"MedDRA：10044684"
<http://purl.obolibrary.org/obo/OAE_0002565>	<http://www.w3.org/2000/01/rdf-schema#seeAlso>	"NCIT: C78651"
<http://purl.obolibrary.org/obo/OAE_0002566>	<http://www.w3.org/2000/01/rdf-schema#seeAlso>	"MedDRA: 10045275"
<http://purl.obolibrary.org/obo/OAE_0002566>	<http://www.w3.org/2000/01/rdf-schema#seeAlso>	"NCIT: C35089"
<http://purl.obolibrary.org/obo/OAE_0002567>	<http://www.w3.org/2000/01/rdf-schema#seeAlso>	"MedDRA: 10046480"
<http://purl.obolibrary.org/obo/OAE_0002568>	<http://www.w3.org/2000/01/rdf-schema#seeAlso>	"MedDRA: 10047642"
<http://purl.obolibrary.org/obo/OAE_0002568>	<http://www.w3.org/2000/01/rdf-schema#seeAlso>	"NCIT: C26915"
<http://purl.obolibrary.org/obo/OAE_0002570>	<http://www.w3.org/2000/01/rdf-schema#seeAlso>	"MedDRA:10049188"
<http://purl.obolibrary.org/obo/OAE_0002571>	<http://www.w3.org/2000/01/rdf-schema#seeAlso>	"MedDRA: 10049428"
<http://purl.obolibrary.org/obo/OAE_0002572>	<http://www.w3.org/2000/01/rdf-schema#seeAlso>	"MedDRA: 10051066"
<http://purl.obolibrary.org/obo/OAE_0002573>	<http://www.w3.org/2000/01/rdf-schema#seeAlso>	"MedDRA: 10051723"
<http://purl.obolibrary.org/obo/OAE_0002574>	<http://www.w3.org/2000/01/rdf-schema#seeAlso>	"MedDRA: 10051894"
<http://purl.obolibrary.org/obo/OAE_0002575>	<http://www.w3.org/2000/01/rdf-schema#seeAlso>	"MedDRA: 10052428"
<http://purl.obolibrary.org/obo/OAE_0002576>	<http://www.w3.org/2000/01/rdf-schema#seeAlso>	"MedDRA: 10053583"
<http://purl.obolibrary.org/obo/OAE_0002578>	<http://www.w3.org/2000/01/rdf-schema#seeAlso>	"MedDRA: 10053648"
<http://purl.obolibrary.org/obo/OAE_0002579>	<http://www.w3.org/2000/01/rdf-schema#seeAlso>	"MedDRA: 10056367"
<http://purl.obolibrary.org/obo/OAE_0002581>	<http://www.w3.org/2000/01/rdf-schema#seeAlso>	"MedDRA: 10058878"
<http://purl.obolibrary.org/obo/OAE_0002582>	<http://www.w3.org/2000/01/rdf-schema#seeAlso>	"MedDRA: 10021015"
<http://purl.obolibrary.org/obo/OAE_0002583>	<http://www.w3.org/2000/01/rdf-schema#seeAlso>	"MedDRA: 10059981"
<http://purl.obolibrary.org/obo/OAE_0002584>	<http://www.w3.org/2000/01/rdf-schema#seeAlso>	"MedDRA: 10061325"
<http://purl.obolibrary.org/obo/OAE_0002584>	<http://www.w3.org/2000/01/rdf-schema#seeAlso>	"NCIT: C8989"
<http://purl.obolibrary.org/obo/OAE_0002585>	<http://www.w3.org/2000/01/rdf-schema#seeAlso>	"MedDRA: 10061338"
<http://purl.obolibrary.org/obo/OAE_0002586>	<http://www.w3.org/2000/01/rdf-schema#seeAlso>	"MedDRA: 10061344"
<http://purl.obolibrary.org/obo/OAE_0002586>	<http://www.w3.org/2000/01/rdf-schema#seeAlso>	"NCIT: C3322"
<http://purl.obolibrary.org/obo/OAE_0002588>	<http://www.w3.org/2000/01/rdf-schema#seeAlso>	"MedDRA: 10062207"
<http://purl.obolibrary.org/obo/OAE_0002588>	<http://www.w3.org/2000/01/rdf-schema#seeAlso>	"NCIT: C26831"
<http://purl.obolibrary.org/obo/OAE_0002589>	<http://www.w3.org/2000/01/rdf-schema#seeAlso>	"MedDRA: 10065275"
<http://purl.obolibrary.org/obo/OAE_0002590>	<http://www.w3.org/2000/01/rdf-schema#seeAlso>	"MedDRA: 10069097"
<http://purl.obolibrary.org/obo/OAE_0002590>	<http://www.w3.org/2000/01/rdf-schema#seeAlso>	"NCIT: C61240"
<http://purl.obolibrary.org/obo/OAE_0002592>	<http://www.w3.org/2000/01/rdf-schema#seeAlso>	"NCIT: C14312"
<http://purl.obolibrary.org/obo/UBERON_0000478>	<http://www.w3.org/2000/01/rdf-schema#seeAlso>	<http://purl.obolibrary.org/obo/FBbt_00005835>
<http://purl.obolibrary.org/obo/UBREL_0000001>	<http://www.w3.org/2000/01/rdf-schema#seeAlso>	<http://purl.obolibrary.org/obo/SIO_000652>
<http://purl.obolibrary.org/obo/bfo.owl>	<http://www.w3.org/2000/01/rdf-schema#isDefinedBy>	<http://bfo.googlecode.com/svn/trunk/src/ontology/owl-group/specification/>
<http://purl.obolibrary.org/obo/bfo.owl>	<http://www.w3.org/2000/01/rdf-schema#isDefinedBy>	<http://purl.obolibrary.org/obo/bfo/2012-07-20/Reference>
<http://purl.obolibrary.org/obo/bfo.owl>	<http://www.w3.org/2000/01/rdf-schema#isDefinedBy>	<http://purl.obolibrary.org/obo/bfo/2014-05-03/ReleaseNotes>
<http://purl.obolibrary.org/obo/bfo.owl>	<http://www.w3.org/2000/01/rdf-schema#isDefinedBy>	<http://purl.obolibrary.org/obo/bfo/dev/bfo.clif>
<http://purl.obolibrary.org/obo/bfo.owl>	<http://www.w3.org/2000/01/rdf-schema#seeAlso>	<http://bfo.googlecode.com/svn/trunk/src/tools/>
<http://purl.obolibrary.org/obo/bfo.owl>	<http://www.w3.org/2000/01/rdf-schema#seeAlso>	<http://groups.google.com/group/bfo-devel>
<http://purl.obolibrary.org/obo/bfo.owl>	<http://www.w3.org/2000/01/rdf-schema#seeAlso>	<http://groups.google.com/group/bfo-discuss>
<http://purl.obolibrary.org/obo/bfo.owl>	<http://www.w3.org/2000/01/rdf-schema#seeAlso>	<http://groups.google.com/group/bfo-owl-devel>
<http://purl.obolibrary.org/obo/bfo.owl>	<http://www.w3.org/2000/01/rdf-schema#seeAlso>	<http://purl.obolibrary.org/obo/bfo/dev/owl>
<http://purl.obolibrary.org/obo/iao/dev/ontology-metadata.owl>	<http://www.w3.org/2002/07/owl#versionInfo>	"$Revision$"@en
<http://purl.org/dc/elements/1.1/contributor>	<http://www.w3.org/2000/01/rdf-schema#isDefinedBy>	<http://purl.org/dc/elements/1.1/>
<http://purl.org/dc/elements/1.1/coverage>	<http://www.w3.org/2000/01/rdf-schema#isDefinedBy>	<http://purl.org/dc/elements/1.1/>
<http://purl.org/dc/elements/1.1/creator>	<http://www.w3.org/2000/01/rdf-schema#isDefinedBy>	<http://purl.org/dc/elements/1.1/>
<http://purl.org/dc/elements/1.1/date>	<http://www.w3.org/2000/01/rdf-schema#isDefinedBy>	<http://purl.org/dc/elements/1.1/>
<http://purl.org/dc/elements/1.1/description>	<http://www.w3.org/2000/01/rdf-schema#isDefinedBy>	<http://purl.org/dc/elements/1.1/>
<http://purl.org/dc/elements/1.1/format>	<http://www.w3.org/2000/01/rdf-schema#isDefinedBy>	<http://purl.org/dc/elements/1.1/>
<http://purl.org/dc/elements/1.1/identifier>	<http://www.w3.org/2000/01/rdf-schema#isDefinedBy>	<http://purl.org/dc/elements/1.1/>
<http://purl.org/dc/elements/1.1/language>	<http://www.w3.org/2000/01/rdf-schema#isDefinedBy>	<http://purl.org/dc/elements/1.1/>
<http://purl.org/dc/elements/1.1/publisher>	<http://www.w3.org/2000/01/rdf-schema#isDefinedBy>	<http://purl.org/dc/elements/1.1/>
<http://purl.org/dc/elements/1.1/relation>	<http://www.w3.org/2000/01/rdf-schema#isDefinedBy>	<http://purl.org/dc/elements/1.1/>
<http://purl.org/dc/elements/1.1/rights>	<http://www.w3.org/2000/01/rdf-schema#isDefinedBy>	<http://purl.org/dc/elements/1.1/>
<http://purl.org/dc/elements/1.1/source>	<http://www.w3.org/2000/01/rdf-schema#isDefinedBy>	<http://purl.org/dc/elements/1.1/>
<http://purl.org/dc/elements/1.1/subject>	<http://www.w3.org/2000/01/rdf-schema#isDefinedBy>	<http://purl.org/dc/elements/1.1/>
<http://purl.org/dc/elements/1.1/title>	<http://www.w3.org/2000/01/rdf-schema#isDefinedBy>	<http://purl.org/dc/elements/1.1/>
<http://purl.org/dc/elements/1.1/type>	<http://www.w3.org/2000/01/rdf-schema#isDefinedBy>	<http://purl.org/dc/elements/1.1/>
<http://www.w3.org/2004/02/skos/core#altLabel>	<http://www.w3.org/2000/01/rdf-schema#isDefinedBy>	<http://www.w3.org/2004/02/skos/core>
<http://www.w3.org/2004/02/skos/core#changeNote>	<http://www.w3.org/2000/01/rdf-schema#isDefinedBy>	<http://www.w3.org/2004/02/skos/core>
<http://www.w3.org/2004/02/skos/core#definition>	<http://www.w3.org/2000/01/rdf-schema#isDefinedBy>	<http://www.w3.org/2004/02/skos/core>
<http://www.w3.org/2004/02/skos/core#editorialNote>	<http://www.w3.org/2000/01/rdf-schema#isDefinedBy>	<http://www.w3.org/2004/02/skos/core>
<http://www.w3.org/2004/02/skos/core#example>	<http://www.w3.org/2000/01/rdf-schema#isDefinedBy>	<http://www.w3.org/2004/02/skos/core>
<http://www.w3.org/2004/02/skos/core#hiddenLabel>	<http://www.w3.org/2000/01/rdf-schema#isDefinedBy>	<http://www.w3.org/2004/02/skos/core>
<http://www.w3.org/2004/02/skos/core#historyNote>	<http://www.w3.org/2000/01/rdf-schema#isDefinedBy>	<http://www.w3.org/2004/02/skos/core>
<http://www.w3.org/2004/02/skos/core#note>	<http://www.w3.org/2000/01/rdf-schema#isDefinedBy>	<http://www.w3.org/2004/02/skos/core>
<http://www.w3.org/2004/02/skos/core#prefLabel>	<http://www.w3.org/2000/01/rdf-schema#isDefinedBy>	<http://www.w3.org/2004/02/skos/core>
<http://www.w3.org/2004/02/skos/core#scopeNote>	<http://www.w3.org/2000/01/rdf-schema#isDefinedBy>	<http://www.w3.org/2004/02/skos/core>
